S_N,S_T,basin_label
-0.16762532913397538,-0.05654999277700273,2
-0.16762532913397538,-0.049770331760053584,2
-0.16762532913397538,-0.04299067074310443,2
-0.16762532913397538,-0.03621100972615528,2
-0.16762532913397538,-0.02943134870920612,2
-0.16762532913397538,-0.022651687692256967,2
-0.16762532913397538,-0.015872026675307817,2
-0.16762532913397538,-0.009092365658358663,2
-0.16762532913397538,-0.0023127046414095098,2
-0.16762532913397538,0.004466956375539643,2
-0.16762532913397538,0.011246617392488795,2
-0.16762532913397538,0.01802627840943795,2
-0.16762532913397538,0.024805939426387102,2
-0.16762532913397538,0.031585600443336255,2
-0.16762532913397538,0.038365261460285405,2
-0.16762532913397538,0.04514492247723456,2
-0.16762532913397538,0.05192458349418371,2
-0.16762532913397538,0.05870424451113287,2
-0.16762532913397538,0.06548390552808202,2
-0.16762532913397538,0.07226356654503117,2
-0.16762532913397538,0.07904322756198033,2
-0.16762532913397538,0.08582288857892947,2
-0.16762532913397538,0.09260254959587863,2
-0.16762532913397538,0.09938221061282779,2
-0.16762532913397538,0.10616187162977693,2
-0.16762532913397538,0.11294153264672609,2
-0.16762532913397538,0.11972119366367524,2
-0.16762532913397538,0.12650085468062439,2
-0.16762532913397538,0.13328051569757354,2
-0.16762532913397538,0.1400601767145227,2
-0.16762532913397538,0.14683983773147186,2
-0.16762532913397538,0.153619498748421,2
-0.16762532913397538,0.16039915976537017,2
-0.16762532913397538,0.16717882078231933,2
-0.16762532913397538,0.17395848179926846,2
-0.16762532913397538,0.1807381428162176,2
-0.16762532913397538,0.18751780383316677,2
-0.16762532913397538,0.19429746485011593,2
-0.16762532913397538,0.20107712586706508,2
-0.16762532913397538,0.20785678688401424,2
-0.16762532913397538,0.2146364479009634,2
-0.16762532913397538,0.22141610891791252,2
-0.16762532913397538,0.22819576993486168,2
-0.16762532913397538,0.23497543095181084,2
-0.16762532913397538,0.24175509196876,2
-0.16762532913397538,0.24853475298570915,2
-0.16762532913397538,0.2553144140026583,2
-0.16762532913397538,0.26209407501960746,2
-0.16762532913397538,0.2688737360365566,2
-0.16762532913397538,0.2756533970535058,2
-0.16762532913397538,0.28243305807045493,2
-0.16762532913397538,0.2892127190874041,2
-0.16762532913397538,0.2959923801043532,2
-0.16762532913397538,0.30277204112130235,2
-0.16762532913397538,0.3095517021382515,2
-0.16762532913397538,0.31633136315520066,2
-0.16762532913397538,0.3231110241721498,2
-0.16762532913397538,0.329890685189099,2
-0.16762532913397538,0.33667034620604813,2
-0.16762532913397538,0.3434500072229973,2
-0.16084566811702622,-0.05654999277700273,2
-0.16084566811702622,-0.049770331760053584,2
-0.16084566811702622,-0.04299067074310443,2
-0.16084566811702622,-0.03621100972615528,2
-0.16084566811702622,-0.02943134870920612,2
-0.16084566811702622,-0.022651687692256967,2
-0.16084566811702622,-0.015872026675307817,2
-0.16084566811702622,-0.009092365658358663,2
-0.16084566811702622,-0.0023127046414095098,2
-0.16084566811702622,0.004466956375539643,2
-0.16084566811702622,0.011246617392488795,2
-0.16084566811702622,0.01802627840943795,2
-0.16084566811702622,0.024805939426387102,2
-0.16084566811702622,0.031585600443336255,2
-0.16084566811702622,0.038365261460285405,2
-0.16084566811702622,0.04514492247723456,2
-0.16084566811702622,0.05192458349418371,2
-0.16084566811702622,0.05870424451113287,2
-0.16084566811702622,0.06548390552808202,2
-0.16084566811702622,0.07226356654503117,2
-0.16084566811702622,0.07904322756198033,2
-0.16084566811702622,0.08582288857892947,2
-0.16084566811702622,0.09260254959587863,2
-0.16084566811702622,0.09938221061282779,2
-0.16084566811702622,0.10616187162977693,2
-0.16084566811702622,0.11294153264672609,2
-0.16084566811702622,0.11972119366367524,2
-0.16084566811702622,0.12650085468062439,2
-0.16084566811702622,0.13328051569757354,2
-0.16084566811702622,0.1400601767145227,2
-0.16084566811702622,0.14683983773147186,2
-0.16084566811702622,0.153619498748421,2
-0.16084566811702622,0.16039915976537017,2
-0.16084566811702622,0.16717882078231933,2
-0.16084566811702622,0.17395848179926846,2
-0.16084566811702622,0.1807381428162176,2
-0.16084566811702622,0.18751780383316677,2
-0.16084566811702622,0.19429746485011593,2
-0.16084566811702622,0.20107712586706508,2
-0.16084566811702622,0.20785678688401424,2
-0.16084566811702622,0.2146364479009634,2
-0.16084566811702622,0.22141610891791252,2
-0.16084566811702622,0.22819576993486168,2
-0.16084566811702622,0.23497543095181084,2
-0.16084566811702622,0.24175509196876,2
-0.16084566811702622,0.24853475298570915,2
-0.16084566811702622,0.2553144140026583,2
-0.16084566811702622,0.26209407501960746,2
-0.16084566811702622,0.2688737360365566,2
-0.16084566811702622,0.2756533970535058,2
-0.16084566811702622,0.28243305807045493,2
-0.16084566811702622,0.2892127190874041,2
-0.16084566811702622,0.2959923801043532,2
-0.16084566811702622,0.30277204112130235,2
-0.16084566811702622,0.3095517021382515,2
-0.16084566811702622,0.31633136315520066,2
-0.16084566811702622,0.3231110241721498,2
-0.16084566811702622,0.329890685189099,2
-0.16084566811702622,0.33667034620604813,2
-0.16084566811702622,0.3434500072229973,2
-0.15406600710007706,-0.05654999277700273,2
-0.15406600710007706,-0.049770331760053584,2
-0.15406600710007706,-0.04299067074310443,2
-0.15406600710007706,-0.03621100972615528,2
-0.15406600710007706,-0.02943134870920612,2
-0.15406600710007706,-0.022651687692256967,2
-0.15406600710007706,-0.015872026675307817,2
-0.15406600710007706,-0.009092365658358663,2
-0.15406600710007706,-0.0023127046414095098,2
-0.15406600710007706,0.004466956375539643,2
-0.15406600710007706,0.011246617392488795,2
-0.15406600710007706,0.01802627840943795,2
-0.15406600710007706,0.024805939426387102,2
-0.15406600710007706,0.031585600443336255,2
-0.15406600710007706,0.038365261460285405,2
-0.15406600710007706,0.04514492247723456,2
-0.15406600710007706,0.05192458349418371,2
-0.15406600710007706,0.05870424451113287,2
-0.15406600710007706,0.06548390552808202,2
-0.15406600710007706,0.07226356654503117,2
-0.15406600710007706,0.07904322756198033,2
-0.15406600710007706,0.08582288857892947,2
-0.15406600710007706,0.09260254959587863,2
-0.15406600710007706,0.09938221061282779,2
-0.15406600710007706,0.10616187162977693,2
-0.15406600710007706,0.11294153264672609,2
-0.15406600710007706,0.11972119366367524,2
-0.15406600710007706,0.12650085468062439,2
-0.15406600710007706,0.13328051569757354,2
-0.15406600710007706,0.1400601767145227,2
-0.15406600710007706,0.14683983773147186,2
-0.15406600710007706,0.153619498748421,2
-0.15406600710007706,0.16039915976537017,2
-0.15406600710007706,0.16717882078231933,2
-0.15406600710007706,0.17395848179926846,2
-0.15406600710007706,0.1807381428162176,2
-0.15406600710007706,0.18751780383316677,2
-0.15406600710007706,0.19429746485011593,2
-0.15406600710007706,0.20107712586706508,2
-0.15406600710007706,0.20785678688401424,2
-0.15406600710007706,0.2146364479009634,2
-0.15406600710007706,0.22141610891791252,2
-0.15406600710007706,0.22819576993486168,2
-0.15406600710007706,0.23497543095181084,2
-0.15406600710007706,0.24175509196876,2
-0.15406600710007706,0.24853475298570915,2
-0.15406600710007706,0.2553144140026583,2
-0.15406600710007706,0.26209407501960746,2
-0.15406600710007706,0.2688737360365566,2
-0.15406600710007706,0.2756533970535058,2
-0.15406600710007706,0.28243305807045493,2
-0.15406600710007706,0.2892127190874041,2
-0.15406600710007706,0.2959923801043532,2
-0.15406600710007706,0.30277204112130235,2
-0.15406600710007706,0.3095517021382515,2
-0.15406600710007706,0.31633136315520066,2
-0.15406600710007706,0.3231110241721498,2
-0.15406600710007706,0.329890685189099,2
-0.15406600710007706,0.33667034620604813,2
-0.15406600710007706,0.3434500072229973,2
-0.1472863460831279,-0.05654999277700273,2
-0.1472863460831279,-0.049770331760053584,2
-0.1472863460831279,-0.04299067074310443,2
-0.1472863460831279,-0.03621100972615528,2
-0.1472863460831279,-0.02943134870920612,2
-0.1472863460831279,-0.022651687692256967,2
-0.1472863460831279,-0.015872026675307817,2
-0.1472863460831279,-0.009092365658358663,2
-0.1472863460831279,-0.0023127046414095098,2
-0.1472863460831279,0.004466956375539643,2
-0.1472863460831279,0.011246617392488795,2
-0.1472863460831279,0.01802627840943795,2
-0.1472863460831279,0.024805939426387102,2
-0.1472863460831279,0.031585600443336255,2
-0.1472863460831279,0.038365261460285405,2
-0.1472863460831279,0.04514492247723456,2
-0.1472863460831279,0.05192458349418371,2
-0.1472863460831279,0.05870424451113287,2
-0.1472863460831279,0.06548390552808202,2
-0.1472863460831279,0.07226356654503117,2
-0.1472863460831279,0.07904322756198033,2
-0.1472863460831279,0.08582288857892947,2
-0.1472863460831279,0.09260254959587863,2
-0.1472863460831279,0.09938221061282779,2
-0.1472863460831279,0.10616187162977693,2
-0.1472863460831279,0.11294153264672609,2
-0.1472863460831279,0.11972119366367524,2
-0.1472863460831279,0.12650085468062439,2
-0.1472863460831279,0.13328051569757354,2
-0.1472863460831279,0.1400601767145227,2
-0.1472863460831279,0.14683983773147186,2
-0.1472863460831279,0.153619498748421,2
-0.1472863460831279,0.16039915976537017,2
-0.1472863460831279,0.16717882078231933,2
-0.1472863460831279,0.17395848179926846,2
-0.1472863460831279,0.1807381428162176,2
-0.1472863460831279,0.18751780383316677,2
-0.1472863460831279,0.19429746485011593,2
-0.1472863460831279,0.20107712586706508,2
-0.1472863460831279,0.20785678688401424,2
-0.1472863460831279,0.2146364479009634,2
-0.1472863460831279,0.22141610891791252,2
-0.1472863460831279,0.22819576993486168,2
-0.1472863460831279,0.23497543095181084,2
-0.1472863460831279,0.24175509196876,2
-0.1472863460831279,0.24853475298570915,2
-0.1472863460831279,0.2553144140026583,2
-0.1472863460831279,0.26209407501960746,2
-0.1472863460831279,0.2688737360365566,2
-0.1472863460831279,0.2756533970535058,2
-0.1472863460831279,0.28243305807045493,2
-0.1472863460831279,0.2892127190874041,2
-0.1472863460831279,0.2959923801043532,2
-0.1472863460831279,0.30277204112130235,2
-0.1472863460831279,0.3095517021382515,2
-0.1472863460831279,0.31633136315520066,2
-0.1472863460831279,0.3231110241721498,2
-0.1472863460831279,0.329890685189099,2
-0.1472863460831279,0.33667034620604813,2
-0.1472863460831279,0.3434500072229973,2
-0.14050668506617878,-0.05654999277700273,2
-0.14050668506617878,-0.049770331760053584,2
-0.14050668506617878,-0.04299067074310443,2
-0.14050668506617878,-0.03621100972615528,2
-0.14050668506617878,-0.02943134870920612,2
-0.14050668506617878,-0.022651687692256967,2
-0.14050668506617878,-0.015872026675307817,2
-0.14050668506617878,-0.009092365658358663,2
-0.14050668506617878,-0.0023127046414095098,2
-0.14050668506617878,0.004466956375539643,2
-0.14050668506617878,0.011246617392488795,2
-0.14050668506617878,0.01802627840943795,2
-0.14050668506617878,0.024805939426387102,2
-0.14050668506617878,0.031585600443336255,2
-0.14050668506617878,0.038365261460285405,2
-0.14050668506617878,0.04514492247723456,2
-0.14050668506617878,0.05192458349418371,2
-0.14050668506617878,0.05870424451113287,2
-0.14050668506617878,0.06548390552808202,2
-0.14050668506617878,0.07226356654503117,2
-0.14050668506617878,0.07904322756198033,2
-0.14050668506617878,0.08582288857892947,2
-0.14050668506617878,0.09260254959587863,2
-0.14050668506617878,0.09938221061282779,2
-0.14050668506617878,0.10616187162977693,2
-0.14050668506617878,0.11294153264672609,2
-0.14050668506617878,0.11972119366367524,2
-0.14050668506617878,0.12650085468062439,2
-0.14050668506617878,0.13328051569757354,2
-0.14050668506617878,0.1400601767145227,2
-0.14050668506617878,0.14683983773147186,2
-0.14050668506617878,0.153619498748421,2
-0.14050668506617878,0.16039915976537017,2
-0.14050668506617878,0.16717882078231933,2
-0.14050668506617878,0.17395848179926846,2
-0.14050668506617878,0.1807381428162176,2
-0.14050668506617878,0.18751780383316677,2
-0.14050668506617878,0.19429746485011593,2
-0.14050668506617878,0.20107712586706508,2
-0.14050668506617878,0.20785678688401424,2
-0.14050668506617878,0.2146364479009634,2
-0.14050668506617878,0.22141610891791252,2
-0.14050668506617878,0.22819576993486168,2
-0.14050668506617878,0.23497543095181084,2
-0.14050668506617878,0.24175509196876,2
-0.14050668506617878,0.24853475298570915,2
-0.14050668506617878,0.2553144140026583,2
-0.14050668506617878,0.26209407501960746,2
-0.14050668506617878,0.2688737360365566,2
-0.14050668506617878,0.2756533970535058,2
-0.14050668506617878,0.28243305807045493,2
-0.14050668506617878,0.2892127190874041,2
-0.14050668506617878,0.2959923801043532,2
-0.14050668506617878,0.30277204112130235,2
-0.14050668506617878,0.3095517021382515,2
-0.14050668506617878,0.31633136315520066,2
-0.14050668506617878,0.3231110241721498,2
-0.14050668506617878,0.329890685189099,2
-0.14050668506617878,0.33667034620604813,2
-0.14050668506617878,0.3434500072229973,2
-0.13372702404922962,-0.05654999277700273,2
-0.13372702404922962,-0.049770331760053584,2
-0.13372702404922962,-0.04299067074310443,2
-0.13372702404922962,-0.03621100972615528,2
-0.13372702404922962,-0.02943134870920612,2
-0.13372702404922962,-0.022651687692256967,2
-0.13372702404922962,-0.015872026675307817,2
-0.13372702404922962,-0.009092365658358663,2
-0.13372702404922962,-0.0023127046414095098,2
-0.13372702404922962,0.004466956375539643,2
-0.13372702404922962,0.011246617392488795,2
-0.13372702404922962,0.01802627840943795,2
-0.13372702404922962,0.024805939426387102,2
-0.13372702404922962,0.031585600443336255,2
-0.13372702404922962,0.038365261460285405,2
-0.13372702404922962,0.04514492247723456,2
-0.13372702404922962,0.05192458349418371,2
-0.13372702404922962,0.05870424451113287,2
-0.13372702404922962,0.06548390552808202,2
-0.13372702404922962,0.07226356654503117,2
-0.13372702404922962,0.07904322756198033,2
-0.13372702404922962,0.08582288857892947,2
-0.13372702404922962,0.09260254959587863,2
-0.13372702404922962,0.09938221061282779,2
-0.13372702404922962,0.10616187162977693,2
-0.13372702404922962,0.11294153264672609,2
-0.13372702404922962,0.11972119366367524,2
-0.13372702404922962,0.12650085468062439,2
-0.13372702404922962,0.13328051569757354,2
-0.13372702404922962,0.1400601767145227,2
-0.13372702404922962,0.14683983773147186,2
-0.13372702404922962,0.153619498748421,2
-0.13372702404922962,0.16039915976537017,2
-0.13372702404922962,0.16717882078231933,2
-0.13372702404922962,0.17395848179926846,2
-0.13372702404922962,0.1807381428162176,2
-0.13372702404922962,0.18751780383316677,2
-0.13372702404922962,0.19429746485011593,2
-0.13372702404922962,0.20107712586706508,2
-0.13372702404922962,0.20785678688401424,2
-0.13372702404922962,0.2146364479009634,2
-0.13372702404922962,0.22141610891791252,2
-0.13372702404922962,0.22819576993486168,2
-0.13372702404922962,0.23497543095181084,2
-0.13372702404922962,0.24175509196876,2
-0.13372702404922962,0.24853475298570915,2
-0.13372702404922962,0.2553144140026583,2
-0.13372702404922962,0.26209407501960746,2
-0.13372702404922962,0.2688737360365566,2
-0.13372702404922962,0.2756533970535058,2
-0.13372702404922962,0.28243305807045493,2
-0.13372702404922962,0.2892127190874041,2
-0.13372702404922962,0.2959923801043532,2
-0.13372702404922962,0.30277204112130235,2
-0.13372702404922962,0.3095517021382515,2
-0.13372702404922962,0.31633136315520066,2
-0.13372702404922962,0.3231110241721498,2
-0.13372702404922962,0.329890685189099,2
-0.13372702404922962,0.33667034620604813,2
-0.13372702404922962,0.3434500072229973,2
-0.12694736303228046,-0.05654999277700273,2
-0.12694736303228046,-0.049770331760053584,2
-0.12694736303228046,-0.04299067074310443,2
-0.12694736303228046,-0.03621100972615528,2
-0.12694736303228046,-0.02943134870920612,2
-0.12694736303228046,-0.022651687692256967,2
-0.12694736303228046,-0.015872026675307817,2
-0.12694736303228046,-0.009092365658358663,2
-0.12694736303228046,-0.0023127046414095098,2
-0.12694736303228046,0.004466956375539643,2
-0.12694736303228046,0.011246617392488795,2
-0.12694736303228046,0.01802627840943795,2
-0.12694736303228046,0.024805939426387102,2
-0.12694736303228046,0.031585600443336255,2
-0.12694736303228046,0.038365261460285405,2
-0.12694736303228046,0.04514492247723456,2
-0.12694736303228046,0.05192458349418371,2
-0.12694736303228046,0.05870424451113287,2
-0.12694736303228046,0.06548390552808202,2
-0.12694736303228046,0.07226356654503117,2
-0.12694736303228046,0.07904322756198033,2
-0.12694736303228046,0.08582288857892947,2
-0.12694736303228046,0.09260254959587863,2
-0.12694736303228046,0.09938221061282779,2
-0.12694736303228046,0.10616187162977693,2
-0.12694736303228046,0.11294153264672609,2
-0.12694736303228046,0.11972119366367524,2
-0.12694736303228046,0.12650085468062439,2
-0.12694736303228046,0.13328051569757354,2
-0.12694736303228046,0.1400601767145227,2
-0.12694736303228046,0.14683983773147186,2
-0.12694736303228046,0.153619498748421,2
-0.12694736303228046,0.16039915976537017,2
-0.12694736303228046,0.16717882078231933,2
-0.12694736303228046,0.17395848179926846,2
-0.12694736303228046,0.1807381428162176,2
-0.12694736303228046,0.18751780383316677,2
-0.12694736303228046,0.19429746485011593,2
-0.12694736303228046,0.20107712586706508,2
-0.12694736303228046,0.20785678688401424,2
-0.12694736303228046,0.2146364479009634,2
-0.12694736303228046,0.22141610891791252,2
-0.12694736303228046,0.22819576993486168,2
-0.12694736303228046,0.23497543095181084,2
-0.12694736303228046,0.24175509196876,2
-0.12694736303228046,0.24853475298570915,2
-0.12694736303228046,0.2553144140026583,2
-0.12694736303228046,0.26209407501960746,2
-0.12694736303228046,0.2688737360365566,2
-0.12694736303228046,0.2756533970535058,2
-0.12694736303228046,0.28243305807045493,2
-0.12694736303228046,0.2892127190874041,2
-0.12694736303228046,0.2959923801043532,2
-0.12694736303228046,0.30277204112130235,2
-0.12694736303228046,0.3095517021382515,2
-0.12694736303228046,0.31633136315520066,2
-0.12694736303228046,0.3231110241721498,2
-0.12694736303228046,0.329890685189099,2
-0.12694736303228046,0.33667034620604813,2
-0.12694736303228046,0.3434500072229973,2
-0.1201677020153313,-0.05654999277700273,2
-0.1201677020153313,-0.049770331760053584,2
-0.1201677020153313,-0.04299067074310443,2
-0.1201677020153313,-0.03621100972615528,2
-0.1201677020153313,-0.02943134870920612,2
-0.1201677020153313,-0.022651687692256967,2
-0.1201677020153313,-0.015872026675307817,2
-0.1201677020153313,-0.009092365658358663,2
-0.1201677020153313,-0.0023127046414095098,2
-0.1201677020153313,0.004466956375539643,2
-0.1201677020153313,0.011246617392488795,2
-0.1201677020153313,0.01802627840943795,2
-0.1201677020153313,0.024805939426387102,2
-0.1201677020153313,0.031585600443336255,2
-0.1201677020153313,0.038365261460285405,2
-0.1201677020153313,0.04514492247723456,2
-0.1201677020153313,0.05192458349418371,2
-0.1201677020153313,0.05870424451113287,2
-0.1201677020153313,0.06548390552808202,2
-0.1201677020153313,0.07226356654503117,2
-0.1201677020153313,0.07904322756198033,2
-0.1201677020153313,0.08582288857892947,2
-0.1201677020153313,0.09260254959587863,2
-0.1201677020153313,0.09938221061282779,2
-0.1201677020153313,0.10616187162977693,2
-0.1201677020153313,0.11294153264672609,2
-0.1201677020153313,0.11972119366367524,2
-0.1201677020153313,0.12650085468062439,2
-0.1201677020153313,0.13328051569757354,2
-0.1201677020153313,0.1400601767145227,2
-0.1201677020153313,0.14683983773147186,2
-0.1201677020153313,0.153619498748421,2
-0.1201677020153313,0.16039915976537017,2
-0.1201677020153313,0.16717882078231933,2
-0.1201677020153313,0.17395848179926846,2
-0.1201677020153313,0.1807381428162176,2
-0.1201677020153313,0.18751780383316677,2
-0.1201677020153313,0.19429746485011593,2
-0.1201677020153313,0.20107712586706508,2
-0.1201677020153313,0.20785678688401424,2
-0.1201677020153313,0.2146364479009634,2
-0.1201677020153313,0.22141610891791252,2
-0.1201677020153313,0.22819576993486168,2
-0.1201677020153313,0.23497543095181084,2
-0.1201677020153313,0.24175509196876,2
-0.1201677020153313,0.24853475298570915,2
-0.1201677020153313,0.2553144140026583,2
-0.1201677020153313,0.26209407501960746,2
-0.1201677020153313,0.2688737360365566,2
-0.1201677020153313,0.2756533970535058,2
-0.1201677020153313,0.28243305807045493,2
-0.1201677020153313,0.2892127190874041,2
-0.1201677020153313,0.2959923801043532,2
-0.1201677020153313,0.30277204112130235,2
-0.1201677020153313,0.3095517021382515,2
-0.1201677020153313,0.31633136315520066,2
-0.1201677020153313,0.3231110241721498,2
-0.1201677020153313,0.329890685189099,2
-0.1201677020153313,0.33667034620604813,2
-0.1201677020153313,0.3434500072229973,2
-0.11338804099838215,-0.05654999277700273,2
-0.11338804099838215,-0.049770331760053584,2
-0.11338804099838215,-0.04299067074310443,2
-0.11338804099838215,-0.03621100972615528,2
-0.11338804099838215,-0.02943134870920612,2
-0.11338804099838215,-0.022651687692256967,2
-0.11338804099838215,-0.015872026675307817,2
-0.11338804099838215,-0.009092365658358663,2
-0.11338804099838215,-0.0023127046414095098,2
-0.11338804099838215,0.004466956375539643,2
-0.11338804099838215,0.011246617392488795,2
-0.11338804099838215,0.01802627840943795,2
-0.11338804099838215,0.024805939426387102,2
-0.11338804099838215,0.031585600443336255,2
-0.11338804099838215,0.038365261460285405,2
-0.11338804099838215,0.04514492247723456,2
-0.11338804099838215,0.05192458349418371,2
-0.11338804099838215,0.05870424451113287,2
-0.11338804099838215,0.06548390552808202,2
-0.11338804099838215,0.07226356654503117,2
-0.11338804099838215,0.07904322756198033,2
-0.11338804099838215,0.08582288857892947,2
-0.11338804099838215,0.09260254959587863,2
-0.11338804099838215,0.09938221061282779,2
-0.11338804099838215,0.10616187162977693,2
-0.11338804099838215,0.11294153264672609,2
-0.11338804099838215,0.11972119366367524,2
-0.11338804099838215,0.12650085468062439,2
-0.11338804099838215,0.13328051569757354,2
-0.11338804099838215,0.1400601767145227,2
-0.11338804099838215,0.14683983773147186,2
-0.11338804099838215,0.153619498748421,2
-0.11338804099838215,0.16039915976537017,2
-0.11338804099838215,0.16717882078231933,2
-0.11338804099838215,0.17395848179926846,2
-0.11338804099838215,0.1807381428162176,2
-0.11338804099838215,0.18751780383316677,2
-0.11338804099838215,0.19429746485011593,2
-0.11338804099838215,0.20107712586706508,2
-0.11338804099838215,0.20785678688401424,2
-0.11338804099838215,0.2146364479009634,2
-0.11338804099838215,0.22141610891791252,2
-0.11338804099838215,0.22819576993486168,2
-0.11338804099838215,0.23497543095181084,2
-0.11338804099838215,0.24175509196876,2
-0.11338804099838215,0.24853475298570915,2
-0.11338804099838215,0.2553144140026583,2
-0.11338804099838215,0.26209407501960746,2
-0.11338804099838215,0.2688737360365566,2
-0.11338804099838215,0.2756533970535058,2
-0.11338804099838215,0.28243305807045493,2
-0.11338804099838215,0.2892127190874041,2
-0.11338804099838215,0.2959923801043532,2
-0.11338804099838215,0.30277204112130235,2
-0.11338804099838215,0.3095517021382515,2
-0.11338804099838215,0.31633136315520066,2
-0.11338804099838215,0.3231110241721498,2
-0.11338804099838215,0.329890685189099,2
-0.11338804099838215,0.33667034620604813,2
-0.11338804099838215,0.3434500072229973,2
-0.106608379981433,-0.05654999277700273,2
-0.106608379981433,-0.049770331760053584,2
-0.106608379981433,-0.04299067074310443,2
-0.106608379981433,-0.03621100972615528,2
-0.106608379981433,-0.02943134870920612,2
-0.106608379981433,-0.022651687692256967,2
-0.106608379981433,-0.015872026675307817,2
-0.106608379981433,-0.009092365658358663,2
-0.106608379981433,-0.0023127046414095098,2
-0.106608379981433,0.004466956375539643,2
-0.106608379981433,0.011246617392488795,2
-0.106608379981433,0.01802627840943795,2
-0.106608379981433,0.024805939426387102,2
-0.106608379981433,0.031585600443336255,2
-0.106608379981433,0.038365261460285405,2
-0.106608379981433,0.04514492247723456,2
-0.106608379981433,0.05192458349418371,2
-0.106608379981433,0.05870424451113287,2
-0.106608379981433,0.06548390552808202,2
-0.106608379981433,0.07226356654503117,2
-0.106608379981433,0.07904322756198033,2
-0.106608379981433,0.08582288857892947,2
-0.106608379981433,0.09260254959587863,2
-0.106608379981433,0.09938221061282779,2
-0.106608379981433,0.10616187162977693,2
-0.106608379981433,0.11294153264672609,2
-0.106608379981433,0.11972119366367524,2
-0.106608379981433,0.12650085468062439,2
-0.106608379981433,0.13328051569757354,2
-0.106608379981433,0.1400601767145227,2
-0.106608379981433,0.14683983773147186,2
-0.106608379981433,0.153619498748421,2
-0.106608379981433,0.16039915976537017,2
-0.106608379981433,0.16717882078231933,2
-0.106608379981433,0.17395848179926846,2
-0.106608379981433,0.1807381428162176,2
-0.106608379981433,0.18751780383316677,2
-0.106608379981433,0.19429746485011593,2
-0.106608379981433,0.20107712586706508,2
-0.106608379981433,0.20785678688401424,2
-0.106608379981433,0.2146364479009634,2
-0.106608379981433,0.22141610891791252,2
-0.106608379981433,0.22819576993486168,2
-0.106608379981433,0.23497543095181084,2
-0.106608379981433,0.24175509196876,2
-0.106608379981433,0.24853475298570915,2
-0.106608379981433,0.2553144140026583,2
-0.106608379981433,0.26209407501960746,2
-0.106608379981433,0.2688737360365566,2
-0.106608379981433,0.2756533970535058,2
-0.106608379981433,0.28243305807045493,2
-0.106608379981433,0.2892127190874041,2
-0.106608379981433,0.2959923801043532,2
-0.106608379981433,0.30277204112130235,2
-0.106608379981433,0.3095517021382515,2
-0.106608379981433,0.31633136315520066,2
-0.106608379981433,0.3231110241721498,2
-0.106608379981433,0.329890685189099,2
-0.106608379981433,0.33667034620604813,2
-0.106608379981433,0.3434500072229973,2
-0.09982871896448385,-0.05654999277700273,2
-0.09982871896448385,-0.049770331760053584,2
-0.09982871896448385,-0.04299067074310443,2
-0.09982871896448385,-0.03621100972615528,2
-0.09982871896448385,-0.02943134870920612,2
-0.09982871896448385,-0.022651687692256967,2
-0.09982871896448385,-0.015872026675307817,2
-0.09982871896448385,-0.009092365658358663,2
-0.09982871896448385,-0.0023127046414095098,2
-0.09982871896448385,0.004466956375539643,2
-0.09982871896448385,0.011246617392488795,2
-0.09982871896448385,0.01802627840943795,2
-0.09982871896448385,0.024805939426387102,2
-0.09982871896448385,0.031585600443336255,2
-0.09982871896448385,0.038365261460285405,2
-0.09982871896448385,0.04514492247723456,2
-0.09982871896448385,0.05192458349418371,2
-0.09982871896448385,0.05870424451113287,2
-0.09982871896448385,0.06548390552808202,2
-0.09982871896448385,0.07226356654503117,2
-0.09982871896448385,0.07904322756198033,2
-0.09982871896448385,0.08582288857892947,2
-0.09982871896448385,0.09260254959587863,2
-0.09982871896448385,0.09938221061282779,2
-0.09982871896448385,0.10616187162977693,2
-0.09982871896448385,0.11294153264672609,2
-0.09982871896448385,0.11972119366367524,2
-0.09982871896448385,0.12650085468062439,2
-0.09982871896448385,0.13328051569757354,2
-0.09982871896448385,0.1400601767145227,2
-0.09982871896448385,0.14683983773147186,2
-0.09982871896448385,0.153619498748421,2
-0.09982871896448385,0.16039915976537017,2
-0.09982871896448385,0.16717882078231933,2
-0.09982871896448385,0.17395848179926846,2
-0.09982871896448385,0.1807381428162176,2
-0.09982871896448385,0.18751780383316677,2
-0.09982871896448385,0.19429746485011593,2
-0.09982871896448385,0.20107712586706508,2
-0.09982871896448385,0.20785678688401424,2
-0.09982871896448385,0.2146364479009634,2
-0.09982871896448385,0.22141610891791252,2
-0.09982871896448385,0.22819576993486168,2
-0.09982871896448385,0.23497543095181084,2
-0.09982871896448385,0.24175509196876,2
-0.09982871896448385,0.24853475298570915,2
-0.09982871896448385,0.2553144140026583,2
-0.09982871896448385,0.26209407501960746,2
-0.09982871896448385,0.2688737360365566,2
-0.09982871896448385,0.2756533970535058,2
-0.09982871896448385,0.28243305807045493,2
-0.09982871896448385,0.2892127190874041,2
-0.09982871896448385,0.2959923801043532,2
-0.09982871896448385,0.30277204112130235,2
-0.09982871896448385,0.3095517021382515,2
-0.09982871896448385,0.31633136315520066,2
-0.09982871896448385,0.3231110241721498,2
-0.09982871896448385,0.329890685189099,2
-0.09982871896448385,0.33667034620604813,2
-0.09982871896448385,0.3434500072229973,2
-0.0930490579475347,-0.05654999277700273,2
-0.0930490579475347,-0.049770331760053584,2
-0.0930490579475347,-0.04299067074310443,2
-0.0930490579475347,-0.03621100972615528,2
-0.0930490579475347,-0.02943134870920612,2
-0.0930490579475347,-0.022651687692256967,2
-0.0930490579475347,-0.015872026675307817,2
-0.0930490579475347,-0.009092365658358663,2
-0.0930490579475347,-0.0023127046414095098,2
-0.0930490579475347,0.004466956375539643,2
-0.0930490579475347,0.011246617392488795,2
-0.0930490579475347,0.01802627840943795,2
-0.0930490579475347,0.024805939426387102,2
-0.0930490579475347,0.031585600443336255,2
-0.0930490579475347,0.038365261460285405,2
-0.0930490579475347,0.04514492247723456,2
-0.0930490579475347,0.05192458349418371,2
-0.0930490579475347,0.05870424451113287,2
-0.0930490579475347,0.06548390552808202,2
-0.0930490579475347,0.07226356654503117,2
-0.0930490579475347,0.07904322756198033,2
-0.0930490579475347,0.08582288857892947,2
-0.0930490579475347,0.09260254959587863,2
-0.0930490579475347,0.09938221061282779,2
-0.0930490579475347,0.10616187162977693,2
-0.0930490579475347,0.11294153264672609,2
-0.0930490579475347,0.11972119366367524,2
-0.0930490579475347,0.12650085468062439,2
-0.0930490579475347,0.13328051569757354,2
-0.0930490579475347,0.1400601767145227,2
-0.0930490579475347,0.14683983773147186,2
-0.0930490579475347,0.153619498748421,2
-0.0930490579475347,0.16039915976537017,2
-0.0930490579475347,0.16717882078231933,2
-0.0930490579475347,0.17395848179926846,2
-0.0930490579475347,0.1807381428162176,2
-0.0930490579475347,0.18751780383316677,2
-0.0930490579475347,0.19429746485011593,2
-0.0930490579475347,0.20107712586706508,2
-0.0930490579475347,0.20785678688401424,2
-0.0930490579475347,0.2146364479009634,2
-0.0930490579475347,0.22141610891791252,2
-0.0930490579475347,0.22819576993486168,2
-0.0930490579475347,0.23497543095181084,2
-0.0930490579475347,0.24175509196876,2
-0.0930490579475347,0.24853475298570915,2
-0.0930490579475347,0.2553144140026583,2
-0.0930490579475347,0.26209407501960746,2
-0.0930490579475347,0.2688737360365566,2
-0.0930490579475347,0.2756533970535058,2
-0.0930490579475347,0.28243305807045493,2
-0.0930490579475347,0.2892127190874041,2
-0.0930490579475347,0.2959923801043532,2
-0.0930490579475347,0.30277204112130235,1
-0.0930490579475347,0.3095517021382515,1
-0.0930490579475347,0.31633136315520066,1
-0.0930490579475347,0.3231110241721498,1
-0.0930490579475347,0.329890685189099,1
-0.0930490579475347,0.33667034620604813,1
-0.0930490579475347,0.3434500072229973,1
-0.08626939693058554,-0.05654999277700273,2
-0.08626939693058554,-0.049770331760053584,2
-0.08626939693058554,-0.04299067074310443,2
-0.08626939693058554,-0.03621100972615528,2
-0.08626939693058554,-0.02943134870920612,2
-0.08626939693058554,-0.022651687692256967,2
-0.08626939693058554,-0.015872026675307817,2
-0.08626939693058554,-0.009092365658358663,2
-0.08626939693058554,-0.0023127046414095098,2
-0.08626939693058554,0.004466956375539643,2
-0.08626939693058554,0.011246617392488795,2
-0.08626939693058554,0.01802627840943795,2
-0.08626939693058554,0.024805939426387102,2
-0.08626939693058554,0.031585600443336255,2
-0.08626939693058554,0.038365261460285405,2
-0.08626939693058554,0.04514492247723456,2
-0.08626939693058554,0.05192458349418371,2
-0.08626939693058554,0.05870424451113287,2
-0.08626939693058554,0.06548390552808202,2
-0.08626939693058554,0.07226356654503117,2
-0.08626939693058554,0.07904322756198033,2
-0.08626939693058554,0.08582288857892947,2
-0.08626939693058554,0.09260254959587863,2
-0.08626939693058554,0.09938221061282779,2
-0.08626939693058554,0.10616187162977693,2
-0.08626939693058554,0.11294153264672609,2
-0.08626939693058554,0.11972119366367524,2
-0.08626939693058554,0.12650085468062439,2
-0.08626939693058554,0.13328051569757354,2
-0.08626939693058554,0.1400601767145227,2
-0.08626939693058554,0.14683983773147186,2
-0.08626939693058554,0.153619498748421,2
-0.08626939693058554,0.16039915976537017,2
-0.08626939693058554,0.16717882078231933,2
-0.08626939693058554,0.17395848179926846,2
-0.08626939693058554,0.1807381428162176,2
-0.08626939693058554,0.18751780383316677,2
-0.08626939693058554,0.19429746485011593,2
-0.08626939693058554,0.20107712586706508,2
-0.08626939693058554,0.20785678688401424,2
-0.08626939693058554,0.2146364479009634,2
-0.08626939693058554,0.22141610891791252,2
-0.08626939693058554,0.22819576993486168,2
-0.08626939693058554,0.23497543095181084,2
-0.08626939693058554,0.24175509196876,2
-0.08626939693058554,0.24853475298570915,2
-0.08626939693058554,0.2553144140026583,1
-0.08626939693058554,0.26209407501960746,1
-0.08626939693058554,0.2688737360365566,1
-0.08626939693058554,0.2756533970535058,1
-0.08626939693058554,0.28243305807045493,1
-0.08626939693058554,0.2892127190874041,1
-0.08626939693058554,0.2959923801043532,1
-0.08626939693058554,0.30277204112130235,1
-0.08626939693058554,0.3095517021382515,1
-0.08626939693058554,0.31633136315520066,1
-0.08626939693058554,0.3231110241721498,1
-0.08626939693058554,0.329890685189099,1
-0.08626939693058554,0.33667034620604813,1
-0.08626939693058554,0.3434500072229973,1
-0.0794897359136364,-0.05654999277700273,2
-0.0794897359136364,-0.049770331760053584,2
-0.0794897359136364,-0.04299067074310443,2
-0.0794897359136364,-0.03621100972615528,2
-0.0794897359136364,-0.02943134870920612,2
-0.0794897359136364,-0.022651687692256967,2
-0.0794897359136364,-0.015872026675307817,2
-0.0794897359136364,-0.009092365658358663,2
-0.0794897359136364,-0.0023127046414095098,2
-0.0794897359136364,0.004466956375539643,2
-0.0794897359136364,0.011246617392488795,2
-0.0794897359136364,0.01802627840943795,2
-0.0794897359136364,0.024805939426387102,2
-0.0794897359136364,0.031585600443336255,2
-0.0794897359136364,0.038365261460285405,2
-0.0794897359136364,0.04514492247723456,2
-0.0794897359136364,0.05192458349418371,2
-0.0794897359136364,0.05870424451113287,2
-0.0794897359136364,0.06548390552808202,2
-0.0794897359136364,0.07226356654503117,2
-0.0794897359136364,0.07904322756198033,2
-0.0794897359136364,0.08582288857892947,2
-0.0794897359136364,0.09260254959587863,2
-0.0794897359136364,0.09938221061282779,2
-0.0794897359136364,0.10616187162977693,2
-0.0794897359136364,0.11294153264672609,2
-0.0794897359136364,0.11972119366367524,2
-0.0794897359136364,0.12650085468062439,2
-0.0794897359136364,0.13328051569757354,2
-0.0794897359136364,0.1400601767145227,2
-0.0794897359136364,0.14683983773147186,2
-0.0794897359136364,0.153619498748421,2
-0.0794897359136364,0.16039915976537017,2
-0.0794897359136364,0.16717882078231933,2
-0.0794897359136364,0.17395848179926846,2
-0.0794897359136364,0.1807381428162176,2
-0.0794897359136364,0.18751780383316677,2
-0.0794897359136364,0.19429746485011593,2
-0.0794897359136364,0.20107712586706508,2
-0.0794897359136364,0.20785678688401424,1
-0.0794897359136364,0.2146364479009634,1
-0.0794897359136364,0.22141610891791252,1
-0.0794897359136364,0.22819576993486168,1
-0.0794897359136364,0.23497543095181084,1
-0.0794897359136364,0.24175509196876,1
-0.0794897359136364,0.24853475298570915,1
-0.0794897359136364,0.2553144140026583,1
-0.0794897359136364,0.26209407501960746,1
-0.0794897359136364,0.2688737360365566,1
-0.0794897359136364,0.2756533970535058,1
-0.0794897359136364,0.28243305807045493,1
-0.0794897359136364,0.2892127190874041,1
-0.0794897359136364,0.2959923801043532,1
-0.0794897359136364,0.30277204112130235,1
-0.0794897359136364,0.3095517021382515,1
-0.0794897359136364,0.31633136315520066,1
-0.0794897359136364,0.3231110241721498,1
-0.0794897359136364,0.329890685189099,1
-0.0794897359136364,0.33667034620604813,1
-0.0794897359136364,0.3434500072229973,1
-0.07271007489668724,-0.05654999277700273,2
-0.07271007489668724,-0.049770331760053584,2
-0.07271007489668724,-0.04299067074310443,2
-0.07271007489668724,-0.03621100972615528,2
-0.07271007489668724,-0.02943134870920612,2
-0.07271007489668724,-0.022651687692256967,2
-0.07271007489668724,-0.015872026675307817,2
-0.07271007489668724,-0.009092365658358663,2
-0.07271007489668724,-0.0023127046414095098,2
-0.07271007489668724,0.004466956375539643,2
-0.07271007489668724,0.011246617392488795,2
-0.07271007489668724,0.01802627840943795,2
-0.07271007489668724,0.024805939426387102,2
-0.07271007489668724,0.031585600443336255,2
-0.07271007489668724,0.038365261460285405,2
-0.07271007489668724,0.04514492247723456,2
-0.07271007489668724,0.05192458349418371,2
-0.07271007489668724,0.05870424451113287,2
-0.07271007489668724,0.06548390552808202,2
-0.07271007489668724,0.07226356654503117,2
-0.07271007489668724,0.07904322756198033,2
-0.07271007489668724,0.08582288857892947,2
-0.07271007489668724,0.09260254959587863,2
-0.07271007489668724,0.09938221061282779,2
-0.07271007489668724,0.10616187162977693,2
-0.07271007489668724,0.11294153264672609,2
-0.07271007489668724,0.11972119366367524,2
-0.07271007489668724,0.12650085468062439,2
-0.07271007489668724,0.13328051569757354,2
-0.07271007489668724,0.1400601767145227,2
-0.07271007489668724,0.14683983773147186,2
-0.07271007489668724,0.153619498748421,2
-0.07271007489668724,0.16039915976537017,2
-0.07271007489668724,0.16717882078231933,2
-0.07271007489668724,0.17395848179926846,1
-0.07271007489668724,0.1807381428162176,1
-0.07271007489668724,0.18751780383316677,1
-0.07271007489668724,0.19429746485011593,1
-0.07271007489668724,0.20107712586706508,1
-0.07271007489668724,0.20785678688401424,1
-0.07271007489668724,0.2146364479009634,1
-0.07271007489668724,0.22141610891791252,1
-0.07271007489668724,0.22819576993486168,1
-0.07271007489668724,0.23497543095181084,1
-0.07271007489668724,0.24175509196876,1
-0.07271007489668724,0.24853475298570915,1
-0.07271007489668724,0.2553144140026583,1
-0.07271007489668724,0.26209407501960746,1
-0.07271007489668724,0.2688737360365566,1
-0.07271007489668724,0.2756533970535058,1
-0.07271007489668724,0.28243305807045493,1
-0.07271007489668724,0.2892127190874041,1
-0.07271007489668724,0.2959923801043532,1
-0.07271007489668724,0.30277204112130235,1
-0.07271007489668724,0.3095517021382515,1
-0.07271007489668724,0.31633136315520066,1
-0.07271007489668724,0.3231110241721498,1
-0.07271007489668724,0.329890685189099,1
-0.07271007489668724,0.33667034620604813,1
-0.07271007489668724,0.3434500072229973,1
-0.06593041387973808,-0.05654999277700273,2
-0.06593041387973808,-0.049770331760053584,2
-0.06593041387973808,-0.04299067074310443,2
-0.06593041387973808,-0.03621100972615528,2
-0.06593041387973808,-0.02943134870920612,2
-0.06593041387973808,-0.022651687692256967,2
-0.06593041387973808,-0.015872026675307817,2
-0.06593041387973808,-0.009092365658358663,2
-0.06593041387973808,-0.0023127046414095098,2
-0.06593041387973808,0.004466956375539643,2
-0.06593041387973808,0.011246617392488795,2
-0.06593041387973808,0.01802627840943795,2
-0.06593041387973808,0.024805939426387102,2
-0.06593041387973808,0.031585600443336255,2
-0.06593041387973808,0.038365261460285405,2
-0.06593041387973808,0.04514492247723456,2
-0.06593041387973808,0.05192458349418371,2
-0.06593041387973808,0.05870424451113287,2
-0.06593041387973808,0.06548390552808202,2
-0.06593041387973808,0.07226356654503117,2
-0.06593041387973808,0.07904322756198033,2
-0.06593041387973808,0.08582288857892947,2
-0.06593041387973808,0.09260254959587863,2
-0.06593041387973808,0.09938221061282779,2
-0.06593041387973808,0.10616187162977693,2
-0.06593041387973808,0.11294153264672609,2
-0.06593041387973808,0.11972119366367524,2
-0.06593041387973808,0.12650085468062439,2
-0.06593041387973808,0.13328051569757354,2
-0.06593041387973808,0.1400601767145227,2
-0.06593041387973808,0.14683983773147186,1
-0.06593041387973808,0.153619498748421,1
-0.06593041387973808,0.16039915976537017,1
-0.06593041387973808,0.16717882078231933,1
-0.06593041387973808,0.17395848179926846,1
-0.06593041387973808,0.1807381428162176,1
-0.06593041387973808,0.18751780383316677,1
-0.06593041387973808,0.19429746485011593,1
-0.06593041387973808,0.20107712586706508,1
-0.06593041387973808,0.20785678688401424,1
-0.06593041387973808,0.2146364479009634,1
-0.06593041387973808,0.22141610891791252,1
-0.06593041387973808,0.22819576993486168,1
-0.06593041387973808,0.23497543095181084,1
-0.06593041387973808,0.24175509196876,1
-0.06593041387973808,0.24853475298570915,1
-0.06593041387973808,0.2553144140026583,1
-0.06593041387973808,0.26209407501960746,1
-0.06593041387973808,0.2688737360365566,1
-0.06593041387973808,0.2756533970535058,1
-0.06593041387973808,0.28243305807045493,1
-0.06593041387973808,0.2892127190874041,1
-0.06593041387973808,0.2959923801043532,1
-0.06593041387973808,0.30277204112130235,1
-0.06593041387973808,0.3095517021382515,1
-0.06593041387973808,0.31633136315520066,1
-0.06593041387973808,0.3231110241721498,1
-0.06593041387973808,0.329890685189099,1
-0.06593041387973808,0.33667034620604813,1
-0.06593041387973808,0.3434500072229973,1
-0.05915075286278893,-0.05654999277700273,2
-0.05915075286278893,-0.049770331760053584,2
-0.05915075286278893,-0.04299067074310443,2
-0.05915075286278893,-0.03621100972615528,2
-0.05915075286278893,-0.02943134870920612,2
-0.05915075286278893,-0.022651687692256967,2
-0.05915075286278893,-0.015872026675307817,2
-0.05915075286278893,-0.009092365658358663,2
-0.05915075286278893,-0.0023127046414095098,2
-0.05915075286278893,0.004466956375539643,2
-0.05915075286278893,0.011246617392488795,2
-0.05915075286278893,0.01802627840943795,2
-0.05915075286278893,0.024805939426387102,2
-0.05915075286278893,0.031585600443336255,2
-0.05915075286278893,0.038365261460285405,2
-0.05915075286278893,0.04514492247723456,2
-0.05915075286278893,0.05192458349418371,2
-0.05915075286278893,0.05870424451113287,2
-0.05915075286278893,0.06548390552808202,2
-0.05915075286278893,0.07226356654503117,2
-0.05915075286278893,0.07904322756198033,2
-0.05915075286278893,0.08582288857892947,2
-0.05915075286278893,0.09260254959587863,2
-0.05915075286278893,0.09938221061282779,2
-0.05915075286278893,0.10616187162977693,2
-0.05915075286278893,0.11294153264672609,2
-0.05915075286278893,0.11972119366367524,2
-0.05915075286278893,0.12650085468062439,1
-0.05915075286278893,0.13328051569757354,1
-0.05915075286278893,0.1400601767145227,1
-0.05915075286278893,0.14683983773147186,1
-0.05915075286278893,0.153619498748421,1
-0.05915075286278893,0.16039915976537017,1
-0.05915075286278893,0.16717882078231933,1
-0.05915075286278893,0.17395848179926846,1
-0.05915075286278893,0.1807381428162176,1
-0.05915075286278893,0.18751780383316677,1
-0.05915075286278893,0.19429746485011593,1
-0.05915075286278893,0.20107712586706508,1
-0.05915075286278893,0.20785678688401424,1
-0.05915075286278893,0.2146364479009634,1
-0.05915075286278893,0.22141610891791252,1
-0.05915075286278893,0.22819576993486168,1
-0.05915075286278893,0.23497543095181084,1
-0.05915075286278893,0.24175509196876,1
-0.05915075286278893,0.24853475298570915,1
-0.05915075286278893,0.2553144140026583,1
-0.05915075286278893,0.26209407501960746,1
-0.05915075286278893,0.2688737360365566,1
-0.05915075286278893,0.2756533970535058,1
-0.05915075286278893,0.28243305807045493,1
-0.05915075286278893,0.2892127190874041,1
-0.05915075286278893,0.2959923801043532,1
-0.05915075286278893,0.30277204112130235,1
-0.05915075286278893,0.3095517021382515,1
-0.05915075286278893,0.31633136315520066,1
-0.05915075286278893,0.3231110241721498,1
-0.05915075286278893,0.329890685189099,1
-0.05915075286278893,0.33667034620604813,1
-0.05915075286278893,0.3434500072229973,1
-0.052371091845839775,-0.05654999277700273,2
-0.052371091845839775,-0.049770331760053584,2
-0.052371091845839775,-0.04299067074310443,2
-0.052371091845839775,-0.03621100972615528,2
-0.052371091845839775,-0.02943134870920612,2
-0.052371091845839775,-0.022651687692256967,2
-0.052371091845839775,-0.015872026675307817,2
-0.052371091845839775,-0.009092365658358663,2
-0.052371091845839775,-0.0023127046414095098,2
-0.052371091845839775,0.004466956375539643,2
-0.052371091845839775,0.011246617392488795,2
-0.052371091845839775,0.01802627840943795,2
-0.052371091845839775,0.024805939426387102,2
-0.052371091845839775,0.031585600443336255,2
-0.052371091845839775,0.038365261460285405,2
-0.052371091845839775,0.04514492247723456,2
-0.052371091845839775,0.05192458349418371,2
-0.052371091845839775,0.05870424451113287,2
-0.052371091845839775,0.06548390552808202,2
-0.052371091845839775,0.07226356654503117,2
-0.052371091845839775,0.07904322756198033,2
-0.052371091845839775,0.08582288857892947,2
-0.052371091845839775,0.09260254959587863,2
-0.052371091845839775,0.09938221061282779,2
-0.052371091845839775,0.10616187162977693,1
-0.052371091845839775,0.11294153264672609,1
-0.052371091845839775,0.11972119366367524,1
-0.052371091845839775,0.12650085468062439,1
-0.052371091845839775,0.13328051569757354,1
-0.052371091845839775,0.1400601767145227,1
-0.052371091845839775,0.14683983773147186,1
-0.052371091845839775,0.153619498748421,1
-0.052371091845839775,0.16039915976537017,1
-0.052371091845839775,0.16717882078231933,1
-0.052371091845839775,0.17395848179926846,1
-0.052371091845839775,0.1807381428162176,1
-0.052371091845839775,0.18751780383316677,1
-0.052371091845839775,0.19429746485011593,1
-0.052371091845839775,0.20107712586706508,1
-0.052371091845839775,0.20785678688401424,1
-0.052371091845839775,0.2146364479009634,1
-0.052371091845839775,0.22141610891791252,1
-0.052371091845839775,0.22819576993486168,1
-0.052371091845839775,0.23497543095181084,1
-0.052371091845839775,0.24175509196876,1
-0.052371091845839775,0.24853475298570915,1
-0.052371091845839775,0.2553144140026583,1
-0.052371091845839775,0.26209407501960746,1
-0.052371091845839775,0.2688737360365566,1
-0.052371091845839775,0.2756533970535058,1
-0.052371091845839775,0.28243305807045493,1
-0.052371091845839775,0.2892127190874041,1
-0.052371091845839775,0.2959923801043532,1
-0.052371091845839775,0.30277204112130235,1
-0.052371091845839775,0.3095517021382515,1
-0.052371091845839775,0.31633136315520066,1
-0.052371091845839775,0.3231110241721498,1
-0.052371091845839775,0.329890685189099,1
-0.052371091845839775,0.33667034620604813,1
-0.052371091845839775,0.3434500072229973,1
-0.045591430828890625,-0.05654999277700273,2
-0.045591430828890625,-0.049770331760053584,2
-0.045591430828890625,-0.04299067074310443,2
-0.045591430828890625,-0.03621100972615528,2
-0.045591430828890625,-0.02943134870920612,2
-0.045591430828890625,-0.022651687692256967,2
-0.045591430828890625,-0.015872026675307817,2
-0.045591430828890625,-0.009092365658358663,2
-0.045591430828890625,-0.0023127046414095098,2
-0.045591430828890625,0.004466956375539643,2
-0.045591430828890625,0.011246617392488795,2
-0.045591430828890625,0.01802627840943795,2
-0.045591430828890625,0.024805939426387102,2
-0.045591430828890625,0.031585600443336255,2
-0.045591430828890625,0.038365261460285405,2
-0.045591430828890625,0.04514492247723456,2
-0.045591430828890625,0.05192458349418371,2
-0.045591430828890625,0.05870424451113287,2
-0.045591430828890625,0.06548390552808202,2
-0.045591430828890625,0.07226356654503117,2
-0.045591430828890625,0.07904322756198033,2
-0.045591430828890625,0.08582288857892947,1
-0.045591430828890625,0.09260254959587863,1
-0.045591430828890625,0.09938221061282779,1
-0.045591430828890625,0.10616187162977693,1
-0.045591430828890625,0.11294153264672609,1
-0.045591430828890625,0.11972119366367524,1
-0.045591430828890625,0.12650085468062439,1
-0.045591430828890625,0.13328051569757354,1
-0.045591430828890625,0.1400601767145227,1
-0.045591430828890625,0.14683983773147186,1
-0.045591430828890625,0.153619498748421,1
-0.045591430828890625,0.16039915976537017,1
-0.045591430828890625,0.16717882078231933,1
-0.045591430828890625,0.17395848179926846,1
-0.045591430828890625,0.1807381428162176,1
-0.045591430828890625,0.18751780383316677,1
-0.045591430828890625,0.19429746485011593,1
-0.045591430828890625,0.20107712586706508,1
-0.045591430828890625,0.20785678688401424,1
-0.045591430828890625,0.2146364479009634,1
-0.045591430828890625,0.22141610891791252,1
-0.045591430828890625,0.22819576993486168,1
-0.045591430828890625,0.23497543095181084,1
-0.045591430828890625,0.24175509196876,1
-0.045591430828890625,0.24853475298570915,1
-0.045591430828890625,0.2553144140026583,1
-0.045591430828890625,0.26209407501960746,1
-0.045591430828890625,0.2688737360365566,1
-0.045591430828890625,0.2756533970535058,1
-0.045591430828890625,0.28243305807045493,1
-0.045591430828890625,0.2892127190874041,1
-0.045591430828890625,0.2959923801043532,1
-0.045591430828890625,0.30277204112130235,1
-0.045591430828890625,0.3095517021382515,1
-0.045591430828890625,0.31633136315520066,1
-0.045591430828890625,0.3231110241721498,1
-0.045591430828890625,0.329890685189099,1
-0.045591430828890625,0.33667034620604813,1
-0.045591430828890625,0.3434500072229973,1
-0.03881176981194147,-0.05654999277700273,2
-0.03881176981194147,-0.049770331760053584,2
-0.03881176981194147,-0.04299067074310443,2
-0.03881176981194147,-0.03621100972615528,2
-0.03881176981194147,-0.02943134870920612,2
-0.03881176981194147,-0.022651687692256967,2
-0.03881176981194147,-0.015872026675307817,2
-0.03881176981194147,-0.009092365658358663,2
-0.03881176981194147,-0.0023127046414095098,2
-0.03881176981194147,0.004466956375539643,2
-0.03881176981194147,0.011246617392488795,2
-0.03881176981194147,0.01802627840943795,2
-0.03881176981194147,0.024805939426387102,2
-0.03881176981194147,0.031585600443336255,2
-0.03881176981194147,0.038365261460285405,2
-0.03881176981194147,0.04514492247723456,2
-0.03881176981194147,0.05192458349418371,2
-0.03881176981194147,0.05870424451113287,2
-0.03881176981194147,0.06548390552808202,2
-0.03881176981194147,0.07226356654503117,1
-0.03881176981194147,0.07904322756198033,1
-0.03881176981194147,0.08582288857892947,1
-0.03881176981194147,0.09260254959587863,1
-0.03881176981194147,0.09938221061282779,1
-0.03881176981194147,0.10616187162977693,1
-0.03881176981194147,0.11294153264672609,1
-0.03881176981194147,0.11972119366367524,1
-0.03881176981194147,0.12650085468062439,1
-0.03881176981194147,0.13328051569757354,1
-0.03881176981194147,0.1400601767145227,1
-0.03881176981194147,0.14683983773147186,1
-0.03881176981194147,0.153619498748421,1
-0.03881176981194147,0.16039915976537017,1
-0.03881176981194147,0.16717882078231933,1
-0.03881176981194147,0.17395848179926846,1
-0.03881176981194147,0.1807381428162176,1
-0.03881176981194147,0.18751780383316677,1
-0.03881176981194147,0.19429746485011593,1
-0.03881176981194147,0.20107712586706508,1
-0.03881176981194147,0.20785678688401424,1
-0.03881176981194147,0.2146364479009634,1
-0.03881176981194147,0.22141610891791252,1
-0.03881176981194147,0.22819576993486168,1
-0.03881176981194147,0.23497543095181084,1
-0.03881176981194147,0.24175509196876,1
-0.03881176981194147,0.24853475298570915,1
-0.03881176981194147,0.2553144140026583,1
-0.03881176981194147,0.26209407501960746,1
-0.03881176981194147,0.2688737360365566,1
-0.03881176981194147,0.2756533970535058,1
-0.03881176981194147,0.28243305807045493,1
-0.03881176981194147,0.2892127190874041,1
-0.03881176981194147,0.2959923801043532,1
-0.03881176981194147,0.30277204112130235,1
-0.03881176981194147,0.3095517021382515,1
-0.03881176981194147,0.31633136315520066,1
-0.03881176981194147,0.3231110241721498,1
-0.03881176981194147,0.329890685189099,1
-0.03881176981194147,0.33667034620604813,1
-0.03881176981194147,0.3434500072229973,1
-0.03203210879499232,-0.05654999277700273,2
-0.03203210879499232,-0.049770331760053584,2
-0.03203210879499232,-0.04299067074310443,2
-0.03203210879499232,-0.03621100972615528,2
-0.03203210879499232,-0.02943134870920612,2
-0.03203210879499232,-0.022651687692256967,2
-0.03203210879499232,-0.015872026675307817,2
-0.03203210879499232,-0.009092365658358663,2
-0.03203210879499232,-0.0023127046414095098,2
-0.03203210879499232,0.004466956375539643,2
-0.03203210879499232,0.011246617392488795,2
-0.03203210879499232,0.01802627840943795,2
-0.03203210879499232,0.024805939426387102,2
-0.03203210879499232,0.031585600443336255,2
-0.03203210879499232,0.038365261460285405,2
-0.03203210879499232,0.04514492247723456,2
-0.03203210879499232,0.05192458349418371,2
-0.03203210879499232,0.05870424451113287,1
-0.03203210879499232,0.06548390552808202,1
-0.03203210879499232,0.07226356654503117,1
-0.03203210879499232,0.07904322756198033,1
-0.03203210879499232,0.08582288857892947,1
-0.03203210879499232,0.09260254959587863,1
-0.03203210879499232,0.09938221061282779,1
-0.03203210879499232,0.10616187162977693,1
-0.03203210879499232,0.11294153264672609,1
-0.03203210879499232,0.11972119366367524,1
-0.03203210879499232,0.12650085468062439,1
-0.03203210879499232,0.13328051569757354,1
-0.03203210879499232,0.1400601767145227,1
-0.03203210879499232,0.14683983773147186,1
-0.03203210879499232,0.153619498748421,1
-0.03203210879499232,0.16039915976537017,1
-0.03203210879499232,0.16717882078231933,1
-0.03203210879499232,0.17395848179926846,1
-0.03203210879499232,0.1807381428162176,1
-0.03203210879499232,0.18751780383316677,1
-0.03203210879499232,0.19429746485011593,1
-0.03203210879499232,0.20107712586706508,1
-0.03203210879499232,0.20785678688401424,1
-0.03203210879499232,0.2146364479009634,1
-0.03203210879499232,0.22141610891791252,1
-0.03203210879499232,0.22819576993486168,1
-0.03203210879499232,0.23497543095181084,1
-0.03203210879499232,0.24175509196876,1
-0.03203210879499232,0.24853475298570915,1
-0.03203210879499232,0.2553144140026583,1
-0.03203210879499232,0.26209407501960746,1
-0.03203210879499232,0.2688737360365566,1
-0.03203210879499232,0.2756533970535058,1
-0.03203210879499232,0.28243305807045493,1
-0.03203210879499232,0.2892127190874041,1
-0.03203210879499232,0.2959923801043532,1
-0.03203210879499232,0.30277204112130235,1
-0.03203210879499232,0.3095517021382515,1
-0.03203210879499232,0.31633136315520066,1
-0.03203210879499232,0.3231110241721498,1
-0.03203210879499232,0.329890685189099,1
-0.03203210879499232,0.33667034620604813,1
-0.03203210879499232,0.3434500072229973,1
-0.025252447778043165,-0.05654999277700273,2
-0.025252447778043165,-0.049770331760053584,2
-0.025252447778043165,-0.04299067074310443,2
-0.025252447778043165,-0.03621100972615528,2
-0.025252447778043165,-0.02943134870920612,2
-0.025252447778043165,-0.022651687692256967,2
-0.025252447778043165,-0.015872026675307817,2
-0.025252447778043165,-0.009092365658358663,2
-0.025252447778043165,-0.0023127046414095098,2
-0.025252447778043165,0.004466956375539643,2
-0.025252447778043165,0.011246617392488795,2
-0.025252447778043165,0.01802627840943795,2
-0.025252447778043165,0.024805939426387102,2
-0.025252447778043165,0.031585600443336255,2
-0.025252447778043165,0.038365261460285405,2
-0.025252447778043165,0.04514492247723456,1
-0.025252447778043165,0.05192458349418371,1
-0.025252447778043165,0.05870424451113287,1
-0.025252447778043165,0.06548390552808202,1
-0.025252447778043165,0.07226356654503117,1
-0.025252447778043165,0.07904322756198033,1
-0.025252447778043165,0.08582288857892947,1
-0.025252447778043165,0.09260254959587863,1
-0.025252447778043165,0.09938221061282779,1
-0.025252447778043165,0.10616187162977693,1
-0.025252447778043165,0.11294153264672609,1
-0.025252447778043165,0.11972119366367524,1
-0.025252447778043165,0.12650085468062439,1
-0.025252447778043165,0.13328051569757354,1
-0.025252447778043165,0.1400601767145227,1
-0.025252447778043165,0.14683983773147186,1
-0.025252447778043165,0.153619498748421,1
-0.025252447778043165,0.16039915976537017,1
-0.025252447778043165,0.16717882078231933,1
-0.025252447778043165,0.17395848179926846,1
-0.025252447778043165,0.1807381428162176,1
-0.025252447778043165,0.18751780383316677,1
-0.025252447778043165,0.19429746485011593,1
-0.025252447778043165,0.20107712586706508,1
-0.025252447778043165,0.20785678688401424,1
-0.025252447778043165,0.2146364479009634,1
-0.025252447778043165,0.22141610891791252,1
-0.025252447778043165,0.22819576993486168,1
-0.025252447778043165,0.23497543095181084,1
-0.025252447778043165,0.24175509196876,1
-0.025252447778043165,0.24853475298570915,1
-0.025252447778043165,0.2553144140026583,1
-0.025252447778043165,0.26209407501960746,1
-0.025252447778043165,0.2688737360365566,1
-0.025252447778043165,0.2756533970535058,1
-0.025252447778043165,0.28243305807045493,1
-0.025252447778043165,0.2892127190874041,1
-0.025252447778043165,0.2959923801043532,1
-0.025252447778043165,0.30277204112130235,1
-0.025252447778043165,0.3095517021382515,1
-0.025252447778043165,0.31633136315520066,1
-0.025252447778043165,0.3231110241721498,1
-0.025252447778043165,0.329890685189099,1
-0.025252447778043165,0.33667034620604813,1
-0.025252447778043165,0.3434500072229973,1
-0.018472786761094012,-0.05654999277700273,2
-0.018472786761094012,-0.049770331760053584,2
-0.018472786761094012,-0.04299067074310443,2
-0.018472786761094012,-0.03621100972615528,2
-0.018472786761094012,-0.02943134870920612,2
-0.018472786761094012,-0.022651687692256967,2
-0.018472786761094012,-0.015872026675307817,2
-0.018472786761094012,-0.009092365658358663,2
-0.018472786761094012,-0.0023127046414095098,2
-0.018472786761094012,0.004466956375539643,2
-0.018472786761094012,0.011246617392488795,2
-0.018472786761094012,0.01802627840943795,2
-0.018472786761094012,0.024805939426387102,2
-0.018472786761094012,0.031585600443336255,2
-0.018472786761094012,0.038365261460285405,1
-0.018472786761094012,0.04514492247723456,1
-0.018472786761094012,0.05192458349418371,1
-0.018472786761094012,0.05870424451113287,1
-0.018472786761094012,0.06548390552808202,1
-0.018472786761094012,0.07226356654503117,1
-0.018472786761094012,0.07904322756198033,1
-0.018472786761094012,0.08582288857892947,1
-0.018472786761094012,0.09260254959587863,1
-0.018472786761094012,0.09938221061282779,1
-0.018472786761094012,0.10616187162977693,1
-0.018472786761094012,0.11294153264672609,1
-0.018472786761094012,0.11972119366367524,1
-0.018472786761094012,0.12650085468062439,1
-0.018472786761094012,0.13328051569757354,1
-0.018472786761094012,0.1400601767145227,1
-0.018472786761094012,0.14683983773147186,1
-0.018472786761094012,0.153619498748421,1
-0.018472786761094012,0.16039915976537017,1
-0.018472786761094012,0.16717882078231933,1
-0.018472786761094012,0.17395848179926846,1
-0.018472786761094012,0.1807381428162176,1
-0.018472786761094012,0.18751780383316677,1
-0.018472786761094012,0.19429746485011593,1
-0.018472786761094012,0.20107712586706508,1
-0.018472786761094012,0.20785678688401424,1
-0.018472786761094012,0.2146364479009634,1
-0.018472786761094012,0.22141610891791252,1
-0.018472786761094012,0.22819576993486168,1
-0.018472786761094012,0.23497543095181084,1
-0.018472786761094012,0.24175509196876,1
-0.018472786761094012,0.24853475298570915,1
-0.018472786761094012,0.2553144140026583,1
-0.018472786761094012,0.26209407501960746,1
-0.018472786761094012,0.2688737360365566,1
-0.018472786761094012,0.2756533970535058,1
-0.018472786761094012,0.28243305807045493,1
-0.018472786761094012,0.2892127190874041,1
-0.018472786761094012,0.2959923801043532,1
-0.018472786761094012,0.30277204112130235,1
-0.018472786761094012,0.3095517021382515,1
-0.018472786761094012,0.31633136315520066,1
-0.018472786761094012,0.3231110241721498,1
-0.018472786761094012,0.329890685189099,1
-0.018472786761094012,0.33667034620604813,1
-0.018472786761094012,0.3434500072229973,1
-0.011693125744144859,-0.05654999277700273,2
-0.011693125744144859,-0.049770331760053584,2
-0.011693125744144859,-0.04299067074310443,2
-0.011693125744144859,-0.03621100972615528,2
-0.011693125744144859,-0.02943134870920612,2
-0.011693125744144859,-0.022651687692256967,2
-0.011693125744144859,-0.015872026675307817,2
-0.011693125744144859,-0.009092365658358663,2
-0.011693125744144859,-0.0023127046414095098,2
-0.011693125744144859,0.004466956375539643,2
-0.011693125744144859,0.011246617392488795,2
-0.011693125744144859,0.01802627840943795,2
-0.011693125744144859,0.024805939426387102,1
-0.011693125744144859,0.031585600443336255,1
-0.011693125744144859,0.038365261460285405,1
-0.011693125744144859,0.04514492247723456,1
-0.011693125744144859,0.05192458349418371,1
-0.011693125744144859,0.05870424451113287,1
-0.011693125744144859,0.06548390552808202,1
-0.011693125744144859,0.07226356654503117,1
-0.011693125744144859,0.07904322756198033,1
-0.011693125744144859,0.08582288857892947,1
-0.011693125744144859,0.09260254959587863,1
-0.011693125744144859,0.09938221061282779,1
-0.011693125744144859,0.10616187162977693,1
-0.011693125744144859,0.11294153264672609,1
-0.011693125744144859,0.11972119366367524,1
-0.011693125744144859,0.12650085468062439,1
-0.011693125744144859,0.13328051569757354,1
-0.011693125744144859,0.1400601767145227,1
-0.011693125744144859,0.14683983773147186,1
-0.011693125744144859,0.153619498748421,1
-0.011693125744144859,0.16039915976537017,1
-0.011693125744144859,0.16717882078231933,1
-0.011693125744144859,0.17395848179926846,1
-0.011693125744144859,0.1807381428162176,1
-0.011693125744144859,0.18751780383316677,1
-0.011693125744144859,0.19429746485011593,1
-0.011693125744144859,0.20107712586706508,1
-0.011693125744144859,0.20785678688401424,1
-0.011693125744144859,0.2146364479009634,1
-0.011693125744144859,0.22141610891791252,1
-0.011693125744144859,0.22819576993486168,1
-0.011693125744144859,0.23497543095181084,1
-0.011693125744144859,0.24175509196876,1
-0.011693125744144859,0.24853475298570915,1
-0.011693125744144859,0.2553144140026583,1
-0.011693125744144859,0.26209407501960746,1
-0.011693125744144859,0.2688737360365566,1
-0.011693125744144859,0.2756533970535058,1
-0.011693125744144859,0.28243305807045493,1
-0.011693125744144859,0.2892127190874041,1
-0.011693125744144859,0.2959923801043532,1
-0.011693125744144859,0.30277204112130235,1
-0.011693125744144859,0.3095517021382515,1
-0.011693125744144859,0.31633136315520066,1
-0.011693125744144859,0.3231110241721498,1
-0.011693125744144859,0.329890685189099,1
-0.011693125744144859,0.33667034620604813,1
-0.011693125744144859,0.3434500072229973,1
-0.004913464727195706,-0.05654999277700273,2
-0.004913464727195706,-0.049770331760053584,2
-0.004913464727195706,-0.04299067074310443,2
-0.004913464727195706,-0.03621100972615528,2
-0.004913464727195706,-0.02943134870920612,2
-0.004913464727195706,-0.022651687692256967,2
-0.004913464727195706,-0.015872026675307817,2
-0.004913464727195706,-0.009092365658358663,2
-0.004913464727195706,-0.0023127046414095098,2
-0.004913464727195706,0.004466956375539643,2
-0.004913464727195706,0.011246617392488795,2
-0.004913464727195706,0.01802627840943795,1
-0.004913464727195706,0.024805939426387102,1
-0.004913464727195706,0.031585600443336255,1
-0.004913464727195706,0.038365261460285405,1
-0.004913464727195706,0.04514492247723456,1
-0.004913464727195706,0.05192458349418371,1
-0.004913464727195706,0.05870424451113287,1
-0.004913464727195706,0.06548390552808202,1
-0.004913464727195706,0.07226356654503117,1
-0.004913464727195706,0.07904322756198033,1
-0.004913464727195706,0.08582288857892947,1
-0.004913464727195706,0.09260254959587863,1
-0.004913464727195706,0.09938221061282779,1
-0.004913464727195706,0.10616187162977693,1
-0.004913464727195706,0.11294153264672609,1
-0.004913464727195706,0.11972119366367524,1
-0.004913464727195706,0.12650085468062439,1
-0.004913464727195706,0.13328051569757354,1
-0.004913464727195706,0.1400601767145227,1
-0.004913464727195706,0.14683983773147186,1
-0.004913464727195706,0.153619498748421,1
-0.004913464727195706,0.16039915976537017,1
-0.004913464727195706,0.16717882078231933,1
-0.004913464727195706,0.17395848179926846,1
-0.004913464727195706,0.1807381428162176,1
-0.004913464727195706,0.18751780383316677,1
-0.004913464727195706,0.19429746485011593,1
-0.004913464727195706,0.20107712586706508,1
-0.004913464727195706,0.20785678688401424,1
-0.004913464727195706,0.2146364479009634,1
-0.004913464727195706,0.22141610891791252,1
-0.004913464727195706,0.22819576993486168,1
-0.004913464727195706,0.23497543095181084,1
-0.004913464727195706,0.24175509196876,1
-0.004913464727195706,0.24853475298570915,1
-0.004913464727195706,0.2553144140026583,1
-0.004913464727195706,0.26209407501960746,1
-0.004913464727195706,0.2688737360365566,1
-0.004913464727195706,0.2756533970535058,1
-0.004913464727195706,0.28243305807045493,1
-0.004913464727195706,0.2892127190874041,1
-0.004913464727195706,0.2959923801043532,1
-0.004913464727195706,0.30277204112130235,1
-0.004913464727195706,0.3095517021382515,1
-0.004913464727195706,0.31633136315520066,1
-0.004913464727195706,0.3231110241721498,1
-0.004913464727195706,0.329890685189099,1
-0.004913464727195706,0.33667034620604813,1
-0.004913464727195706,0.3434500072229973,1
0.001866196289753447,-0.05654999277700273,2
0.001866196289753447,-0.049770331760053584,2
0.001866196289753447,-0.04299067074310443,2
0.001866196289753447,-0.03621100972615528,2
0.001866196289753447,-0.02943134870920612,2
0.001866196289753447,-0.022651687692256967,2
0.001866196289753447,-0.015872026675307817,2
0.001866196289753447,-0.009092365658358663,2
0.001866196289753447,-0.0023127046414095098,2
0.001866196289753447,0.004466956375539643,2
0.001866196289753447,0.011246617392488795,1
0.001866196289753447,0.01802627840943795,1
0.001866196289753447,0.024805939426387102,1
0.001866196289753447,0.031585600443336255,1
0.001866196289753447,0.038365261460285405,1
0.001866196289753447,0.04514492247723456,1
0.001866196289753447,0.05192458349418371,1
0.001866196289753447,0.05870424451113287,1
0.001866196289753447,0.06548390552808202,1
0.001866196289753447,0.07226356654503117,1
0.001866196289753447,0.07904322756198033,1
0.001866196289753447,0.08582288857892947,1
0.001866196289753447,0.09260254959587863,1
0.001866196289753447,0.09938221061282779,1
0.001866196289753447,0.10616187162977693,1
0.001866196289753447,0.11294153264672609,1
0.001866196289753447,0.11972119366367524,1
0.001866196289753447,0.12650085468062439,1
0.001866196289753447,0.13328051569757354,1
0.001866196289753447,0.1400601767145227,1
0.001866196289753447,0.14683983773147186,1
0.001866196289753447,0.153619498748421,1
0.001866196289753447,0.16039915976537017,1
0.001866196289753447,0.16717882078231933,1
0.001866196289753447,0.17395848179926846,1
0.001866196289753447,0.1807381428162176,1
0.001866196289753447,0.18751780383316677,1
0.001866196289753447,0.19429746485011593,1
0.001866196289753447,0.20107712586706508,1
0.001866196289753447,0.20785678688401424,1
0.001866196289753447,0.2146364479009634,1
0.001866196289753447,0.22141610891791252,1
0.001866196289753447,0.22819576993486168,1
0.001866196289753447,0.23497543095181084,1
0.001866196289753447,0.24175509196876,1
0.001866196289753447,0.24853475298570915,1
0.001866196289753447,0.2553144140026583,1
0.001866196289753447,0.26209407501960746,1
0.001866196289753447,0.2688737360365566,1
0.001866196289753447,0.2756533970535058,1
0.001866196289753447,0.28243305807045493,1
0.001866196289753447,0.2892127190874041,1
0.001866196289753447,0.2959923801043532,1
0.001866196289753447,0.30277204112130235,1
0.001866196289753447,0.3095517021382515,1
0.001866196289753447,0.31633136315520066,1
0.001866196289753447,0.3231110241721498,1
0.001866196289753447,0.329890685189099,1
0.001866196289753447,0.33667034620604813,1
0.001866196289753447,0.3434500072229973,1
0.0086458573067026,-0.05654999277700273,2
0.0086458573067026,-0.049770331760053584,2
0.0086458573067026,-0.04299067074310443,2
0.0086458573067026,-0.03621100972615528,2
0.0086458573067026,-0.02943134870920612,2
0.0086458573067026,-0.022651687692256967,2
0.0086458573067026,-0.015872026675307817,2
0.0086458573067026,-0.009092365658358663,2
0.0086458573067026,-0.0023127046414095098,2
0.0086458573067026,0.004466956375539643,1
0.0086458573067026,0.011246617392488795,1
0.0086458573067026,0.01802627840943795,1
0.0086458573067026,0.024805939426387102,1
0.0086458573067026,0.031585600443336255,1
0.0086458573067026,0.038365261460285405,1
0.0086458573067026,0.04514492247723456,1
0.0086458573067026,0.05192458349418371,1
0.0086458573067026,0.05870424451113287,1
0.0086458573067026,0.06548390552808202,1
0.0086458573067026,0.07226356654503117,1
0.0086458573067026,0.07904322756198033,1
0.0086458573067026,0.08582288857892947,1
0.0086458573067026,0.09260254959587863,1
0.0086458573067026,0.09938221061282779,1
0.0086458573067026,0.10616187162977693,1
0.0086458573067026,0.11294153264672609,1
0.0086458573067026,0.11972119366367524,1
0.0086458573067026,0.12650085468062439,1
0.0086458573067026,0.13328051569757354,1
0.0086458573067026,0.1400601767145227,1
0.0086458573067026,0.14683983773147186,1
0.0086458573067026,0.153619498748421,1
0.0086458573067026,0.16039915976537017,1
0.0086458573067026,0.16717882078231933,1
0.0086458573067026,0.17395848179926846,1
0.0086458573067026,0.1807381428162176,1
0.0086458573067026,0.18751780383316677,1
0.0086458573067026,0.19429746485011593,1
0.0086458573067026,0.20107712586706508,1
0.0086458573067026,0.20785678688401424,1
0.0086458573067026,0.2146364479009634,1
0.0086458573067026,0.22141610891791252,1
0.0086458573067026,0.22819576993486168,1
0.0086458573067026,0.23497543095181084,1
0.0086458573067026,0.24175509196876,1
0.0086458573067026,0.24853475298570915,1
0.0086458573067026,0.2553144140026583,1
0.0086458573067026,0.26209407501960746,1
0.0086458573067026,0.2688737360365566,1
0.0086458573067026,0.2756533970535058,1
0.0086458573067026,0.28243305807045493,1
0.0086458573067026,0.2892127190874041,1
0.0086458573067026,0.2959923801043532,1
0.0086458573067026,0.30277204112130235,1
0.0086458573067026,0.3095517021382515,1
0.0086458573067026,0.31633136315520066,1
0.0086458573067026,0.3231110241721498,1
0.0086458573067026,0.329890685189099,1
0.0086458573067026,0.33667034620604813,1
0.0086458573067026,0.3434500072229973,1
0.015425518323651752,-0.05654999277700273,2
0.015425518323651752,-0.049770331760053584,2
0.015425518323651752,-0.04299067074310443,2
0.015425518323651752,-0.03621100972615528,2
0.015425518323651752,-0.02943134870920612,2
0.015425518323651752,-0.022651687692256967,2
0.015425518323651752,-0.015872026675307817,2
0.015425518323651752,-0.009092365658358663,2
0.015425518323651752,-0.0023127046414095098,1
0.015425518323651752,0.004466956375539643,1
0.015425518323651752,0.011246617392488795,1
0.015425518323651752,0.01802627840943795,1
0.015425518323651752,0.024805939426387102,1
0.015425518323651752,0.031585600443336255,1
0.015425518323651752,0.038365261460285405,1
0.015425518323651752,0.04514492247723456,1
0.015425518323651752,0.05192458349418371,1
0.015425518323651752,0.05870424451113287,1
0.015425518323651752,0.06548390552808202,1
0.015425518323651752,0.07226356654503117,1
0.015425518323651752,0.07904322756198033,1
0.015425518323651752,0.08582288857892947,1
0.015425518323651752,0.09260254959587863,1
0.015425518323651752,0.09938221061282779,1
0.015425518323651752,0.10616187162977693,1
0.015425518323651752,0.11294153264672609,1
0.015425518323651752,0.11972119366367524,1
0.015425518323651752,0.12650085468062439,1
0.015425518323651752,0.13328051569757354,1
0.015425518323651752,0.1400601767145227,1
0.015425518323651752,0.14683983773147186,1
0.015425518323651752,0.153619498748421,1
0.015425518323651752,0.16039915976537017,1
0.015425518323651752,0.16717882078231933,1
0.015425518323651752,0.17395848179926846,1
0.015425518323651752,0.1807381428162176,1
0.015425518323651752,0.18751780383316677,1
0.015425518323651752,0.19429746485011593,1
0.015425518323651752,0.20107712586706508,1
0.015425518323651752,0.20785678688401424,1
0.015425518323651752,0.2146364479009634,1
0.015425518323651752,0.22141610891791252,1
0.015425518323651752,0.22819576993486168,1
0.015425518323651752,0.23497543095181084,1
0.015425518323651752,0.24175509196876,1
0.015425518323651752,0.24853475298570915,1
0.015425518323651752,0.2553144140026583,1
0.015425518323651752,0.26209407501960746,1
0.015425518323651752,0.2688737360365566,1
0.015425518323651752,0.2756533970535058,1
0.015425518323651752,0.28243305807045493,1
0.015425518323651752,0.2892127190874041,1
0.015425518323651752,0.2959923801043532,1
0.015425518323651752,0.30277204112130235,1
0.015425518323651752,0.3095517021382515,1
0.015425518323651752,0.31633136315520066,1
0.015425518323651752,0.3231110241721498,1
0.015425518323651752,0.329890685189099,1
0.015425518323651752,0.33667034620604813,1
0.015425518323651752,0.3434500072229973,1
0.022205179340600907,-0.05654999277700273,2
0.022205179340600907,-0.049770331760053584,2
0.022205179340600907,-0.04299067074310443,2
0.022205179340600907,-0.03621100972615528,2
0.022205179340600907,-0.02943134870920612,2
0.022205179340600907,-0.022651687692256967,2
0.022205179340600907,-0.015872026675307817,1
0.022205179340600907,-0.009092365658358663,1
0.022205179340600907,-0.0023127046414095098,1
0.022205179340600907,0.004466956375539643,1
0.022205179340600907,0.011246617392488795,1
0.022205179340600907,0.01802627840943795,1
0.022205179340600907,0.024805939426387102,1
0.022205179340600907,0.031585600443336255,1
0.022205179340600907,0.038365261460285405,1
0.022205179340600907,0.04514492247723456,1
0.022205179340600907,0.05192458349418371,1
0.022205179340600907,0.05870424451113287,1
0.022205179340600907,0.06548390552808202,1
0.022205179340600907,0.07226356654503117,1
0.022205179340600907,0.07904322756198033,1
0.022205179340600907,0.08582288857892947,1
0.022205179340600907,0.09260254959587863,1
0.022205179340600907,0.09938221061282779,1
0.022205179340600907,0.10616187162977693,1
0.022205179340600907,0.11294153264672609,1
0.022205179340600907,0.11972119366367524,1
0.022205179340600907,0.12650085468062439,1
0.022205179340600907,0.13328051569757354,1
0.022205179340600907,0.1400601767145227,1
0.022205179340600907,0.14683983773147186,1
0.022205179340600907,0.153619498748421,1
0.022205179340600907,0.16039915976537017,1
0.022205179340600907,0.16717882078231933,1
0.022205179340600907,0.17395848179926846,1
0.022205179340600907,0.1807381428162176,1
0.022205179340600907,0.18751780383316677,1
0.022205179340600907,0.19429746485011593,1
0.022205179340600907,0.20107712586706508,1
0.022205179340600907,0.20785678688401424,1
0.022205179340600907,0.2146364479009634,1
0.022205179340600907,0.22141610891791252,1
0.022205179340600907,0.22819576993486168,1
0.022205179340600907,0.23497543095181084,1
0.022205179340600907,0.24175509196876,1
0.022205179340600907,0.24853475298570915,1
0.022205179340600907,0.2553144140026583,1
0.022205179340600907,0.26209407501960746,1
0.022205179340600907,0.2688737360365566,1
0.022205179340600907,0.2756533970535058,1
0.022205179340600907,0.28243305807045493,1
0.022205179340600907,0.2892127190874041,1
0.022205179340600907,0.2959923801043532,1
0.022205179340600907,0.30277204112130235,1
0.022205179340600907,0.3095517021382515,1
0.022205179340600907,0.31633136315520066,1
0.022205179340600907,0.3231110241721498,1
0.022205179340600907,0.329890685189099,1
0.022205179340600907,0.33667034620604813,1
0.022205179340600907,0.3434500072229973,1
0.02898484035755006,-0.05654999277700273,2
0.02898484035755006,-0.049770331760053584,2
0.02898484035755006,-0.04299067074310443,2
0.02898484035755006,-0.03621100972615528,2
0.02898484035755006,-0.02943134870920612,2
0.02898484035755006,-0.022651687692256967,2
0.02898484035755006,-0.015872026675307817,1
0.02898484035755006,-0.009092365658358663,1
0.02898484035755006,-0.0023127046414095098,1
0.02898484035755006,0.004466956375539643,1
0.02898484035755006,0.011246617392488795,1
0.02898484035755006,0.01802627840943795,1
0.02898484035755006,0.024805939426387102,1
0.02898484035755006,0.031585600443336255,1
0.02898484035755006,0.038365261460285405,1
0.02898484035755006,0.04514492247723456,1
0.02898484035755006,0.05192458349418371,1
0.02898484035755006,0.05870424451113287,1
0.02898484035755006,0.06548390552808202,1
0.02898484035755006,0.07226356654503117,1
0.02898484035755006,0.07904322756198033,1
0.02898484035755006,0.08582288857892947,1
0.02898484035755006,0.09260254959587863,1
0.02898484035755006,0.09938221061282779,1
0.02898484035755006,0.10616187162977693,1
0.02898484035755006,0.11294153264672609,1
0.02898484035755006,0.11972119366367524,1
0.02898484035755006,0.12650085468062439,1
0.02898484035755006,0.13328051569757354,1
0.02898484035755006,0.1400601767145227,1
0.02898484035755006,0.14683983773147186,1
0.02898484035755006,0.153619498748421,1
0.02898484035755006,0.16039915976537017,1
0.02898484035755006,0.16717882078231933,1
0.02898484035755006,0.17395848179926846,1
0.02898484035755006,0.1807381428162176,1
0.02898484035755006,0.18751780383316677,1
0.02898484035755006,0.19429746485011593,1
0.02898484035755006,0.20107712586706508,1
0.02898484035755006,0.20785678688401424,1
0.02898484035755006,0.2146364479009634,1
0.02898484035755006,0.22141610891791252,1
0.02898484035755006,0.22819576993486168,1
0.02898484035755006,0.23497543095181084,1
0.02898484035755006,0.24175509196876,1
0.02898484035755006,0.24853475298570915,1
0.02898484035755006,0.2553144140026583,1
0.02898484035755006,0.26209407501960746,1
0.02898484035755006,0.2688737360365566,1
0.02898484035755006,0.2756533970535058,1
0.02898484035755006,0.28243305807045493,1
0.02898484035755006,0.2892127190874041,1
0.02898484035755006,0.2959923801043532,1
0.02898484035755006,0.30277204112130235,1
0.02898484035755006,0.3095517021382515,1
0.02898484035755006,0.31633136315520066,1
0.02898484035755006,0.3231110241721498,1
0.02898484035755006,0.329890685189099,1
0.02898484035755006,0.33667034620604813,1
0.02898484035755006,0.3434500072229973,1
0.035764501374499214,-0.05654999277700273,2
0.035764501374499214,-0.049770331760053584,2
0.035764501374499214,-0.04299067074310443,2
0.035764501374499214,-0.03621100972615528,2
0.035764501374499214,-0.02943134870920612,2
0.035764501374499214,-0.022651687692256967,1
0.035764501374499214,-0.015872026675307817,1
0.035764501374499214,-0.009092365658358663,1
0.035764501374499214,-0.0023127046414095098,1
0.035764501374499214,0.004466956375539643,1
0.035764501374499214,0.011246617392488795,1
0.035764501374499214,0.01802627840943795,1
0.035764501374499214,0.024805939426387102,1
0.035764501374499214,0.031585600443336255,1
0.035764501374499214,0.038365261460285405,1
0.035764501374499214,0.04514492247723456,1
0.035764501374499214,0.05192458349418371,1
0.035764501374499214,0.05870424451113287,1
0.035764501374499214,0.06548390552808202,1
0.035764501374499214,0.07226356654503117,1
0.035764501374499214,0.07904322756198033,1
0.035764501374499214,0.08582288857892947,1
0.035764501374499214,0.09260254959587863,1
0.035764501374499214,0.09938221061282779,1
0.035764501374499214,0.10616187162977693,1
0.035764501374499214,0.11294153264672609,1
0.035764501374499214,0.11972119366367524,1
0.035764501374499214,0.12650085468062439,1
0.035764501374499214,0.13328051569757354,1
0.035764501374499214,0.1400601767145227,1
0.035764501374499214,0.14683983773147186,1
0.035764501374499214,0.153619498748421,1
0.035764501374499214,0.16039915976537017,1
0.035764501374499214,0.16717882078231933,1
0.035764501374499214,0.17395848179926846,1
0.035764501374499214,0.1807381428162176,1
0.035764501374499214,0.18751780383316677,1
0.035764501374499214,0.19429746485011593,1
0.035764501374499214,0.20107712586706508,1
0.035764501374499214,0.20785678688401424,1
0.035764501374499214,0.2146364479009634,1
0.035764501374499214,0.22141610891791252,1
0.035764501374499214,0.22819576993486168,1
0.035764501374499214,0.23497543095181084,1
0.035764501374499214,0.24175509196876,1
0.035764501374499214,0.24853475298570915,1
0.035764501374499214,0.2553144140026583,1
0.035764501374499214,0.26209407501960746,1
0.035764501374499214,0.2688737360365566,1
0.035764501374499214,0.2756533970535058,1
0.035764501374499214,0.28243305807045493,1
0.035764501374499214,0.2892127190874041,1
0.035764501374499214,0.2959923801043532,1
0.035764501374499214,0.30277204112130235,1
0.035764501374499214,0.3095517021382515,1
0.035764501374499214,0.31633136315520066,1
0.035764501374499214,0.3231110241721498,1
0.035764501374499214,0.329890685189099,1
0.035764501374499214,0.33667034620604813,1
0.035764501374499214,0.3434500072229973,1
0.04254416239144836,-0.05654999277700273,2
0.04254416239144836,-0.049770331760053584,2
0.04254416239144836,-0.04299067074310443,2
0.04254416239144836,-0.03621100972615528,2
0.04254416239144836,-0.02943134870920612,1
0.04254416239144836,-0.022651687692256967,1
0.04254416239144836,-0.015872026675307817,1
0.04254416239144836,-0.009092365658358663,1
0.04254416239144836,-0.0023127046414095098,1
0.04254416239144836,0.004466956375539643,1
0.04254416239144836,0.011246617392488795,1
0.04254416239144836,0.01802627840943795,1
0.04254416239144836,0.024805939426387102,1
0.04254416239144836,0.031585600443336255,1
0.04254416239144836,0.038365261460285405,1
0.04254416239144836,0.04514492247723456,1
0.04254416239144836,0.05192458349418371,1
0.04254416239144836,0.05870424451113287,1
0.04254416239144836,0.06548390552808202,1
0.04254416239144836,0.07226356654503117,1
0.04254416239144836,0.07904322756198033,1
0.04254416239144836,0.08582288857892947,1
0.04254416239144836,0.09260254959587863,1
0.04254416239144836,0.09938221061282779,1
0.04254416239144836,0.10616187162977693,1
0.04254416239144836,0.11294153264672609,1
0.04254416239144836,0.11972119366367524,1
0.04254416239144836,0.12650085468062439,1
0.04254416239144836,0.13328051569757354,1
0.04254416239144836,0.1400601767145227,1
0.04254416239144836,0.14683983773147186,1
0.04254416239144836,0.153619498748421,1
0.04254416239144836,0.16039915976537017,1
0.04254416239144836,0.16717882078231933,1
0.04254416239144836,0.17395848179926846,1
0.04254416239144836,0.1807381428162176,1
0.04254416239144836,0.18751780383316677,1
0.04254416239144836,0.19429746485011593,1
0.04254416239144836,0.20107712586706508,1
0.04254416239144836,0.20785678688401424,1
0.04254416239144836,0.2146364479009634,1
0.04254416239144836,0.22141610891791252,1
0.04254416239144836,0.22819576993486168,1
0.04254416239144836,0.23497543095181084,1
0.04254416239144836,0.24175509196876,1
0.04254416239144836,0.24853475298570915,1
0.04254416239144836,0.2553144140026583,1
0.04254416239144836,0.26209407501960746,1
0.04254416239144836,0.2688737360365566,1
0.04254416239144836,0.2756533970535058,1
0.04254416239144836,0.28243305807045493,1
0.04254416239144836,0.2892127190874041,1
0.04254416239144836,0.2959923801043532,1
0.04254416239144836,0.30277204112130235,1
0.04254416239144836,0.3095517021382515,1
0.04254416239144836,0.31633136315520066,1
0.04254416239144836,0.3231110241721498,1
0.04254416239144836,0.329890685189099,1
0.04254416239144836,0.33667034620604813,1
0.04254416239144836,0.3434500072229973,1
0.04932382340839752,-0.05654999277700273,2
0.04932382340839752,-0.049770331760053584,2
0.04932382340839752,-0.04299067074310443,2
0.04932382340839752,-0.03621100972615528,1
0.04932382340839752,-0.02943134870920612,1
0.04932382340839752,-0.022651687692256967,1
0.04932382340839752,-0.015872026675307817,1
0.04932382340839752,-0.009092365658358663,1
0.04932382340839752,-0.0023127046414095098,1
0.04932382340839752,0.004466956375539643,1
0.04932382340839752,0.011246617392488795,1
0.04932382340839752,0.01802627840943795,1
0.04932382340839752,0.024805939426387102,1
0.04932382340839752,0.031585600443336255,1
0.04932382340839752,0.038365261460285405,1
0.04932382340839752,0.04514492247723456,1
0.04932382340839752,0.05192458349418371,1
0.04932382340839752,0.05870424451113287,1
0.04932382340839752,0.06548390552808202,1
0.04932382340839752,0.07226356654503117,1
0.04932382340839752,0.07904322756198033,1
0.04932382340839752,0.08582288857892947,1
0.04932382340839752,0.09260254959587863,1
0.04932382340839752,0.09938221061282779,1
0.04932382340839752,0.10616187162977693,1
0.04932382340839752,0.11294153264672609,1
0.04932382340839752,0.11972119366367524,1
0.04932382340839752,0.12650085468062439,1
0.04932382340839752,0.13328051569757354,1
0.04932382340839752,0.1400601767145227,1
0.04932382340839752,0.14683983773147186,1
0.04932382340839752,0.153619498748421,1
0.04932382340839752,0.16039915976537017,1
0.04932382340839752,0.16717882078231933,1
0.04932382340839752,0.17395848179926846,1
0.04932382340839752,0.1807381428162176,1
0.04932382340839752,0.18751780383316677,1
0.04932382340839752,0.19429746485011593,1
0.04932382340839752,0.20107712586706508,1
0.04932382340839752,0.20785678688401424,1
0.04932382340839752,0.2146364479009634,1
0.04932382340839752,0.22141610891791252,1
0.04932382340839752,0.22819576993486168,1
0.04932382340839752,0.23497543095181084,1
0.04932382340839752,0.24175509196876,1
0.04932382340839752,0.24853475298570915,1
0.04932382340839752,0.2553144140026583,1
0.04932382340839752,0.26209407501960746,1
0.04932382340839752,0.2688737360365566,1
0.04932382340839752,0.2756533970535058,1
0.04932382340839752,0.28243305807045493,1
0.04932382340839752,0.2892127190874041,1
0.04932382340839752,0.2959923801043532,1
0.04932382340839752,0.30277204112130235,1
0.04932382340839752,0.3095517021382515,1
0.04932382340839752,0.31633136315520066,1
0.04932382340839752,0.3231110241721498,1
0.04932382340839752,0.329890685189099,1
0.04932382340839752,0.33667034620604813,1
0.04932382340839752,0.3434500072229973,1
0.05610348442534667,-0.05654999277700273,2
0.05610348442534667,-0.049770331760053584,2
0.05610348442534667,-0.04299067074310443,1
0.05610348442534667,-0.03621100972615528,1
0.05610348442534667,-0.02943134870920612,1
0.05610348442534667,-0.022651687692256967,1
0.05610348442534667,-0.015872026675307817,1
0.05610348442534667,-0.009092365658358663,1
0.05610348442534667,-0.0023127046414095098,1
0.05610348442534667,0.004466956375539643,1
0.05610348442534667,0.011246617392488795,1
0.05610348442534667,0.01802627840943795,1
0.05610348442534667,0.024805939426387102,1
0.05610348442534667,0.031585600443336255,1
0.05610348442534667,0.038365261460285405,1
0.05610348442534667,0.04514492247723456,1
0.05610348442534667,0.05192458349418371,1
0.05610348442534667,0.05870424451113287,1
0.05610348442534667,0.06548390552808202,1
0.05610348442534667,0.07226356654503117,1
0.05610348442534667,0.07904322756198033,1
0.05610348442534667,0.08582288857892947,1
0.05610348442534667,0.09260254959587863,1
0.05610348442534667,0.09938221061282779,1
0.05610348442534667,0.10616187162977693,1
0.05610348442534667,0.11294153264672609,1
0.05610348442534667,0.11972119366367524,1
0.05610348442534667,0.12650085468062439,1
0.05610348442534667,0.13328051569757354,1
0.05610348442534667,0.1400601767145227,1
0.05610348442534667,0.14683983773147186,1
0.05610348442534667,0.153619498748421,1
0.05610348442534667,0.16039915976537017,1
0.05610348442534667,0.16717882078231933,1
0.05610348442534667,0.17395848179926846,1
0.05610348442534667,0.1807381428162176,1
0.05610348442534667,0.18751780383316677,1
0.05610348442534667,0.19429746485011593,1
0.05610348442534667,0.20107712586706508,1
0.05610348442534667,0.20785678688401424,1
0.05610348442534667,0.2146364479009634,1
0.05610348442534667,0.22141610891791252,1
0.05610348442534667,0.22819576993486168,1
0.05610348442534667,0.23497543095181084,1
0.05610348442534667,0.24175509196876,1
0.05610348442534667,0.24853475298570915,1
0.05610348442534667,0.2553144140026583,1
0.05610348442534667,0.26209407501960746,1
0.05610348442534667,0.2688737360365566,1
0.05610348442534667,0.2756533970535058,1
0.05610348442534667,0.28243305807045493,1
0.05610348442534667,0.2892127190874041,1
0.05610348442534667,0.2959923801043532,1
0.05610348442534667,0.30277204112130235,1
0.05610348442534667,0.3095517021382515,1
0.05610348442534667,0.31633136315520066,1
0.05610348442534667,0.3231110241721498,1
0.05610348442534667,0.329890685189099,1
0.05610348442534667,0.33667034620604813,1
0.05610348442534667,0.3434500072229973,1
0.06288314544229583,-0.05654999277700273,2
0.06288314544229583,-0.049770331760053584,1
0.06288314544229583,-0.04299067074310443,1
0.06288314544229583,-0.03621100972615528,1
0.06288314544229583,-0.02943134870920612,1
0.06288314544229583,-0.022651687692256967,1
0.06288314544229583,-0.015872026675307817,1
0.06288314544229583,-0.009092365658358663,1
0.06288314544229583,-0.0023127046414095098,1
0.06288314544229583,0.004466956375539643,1
0.06288314544229583,0.011246617392488795,1
0.06288314544229583,0.01802627840943795,1
0.06288314544229583,0.024805939426387102,1
0.06288314544229583,0.031585600443336255,1
0.06288314544229583,0.038365261460285405,1
0.06288314544229583,0.04514492247723456,1
0.06288314544229583,0.05192458349418371,1
0.06288314544229583,0.05870424451113287,1
0.06288314544229583,0.06548390552808202,1
0.06288314544229583,0.07226356654503117,1
0.06288314544229583,0.07904322756198033,1
0.06288314544229583,0.08582288857892947,1
0.06288314544229583,0.09260254959587863,1
0.06288314544229583,0.09938221061282779,1
0.06288314544229583,0.10616187162977693,1
0.06288314544229583,0.11294153264672609,1
0.06288314544229583,0.11972119366367524,1
0.06288314544229583,0.12650085468062439,1
0.06288314544229583,0.13328051569757354,1
0.06288314544229583,0.1400601767145227,1
0.06288314544229583,0.14683983773147186,1
0.06288314544229583,0.153619498748421,1
0.06288314544229583,0.16039915976537017,1
0.06288314544229583,0.16717882078231933,1
0.06288314544229583,0.17395848179926846,1
0.06288314544229583,0.1807381428162176,1
0.06288314544229583,0.18751780383316677,1
0.06288314544229583,0.19429746485011593,1
0.06288314544229583,0.20107712586706508,1
0.06288314544229583,0.20785678688401424,1
0.06288314544229583,0.2146364479009634,1
0.06288314544229583,0.22141610891791252,1
0.06288314544229583,0.22819576993486168,1
0.06288314544229583,0.23497543095181084,1
0.06288314544229583,0.24175509196876,1
0.06288314544229583,0.24853475298570915,1
0.06288314544229583,0.2553144140026583,1
0.06288314544229583,0.26209407501960746,1
0.06288314544229583,0.2688737360365566,1
0.06288314544229583,0.2756533970535058,1
0.06288314544229583,0.28243305807045493,1
0.06288314544229583,0.2892127190874041,1
0.06288314544229583,0.2959923801043532,1
0.06288314544229583,0.30277204112130235,1
0.06288314544229583,0.3095517021382515,1
0.06288314544229583,0.31633136315520066,1
0.06288314544229583,0.3231110241721498,1
0.06288314544229583,0.329890685189099,1
0.06288314544229583,0.33667034620604813,1
0.06288314544229583,0.3434500072229973,1
0.06966280645924498,-0.05654999277700273,2
0.06966280645924498,-0.049770331760053584,1
0.06966280645924498,-0.04299067074310443,1
0.06966280645924498,-0.03621100972615528,1
0.06966280645924498,-0.02943134870920612,1
0.06966280645924498,-0.022651687692256967,1
0.06966280645924498,-0.015872026675307817,1
0.06966280645924498,-0.009092365658358663,1
0.06966280645924498,-0.0023127046414095098,1
0.06966280645924498,0.004466956375539643,1
0.06966280645924498,0.011246617392488795,1
0.06966280645924498,0.01802627840943795,1
0.06966280645924498,0.024805939426387102,1
0.06966280645924498,0.031585600443336255,1
0.06966280645924498,0.038365261460285405,1
0.06966280645924498,0.04514492247723456,1
0.06966280645924498,0.05192458349418371,1
0.06966280645924498,0.05870424451113287,1
0.06966280645924498,0.06548390552808202,1
0.06966280645924498,0.07226356654503117,1
0.06966280645924498,0.07904322756198033,1
0.06966280645924498,0.08582288857892947,1
0.06966280645924498,0.09260254959587863,1
0.06966280645924498,0.09938221061282779,1
0.06966280645924498,0.10616187162977693,1
0.06966280645924498,0.11294153264672609,1
0.06966280645924498,0.11972119366367524,1
0.06966280645924498,0.12650085468062439,1
0.06966280645924498,0.13328051569757354,1
0.06966280645924498,0.1400601767145227,1
0.06966280645924498,0.14683983773147186,1
0.06966280645924498,0.153619498748421,1
0.06966280645924498,0.16039915976537017,1
0.06966280645924498,0.16717882078231933,1
0.06966280645924498,0.17395848179926846,1
0.06966280645924498,0.1807381428162176,1
0.06966280645924498,0.18751780383316677,1
0.06966280645924498,0.19429746485011593,1
0.06966280645924498,0.20107712586706508,1
0.06966280645924498,0.20785678688401424,1
0.06966280645924498,0.2146364479009634,1
0.06966280645924498,0.22141610891791252,1
0.06966280645924498,0.22819576993486168,1
0.06966280645924498,0.23497543095181084,1
0.06966280645924498,0.24175509196876,1
0.06966280645924498,0.24853475298570915,1
0.06966280645924498,0.2553144140026583,1
0.06966280645924498,0.26209407501960746,1
0.06966280645924498,0.2688737360365566,1
0.06966280645924498,0.2756533970535058,1
0.06966280645924498,0.28243305807045493,1
0.06966280645924498,0.2892127190874041,1
0.06966280645924498,0.2959923801043532,1
0.06966280645924498,0.30277204112130235,1
0.06966280645924498,0.3095517021382515,1
0.06966280645924498,0.31633136315520066,1
0.06966280645924498,0.3231110241721498,1
0.06966280645924498,0.329890685189099,1
0.06966280645924498,0.33667034620604813,1
0.06966280645924498,0.3434500072229973,1
0.07644246747619413,-0.05654999277700273,1
0.07644246747619413,-0.049770331760053584,1
0.07644246747619413,-0.04299067074310443,1
0.07644246747619413,-0.03621100972615528,1
0.07644246747619413,-0.02943134870920612,1
0.07644246747619413,-0.022651687692256967,1
0.07644246747619413,-0.015872026675307817,1
0.07644246747619413,-0.009092365658358663,1
0.07644246747619413,-0.0023127046414095098,1
0.07644246747619413,0.004466956375539643,1
0.07644246747619413,0.011246617392488795,1
0.07644246747619413,0.01802627840943795,1
0.07644246747619413,0.024805939426387102,1
0.07644246747619413,0.031585600443336255,1
0.07644246747619413,0.038365261460285405,1
0.07644246747619413,0.04514492247723456,1
0.07644246747619413,0.05192458349418371,1
0.07644246747619413,0.05870424451113287,1
0.07644246747619413,0.06548390552808202,1
0.07644246747619413,0.07226356654503117,1
0.07644246747619413,0.07904322756198033,1
0.07644246747619413,0.08582288857892947,1
0.07644246747619413,0.09260254959587863,1
0.07644246747619413,0.09938221061282779,1
0.07644246747619413,0.10616187162977693,1
0.07644246747619413,0.11294153264672609,1
0.07644246747619413,0.11972119366367524,1
0.07644246747619413,0.12650085468062439,1
0.07644246747619413,0.13328051569757354,1
0.07644246747619413,0.1400601767145227,1
0.07644246747619413,0.14683983773147186,1
0.07644246747619413,0.153619498748421,1
0.07644246747619413,0.16039915976537017,1
0.07644246747619413,0.16717882078231933,1
0.07644246747619413,0.17395848179926846,1
0.07644246747619413,0.1807381428162176,1
0.07644246747619413,0.18751780383316677,1
0.07644246747619413,0.19429746485011593,1
0.07644246747619413,0.20107712586706508,1
0.07644246747619413,0.20785678688401424,1
0.07644246747619413,0.2146364479009634,1
0.07644246747619413,0.22141610891791252,1
0.07644246747619413,0.22819576993486168,1
0.07644246747619413,0.23497543095181084,1
0.07644246747619413,0.24175509196876,1
0.07644246747619413,0.24853475298570915,1
0.07644246747619413,0.2553144140026583,1
0.07644246747619413,0.26209407501960746,1
0.07644246747619413,0.2688737360365566,1
0.07644246747619413,0.2756533970535058,1
0.07644246747619413,0.28243305807045493,1
0.07644246747619413,0.2892127190874041,1
0.07644246747619413,0.2959923801043532,1
0.07644246747619413,0.30277204112130235,1
0.07644246747619413,0.3095517021382515,1
0.07644246747619413,0.31633136315520066,1
0.07644246747619413,0.3231110241721498,1
0.07644246747619413,0.329890685189099,1
0.07644246747619413,0.33667034620604813,1
0.07644246747619413,0.3434500072229973,1
0.08322212849314328,-0.05654999277700273,1
0.08322212849314328,-0.049770331760053584,1
0.08322212849314328,-0.04299067074310443,1
0.08322212849314328,-0.03621100972615528,1
0.08322212849314328,-0.02943134870920612,1
0.08322212849314328,-0.022651687692256967,1
0.08322212849314328,-0.015872026675307817,1
0.08322212849314328,-0.009092365658358663,1
0.08322212849314328,-0.0023127046414095098,1
0.08322212849314328,0.004466956375539643,1
0.08322212849314328,0.011246617392488795,1
0.08322212849314328,0.01802627840943795,1
0.08322212849314328,0.024805939426387102,1
0.08322212849314328,0.031585600443336255,1
0.08322212849314328,0.038365261460285405,1
0.08322212849314328,0.04514492247723456,1
0.08322212849314328,0.05192458349418371,1
0.08322212849314328,0.05870424451113287,1
0.08322212849314328,0.06548390552808202,1
0.08322212849314328,0.07226356654503117,1
0.08322212849314328,0.07904322756198033,1
0.08322212849314328,0.08582288857892947,1
0.08322212849314328,0.09260254959587863,1
0.08322212849314328,0.09938221061282779,1
0.08322212849314328,0.10616187162977693,1
0.08322212849314328,0.11294153264672609,1
0.08322212849314328,0.11972119366367524,1
0.08322212849314328,0.12650085468062439,1
0.08322212849314328,0.13328051569757354,1
0.08322212849314328,0.1400601767145227,1
0.08322212849314328,0.14683983773147186,1
0.08322212849314328,0.153619498748421,1
0.08322212849314328,0.16039915976537017,1
0.08322212849314328,0.16717882078231933,1
0.08322212849314328,0.17395848179926846,1
0.08322212849314328,0.1807381428162176,1
0.08322212849314328,0.18751780383316677,1
0.08322212849314328,0.19429746485011593,1
0.08322212849314328,0.20107712586706508,1
0.08322212849314328,0.20785678688401424,1
0.08322212849314328,0.2146364479009634,1
0.08322212849314328,0.22141610891791252,1
0.08322212849314328,0.22819576993486168,1
0.08322212849314328,0.23497543095181084,1
0.08322212849314328,0.24175509196876,1
0.08322212849314328,0.24853475298570915,1
0.08322212849314328,0.2553144140026583,1
0.08322212849314328,0.26209407501960746,1
0.08322212849314328,0.2688737360365566,1
0.08322212849314328,0.2756533970535058,1
0.08322212849314328,0.28243305807045493,1
0.08322212849314328,0.2892127190874041,1
0.08322212849314328,0.2959923801043532,1
0.08322212849314328,0.30277204112130235,1
0.08322212849314328,0.3095517021382515,1
0.08322212849314328,0.31633136315520066,1
0.08322212849314328,0.3231110241721498,1
0.08322212849314328,0.329890685189099,1
0.08322212849314328,0.33667034620604813,1
0.08322212849314328,0.3434500072229973,1
0.09000178951009244,-0.05654999277700273,1
0.09000178951009244,-0.049770331760053584,1
0.09000178951009244,-0.04299067074310443,1
0.09000178951009244,-0.03621100972615528,1
0.09000178951009244,-0.02943134870920612,1
0.09000178951009244,-0.022651687692256967,1
0.09000178951009244,-0.015872026675307817,1
0.09000178951009244,-0.009092365658358663,1
0.09000178951009244,-0.0023127046414095098,1
0.09000178951009244,0.004466956375539643,1
0.09000178951009244,0.011246617392488795,1
0.09000178951009244,0.01802627840943795,1
0.09000178951009244,0.024805939426387102,1
0.09000178951009244,0.031585600443336255,1
0.09000178951009244,0.038365261460285405,1
0.09000178951009244,0.04514492247723456,1
0.09000178951009244,0.05192458349418371,1
0.09000178951009244,0.05870424451113287,1
0.09000178951009244,0.06548390552808202,1
0.09000178951009244,0.07226356654503117,1
0.09000178951009244,0.07904322756198033,1
0.09000178951009244,0.08582288857892947,1
0.09000178951009244,0.09260254959587863,1
0.09000178951009244,0.09938221061282779,1
0.09000178951009244,0.10616187162977693,1
0.09000178951009244,0.11294153264672609,1
0.09000178951009244,0.11972119366367524,1
0.09000178951009244,0.12650085468062439,1
0.09000178951009244,0.13328051569757354,1
0.09000178951009244,0.1400601767145227,1
0.09000178951009244,0.14683983773147186,1
0.09000178951009244,0.153619498748421,1
0.09000178951009244,0.16039915976537017,1
0.09000178951009244,0.16717882078231933,1
0.09000178951009244,0.17395848179926846,1
0.09000178951009244,0.1807381428162176,1
0.09000178951009244,0.18751780383316677,1
0.09000178951009244,0.19429746485011593,1
0.09000178951009244,0.20107712586706508,1
0.09000178951009244,0.20785678688401424,1
0.09000178951009244,0.2146364479009634,1
0.09000178951009244,0.22141610891791252,1
0.09000178951009244,0.22819576993486168,1
0.09000178951009244,0.23497543095181084,1
0.09000178951009244,0.24175509196876,1
0.09000178951009244,0.24853475298570915,1
0.09000178951009244,0.2553144140026583,1
0.09000178951009244,0.26209407501960746,1
0.09000178951009244,0.2688737360365566,1
0.09000178951009244,0.2756533970535058,1
0.09000178951009244,0.28243305807045493,1
0.09000178951009244,0.2892127190874041,1
0.09000178951009244,0.2959923801043532,1
0.09000178951009244,0.30277204112130235,1
0.09000178951009244,0.3095517021382515,1
0.09000178951009244,0.31633136315520066,1
0.09000178951009244,0.3231110241721498,1
0.09000178951009244,0.329890685189099,1
0.09000178951009244,0.33667034620604813,1
0.09000178951009244,0.3434500072229973,1
0.09678145052704158,-0.05654999277700273,1
0.09678145052704158,-0.049770331760053584,1
0.09678145052704158,-0.04299067074310443,1
0.09678145052704158,-0.03621100972615528,1
0.09678145052704158,-0.02943134870920612,1
0.09678145052704158,-0.022651687692256967,1
0.09678145052704158,-0.015872026675307817,1
0.09678145052704158,-0.009092365658358663,1
0.09678145052704158,-0.0023127046414095098,1
0.09678145052704158,0.004466956375539643,1
0.09678145052704158,0.011246617392488795,1
0.09678145052704158,0.01802627840943795,1
0.09678145052704158,0.024805939426387102,1
0.09678145052704158,0.031585600443336255,1
0.09678145052704158,0.038365261460285405,1
0.09678145052704158,0.04514492247723456,1
0.09678145052704158,0.05192458349418371,1
0.09678145052704158,0.05870424451113287,1
0.09678145052704158,0.06548390552808202,1
0.09678145052704158,0.07226356654503117,1
0.09678145052704158,0.07904322756198033,1
0.09678145052704158,0.08582288857892947,1
0.09678145052704158,0.09260254959587863,1
0.09678145052704158,0.09938221061282779,1
0.09678145052704158,0.10616187162977693,1
0.09678145052704158,0.11294153264672609,1
0.09678145052704158,0.11972119366367524,1
0.09678145052704158,0.12650085468062439,1
0.09678145052704158,0.13328051569757354,1
0.09678145052704158,0.1400601767145227,1
0.09678145052704158,0.14683983773147186,1
0.09678145052704158,0.153619498748421,1
0.09678145052704158,0.16039915976537017,1
0.09678145052704158,0.16717882078231933,1
0.09678145052704158,0.17395848179926846,1
0.09678145052704158,0.1807381428162176,1
0.09678145052704158,0.18751780383316677,1
0.09678145052704158,0.19429746485011593,1
0.09678145052704158,0.20107712586706508,1
0.09678145052704158,0.20785678688401424,1
0.09678145052704158,0.2146364479009634,1
0.09678145052704158,0.22141610891791252,1
0.09678145052704158,0.22819576993486168,1
0.09678145052704158,0.23497543095181084,1
0.09678145052704158,0.24175509196876,1
0.09678145052704158,0.24853475298570915,1
0.09678145052704158,0.2553144140026583,1
0.09678145052704158,0.26209407501960746,1
0.09678145052704158,0.2688737360365566,1
0.09678145052704158,0.2756533970535058,1
0.09678145052704158,0.28243305807045493,1
0.09678145052704158,0.2892127190874041,1
0.09678145052704158,0.2959923801043532,1
0.09678145052704158,0.30277204112130235,1
0.09678145052704158,0.3095517021382515,1
0.09678145052704158,0.31633136315520066,1
0.09678145052704158,0.3231110241721498,1
0.09678145052704158,0.329890685189099,1
0.09678145052704158,0.33667034620604813,1
0.09678145052704158,0.3434500072229973,1
0.10356111154399074,-0.05654999277700273,1
0.10356111154399074,-0.049770331760053584,1
0.10356111154399074,-0.04299067074310443,1
0.10356111154399074,-0.03621100972615528,1
0.10356111154399074,-0.02943134870920612,1
0.10356111154399074,-0.022651687692256967,1
0.10356111154399074,-0.015872026675307817,1
0.10356111154399074,-0.009092365658358663,1
0.10356111154399074,-0.0023127046414095098,1
0.10356111154399074,0.004466956375539643,1
0.10356111154399074,0.011246617392488795,1
0.10356111154399074,0.01802627840943795,1
0.10356111154399074,0.024805939426387102,1
0.10356111154399074,0.031585600443336255,1
0.10356111154399074,0.038365261460285405,1
0.10356111154399074,0.04514492247723456,1
0.10356111154399074,0.05192458349418371,1
0.10356111154399074,0.05870424451113287,1
0.10356111154399074,0.06548390552808202,1
0.10356111154399074,0.07226356654503117,1
0.10356111154399074,0.07904322756198033,1
0.10356111154399074,0.08582288857892947,1
0.10356111154399074,0.09260254959587863,1
0.10356111154399074,0.09938221061282779,1
0.10356111154399074,0.10616187162977693,1
0.10356111154399074,0.11294153264672609,1
0.10356111154399074,0.11972119366367524,1
0.10356111154399074,0.12650085468062439,1
0.10356111154399074,0.13328051569757354,1
0.10356111154399074,0.1400601767145227,1
0.10356111154399074,0.14683983773147186,1
0.10356111154399074,0.153619498748421,1
0.10356111154399074,0.16039915976537017,1
0.10356111154399074,0.16717882078231933,1
0.10356111154399074,0.17395848179926846,1
0.10356111154399074,0.1807381428162176,1
0.10356111154399074,0.18751780383316677,1
0.10356111154399074,0.19429746485011593,1
0.10356111154399074,0.20107712586706508,1
0.10356111154399074,0.20785678688401424,1
0.10356111154399074,0.2146364479009634,1
0.10356111154399074,0.22141610891791252,1
0.10356111154399074,0.22819576993486168,1
0.10356111154399074,0.23497543095181084,1
0.10356111154399074,0.24175509196876,1
0.10356111154399074,0.24853475298570915,1
0.10356111154399074,0.2553144140026583,1
0.10356111154399074,0.26209407501960746,1
0.10356111154399074,0.2688737360365566,1
0.10356111154399074,0.2756533970535058,1
0.10356111154399074,0.28243305807045493,1
0.10356111154399074,0.2892127190874041,1
0.10356111154399074,0.2959923801043532,1
0.10356111154399074,0.30277204112130235,1
0.10356111154399074,0.3095517021382515,1
0.10356111154399074,0.31633136315520066,1
0.10356111154399074,0.3231110241721498,1
0.10356111154399074,0.329890685189099,1
0.10356111154399074,0.33667034620604813,1
0.10356111154399074,0.3434500072229973,1
0.1103407725609399,-0.05654999277700273,1
0.1103407725609399,-0.049770331760053584,1
0.1103407725609399,-0.04299067074310443,1
0.1103407725609399,-0.03621100972615528,1
0.1103407725609399,-0.02943134870920612,1
0.1103407725609399,-0.022651687692256967,1
0.1103407725609399,-0.015872026675307817,1
0.1103407725609399,-0.009092365658358663,1
0.1103407725609399,-0.0023127046414095098,1
0.1103407725609399,0.004466956375539643,1
0.1103407725609399,0.011246617392488795,1
0.1103407725609399,0.01802627840943795,1
0.1103407725609399,0.024805939426387102,1
0.1103407725609399,0.031585600443336255,1
0.1103407725609399,0.038365261460285405,1
0.1103407725609399,0.04514492247723456,1
0.1103407725609399,0.05192458349418371,1
0.1103407725609399,0.05870424451113287,1
0.1103407725609399,0.06548390552808202,1
0.1103407725609399,0.07226356654503117,1
0.1103407725609399,0.07904322756198033,1
0.1103407725609399,0.08582288857892947,1
0.1103407725609399,0.09260254959587863,1
0.1103407725609399,0.09938221061282779,1
0.1103407725609399,0.10616187162977693,1
0.1103407725609399,0.11294153264672609,1
0.1103407725609399,0.11972119366367524,1
0.1103407725609399,0.12650085468062439,1
0.1103407725609399,0.13328051569757354,1
0.1103407725609399,0.1400601767145227,1
0.1103407725609399,0.14683983773147186,1
0.1103407725609399,0.153619498748421,1
0.1103407725609399,0.16039915976537017,1
0.1103407725609399,0.16717882078231933,1
0.1103407725609399,0.17395848179926846,1
0.1103407725609399,0.1807381428162176,1
0.1103407725609399,0.18751780383316677,1
0.1103407725609399,0.19429746485011593,1
0.1103407725609399,0.20107712586706508,1
0.1103407725609399,0.20785678688401424,1
0.1103407725609399,0.2146364479009634,1
0.1103407725609399,0.22141610891791252,1
0.1103407725609399,0.22819576993486168,1
0.1103407725609399,0.23497543095181084,1
0.1103407725609399,0.24175509196876,1
0.1103407725609399,0.24853475298570915,1
0.1103407725609399,0.2553144140026583,1
0.1103407725609399,0.26209407501960746,1
0.1103407725609399,0.2688737360365566,1
0.1103407725609399,0.2756533970535058,1
0.1103407725609399,0.28243305807045493,1
0.1103407725609399,0.2892127190874041,1
0.1103407725609399,0.2959923801043532,1
0.1103407725609399,0.30277204112130235,1
0.1103407725609399,0.3095517021382515,1
0.1103407725609399,0.31633136315520066,1
0.1103407725609399,0.3231110241721498,1
0.1103407725609399,0.329890685189099,1
0.1103407725609399,0.33667034620604813,1
0.1103407725609399,0.3434500072229973,1
0.11712043357788905,-0.05654999277700273,1
0.11712043357788905,-0.049770331760053584,1
0.11712043357788905,-0.04299067074310443,1
0.11712043357788905,-0.03621100972615528,1
0.11712043357788905,-0.02943134870920612,1
0.11712043357788905,-0.022651687692256967,1
0.11712043357788905,-0.015872026675307817,1
0.11712043357788905,-0.009092365658358663,1
0.11712043357788905,-0.0023127046414095098,1
0.11712043357788905,0.004466956375539643,1
0.11712043357788905,0.011246617392488795,1
0.11712043357788905,0.01802627840943795,1
0.11712043357788905,0.024805939426387102,1
0.11712043357788905,0.031585600443336255,1
0.11712043357788905,0.038365261460285405,1
0.11712043357788905,0.04514492247723456,1
0.11712043357788905,0.05192458349418371,1
0.11712043357788905,0.05870424451113287,1
0.11712043357788905,0.06548390552808202,1
0.11712043357788905,0.07226356654503117,1
0.11712043357788905,0.07904322756198033,1
0.11712043357788905,0.08582288857892947,1
0.11712043357788905,0.09260254959587863,1
0.11712043357788905,0.09938221061282779,1
0.11712043357788905,0.10616187162977693,1
0.11712043357788905,0.11294153264672609,1
0.11712043357788905,0.11972119366367524,1
0.11712043357788905,0.12650085468062439,1
0.11712043357788905,0.13328051569757354,1
0.11712043357788905,0.1400601767145227,1
0.11712043357788905,0.14683983773147186,1
0.11712043357788905,0.153619498748421,1
0.11712043357788905,0.16039915976537017,1
0.11712043357788905,0.16717882078231933,1
0.11712043357788905,0.17395848179926846,1
0.11712043357788905,0.1807381428162176,1
0.11712043357788905,0.18751780383316677,1
0.11712043357788905,0.19429746485011593,1
0.11712043357788905,0.20107712586706508,1
0.11712043357788905,0.20785678688401424,1
0.11712043357788905,0.2146364479009634,1
0.11712043357788905,0.22141610891791252,1
0.11712043357788905,0.22819576993486168,1
0.11712043357788905,0.23497543095181084,1
0.11712043357788905,0.24175509196876,1
0.11712043357788905,0.24853475298570915,1
0.11712043357788905,0.2553144140026583,1
0.11712043357788905,0.26209407501960746,1
0.11712043357788905,0.2688737360365566,1
0.11712043357788905,0.2756533970535058,1
0.11712043357788905,0.28243305807045493,1
0.11712043357788905,0.2892127190874041,1
0.11712043357788905,0.2959923801043532,1
0.11712043357788905,0.30277204112130235,1
0.11712043357788905,0.3095517021382515,1
0.11712043357788905,0.31633136315520066,1
0.11712043357788905,0.3231110241721498,1
0.11712043357788905,0.329890685189099,1
0.11712043357788905,0.33667034620604813,1
0.11712043357788905,0.3434500072229973,1
0.1239000945948382,-0.05654999277700273,1
0.1239000945948382,-0.049770331760053584,1
0.1239000945948382,-0.04299067074310443,1
0.1239000945948382,-0.03621100972615528,1
0.1239000945948382,-0.02943134870920612,1
0.1239000945948382,-0.022651687692256967,1
0.1239000945948382,-0.015872026675307817,1
0.1239000945948382,-0.009092365658358663,1
0.1239000945948382,-0.0023127046414095098,1
0.1239000945948382,0.004466956375539643,1
0.1239000945948382,0.011246617392488795,1
0.1239000945948382,0.01802627840943795,1
0.1239000945948382,0.024805939426387102,1
0.1239000945948382,0.031585600443336255,1
0.1239000945948382,0.038365261460285405,1
0.1239000945948382,0.04514492247723456,1
0.1239000945948382,0.05192458349418371,1
0.1239000945948382,0.05870424451113287,1
0.1239000945948382,0.06548390552808202,1
0.1239000945948382,0.07226356654503117,1
0.1239000945948382,0.07904322756198033,1
0.1239000945948382,0.08582288857892947,1
0.1239000945948382,0.09260254959587863,1
0.1239000945948382,0.09938221061282779,1
0.1239000945948382,0.10616187162977693,1
0.1239000945948382,0.11294153264672609,1
0.1239000945948382,0.11972119366367524,1
0.1239000945948382,0.12650085468062439,1
0.1239000945948382,0.13328051569757354,1
0.1239000945948382,0.1400601767145227,1
0.1239000945948382,0.14683983773147186,1
0.1239000945948382,0.153619498748421,1
0.1239000945948382,0.16039915976537017,1
0.1239000945948382,0.16717882078231933,1
0.1239000945948382,0.17395848179926846,1
0.1239000945948382,0.1807381428162176,1
0.1239000945948382,0.18751780383316677,1
0.1239000945948382,0.19429746485011593,1
0.1239000945948382,0.20107712586706508,1
0.1239000945948382,0.20785678688401424,1
0.1239000945948382,0.2146364479009634,1
0.1239000945948382,0.22141610891791252,1
0.1239000945948382,0.22819576993486168,1
0.1239000945948382,0.23497543095181084,1
0.1239000945948382,0.24175509196876,1
0.1239000945948382,0.24853475298570915,1
0.1239000945948382,0.2553144140026583,1
0.1239000945948382,0.26209407501960746,1
0.1239000945948382,0.2688737360365566,1
0.1239000945948382,0.2756533970535058,1
0.1239000945948382,0.28243305807045493,1
0.1239000945948382,0.2892127190874041,1
0.1239000945948382,0.2959923801043532,1
0.1239000945948382,0.30277204112130235,1
0.1239000945948382,0.3095517021382515,1
0.1239000945948382,0.31633136315520066,1
0.1239000945948382,0.3231110241721498,1
0.1239000945948382,0.329890685189099,1
0.1239000945948382,0.33667034620604813,1
0.1239000945948382,0.3434500072229973,1
0.13067975561178735,-0.05654999277700273,1
0.13067975561178735,-0.049770331760053584,1
0.13067975561178735,-0.04299067074310443,1
0.13067975561178735,-0.03621100972615528,1
0.13067975561178735,-0.02943134870920612,1
0.13067975561178735,-0.022651687692256967,1
0.13067975561178735,-0.015872026675307817,1
0.13067975561178735,-0.009092365658358663,1
0.13067975561178735,-0.0023127046414095098,1
0.13067975561178735,0.004466956375539643,1
0.13067975561178735,0.011246617392488795,1
0.13067975561178735,0.01802627840943795,1
0.13067975561178735,0.024805939426387102,1
0.13067975561178735,0.031585600443336255,1
0.13067975561178735,0.038365261460285405,1
0.13067975561178735,0.04514492247723456,1
0.13067975561178735,0.05192458349418371,1
0.13067975561178735,0.05870424451113287,1
0.13067975561178735,0.06548390552808202,1
0.13067975561178735,0.07226356654503117,1
0.13067975561178735,0.07904322756198033,1
0.13067975561178735,0.08582288857892947,1
0.13067975561178735,0.09260254959587863,1
0.13067975561178735,0.09938221061282779,1
0.13067975561178735,0.10616187162977693,1
0.13067975561178735,0.11294153264672609,1
0.13067975561178735,0.11972119366367524,1
0.13067975561178735,0.12650085468062439,1
0.13067975561178735,0.13328051569757354,1
0.13067975561178735,0.1400601767145227,1
0.13067975561178735,0.14683983773147186,1
0.13067975561178735,0.153619498748421,1
0.13067975561178735,0.16039915976537017,1
0.13067975561178735,0.16717882078231933,1
0.13067975561178735,0.17395848179926846,1
0.13067975561178735,0.1807381428162176,1
0.13067975561178735,0.18751780383316677,1
0.13067975561178735,0.19429746485011593,1
0.13067975561178735,0.20107712586706508,1
0.13067975561178735,0.20785678688401424,1
0.13067975561178735,0.2146364479009634,1
0.13067975561178735,0.22141610891791252,1
0.13067975561178735,0.22819576993486168,1
0.13067975561178735,0.23497543095181084,1
0.13067975561178735,0.24175509196876,1
0.13067975561178735,0.24853475298570915,1
0.13067975561178735,0.2553144140026583,1
0.13067975561178735,0.26209407501960746,1
0.13067975561178735,0.2688737360365566,1
0.13067975561178735,0.2756533970535058,1
0.13067975561178735,0.28243305807045493,1
0.13067975561178735,0.2892127190874041,1
0.13067975561178735,0.2959923801043532,1
0.13067975561178735,0.30277204112130235,1
0.13067975561178735,0.3095517021382515,1
0.13067975561178735,0.31633136315520066,1
0.13067975561178735,0.3231110241721498,1
0.13067975561178735,0.329890685189099,1
0.13067975561178735,0.33667034620604813,1
0.13067975561178735,0.3434500072229973,1
0.1374594166287365,-0.05654999277700273,1
0.1374594166287365,-0.049770331760053584,1
0.1374594166287365,-0.04299067074310443,1
0.1374594166287365,-0.03621100972615528,1
0.1374594166287365,-0.02943134870920612,1
0.1374594166287365,-0.022651687692256967,1
0.1374594166287365,-0.015872026675307817,1
0.1374594166287365,-0.009092365658358663,1
0.1374594166287365,-0.0023127046414095098,1
0.1374594166287365,0.004466956375539643,1
0.1374594166287365,0.011246617392488795,1
0.1374594166287365,0.01802627840943795,1
0.1374594166287365,0.024805939426387102,1
0.1374594166287365,0.031585600443336255,1
0.1374594166287365,0.038365261460285405,1
0.1374594166287365,0.04514492247723456,1
0.1374594166287365,0.05192458349418371,1
0.1374594166287365,0.05870424451113287,1
0.1374594166287365,0.06548390552808202,1
0.1374594166287365,0.07226356654503117,1
0.1374594166287365,0.07904322756198033,1
0.1374594166287365,0.08582288857892947,1
0.1374594166287365,0.09260254959587863,1
0.1374594166287365,0.09938221061282779,1
0.1374594166287365,0.10616187162977693,1
0.1374594166287365,0.11294153264672609,1
0.1374594166287365,0.11972119366367524,1
0.1374594166287365,0.12650085468062439,1
0.1374594166287365,0.13328051569757354,1
0.1374594166287365,0.1400601767145227,1
0.1374594166287365,0.14683983773147186,1
0.1374594166287365,0.153619498748421,1
0.1374594166287365,0.16039915976537017,1
0.1374594166287365,0.16717882078231933,1
0.1374594166287365,0.17395848179926846,1
0.1374594166287365,0.1807381428162176,1
0.1374594166287365,0.18751780383316677,1
0.1374594166287365,0.19429746485011593,1
0.1374594166287365,0.20107712586706508,1
0.1374594166287365,0.20785678688401424,1
0.1374594166287365,0.2146364479009634,1
0.1374594166287365,0.22141610891791252,1
0.1374594166287365,0.22819576993486168,1
0.1374594166287365,0.23497543095181084,1
0.1374594166287365,0.24175509196876,1
0.1374594166287365,0.24853475298570915,1
0.1374594166287365,0.2553144140026583,1
0.1374594166287365,0.26209407501960746,1
0.1374594166287365,0.2688737360365566,1
0.1374594166287365,0.2756533970535058,1
0.1374594166287365,0.28243305807045493,1
0.1374594166287365,0.2892127190874041,1
0.1374594166287365,0.2959923801043532,1
0.1374594166287365,0.30277204112130235,1
0.1374594166287365,0.3095517021382515,1
0.1374594166287365,0.31633136315520066,1
0.1374594166287365,0.3231110241721498,1
0.1374594166287365,0.329890685189099,1
0.1374594166287365,0.33667034620604813,1
0.1374594166287365,0.3434500072229973,1
0.14423907764568566,-0.05654999277700273,1
0.14423907764568566,-0.049770331760053584,1
0.14423907764568566,-0.04299067074310443,1
0.14423907764568566,-0.03621100972615528,1
0.14423907764568566,-0.02943134870920612,1
0.14423907764568566,-0.022651687692256967,1
0.14423907764568566,-0.015872026675307817,1
0.14423907764568566,-0.009092365658358663,1
0.14423907764568566,-0.0023127046414095098,1
0.14423907764568566,0.004466956375539643,1
0.14423907764568566,0.011246617392488795,1
0.14423907764568566,0.01802627840943795,1
0.14423907764568566,0.024805939426387102,1
0.14423907764568566,0.031585600443336255,1
0.14423907764568566,0.038365261460285405,1
0.14423907764568566,0.04514492247723456,1
0.14423907764568566,0.05192458349418371,1
0.14423907764568566,0.05870424451113287,1
0.14423907764568566,0.06548390552808202,1
0.14423907764568566,0.07226356654503117,1
0.14423907764568566,0.07904322756198033,1
0.14423907764568566,0.08582288857892947,1
0.14423907764568566,0.09260254959587863,1
0.14423907764568566,0.09938221061282779,1
0.14423907764568566,0.10616187162977693,1
0.14423907764568566,0.11294153264672609,1
0.14423907764568566,0.11972119366367524,1
0.14423907764568566,0.12650085468062439,1
0.14423907764568566,0.13328051569757354,1
0.14423907764568566,0.1400601767145227,1
0.14423907764568566,0.14683983773147186,1
0.14423907764568566,0.153619498748421,1
0.14423907764568566,0.16039915976537017,1
0.14423907764568566,0.16717882078231933,1
0.14423907764568566,0.17395848179926846,1
0.14423907764568566,0.1807381428162176,1
0.14423907764568566,0.18751780383316677,1
0.14423907764568566,0.19429746485011593,1
0.14423907764568566,0.20107712586706508,1
0.14423907764568566,0.20785678688401424,1
0.14423907764568566,0.2146364479009634,1
0.14423907764568566,0.22141610891791252,1
0.14423907764568566,0.22819576993486168,1
0.14423907764568566,0.23497543095181084,1
0.14423907764568566,0.24175509196876,1
0.14423907764568566,0.24853475298570915,1
0.14423907764568566,0.2553144140026583,1
0.14423907764568566,0.26209407501960746,1
0.14423907764568566,0.2688737360365566,1
0.14423907764568566,0.2756533970535058,1
0.14423907764568566,0.28243305807045493,1
0.14423907764568566,0.2892127190874041,1
0.14423907764568566,0.2959923801043532,1
0.14423907764568566,0.30277204112130235,1
0.14423907764568566,0.3095517021382515,1
0.14423907764568566,0.31633136315520066,1
0.14423907764568566,0.3231110241721498,1
0.14423907764568566,0.329890685189099,1
0.14423907764568566,0.33667034620604813,1
0.14423907764568566,0.3434500072229973,1
0.15101873866263482,-0.05654999277700273,1
0.15101873866263482,-0.049770331760053584,1
0.15101873866263482,-0.04299067074310443,1
0.15101873866263482,-0.03621100972615528,1
0.15101873866263482,-0.02943134870920612,1
0.15101873866263482,-0.022651687692256967,1
0.15101873866263482,-0.015872026675307817,1
0.15101873866263482,-0.009092365658358663,1
0.15101873866263482,-0.0023127046414095098,1
0.15101873866263482,0.004466956375539643,1
0.15101873866263482,0.011246617392488795,1
0.15101873866263482,0.01802627840943795,1
0.15101873866263482,0.024805939426387102,1
0.15101873866263482,0.031585600443336255,1
0.15101873866263482,0.038365261460285405,1
0.15101873866263482,0.04514492247723456,1
0.15101873866263482,0.05192458349418371,1
0.15101873866263482,0.05870424451113287,1
0.15101873866263482,0.06548390552808202,1
0.15101873866263482,0.07226356654503117,1
0.15101873866263482,0.07904322756198033,1
0.15101873866263482,0.08582288857892947,1
0.15101873866263482,0.09260254959587863,1
0.15101873866263482,0.09938221061282779,1
0.15101873866263482,0.10616187162977693,1
0.15101873866263482,0.11294153264672609,1
0.15101873866263482,0.11972119366367524,1
0.15101873866263482,0.12650085468062439,1
0.15101873866263482,0.13328051569757354,1
0.15101873866263482,0.1400601767145227,1
0.15101873866263482,0.14683983773147186,1
0.15101873866263482,0.153619498748421,1
0.15101873866263482,0.16039915976537017,1
0.15101873866263482,0.16717882078231933,1
0.15101873866263482,0.17395848179926846,1
0.15101873866263482,0.1807381428162176,1
0.15101873866263482,0.18751780383316677,1
0.15101873866263482,0.19429746485011593,1
0.15101873866263482,0.20107712586706508,1
0.15101873866263482,0.20785678688401424,1
0.15101873866263482,0.2146364479009634,1
0.15101873866263482,0.22141610891791252,1
0.15101873866263482,0.22819576993486168,1
0.15101873866263482,0.23497543095181084,1
0.15101873866263482,0.24175509196876,1
0.15101873866263482,0.24853475298570915,1
0.15101873866263482,0.2553144140026583,1
0.15101873866263482,0.26209407501960746,1
0.15101873866263482,0.2688737360365566,1
0.15101873866263482,0.2756533970535058,1
0.15101873866263482,0.28243305807045493,1
0.15101873866263482,0.2892127190874041,1
0.15101873866263482,0.2959923801043532,1
0.15101873866263482,0.30277204112130235,1
0.15101873866263482,0.3095517021382515,1
0.15101873866263482,0.31633136315520066,1
0.15101873866263482,0.3231110241721498,1
0.15101873866263482,0.329890685189099,1
0.15101873866263482,0.33667034620604813,1
0.15101873866263482,0.3434500072229973,1
0.15779839967958395,-0.05654999277700273,1
0.15779839967958395,-0.049770331760053584,1
0.15779839967958395,-0.04299067074310443,1
0.15779839967958395,-0.03621100972615528,1
0.15779839967958395,-0.02943134870920612,1
0.15779839967958395,-0.022651687692256967,1
0.15779839967958395,-0.015872026675307817,1
0.15779839967958395,-0.009092365658358663,1
0.15779839967958395,-0.0023127046414095098,1
0.15779839967958395,0.004466956375539643,1
0.15779839967958395,0.011246617392488795,1
0.15779839967958395,0.01802627840943795,1
0.15779839967958395,0.024805939426387102,1
0.15779839967958395,0.031585600443336255,1
0.15779839967958395,0.038365261460285405,1
0.15779839967958395,0.04514492247723456,1
0.15779839967958395,0.05192458349418371,1
0.15779839967958395,0.05870424451113287,1
0.15779839967958395,0.06548390552808202,1
0.15779839967958395,0.07226356654503117,1
0.15779839967958395,0.07904322756198033,1
0.15779839967958395,0.08582288857892947,1
0.15779839967958395,0.09260254959587863,1
0.15779839967958395,0.09938221061282779,1
0.15779839967958395,0.10616187162977693,1
0.15779839967958395,0.11294153264672609,1
0.15779839967958395,0.11972119366367524,1
0.15779839967958395,0.12650085468062439,1
0.15779839967958395,0.13328051569757354,1
0.15779839967958395,0.1400601767145227,1
0.15779839967958395,0.14683983773147186,1
0.15779839967958395,0.153619498748421,1
0.15779839967958395,0.16039915976537017,1
0.15779839967958395,0.16717882078231933,1
0.15779839967958395,0.17395848179926846,1
0.15779839967958395,0.1807381428162176,1
0.15779839967958395,0.18751780383316677,1
0.15779839967958395,0.19429746485011593,1
0.15779839967958395,0.20107712586706508,1
0.15779839967958395,0.20785678688401424,1
0.15779839967958395,0.2146364479009634,1
0.15779839967958395,0.22141610891791252,1
0.15779839967958395,0.22819576993486168,1
0.15779839967958395,0.23497543095181084,1
0.15779839967958395,0.24175509196876,1
0.15779839967958395,0.24853475298570915,1
0.15779839967958395,0.2553144140026583,1
0.15779839967958395,0.26209407501960746,1
0.15779839967958395,0.2688737360365566,1
0.15779839967958395,0.2756533970535058,1
0.15779839967958395,0.28243305807045493,1
0.15779839967958395,0.2892127190874041,1
0.15779839967958395,0.2959923801043532,1
0.15779839967958395,0.30277204112130235,1
0.15779839967958395,0.3095517021382515,1
0.15779839967958395,0.31633136315520066,1
0.15779839967958395,0.3231110241721498,1
0.15779839967958395,0.329890685189099,1
0.15779839967958395,0.33667034620604813,1
0.15779839967958395,0.3434500072229973,1
0.1645780606965331,-0.05654999277700273,1
0.1645780606965331,-0.049770331760053584,1
0.1645780606965331,-0.04299067074310443,1
0.1645780606965331,-0.03621100972615528,1
0.1645780606965331,-0.02943134870920612,1
0.1645780606965331,-0.022651687692256967,1
0.1645780606965331,-0.015872026675307817,1
0.1645780606965331,-0.009092365658358663,1
0.1645780606965331,-0.0023127046414095098,1
0.1645780606965331,0.004466956375539643,1
0.1645780606965331,0.011246617392488795,1
0.1645780606965331,0.01802627840943795,1
0.1645780606965331,0.024805939426387102,1
0.1645780606965331,0.031585600443336255,1
0.1645780606965331,0.038365261460285405,1
0.1645780606965331,0.04514492247723456,1
0.1645780606965331,0.05192458349418371,1
0.1645780606965331,0.05870424451113287,1
0.1645780606965331,0.06548390552808202,1
0.1645780606965331,0.07226356654503117,1
0.1645780606965331,0.07904322756198033,1
0.1645780606965331,0.08582288857892947,1
0.1645780606965331,0.09260254959587863,1
0.1645780606965331,0.09938221061282779,1
0.1645780606965331,0.10616187162977693,1
0.1645780606965331,0.11294153264672609,1
0.1645780606965331,0.11972119366367524,1
0.1645780606965331,0.12650085468062439,1
0.1645780606965331,0.13328051569757354,1
0.1645780606965331,0.1400601767145227,1
0.1645780606965331,0.14683983773147186,1
0.1645780606965331,0.153619498748421,1
0.1645780606965331,0.16039915976537017,1
0.1645780606965331,0.16717882078231933,1
0.1645780606965331,0.17395848179926846,1
0.1645780606965331,0.1807381428162176,1
0.1645780606965331,0.18751780383316677,1
0.1645780606965331,0.19429746485011593,1
0.1645780606965331,0.20107712586706508,1
0.1645780606965331,0.20785678688401424,1
0.1645780606965331,0.2146364479009634,1
0.1645780606965331,0.22141610891791252,1
0.1645780606965331,0.22819576993486168,1
0.1645780606965331,0.23497543095181084,1
0.1645780606965331,0.24175509196876,1
0.1645780606965331,0.24853475298570915,1
0.1645780606965331,0.2553144140026583,1
0.1645780606965331,0.26209407501960746,1
0.1645780606965331,0.2688737360365566,1
0.1645780606965331,0.2756533970535058,1
0.1645780606965331,0.28243305807045493,1
0.1645780606965331,0.2892127190874041,1
0.1645780606965331,0.2959923801043532,1
0.1645780606965331,0.30277204112130235,1
0.1645780606965331,0.3095517021382515,1
0.1645780606965331,0.31633136315520066,1
0.1645780606965331,0.3231110241721498,1
0.1645780606965331,0.329890685189099,1
0.1645780606965331,0.33667034620604813,1
0.1645780606965331,0.3434500072229973,1
0.17135772171348226,-0.05654999277700273,1
0.17135772171348226,-0.049770331760053584,1
0.17135772171348226,-0.04299067074310443,1
0.17135772171348226,-0.03621100972615528,1
0.17135772171348226,-0.02943134870920612,1
0.17135772171348226,-0.022651687692256967,1
0.17135772171348226,-0.015872026675307817,1
0.17135772171348226,-0.009092365658358663,1
0.17135772171348226,-0.0023127046414095098,1
0.17135772171348226,0.004466956375539643,1
0.17135772171348226,0.011246617392488795,1
0.17135772171348226,0.01802627840943795,1
0.17135772171348226,0.024805939426387102,1
0.17135772171348226,0.031585600443336255,1
0.17135772171348226,0.038365261460285405,1
0.17135772171348226,0.04514492247723456,1
0.17135772171348226,0.05192458349418371,1
0.17135772171348226,0.05870424451113287,1
0.17135772171348226,0.06548390552808202,1
0.17135772171348226,0.07226356654503117,1
0.17135772171348226,0.07904322756198033,1
0.17135772171348226,0.08582288857892947,1
0.17135772171348226,0.09260254959587863,1
0.17135772171348226,0.09938221061282779,1
0.17135772171348226,0.10616187162977693,1
0.17135772171348226,0.11294153264672609,1
0.17135772171348226,0.11972119366367524,1
0.17135772171348226,0.12650085468062439,1
0.17135772171348226,0.13328051569757354,1
0.17135772171348226,0.1400601767145227,1
0.17135772171348226,0.14683983773147186,1
0.17135772171348226,0.153619498748421,1
0.17135772171348226,0.16039915976537017,1
0.17135772171348226,0.16717882078231933,1
0.17135772171348226,0.17395848179926846,1
0.17135772171348226,0.1807381428162176,1
0.17135772171348226,0.18751780383316677,1
0.17135772171348226,0.19429746485011593,1
0.17135772171348226,0.20107712586706508,1
0.17135772171348226,0.20785678688401424,1
0.17135772171348226,0.2146364479009634,1
0.17135772171348226,0.22141610891791252,1
0.17135772171348226,0.22819576993486168,1
0.17135772171348226,0.23497543095181084,1
0.17135772171348226,0.24175509196876,1
0.17135772171348226,0.24853475298570915,1
0.17135772171348226,0.2553144140026583,1
0.17135772171348226,0.26209407501960746,1
0.17135772171348226,0.2688737360365566,1
0.17135772171348226,0.2756533970535058,1
0.17135772171348226,0.28243305807045493,1
0.17135772171348226,0.2892127190874041,1
0.17135772171348226,0.2959923801043532,1
0.17135772171348226,0.30277204112130235,1
0.17135772171348226,0.3095517021382515,1
0.17135772171348226,0.31633136315520066,1
0.17135772171348226,0.3231110241721498,1
0.17135772171348226,0.329890685189099,1
0.17135772171348226,0.33667034620604813,1
0.17135772171348226,0.3434500072229973,1
0.17813738273043142,-0.05654999277700273,1
0.17813738273043142,-0.049770331760053584,1
0.17813738273043142,-0.04299067074310443,1
0.17813738273043142,-0.03621100972615528,1
0.17813738273043142,-0.02943134870920612,1
0.17813738273043142,-0.022651687692256967,1
0.17813738273043142,-0.015872026675307817,1
0.17813738273043142,-0.009092365658358663,1
0.17813738273043142,-0.0023127046414095098,1
0.17813738273043142,0.004466956375539643,1
0.17813738273043142,0.011246617392488795,1
0.17813738273043142,0.01802627840943795,1
0.17813738273043142,0.024805939426387102,1
0.17813738273043142,0.031585600443336255,1
0.17813738273043142,0.038365261460285405,1
0.17813738273043142,0.04514492247723456,1
0.17813738273043142,0.05192458349418371,1
0.17813738273043142,0.05870424451113287,1
0.17813738273043142,0.06548390552808202,1
0.17813738273043142,0.07226356654503117,1
0.17813738273043142,0.07904322756198033,1
0.17813738273043142,0.08582288857892947,1
0.17813738273043142,0.09260254959587863,1
0.17813738273043142,0.09938221061282779,1
0.17813738273043142,0.10616187162977693,1
0.17813738273043142,0.11294153264672609,1
0.17813738273043142,0.11972119366367524,1
0.17813738273043142,0.12650085468062439,1
0.17813738273043142,0.13328051569757354,1
0.17813738273043142,0.1400601767145227,1
0.17813738273043142,0.14683983773147186,1
0.17813738273043142,0.153619498748421,1
0.17813738273043142,0.16039915976537017,1
0.17813738273043142,0.16717882078231933,1
0.17813738273043142,0.17395848179926846,1
0.17813738273043142,0.1807381428162176,1
0.17813738273043142,0.18751780383316677,1
0.17813738273043142,0.19429746485011593,1
0.17813738273043142,0.20107712586706508,1
0.17813738273043142,0.20785678688401424,1
0.17813738273043142,0.2146364479009634,1
0.17813738273043142,0.22141610891791252,1
0.17813738273043142,0.22819576993486168,1
0.17813738273043142,0.23497543095181084,1
0.17813738273043142,0.24175509196876,1
0.17813738273043142,0.24853475298570915,1
0.17813738273043142,0.2553144140026583,1
0.17813738273043142,0.26209407501960746,1
0.17813738273043142,0.2688737360365566,1
0.17813738273043142,0.2756533970535058,1
0.17813738273043142,0.28243305807045493,1
0.17813738273043142,0.2892127190874041,1
0.17813738273043142,0.2959923801043532,1
0.17813738273043142,0.30277204112130235,1
0.17813738273043142,0.3095517021382515,1
0.17813738273043142,0.31633136315520066,1
0.17813738273043142,0.3231110241721498,1
0.17813738273043142,0.329890685189099,1
0.17813738273043142,0.33667034620604813,1
0.17813738273043142,0.3434500072229973,1
0.18491704374738058,-0.05654999277700273,1
0.18491704374738058,-0.049770331760053584,1
0.18491704374738058,-0.04299067074310443,1
0.18491704374738058,-0.03621100972615528,1
0.18491704374738058,-0.02943134870920612,1
0.18491704374738058,-0.022651687692256967,1
0.18491704374738058,-0.015872026675307817,1
0.18491704374738058,-0.009092365658358663,1
0.18491704374738058,-0.0023127046414095098,1
0.18491704374738058,0.004466956375539643,1
0.18491704374738058,0.011246617392488795,1
0.18491704374738058,0.01802627840943795,1
0.18491704374738058,0.024805939426387102,1
0.18491704374738058,0.031585600443336255,1
0.18491704374738058,0.038365261460285405,1
0.18491704374738058,0.04514492247723456,1
0.18491704374738058,0.05192458349418371,1
0.18491704374738058,0.05870424451113287,1
0.18491704374738058,0.06548390552808202,1
0.18491704374738058,0.07226356654503117,1
0.18491704374738058,0.07904322756198033,1
0.18491704374738058,0.08582288857892947,1
0.18491704374738058,0.09260254959587863,1
0.18491704374738058,0.09938221061282779,1
0.18491704374738058,0.10616187162977693,1
0.18491704374738058,0.11294153264672609,1
0.18491704374738058,0.11972119366367524,1
0.18491704374738058,0.12650085468062439,1
0.18491704374738058,0.13328051569757354,1
0.18491704374738058,0.1400601767145227,1
0.18491704374738058,0.14683983773147186,1
0.18491704374738058,0.153619498748421,1
0.18491704374738058,0.16039915976537017,1
0.18491704374738058,0.16717882078231933,1
0.18491704374738058,0.17395848179926846,1
0.18491704374738058,0.1807381428162176,1
0.18491704374738058,0.18751780383316677,1
0.18491704374738058,0.19429746485011593,1
0.18491704374738058,0.20107712586706508,1
0.18491704374738058,0.20785678688401424,1
0.18491704374738058,0.2146364479009634,1
0.18491704374738058,0.22141610891791252,1
0.18491704374738058,0.22819576993486168,1
0.18491704374738058,0.23497543095181084,1
0.18491704374738058,0.24175509196876,1
0.18491704374738058,0.24853475298570915,1
0.18491704374738058,0.2553144140026583,1
0.18491704374738058,0.26209407501960746,1
0.18491704374738058,0.2688737360365566,1
0.18491704374738058,0.2756533970535058,1
0.18491704374738058,0.28243305807045493,1
0.18491704374738058,0.2892127190874041,1
0.18491704374738058,0.2959923801043532,1
0.18491704374738058,0.30277204112130235,1
0.18491704374738058,0.3095517021382515,1
0.18491704374738058,0.31633136315520066,1
0.18491704374738058,0.3231110241721498,1
0.18491704374738058,0.329890685189099,1
0.18491704374738058,0.33667034620604813,1
0.18491704374738058,0.3434500072229973,1
0.19169670476432973,-0.05654999277700273,1
0.19169670476432973,-0.049770331760053584,1
0.19169670476432973,-0.04299067074310443,1
0.19169670476432973,-0.03621100972615528,1
0.19169670476432973,-0.02943134870920612,1
0.19169670476432973,-0.022651687692256967,1
0.19169670476432973,-0.015872026675307817,1
0.19169670476432973,-0.009092365658358663,1
0.19169670476432973,-0.0023127046414095098,1
0.19169670476432973,0.004466956375539643,1
0.19169670476432973,0.011246617392488795,1
0.19169670476432973,0.01802627840943795,1
0.19169670476432973,0.024805939426387102,1
0.19169670476432973,0.031585600443336255,1
0.19169670476432973,0.038365261460285405,1
0.19169670476432973,0.04514492247723456,1
0.19169670476432973,0.05192458349418371,1
0.19169670476432973,0.05870424451113287,1
0.19169670476432973,0.06548390552808202,1
0.19169670476432973,0.07226356654503117,1
0.19169670476432973,0.07904322756198033,1
0.19169670476432973,0.08582288857892947,1
0.19169670476432973,0.09260254959587863,1
0.19169670476432973,0.09938221061282779,1
0.19169670476432973,0.10616187162977693,1
0.19169670476432973,0.11294153264672609,1
0.19169670476432973,0.11972119366367524,1
0.19169670476432973,0.12650085468062439,1
0.19169670476432973,0.13328051569757354,1
0.19169670476432973,0.1400601767145227,1
0.19169670476432973,0.14683983773147186,1
0.19169670476432973,0.153619498748421,1
0.19169670476432973,0.16039915976537017,1
0.19169670476432973,0.16717882078231933,1
0.19169670476432973,0.17395848179926846,1
0.19169670476432973,0.1807381428162176,1
0.19169670476432973,0.18751780383316677,1
0.19169670476432973,0.19429746485011593,1
0.19169670476432973,0.20107712586706508,1
0.19169670476432973,0.20785678688401424,1
0.19169670476432973,0.2146364479009634,1
0.19169670476432973,0.22141610891791252,1
0.19169670476432973,0.22819576993486168,1
0.19169670476432973,0.23497543095181084,1
0.19169670476432973,0.24175509196876,1
0.19169670476432973,0.24853475298570915,1
0.19169670476432973,0.2553144140026583,1
0.19169670476432973,0.26209407501960746,1
0.19169670476432973,0.2688737360365566,1
0.19169670476432973,0.2756533970535058,1
0.19169670476432973,0.28243305807045493,1
0.19169670476432973,0.2892127190874041,1
0.19169670476432973,0.2959923801043532,1
0.19169670476432973,0.30277204112130235,1
0.19169670476432973,0.3095517021382515,1
0.19169670476432973,0.31633136315520066,1
0.19169670476432973,0.3231110241721498,1
0.19169670476432973,0.329890685189099,1
0.19169670476432973,0.33667034620604813,1
0.19169670476432973,0.3434500072229973,1
0.1984763657812789,-0.05654999277700273,1
0.1984763657812789,-0.049770331760053584,1
0.1984763657812789,-0.04299067074310443,1
0.1984763657812789,-0.03621100972615528,1
0.1984763657812789,-0.02943134870920612,1
0.1984763657812789,-0.022651687692256967,1
0.1984763657812789,-0.015872026675307817,1
0.1984763657812789,-0.009092365658358663,1
0.1984763657812789,-0.0023127046414095098,1
0.1984763657812789,0.004466956375539643,1
0.1984763657812789,0.011246617392488795,1
0.1984763657812789,0.01802627840943795,1
0.1984763657812789,0.024805939426387102,1
0.1984763657812789,0.031585600443336255,1
0.1984763657812789,0.038365261460285405,1
0.1984763657812789,0.04514492247723456,1
0.1984763657812789,0.05192458349418371,1
0.1984763657812789,0.05870424451113287,1
0.1984763657812789,0.06548390552808202,1
0.1984763657812789,0.07226356654503117,1
0.1984763657812789,0.07904322756198033,1
0.1984763657812789,0.08582288857892947,1
0.1984763657812789,0.09260254959587863,1
0.1984763657812789,0.09938221061282779,1
0.1984763657812789,0.10616187162977693,1
0.1984763657812789,0.11294153264672609,1
0.1984763657812789,0.11972119366367524,1
0.1984763657812789,0.12650085468062439,1
0.1984763657812789,0.13328051569757354,1
0.1984763657812789,0.1400601767145227,1
0.1984763657812789,0.14683983773147186,1
0.1984763657812789,0.153619498748421,1
0.1984763657812789,0.16039915976537017,1
0.1984763657812789,0.16717882078231933,1
0.1984763657812789,0.17395848179926846,1
0.1984763657812789,0.1807381428162176,1
0.1984763657812789,0.18751780383316677,1
0.1984763657812789,0.19429746485011593,1
0.1984763657812789,0.20107712586706508,1
0.1984763657812789,0.20785678688401424,1
0.1984763657812789,0.2146364479009634,1
0.1984763657812789,0.22141610891791252,1
0.1984763657812789,0.22819576993486168,1
0.1984763657812789,0.23497543095181084,1
0.1984763657812789,0.24175509196876,1
0.1984763657812789,0.24853475298570915,1
0.1984763657812789,0.2553144140026583,1
0.1984763657812789,0.26209407501960746,1
0.1984763657812789,0.2688737360365566,1
0.1984763657812789,0.2756533970535058,1
0.1984763657812789,0.28243305807045493,1
0.1984763657812789,0.2892127190874041,1
0.1984763657812789,0.2959923801043532,1
0.1984763657812789,0.30277204112130235,1
0.1984763657812789,0.3095517021382515,1
0.1984763657812789,0.31633136315520066,1
0.1984763657812789,0.3231110241721498,1
0.1984763657812789,0.329890685189099,1
0.1984763657812789,0.33667034620604813,1
0.1984763657812789,0.3434500072229973,1
0.20525602679822805,-0.05654999277700273,1
0.20525602679822805,-0.049770331760053584,1
0.20525602679822805,-0.04299067074310443,1
0.20525602679822805,-0.03621100972615528,1
0.20525602679822805,-0.02943134870920612,1
0.20525602679822805,-0.022651687692256967,1
0.20525602679822805,-0.015872026675307817,1
0.20525602679822805,-0.009092365658358663,1
0.20525602679822805,-0.0023127046414095098,1
0.20525602679822805,0.004466956375539643,1
0.20525602679822805,0.011246617392488795,1
0.20525602679822805,0.01802627840943795,1
0.20525602679822805,0.024805939426387102,1
0.20525602679822805,0.031585600443336255,1
0.20525602679822805,0.038365261460285405,1
0.20525602679822805,0.04514492247723456,1
0.20525602679822805,0.05192458349418371,1
0.20525602679822805,0.05870424451113287,1
0.20525602679822805,0.06548390552808202,1
0.20525602679822805,0.07226356654503117,1
0.20525602679822805,0.07904322756198033,1
0.20525602679822805,0.08582288857892947,1
0.20525602679822805,0.09260254959587863,1
0.20525602679822805,0.09938221061282779,1
0.20525602679822805,0.10616187162977693,1
0.20525602679822805,0.11294153264672609,1
0.20525602679822805,0.11972119366367524,1
0.20525602679822805,0.12650085468062439,1
0.20525602679822805,0.13328051569757354,1
0.20525602679822805,0.1400601767145227,1
0.20525602679822805,0.14683983773147186,1
0.20525602679822805,0.153619498748421,1
0.20525602679822805,0.16039915976537017,1
0.20525602679822805,0.16717882078231933,1
0.20525602679822805,0.17395848179926846,1
0.20525602679822805,0.1807381428162176,1
0.20525602679822805,0.18751780383316677,1
0.20525602679822805,0.19429746485011593,1
0.20525602679822805,0.20107712586706508,1
0.20525602679822805,0.20785678688401424,1
0.20525602679822805,0.2146364479009634,1
0.20525602679822805,0.22141610891791252,1
0.20525602679822805,0.22819576993486168,1
0.20525602679822805,0.23497543095181084,1
0.20525602679822805,0.24175509196876,1
0.20525602679822805,0.24853475298570915,1
0.20525602679822805,0.2553144140026583,1
0.20525602679822805,0.26209407501960746,1
0.20525602679822805,0.2688737360365566,1
0.20525602679822805,0.2756533970535058,1
0.20525602679822805,0.28243305807045493,1
0.20525602679822805,0.2892127190874041,1
0.20525602679822805,0.2959923801043532,1
0.20525602679822805,0.30277204112130235,1
0.20525602679822805,0.3095517021382515,1
0.20525602679822805,0.31633136315520066,1
0.20525602679822805,0.3231110241721498,1
0.20525602679822805,0.329890685189099,1
0.20525602679822805,0.33667034620604813,1
0.20525602679822805,0.3434500072229973,1
0.21203568781517718,-0.05654999277700273,1
0.21203568781517718,-0.049770331760053584,1
0.21203568781517718,-0.04299067074310443,1
0.21203568781517718,-0.03621100972615528,1
0.21203568781517718,-0.02943134870920612,1
0.21203568781517718,-0.022651687692256967,1
0.21203568781517718,-0.015872026675307817,1
0.21203568781517718,-0.009092365658358663,1
0.21203568781517718,-0.0023127046414095098,1
0.21203568781517718,0.004466956375539643,1
0.21203568781517718,0.011246617392488795,1
0.21203568781517718,0.01802627840943795,1
0.21203568781517718,0.024805939426387102,1
0.21203568781517718,0.031585600443336255,1
0.21203568781517718,0.038365261460285405,1
0.21203568781517718,0.04514492247723456,1
0.21203568781517718,0.05192458349418371,1
0.21203568781517718,0.05870424451113287,1
0.21203568781517718,0.06548390552808202,1
0.21203568781517718,0.07226356654503117,1
0.21203568781517718,0.07904322756198033,1
0.21203568781517718,0.08582288857892947,1
0.21203568781517718,0.09260254959587863,1
0.21203568781517718,0.09938221061282779,1
0.21203568781517718,0.10616187162977693,1
0.21203568781517718,0.11294153264672609,1
0.21203568781517718,0.11972119366367524,1
0.21203568781517718,0.12650085468062439,1
0.21203568781517718,0.13328051569757354,1
0.21203568781517718,0.1400601767145227,1
0.21203568781517718,0.14683983773147186,1
0.21203568781517718,0.153619498748421,1
0.21203568781517718,0.16039915976537017,1
0.21203568781517718,0.16717882078231933,1
0.21203568781517718,0.17395848179926846,1
0.21203568781517718,0.1807381428162176,1
0.21203568781517718,0.18751780383316677,1
0.21203568781517718,0.19429746485011593,1
0.21203568781517718,0.20107712586706508,1
0.21203568781517718,0.20785678688401424,1
0.21203568781517718,0.2146364479009634,1
0.21203568781517718,0.22141610891791252,1
0.21203568781517718,0.22819576993486168,1
0.21203568781517718,0.23497543095181084,1
0.21203568781517718,0.24175509196876,1
0.21203568781517718,0.24853475298570915,1
0.21203568781517718,0.2553144140026583,1
0.21203568781517718,0.26209407501960746,1
0.21203568781517718,0.2688737360365566,1
0.21203568781517718,0.2756533970535058,1
0.21203568781517718,0.28243305807045493,1
0.21203568781517718,0.2892127190874041,1
0.21203568781517718,0.2959923801043532,1
0.21203568781517718,0.30277204112130235,1
0.21203568781517718,0.3095517021382515,1
0.21203568781517718,0.31633136315520066,1
0.21203568781517718,0.3231110241721498,1
0.21203568781517718,0.329890685189099,1
0.21203568781517718,0.33667034620604813,1
0.21203568781517718,0.3434500072229973,1
0.21881534883212633,-0.05654999277700273,1
0.21881534883212633,-0.049770331760053584,1
0.21881534883212633,-0.04299067074310443,1
0.21881534883212633,-0.03621100972615528,1
0.21881534883212633,-0.02943134870920612,1
0.21881534883212633,-0.022651687692256967,1
0.21881534883212633,-0.015872026675307817,1
0.21881534883212633,-0.009092365658358663,1
0.21881534883212633,-0.0023127046414095098,1
0.21881534883212633,0.004466956375539643,1
0.21881534883212633,0.011246617392488795,1
0.21881534883212633,0.01802627840943795,1
0.21881534883212633,0.024805939426387102,1
0.21881534883212633,0.031585600443336255,1
0.21881534883212633,0.038365261460285405,1
0.21881534883212633,0.04514492247723456,1
0.21881534883212633,0.05192458349418371,1
0.21881534883212633,0.05870424451113287,1
0.21881534883212633,0.06548390552808202,1
0.21881534883212633,0.07226356654503117,1
0.21881534883212633,0.07904322756198033,1
0.21881534883212633,0.08582288857892947,1
0.21881534883212633,0.09260254959587863,1
0.21881534883212633,0.09938221061282779,1
0.21881534883212633,0.10616187162977693,1
0.21881534883212633,0.11294153264672609,1
0.21881534883212633,0.11972119366367524,1
0.21881534883212633,0.12650085468062439,1
0.21881534883212633,0.13328051569757354,1
0.21881534883212633,0.1400601767145227,1
0.21881534883212633,0.14683983773147186,1
0.21881534883212633,0.153619498748421,1
0.21881534883212633,0.16039915976537017,1
0.21881534883212633,0.16717882078231933,1
0.21881534883212633,0.17395848179926846,1
0.21881534883212633,0.1807381428162176,1
0.21881534883212633,0.18751780383316677,1
0.21881534883212633,0.19429746485011593,1
0.21881534883212633,0.20107712586706508,1
0.21881534883212633,0.20785678688401424,1
0.21881534883212633,0.2146364479009634,1
0.21881534883212633,0.22141610891791252,1
0.21881534883212633,0.22819576993486168,1
0.21881534883212633,0.23497543095181084,1
0.21881534883212633,0.24175509196876,1
0.21881534883212633,0.24853475298570915,1
0.21881534883212633,0.2553144140026583,1
0.21881534883212633,0.26209407501960746,1
0.21881534883212633,0.2688737360365566,1
0.21881534883212633,0.2756533970535058,1
0.21881534883212633,0.28243305807045493,1
0.21881534883212633,0.2892127190874041,1
0.21881534883212633,0.2959923801043532,1
0.21881534883212633,0.30277204112130235,1
0.21881534883212633,0.3095517021382515,1
0.21881534883212633,0.31633136315520066,1
0.21881534883212633,0.3231110241721498,1
0.21881534883212633,0.329890685189099,1
0.21881534883212633,0.33667034620604813,1
0.21881534883212633,0.3434500072229973,1
0.2255950098490755,-0.05654999277700273,1
0.2255950098490755,-0.049770331760053584,1
0.2255950098490755,-0.04299067074310443,1
0.2255950098490755,-0.03621100972615528,1
0.2255950098490755,-0.02943134870920612,1
0.2255950098490755,-0.022651687692256967,1
0.2255950098490755,-0.015872026675307817,1
0.2255950098490755,-0.009092365658358663,1
0.2255950098490755,-0.0023127046414095098,1
0.2255950098490755,0.004466956375539643,1
0.2255950098490755,0.011246617392488795,1
0.2255950098490755,0.01802627840943795,1
0.2255950098490755,0.024805939426387102,1
0.2255950098490755,0.031585600443336255,1
0.2255950098490755,0.038365261460285405,1
0.2255950098490755,0.04514492247723456,1
0.2255950098490755,0.05192458349418371,1
0.2255950098490755,0.05870424451113287,1
0.2255950098490755,0.06548390552808202,1
0.2255950098490755,0.07226356654503117,1
0.2255950098490755,0.07904322756198033,1
0.2255950098490755,0.08582288857892947,1
0.2255950098490755,0.09260254959587863,1
0.2255950098490755,0.09938221061282779,1
0.2255950098490755,0.10616187162977693,1
0.2255950098490755,0.11294153264672609,1
0.2255950098490755,0.11972119366367524,1
0.2255950098490755,0.12650085468062439,1
0.2255950098490755,0.13328051569757354,1
0.2255950098490755,0.1400601767145227,1
0.2255950098490755,0.14683983773147186,1
0.2255950098490755,0.153619498748421,1
0.2255950098490755,0.16039915976537017,1
0.2255950098490755,0.16717882078231933,1
0.2255950098490755,0.17395848179926846,1
0.2255950098490755,0.1807381428162176,1
0.2255950098490755,0.18751780383316677,1
0.2255950098490755,0.19429746485011593,1
0.2255950098490755,0.20107712586706508,1
0.2255950098490755,0.20785678688401424,1
0.2255950098490755,0.2146364479009634,1
0.2255950098490755,0.22141610891791252,1
0.2255950098490755,0.22819576993486168,1
0.2255950098490755,0.23497543095181084,1
0.2255950098490755,0.24175509196876,1
0.2255950098490755,0.24853475298570915,1
0.2255950098490755,0.2553144140026583,1
0.2255950098490755,0.26209407501960746,1
0.2255950098490755,0.2688737360365566,1
0.2255950098490755,0.2756533970535058,1
0.2255950098490755,0.28243305807045493,1
0.2255950098490755,0.2892127190874041,1
0.2255950098490755,0.2959923801043532,1
0.2255950098490755,0.30277204112130235,1
0.2255950098490755,0.3095517021382515,1
0.2255950098490755,0.31633136315520066,1
0.2255950098490755,0.3231110241721498,1
0.2255950098490755,0.329890685189099,1
0.2255950098490755,0.33667034620604813,1
0.2255950098490755,0.3434500072229973,1
0.23237467086602465,-0.05654999277700273,1
0.23237467086602465,-0.049770331760053584,1
0.23237467086602465,-0.04299067074310443,1
0.23237467086602465,-0.03621100972615528,1
0.23237467086602465,-0.02943134870920612,1
0.23237467086602465,-0.022651687692256967,1
0.23237467086602465,-0.015872026675307817,1
0.23237467086602465,-0.009092365658358663,1
0.23237467086602465,-0.0023127046414095098,1
0.23237467086602465,0.004466956375539643,1
0.23237467086602465,0.011246617392488795,1
0.23237467086602465,0.01802627840943795,1
0.23237467086602465,0.024805939426387102,1
0.23237467086602465,0.031585600443336255,1
0.23237467086602465,0.038365261460285405,1
0.23237467086602465,0.04514492247723456,1
0.23237467086602465,0.05192458349418371,1
0.23237467086602465,0.05870424451113287,1
0.23237467086602465,0.06548390552808202,1
0.23237467086602465,0.07226356654503117,1
0.23237467086602465,0.07904322756198033,1
0.23237467086602465,0.08582288857892947,1
0.23237467086602465,0.09260254959587863,1
0.23237467086602465,0.09938221061282779,1
0.23237467086602465,0.10616187162977693,1
0.23237467086602465,0.11294153264672609,1
0.23237467086602465,0.11972119366367524,1
0.23237467086602465,0.12650085468062439,1
0.23237467086602465,0.13328051569757354,1
0.23237467086602465,0.1400601767145227,1
0.23237467086602465,0.14683983773147186,1
0.23237467086602465,0.153619498748421,1
0.23237467086602465,0.16039915976537017,1
0.23237467086602465,0.16717882078231933,1
0.23237467086602465,0.17395848179926846,1
0.23237467086602465,0.1807381428162176,1
0.23237467086602465,0.18751780383316677,1
0.23237467086602465,0.19429746485011593,1
0.23237467086602465,0.20107712586706508,1
0.23237467086602465,0.20785678688401424,1
0.23237467086602465,0.2146364479009634,1
0.23237467086602465,0.22141610891791252,1
0.23237467086602465,0.22819576993486168,1
0.23237467086602465,0.23497543095181084,1
0.23237467086602465,0.24175509196876,1
0.23237467086602465,0.24853475298570915,1
0.23237467086602465,0.2553144140026583,1
0.23237467086602465,0.26209407501960746,1
0.23237467086602465,0.2688737360365566,1
0.23237467086602465,0.2756533970535058,1
0.23237467086602465,0.28243305807045493,1
0.23237467086602465,0.2892127190874041,1
0.23237467086602465,0.2959923801043532,1
0.23237467086602465,0.30277204112130235,1
0.23237467086602465,0.3095517021382515,1
0.23237467086602465,0.31633136315520066,1
0.23237467086602465,0.3231110241721498,1
0.23237467086602465,0.329890685189099,1
0.23237467086602465,0.33667034620604813,1
0.23237467086602465,0.3434500072229973,1
