S_N,S_T,basin_label
-0.15554965204292592,-0.029448650541714916,2
-0.15554965204292592,-0.022668989524765763,2
-0.15554965204292592,-0.01588932850781661,2
-0.15554965204292592,-0.009109667490867458,2
-0.15554965204292592,-0.0023300064739183043,2
-0.15554965204292592,0.0044496545430308485,2
-0.15554965204292592,0.011229315559980002,2
-0.15554965204292592,0.018008976576929153,2
-0.15554965204292592,0.024788637593878306,2
-0.15554965204292592,0.03156829861082746,2
-0.15554965204292592,0.038347959627776616,2
-0.15554965204292592,0.045127620644725766,2
-0.15554965204292592,0.051907281661674916,2
-0.15554965204292592,0.05868694267862407,2
-0.15554965204292592,0.06546660369557322,2
-0.15554965204292592,0.07224626471252238,2
-0.15554965204292592,0.07902592572947154,2
-0.15554965204292592,0.08580558674642068,2
-0.15554965204292592,0.09258524776336984,2
-0.15554965204292592,0.09936490878031899,2
-0.15554965204292592,0.10614456979726815,2
-0.15554965204292592,0.11292423081421729,2
-0.15554965204292592,0.11970389183116645,2
-0.15554965204292592,0.1264835528481156,2
-0.15554965204292592,0.13326321386506476,2
-0.15554965204292592,0.14004287488201392,2
-0.15554965204292592,0.14682253589896305,2
-0.15554965204292592,0.1536021969159122,2
-0.15554965204292592,0.16038185793286136,2
-0.15554965204292592,0.16716151894981052,2
-0.15554965204292592,0.17394117996675967,2
-0.15554965204292592,0.18072084098370883,2
-0.15554965204292592,0.187500502000658,2
-0.15554965204292592,0.19428016301760714,2
-0.15554965204292592,0.20105982403455627,2
-0.15554965204292592,0.20783948505150543,2
-0.15554965204292592,0.21461914606845459,2
-0.15554965204292592,0.22139880708540374,2
-0.15554965204292592,0.2281784681023529,2
-0.15554965204292592,0.23495812911930206,2
-0.15554965204292592,0.2417377901362512,2
-0.15554965204292592,0.24851745115320034,2
-0.15554965204292592,0.2552971121701495,2
-0.15554965204292592,0.26207677318709865,2
-0.15554965204292592,0.2688564342040478,2
-0.15554965204292592,0.27563609522099697,2
-0.15554965204292592,0.2824157562379461,2
-0.15554965204292592,0.2891954172548953,2
-0.15554965204292592,0.29597507827184444,2
-0.15554965204292592,0.3027547392887936,2
-0.15554965204292592,0.30953440030574275,2
-0.15554965204292592,0.3163140613226919,2
-0.15554965204292592,0.323093722339641,2
-0.15554965204292592,0.32987338335659017,2
-0.15554965204292592,0.3366530443735393,2
-0.15554965204292592,0.3434327053904885,2
-0.15554965204292592,0.35021236640743764,2
-0.15554965204292592,0.3569920274243868,2
-0.15554965204292592,0.36377168844133595,2
-0.15554965204292592,0.3705513494582851,2
-0.14876999102597677,-0.029448650541714916,2
-0.14876999102597677,-0.022668989524765763,2
-0.14876999102597677,-0.01588932850781661,2
-0.14876999102597677,-0.009109667490867458,2
-0.14876999102597677,-0.0023300064739183043,2
-0.14876999102597677,0.0044496545430308485,2
-0.14876999102597677,0.011229315559980002,2
-0.14876999102597677,0.018008976576929153,2
-0.14876999102597677,0.024788637593878306,2
-0.14876999102597677,0.03156829861082746,2
-0.14876999102597677,0.038347959627776616,2
-0.14876999102597677,0.045127620644725766,2
-0.14876999102597677,0.051907281661674916,2
-0.14876999102597677,0.05868694267862407,2
-0.14876999102597677,0.06546660369557322,2
-0.14876999102597677,0.07224626471252238,2
-0.14876999102597677,0.07902592572947154,2
-0.14876999102597677,0.08580558674642068,2
-0.14876999102597677,0.09258524776336984,2
-0.14876999102597677,0.09936490878031899,2
-0.14876999102597677,0.10614456979726815,2
-0.14876999102597677,0.11292423081421729,2
-0.14876999102597677,0.11970389183116645,2
-0.14876999102597677,0.1264835528481156,2
-0.14876999102597677,0.13326321386506476,2
-0.14876999102597677,0.14004287488201392,2
-0.14876999102597677,0.14682253589896305,2
-0.14876999102597677,0.1536021969159122,2
-0.14876999102597677,0.16038185793286136,2
-0.14876999102597677,0.16716151894981052,2
-0.14876999102597677,0.17394117996675967,2
-0.14876999102597677,0.18072084098370883,2
-0.14876999102597677,0.187500502000658,2
-0.14876999102597677,0.19428016301760714,2
-0.14876999102597677,0.20105982403455627,2
-0.14876999102597677,0.20783948505150543,2
-0.14876999102597677,0.21461914606845459,2
-0.14876999102597677,0.22139880708540374,2
-0.14876999102597677,0.2281784681023529,2
-0.14876999102597677,0.23495812911930206,2
-0.14876999102597677,0.2417377901362512,2
-0.14876999102597677,0.24851745115320034,2
-0.14876999102597677,0.2552971121701495,2
-0.14876999102597677,0.26207677318709865,2
-0.14876999102597677,0.2688564342040478,2
-0.14876999102597677,0.27563609522099697,2
-0.14876999102597677,0.2824157562379461,2
-0.14876999102597677,0.2891954172548953,2
-0.14876999102597677,0.29597507827184444,2
-0.14876999102597677,0.3027547392887936,2
-0.14876999102597677,0.30953440030574275,2
-0.14876999102597677,0.3163140613226919,2
-0.14876999102597677,0.323093722339641,2
-0.14876999102597677,0.32987338335659017,2
-0.14876999102597677,0.3366530443735393,2
-0.14876999102597677,0.3434327053904885,2
-0.14876999102597677,0.35021236640743764,2
-0.14876999102597677,0.3569920274243868,2
-0.14876999102597677,0.36377168844133595,2
-0.14876999102597677,0.3705513494582851,2
-0.1419903300090276,-0.029448650541714916,2
-0.1419903300090276,-0.022668989524765763,2
-0.1419903300090276,-0.01588932850781661,2
-0.1419903300090276,-0.009109667490867458,2
-0.1419903300090276,-0.0023300064739183043,2
-0.1419903300090276,0.0044496545430308485,2
-0.1419903300090276,0.011229315559980002,2
-0.1419903300090276,0.018008976576929153,2
-0.1419903300090276,0.024788637593878306,2
-0.1419903300090276,0.03156829861082746,2
-0.1419903300090276,0.038347959627776616,2
-0.1419903300090276,0.045127620644725766,2
-0.1419903300090276,0.051907281661674916,2
-0.1419903300090276,0.05868694267862407,2
-0.1419903300090276,0.06546660369557322,2
-0.1419903300090276,0.07224626471252238,2
-0.1419903300090276,0.07902592572947154,2
-0.1419903300090276,0.08580558674642068,2
-0.1419903300090276,0.09258524776336984,2
-0.1419903300090276,0.09936490878031899,2
-0.1419903300090276,0.10614456979726815,2
-0.1419903300090276,0.11292423081421729,2
-0.1419903300090276,0.11970389183116645,2
-0.1419903300090276,0.1264835528481156,2
-0.1419903300090276,0.13326321386506476,2
-0.1419903300090276,0.14004287488201392,2
-0.1419903300090276,0.14682253589896305,2
-0.1419903300090276,0.1536021969159122,2
-0.1419903300090276,0.16038185793286136,2
-0.1419903300090276,0.16716151894981052,2
-0.1419903300090276,0.17394117996675967,2
-0.1419903300090276,0.18072084098370883,2
-0.1419903300090276,0.187500502000658,2
-0.1419903300090276,0.19428016301760714,2
-0.1419903300090276,0.20105982403455627,2
-0.1419903300090276,0.20783948505150543,2
-0.1419903300090276,0.21461914606845459,2
-0.1419903300090276,0.22139880708540374,2
-0.1419903300090276,0.2281784681023529,2
-0.1419903300090276,0.23495812911930206,2
-0.1419903300090276,0.2417377901362512,2
-0.1419903300090276,0.24851745115320034,2
-0.1419903300090276,0.2552971121701495,2
-0.1419903300090276,0.26207677318709865,2
-0.1419903300090276,0.2688564342040478,2
-0.1419903300090276,0.27563609522099697,2
-0.1419903300090276,0.2824157562379461,2
-0.1419903300090276,0.2891954172548953,2
-0.1419903300090276,0.29597507827184444,2
-0.1419903300090276,0.3027547392887936,2
-0.1419903300090276,0.30953440030574275,2
-0.1419903300090276,0.3163140613226919,2
-0.1419903300090276,0.323093722339641,2
-0.1419903300090276,0.32987338335659017,2
-0.1419903300090276,0.3366530443735393,2
-0.1419903300090276,0.3434327053904885,2
-0.1419903300090276,0.35021236640743764,2
-0.1419903300090276,0.3569920274243868,2
-0.1419903300090276,0.36377168844133595,2
-0.1419903300090276,0.3705513494582851,2
-0.13521066899207845,-0.029448650541714916,2
-0.13521066899207845,-0.022668989524765763,2
-0.13521066899207845,-0.01588932850781661,2
-0.13521066899207845,-0.009109667490867458,2
-0.13521066899207845,-0.0023300064739183043,2
-0.13521066899207845,0.0044496545430308485,2
-0.13521066899207845,0.011229315559980002,2
-0.13521066899207845,0.018008976576929153,2
-0.13521066899207845,0.024788637593878306,2
-0.13521066899207845,0.03156829861082746,2
-0.13521066899207845,0.038347959627776616,2
-0.13521066899207845,0.045127620644725766,2
-0.13521066899207845,0.051907281661674916,2
-0.13521066899207845,0.05868694267862407,2
-0.13521066899207845,0.06546660369557322,2
-0.13521066899207845,0.07224626471252238,2
-0.13521066899207845,0.07902592572947154,2
-0.13521066899207845,0.08580558674642068,2
-0.13521066899207845,0.09258524776336984,2
-0.13521066899207845,0.09936490878031899,2
-0.13521066899207845,0.10614456979726815,2
-0.13521066899207845,0.11292423081421729,2
-0.13521066899207845,0.11970389183116645,2
-0.13521066899207845,0.1264835528481156,2
-0.13521066899207845,0.13326321386506476,2
-0.13521066899207845,0.14004287488201392,2
-0.13521066899207845,0.14682253589896305,2
-0.13521066899207845,0.1536021969159122,2
-0.13521066899207845,0.16038185793286136,2
-0.13521066899207845,0.16716151894981052,2
-0.13521066899207845,0.17394117996675967,2
-0.13521066899207845,0.18072084098370883,2
-0.13521066899207845,0.187500502000658,2
-0.13521066899207845,0.19428016301760714,2
-0.13521066899207845,0.20105982403455627,2
-0.13521066899207845,0.20783948505150543,2
-0.13521066899207845,0.21461914606845459,2
-0.13521066899207845,0.22139880708540374,2
-0.13521066899207845,0.2281784681023529,2
-0.13521066899207845,0.23495812911930206,2
-0.13521066899207845,0.2417377901362512,2
-0.13521066899207845,0.24851745115320034,2
-0.13521066899207845,0.2552971121701495,2
-0.13521066899207845,0.26207677318709865,2
-0.13521066899207845,0.2688564342040478,2
-0.13521066899207845,0.27563609522099697,2
-0.13521066899207845,0.2824157562379461,2
-0.13521066899207845,0.2891954172548953,2
-0.13521066899207845,0.29597507827184444,2
-0.13521066899207845,0.3027547392887936,2
-0.13521066899207845,0.30953440030574275,2
-0.13521066899207845,0.3163140613226919,2
-0.13521066899207845,0.323093722339641,2
-0.13521066899207845,0.32987338335659017,2
-0.13521066899207845,0.3366530443735393,2
-0.13521066899207845,0.3434327053904885,2
-0.13521066899207845,0.35021236640743764,2
-0.13521066899207845,0.3569920274243868,2
-0.13521066899207845,0.36377168844133595,2
-0.13521066899207845,0.3705513494582851,2
-0.12843100797512932,-0.029448650541714916,2
-0.12843100797512932,-0.022668989524765763,2
-0.12843100797512932,-0.01588932850781661,2
-0.12843100797512932,-0.009109667490867458,2
-0.12843100797512932,-0.0023300064739183043,2
-0.12843100797512932,0.0044496545430308485,2
-0.12843100797512932,0.011229315559980002,2
-0.12843100797512932,0.018008976576929153,2
-0.12843100797512932,0.024788637593878306,2
-0.12843100797512932,0.03156829861082746,2
-0.12843100797512932,0.038347959627776616,2
-0.12843100797512932,0.045127620644725766,2
-0.12843100797512932,0.051907281661674916,2
-0.12843100797512932,0.05868694267862407,2
-0.12843100797512932,0.06546660369557322,2
-0.12843100797512932,0.07224626471252238,2
-0.12843100797512932,0.07902592572947154,2
-0.12843100797512932,0.08580558674642068,2
-0.12843100797512932,0.09258524776336984,2
-0.12843100797512932,0.09936490878031899,2
-0.12843100797512932,0.10614456979726815,2
-0.12843100797512932,0.11292423081421729,2
-0.12843100797512932,0.11970389183116645,2
-0.12843100797512932,0.1264835528481156,2
-0.12843100797512932,0.13326321386506476,2
-0.12843100797512932,0.14004287488201392,2
-0.12843100797512932,0.14682253589896305,2
-0.12843100797512932,0.1536021969159122,2
-0.12843100797512932,0.16038185793286136,2
-0.12843100797512932,0.16716151894981052,2
-0.12843100797512932,0.17394117996675967,2
-0.12843100797512932,0.18072084098370883,2
-0.12843100797512932,0.187500502000658,2
-0.12843100797512932,0.19428016301760714,2
-0.12843100797512932,0.20105982403455627,2
-0.12843100797512932,0.20783948505150543,2
-0.12843100797512932,0.21461914606845459,2
-0.12843100797512932,0.22139880708540374,2
-0.12843100797512932,0.2281784681023529,2
-0.12843100797512932,0.23495812911930206,2
-0.12843100797512932,0.2417377901362512,2
-0.12843100797512932,0.24851745115320034,2
-0.12843100797512932,0.2552971121701495,2
-0.12843100797512932,0.26207677318709865,2
-0.12843100797512932,0.2688564342040478,2
-0.12843100797512932,0.27563609522099697,2
-0.12843100797512932,0.2824157562379461,2
-0.12843100797512932,0.2891954172548953,2
-0.12843100797512932,0.29597507827184444,2
-0.12843100797512932,0.3027547392887936,2
-0.12843100797512932,0.30953440030574275,2
-0.12843100797512932,0.3163140613226919,2
-0.12843100797512932,0.323093722339641,2
-0.12843100797512932,0.32987338335659017,2
-0.12843100797512932,0.3366530443735393,2
-0.12843100797512932,0.3434327053904885,2
-0.12843100797512932,0.35021236640743764,2
-0.12843100797512932,0.3569920274243868,2
-0.12843100797512932,0.36377168844133595,2
-0.12843100797512932,0.3705513494582851,2
-0.12165134695818015,-0.029448650541714916,2
-0.12165134695818015,-0.022668989524765763,2
-0.12165134695818015,-0.01588932850781661,2
-0.12165134695818015,-0.009109667490867458,2
-0.12165134695818015,-0.0023300064739183043,2
-0.12165134695818015,0.0044496545430308485,2
-0.12165134695818015,0.011229315559980002,2
-0.12165134695818015,0.018008976576929153,2
-0.12165134695818015,0.024788637593878306,2
-0.12165134695818015,0.03156829861082746,2
-0.12165134695818015,0.038347959627776616,2
-0.12165134695818015,0.045127620644725766,2
-0.12165134695818015,0.051907281661674916,2
-0.12165134695818015,0.05868694267862407,2
-0.12165134695818015,0.06546660369557322,2
-0.12165134695818015,0.07224626471252238,2
-0.12165134695818015,0.07902592572947154,2
-0.12165134695818015,0.08580558674642068,2
-0.12165134695818015,0.09258524776336984,2
-0.12165134695818015,0.09936490878031899,2
-0.12165134695818015,0.10614456979726815,2
-0.12165134695818015,0.11292423081421729,2
-0.12165134695818015,0.11970389183116645,2
-0.12165134695818015,0.1264835528481156,2
-0.12165134695818015,0.13326321386506476,2
-0.12165134695818015,0.14004287488201392,2
-0.12165134695818015,0.14682253589896305,2
-0.12165134695818015,0.1536021969159122,2
-0.12165134695818015,0.16038185793286136,2
-0.12165134695818015,0.16716151894981052,2
-0.12165134695818015,0.17394117996675967,2
-0.12165134695818015,0.18072084098370883,2
-0.12165134695818015,0.187500502000658,2
-0.12165134695818015,0.19428016301760714,2
-0.12165134695818015,0.20105982403455627,2
-0.12165134695818015,0.20783948505150543,2
-0.12165134695818015,0.21461914606845459,2
-0.12165134695818015,0.22139880708540374,2
-0.12165134695818015,0.2281784681023529,2
-0.12165134695818015,0.23495812911930206,2
-0.12165134695818015,0.2417377901362512,2
-0.12165134695818015,0.24851745115320034,2
-0.12165134695818015,0.2552971121701495,2
-0.12165134695818015,0.26207677318709865,2
-0.12165134695818015,0.2688564342040478,2
-0.12165134695818015,0.27563609522099697,2
-0.12165134695818015,0.2824157562379461,2
-0.12165134695818015,0.2891954172548953,2
-0.12165134695818015,0.29597507827184444,2
-0.12165134695818015,0.3027547392887936,2
-0.12165134695818015,0.30953440030574275,2
-0.12165134695818015,0.3163140613226919,2
-0.12165134695818015,0.323093722339641,2
-0.12165134695818015,0.32987338335659017,2
-0.12165134695818015,0.3366530443735393,2
-0.12165134695818015,0.3434327053904885,2
-0.12165134695818015,0.35021236640743764,2
-0.12165134695818015,0.3569920274243868,2
-0.12165134695818015,0.36377168844133595,2
-0.12165134695818015,0.3705513494582851,2
-0.11487168594123101,-0.029448650541714916,2
-0.11487168594123101,-0.022668989524765763,2
-0.11487168594123101,-0.01588932850781661,2
-0.11487168594123101,-0.009109667490867458,2
-0.11487168594123101,-0.0023300064739183043,2
-0.11487168594123101,0.0044496545430308485,2
-0.11487168594123101,0.011229315559980002,2
-0.11487168594123101,0.018008976576929153,2
-0.11487168594123101,0.024788637593878306,2
-0.11487168594123101,0.03156829861082746,2
-0.11487168594123101,0.038347959627776616,2
-0.11487168594123101,0.045127620644725766,2
-0.11487168594123101,0.051907281661674916,2
-0.11487168594123101,0.05868694267862407,2
-0.11487168594123101,0.06546660369557322,2
-0.11487168594123101,0.07224626471252238,2
-0.11487168594123101,0.07902592572947154,2
-0.11487168594123101,0.08580558674642068,2
-0.11487168594123101,0.09258524776336984,2
-0.11487168594123101,0.09936490878031899,2
-0.11487168594123101,0.10614456979726815,2
-0.11487168594123101,0.11292423081421729,2
-0.11487168594123101,0.11970389183116645,2
-0.11487168594123101,0.1264835528481156,2
-0.11487168594123101,0.13326321386506476,2
-0.11487168594123101,0.14004287488201392,2
-0.11487168594123101,0.14682253589896305,2
-0.11487168594123101,0.1536021969159122,2
-0.11487168594123101,0.16038185793286136,2
-0.11487168594123101,0.16716151894981052,2
-0.11487168594123101,0.17394117996675967,2
-0.11487168594123101,0.18072084098370883,2
-0.11487168594123101,0.187500502000658,2
-0.11487168594123101,0.19428016301760714,2
-0.11487168594123101,0.20105982403455627,2
-0.11487168594123101,0.20783948505150543,2
-0.11487168594123101,0.21461914606845459,2
-0.11487168594123101,0.22139880708540374,2
-0.11487168594123101,0.2281784681023529,2
-0.11487168594123101,0.23495812911930206,2
-0.11487168594123101,0.2417377901362512,2
-0.11487168594123101,0.24851745115320034,2
-0.11487168594123101,0.2552971121701495,2
-0.11487168594123101,0.26207677318709865,2
-0.11487168594123101,0.2688564342040478,2
-0.11487168594123101,0.27563609522099697,2
-0.11487168594123101,0.2824157562379461,2
-0.11487168594123101,0.2891954172548953,2
-0.11487168594123101,0.29597507827184444,2
-0.11487168594123101,0.3027547392887936,2
-0.11487168594123101,0.30953440030574275,2
-0.11487168594123101,0.3163140613226919,2
-0.11487168594123101,0.323093722339641,2
-0.11487168594123101,0.32987338335659017,2
-0.11487168594123101,0.3366530443735393,2
-0.11487168594123101,0.3434327053904885,2
-0.11487168594123101,0.35021236640743764,2
-0.11487168594123101,0.3569920274243868,2
-0.11487168594123101,0.36377168844133595,2
-0.11487168594123101,0.3705513494582851,2
-0.10809202492428185,-0.029448650541714916,2
-0.10809202492428185,-0.022668989524765763,2
-0.10809202492428185,-0.01588932850781661,2
-0.10809202492428185,-0.009109667490867458,2
-0.10809202492428185,-0.0023300064739183043,2
-0.10809202492428185,0.0044496545430308485,2
-0.10809202492428185,0.011229315559980002,2
-0.10809202492428185,0.018008976576929153,2
-0.10809202492428185,0.024788637593878306,2
-0.10809202492428185,0.03156829861082746,2
-0.10809202492428185,0.038347959627776616,2
-0.10809202492428185,0.045127620644725766,2
-0.10809202492428185,0.051907281661674916,2
-0.10809202492428185,0.05868694267862407,2
-0.10809202492428185,0.06546660369557322,2
-0.10809202492428185,0.07224626471252238,2
-0.10809202492428185,0.07902592572947154,2
-0.10809202492428185,0.08580558674642068,2
-0.10809202492428185,0.09258524776336984,2
-0.10809202492428185,0.09936490878031899,2
-0.10809202492428185,0.10614456979726815,2
-0.10809202492428185,0.11292423081421729,2
-0.10809202492428185,0.11970389183116645,2
-0.10809202492428185,0.1264835528481156,2
-0.10809202492428185,0.13326321386506476,2
-0.10809202492428185,0.14004287488201392,2
-0.10809202492428185,0.14682253589896305,2
-0.10809202492428185,0.1536021969159122,2
-0.10809202492428185,0.16038185793286136,2
-0.10809202492428185,0.16716151894981052,2
-0.10809202492428185,0.17394117996675967,2
-0.10809202492428185,0.18072084098370883,2
-0.10809202492428185,0.187500502000658,2
-0.10809202492428185,0.19428016301760714,2
-0.10809202492428185,0.20105982403455627,2
-0.10809202492428185,0.20783948505150543,2
-0.10809202492428185,0.21461914606845459,2
-0.10809202492428185,0.22139880708540374,2
-0.10809202492428185,0.2281784681023529,2
-0.10809202492428185,0.23495812911930206,2
-0.10809202492428185,0.2417377901362512,2
-0.10809202492428185,0.24851745115320034,2
-0.10809202492428185,0.2552971121701495,2
-0.10809202492428185,0.26207677318709865,2
-0.10809202492428185,0.2688564342040478,2
-0.10809202492428185,0.27563609522099697,2
-0.10809202492428185,0.2824157562379461,2
-0.10809202492428185,0.2891954172548953,2
-0.10809202492428185,0.29597507827184444,2
-0.10809202492428185,0.3027547392887936,2
-0.10809202492428185,0.30953440030574275,2
-0.10809202492428185,0.3163140613226919,2
-0.10809202492428185,0.323093722339641,2
-0.10809202492428185,0.32987338335659017,2
-0.10809202492428185,0.3366530443735393,2
-0.10809202492428185,0.3434327053904885,2
-0.10809202492428185,0.35021236640743764,2
-0.10809202492428185,0.3569920274243868,2
-0.10809202492428185,0.36377168844133595,2
-0.10809202492428185,0.3705513494582851,2
-0.1013123639073327,-0.029448650541714916,2
-0.1013123639073327,-0.022668989524765763,2
-0.1013123639073327,-0.01588932850781661,2
-0.1013123639073327,-0.009109667490867458,2
-0.1013123639073327,-0.0023300064739183043,2
-0.1013123639073327,0.0044496545430308485,2
-0.1013123639073327,0.011229315559980002,2
-0.1013123639073327,0.018008976576929153,2
-0.1013123639073327,0.024788637593878306,2
-0.1013123639073327,0.03156829861082746,2
-0.1013123639073327,0.038347959627776616,2
-0.1013123639073327,0.045127620644725766,2
-0.1013123639073327,0.051907281661674916,2
-0.1013123639073327,0.05868694267862407,2
-0.1013123639073327,0.06546660369557322,2
-0.1013123639073327,0.07224626471252238,2
-0.1013123639073327,0.07902592572947154,2
-0.1013123639073327,0.08580558674642068,2
-0.1013123639073327,0.09258524776336984,2
-0.1013123639073327,0.09936490878031899,2
-0.1013123639073327,0.10614456979726815,2
-0.1013123639073327,0.11292423081421729,2
-0.1013123639073327,0.11970389183116645,2
-0.1013123639073327,0.1264835528481156,2
-0.1013123639073327,0.13326321386506476,2
-0.1013123639073327,0.14004287488201392,2
-0.1013123639073327,0.14682253589896305,2
-0.1013123639073327,0.1536021969159122,2
-0.1013123639073327,0.16038185793286136,2
-0.1013123639073327,0.16716151894981052,2
-0.1013123639073327,0.17394117996675967,2
-0.1013123639073327,0.18072084098370883,2
-0.1013123639073327,0.187500502000658,2
-0.1013123639073327,0.19428016301760714,2
-0.1013123639073327,0.20105982403455627,2
-0.1013123639073327,0.20783948505150543,2
-0.1013123639073327,0.21461914606845459,2
-0.1013123639073327,0.22139880708540374,2
-0.1013123639073327,0.2281784681023529,2
-0.1013123639073327,0.23495812911930206,2
-0.1013123639073327,0.2417377901362512,2
-0.1013123639073327,0.24851745115320034,2
-0.1013123639073327,0.2552971121701495,2
-0.1013123639073327,0.26207677318709865,2
-0.1013123639073327,0.2688564342040478,2
-0.1013123639073327,0.27563609522099697,2
-0.1013123639073327,0.2824157562379461,2
-0.1013123639073327,0.2891954172548953,2
-0.1013123639073327,0.29597507827184444,2
-0.1013123639073327,0.3027547392887936,2
-0.1013123639073327,0.30953440030574275,2
-0.1013123639073327,0.3163140613226919,2
-0.1013123639073327,0.323093722339641,2
-0.1013123639073327,0.32987338335659017,2
-0.1013123639073327,0.3366530443735393,2
-0.1013123639073327,0.3434327053904885,2
-0.1013123639073327,0.35021236640743764,2
-0.1013123639073327,0.3569920274243868,2
-0.1013123639073327,0.36377168844133595,2
-0.1013123639073327,0.3705513494582851,2
-0.09453270289038354,-0.029448650541714916,2
-0.09453270289038354,-0.022668989524765763,2
-0.09453270289038354,-0.01588932850781661,2
-0.09453270289038354,-0.009109667490867458,2
-0.09453270289038354,-0.0023300064739183043,2
-0.09453270289038354,0.0044496545430308485,2
-0.09453270289038354,0.011229315559980002,2
-0.09453270289038354,0.018008976576929153,2
-0.09453270289038354,0.024788637593878306,2
-0.09453270289038354,0.03156829861082746,2
-0.09453270289038354,0.038347959627776616,2
-0.09453270289038354,0.045127620644725766,2
-0.09453270289038354,0.051907281661674916,2
-0.09453270289038354,0.05868694267862407,2
-0.09453270289038354,0.06546660369557322,2
-0.09453270289038354,0.07224626471252238,2
-0.09453270289038354,0.07902592572947154,2
-0.09453270289038354,0.08580558674642068,2
-0.09453270289038354,0.09258524776336984,2
-0.09453270289038354,0.09936490878031899,2
-0.09453270289038354,0.10614456979726815,2
-0.09453270289038354,0.11292423081421729,2
-0.09453270289038354,0.11970389183116645,2
-0.09453270289038354,0.1264835528481156,2
-0.09453270289038354,0.13326321386506476,2
-0.09453270289038354,0.14004287488201392,2
-0.09453270289038354,0.14682253589896305,2
-0.09453270289038354,0.1536021969159122,2
-0.09453270289038354,0.16038185793286136,2
-0.09453270289038354,0.16716151894981052,2
-0.09453270289038354,0.17394117996675967,2
-0.09453270289038354,0.18072084098370883,2
-0.09453270289038354,0.187500502000658,2
-0.09453270289038354,0.19428016301760714,2
-0.09453270289038354,0.20105982403455627,2
-0.09453270289038354,0.20783948505150543,2
-0.09453270289038354,0.21461914606845459,2
-0.09453270289038354,0.22139880708540374,2
-0.09453270289038354,0.2281784681023529,2
-0.09453270289038354,0.23495812911930206,2
-0.09453270289038354,0.2417377901362512,2
-0.09453270289038354,0.24851745115320034,2
-0.09453270289038354,0.2552971121701495,2
-0.09453270289038354,0.26207677318709865,2
-0.09453270289038354,0.2688564342040478,2
-0.09453270289038354,0.27563609522099697,2
-0.09453270289038354,0.2824157562379461,2
-0.09453270289038354,0.2891954172548953,2
-0.09453270289038354,0.29597507827184444,2
-0.09453270289038354,0.3027547392887936,2
-0.09453270289038354,0.30953440030574275,2
-0.09453270289038354,0.3163140613226919,2
-0.09453270289038354,0.323093722339641,2
-0.09453270289038354,0.32987338335659017,2
-0.09453270289038354,0.3366530443735393,2
-0.09453270289038354,0.3434327053904885,2
-0.09453270289038354,0.35021236640743764,2
-0.09453270289038354,0.3569920274243868,2
-0.09453270289038354,0.36377168844133595,2
-0.09453270289038354,0.3705513494582851,2
-0.0877530418734344,-0.029448650541714916,2
-0.0877530418734344,-0.022668989524765763,2
-0.0877530418734344,-0.01588932850781661,2
-0.0877530418734344,-0.009109667490867458,2
-0.0877530418734344,-0.0023300064739183043,2
-0.0877530418734344,0.0044496545430308485,2
-0.0877530418734344,0.011229315559980002,2
-0.0877530418734344,0.018008976576929153,2
-0.0877530418734344,0.024788637593878306,2
-0.0877530418734344,0.03156829861082746,2
-0.0877530418734344,0.038347959627776616,2
-0.0877530418734344,0.045127620644725766,2
-0.0877530418734344,0.051907281661674916,2
-0.0877530418734344,0.05868694267862407,2
-0.0877530418734344,0.06546660369557322,2
-0.0877530418734344,0.07224626471252238,2
-0.0877530418734344,0.07902592572947154,2
-0.0877530418734344,0.08580558674642068,2
-0.0877530418734344,0.09258524776336984,2
-0.0877530418734344,0.09936490878031899,2
-0.0877530418734344,0.10614456979726815,2
-0.0877530418734344,0.11292423081421729,2
-0.0877530418734344,0.11970389183116645,2
-0.0877530418734344,0.1264835528481156,2
-0.0877530418734344,0.13326321386506476,2
-0.0877530418734344,0.14004287488201392,2
-0.0877530418734344,0.14682253589896305,2
-0.0877530418734344,0.1536021969159122,2
-0.0877530418734344,0.16038185793286136,2
-0.0877530418734344,0.16716151894981052,2
-0.0877530418734344,0.17394117996675967,2
-0.0877530418734344,0.18072084098370883,2
-0.0877530418734344,0.187500502000658,2
-0.0877530418734344,0.19428016301760714,2
-0.0877530418734344,0.20105982403455627,2
-0.0877530418734344,0.20783948505150543,2
-0.0877530418734344,0.21461914606845459,2
-0.0877530418734344,0.22139880708540374,2
-0.0877530418734344,0.2281784681023529,2
-0.0877530418734344,0.23495812911930206,2
-0.0877530418734344,0.2417377901362512,2
-0.0877530418734344,0.24851745115320034,2
-0.0877530418734344,0.2552971121701495,2
-0.0877530418734344,0.26207677318709865,2
-0.0877530418734344,0.2688564342040478,2
-0.0877530418734344,0.27563609522099697,2
-0.0877530418734344,0.2824157562379461,2
-0.0877530418734344,0.2891954172548953,2
-0.0877530418734344,0.29597507827184444,2
-0.0877530418734344,0.3027547392887936,2
-0.0877530418734344,0.30953440030574275,2
-0.0877530418734344,0.3163140613226919,2
-0.0877530418734344,0.323093722339641,2
-0.0877530418734344,0.32987338335659017,2
-0.0877530418734344,0.3366530443735393,2
-0.0877530418734344,0.3434327053904885,1
-0.0877530418734344,0.35021236640743764,1
-0.0877530418734344,0.3569920274243868,1
-0.0877530418734344,0.36377168844133595,1
-0.0877530418734344,0.3705513494582851,1
-0.08097338085648524,-0.029448650541714916,2
-0.08097338085648524,-0.022668989524765763,2
-0.08097338085648524,-0.01588932850781661,2
-0.08097338085648524,-0.009109667490867458,2
-0.08097338085648524,-0.0023300064739183043,2
-0.08097338085648524,0.0044496545430308485,2
-0.08097338085648524,0.011229315559980002,2
-0.08097338085648524,0.018008976576929153,2
-0.08097338085648524,0.024788637593878306,2
-0.08097338085648524,0.03156829861082746,2
-0.08097338085648524,0.038347959627776616,2
-0.08097338085648524,0.045127620644725766,2
-0.08097338085648524,0.051907281661674916,2
-0.08097338085648524,0.05868694267862407,2
-0.08097338085648524,0.06546660369557322,2
-0.08097338085648524,0.07224626471252238,2
-0.08097338085648524,0.07902592572947154,2
-0.08097338085648524,0.08580558674642068,2
-0.08097338085648524,0.09258524776336984,2
-0.08097338085648524,0.09936490878031899,2
-0.08097338085648524,0.10614456979726815,2
-0.08097338085648524,0.11292423081421729,2
-0.08097338085648524,0.11970389183116645,2
-0.08097338085648524,0.1264835528481156,2
-0.08097338085648524,0.13326321386506476,2
-0.08097338085648524,0.14004287488201392,2
-0.08097338085648524,0.14682253589896305,2
-0.08097338085648524,0.1536021969159122,2
-0.08097338085648524,0.16038185793286136,2
-0.08097338085648524,0.16716151894981052,2
-0.08097338085648524,0.17394117996675967,2
-0.08097338085648524,0.18072084098370883,2
-0.08097338085648524,0.187500502000658,2
-0.08097338085648524,0.19428016301760714,2
-0.08097338085648524,0.20105982403455627,2
-0.08097338085648524,0.20783948505150543,2
-0.08097338085648524,0.21461914606845459,2
-0.08097338085648524,0.22139880708540374,2
-0.08097338085648524,0.2281784681023529,2
-0.08097338085648524,0.23495812911930206,2
-0.08097338085648524,0.2417377901362512,2
-0.08097338085648524,0.24851745115320034,2
-0.08097338085648524,0.2552971121701495,2
-0.08097338085648524,0.26207677318709865,2
-0.08097338085648524,0.2688564342040478,2
-0.08097338085648524,0.27563609522099697,2
-0.08097338085648524,0.2824157562379461,1
-0.08097338085648524,0.2891954172548953,1
-0.08097338085648524,0.29597507827184444,1
-0.08097338085648524,0.3027547392887936,1
-0.08097338085648524,0.30953440030574275,1
-0.08097338085648524,0.3163140613226919,1
-0.08097338085648524,0.323093722339641,1
-0.08097338085648524,0.32987338335659017,1
-0.08097338085648524,0.3366530443735393,1
-0.08097338085648524,0.3434327053904885,1
-0.08097338085648524,0.35021236640743764,1
-0.08097338085648524,0.3569920274243868,1
-0.08097338085648524,0.36377168844133595,1
-0.08097338085648524,0.3705513494582851,1
-0.07419371983953608,-0.029448650541714916,2
-0.07419371983953608,-0.022668989524765763,2
-0.07419371983953608,-0.01588932850781661,2
-0.07419371983953608,-0.009109667490867458,2
-0.07419371983953608,-0.0023300064739183043,2
-0.07419371983953608,0.0044496545430308485,2
-0.07419371983953608,0.011229315559980002,2
-0.07419371983953608,0.018008976576929153,2
-0.07419371983953608,0.024788637593878306,2
-0.07419371983953608,0.03156829861082746,2
-0.07419371983953608,0.038347959627776616,2
-0.07419371983953608,0.045127620644725766,2
-0.07419371983953608,0.051907281661674916,2
-0.07419371983953608,0.05868694267862407,2
-0.07419371983953608,0.06546660369557322,2
-0.07419371983953608,0.07224626471252238,2
-0.07419371983953608,0.07902592572947154,2
-0.07419371983953608,0.08580558674642068,2
-0.07419371983953608,0.09258524776336984,2
-0.07419371983953608,0.09936490878031899,2
-0.07419371983953608,0.10614456979726815,2
-0.07419371983953608,0.11292423081421729,2
-0.07419371983953608,0.11970389183116645,2
-0.07419371983953608,0.1264835528481156,2
-0.07419371983953608,0.13326321386506476,2
-0.07419371983953608,0.14004287488201392,2
-0.07419371983953608,0.14682253589896305,2
-0.07419371983953608,0.1536021969159122,2
-0.07419371983953608,0.16038185793286136,2
-0.07419371983953608,0.16716151894981052,2
-0.07419371983953608,0.17394117996675967,2
-0.07419371983953608,0.18072084098370883,2
-0.07419371983953608,0.187500502000658,2
-0.07419371983953608,0.19428016301760714,2
-0.07419371983953608,0.20105982403455627,2
-0.07419371983953608,0.20783948505150543,2
-0.07419371983953608,0.21461914606845459,2
-0.07419371983953608,0.22139880708540374,2
-0.07419371983953608,0.2281784681023529,2
-0.07419371983953608,0.23495812911930206,2
-0.07419371983953608,0.2417377901362512,1
-0.07419371983953608,0.24851745115320034,1
-0.07419371983953608,0.2552971121701495,1
-0.07419371983953608,0.26207677318709865,1
-0.07419371983953608,0.2688564342040478,1
-0.07419371983953608,0.27563609522099697,1
-0.07419371983953608,0.2824157562379461,1
-0.07419371983953608,0.2891954172548953,1
-0.07419371983953608,0.29597507827184444,1
-0.07419371983953608,0.3027547392887936,1
-0.07419371983953608,0.30953440030574275,1
-0.07419371983953608,0.3163140613226919,1
-0.07419371983953608,0.323093722339641,1
-0.07419371983953608,0.32987338335659017,1
-0.07419371983953608,0.3366530443735393,1
-0.07419371983953608,0.3434327053904885,1
-0.07419371983953608,0.35021236640743764,1
-0.07419371983953608,0.3569920274243868,1
-0.07419371983953608,0.36377168844133595,1
-0.07419371983953608,0.3705513494582851,1
-0.06741405882258694,-0.029448650541714916,2
-0.06741405882258694,-0.022668989524765763,2
-0.06741405882258694,-0.01588932850781661,2
-0.06741405882258694,-0.009109667490867458,2
-0.06741405882258694,-0.0023300064739183043,2
-0.06741405882258694,0.0044496545430308485,2
-0.06741405882258694,0.011229315559980002,2
-0.06741405882258694,0.018008976576929153,2
-0.06741405882258694,0.024788637593878306,2
-0.06741405882258694,0.03156829861082746,2
-0.06741405882258694,0.038347959627776616,2
-0.06741405882258694,0.045127620644725766,2
-0.06741405882258694,0.051907281661674916,2
-0.06741405882258694,0.05868694267862407,2
-0.06741405882258694,0.06546660369557322,2
-0.06741405882258694,0.07224626471252238,2
-0.06741405882258694,0.07902592572947154,2
-0.06741405882258694,0.08580558674642068,2
-0.06741405882258694,0.09258524776336984,2
-0.06741405882258694,0.09936490878031899,2
-0.06741405882258694,0.10614456979726815,2
-0.06741405882258694,0.11292423081421729,2
-0.06741405882258694,0.11970389183116645,2
-0.06741405882258694,0.1264835528481156,2
-0.06741405882258694,0.13326321386506476,2
-0.06741405882258694,0.14004287488201392,2
-0.06741405882258694,0.14682253589896305,2
-0.06741405882258694,0.1536021969159122,2
-0.06741405882258694,0.16038185793286136,2
-0.06741405882258694,0.16716151894981052,2
-0.06741405882258694,0.17394117996675967,2
-0.06741405882258694,0.18072084098370883,2
-0.06741405882258694,0.187500502000658,2
-0.06741405882258694,0.19428016301760714,2
-0.06741405882258694,0.20105982403455627,2
-0.06741405882258694,0.20783948505150543,1
-0.06741405882258694,0.21461914606845459,1
-0.06741405882258694,0.22139880708540374,1
-0.06741405882258694,0.2281784681023529,1
-0.06741405882258694,0.23495812911930206,1
-0.06741405882258694,0.2417377901362512,1
-0.06741405882258694,0.24851745115320034,1
-0.06741405882258694,0.2552971121701495,1
-0.06741405882258694,0.26207677318709865,1
-0.06741405882258694,0.2688564342040478,1
-0.06741405882258694,0.27563609522099697,1
-0.06741405882258694,0.2824157562379461,1
-0.06741405882258694,0.2891954172548953,1
-0.06741405882258694,0.29597507827184444,1
-0.06741405882258694,0.3027547392887936,1
-0.06741405882258694,0.30953440030574275,1
-0.06741405882258694,0.3163140613226919,1
-0.06741405882258694,0.323093722339641,1
-0.06741405882258694,0.32987338335659017,1
-0.06741405882258694,0.3366530443735393,1
-0.06741405882258694,0.3434327053904885,1
-0.06741405882258694,0.35021236640743764,1
-0.06741405882258694,0.3569920274243868,1
-0.06741405882258694,0.36377168844133595,1
-0.06741405882258694,0.3705513494582851,1
-0.060634397805637785,-0.029448650541714916,2
-0.060634397805637785,-0.022668989524765763,2
-0.060634397805637785,-0.01588932850781661,2
-0.060634397805637785,-0.009109667490867458,2
-0.060634397805637785,-0.0023300064739183043,2
-0.060634397805637785,0.0044496545430308485,2
-0.060634397805637785,0.011229315559980002,2
-0.060634397805637785,0.018008976576929153,2
-0.060634397805637785,0.024788637593878306,2
-0.060634397805637785,0.03156829861082746,2
-0.060634397805637785,0.038347959627776616,2
-0.060634397805637785,0.045127620644725766,2
-0.060634397805637785,0.051907281661674916,2
-0.060634397805637785,0.05868694267862407,2
-0.060634397805637785,0.06546660369557322,2
-0.060634397805637785,0.07224626471252238,2
-0.060634397805637785,0.07902592572947154,2
-0.060634397805637785,0.08580558674642068,2
-0.060634397805637785,0.09258524776336984,2
-0.060634397805637785,0.09936490878031899,2
-0.060634397805637785,0.10614456979726815,2
-0.060634397805637785,0.11292423081421729,2
-0.060634397805637785,0.11970389183116645,2
-0.060634397805637785,0.1264835528481156,2
-0.060634397805637785,0.13326321386506476,2
-0.060634397805637785,0.14004287488201392,2
-0.060634397805637785,0.14682253589896305,2
-0.060634397805637785,0.1536021969159122,2
-0.060634397805637785,0.16038185793286136,2
-0.060634397805637785,0.16716151894981052,2
-0.060634397805637785,0.17394117996675967,1
-0.060634397805637785,0.18072084098370883,1
-0.060634397805637785,0.187500502000658,1
-0.060634397805637785,0.19428016301760714,1
-0.060634397805637785,0.20105982403455627,1
-0.060634397805637785,0.20783948505150543,1
-0.060634397805637785,0.21461914606845459,1
-0.060634397805637785,0.22139880708540374,1
-0.060634397805637785,0.2281784681023529,1
-0.060634397805637785,0.23495812911930206,1
-0.060634397805637785,0.2417377901362512,1
-0.060634397805637785,0.24851745115320034,1
-0.060634397805637785,0.2552971121701495,1
-0.060634397805637785,0.26207677318709865,1
-0.060634397805637785,0.2688564342040478,1
-0.060634397805637785,0.27563609522099697,1
-0.060634397805637785,0.2824157562379461,1
-0.060634397805637785,0.2891954172548953,1
-0.060634397805637785,0.29597507827184444,1
-0.060634397805637785,0.3027547392887936,1
-0.060634397805637785,0.30953440030574275,1
-0.060634397805637785,0.3163140613226919,1
-0.060634397805637785,0.323093722339641,1
-0.060634397805637785,0.32987338335659017,1
-0.060634397805637785,0.3366530443735393,1
-0.060634397805637785,0.3434327053904885,1
-0.060634397805637785,0.35021236640743764,1
-0.060634397805637785,0.3569920274243868,1
-0.060634397805637785,0.36377168844133595,1
-0.060634397805637785,0.3705513494582851,1
-0.05385473678868863,-0.029448650541714916,2
-0.05385473678868863,-0.022668989524765763,2
-0.05385473678868863,-0.01588932850781661,2
-0.05385473678868863,-0.009109667490867458,2
-0.05385473678868863,-0.0023300064739183043,2
-0.05385473678868863,0.0044496545430308485,2
-0.05385473678868863,0.011229315559980002,2
-0.05385473678868863,0.018008976576929153,2
-0.05385473678868863,0.024788637593878306,2
-0.05385473678868863,0.03156829861082746,2
-0.05385473678868863,0.038347959627776616,2
-0.05385473678868863,0.045127620644725766,2
-0.05385473678868863,0.051907281661674916,2
-0.05385473678868863,0.05868694267862407,2
-0.05385473678868863,0.06546660369557322,2
-0.05385473678868863,0.07224626471252238,2
-0.05385473678868863,0.07902592572947154,2
-0.05385473678868863,0.08580558674642068,2
-0.05385473678868863,0.09258524776336984,2
-0.05385473678868863,0.09936490878031899,2
-0.05385473678868863,0.10614456979726815,2
-0.05385473678868863,0.11292423081421729,2
-0.05385473678868863,0.11970389183116645,2
-0.05385473678868863,0.1264835528481156,2
-0.05385473678868863,0.13326321386506476,2
-0.05385473678868863,0.14004287488201392,2
-0.05385473678868863,0.14682253589896305,2
-0.05385473678868863,0.1536021969159122,1
-0.05385473678868863,0.16038185793286136,1
-0.05385473678868863,0.16716151894981052,1
-0.05385473678868863,0.17394117996675967,1
-0.05385473678868863,0.18072084098370883,1
-0.05385473678868863,0.187500502000658,1
-0.05385473678868863,0.19428016301760714,1
-0.05385473678868863,0.20105982403455627,1
-0.05385473678868863,0.20783948505150543,1
-0.05385473678868863,0.21461914606845459,1
-0.05385473678868863,0.22139880708540374,1
-0.05385473678868863,0.2281784681023529,1
-0.05385473678868863,0.23495812911930206,1
-0.05385473678868863,0.2417377901362512,1
-0.05385473678868863,0.24851745115320034,1
-0.05385473678868863,0.2552971121701495,1
-0.05385473678868863,0.26207677318709865,1
-0.05385473678868863,0.2688564342040478,1
-0.05385473678868863,0.27563609522099697,1
-0.05385473678868863,0.2824157562379461,1
-0.05385473678868863,0.2891954172548953,1
-0.05385473678868863,0.29597507827184444,1
-0.05385473678868863,0.3027547392887936,1
-0.05385473678868863,0.30953440030574275,1
-0.05385473678868863,0.3163140613226919,1
-0.05385473678868863,0.323093722339641,1
-0.05385473678868863,0.32987338335659017,1
-0.05385473678868863,0.3366530443735393,1
-0.05385473678868863,0.3434327053904885,1
-0.05385473678868863,0.35021236640743764,1
-0.05385473678868863,0.3569920274243868,1
-0.05385473678868863,0.36377168844133595,1
-0.05385473678868863,0.3705513494582851,1
-0.04707507577173948,-0.029448650541714916,2
-0.04707507577173948,-0.022668989524765763,2
-0.04707507577173948,-0.01588932850781661,2
-0.04707507577173948,-0.009109667490867458,2
-0.04707507577173948,-0.0023300064739183043,2
-0.04707507577173948,0.0044496545430308485,2
-0.04707507577173948,0.011229315559980002,2
-0.04707507577173948,0.018008976576929153,2
-0.04707507577173948,0.024788637593878306,2
-0.04707507577173948,0.03156829861082746,2
-0.04707507577173948,0.038347959627776616,2
-0.04707507577173948,0.045127620644725766,2
-0.04707507577173948,0.051907281661674916,2
-0.04707507577173948,0.05868694267862407,2
-0.04707507577173948,0.06546660369557322,2
-0.04707507577173948,0.07224626471252238,2
-0.04707507577173948,0.07902592572947154,2
-0.04707507577173948,0.08580558674642068,2
-0.04707507577173948,0.09258524776336984,2
-0.04707507577173948,0.09936490878031899,2
-0.04707507577173948,0.10614456979726815,2
-0.04707507577173948,0.11292423081421729,2
-0.04707507577173948,0.11970389183116645,2
-0.04707507577173948,0.1264835528481156,1
-0.04707507577173948,0.13326321386506476,1
-0.04707507577173948,0.14004287488201392,1
-0.04707507577173948,0.14682253589896305,1
-0.04707507577173948,0.1536021969159122,1
-0.04707507577173948,0.16038185793286136,1
-0.04707507577173948,0.16716151894981052,1
-0.04707507577173948,0.17394117996675967,1
-0.04707507577173948,0.18072084098370883,1
-0.04707507577173948,0.187500502000658,1
-0.04707507577173948,0.19428016301760714,1
-0.04707507577173948,0.20105982403455627,1
-0.04707507577173948,0.20783948505150543,1
-0.04707507577173948,0.21461914606845459,1
-0.04707507577173948,0.22139880708540374,1
-0.04707507577173948,0.2281784681023529,1
-0.04707507577173948,0.23495812911930206,1
-0.04707507577173948,0.2417377901362512,1
-0.04707507577173948,0.24851745115320034,1
-0.04707507577173948,0.2552971121701495,1
-0.04707507577173948,0.26207677318709865,1
-0.04707507577173948,0.2688564342040478,1
-0.04707507577173948,0.27563609522099697,1
-0.04707507577173948,0.2824157562379461,1
-0.04707507577173948,0.2891954172548953,1
-0.04707507577173948,0.29597507827184444,1
-0.04707507577173948,0.3027547392887936,1
-0.04707507577173948,0.30953440030574275,1
-0.04707507577173948,0.3163140613226919,1
-0.04707507577173948,0.323093722339641,1
-0.04707507577173948,0.32987338335659017,1
-0.04707507577173948,0.3366530443735393,1
-0.04707507577173948,0.3434327053904885,1
-0.04707507577173948,0.35021236640743764,1
-0.04707507577173948,0.3569920274243868,1
-0.04707507577173948,0.36377168844133595,1
-0.04707507577173948,0.3705513494582851,1
-0.04029541475479032,-0.029448650541714916,2
-0.04029541475479032,-0.022668989524765763,2
-0.04029541475479032,-0.01588932850781661,2
-0.04029541475479032,-0.009109667490867458,2
-0.04029541475479032,-0.0023300064739183043,2
-0.04029541475479032,0.0044496545430308485,2
-0.04029541475479032,0.011229315559980002,2
-0.04029541475479032,0.018008976576929153,2
-0.04029541475479032,0.024788637593878306,2
-0.04029541475479032,0.03156829861082746,2
-0.04029541475479032,0.038347959627776616,2
-0.04029541475479032,0.045127620644725766,2
-0.04029541475479032,0.051907281661674916,2
-0.04029541475479032,0.05868694267862407,2
-0.04029541475479032,0.06546660369557322,2
-0.04029541475479032,0.07224626471252238,2
-0.04029541475479032,0.07902592572947154,2
-0.04029541475479032,0.08580558674642068,2
-0.04029541475479032,0.09258524776336984,2
-0.04029541475479032,0.09936490878031899,2
-0.04029541475479032,0.10614456979726815,2
-0.04029541475479032,0.11292423081421729,1
-0.04029541475479032,0.11970389183116645,1
-0.04029541475479032,0.1264835528481156,1
-0.04029541475479032,0.13326321386506476,1
-0.04029541475479032,0.14004287488201392,1
-0.04029541475479032,0.14682253589896305,1
-0.04029541475479032,0.1536021969159122,1
-0.04029541475479032,0.16038185793286136,1
-0.04029541475479032,0.16716151894981052,1
-0.04029541475479032,0.17394117996675967,1
-0.04029541475479032,0.18072084098370883,1
-0.04029541475479032,0.187500502000658,1
-0.04029541475479032,0.19428016301760714,1
-0.04029541475479032,0.20105982403455627,1
-0.04029541475479032,0.20783948505150543,1
-0.04029541475479032,0.21461914606845459,1
-0.04029541475479032,0.22139880708540374,1
-0.04029541475479032,0.2281784681023529,1
-0.04029541475479032,0.23495812911930206,1
-0.04029541475479032,0.2417377901362512,1
-0.04029541475479032,0.24851745115320034,1
-0.04029541475479032,0.2552971121701495,1
-0.04029541475479032,0.26207677318709865,1
-0.04029541475479032,0.2688564342040478,1
-0.04029541475479032,0.27563609522099697,1
-0.04029541475479032,0.2824157562379461,1
-0.04029541475479032,0.2891954172548953,1
-0.04029541475479032,0.29597507827184444,1
-0.04029541475479032,0.3027547392887936,1
-0.04029541475479032,0.30953440030574275,1
-0.04029541475479032,0.3163140613226919,1
-0.04029541475479032,0.323093722339641,1
-0.04029541475479032,0.32987338335659017,1
-0.04029541475479032,0.3366530443735393,1
-0.04029541475479032,0.3434327053904885,1
-0.04029541475479032,0.35021236640743764,1
-0.04029541475479032,0.3569920274243868,1
-0.04029541475479032,0.36377168844133595,1
-0.04029541475479032,0.3705513494582851,1
-0.03351575373784117,-0.029448650541714916,2
-0.03351575373784117,-0.022668989524765763,2
-0.03351575373784117,-0.01588932850781661,2
-0.03351575373784117,-0.009109667490867458,2
-0.03351575373784117,-0.0023300064739183043,2
-0.03351575373784117,0.0044496545430308485,2
-0.03351575373784117,0.011229315559980002,2
-0.03351575373784117,0.018008976576929153,2
-0.03351575373784117,0.024788637593878306,2
-0.03351575373784117,0.03156829861082746,2
-0.03351575373784117,0.038347959627776616,2
-0.03351575373784117,0.045127620644725766,2
-0.03351575373784117,0.051907281661674916,2
-0.03351575373784117,0.05868694267862407,2
-0.03351575373784117,0.06546660369557322,2
-0.03351575373784117,0.07224626471252238,2
-0.03351575373784117,0.07902592572947154,2
-0.03351575373784117,0.08580558674642068,2
-0.03351575373784117,0.09258524776336984,1
-0.03351575373784117,0.09936490878031899,1
-0.03351575373784117,0.10614456979726815,1
-0.03351575373784117,0.11292423081421729,1
-0.03351575373784117,0.11970389183116645,1
-0.03351575373784117,0.1264835528481156,1
-0.03351575373784117,0.13326321386506476,1
-0.03351575373784117,0.14004287488201392,1
-0.03351575373784117,0.14682253589896305,1
-0.03351575373784117,0.1536021969159122,1
-0.03351575373784117,0.16038185793286136,1
-0.03351575373784117,0.16716151894981052,1
-0.03351575373784117,0.17394117996675967,1
-0.03351575373784117,0.18072084098370883,1
-0.03351575373784117,0.187500502000658,1
-0.03351575373784117,0.19428016301760714,1
-0.03351575373784117,0.20105982403455627,1
-0.03351575373784117,0.20783948505150543,1
-0.03351575373784117,0.21461914606845459,1
-0.03351575373784117,0.22139880708540374,1
-0.03351575373784117,0.2281784681023529,1
-0.03351575373784117,0.23495812911930206,1
-0.03351575373784117,0.2417377901362512,1
-0.03351575373784117,0.24851745115320034,1
-0.03351575373784117,0.2552971121701495,1
-0.03351575373784117,0.26207677318709865,1
-0.03351575373784117,0.2688564342040478,1
-0.03351575373784117,0.27563609522099697,1
-0.03351575373784117,0.2824157562379461,1
-0.03351575373784117,0.2891954172548953,1
-0.03351575373784117,0.29597507827184444,1
-0.03351575373784117,0.3027547392887936,1
-0.03351575373784117,0.30953440030574275,1
-0.03351575373784117,0.3163140613226919,1
-0.03351575373784117,0.323093722339641,1
-0.03351575373784117,0.32987338335659017,1
-0.03351575373784117,0.3366530443735393,1
-0.03351575373784117,0.3434327053904885,1
-0.03351575373784117,0.35021236640743764,1
-0.03351575373784117,0.3569920274243868,1
-0.03351575373784117,0.36377168844133595,1
-0.03351575373784117,0.3705513494582851,1
-0.02673609272089202,-0.029448650541714916,2
-0.02673609272089202,-0.022668989524765763,2
-0.02673609272089202,-0.01588932850781661,2
-0.02673609272089202,-0.009109667490867458,2
-0.02673609272089202,-0.0023300064739183043,2
-0.02673609272089202,0.0044496545430308485,2
-0.02673609272089202,0.011229315559980002,2
-0.02673609272089202,0.018008976576929153,2
-0.02673609272089202,0.024788637593878306,2
-0.02673609272089202,0.03156829861082746,2
-0.02673609272089202,0.038347959627776616,2
-0.02673609272089202,0.045127620644725766,2
-0.02673609272089202,0.051907281661674916,2
-0.02673609272089202,0.05868694267862407,2
-0.02673609272089202,0.06546660369557322,2
-0.02673609272089202,0.07224626471252238,2
-0.02673609272089202,0.07902592572947154,1
-0.02673609272089202,0.08580558674642068,1
-0.02673609272089202,0.09258524776336984,1
-0.02673609272089202,0.09936490878031899,1
-0.02673609272089202,0.10614456979726815,1
-0.02673609272089202,0.11292423081421729,1
-0.02673609272089202,0.11970389183116645,1
-0.02673609272089202,0.1264835528481156,1
-0.02673609272089202,0.13326321386506476,1
-0.02673609272089202,0.14004287488201392,1
-0.02673609272089202,0.14682253589896305,1
-0.02673609272089202,0.1536021969159122,1
-0.02673609272089202,0.16038185793286136,1
-0.02673609272089202,0.16716151894981052,1
-0.02673609272089202,0.17394117996675967,1
-0.02673609272089202,0.18072084098370883,1
-0.02673609272089202,0.187500502000658,1
-0.02673609272089202,0.19428016301760714,1
-0.02673609272089202,0.20105982403455627,1
-0.02673609272089202,0.20783948505150543,1
-0.02673609272089202,0.21461914606845459,1
-0.02673609272089202,0.22139880708540374,1
-0.02673609272089202,0.2281784681023529,1
-0.02673609272089202,0.23495812911930206,1
-0.02673609272089202,0.2417377901362512,1
-0.02673609272089202,0.24851745115320034,1
-0.02673609272089202,0.2552971121701495,1
-0.02673609272089202,0.26207677318709865,1
-0.02673609272089202,0.2688564342040478,1
-0.02673609272089202,0.27563609522099697,1
-0.02673609272089202,0.2824157562379461,1
-0.02673609272089202,0.2891954172548953,1
-0.02673609272089202,0.29597507827184444,1
-0.02673609272089202,0.3027547392887936,1
-0.02673609272089202,0.30953440030574275,1
-0.02673609272089202,0.3163140613226919,1
-0.02673609272089202,0.323093722339641,1
-0.02673609272089202,0.32987338335659017,1
-0.02673609272089202,0.3366530443735393,1
-0.02673609272089202,0.3434327053904885,1
-0.02673609272089202,0.35021236640743764,1
-0.02673609272089202,0.3569920274243868,1
-0.02673609272089202,0.36377168844133595,1
-0.02673609272089202,0.3705513494582851,1
-0.019956431703942866,-0.029448650541714916,2
-0.019956431703942866,-0.022668989524765763,2
-0.019956431703942866,-0.01588932850781661,2
-0.019956431703942866,-0.009109667490867458,2
-0.019956431703942866,-0.0023300064739183043,2
-0.019956431703942866,0.0044496545430308485,2
-0.019956431703942866,0.011229315559980002,2
-0.019956431703942866,0.018008976576929153,2
-0.019956431703942866,0.024788637593878306,2
-0.019956431703942866,0.03156829861082746,2
-0.019956431703942866,0.038347959627776616,2
-0.019956431703942866,0.045127620644725766,2
-0.019956431703942866,0.051907281661674916,2
-0.019956431703942866,0.05868694267862407,2
-0.019956431703942866,0.06546660369557322,1
-0.019956431703942866,0.07224626471252238,1
-0.019956431703942866,0.07902592572947154,1
-0.019956431703942866,0.08580558674642068,1
-0.019956431703942866,0.09258524776336984,1
-0.019956431703942866,0.09936490878031899,1
-0.019956431703942866,0.10614456979726815,1
-0.019956431703942866,0.11292423081421729,1
-0.019956431703942866,0.11970389183116645,1
-0.019956431703942866,0.1264835528481156,1
-0.019956431703942866,0.13326321386506476,1
-0.019956431703942866,0.14004287488201392,1
-0.019956431703942866,0.14682253589896305,1
-0.019956431703942866,0.1536021969159122,1
-0.019956431703942866,0.16038185793286136,1
-0.019956431703942866,0.16716151894981052,1
-0.019956431703942866,0.17394117996675967,1
-0.019956431703942866,0.18072084098370883,1
-0.019956431703942866,0.187500502000658,1
-0.019956431703942866,0.19428016301760714,1
-0.019956431703942866,0.20105982403455627,1
-0.019956431703942866,0.20783948505150543,1
-0.019956431703942866,0.21461914606845459,1
-0.019956431703942866,0.22139880708540374,1
-0.019956431703942866,0.2281784681023529,1
-0.019956431703942866,0.23495812911930206,1
-0.019956431703942866,0.2417377901362512,1
-0.019956431703942866,0.24851745115320034,1
-0.019956431703942866,0.2552971121701495,1
-0.019956431703942866,0.26207677318709865,1
-0.019956431703942866,0.2688564342040478,1
-0.019956431703942866,0.27563609522099697,1
-0.019956431703942866,0.2824157562379461,1
-0.019956431703942866,0.2891954172548953,1
-0.019956431703942866,0.29597507827184444,1
-0.019956431703942866,0.3027547392887936,1
-0.019956431703942866,0.30953440030574275,1
-0.019956431703942866,0.3163140613226919,1
-0.019956431703942866,0.323093722339641,1
-0.019956431703942866,0.32987338335659017,1
-0.019956431703942866,0.3366530443735393,1
-0.019956431703942866,0.3434327053904885,1
-0.019956431703942866,0.35021236640743764,1
-0.019956431703942866,0.3569920274243868,1
-0.019956431703942866,0.36377168844133595,1
-0.019956431703942866,0.3705513494582851,1
-0.013176770686993713,-0.029448650541714916,2
-0.013176770686993713,-0.022668989524765763,2
-0.013176770686993713,-0.01588932850781661,2
-0.013176770686993713,-0.009109667490867458,2
-0.013176770686993713,-0.0023300064739183043,2
-0.013176770686993713,0.0044496545430308485,2
-0.013176770686993713,0.011229315559980002,2
-0.013176770686993713,0.018008976576929153,2
-0.013176770686993713,0.024788637593878306,2
-0.013176770686993713,0.03156829861082746,2
-0.013176770686993713,0.038347959627776616,2
-0.013176770686993713,0.045127620644725766,2
-0.013176770686993713,0.051907281661674916,1
-0.013176770686993713,0.05868694267862407,1
-0.013176770686993713,0.06546660369557322,1
-0.013176770686993713,0.07224626471252238,1
-0.013176770686993713,0.07902592572947154,1
-0.013176770686993713,0.08580558674642068,1
-0.013176770686993713,0.09258524776336984,1
-0.013176770686993713,0.09936490878031899,1
-0.013176770686993713,0.10614456979726815,1
-0.013176770686993713,0.11292423081421729,1
-0.013176770686993713,0.11970389183116645,1
-0.013176770686993713,0.1264835528481156,1
-0.013176770686993713,0.13326321386506476,1
-0.013176770686993713,0.14004287488201392,1
-0.013176770686993713,0.14682253589896305,1
-0.013176770686993713,0.1536021969159122,1
-0.013176770686993713,0.16038185793286136,1
-0.013176770686993713,0.16716151894981052,1
-0.013176770686993713,0.17394117996675967,1
-0.013176770686993713,0.18072084098370883,1
-0.013176770686993713,0.187500502000658,1
-0.013176770686993713,0.19428016301760714,1
-0.013176770686993713,0.20105982403455627,1
-0.013176770686993713,0.20783948505150543,1
-0.013176770686993713,0.21461914606845459,1
-0.013176770686993713,0.22139880708540374,1
-0.013176770686993713,0.2281784681023529,1
-0.013176770686993713,0.23495812911930206,1
-0.013176770686993713,0.2417377901362512,1
-0.013176770686993713,0.24851745115320034,1
-0.013176770686993713,0.2552971121701495,1
-0.013176770686993713,0.26207677318709865,1
-0.013176770686993713,0.2688564342040478,1
-0.013176770686993713,0.27563609522099697,1
-0.013176770686993713,0.2824157562379461,1
-0.013176770686993713,0.2891954172548953,1
-0.013176770686993713,0.29597507827184444,1
-0.013176770686993713,0.3027547392887936,1
-0.013176770686993713,0.30953440030574275,1
-0.013176770686993713,0.3163140613226919,1
-0.013176770686993713,0.323093722339641,1
-0.013176770686993713,0.32987338335659017,1
-0.013176770686993713,0.3366530443735393,1
-0.013176770686993713,0.3434327053904885,1
-0.013176770686993713,0.35021236640743764,1
-0.013176770686993713,0.3569920274243868,1
-0.013176770686993713,0.36377168844133595,1
-0.013176770686993713,0.3705513494582851,1
-0.006397109670044559,-0.029448650541714916,2
-0.006397109670044559,-0.022668989524765763,2
-0.006397109670044559,-0.01588932850781661,2
-0.006397109670044559,-0.009109667490867458,2
-0.006397109670044559,-0.0023300064739183043,2
-0.006397109670044559,0.0044496545430308485,2
-0.006397109670044559,0.011229315559980002,2
-0.006397109670044559,0.018008976576929153,2
-0.006397109670044559,0.024788637593878306,2
-0.006397109670044559,0.03156829861082746,2
-0.006397109670044559,0.038347959627776616,1
-0.006397109670044559,0.045127620644725766,1
-0.006397109670044559,0.051907281661674916,1
-0.006397109670044559,0.05868694267862407,1
-0.006397109670044559,0.06546660369557322,1
-0.006397109670044559,0.07224626471252238,1
-0.006397109670044559,0.07902592572947154,1
-0.006397109670044559,0.08580558674642068,1
-0.006397109670044559,0.09258524776336984,1
-0.006397109670044559,0.09936490878031899,1
-0.006397109670044559,0.10614456979726815,1
-0.006397109670044559,0.11292423081421729,1
-0.006397109670044559,0.11970389183116645,1
-0.006397109670044559,0.1264835528481156,1
-0.006397109670044559,0.13326321386506476,1
-0.006397109670044559,0.14004287488201392,1
-0.006397109670044559,0.14682253589896305,1
-0.006397109670044559,0.1536021969159122,1
-0.006397109670044559,0.16038185793286136,1
-0.006397109670044559,0.16716151894981052,1
-0.006397109670044559,0.17394117996675967,1
-0.006397109670044559,0.18072084098370883,1
-0.006397109670044559,0.187500502000658,1
-0.006397109670044559,0.19428016301760714,1
-0.006397109670044559,0.20105982403455627,1
-0.006397109670044559,0.20783948505150543,1
-0.006397109670044559,0.21461914606845459,1
-0.006397109670044559,0.22139880708540374,1
-0.006397109670044559,0.2281784681023529,1
-0.006397109670044559,0.23495812911930206,1
-0.006397109670044559,0.2417377901362512,1
-0.006397109670044559,0.24851745115320034,1
-0.006397109670044559,0.2552971121701495,1
-0.006397109670044559,0.26207677318709865,1
-0.006397109670044559,0.2688564342040478,1
-0.006397109670044559,0.27563609522099697,1
-0.006397109670044559,0.2824157562379461,1
-0.006397109670044559,0.2891954172548953,1
-0.006397109670044559,0.29597507827184444,1
-0.006397109670044559,0.3027547392887936,1
-0.006397109670044559,0.30953440030574275,1
-0.006397109670044559,0.3163140613226919,1
-0.006397109670044559,0.323093722339641,1
-0.006397109670044559,0.32987338335659017,1
-0.006397109670044559,0.3366530443735393,1
-0.006397109670044559,0.3434327053904885,1
-0.006397109670044559,0.35021236640743764,1
-0.006397109670044559,0.3569920274243868,1
-0.006397109670044559,0.36377168844133595,1
-0.006397109670044559,0.3705513494582851,1
0.0003825513469045938,-0.029448650541714916,2
0.0003825513469045938,-0.022668989524765763,2
0.0003825513469045938,-0.01588932850781661,2
0.0003825513469045938,-0.009109667490867458,2
0.0003825513469045938,-0.0023300064739183043,2
0.0003825513469045938,0.0044496545430308485,2
0.0003825513469045938,0.011229315559980002,2
0.0003825513469045938,0.018008976576929153,2
0.0003825513469045938,0.024788637593878306,2
0.0003825513469045938,0.03156829861082746,1
0.0003825513469045938,0.038347959627776616,1
0.0003825513469045938,0.045127620644725766,1
0.0003825513469045938,0.051907281661674916,1
0.0003825513469045938,0.05868694267862407,1
0.0003825513469045938,0.06546660369557322,1
0.0003825513469045938,0.07224626471252238,1
0.0003825513469045938,0.07902592572947154,1
0.0003825513469045938,0.08580558674642068,1
0.0003825513469045938,0.09258524776336984,1
0.0003825513469045938,0.09936490878031899,1
0.0003825513469045938,0.10614456979726815,1
0.0003825513469045938,0.11292423081421729,1
0.0003825513469045938,0.11970389183116645,1
0.0003825513469045938,0.1264835528481156,1
0.0003825513469045938,0.13326321386506476,1
0.0003825513469045938,0.14004287488201392,1
0.0003825513469045938,0.14682253589896305,1
0.0003825513469045938,0.1536021969159122,1
0.0003825513469045938,0.16038185793286136,1
0.0003825513469045938,0.16716151894981052,1
0.0003825513469045938,0.17394117996675967,1
0.0003825513469045938,0.18072084098370883,1
0.0003825513469045938,0.187500502000658,1
0.0003825513469045938,0.19428016301760714,1
0.0003825513469045938,0.20105982403455627,1
0.0003825513469045938,0.20783948505150543,1
0.0003825513469045938,0.21461914606845459,1
0.0003825513469045938,0.22139880708540374,1
0.0003825513469045938,0.2281784681023529,1
0.0003825513469045938,0.23495812911930206,1
0.0003825513469045938,0.2417377901362512,1
0.0003825513469045938,0.24851745115320034,1
0.0003825513469045938,0.2552971121701495,1
0.0003825513469045938,0.26207677318709865,1
0.0003825513469045938,0.2688564342040478,1
0.0003825513469045938,0.27563609522099697,1
0.0003825513469045938,0.2824157562379461,1
0.0003825513469045938,0.2891954172548953,1
0.0003825513469045938,0.29597507827184444,1
0.0003825513469045938,0.3027547392887936,1
0.0003825513469045938,0.30953440030574275,1
0.0003825513469045938,0.3163140613226919,1
0.0003825513469045938,0.323093722339641,1
0.0003825513469045938,0.32987338335659017,1
0.0003825513469045938,0.3366530443735393,1
0.0003825513469045938,0.3434327053904885,1
0.0003825513469045938,0.35021236640743764,1
0.0003825513469045938,0.3569920274243868,1
0.0003825513469045938,0.36377168844133595,1
0.0003825513469045938,0.3705513494582851,1
0.007162212363853747,-0.029448650541714916,2
0.007162212363853747,-0.022668989524765763,2
0.007162212363853747,-0.01588932850781661,2
0.007162212363853747,-0.009109667490867458,2
0.007162212363853747,-0.0023300064739183043,2
0.007162212363853747,0.0044496545430308485,2
0.007162212363853747,0.011229315559980002,2
0.007162212363853747,0.018008976576929153,1
0.007162212363853747,0.024788637593878306,1
0.007162212363853747,0.03156829861082746,1
0.007162212363853747,0.038347959627776616,1
0.007162212363853747,0.045127620644725766,1
0.007162212363853747,0.051907281661674916,1
0.007162212363853747,0.05868694267862407,1
0.007162212363853747,0.06546660369557322,1
0.007162212363853747,0.07224626471252238,1
0.007162212363853747,0.07902592572947154,1
0.007162212363853747,0.08580558674642068,1
0.007162212363853747,0.09258524776336984,1
0.007162212363853747,0.09936490878031899,1
0.007162212363853747,0.10614456979726815,1
0.007162212363853747,0.11292423081421729,1
0.007162212363853747,0.11970389183116645,1
0.007162212363853747,0.1264835528481156,1
0.007162212363853747,0.13326321386506476,1
0.007162212363853747,0.14004287488201392,1
0.007162212363853747,0.14682253589896305,1
0.007162212363853747,0.1536021969159122,1
0.007162212363853747,0.16038185793286136,1
0.007162212363853747,0.16716151894981052,1
0.007162212363853747,0.17394117996675967,1
0.007162212363853747,0.18072084098370883,1
0.007162212363853747,0.187500502000658,1
0.007162212363853747,0.19428016301760714,1
0.007162212363853747,0.20105982403455627,1
0.007162212363853747,0.20783948505150543,1
0.007162212363853747,0.21461914606845459,1
0.007162212363853747,0.22139880708540374,1
0.007162212363853747,0.2281784681023529,1
0.007162212363853747,0.23495812911930206,1
0.007162212363853747,0.2417377901362512,1
0.007162212363853747,0.24851745115320034,1
0.007162212363853747,0.2552971121701495,1
0.007162212363853747,0.26207677318709865,1
0.007162212363853747,0.2688564342040478,1
0.007162212363853747,0.27563609522099697,1
0.007162212363853747,0.2824157562379461,1
0.007162212363853747,0.2891954172548953,1
0.007162212363853747,0.29597507827184444,1
0.007162212363853747,0.3027547392887936,1
0.007162212363853747,0.30953440030574275,1
0.007162212363853747,0.3163140613226919,1
0.007162212363853747,0.323093722339641,1
0.007162212363853747,0.32987338335659017,1
0.007162212363853747,0.3366530443735393,1
0.007162212363853747,0.3434327053904885,1
0.007162212363853747,0.35021236640743764,1
0.007162212363853747,0.3569920274243868,1
0.007162212363853747,0.36377168844133595,1
0.007162212363853747,0.3705513494582851,1
0.0139418733808029,-0.029448650541714916,2
0.0139418733808029,-0.022668989524765763,2
0.0139418733808029,-0.01588932850781661,2
0.0139418733808029,-0.009109667490867458,2
0.0139418733808029,-0.0023300064739183043,2
0.0139418733808029,0.0044496545430308485,2
0.0139418733808029,0.011229315559980002,1
0.0139418733808029,0.018008976576929153,1
0.0139418733808029,0.024788637593878306,1
0.0139418733808029,0.03156829861082746,1
0.0139418733808029,0.038347959627776616,1
0.0139418733808029,0.045127620644725766,1
0.0139418733808029,0.051907281661674916,1
0.0139418733808029,0.05868694267862407,1
0.0139418733808029,0.06546660369557322,1
0.0139418733808029,0.07224626471252238,1
0.0139418733808029,0.07902592572947154,1
0.0139418733808029,0.08580558674642068,1
0.0139418733808029,0.09258524776336984,1
0.0139418733808029,0.09936490878031899,1
0.0139418733808029,0.10614456979726815,1
0.0139418733808029,0.11292423081421729,1
0.0139418733808029,0.11970389183116645,1
0.0139418733808029,0.1264835528481156,1
0.0139418733808029,0.13326321386506476,1
0.0139418733808029,0.14004287488201392,1
0.0139418733808029,0.14682253589896305,1
0.0139418733808029,0.1536021969159122,1
0.0139418733808029,0.16038185793286136,1
0.0139418733808029,0.16716151894981052,1
0.0139418733808029,0.17394117996675967,1
0.0139418733808029,0.18072084098370883,1
0.0139418733808029,0.187500502000658,1
0.0139418733808029,0.19428016301760714,1
0.0139418733808029,0.20105982403455627,1
0.0139418733808029,0.20783948505150543,1
0.0139418733808029,0.21461914606845459,1
0.0139418733808029,0.22139880708540374,1
0.0139418733808029,0.2281784681023529,1
0.0139418733808029,0.23495812911930206,1
0.0139418733808029,0.2417377901362512,1
0.0139418733808029,0.24851745115320034,1
0.0139418733808029,0.2552971121701495,1
0.0139418733808029,0.26207677318709865,1
0.0139418733808029,0.2688564342040478,1
0.0139418733808029,0.27563609522099697,1
0.0139418733808029,0.2824157562379461,1
0.0139418733808029,0.2891954172548953,1
0.0139418733808029,0.29597507827184444,1
0.0139418733808029,0.3027547392887936,1
0.0139418733808029,0.30953440030574275,1
0.0139418733808029,0.3163140613226919,1
0.0139418733808029,0.323093722339641,1
0.0139418733808029,0.32987338335659017,1
0.0139418733808029,0.3366530443735393,1
0.0139418733808029,0.3434327053904885,1
0.0139418733808029,0.35021236640743764,1
0.0139418733808029,0.3569920274243868,1
0.0139418733808029,0.36377168844133595,1
0.0139418733808029,0.3705513494582851,1
0.020721534397752053,-0.029448650541714916,2
0.020721534397752053,-0.022668989524765763,2
0.020721534397752053,-0.01588932850781661,2
0.020721534397752053,-0.009109667490867458,2
0.020721534397752053,-0.0023300064739183043,2
0.020721534397752053,0.0044496545430308485,1
0.020721534397752053,0.011229315559980002,1
0.020721534397752053,0.018008976576929153,1
0.020721534397752053,0.024788637593878306,1
0.020721534397752053,0.03156829861082746,1
0.020721534397752053,0.038347959627776616,1
0.020721534397752053,0.045127620644725766,1
0.020721534397752053,0.051907281661674916,1
0.020721534397752053,0.05868694267862407,1
0.020721534397752053,0.06546660369557322,1
0.020721534397752053,0.07224626471252238,1
0.020721534397752053,0.07902592572947154,1
0.020721534397752053,0.08580558674642068,1
0.020721534397752053,0.09258524776336984,1
0.020721534397752053,0.09936490878031899,1
0.020721534397752053,0.10614456979726815,1
0.020721534397752053,0.11292423081421729,1
0.020721534397752053,0.11970389183116645,1
0.020721534397752053,0.1264835528481156,1
0.020721534397752053,0.13326321386506476,1
0.020721534397752053,0.14004287488201392,1
0.020721534397752053,0.14682253589896305,1
0.020721534397752053,0.1536021969159122,1
0.020721534397752053,0.16038185793286136,1
0.020721534397752053,0.16716151894981052,1
0.020721534397752053,0.17394117996675967,1
0.020721534397752053,0.18072084098370883,1
0.020721534397752053,0.187500502000658,1
0.020721534397752053,0.19428016301760714,1
0.020721534397752053,0.20105982403455627,1
0.020721534397752053,0.20783948505150543,1
0.020721534397752053,0.21461914606845459,1
0.020721534397752053,0.22139880708540374,1
0.020721534397752053,0.2281784681023529,1
0.020721534397752053,0.23495812911930206,1
0.020721534397752053,0.2417377901362512,1
0.020721534397752053,0.24851745115320034,1
0.020721534397752053,0.2552971121701495,1
0.020721534397752053,0.26207677318709865,1
0.020721534397752053,0.2688564342040478,1
0.020721534397752053,0.27563609522099697,1
0.020721534397752053,0.2824157562379461,1
0.020721534397752053,0.2891954172548953,1
0.020721534397752053,0.29597507827184444,1
0.020721534397752053,0.3027547392887936,1
0.020721534397752053,0.30953440030574275,1
0.020721534397752053,0.3163140613226919,1
0.020721534397752053,0.323093722339641,1
0.020721534397752053,0.32987338335659017,1
0.020721534397752053,0.3366530443735393,1
0.020721534397752053,0.3434327053904885,1
0.020721534397752053,0.35021236640743764,1
0.020721534397752053,0.3569920274243868,1
0.020721534397752053,0.36377168844133595,1
0.020721534397752053,0.3705513494582851,1
0.027501195414701207,-0.029448650541714916,2
0.027501195414701207,-0.022668989524765763,2
0.027501195414701207,-0.01588932850781661,2
0.027501195414701207,-0.009109667490867458,2
0.027501195414701207,-0.0023300064739183043,1
0.027501195414701207,0.0044496545430308485,1
0.027501195414701207,0.011229315559980002,1
0.027501195414701207,0.018008976576929153,1
0.027501195414701207,0.024788637593878306,1
0.027501195414701207,0.03156829861082746,1
0.027501195414701207,0.038347959627776616,1
0.027501195414701207,0.045127620644725766,1
0.027501195414701207,0.051907281661674916,1
0.027501195414701207,0.05868694267862407,1
0.027501195414701207,0.06546660369557322,1
0.027501195414701207,0.07224626471252238,1
0.027501195414701207,0.07902592572947154,1
0.027501195414701207,0.08580558674642068,1
0.027501195414701207,0.09258524776336984,1
0.027501195414701207,0.09936490878031899,1
0.027501195414701207,0.10614456979726815,1
0.027501195414701207,0.11292423081421729,1
0.027501195414701207,0.11970389183116645,1
0.027501195414701207,0.1264835528481156,1
0.027501195414701207,0.13326321386506476,1
0.027501195414701207,0.14004287488201392,1
0.027501195414701207,0.14682253589896305,1
0.027501195414701207,0.1536021969159122,1
0.027501195414701207,0.16038185793286136,1
0.027501195414701207,0.16716151894981052,1
0.027501195414701207,0.17394117996675967,1
0.027501195414701207,0.18072084098370883,1
0.027501195414701207,0.187500502000658,1
0.027501195414701207,0.19428016301760714,1
0.027501195414701207,0.20105982403455627,1
0.027501195414701207,0.20783948505150543,1
0.027501195414701207,0.21461914606845459,1
0.027501195414701207,0.22139880708540374,1
0.027501195414701207,0.2281784681023529,1
0.027501195414701207,0.23495812911930206,1
0.027501195414701207,0.2417377901362512,1
0.027501195414701207,0.24851745115320034,1
0.027501195414701207,0.2552971121701495,1
0.027501195414701207,0.26207677318709865,1
0.027501195414701207,0.2688564342040478,1
0.027501195414701207,0.27563609522099697,1
0.027501195414701207,0.2824157562379461,1
0.027501195414701207,0.2891954172548953,1
0.027501195414701207,0.29597507827184444,1
0.027501195414701207,0.3027547392887936,1
0.027501195414701207,0.30953440030574275,1
0.027501195414701207,0.3163140613226919,1
0.027501195414701207,0.323093722339641,1
0.027501195414701207,0.32987338335659017,1
0.027501195414701207,0.3366530443735393,1
0.027501195414701207,0.3434327053904885,1
0.027501195414701207,0.35021236640743764,1
0.027501195414701207,0.3569920274243868,1
0.027501195414701207,0.36377168844133595,1
0.027501195414701207,0.3705513494582851,1
0.03428085643165036,-0.029448650541714916,2
0.03428085643165036,-0.022668989524765763,2
0.03428085643165036,-0.01588932850781661,1
0.03428085643165036,-0.009109667490867458,1
0.03428085643165036,-0.0023300064739183043,1
0.03428085643165036,0.0044496545430308485,1
0.03428085643165036,0.011229315559980002,1
0.03428085643165036,0.018008976576929153,1
0.03428085643165036,0.024788637593878306,1
0.03428085643165036,0.03156829861082746,1
0.03428085643165036,0.038347959627776616,1
0.03428085643165036,0.045127620644725766,1
0.03428085643165036,0.051907281661674916,1
0.03428085643165036,0.05868694267862407,1
0.03428085643165036,0.06546660369557322,1
0.03428085643165036,0.07224626471252238,1
0.03428085643165036,0.07902592572947154,1
0.03428085643165036,0.08580558674642068,1
0.03428085643165036,0.09258524776336984,1
0.03428085643165036,0.09936490878031899,1
0.03428085643165036,0.10614456979726815,1
0.03428085643165036,0.11292423081421729,1
0.03428085643165036,0.11970389183116645,1
0.03428085643165036,0.1264835528481156,1
0.03428085643165036,0.13326321386506476,1
0.03428085643165036,0.14004287488201392,1
0.03428085643165036,0.14682253589896305,1
0.03428085643165036,0.1536021969159122,1
0.03428085643165036,0.16038185793286136,1
0.03428085643165036,0.16716151894981052,1
0.03428085643165036,0.17394117996675967,1
0.03428085643165036,0.18072084098370883,1
0.03428085643165036,0.187500502000658,1
0.03428085643165036,0.19428016301760714,1
0.03428085643165036,0.20105982403455627,1
0.03428085643165036,0.20783948505150543,1
0.03428085643165036,0.21461914606845459,1
0.03428085643165036,0.22139880708540374,1
0.03428085643165036,0.2281784681023529,1
0.03428085643165036,0.23495812911930206,1
0.03428085643165036,0.2417377901362512,1
0.03428085643165036,0.24851745115320034,1
0.03428085643165036,0.2552971121701495,1
0.03428085643165036,0.26207677318709865,1
0.03428085643165036,0.2688564342040478,1
0.03428085643165036,0.27563609522099697,1
0.03428085643165036,0.2824157562379461,1
0.03428085643165036,0.2891954172548953,1
0.03428085643165036,0.29597507827184444,1
0.03428085643165036,0.3027547392887936,1
0.03428085643165036,0.30953440030574275,1
0.03428085643165036,0.3163140613226919,1
0.03428085643165036,0.323093722339641,1
0.03428085643165036,0.32987338335659017,1
0.03428085643165036,0.3366530443735393,1
0.03428085643165036,0.3434327053904885,1
0.03428085643165036,0.35021236640743764,1
0.03428085643165036,0.3569920274243868,1
0.03428085643165036,0.36377168844133595,1
0.03428085643165036,0.3705513494582851,1
0.04106051744859951,-0.029448650541714916,2
0.04106051744859951,-0.022668989524765763,1
0.04106051744859951,-0.01588932850781661,1
0.04106051744859951,-0.009109667490867458,1
0.04106051744859951,-0.0023300064739183043,1
0.04106051744859951,0.0044496545430308485,1
0.04106051744859951,0.011229315559980002,1
0.04106051744859951,0.018008976576929153,1
0.04106051744859951,0.024788637593878306,1
0.04106051744859951,0.03156829861082746,1
0.04106051744859951,0.038347959627776616,1
0.04106051744859951,0.045127620644725766,1
0.04106051744859951,0.051907281661674916,1
0.04106051744859951,0.05868694267862407,1
0.04106051744859951,0.06546660369557322,1
0.04106051744859951,0.07224626471252238,1
0.04106051744859951,0.07902592572947154,1
0.04106051744859951,0.08580558674642068,1
0.04106051744859951,0.09258524776336984,1
0.04106051744859951,0.09936490878031899,1
0.04106051744859951,0.10614456979726815,1
0.04106051744859951,0.11292423081421729,1
0.04106051744859951,0.11970389183116645,1
0.04106051744859951,0.1264835528481156,1
0.04106051744859951,0.13326321386506476,1
0.04106051744859951,0.14004287488201392,1
0.04106051744859951,0.14682253589896305,1
0.04106051744859951,0.1536021969159122,1
0.04106051744859951,0.16038185793286136,1
0.04106051744859951,0.16716151894981052,1
0.04106051744859951,0.17394117996675967,1
0.04106051744859951,0.18072084098370883,1
0.04106051744859951,0.187500502000658,1
0.04106051744859951,0.19428016301760714,1
0.04106051744859951,0.20105982403455627,1
0.04106051744859951,0.20783948505150543,1
0.04106051744859951,0.21461914606845459,1
0.04106051744859951,0.22139880708540374,1
0.04106051744859951,0.2281784681023529,1
0.04106051744859951,0.23495812911930206,1
0.04106051744859951,0.2417377901362512,1
0.04106051744859951,0.24851745115320034,1
0.04106051744859951,0.2552971121701495,1
0.04106051744859951,0.26207677318709865,1
0.04106051744859951,0.2688564342040478,1
0.04106051744859951,0.27563609522099697,1
0.04106051744859951,0.2824157562379461,1
0.04106051744859951,0.2891954172548953,1
0.04106051744859951,0.29597507827184444,1
0.04106051744859951,0.3027547392887936,1
0.04106051744859951,0.30953440030574275,1
0.04106051744859951,0.3163140613226919,1
0.04106051744859951,0.323093722339641,1
0.04106051744859951,0.32987338335659017,1
0.04106051744859951,0.3366530443735393,1
0.04106051744859951,0.3434327053904885,1
0.04106051744859951,0.35021236640743764,1
0.04106051744859951,0.3569920274243868,1
0.04106051744859951,0.36377168844133595,1
0.04106051744859951,0.3705513494582851,1
0.047840178465548666,-0.029448650541714916,1
0.047840178465548666,-0.022668989524765763,1
0.047840178465548666,-0.01588932850781661,1
0.047840178465548666,-0.009109667490867458,1
0.047840178465548666,-0.0023300064739183043,1
0.047840178465548666,0.0044496545430308485,1
0.047840178465548666,0.011229315559980002,1
0.047840178465548666,0.018008976576929153,1
0.047840178465548666,0.024788637593878306,1
0.047840178465548666,0.03156829861082746,1
0.047840178465548666,0.038347959627776616,1
0.047840178465548666,0.045127620644725766,1
0.047840178465548666,0.051907281661674916,1
0.047840178465548666,0.05868694267862407,1
0.047840178465548666,0.06546660369557322,1
0.047840178465548666,0.07224626471252238,1
0.047840178465548666,0.07902592572947154,1
0.047840178465548666,0.08580558674642068,1
0.047840178465548666,0.09258524776336984,1
0.047840178465548666,0.09936490878031899,1
0.047840178465548666,0.10614456979726815,1
0.047840178465548666,0.11292423081421729,1
0.047840178465548666,0.11970389183116645,1
0.047840178465548666,0.1264835528481156,1
0.047840178465548666,0.13326321386506476,1
0.047840178465548666,0.14004287488201392,1
0.047840178465548666,0.14682253589896305,1
0.047840178465548666,0.1536021969159122,1
0.047840178465548666,0.16038185793286136,1
0.047840178465548666,0.16716151894981052,1
0.047840178465548666,0.17394117996675967,1
0.047840178465548666,0.18072084098370883,1
0.047840178465548666,0.187500502000658,1
0.047840178465548666,0.19428016301760714,1
0.047840178465548666,0.20105982403455627,1
0.047840178465548666,0.20783948505150543,1
0.047840178465548666,0.21461914606845459,1
0.047840178465548666,0.22139880708540374,1
0.047840178465548666,0.2281784681023529,1
0.047840178465548666,0.23495812911930206,1
0.047840178465548666,0.2417377901362512,1
0.047840178465548666,0.24851745115320034,1
0.047840178465548666,0.2552971121701495,1
0.047840178465548666,0.26207677318709865,1
0.047840178465548666,0.2688564342040478,1
0.047840178465548666,0.27563609522099697,1
0.047840178465548666,0.2824157562379461,1
0.047840178465548666,0.2891954172548953,1
0.047840178465548666,0.29597507827184444,1
0.047840178465548666,0.3027547392887936,1
0.047840178465548666,0.30953440030574275,1
0.047840178465548666,0.3163140613226919,1
0.047840178465548666,0.323093722339641,1
0.047840178465548666,0.32987338335659017,1
0.047840178465548666,0.3366530443735393,1
0.047840178465548666,0.3434327053904885,1
0.047840178465548666,0.35021236640743764,1
0.047840178465548666,0.3569920274243868,1
0.047840178465548666,0.36377168844133595,1
0.047840178465548666,0.3705513494582851,1
0.054619839482497816,-0.029448650541714916,1
0.054619839482497816,-0.022668989524765763,1
0.054619839482497816,-0.01588932850781661,1
0.054619839482497816,-0.009109667490867458,1
0.054619839482497816,-0.0023300064739183043,1
0.054619839482497816,0.0044496545430308485,1
0.054619839482497816,0.011229315559980002,1
0.054619839482497816,0.018008976576929153,1
0.054619839482497816,0.024788637593878306,1
0.054619839482497816,0.03156829861082746,1
0.054619839482497816,0.038347959627776616,1
0.054619839482497816,0.045127620644725766,1
0.054619839482497816,0.051907281661674916,1
0.054619839482497816,0.05868694267862407,1
0.054619839482497816,0.06546660369557322,1
0.054619839482497816,0.07224626471252238,1
0.054619839482497816,0.07902592572947154,1
0.054619839482497816,0.08580558674642068,1
0.054619839482497816,0.09258524776336984,1
0.054619839482497816,0.09936490878031899,1
0.054619839482497816,0.10614456979726815,1
0.054619839482497816,0.11292423081421729,1
0.054619839482497816,0.11970389183116645,1
0.054619839482497816,0.1264835528481156,1
0.054619839482497816,0.13326321386506476,1
0.054619839482497816,0.14004287488201392,1
0.054619839482497816,0.14682253589896305,1
0.054619839482497816,0.1536021969159122,1
0.054619839482497816,0.16038185793286136,1
0.054619839482497816,0.16716151894981052,1
0.054619839482497816,0.17394117996675967,1
0.054619839482497816,0.18072084098370883,1
0.054619839482497816,0.187500502000658,1
0.054619839482497816,0.19428016301760714,1
0.054619839482497816,0.20105982403455627,1
0.054619839482497816,0.20783948505150543,1
0.054619839482497816,0.21461914606845459,1
0.054619839482497816,0.22139880708540374,1
0.054619839482497816,0.2281784681023529,1
0.054619839482497816,0.23495812911930206,1
0.054619839482497816,0.2417377901362512,1
0.054619839482497816,0.24851745115320034,1
0.054619839482497816,0.2552971121701495,1
0.054619839482497816,0.26207677318709865,1
0.054619839482497816,0.2688564342040478,1
0.054619839482497816,0.27563609522099697,1
0.054619839482497816,0.2824157562379461,1
0.054619839482497816,0.2891954172548953,1
0.054619839482497816,0.29597507827184444,1
0.054619839482497816,0.3027547392887936,1
0.054619839482497816,0.30953440030574275,1
0.054619839482497816,0.3163140613226919,1
0.054619839482497816,0.323093722339641,1
0.054619839482497816,0.32987338335659017,1
0.054619839482497816,0.3366530443735393,1
0.054619839482497816,0.3434327053904885,1
0.054619839482497816,0.35021236640743764,1
0.054619839482497816,0.3569920274243868,1
0.054619839482497816,0.36377168844133595,1
0.054619839482497816,0.3705513494582851,1
0.06139950049944697,-0.029448650541714916,1
0.06139950049944697,-0.022668989524765763,1
0.06139950049944697,-0.01588932850781661,1
0.06139950049944697,-0.009109667490867458,1
0.06139950049944697,-0.0023300064739183043,1
0.06139950049944697,0.0044496545430308485,1
0.06139950049944697,0.011229315559980002,1
0.06139950049944697,0.018008976576929153,1
0.06139950049944697,0.024788637593878306,1
0.06139950049944697,0.03156829861082746,1
0.06139950049944697,0.038347959627776616,1
0.06139950049944697,0.045127620644725766,1
0.06139950049944697,0.051907281661674916,1
0.06139950049944697,0.05868694267862407,1
0.06139950049944697,0.06546660369557322,1
0.06139950049944697,0.07224626471252238,1
0.06139950049944697,0.07902592572947154,1
0.06139950049944697,0.08580558674642068,1
0.06139950049944697,0.09258524776336984,1
0.06139950049944697,0.09936490878031899,1
0.06139950049944697,0.10614456979726815,1
0.06139950049944697,0.11292423081421729,1
0.06139950049944697,0.11970389183116645,1
0.06139950049944697,0.1264835528481156,1
0.06139950049944697,0.13326321386506476,1
0.06139950049944697,0.14004287488201392,1
0.06139950049944697,0.14682253589896305,1
0.06139950049944697,0.1536021969159122,1
0.06139950049944697,0.16038185793286136,1
0.06139950049944697,0.16716151894981052,1
0.06139950049944697,0.17394117996675967,1
0.06139950049944697,0.18072084098370883,1
0.06139950049944697,0.187500502000658,1
0.06139950049944697,0.19428016301760714,1
0.06139950049944697,0.20105982403455627,1
0.06139950049944697,0.20783948505150543,1
0.06139950049944697,0.21461914606845459,1
0.06139950049944697,0.22139880708540374,1
0.06139950049944697,0.2281784681023529,1
0.06139950049944697,0.23495812911930206,1
0.06139950049944697,0.2417377901362512,1
0.06139950049944697,0.24851745115320034,1
0.06139950049944697,0.2552971121701495,1
0.06139950049944697,0.26207677318709865,1
0.06139950049944697,0.2688564342040478,1
0.06139950049944697,0.27563609522099697,1
0.06139950049944697,0.2824157562379461,1
0.06139950049944697,0.2891954172548953,1
0.06139950049944697,0.29597507827184444,1
0.06139950049944697,0.3027547392887936,1
0.06139950049944697,0.30953440030574275,1
0.06139950049944697,0.3163140613226919,1
0.06139950049944697,0.323093722339641,1
0.06139950049944697,0.32987338335659017,1
0.06139950049944697,0.3366530443735393,1
0.06139950049944697,0.3434327053904885,1
0.06139950049944697,0.35021236640743764,1
0.06139950049944697,0.3569920274243868,1
0.06139950049944697,0.36377168844133595,1
0.06139950049944697,0.3705513494582851,1
0.06817916151639612,-0.029448650541714916,1
0.06817916151639612,-0.022668989524765763,1
0.06817916151639612,-0.01588932850781661,1
0.06817916151639612,-0.009109667490867458,1
0.06817916151639612,-0.0023300064739183043,1
0.06817916151639612,0.0044496545430308485,1
0.06817916151639612,0.011229315559980002,1
0.06817916151639612,0.018008976576929153,1
0.06817916151639612,0.024788637593878306,1
0.06817916151639612,0.03156829861082746,1
0.06817916151639612,0.038347959627776616,1
0.06817916151639612,0.045127620644725766,1
0.06817916151639612,0.051907281661674916,1
0.06817916151639612,0.05868694267862407,1
0.06817916151639612,0.06546660369557322,1
0.06817916151639612,0.07224626471252238,1
0.06817916151639612,0.07902592572947154,1
0.06817916151639612,0.08580558674642068,1
0.06817916151639612,0.09258524776336984,1
0.06817916151639612,0.09936490878031899,1
0.06817916151639612,0.10614456979726815,1
0.06817916151639612,0.11292423081421729,1
0.06817916151639612,0.11970389183116645,1
0.06817916151639612,0.1264835528481156,1
0.06817916151639612,0.13326321386506476,1
0.06817916151639612,0.14004287488201392,1
0.06817916151639612,0.14682253589896305,1
0.06817916151639612,0.1536021969159122,1
0.06817916151639612,0.16038185793286136,1
0.06817916151639612,0.16716151894981052,1
0.06817916151639612,0.17394117996675967,1
0.06817916151639612,0.18072084098370883,1
0.06817916151639612,0.187500502000658,1
0.06817916151639612,0.19428016301760714,1
0.06817916151639612,0.20105982403455627,1
0.06817916151639612,0.20783948505150543,1
0.06817916151639612,0.21461914606845459,1
0.06817916151639612,0.22139880708540374,1
0.06817916151639612,0.2281784681023529,1
0.06817916151639612,0.23495812911930206,1
0.06817916151639612,0.2417377901362512,1
0.06817916151639612,0.24851745115320034,1
0.06817916151639612,0.2552971121701495,1
0.06817916151639612,0.26207677318709865,1
0.06817916151639612,0.2688564342040478,1
0.06817916151639612,0.27563609522099697,1
0.06817916151639612,0.2824157562379461,1
0.06817916151639612,0.2891954172548953,1
0.06817916151639612,0.29597507827184444,1
0.06817916151639612,0.3027547392887936,1
0.06817916151639612,0.30953440030574275,1
0.06817916151639612,0.3163140613226919,1
0.06817916151639612,0.323093722339641,1
0.06817916151639612,0.32987338335659017,1
0.06817916151639612,0.3366530443735393,1
0.06817916151639612,0.3434327053904885,1
0.06817916151639612,0.35021236640743764,1
0.06817916151639612,0.3569920274243868,1
0.06817916151639612,0.36377168844133595,1
0.06817916151639612,0.3705513494582851,1
0.07495882253334528,-0.029448650541714916,1
0.07495882253334528,-0.022668989524765763,1
0.07495882253334528,-0.01588932850781661,1
0.07495882253334528,-0.009109667490867458,1
0.07495882253334528,-0.0023300064739183043,1
0.07495882253334528,0.0044496545430308485,1
0.07495882253334528,0.011229315559980002,1
0.07495882253334528,0.018008976576929153,1
0.07495882253334528,0.024788637593878306,1
0.07495882253334528,0.03156829861082746,1
0.07495882253334528,0.038347959627776616,1
0.07495882253334528,0.045127620644725766,1
0.07495882253334528,0.051907281661674916,1
0.07495882253334528,0.05868694267862407,1
0.07495882253334528,0.06546660369557322,1
0.07495882253334528,0.07224626471252238,1
0.07495882253334528,0.07902592572947154,1
0.07495882253334528,0.08580558674642068,1
0.07495882253334528,0.09258524776336984,1
0.07495882253334528,0.09936490878031899,1
0.07495882253334528,0.10614456979726815,1
0.07495882253334528,0.11292423081421729,1
0.07495882253334528,0.11970389183116645,1
0.07495882253334528,0.1264835528481156,1
0.07495882253334528,0.13326321386506476,1
0.07495882253334528,0.14004287488201392,1
0.07495882253334528,0.14682253589896305,1
0.07495882253334528,0.1536021969159122,1
0.07495882253334528,0.16038185793286136,1
0.07495882253334528,0.16716151894981052,1
0.07495882253334528,0.17394117996675967,1
0.07495882253334528,0.18072084098370883,1
0.07495882253334528,0.187500502000658,1
0.07495882253334528,0.19428016301760714,1
0.07495882253334528,0.20105982403455627,1
0.07495882253334528,0.20783948505150543,1
0.07495882253334528,0.21461914606845459,1
0.07495882253334528,0.22139880708540374,1
0.07495882253334528,0.2281784681023529,1
0.07495882253334528,0.23495812911930206,1
0.07495882253334528,0.2417377901362512,1
0.07495882253334528,0.24851745115320034,1
0.07495882253334528,0.2552971121701495,1
0.07495882253334528,0.26207677318709865,1
0.07495882253334528,0.2688564342040478,1
0.07495882253334528,0.27563609522099697,1
0.07495882253334528,0.2824157562379461,1
0.07495882253334528,0.2891954172548953,1
0.07495882253334528,0.29597507827184444,1
0.07495882253334528,0.3027547392887936,1
0.07495882253334528,0.30953440030574275,1
0.07495882253334528,0.3163140613226919,1
0.07495882253334528,0.323093722339641,1
0.07495882253334528,0.32987338335659017,1
0.07495882253334528,0.3366530443735393,1
0.07495882253334528,0.3434327053904885,1
0.07495882253334528,0.35021236640743764,1
0.07495882253334528,0.3569920274243868,1
0.07495882253334528,0.36377168844133595,1
0.07495882253334528,0.3705513494582851,1
0.08173848355029444,-0.029448650541714916,1
0.08173848355029444,-0.022668989524765763,1
0.08173848355029444,-0.01588932850781661,1
0.08173848355029444,-0.009109667490867458,1
0.08173848355029444,-0.0023300064739183043,1
0.08173848355029444,0.0044496545430308485,1
0.08173848355029444,0.011229315559980002,1
0.08173848355029444,0.018008976576929153,1
0.08173848355029444,0.024788637593878306,1
0.08173848355029444,0.03156829861082746,1
0.08173848355029444,0.038347959627776616,1
0.08173848355029444,0.045127620644725766,1
0.08173848355029444,0.051907281661674916,1
0.08173848355029444,0.05868694267862407,1
0.08173848355029444,0.06546660369557322,1
0.08173848355029444,0.07224626471252238,1
0.08173848355029444,0.07902592572947154,1
0.08173848355029444,0.08580558674642068,1
0.08173848355029444,0.09258524776336984,1
0.08173848355029444,0.09936490878031899,1
0.08173848355029444,0.10614456979726815,1
0.08173848355029444,0.11292423081421729,1
0.08173848355029444,0.11970389183116645,1
0.08173848355029444,0.1264835528481156,1
0.08173848355029444,0.13326321386506476,1
0.08173848355029444,0.14004287488201392,1
0.08173848355029444,0.14682253589896305,1
0.08173848355029444,0.1536021969159122,1
0.08173848355029444,0.16038185793286136,1
0.08173848355029444,0.16716151894981052,1
0.08173848355029444,0.17394117996675967,1
0.08173848355029444,0.18072084098370883,1
0.08173848355029444,0.187500502000658,1
0.08173848355029444,0.19428016301760714,1
0.08173848355029444,0.20105982403455627,1
0.08173848355029444,0.20783948505150543,1
0.08173848355029444,0.21461914606845459,1
0.08173848355029444,0.22139880708540374,1
0.08173848355029444,0.2281784681023529,1
0.08173848355029444,0.23495812911930206,1
0.08173848355029444,0.2417377901362512,1
0.08173848355029444,0.24851745115320034,1
0.08173848355029444,0.2552971121701495,1
0.08173848355029444,0.26207677318709865,1
0.08173848355029444,0.2688564342040478,1
0.08173848355029444,0.27563609522099697,1
0.08173848355029444,0.2824157562379461,1
0.08173848355029444,0.2891954172548953,1
0.08173848355029444,0.29597507827184444,1
0.08173848355029444,0.3027547392887936,1
0.08173848355029444,0.30953440030574275,1
0.08173848355029444,0.3163140613226919,1
0.08173848355029444,0.323093722339641,1
0.08173848355029444,0.32987338335659017,1
0.08173848355029444,0.3366530443735393,1
0.08173848355029444,0.3434327053904885,1
0.08173848355029444,0.35021236640743764,1
0.08173848355029444,0.3569920274243868,1
0.08173848355029444,0.36377168844133595,1
0.08173848355029444,0.3705513494582851,1
0.08851814456724358,-0.029448650541714916,1
0.08851814456724358,-0.022668989524765763,1
0.08851814456724358,-0.01588932850781661,1
0.08851814456724358,-0.009109667490867458,1
0.08851814456724358,-0.0023300064739183043,1
0.08851814456724358,0.0044496545430308485,1
0.08851814456724358,0.011229315559980002,1
0.08851814456724358,0.018008976576929153,1
0.08851814456724358,0.024788637593878306,1
0.08851814456724358,0.03156829861082746,1
0.08851814456724358,0.038347959627776616,1
0.08851814456724358,0.045127620644725766,1
0.08851814456724358,0.051907281661674916,1
0.08851814456724358,0.05868694267862407,1
0.08851814456724358,0.06546660369557322,1
0.08851814456724358,0.07224626471252238,1
0.08851814456724358,0.07902592572947154,1
0.08851814456724358,0.08580558674642068,1
0.08851814456724358,0.09258524776336984,1
0.08851814456724358,0.09936490878031899,1
0.08851814456724358,0.10614456979726815,1
0.08851814456724358,0.11292423081421729,1
0.08851814456724358,0.11970389183116645,1
0.08851814456724358,0.1264835528481156,1
0.08851814456724358,0.13326321386506476,1
0.08851814456724358,0.14004287488201392,1
0.08851814456724358,0.14682253589896305,1
0.08851814456724358,0.1536021969159122,1
0.08851814456724358,0.16038185793286136,1
0.08851814456724358,0.16716151894981052,1
0.08851814456724358,0.17394117996675967,1
0.08851814456724358,0.18072084098370883,1
0.08851814456724358,0.187500502000658,1
0.08851814456724358,0.19428016301760714,1
0.08851814456724358,0.20105982403455627,1
0.08851814456724358,0.20783948505150543,1
0.08851814456724358,0.21461914606845459,1
0.08851814456724358,0.22139880708540374,1
0.08851814456724358,0.2281784681023529,1
0.08851814456724358,0.23495812911930206,1
0.08851814456724358,0.2417377901362512,1
0.08851814456724358,0.24851745115320034,1
0.08851814456724358,0.2552971121701495,1
0.08851814456724358,0.26207677318709865,1
0.08851814456724358,0.2688564342040478,1
0.08851814456724358,0.27563609522099697,1
0.08851814456724358,0.2824157562379461,1
0.08851814456724358,0.2891954172548953,1
0.08851814456724358,0.29597507827184444,1
0.08851814456724358,0.3027547392887936,1
0.08851814456724358,0.30953440030574275,1
0.08851814456724358,0.3163140613226919,1
0.08851814456724358,0.323093722339641,1
0.08851814456724358,0.32987338335659017,1
0.08851814456724358,0.3366530443735393,1
0.08851814456724358,0.3434327053904885,1
0.08851814456724358,0.35021236640743764,1
0.08851814456724358,0.3569920274243868,1
0.08851814456724358,0.36377168844133595,1
0.08851814456724358,0.3705513494582851,1
0.09529780558419274,-0.029448650541714916,1
0.09529780558419274,-0.022668989524765763,1
0.09529780558419274,-0.01588932850781661,1
0.09529780558419274,-0.009109667490867458,1
0.09529780558419274,-0.0023300064739183043,1
0.09529780558419274,0.0044496545430308485,1
0.09529780558419274,0.011229315559980002,1
0.09529780558419274,0.018008976576929153,1
0.09529780558419274,0.024788637593878306,1
0.09529780558419274,0.03156829861082746,1
0.09529780558419274,0.038347959627776616,1
0.09529780558419274,0.045127620644725766,1
0.09529780558419274,0.051907281661674916,1
0.09529780558419274,0.05868694267862407,1
0.09529780558419274,0.06546660369557322,1
0.09529780558419274,0.07224626471252238,1
0.09529780558419274,0.07902592572947154,1
0.09529780558419274,0.08580558674642068,1
0.09529780558419274,0.09258524776336984,1
0.09529780558419274,0.09936490878031899,1
0.09529780558419274,0.10614456979726815,1
0.09529780558419274,0.11292423081421729,1
0.09529780558419274,0.11970389183116645,1
0.09529780558419274,0.1264835528481156,1
0.09529780558419274,0.13326321386506476,1
0.09529780558419274,0.14004287488201392,1
0.09529780558419274,0.14682253589896305,1
0.09529780558419274,0.1536021969159122,1
0.09529780558419274,0.16038185793286136,1
0.09529780558419274,0.16716151894981052,1
0.09529780558419274,0.17394117996675967,1
0.09529780558419274,0.18072084098370883,1
0.09529780558419274,0.187500502000658,1
0.09529780558419274,0.19428016301760714,1
0.09529780558419274,0.20105982403455627,1
0.09529780558419274,0.20783948505150543,1
0.09529780558419274,0.21461914606845459,1
0.09529780558419274,0.22139880708540374,1
0.09529780558419274,0.2281784681023529,1
0.09529780558419274,0.23495812911930206,1
0.09529780558419274,0.2417377901362512,1
0.09529780558419274,0.24851745115320034,1
0.09529780558419274,0.2552971121701495,1
0.09529780558419274,0.26207677318709865,1
0.09529780558419274,0.2688564342040478,1
0.09529780558419274,0.27563609522099697,1
0.09529780558419274,0.2824157562379461,1
0.09529780558419274,0.2891954172548953,1
0.09529780558419274,0.29597507827184444,1
0.09529780558419274,0.3027547392887936,1
0.09529780558419274,0.30953440030574275,1
0.09529780558419274,0.3163140613226919,1
0.09529780558419274,0.323093722339641,1
0.09529780558419274,0.32987338335659017,1
0.09529780558419274,0.3366530443735393,1
0.09529780558419274,0.3434327053904885,1
0.09529780558419274,0.35021236640743764,1
0.09529780558419274,0.3569920274243868,1
0.09529780558419274,0.36377168844133595,1
0.09529780558419274,0.3705513494582851,1
0.10207746660114189,-0.029448650541714916,1
0.10207746660114189,-0.022668989524765763,1
0.10207746660114189,-0.01588932850781661,1
0.10207746660114189,-0.009109667490867458,1
0.10207746660114189,-0.0023300064739183043,1
0.10207746660114189,0.0044496545430308485,1
0.10207746660114189,0.011229315559980002,1
0.10207746660114189,0.018008976576929153,1
0.10207746660114189,0.024788637593878306,1
0.10207746660114189,0.03156829861082746,1
0.10207746660114189,0.038347959627776616,1
0.10207746660114189,0.045127620644725766,1
0.10207746660114189,0.051907281661674916,1
0.10207746660114189,0.05868694267862407,1
0.10207746660114189,0.06546660369557322,1
0.10207746660114189,0.07224626471252238,1
0.10207746660114189,0.07902592572947154,1
0.10207746660114189,0.08580558674642068,1
0.10207746660114189,0.09258524776336984,1
0.10207746660114189,0.09936490878031899,1
0.10207746660114189,0.10614456979726815,1
0.10207746660114189,0.11292423081421729,1
0.10207746660114189,0.11970389183116645,1
0.10207746660114189,0.1264835528481156,1
0.10207746660114189,0.13326321386506476,1
0.10207746660114189,0.14004287488201392,1
0.10207746660114189,0.14682253589896305,1
0.10207746660114189,0.1536021969159122,1
0.10207746660114189,0.16038185793286136,1
0.10207746660114189,0.16716151894981052,1
0.10207746660114189,0.17394117996675967,1
0.10207746660114189,0.18072084098370883,1
0.10207746660114189,0.187500502000658,1
0.10207746660114189,0.19428016301760714,1
0.10207746660114189,0.20105982403455627,1
0.10207746660114189,0.20783948505150543,1
0.10207746660114189,0.21461914606845459,1
0.10207746660114189,0.22139880708540374,1
0.10207746660114189,0.2281784681023529,1
0.10207746660114189,0.23495812911930206,1
0.10207746660114189,0.2417377901362512,1
0.10207746660114189,0.24851745115320034,1
0.10207746660114189,0.2552971121701495,1
0.10207746660114189,0.26207677318709865,1
0.10207746660114189,0.2688564342040478,1
0.10207746660114189,0.27563609522099697,1
0.10207746660114189,0.2824157562379461,1
0.10207746660114189,0.2891954172548953,1
0.10207746660114189,0.29597507827184444,1
0.10207746660114189,0.3027547392887936,1
0.10207746660114189,0.30953440030574275,1
0.10207746660114189,0.3163140613226919,1
0.10207746660114189,0.323093722339641,1
0.10207746660114189,0.32987338335659017,1
0.10207746660114189,0.3366530443735393,1
0.10207746660114189,0.3434327053904885,1
0.10207746660114189,0.35021236640743764,1
0.10207746660114189,0.3569920274243868,1
0.10207746660114189,0.36377168844133595,1
0.10207746660114189,0.3705513494582851,1
0.10885712761809103,-0.029448650541714916,1
0.10885712761809103,-0.022668989524765763,1
0.10885712761809103,-0.01588932850781661,1
0.10885712761809103,-0.009109667490867458,1
0.10885712761809103,-0.0023300064739183043,1
0.10885712761809103,0.0044496545430308485,1
0.10885712761809103,0.011229315559980002,1
0.10885712761809103,0.018008976576929153,1
0.10885712761809103,0.024788637593878306,1
0.10885712761809103,0.03156829861082746,1
0.10885712761809103,0.038347959627776616,1
0.10885712761809103,0.045127620644725766,1
0.10885712761809103,0.051907281661674916,1
0.10885712761809103,0.05868694267862407,1
0.10885712761809103,0.06546660369557322,1
0.10885712761809103,0.07224626471252238,1
0.10885712761809103,0.07902592572947154,1
0.10885712761809103,0.08580558674642068,1
0.10885712761809103,0.09258524776336984,1
0.10885712761809103,0.09936490878031899,1
0.10885712761809103,0.10614456979726815,1
0.10885712761809103,0.11292423081421729,1
0.10885712761809103,0.11970389183116645,1
0.10885712761809103,0.1264835528481156,1
0.10885712761809103,0.13326321386506476,1
0.10885712761809103,0.14004287488201392,1
0.10885712761809103,0.14682253589896305,1
0.10885712761809103,0.1536021969159122,1
0.10885712761809103,0.16038185793286136,1
0.10885712761809103,0.16716151894981052,1
0.10885712761809103,0.17394117996675967,1
0.10885712761809103,0.18072084098370883,1
0.10885712761809103,0.187500502000658,1
0.10885712761809103,0.19428016301760714,1
0.10885712761809103,0.20105982403455627,1
0.10885712761809103,0.20783948505150543,1
0.10885712761809103,0.21461914606845459,1
0.10885712761809103,0.22139880708540374,1
0.10885712761809103,0.2281784681023529,1
0.10885712761809103,0.23495812911930206,1
0.10885712761809103,0.2417377901362512,1
0.10885712761809103,0.24851745115320034,1
0.10885712761809103,0.2552971121701495,1
0.10885712761809103,0.26207677318709865,1
0.10885712761809103,0.2688564342040478,1
0.10885712761809103,0.27563609522099697,1
0.10885712761809103,0.2824157562379461,1
0.10885712761809103,0.2891954172548953,1
0.10885712761809103,0.29597507827184444,1
0.10885712761809103,0.3027547392887936,1
0.10885712761809103,0.30953440030574275,1
0.10885712761809103,0.3163140613226919,1
0.10885712761809103,0.323093722339641,1
0.10885712761809103,0.32987338335659017,1
0.10885712761809103,0.3366530443735393,1
0.10885712761809103,0.3434327053904885,1
0.10885712761809103,0.35021236640743764,1
0.10885712761809103,0.3569920274243868,1
0.10885712761809103,0.36377168844133595,1
0.10885712761809103,0.3705513494582851,1
0.11563678863504019,-0.029448650541714916,1
0.11563678863504019,-0.022668989524765763,1
0.11563678863504019,-0.01588932850781661,1
0.11563678863504019,-0.009109667490867458,1
0.11563678863504019,-0.0023300064739183043,1
0.11563678863504019,0.0044496545430308485,1
0.11563678863504019,0.011229315559980002,1
0.11563678863504019,0.018008976576929153,1
0.11563678863504019,0.024788637593878306,1
0.11563678863504019,0.03156829861082746,1
0.11563678863504019,0.038347959627776616,1
0.11563678863504019,0.045127620644725766,1
0.11563678863504019,0.051907281661674916,1
0.11563678863504019,0.05868694267862407,1
0.11563678863504019,0.06546660369557322,1
0.11563678863504019,0.07224626471252238,1
0.11563678863504019,0.07902592572947154,1
0.11563678863504019,0.08580558674642068,1
0.11563678863504019,0.09258524776336984,1
0.11563678863504019,0.09936490878031899,1
0.11563678863504019,0.10614456979726815,1
0.11563678863504019,0.11292423081421729,1
0.11563678863504019,0.11970389183116645,1
0.11563678863504019,0.1264835528481156,1
0.11563678863504019,0.13326321386506476,1
0.11563678863504019,0.14004287488201392,1
0.11563678863504019,0.14682253589896305,1
0.11563678863504019,0.1536021969159122,1
0.11563678863504019,0.16038185793286136,1
0.11563678863504019,0.16716151894981052,1
0.11563678863504019,0.17394117996675967,1
0.11563678863504019,0.18072084098370883,1
0.11563678863504019,0.187500502000658,1
0.11563678863504019,0.19428016301760714,1
0.11563678863504019,0.20105982403455627,1
0.11563678863504019,0.20783948505150543,1
0.11563678863504019,0.21461914606845459,1
0.11563678863504019,0.22139880708540374,1
0.11563678863504019,0.2281784681023529,1
0.11563678863504019,0.23495812911930206,1
0.11563678863504019,0.2417377901362512,1
0.11563678863504019,0.24851745115320034,1
0.11563678863504019,0.2552971121701495,1
0.11563678863504019,0.26207677318709865,1
0.11563678863504019,0.2688564342040478,1
0.11563678863504019,0.27563609522099697,1
0.11563678863504019,0.2824157562379461,1
0.11563678863504019,0.2891954172548953,1
0.11563678863504019,0.29597507827184444,1
0.11563678863504019,0.3027547392887936,1
0.11563678863504019,0.30953440030574275,1
0.11563678863504019,0.3163140613226919,1
0.11563678863504019,0.323093722339641,1
0.11563678863504019,0.32987338335659017,1
0.11563678863504019,0.3366530443735393,1
0.11563678863504019,0.3434327053904885,1
0.11563678863504019,0.35021236640743764,1
0.11563678863504019,0.3569920274243868,1
0.11563678863504019,0.36377168844133595,1
0.11563678863504019,0.3705513494582851,1
0.12241644965198935,-0.029448650541714916,1
0.12241644965198935,-0.022668989524765763,1
0.12241644965198935,-0.01588932850781661,1
0.12241644965198935,-0.009109667490867458,1
0.12241644965198935,-0.0023300064739183043,1
0.12241644965198935,0.0044496545430308485,1
0.12241644965198935,0.011229315559980002,1
0.12241644965198935,0.018008976576929153,1
0.12241644965198935,0.024788637593878306,1
0.12241644965198935,0.03156829861082746,1
0.12241644965198935,0.038347959627776616,1
0.12241644965198935,0.045127620644725766,1
0.12241644965198935,0.051907281661674916,1
0.12241644965198935,0.05868694267862407,1
0.12241644965198935,0.06546660369557322,1
0.12241644965198935,0.07224626471252238,1
0.12241644965198935,0.07902592572947154,1
0.12241644965198935,0.08580558674642068,1
0.12241644965198935,0.09258524776336984,1
0.12241644965198935,0.09936490878031899,1
0.12241644965198935,0.10614456979726815,1
0.12241644965198935,0.11292423081421729,1
0.12241644965198935,0.11970389183116645,1
0.12241644965198935,0.1264835528481156,1
0.12241644965198935,0.13326321386506476,1
0.12241644965198935,0.14004287488201392,1
0.12241644965198935,0.14682253589896305,1
0.12241644965198935,0.1536021969159122,1
0.12241644965198935,0.16038185793286136,1
0.12241644965198935,0.16716151894981052,1
0.12241644965198935,0.17394117996675967,1
0.12241644965198935,0.18072084098370883,1
0.12241644965198935,0.187500502000658,1
0.12241644965198935,0.19428016301760714,1
0.12241644965198935,0.20105982403455627,1
0.12241644965198935,0.20783948505150543,1
0.12241644965198935,0.21461914606845459,1
0.12241644965198935,0.22139880708540374,1
0.12241644965198935,0.2281784681023529,1
0.12241644965198935,0.23495812911930206,1
0.12241644965198935,0.2417377901362512,1
0.12241644965198935,0.24851745115320034,1
0.12241644965198935,0.2552971121701495,1
0.12241644965198935,0.26207677318709865,1
0.12241644965198935,0.2688564342040478,1
0.12241644965198935,0.27563609522099697,1
0.12241644965198935,0.2824157562379461,1
0.12241644965198935,0.2891954172548953,1
0.12241644965198935,0.29597507827184444,1
0.12241644965198935,0.3027547392887936,1
0.12241644965198935,0.30953440030574275,1
0.12241644965198935,0.3163140613226919,1
0.12241644965198935,0.323093722339641,1
0.12241644965198935,0.32987338335659017,1
0.12241644965198935,0.3366530443735393,1
0.12241644965198935,0.3434327053904885,1
0.12241644965198935,0.35021236640743764,1
0.12241644965198935,0.3569920274243868,1
0.12241644965198935,0.36377168844133595,1
0.12241644965198935,0.3705513494582851,1
0.1291961106689385,-0.029448650541714916,1
0.1291961106689385,-0.022668989524765763,1
0.1291961106689385,-0.01588932850781661,1
0.1291961106689385,-0.009109667490867458,1
0.1291961106689385,-0.0023300064739183043,1
0.1291961106689385,0.0044496545430308485,1
0.1291961106689385,0.011229315559980002,1
0.1291961106689385,0.018008976576929153,1
0.1291961106689385,0.024788637593878306,1
0.1291961106689385,0.03156829861082746,1
0.1291961106689385,0.038347959627776616,1
0.1291961106689385,0.045127620644725766,1
0.1291961106689385,0.051907281661674916,1
0.1291961106689385,0.05868694267862407,1
0.1291961106689385,0.06546660369557322,1
0.1291961106689385,0.07224626471252238,1
0.1291961106689385,0.07902592572947154,1
0.1291961106689385,0.08580558674642068,1
0.1291961106689385,0.09258524776336984,1
0.1291961106689385,0.09936490878031899,1
0.1291961106689385,0.10614456979726815,1
0.1291961106689385,0.11292423081421729,1
0.1291961106689385,0.11970389183116645,1
0.1291961106689385,0.1264835528481156,1
0.1291961106689385,0.13326321386506476,1
0.1291961106689385,0.14004287488201392,1
0.1291961106689385,0.14682253589896305,1
0.1291961106689385,0.1536021969159122,1
0.1291961106689385,0.16038185793286136,1
0.1291961106689385,0.16716151894981052,1
0.1291961106689385,0.17394117996675967,1
0.1291961106689385,0.18072084098370883,1
0.1291961106689385,0.187500502000658,1
0.1291961106689385,0.19428016301760714,1
0.1291961106689385,0.20105982403455627,1
0.1291961106689385,0.20783948505150543,1
0.1291961106689385,0.21461914606845459,1
0.1291961106689385,0.22139880708540374,1
0.1291961106689385,0.2281784681023529,1
0.1291961106689385,0.23495812911930206,1
0.1291961106689385,0.2417377901362512,1
0.1291961106689385,0.24851745115320034,1
0.1291961106689385,0.2552971121701495,1
0.1291961106689385,0.26207677318709865,1
0.1291961106689385,0.2688564342040478,1
0.1291961106689385,0.27563609522099697,1
0.1291961106689385,0.2824157562379461,1
0.1291961106689385,0.2891954172548953,1
0.1291961106689385,0.29597507827184444,1
0.1291961106689385,0.3027547392887936,1
0.1291961106689385,0.30953440030574275,1
0.1291961106689385,0.3163140613226919,1
0.1291961106689385,0.323093722339641,1
0.1291961106689385,0.32987338335659017,1
0.1291961106689385,0.3366530443735393,1
0.1291961106689385,0.3434327053904885,1
0.1291961106689385,0.35021236640743764,1
0.1291961106689385,0.3569920274243868,1
0.1291961106689385,0.36377168844133595,1
0.1291961106689385,0.3705513494582851,1
0.13597577168588765,-0.029448650541714916,1
0.13597577168588765,-0.022668989524765763,1
0.13597577168588765,-0.01588932850781661,1
0.13597577168588765,-0.009109667490867458,1
0.13597577168588765,-0.0023300064739183043,1
0.13597577168588765,0.0044496545430308485,1
0.13597577168588765,0.011229315559980002,1
0.13597577168588765,0.018008976576929153,1
0.13597577168588765,0.024788637593878306,1
0.13597577168588765,0.03156829861082746,1
0.13597577168588765,0.038347959627776616,1
0.13597577168588765,0.045127620644725766,1
0.13597577168588765,0.051907281661674916,1
0.13597577168588765,0.05868694267862407,1
0.13597577168588765,0.06546660369557322,1
0.13597577168588765,0.07224626471252238,1
0.13597577168588765,0.07902592572947154,1
0.13597577168588765,0.08580558674642068,1
0.13597577168588765,0.09258524776336984,1
0.13597577168588765,0.09936490878031899,1
0.13597577168588765,0.10614456979726815,1
0.13597577168588765,0.11292423081421729,1
0.13597577168588765,0.11970389183116645,1
0.13597577168588765,0.1264835528481156,1
0.13597577168588765,0.13326321386506476,1
0.13597577168588765,0.14004287488201392,1
0.13597577168588765,0.14682253589896305,1
0.13597577168588765,0.1536021969159122,1
0.13597577168588765,0.16038185793286136,1
0.13597577168588765,0.16716151894981052,1
0.13597577168588765,0.17394117996675967,1
0.13597577168588765,0.18072084098370883,1
0.13597577168588765,0.187500502000658,1
0.13597577168588765,0.19428016301760714,1
0.13597577168588765,0.20105982403455627,1
0.13597577168588765,0.20783948505150543,1
0.13597577168588765,0.21461914606845459,1
0.13597577168588765,0.22139880708540374,1
0.13597577168588765,0.2281784681023529,1
0.13597577168588765,0.23495812911930206,1
0.13597577168588765,0.2417377901362512,1
0.13597577168588765,0.24851745115320034,1
0.13597577168588765,0.2552971121701495,1
0.13597577168588765,0.26207677318709865,1
0.13597577168588765,0.2688564342040478,1
0.13597577168588765,0.27563609522099697,1
0.13597577168588765,0.2824157562379461,1
0.13597577168588765,0.2891954172548953,1
0.13597577168588765,0.29597507827184444,1
0.13597577168588765,0.3027547392887936,1
0.13597577168588765,0.30953440030574275,1
0.13597577168588765,0.3163140613226919,1
0.13597577168588765,0.323093722339641,1
0.13597577168588765,0.32987338335659017,1
0.13597577168588765,0.3366530443735393,1
0.13597577168588765,0.3434327053904885,1
0.13597577168588765,0.35021236640743764,1
0.13597577168588765,0.3569920274243868,1
0.13597577168588765,0.36377168844133595,1
0.13597577168588765,0.3705513494582851,1
0.1427554327028368,-0.029448650541714916,1
0.1427554327028368,-0.022668989524765763,1
0.1427554327028368,-0.01588932850781661,1
0.1427554327028368,-0.009109667490867458,1
0.1427554327028368,-0.0023300064739183043,1
0.1427554327028368,0.0044496545430308485,1
0.1427554327028368,0.011229315559980002,1
0.1427554327028368,0.018008976576929153,1
0.1427554327028368,0.024788637593878306,1
0.1427554327028368,0.03156829861082746,1
0.1427554327028368,0.038347959627776616,1
0.1427554327028368,0.045127620644725766,1
0.1427554327028368,0.051907281661674916,1
0.1427554327028368,0.05868694267862407,1
0.1427554327028368,0.06546660369557322,1
0.1427554327028368,0.07224626471252238,1
0.1427554327028368,0.07902592572947154,1
0.1427554327028368,0.08580558674642068,1
0.1427554327028368,0.09258524776336984,1
0.1427554327028368,0.09936490878031899,1
0.1427554327028368,0.10614456979726815,1
0.1427554327028368,0.11292423081421729,1
0.1427554327028368,0.11970389183116645,1
0.1427554327028368,0.1264835528481156,1
0.1427554327028368,0.13326321386506476,1
0.1427554327028368,0.14004287488201392,1
0.1427554327028368,0.14682253589896305,1
0.1427554327028368,0.1536021969159122,1
0.1427554327028368,0.16038185793286136,1
0.1427554327028368,0.16716151894981052,1
0.1427554327028368,0.17394117996675967,1
0.1427554327028368,0.18072084098370883,1
0.1427554327028368,0.187500502000658,1
0.1427554327028368,0.19428016301760714,1
0.1427554327028368,0.20105982403455627,1
0.1427554327028368,0.20783948505150543,1
0.1427554327028368,0.21461914606845459,1
0.1427554327028368,0.22139880708540374,1
0.1427554327028368,0.2281784681023529,1
0.1427554327028368,0.23495812911930206,1
0.1427554327028368,0.2417377901362512,1
0.1427554327028368,0.24851745115320034,1
0.1427554327028368,0.2552971121701495,1
0.1427554327028368,0.26207677318709865,1
0.1427554327028368,0.2688564342040478,1
0.1427554327028368,0.27563609522099697,1
0.1427554327028368,0.2824157562379461,1
0.1427554327028368,0.2891954172548953,1
0.1427554327028368,0.29597507827184444,1
0.1427554327028368,0.3027547392887936,1
0.1427554327028368,0.30953440030574275,1
0.1427554327028368,0.3163140613226919,1
0.1427554327028368,0.323093722339641,1
0.1427554327028368,0.32987338335659017,1
0.1427554327028368,0.3366530443735393,1
0.1427554327028368,0.3434327053904885,1
0.1427554327028368,0.35021236640743764,1
0.1427554327028368,0.3569920274243868,1
0.1427554327028368,0.36377168844133595,1
0.1427554327028368,0.3705513494582851,1
0.14953509371978596,-0.029448650541714916,1
0.14953509371978596,-0.022668989524765763,1
0.14953509371978596,-0.01588932850781661,1
0.14953509371978596,-0.009109667490867458,1
0.14953509371978596,-0.0023300064739183043,1
0.14953509371978596,0.0044496545430308485,1
0.14953509371978596,0.011229315559980002,1
0.14953509371978596,0.018008976576929153,1
0.14953509371978596,0.024788637593878306,1
0.14953509371978596,0.03156829861082746,1
0.14953509371978596,0.038347959627776616,1
0.14953509371978596,0.045127620644725766,1
0.14953509371978596,0.051907281661674916,1
0.14953509371978596,0.05868694267862407,1
0.14953509371978596,0.06546660369557322,1
0.14953509371978596,0.07224626471252238,1
0.14953509371978596,0.07902592572947154,1
0.14953509371978596,0.08580558674642068,1
0.14953509371978596,0.09258524776336984,1
0.14953509371978596,0.09936490878031899,1
0.14953509371978596,0.10614456979726815,1
0.14953509371978596,0.11292423081421729,1
0.14953509371978596,0.11970389183116645,1
0.14953509371978596,0.1264835528481156,1
0.14953509371978596,0.13326321386506476,1
0.14953509371978596,0.14004287488201392,1
0.14953509371978596,0.14682253589896305,1
0.14953509371978596,0.1536021969159122,1
0.14953509371978596,0.16038185793286136,1
0.14953509371978596,0.16716151894981052,1
0.14953509371978596,0.17394117996675967,1
0.14953509371978596,0.18072084098370883,1
0.14953509371978596,0.187500502000658,1
0.14953509371978596,0.19428016301760714,1
0.14953509371978596,0.20105982403455627,1
0.14953509371978596,0.20783948505150543,1
0.14953509371978596,0.21461914606845459,1
0.14953509371978596,0.22139880708540374,1
0.14953509371978596,0.2281784681023529,1
0.14953509371978596,0.23495812911930206,1
0.14953509371978596,0.2417377901362512,1
0.14953509371978596,0.24851745115320034,1
0.14953509371978596,0.2552971121701495,1
0.14953509371978596,0.26207677318709865,1
0.14953509371978596,0.2688564342040478,1
0.14953509371978596,0.27563609522099697,1
0.14953509371978596,0.2824157562379461,1
0.14953509371978596,0.2891954172548953,1
0.14953509371978596,0.29597507827184444,1
0.14953509371978596,0.3027547392887936,1
0.14953509371978596,0.30953440030574275,1
0.14953509371978596,0.3163140613226919,1
0.14953509371978596,0.323093722339641,1
0.14953509371978596,0.32987338335659017,1
0.14953509371978596,0.3366530443735393,1
0.14953509371978596,0.3434327053904885,1
0.14953509371978596,0.35021236640743764,1
0.14953509371978596,0.3569920274243868,1
0.14953509371978596,0.36377168844133595,1
0.14953509371978596,0.3705513494582851,1
0.15631475473673512,-0.029448650541714916,1
0.15631475473673512,-0.022668989524765763,1
0.15631475473673512,-0.01588932850781661,1
0.15631475473673512,-0.009109667490867458,1
0.15631475473673512,-0.0023300064739183043,1
0.15631475473673512,0.0044496545430308485,1
0.15631475473673512,0.011229315559980002,1
0.15631475473673512,0.018008976576929153,1
0.15631475473673512,0.024788637593878306,1
0.15631475473673512,0.03156829861082746,1
0.15631475473673512,0.038347959627776616,1
0.15631475473673512,0.045127620644725766,1
0.15631475473673512,0.051907281661674916,1
0.15631475473673512,0.05868694267862407,1
0.15631475473673512,0.06546660369557322,1
0.15631475473673512,0.07224626471252238,1
0.15631475473673512,0.07902592572947154,1
0.15631475473673512,0.08580558674642068,1
0.15631475473673512,0.09258524776336984,1
0.15631475473673512,0.09936490878031899,1
0.15631475473673512,0.10614456979726815,1
0.15631475473673512,0.11292423081421729,1
0.15631475473673512,0.11970389183116645,1
0.15631475473673512,0.1264835528481156,1
0.15631475473673512,0.13326321386506476,1
0.15631475473673512,0.14004287488201392,1
0.15631475473673512,0.14682253589896305,1
0.15631475473673512,0.1536021969159122,1
0.15631475473673512,0.16038185793286136,1
0.15631475473673512,0.16716151894981052,1
0.15631475473673512,0.17394117996675967,1
0.15631475473673512,0.18072084098370883,1
0.15631475473673512,0.187500502000658,1
0.15631475473673512,0.19428016301760714,1
0.15631475473673512,0.20105982403455627,1
0.15631475473673512,0.20783948505150543,1
0.15631475473673512,0.21461914606845459,1
0.15631475473673512,0.22139880708540374,1
0.15631475473673512,0.2281784681023529,1
0.15631475473673512,0.23495812911930206,1
0.15631475473673512,0.2417377901362512,1
0.15631475473673512,0.24851745115320034,1
0.15631475473673512,0.2552971121701495,1
0.15631475473673512,0.26207677318709865,1
0.15631475473673512,0.2688564342040478,1
0.15631475473673512,0.27563609522099697,1
0.15631475473673512,0.2824157562379461,1
0.15631475473673512,0.2891954172548953,1
0.15631475473673512,0.29597507827184444,1
0.15631475473673512,0.3027547392887936,1
0.15631475473673512,0.30953440030574275,1
0.15631475473673512,0.3163140613226919,1
0.15631475473673512,0.323093722339641,1
0.15631475473673512,0.32987338335659017,1
0.15631475473673512,0.3366530443735393,1
0.15631475473673512,0.3434327053904885,1
0.15631475473673512,0.35021236640743764,1
0.15631475473673512,0.3569920274243868,1
0.15631475473673512,0.36377168844133595,1
0.15631475473673512,0.3705513494582851,1
0.16309441575368427,-0.029448650541714916,1
0.16309441575368427,-0.022668989524765763,1
0.16309441575368427,-0.01588932850781661,1
0.16309441575368427,-0.009109667490867458,1
0.16309441575368427,-0.0023300064739183043,1
0.16309441575368427,0.0044496545430308485,1
0.16309441575368427,0.011229315559980002,1
0.16309441575368427,0.018008976576929153,1
0.16309441575368427,0.024788637593878306,1
0.16309441575368427,0.03156829861082746,1
0.16309441575368427,0.038347959627776616,1
0.16309441575368427,0.045127620644725766,1
0.16309441575368427,0.051907281661674916,1
0.16309441575368427,0.05868694267862407,1
0.16309441575368427,0.06546660369557322,1
0.16309441575368427,0.07224626471252238,1
0.16309441575368427,0.07902592572947154,1
0.16309441575368427,0.08580558674642068,1
0.16309441575368427,0.09258524776336984,1
0.16309441575368427,0.09936490878031899,1
0.16309441575368427,0.10614456979726815,1
0.16309441575368427,0.11292423081421729,1
0.16309441575368427,0.11970389183116645,1
0.16309441575368427,0.1264835528481156,1
0.16309441575368427,0.13326321386506476,1
0.16309441575368427,0.14004287488201392,1
0.16309441575368427,0.14682253589896305,1
0.16309441575368427,0.1536021969159122,1
0.16309441575368427,0.16038185793286136,1
0.16309441575368427,0.16716151894981052,1
0.16309441575368427,0.17394117996675967,1
0.16309441575368427,0.18072084098370883,1
0.16309441575368427,0.187500502000658,1
0.16309441575368427,0.19428016301760714,1
0.16309441575368427,0.20105982403455627,1
0.16309441575368427,0.20783948505150543,1
0.16309441575368427,0.21461914606845459,1
0.16309441575368427,0.22139880708540374,1
0.16309441575368427,0.2281784681023529,1
0.16309441575368427,0.23495812911930206,1
0.16309441575368427,0.2417377901362512,1
0.16309441575368427,0.24851745115320034,1
0.16309441575368427,0.2552971121701495,1
0.16309441575368427,0.26207677318709865,1
0.16309441575368427,0.2688564342040478,1
0.16309441575368427,0.27563609522099697,1
0.16309441575368427,0.2824157562379461,1
0.16309441575368427,0.2891954172548953,1
0.16309441575368427,0.29597507827184444,1
0.16309441575368427,0.3027547392887936,1
0.16309441575368427,0.30953440030574275,1
0.16309441575368427,0.3163140613226919,1
0.16309441575368427,0.323093722339641,1
0.16309441575368427,0.32987338335659017,1
0.16309441575368427,0.3366530443735393,1
0.16309441575368427,0.3434327053904885,1
0.16309441575368427,0.35021236640743764,1
0.16309441575368427,0.3569920274243868,1
0.16309441575368427,0.36377168844133595,1
0.16309441575368427,0.3705513494582851,1
0.1698740767706334,-0.029448650541714916,1
0.1698740767706334,-0.022668989524765763,1
0.1698740767706334,-0.01588932850781661,1
0.1698740767706334,-0.009109667490867458,1
0.1698740767706334,-0.0023300064739183043,1
0.1698740767706334,0.0044496545430308485,1
0.1698740767706334,0.011229315559980002,1
0.1698740767706334,0.018008976576929153,1
0.1698740767706334,0.024788637593878306,1
0.1698740767706334,0.03156829861082746,1
0.1698740767706334,0.038347959627776616,1
0.1698740767706334,0.045127620644725766,1
0.1698740767706334,0.051907281661674916,1
0.1698740767706334,0.05868694267862407,1
0.1698740767706334,0.06546660369557322,1
0.1698740767706334,0.07224626471252238,1
0.1698740767706334,0.07902592572947154,1
0.1698740767706334,0.08580558674642068,1
0.1698740767706334,0.09258524776336984,1
0.1698740767706334,0.09936490878031899,1
0.1698740767706334,0.10614456979726815,1
0.1698740767706334,0.11292423081421729,1
0.1698740767706334,0.11970389183116645,1
0.1698740767706334,0.1264835528481156,1
0.1698740767706334,0.13326321386506476,1
0.1698740767706334,0.14004287488201392,1
0.1698740767706334,0.14682253589896305,1
0.1698740767706334,0.1536021969159122,1
0.1698740767706334,0.16038185793286136,1
0.1698740767706334,0.16716151894981052,1
0.1698740767706334,0.17394117996675967,1
0.1698740767706334,0.18072084098370883,1
0.1698740767706334,0.187500502000658,1
0.1698740767706334,0.19428016301760714,1
0.1698740767706334,0.20105982403455627,1
0.1698740767706334,0.20783948505150543,1
0.1698740767706334,0.21461914606845459,1
0.1698740767706334,0.22139880708540374,1
0.1698740767706334,0.2281784681023529,1
0.1698740767706334,0.23495812911930206,1
0.1698740767706334,0.2417377901362512,1
0.1698740767706334,0.24851745115320034,1
0.1698740767706334,0.2552971121701495,1
0.1698740767706334,0.26207677318709865,1
0.1698740767706334,0.2688564342040478,1
0.1698740767706334,0.27563609522099697,1
0.1698740767706334,0.2824157562379461,1
0.1698740767706334,0.2891954172548953,1
0.1698740767706334,0.29597507827184444,1
0.1698740767706334,0.3027547392887936,1
0.1698740767706334,0.30953440030574275,1
0.1698740767706334,0.3163140613226919,1
0.1698740767706334,0.323093722339641,1
0.1698740767706334,0.32987338335659017,1
0.1698740767706334,0.3366530443735393,1
0.1698740767706334,0.3434327053904885,1
0.1698740767706334,0.35021236640743764,1
0.1698740767706334,0.3569920274243868,1
0.1698740767706334,0.36377168844133595,1
0.1698740767706334,0.3705513494582851,1
0.17665373778758256,-0.029448650541714916,1
0.17665373778758256,-0.022668989524765763,1
0.17665373778758256,-0.01588932850781661,1
0.17665373778758256,-0.009109667490867458,1
0.17665373778758256,-0.0023300064739183043,1
0.17665373778758256,0.0044496545430308485,1
0.17665373778758256,0.011229315559980002,1
0.17665373778758256,0.018008976576929153,1
0.17665373778758256,0.024788637593878306,1
0.17665373778758256,0.03156829861082746,1
0.17665373778758256,0.038347959627776616,1
0.17665373778758256,0.045127620644725766,1
0.17665373778758256,0.051907281661674916,1
0.17665373778758256,0.05868694267862407,1
0.17665373778758256,0.06546660369557322,1
0.17665373778758256,0.07224626471252238,1
0.17665373778758256,0.07902592572947154,1
0.17665373778758256,0.08580558674642068,1
0.17665373778758256,0.09258524776336984,1
0.17665373778758256,0.09936490878031899,1
0.17665373778758256,0.10614456979726815,1
0.17665373778758256,0.11292423081421729,1
0.17665373778758256,0.11970389183116645,1
0.17665373778758256,0.1264835528481156,1
0.17665373778758256,0.13326321386506476,1
0.17665373778758256,0.14004287488201392,1
0.17665373778758256,0.14682253589896305,1
0.17665373778758256,0.1536021969159122,1
0.17665373778758256,0.16038185793286136,1
0.17665373778758256,0.16716151894981052,1
0.17665373778758256,0.17394117996675967,1
0.17665373778758256,0.18072084098370883,1
0.17665373778758256,0.187500502000658,1
0.17665373778758256,0.19428016301760714,1
0.17665373778758256,0.20105982403455627,1
0.17665373778758256,0.20783948505150543,1
0.17665373778758256,0.21461914606845459,1
0.17665373778758256,0.22139880708540374,1
0.17665373778758256,0.2281784681023529,1
0.17665373778758256,0.23495812911930206,1
0.17665373778758256,0.2417377901362512,1
0.17665373778758256,0.24851745115320034,1
0.17665373778758256,0.2552971121701495,1
0.17665373778758256,0.26207677318709865,1
0.17665373778758256,0.2688564342040478,1
0.17665373778758256,0.27563609522099697,1
0.17665373778758256,0.2824157562379461,1
0.17665373778758256,0.2891954172548953,1
0.17665373778758256,0.29597507827184444,1
0.17665373778758256,0.3027547392887936,1
0.17665373778758256,0.30953440030574275,1
0.17665373778758256,0.3163140613226919,1
0.17665373778758256,0.323093722339641,1
0.17665373778758256,0.32987338335659017,1
0.17665373778758256,0.3366530443735393,1
0.17665373778758256,0.3434327053904885,1
0.17665373778758256,0.35021236640743764,1
0.17665373778758256,0.3569920274243868,1
0.17665373778758256,0.36377168844133595,1
0.17665373778758256,0.3705513494582851,1
0.18343339880453172,-0.029448650541714916,1
0.18343339880453172,-0.022668989524765763,1
0.18343339880453172,-0.01588932850781661,1
0.18343339880453172,-0.009109667490867458,1
0.18343339880453172,-0.0023300064739183043,1
0.18343339880453172,0.0044496545430308485,1
0.18343339880453172,0.011229315559980002,1
0.18343339880453172,0.018008976576929153,1
0.18343339880453172,0.024788637593878306,1
0.18343339880453172,0.03156829861082746,1
0.18343339880453172,0.038347959627776616,1
0.18343339880453172,0.045127620644725766,1
0.18343339880453172,0.051907281661674916,1
0.18343339880453172,0.05868694267862407,1
0.18343339880453172,0.06546660369557322,1
0.18343339880453172,0.07224626471252238,1
0.18343339880453172,0.07902592572947154,1
0.18343339880453172,0.08580558674642068,1
0.18343339880453172,0.09258524776336984,1
0.18343339880453172,0.09936490878031899,1
0.18343339880453172,0.10614456979726815,1
0.18343339880453172,0.11292423081421729,1
0.18343339880453172,0.11970389183116645,1
0.18343339880453172,0.1264835528481156,1
0.18343339880453172,0.13326321386506476,1
0.18343339880453172,0.14004287488201392,1
0.18343339880453172,0.14682253589896305,1
0.18343339880453172,0.1536021969159122,1
0.18343339880453172,0.16038185793286136,1
0.18343339880453172,0.16716151894981052,1
0.18343339880453172,0.17394117996675967,1
0.18343339880453172,0.18072084098370883,1
0.18343339880453172,0.187500502000658,1
0.18343339880453172,0.19428016301760714,1
0.18343339880453172,0.20105982403455627,1
0.18343339880453172,0.20783948505150543,1
0.18343339880453172,0.21461914606845459,1
0.18343339880453172,0.22139880708540374,1
0.18343339880453172,0.2281784681023529,1
0.18343339880453172,0.23495812911930206,1
0.18343339880453172,0.2417377901362512,1
0.18343339880453172,0.24851745115320034,1
0.18343339880453172,0.2552971121701495,1
0.18343339880453172,0.26207677318709865,1
0.18343339880453172,0.2688564342040478,1
0.18343339880453172,0.27563609522099697,1
0.18343339880453172,0.2824157562379461,1
0.18343339880453172,0.2891954172548953,1
0.18343339880453172,0.29597507827184444,1
0.18343339880453172,0.3027547392887936,1
0.18343339880453172,0.30953440030574275,1
0.18343339880453172,0.3163140613226919,1
0.18343339880453172,0.323093722339641,1
0.18343339880453172,0.32987338335659017,1
0.18343339880453172,0.3366530443735393,1
0.18343339880453172,0.3434327053904885,1
0.18343339880453172,0.35021236640743764,1
0.18343339880453172,0.3569920274243868,1
0.18343339880453172,0.36377168844133595,1
0.18343339880453172,0.3705513494582851,1
0.19021305982148087,-0.029448650541714916,1
0.19021305982148087,-0.022668989524765763,1
0.19021305982148087,-0.01588932850781661,1
0.19021305982148087,-0.009109667490867458,1
0.19021305982148087,-0.0023300064739183043,1
0.19021305982148087,0.0044496545430308485,1
0.19021305982148087,0.011229315559980002,1
0.19021305982148087,0.018008976576929153,1
0.19021305982148087,0.024788637593878306,1
0.19021305982148087,0.03156829861082746,1
0.19021305982148087,0.038347959627776616,1
0.19021305982148087,0.045127620644725766,1
0.19021305982148087,0.051907281661674916,1
0.19021305982148087,0.05868694267862407,1
0.19021305982148087,0.06546660369557322,1
0.19021305982148087,0.07224626471252238,1
0.19021305982148087,0.07902592572947154,1
0.19021305982148087,0.08580558674642068,1
0.19021305982148087,0.09258524776336984,1
0.19021305982148087,0.09936490878031899,1
0.19021305982148087,0.10614456979726815,1
0.19021305982148087,0.11292423081421729,1
0.19021305982148087,0.11970389183116645,1
0.19021305982148087,0.1264835528481156,1
0.19021305982148087,0.13326321386506476,1
0.19021305982148087,0.14004287488201392,1
0.19021305982148087,0.14682253589896305,1
0.19021305982148087,0.1536021969159122,1
0.19021305982148087,0.16038185793286136,1
0.19021305982148087,0.16716151894981052,1
0.19021305982148087,0.17394117996675967,1
0.19021305982148087,0.18072084098370883,1
0.19021305982148087,0.187500502000658,1
0.19021305982148087,0.19428016301760714,1
0.19021305982148087,0.20105982403455627,1
0.19021305982148087,0.20783948505150543,1
0.19021305982148087,0.21461914606845459,1
0.19021305982148087,0.22139880708540374,1
0.19021305982148087,0.2281784681023529,1
0.19021305982148087,0.23495812911930206,1
0.19021305982148087,0.2417377901362512,1
0.19021305982148087,0.24851745115320034,1
0.19021305982148087,0.2552971121701495,1
0.19021305982148087,0.26207677318709865,1
0.19021305982148087,0.2688564342040478,1
0.19021305982148087,0.27563609522099697,1
0.19021305982148087,0.2824157562379461,1
0.19021305982148087,0.2891954172548953,1
0.19021305982148087,0.29597507827184444,1
0.19021305982148087,0.3027547392887936,1
0.19021305982148087,0.30953440030574275,1
0.19021305982148087,0.3163140613226919,1
0.19021305982148087,0.323093722339641,1
0.19021305982148087,0.32987338335659017,1
0.19021305982148087,0.3366530443735393,1
0.19021305982148087,0.3434327053904885,1
0.19021305982148087,0.35021236640743764,1
0.19021305982148087,0.3569920274243868,1
0.19021305982148087,0.36377168844133595,1
0.19021305982148087,0.3705513494582851,1
0.19699272083843003,-0.029448650541714916,1
0.19699272083843003,-0.022668989524765763,1
0.19699272083843003,-0.01588932850781661,1
0.19699272083843003,-0.009109667490867458,1
0.19699272083843003,-0.0023300064739183043,1
0.19699272083843003,0.0044496545430308485,1
0.19699272083843003,0.011229315559980002,1
0.19699272083843003,0.018008976576929153,1
0.19699272083843003,0.024788637593878306,1
0.19699272083843003,0.03156829861082746,1
0.19699272083843003,0.038347959627776616,1
0.19699272083843003,0.045127620644725766,1
0.19699272083843003,0.051907281661674916,1
0.19699272083843003,0.05868694267862407,1
0.19699272083843003,0.06546660369557322,1
0.19699272083843003,0.07224626471252238,1
0.19699272083843003,0.07902592572947154,1
0.19699272083843003,0.08580558674642068,1
0.19699272083843003,0.09258524776336984,1
0.19699272083843003,0.09936490878031899,1
0.19699272083843003,0.10614456979726815,1
0.19699272083843003,0.11292423081421729,1
0.19699272083843003,0.11970389183116645,1
0.19699272083843003,0.1264835528481156,1
0.19699272083843003,0.13326321386506476,1
0.19699272083843003,0.14004287488201392,1
0.19699272083843003,0.14682253589896305,1
0.19699272083843003,0.1536021969159122,1
0.19699272083843003,0.16038185793286136,1
0.19699272083843003,0.16716151894981052,1
0.19699272083843003,0.17394117996675967,1
0.19699272083843003,0.18072084098370883,1
0.19699272083843003,0.187500502000658,1
0.19699272083843003,0.19428016301760714,1
0.19699272083843003,0.20105982403455627,1
0.19699272083843003,0.20783948505150543,1
0.19699272083843003,0.21461914606845459,1
0.19699272083843003,0.22139880708540374,1
0.19699272083843003,0.2281784681023529,1
0.19699272083843003,0.23495812911930206,1
0.19699272083843003,0.2417377901362512,1
0.19699272083843003,0.24851745115320034,1
0.19699272083843003,0.2552971121701495,1
0.19699272083843003,0.26207677318709865,1
0.19699272083843003,0.2688564342040478,1
0.19699272083843003,0.27563609522099697,1
0.19699272083843003,0.2824157562379461,1
0.19699272083843003,0.2891954172548953,1
0.19699272083843003,0.29597507827184444,1
0.19699272083843003,0.3027547392887936,1
0.19699272083843003,0.30953440030574275,1
0.19699272083843003,0.3163140613226919,1
0.19699272083843003,0.323093722339641,1
0.19699272083843003,0.32987338335659017,1
0.19699272083843003,0.3366530443735393,1
0.19699272083843003,0.3434327053904885,1
0.19699272083843003,0.35021236640743764,1
0.19699272083843003,0.3569920274243868,1
0.19699272083843003,0.36377168844133595,1
0.19699272083843003,0.3705513494582851,1
0.2037723818553792,-0.029448650541714916,1
0.2037723818553792,-0.022668989524765763,1
0.2037723818553792,-0.01588932850781661,1
0.2037723818553792,-0.009109667490867458,1
0.2037723818553792,-0.0023300064739183043,1
0.2037723818553792,0.0044496545430308485,1
0.2037723818553792,0.011229315559980002,1
0.2037723818553792,0.018008976576929153,1
0.2037723818553792,0.024788637593878306,1
0.2037723818553792,0.03156829861082746,1
0.2037723818553792,0.038347959627776616,1
0.2037723818553792,0.045127620644725766,1
0.2037723818553792,0.051907281661674916,1
0.2037723818553792,0.05868694267862407,1
0.2037723818553792,0.06546660369557322,1
0.2037723818553792,0.07224626471252238,1
0.2037723818553792,0.07902592572947154,1
0.2037723818553792,0.08580558674642068,1
0.2037723818553792,0.09258524776336984,1
0.2037723818553792,0.09936490878031899,1
0.2037723818553792,0.10614456979726815,1
0.2037723818553792,0.11292423081421729,1
0.2037723818553792,0.11970389183116645,1
0.2037723818553792,0.1264835528481156,1
0.2037723818553792,0.13326321386506476,1
0.2037723818553792,0.14004287488201392,1
0.2037723818553792,0.14682253589896305,1
0.2037723818553792,0.1536021969159122,1
0.2037723818553792,0.16038185793286136,1
0.2037723818553792,0.16716151894981052,1
0.2037723818553792,0.17394117996675967,1
0.2037723818553792,0.18072084098370883,1
0.2037723818553792,0.187500502000658,1
0.2037723818553792,0.19428016301760714,1
0.2037723818553792,0.20105982403455627,1
0.2037723818553792,0.20783948505150543,1
0.2037723818553792,0.21461914606845459,1
0.2037723818553792,0.22139880708540374,1
0.2037723818553792,0.2281784681023529,1
0.2037723818553792,0.23495812911930206,1
0.2037723818553792,0.2417377901362512,1
0.2037723818553792,0.24851745115320034,1
0.2037723818553792,0.2552971121701495,1
0.2037723818553792,0.26207677318709865,1
0.2037723818553792,0.2688564342040478,1
0.2037723818553792,0.27563609522099697,1
0.2037723818553792,0.2824157562379461,1
0.2037723818553792,0.2891954172548953,1
0.2037723818553792,0.29597507827184444,1
0.2037723818553792,0.3027547392887936,1
0.2037723818553792,0.30953440030574275,1
0.2037723818553792,0.3163140613226919,1
0.2037723818553792,0.323093722339641,1
0.2037723818553792,0.32987338335659017,1
0.2037723818553792,0.3366530443735393,1
0.2037723818553792,0.3434327053904885,1
0.2037723818553792,0.35021236640743764,1
0.2037723818553792,0.3569920274243868,1
0.2037723818553792,0.36377168844133595,1
0.2037723818553792,0.3705513494582851,1
0.21055204287232834,-0.029448650541714916,1
0.21055204287232834,-0.022668989524765763,1
0.21055204287232834,-0.01588932850781661,1
0.21055204287232834,-0.009109667490867458,1
0.21055204287232834,-0.0023300064739183043,1
0.21055204287232834,0.0044496545430308485,1
0.21055204287232834,0.011229315559980002,1
0.21055204287232834,0.018008976576929153,1
0.21055204287232834,0.024788637593878306,1
0.21055204287232834,0.03156829861082746,1
0.21055204287232834,0.038347959627776616,1
0.21055204287232834,0.045127620644725766,1
0.21055204287232834,0.051907281661674916,1
0.21055204287232834,0.05868694267862407,1
0.21055204287232834,0.06546660369557322,1
0.21055204287232834,0.07224626471252238,1
0.21055204287232834,0.07902592572947154,1
0.21055204287232834,0.08580558674642068,1
0.21055204287232834,0.09258524776336984,1
0.21055204287232834,0.09936490878031899,1
0.21055204287232834,0.10614456979726815,1
0.21055204287232834,0.11292423081421729,1
0.21055204287232834,0.11970389183116645,1
0.21055204287232834,0.1264835528481156,1
0.21055204287232834,0.13326321386506476,1
0.21055204287232834,0.14004287488201392,1
0.21055204287232834,0.14682253589896305,1
0.21055204287232834,0.1536021969159122,1
0.21055204287232834,0.16038185793286136,1
0.21055204287232834,0.16716151894981052,1
0.21055204287232834,0.17394117996675967,1
0.21055204287232834,0.18072084098370883,1
0.21055204287232834,0.187500502000658,1
0.21055204287232834,0.19428016301760714,1
0.21055204287232834,0.20105982403455627,1
0.21055204287232834,0.20783948505150543,1
0.21055204287232834,0.21461914606845459,1
0.21055204287232834,0.22139880708540374,1
0.21055204287232834,0.2281784681023529,1
0.21055204287232834,0.23495812911930206,1
0.21055204287232834,0.2417377901362512,1
0.21055204287232834,0.24851745115320034,1
0.21055204287232834,0.2552971121701495,1
0.21055204287232834,0.26207677318709865,1
0.21055204287232834,0.2688564342040478,1
0.21055204287232834,0.27563609522099697,1
0.21055204287232834,0.2824157562379461,1
0.21055204287232834,0.2891954172548953,1
0.21055204287232834,0.29597507827184444,1
0.21055204287232834,0.3027547392887936,1
0.21055204287232834,0.30953440030574275,1
0.21055204287232834,0.3163140613226919,1
0.21055204287232834,0.323093722339641,1
0.21055204287232834,0.32987338335659017,1
0.21055204287232834,0.3366530443735393,1
0.21055204287232834,0.3434327053904885,1
0.21055204287232834,0.35021236640743764,1
0.21055204287232834,0.3569920274243868,1
0.21055204287232834,0.36377168844133595,1
0.21055204287232834,0.3705513494582851,1
0.2173317038892775,-0.029448650541714916,1
0.2173317038892775,-0.022668989524765763,1
0.2173317038892775,-0.01588932850781661,1
0.2173317038892775,-0.009109667490867458,1
0.2173317038892775,-0.0023300064739183043,1
0.2173317038892775,0.0044496545430308485,1
0.2173317038892775,0.011229315559980002,1
0.2173317038892775,0.018008976576929153,1
0.2173317038892775,0.024788637593878306,1
0.2173317038892775,0.03156829861082746,1
0.2173317038892775,0.038347959627776616,1
0.2173317038892775,0.045127620644725766,1
0.2173317038892775,0.051907281661674916,1
0.2173317038892775,0.05868694267862407,1
0.2173317038892775,0.06546660369557322,1
0.2173317038892775,0.07224626471252238,1
0.2173317038892775,0.07902592572947154,1
0.2173317038892775,0.08580558674642068,1
0.2173317038892775,0.09258524776336984,1
0.2173317038892775,0.09936490878031899,1
0.2173317038892775,0.10614456979726815,1
0.2173317038892775,0.11292423081421729,1
0.2173317038892775,0.11970389183116645,1
0.2173317038892775,0.1264835528481156,1
0.2173317038892775,0.13326321386506476,1
0.2173317038892775,0.14004287488201392,1
0.2173317038892775,0.14682253589896305,1
0.2173317038892775,0.1536021969159122,1
0.2173317038892775,0.16038185793286136,1
0.2173317038892775,0.16716151894981052,1
0.2173317038892775,0.17394117996675967,1
0.2173317038892775,0.18072084098370883,1
0.2173317038892775,0.187500502000658,1
0.2173317038892775,0.19428016301760714,1
0.2173317038892775,0.20105982403455627,1
0.2173317038892775,0.20783948505150543,1
0.2173317038892775,0.21461914606845459,1
0.2173317038892775,0.22139880708540374,1
0.2173317038892775,0.2281784681023529,1
0.2173317038892775,0.23495812911930206,1
0.2173317038892775,0.2417377901362512,1
0.2173317038892775,0.24851745115320034,1
0.2173317038892775,0.2552971121701495,1
0.2173317038892775,0.26207677318709865,1
0.2173317038892775,0.2688564342040478,1
0.2173317038892775,0.27563609522099697,1
0.2173317038892775,0.2824157562379461,1
0.2173317038892775,0.2891954172548953,1
0.2173317038892775,0.29597507827184444,1
0.2173317038892775,0.3027547392887936,1
0.2173317038892775,0.30953440030574275,1
0.2173317038892775,0.3163140613226919,1
0.2173317038892775,0.323093722339641,1
0.2173317038892775,0.32987338335659017,1
0.2173317038892775,0.3366530443735393,1
0.2173317038892775,0.3434327053904885,1
0.2173317038892775,0.35021236640743764,1
0.2173317038892775,0.3569920274243868,1
0.2173317038892775,0.36377168844133595,1
0.2173317038892775,0.3705513494582851,1
0.22411136490622663,-0.029448650541714916,1
0.22411136490622663,-0.022668989524765763,1
0.22411136490622663,-0.01588932850781661,1
0.22411136490622663,-0.009109667490867458,1
0.22411136490622663,-0.0023300064739183043,1
0.22411136490622663,0.0044496545430308485,1
0.22411136490622663,0.011229315559980002,1
0.22411136490622663,0.018008976576929153,1
0.22411136490622663,0.024788637593878306,1
0.22411136490622663,0.03156829861082746,1
0.22411136490622663,0.038347959627776616,1
0.22411136490622663,0.045127620644725766,1
0.22411136490622663,0.051907281661674916,1
0.22411136490622663,0.05868694267862407,1
0.22411136490622663,0.06546660369557322,1
0.22411136490622663,0.07224626471252238,1
0.22411136490622663,0.07902592572947154,1
0.22411136490622663,0.08580558674642068,1
0.22411136490622663,0.09258524776336984,1
0.22411136490622663,0.09936490878031899,1
0.22411136490622663,0.10614456979726815,1
0.22411136490622663,0.11292423081421729,1
0.22411136490622663,0.11970389183116645,1
0.22411136490622663,0.1264835528481156,1
0.22411136490622663,0.13326321386506476,1
0.22411136490622663,0.14004287488201392,1
0.22411136490622663,0.14682253589896305,1
0.22411136490622663,0.1536021969159122,1
0.22411136490622663,0.16038185793286136,1
0.22411136490622663,0.16716151894981052,1
0.22411136490622663,0.17394117996675967,1
0.22411136490622663,0.18072084098370883,1
0.22411136490622663,0.187500502000658,1
0.22411136490622663,0.19428016301760714,1
0.22411136490622663,0.20105982403455627,1
0.22411136490622663,0.20783948505150543,1
0.22411136490622663,0.21461914606845459,1
0.22411136490622663,0.22139880708540374,1
0.22411136490622663,0.2281784681023529,1
0.22411136490622663,0.23495812911930206,1
0.22411136490622663,0.2417377901362512,1
0.22411136490622663,0.24851745115320034,1
0.22411136490622663,0.2552971121701495,1
0.22411136490622663,0.26207677318709865,1
0.22411136490622663,0.2688564342040478,1
0.22411136490622663,0.27563609522099697,1
0.22411136490622663,0.2824157562379461,1
0.22411136490622663,0.2891954172548953,1
0.22411136490622663,0.29597507827184444,1
0.22411136490622663,0.3027547392887936,1
0.22411136490622663,0.30953440030574275,1
0.22411136490622663,0.3163140613226919,1
0.22411136490622663,0.323093722339641,1
0.22411136490622663,0.32987338335659017,1
0.22411136490622663,0.3366530443735393,1
0.22411136490622663,0.3434327053904885,1
0.22411136490622663,0.35021236640743764,1
0.22411136490622663,0.3569920274243868,1
0.22411136490622663,0.36377168844133595,1
0.22411136490622663,0.3705513494582851,1
0.23089102592317579,-0.029448650541714916,1
0.23089102592317579,-0.022668989524765763,1
0.23089102592317579,-0.01588932850781661,1
0.23089102592317579,-0.009109667490867458,1
0.23089102592317579,-0.0023300064739183043,1
0.23089102592317579,0.0044496545430308485,1
0.23089102592317579,0.011229315559980002,1
0.23089102592317579,0.018008976576929153,1
0.23089102592317579,0.024788637593878306,1
0.23089102592317579,0.03156829861082746,1
0.23089102592317579,0.038347959627776616,1
0.23089102592317579,0.045127620644725766,1
0.23089102592317579,0.051907281661674916,1
0.23089102592317579,0.05868694267862407,1
0.23089102592317579,0.06546660369557322,1
0.23089102592317579,0.07224626471252238,1
0.23089102592317579,0.07902592572947154,1
0.23089102592317579,0.08580558674642068,1
0.23089102592317579,0.09258524776336984,1
0.23089102592317579,0.09936490878031899,1
0.23089102592317579,0.10614456979726815,1
0.23089102592317579,0.11292423081421729,1
0.23089102592317579,0.11970389183116645,1
0.23089102592317579,0.1264835528481156,1
0.23089102592317579,0.13326321386506476,1
0.23089102592317579,0.14004287488201392,1
0.23089102592317579,0.14682253589896305,1
0.23089102592317579,0.1536021969159122,1
0.23089102592317579,0.16038185793286136,1
0.23089102592317579,0.16716151894981052,1
0.23089102592317579,0.17394117996675967,1
0.23089102592317579,0.18072084098370883,1
0.23089102592317579,0.187500502000658,1
0.23089102592317579,0.19428016301760714,1
0.23089102592317579,0.20105982403455627,1
0.23089102592317579,0.20783948505150543,1
0.23089102592317579,0.21461914606845459,1
0.23089102592317579,0.22139880708540374,1
0.23089102592317579,0.2281784681023529,1
0.23089102592317579,0.23495812911930206,1
0.23089102592317579,0.2417377901362512,1
0.23089102592317579,0.24851745115320034,1
0.23089102592317579,0.2552971121701495,1
0.23089102592317579,0.26207677318709865,1
0.23089102592317579,0.2688564342040478,1
0.23089102592317579,0.27563609522099697,1
0.23089102592317579,0.2824157562379461,1
0.23089102592317579,0.2891954172548953,1
0.23089102592317579,0.29597507827184444,1
0.23089102592317579,0.3027547392887936,1
0.23089102592317579,0.30953440030574275,1
0.23089102592317579,0.3163140613226919,1
0.23089102592317579,0.323093722339641,1
0.23089102592317579,0.32987338335659017,1
0.23089102592317579,0.3366530443735393,1
0.23089102592317579,0.3434327053904885,1
0.23089102592317579,0.35021236640743764,1
0.23089102592317579,0.3569920274243868,1
0.23089102592317579,0.36377168844133595,1
0.23089102592317579,0.3705513494582851,1
0.23767068694012494,-0.029448650541714916,1
0.23767068694012494,-0.022668989524765763,1
0.23767068694012494,-0.01588932850781661,1
0.23767068694012494,-0.009109667490867458,1
0.23767068694012494,-0.0023300064739183043,1
0.23767068694012494,0.0044496545430308485,1
0.23767068694012494,0.011229315559980002,1
0.23767068694012494,0.018008976576929153,1
0.23767068694012494,0.024788637593878306,1
0.23767068694012494,0.03156829861082746,1
0.23767068694012494,0.038347959627776616,1
0.23767068694012494,0.045127620644725766,1
0.23767068694012494,0.051907281661674916,1
0.23767068694012494,0.05868694267862407,1
0.23767068694012494,0.06546660369557322,1
0.23767068694012494,0.07224626471252238,1
0.23767068694012494,0.07902592572947154,1
0.23767068694012494,0.08580558674642068,1
0.23767068694012494,0.09258524776336984,1
0.23767068694012494,0.09936490878031899,1
0.23767068694012494,0.10614456979726815,1
0.23767068694012494,0.11292423081421729,1
0.23767068694012494,0.11970389183116645,1
0.23767068694012494,0.1264835528481156,1
0.23767068694012494,0.13326321386506476,1
0.23767068694012494,0.14004287488201392,1
0.23767068694012494,0.14682253589896305,1
0.23767068694012494,0.1536021969159122,1
0.23767068694012494,0.16038185793286136,1
0.23767068694012494,0.16716151894981052,1
0.23767068694012494,0.17394117996675967,1
0.23767068694012494,0.18072084098370883,1
0.23767068694012494,0.187500502000658,1
0.23767068694012494,0.19428016301760714,1
0.23767068694012494,0.20105982403455627,1
0.23767068694012494,0.20783948505150543,1
0.23767068694012494,0.21461914606845459,1
0.23767068694012494,0.22139880708540374,1
0.23767068694012494,0.2281784681023529,1
0.23767068694012494,0.23495812911930206,1
0.23767068694012494,0.2417377901362512,1
0.23767068694012494,0.24851745115320034,1
0.23767068694012494,0.2552971121701495,1
0.23767068694012494,0.26207677318709865,1
0.23767068694012494,0.2688564342040478,1
0.23767068694012494,0.27563609522099697,1
0.23767068694012494,0.2824157562379461,1
0.23767068694012494,0.2891954172548953,1
0.23767068694012494,0.29597507827184444,1
0.23767068694012494,0.3027547392887936,1
0.23767068694012494,0.30953440030574275,1
0.23767068694012494,0.3163140613226919,1
0.23767068694012494,0.323093722339641,1
0.23767068694012494,0.32987338335659017,1
0.23767068694012494,0.3366530443735393,1
0.23767068694012494,0.3434327053904885,1
0.23767068694012494,0.35021236640743764,1
0.23767068694012494,0.3569920274243868,1
0.23767068694012494,0.36377168844133595,1
0.23767068694012494,0.3705513494582851,1
0.2444503479570741,-0.029448650541714916,1
0.2444503479570741,-0.022668989524765763,1
0.2444503479570741,-0.01588932850781661,1
0.2444503479570741,-0.009109667490867458,1
0.2444503479570741,-0.0023300064739183043,1
0.2444503479570741,0.0044496545430308485,1
0.2444503479570741,0.011229315559980002,1
0.2444503479570741,0.018008976576929153,1
0.2444503479570741,0.024788637593878306,1
0.2444503479570741,0.03156829861082746,1
0.2444503479570741,0.038347959627776616,1
0.2444503479570741,0.045127620644725766,1
0.2444503479570741,0.051907281661674916,1
0.2444503479570741,0.05868694267862407,1
0.2444503479570741,0.06546660369557322,1
0.2444503479570741,0.07224626471252238,1
0.2444503479570741,0.07902592572947154,1
0.2444503479570741,0.08580558674642068,1
0.2444503479570741,0.09258524776336984,1
0.2444503479570741,0.09936490878031899,1
0.2444503479570741,0.10614456979726815,1
0.2444503479570741,0.11292423081421729,1
0.2444503479570741,0.11970389183116645,1
0.2444503479570741,0.1264835528481156,1
0.2444503479570741,0.13326321386506476,1
0.2444503479570741,0.14004287488201392,1
0.2444503479570741,0.14682253589896305,1
0.2444503479570741,0.1536021969159122,1
0.2444503479570741,0.16038185793286136,1
0.2444503479570741,0.16716151894981052,1
0.2444503479570741,0.17394117996675967,1
0.2444503479570741,0.18072084098370883,1
0.2444503479570741,0.187500502000658,1
0.2444503479570741,0.19428016301760714,1
0.2444503479570741,0.20105982403455627,1
0.2444503479570741,0.20783948505150543,1
0.2444503479570741,0.21461914606845459,1
0.2444503479570741,0.22139880708540374,1
0.2444503479570741,0.2281784681023529,1
0.2444503479570741,0.23495812911930206,1
0.2444503479570741,0.2417377901362512,1
0.2444503479570741,0.24851745115320034,1
0.2444503479570741,0.2552971121701495,1
0.2444503479570741,0.26207677318709865,1
0.2444503479570741,0.2688564342040478,1
0.2444503479570741,0.27563609522099697,1
0.2444503479570741,0.2824157562379461,1
0.2444503479570741,0.2891954172548953,1
0.2444503479570741,0.29597507827184444,1
0.2444503479570741,0.3027547392887936,1
0.2444503479570741,0.30953440030574275,1
0.2444503479570741,0.3163140613226919,1
0.2444503479570741,0.323093722339641,1
0.2444503479570741,0.32987338335659017,1
0.2444503479570741,0.3366530443735393,1
0.2444503479570741,0.3434327053904885,1
0.2444503479570741,0.35021236640743764,1
0.2444503479570741,0.3569920274243868,1
0.2444503479570741,0.36377168844133595,1
0.2444503479570741,0.3705513494582851,1
