S_N,S_T,basin_label
-0.20350534492796837,-0.13307116611956324,2
-0.20350534492796837,-0.12629150510261408,2
-0.20350534492796837,-0.11951184408566494,2
-0.20350534492796837,-0.11273218306871578,2
-0.20350534492796837,-0.10595252205176663,2
-0.20350534492796837,-0.09917286103481748,2
-0.20350534492796837,-0.09239320001786833,2
-0.20350534492796837,-0.08561353900091917,2
-0.20350534492796837,-0.07883387798397001,2
-0.20350534492796837,-0.07205421696702087,2
-0.20350534492796837,-0.06527455595007171,2
-0.20350534492796837,-0.058494894933122564,2
-0.20350534492796837,-0.05171523391617341,2
-0.20350534492796837,-0.04493557289922426,2
-0.20350534492796837,-0.03815591188227511,2
-0.20350534492796837,-0.03137625086532595,2
-0.20350534492796837,-0.0245965898483768,2
-0.20350534492796837,-0.017816928831427648,2
-0.20350534492796837,-0.011037267814478495,2
-0.20350534492796837,-0.004257606797529343,2
-0.20350534492796837,0.00252205421941981,2
-0.20350534492796837,0.009301715236368963,2
-0.20350534492796837,0.016081376253318114,2
-0.20350534492796837,0.022861037270267268,2
-0.20350534492796837,0.02964069828721642,2
-0.20350534492796837,0.036420359304165574,2
-0.20350534492796837,0.043200020321114724,2
-0.20350534492796837,0.04997968133806388,2
-0.20350534492796837,0.05675934235501303,2
-0.20350534492796837,0.06353900337196218,2
-0.20350534492796837,0.07031866438891134,2
-0.20350534492796837,0.0770983254058605,2
-0.20350534492796837,0.08387798642280964,2
-0.20350534492796837,0.09065764743975879,2
-0.20350534492796837,0.09743730845670795,2
-0.20350534492796837,0.10421696947365709,2
-0.20350534492796837,0.11099663049060625,2
-0.20350534492796837,0.1177762915075554,2
-0.20350534492796837,0.12455595252450455,2
-0.20350534492796837,0.1313356135414537,2
-0.20350534492796837,0.13811527455840286,2
-0.20350534492796837,0.14489493557535202,2
-0.20350534492796837,0.15167459659230118,2
-0.20350534492796837,0.1584542576092503,2
-0.20350534492796837,0.16523391862619946,2
-0.20350534492796837,0.17201357964314862,2
-0.20350534492796837,0.17879324066009777,2
-0.20350534492796837,0.18557290167704693,2
-0.20350534492796837,0.1923525626939961,2
-0.20350534492796837,0.19913222371094524,2
-0.20350534492796837,0.20591188472789437,2
-0.20350534492796837,0.21269154574484353,2
-0.20350534492796837,0.2194712067617927,2
-0.20350534492796837,0.22625086777874184,2
-0.20350534492796837,0.233030528795691,2
-0.20350534492796837,0.23981018981264016,2
-0.20350534492796837,0.24658985082958929,2
-0.20350534492796837,0.25336951184653844,2
-0.20350534492796837,0.2601491728634876,2
-0.20350534492796837,0.26692883388043676,2
-0.19672568391101922,-0.13307116611956324,2
-0.19672568391101922,-0.12629150510261408,2
-0.19672568391101922,-0.11951184408566494,2
-0.19672568391101922,-0.11273218306871578,2
-0.19672568391101922,-0.10595252205176663,2
-0.19672568391101922,-0.09917286103481748,2
-0.19672568391101922,-0.09239320001786833,2
-0.19672568391101922,-0.08561353900091917,2
-0.19672568391101922,-0.07883387798397001,2
-0.19672568391101922,-0.07205421696702087,2
-0.19672568391101922,-0.06527455595007171,2
-0.19672568391101922,-0.058494894933122564,2
-0.19672568391101922,-0.05171523391617341,2
-0.19672568391101922,-0.04493557289922426,2
-0.19672568391101922,-0.03815591188227511,2
-0.19672568391101922,-0.03137625086532595,2
-0.19672568391101922,-0.0245965898483768,2
-0.19672568391101922,-0.017816928831427648,2
-0.19672568391101922,-0.011037267814478495,2
-0.19672568391101922,-0.004257606797529343,2
-0.19672568391101922,0.00252205421941981,2
-0.19672568391101922,0.009301715236368963,2
-0.19672568391101922,0.016081376253318114,2
-0.19672568391101922,0.022861037270267268,2
-0.19672568391101922,0.02964069828721642,2
-0.19672568391101922,0.036420359304165574,2
-0.19672568391101922,0.043200020321114724,2
-0.19672568391101922,0.04997968133806388,2
-0.19672568391101922,0.05675934235501303,2
-0.19672568391101922,0.06353900337196218,2
-0.19672568391101922,0.07031866438891134,2
-0.19672568391101922,0.0770983254058605,2
-0.19672568391101922,0.08387798642280964,2
-0.19672568391101922,0.09065764743975879,2
-0.19672568391101922,0.09743730845670795,2
-0.19672568391101922,0.10421696947365709,2
-0.19672568391101922,0.11099663049060625,2
-0.19672568391101922,0.1177762915075554,2
-0.19672568391101922,0.12455595252450455,2
-0.19672568391101922,0.1313356135414537,2
-0.19672568391101922,0.13811527455840286,2
-0.19672568391101922,0.14489493557535202,2
-0.19672568391101922,0.15167459659230118,2
-0.19672568391101922,0.1584542576092503,2
-0.19672568391101922,0.16523391862619946,2
-0.19672568391101922,0.17201357964314862,2
-0.19672568391101922,0.17879324066009777,2
-0.19672568391101922,0.18557290167704693,2
-0.19672568391101922,0.1923525626939961,2
-0.19672568391101922,0.19913222371094524,2
-0.19672568391101922,0.20591188472789437,2
-0.19672568391101922,0.21269154574484353,2
-0.19672568391101922,0.2194712067617927,2
-0.19672568391101922,0.22625086777874184,2
-0.19672568391101922,0.233030528795691,2
-0.19672568391101922,0.23981018981264016,2
-0.19672568391101922,0.24658985082958929,2
-0.19672568391101922,0.25336951184653844,2
-0.19672568391101922,0.2601491728634876,2
-0.19672568391101922,0.26692883388043676,2
-0.18994602289407006,-0.13307116611956324,2
-0.18994602289407006,-0.12629150510261408,2
-0.18994602289407006,-0.11951184408566494,2
-0.18994602289407006,-0.11273218306871578,2
-0.18994602289407006,-0.10595252205176663,2
-0.18994602289407006,-0.09917286103481748,2
-0.18994602289407006,-0.09239320001786833,2
-0.18994602289407006,-0.08561353900091917,2
-0.18994602289407006,-0.07883387798397001,2
-0.18994602289407006,-0.07205421696702087,2
-0.18994602289407006,-0.06527455595007171,2
-0.18994602289407006,-0.058494894933122564,2
-0.18994602289407006,-0.05171523391617341,2
-0.18994602289407006,-0.04493557289922426,2
-0.18994602289407006,-0.03815591188227511,2
-0.18994602289407006,-0.03137625086532595,2
-0.18994602289407006,-0.0245965898483768,2
-0.18994602289407006,-0.017816928831427648,2
-0.18994602289407006,-0.011037267814478495,2
-0.18994602289407006,-0.004257606797529343,2
-0.18994602289407006,0.00252205421941981,2
-0.18994602289407006,0.009301715236368963,2
-0.18994602289407006,0.016081376253318114,2
-0.18994602289407006,0.022861037270267268,2
-0.18994602289407006,0.02964069828721642,2
-0.18994602289407006,0.036420359304165574,2
-0.18994602289407006,0.043200020321114724,2
-0.18994602289407006,0.04997968133806388,2
-0.18994602289407006,0.05675934235501303,2
-0.18994602289407006,0.06353900337196218,2
-0.18994602289407006,0.07031866438891134,2
-0.18994602289407006,0.0770983254058605,2
-0.18994602289407006,0.08387798642280964,2
-0.18994602289407006,0.09065764743975879,2
-0.18994602289407006,0.09743730845670795,2
-0.18994602289407006,0.10421696947365709,2
-0.18994602289407006,0.11099663049060625,2
-0.18994602289407006,0.1177762915075554,2
-0.18994602289407006,0.12455595252450455,2
-0.18994602289407006,0.1313356135414537,2
-0.18994602289407006,0.13811527455840286,2
-0.18994602289407006,0.14489493557535202,2
-0.18994602289407006,0.15167459659230118,2
-0.18994602289407006,0.1584542576092503,2
-0.18994602289407006,0.16523391862619946,2
-0.18994602289407006,0.17201357964314862,2
-0.18994602289407006,0.17879324066009777,2
-0.18994602289407006,0.18557290167704693,2
-0.18994602289407006,0.1923525626939961,2
-0.18994602289407006,0.19913222371094524,2
-0.18994602289407006,0.20591188472789437,2
-0.18994602289407006,0.21269154574484353,2
-0.18994602289407006,0.2194712067617927,2
-0.18994602289407006,0.22625086777874184,2
-0.18994602289407006,0.233030528795691,2
-0.18994602289407006,0.23981018981264016,2
-0.18994602289407006,0.24658985082958929,2
-0.18994602289407006,0.25336951184653844,2
-0.18994602289407006,0.2601491728634876,2
-0.18994602289407006,0.26692883388043676,2
-0.1831663618771209,-0.13307116611956324,2
-0.1831663618771209,-0.12629150510261408,2
-0.1831663618771209,-0.11951184408566494,2
-0.1831663618771209,-0.11273218306871578,2
-0.1831663618771209,-0.10595252205176663,2
-0.1831663618771209,-0.09917286103481748,2
-0.1831663618771209,-0.09239320001786833,2
-0.1831663618771209,-0.08561353900091917,2
-0.1831663618771209,-0.07883387798397001,2
-0.1831663618771209,-0.07205421696702087,2
-0.1831663618771209,-0.06527455595007171,2
-0.1831663618771209,-0.058494894933122564,2
-0.1831663618771209,-0.05171523391617341,2
-0.1831663618771209,-0.04493557289922426,2
-0.1831663618771209,-0.03815591188227511,2
-0.1831663618771209,-0.03137625086532595,2
-0.1831663618771209,-0.0245965898483768,2
-0.1831663618771209,-0.017816928831427648,2
-0.1831663618771209,-0.011037267814478495,2
-0.1831663618771209,-0.004257606797529343,2
-0.1831663618771209,0.00252205421941981,2
-0.1831663618771209,0.009301715236368963,2
-0.1831663618771209,0.016081376253318114,2
-0.1831663618771209,0.022861037270267268,2
-0.1831663618771209,0.02964069828721642,2
-0.1831663618771209,0.036420359304165574,2
-0.1831663618771209,0.043200020321114724,2
-0.1831663618771209,0.04997968133806388,2
-0.1831663618771209,0.05675934235501303,2
-0.1831663618771209,0.06353900337196218,2
-0.1831663618771209,0.07031866438891134,2
-0.1831663618771209,0.0770983254058605,2
-0.1831663618771209,0.08387798642280964,2
-0.1831663618771209,0.09065764743975879,2
-0.1831663618771209,0.09743730845670795,2
-0.1831663618771209,0.10421696947365709,2
-0.1831663618771209,0.11099663049060625,2
-0.1831663618771209,0.1177762915075554,2
-0.1831663618771209,0.12455595252450455,2
-0.1831663618771209,0.1313356135414537,2
-0.1831663618771209,0.13811527455840286,2
-0.1831663618771209,0.14489493557535202,2
-0.1831663618771209,0.15167459659230118,2
-0.1831663618771209,0.1584542576092503,2
-0.1831663618771209,0.16523391862619946,2
-0.1831663618771209,0.17201357964314862,2
-0.1831663618771209,0.17879324066009777,2
-0.1831663618771209,0.18557290167704693,2
-0.1831663618771209,0.1923525626939961,2
-0.1831663618771209,0.19913222371094524,2
-0.1831663618771209,0.20591188472789437,2
-0.1831663618771209,0.21269154574484353,2
-0.1831663618771209,0.2194712067617927,2
-0.1831663618771209,0.22625086777874184,2
-0.1831663618771209,0.233030528795691,2
-0.1831663618771209,0.23981018981264016,2
-0.1831663618771209,0.24658985082958929,2
-0.1831663618771209,0.25336951184653844,2
-0.1831663618771209,0.2601491728634876,2
-0.1831663618771209,0.26692883388043676,2
-0.17638670086017177,-0.13307116611956324,2
-0.17638670086017177,-0.12629150510261408,2
-0.17638670086017177,-0.11951184408566494,2
-0.17638670086017177,-0.11273218306871578,2
-0.17638670086017177,-0.10595252205176663,2
-0.17638670086017177,-0.09917286103481748,2
-0.17638670086017177,-0.09239320001786833,2
-0.17638670086017177,-0.08561353900091917,2
-0.17638670086017177,-0.07883387798397001,2
-0.17638670086017177,-0.07205421696702087,2
-0.17638670086017177,-0.06527455595007171,2
-0.17638670086017177,-0.058494894933122564,2
-0.17638670086017177,-0.05171523391617341,2
-0.17638670086017177,-0.04493557289922426,2
-0.17638670086017177,-0.03815591188227511,2
-0.17638670086017177,-0.03137625086532595,2
-0.17638670086017177,-0.0245965898483768,2
-0.17638670086017177,-0.017816928831427648,2
-0.17638670086017177,-0.011037267814478495,2
-0.17638670086017177,-0.004257606797529343,2
-0.17638670086017177,0.00252205421941981,2
-0.17638670086017177,0.009301715236368963,2
-0.17638670086017177,0.016081376253318114,2
-0.17638670086017177,0.022861037270267268,2
-0.17638670086017177,0.02964069828721642,2
-0.17638670086017177,0.036420359304165574,2
-0.17638670086017177,0.043200020321114724,2
-0.17638670086017177,0.04997968133806388,2
-0.17638670086017177,0.05675934235501303,2
-0.17638670086017177,0.06353900337196218,2
-0.17638670086017177,0.07031866438891134,2
-0.17638670086017177,0.0770983254058605,2
-0.17638670086017177,0.08387798642280964,2
-0.17638670086017177,0.09065764743975879,2
-0.17638670086017177,0.09743730845670795,2
-0.17638670086017177,0.10421696947365709,2
-0.17638670086017177,0.11099663049060625,2
-0.17638670086017177,0.1177762915075554,2
-0.17638670086017177,0.12455595252450455,2
-0.17638670086017177,0.1313356135414537,2
-0.17638670086017177,0.13811527455840286,2
-0.17638670086017177,0.14489493557535202,2
-0.17638670086017177,0.15167459659230118,2
-0.17638670086017177,0.1584542576092503,2
-0.17638670086017177,0.16523391862619946,2
-0.17638670086017177,0.17201357964314862,2
-0.17638670086017177,0.17879324066009777,2
-0.17638670086017177,0.18557290167704693,2
-0.17638670086017177,0.1923525626939961,2
-0.17638670086017177,0.19913222371094524,2
-0.17638670086017177,0.20591188472789437,2
-0.17638670086017177,0.21269154574484353,2
-0.17638670086017177,0.2194712067617927,2
-0.17638670086017177,0.22625086777874184,2
-0.17638670086017177,0.233030528795691,2
-0.17638670086017177,0.23981018981264016,2
-0.17638670086017177,0.24658985082958929,2
-0.17638670086017177,0.25336951184653844,2
-0.17638670086017177,0.2601491728634876,2
-0.17638670086017177,0.26692883388043676,2
-0.16960703984322262,-0.13307116611956324,2
-0.16960703984322262,-0.12629150510261408,2
-0.16960703984322262,-0.11951184408566494,2
-0.16960703984322262,-0.11273218306871578,2
-0.16960703984322262,-0.10595252205176663,2
-0.16960703984322262,-0.09917286103481748,2
-0.16960703984322262,-0.09239320001786833,2
-0.16960703984322262,-0.08561353900091917,2
-0.16960703984322262,-0.07883387798397001,2
-0.16960703984322262,-0.07205421696702087,2
-0.16960703984322262,-0.06527455595007171,2
-0.16960703984322262,-0.058494894933122564,2
-0.16960703984322262,-0.05171523391617341,2
-0.16960703984322262,-0.04493557289922426,2
-0.16960703984322262,-0.03815591188227511,2
-0.16960703984322262,-0.03137625086532595,2
-0.16960703984322262,-0.0245965898483768,2
-0.16960703984322262,-0.017816928831427648,2
-0.16960703984322262,-0.011037267814478495,2
-0.16960703984322262,-0.004257606797529343,2
-0.16960703984322262,0.00252205421941981,2
-0.16960703984322262,0.009301715236368963,2
-0.16960703984322262,0.016081376253318114,2
-0.16960703984322262,0.022861037270267268,2
-0.16960703984322262,0.02964069828721642,2
-0.16960703984322262,0.036420359304165574,2
-0.16960703984322262,0.043200020321114724,2
-0.16960703984322262,0.04997968133806388,2
-0.16960703984322262,0.05675934235501303,2
-0.16960703984322262,0.06353900337196218,2
-0.16960703984322262,0.07031866438891134,2
-0.16960703984322262,0.0770983254058605,2
-0.16960703984322262,0.08387798642280964,2
-0.16960703984322262,0.09065764743975879,2
-0.16960703984322262,0.09743730845670795,2
-0.16960703984322262,0.10421696947365709,2
-0.16960703984322262,0.11099663049060625,2
-0.16960703984322262,0.1177762915075554,2
-0.16960703984322262,0.12455595252450455,2
-0.16960703984322262,0.1313356135414537,2
-0.16960703984322262,0.13811527455840286,2
-0.16960703984322262,0.14489493557535202,2
-0.16960703984322262,0.15167459659230118,2
-0.16960703984322262,0.1584542576092503,2
-0.16960703984322262,0.16523391862619946,2
-0.16960703984322262,0.17201357964314862,2
-0.16960703984322262,0.17879324066009777,2
-0.16960703984322262,0.18557290167704693,2
-0.16960703984322262,0.1923525626939961,2
-0.16960703984322262,0.19913222371094524,2
-0.16960703984322262,0.20591188472789437,2
-0.16960703984322262,0.21269154574484353,2
-0.16960703984322262,0.2194712067617927,2
-0.16960703984322262,0.22625086777874184,2
-0.16960703984322262,0.233030528795691,2
-0.16960703984322262,0.23981018981264016,2
-0.16960703984322262,0.24658985082958929,2
-0.16960703984322262,0.25336951184653844,2
-0.16960703984322262,0.2601491728634876,2
-0.16960703984322262,0.26692883388043676,2
-0.16282737882627346,-0.13307116611956324,2
-0.16282737882627346,-0.12629150510261408,2
-0.16282737882627346,-0.11951184408566494,2
-0.16282737882627346,-0.11273218306871578,2
-0.16282737882627346,-0.10595252205176663,2
-0.16282737882627346,-0.09917286103481748,2
-0.16282737882627346,-0.09239320001786833,2
-0.16282737882627346,-0.08561353900091917,2
-0.16282737882627346,-0.07883387798397001,2
-0.16282737882627346,-0.07205421696702087,2
-0.16282737882627346,-0.06527455595007171,2
-0.16282737882627346,-0.058494894933122564,2
-0.16282737882627346,-0.05171523391617341,2
-0.16282737882627346,-0.04493557289922426,2
-0.16282737882627346,-0.03815591188227511,2
-0.16282737882627346,-0.03137625086532595,2
-0.16282737882627346,-0.0245965898483768,2
-0.16282737882627346,-0.017816928831427648,2
-0.16282737882627346,-0.011037267814478495,2
-0.16282737882627346,-0.004257606797529343,2
-0.16282737882627346,0.00252205421941981,2
-0.16282737882627346,0.009301715236368963,2
-0.16282737882627346,0.016081376253318114,2
-0.16282737882627346,0.022861037270267268,2
-0.16282737882627346,0.02964069828721642,2
-0.16282737882627346,0.036420359304165574,2
-0.16282737882627346,0.043200020321114724,2
-0.16282737882627346,0.04997968133806388,2
-0.16282737882627346,0.05675934235501303,2
-0.16282737882627346,0.06353900337196218,2
-0.16282737882627346,0.07031866438891134,2
-0.16282737882627346,0.0770983254058605,2
-0.16282737882627346,0.08387798642280964,2
-0.16282737882627346,0.09065764743975879,2
-0.16282737882627346,0.09743730845670795,2
-0.16282737882627346,0.10421696947365709,2
-0.16282737882627346,0.11099663049060625,2
-0.16282737882627346,0.1177762915075554,2
-0.16282737882627346,0.12455595252450455,2
-0.16282737882627346,0.1313356135414537,2
-0.16282737882627346,0.13811527455840286,2
-0.16282737882627346,0.14489493557535202,2
-0.16282737882627346,0.15167459659230118,2
-0.16282737882627346,0.1584542576092503,2
-0.16282737882627346,0.16523391862619946,2
-0.16282737882627346,0.17201357964314862,2
-0.16282737882627346,0.17879324066009777,2
-0.16282737882627346,0.18557290167704693,2
-0.16282737882627346,0.1923525626939961,2
-0.16282737882627346,0.19913222371094524,2
-0.16282737882627346,0.20591188472789437,2
-0.16282737882627346,0.21269154574484353,2
-0.16282737882627346,0.2194712067617927,2
-0.16282737882627346,0.22625086777874184,2
-0.16282737882627346,0.233030528795691,2
-0.16282737882627346,0.23981018981264016,2
-0.16282737882627346,0.24658985082958929,2
-0.16282737882627346,0.25336951184653844,2
-0.16282737882627346,0.2601491728634876,2
-0.16282737882627346,0.26692883388043676,2
-0.1560477178093243,-0.13307116611956324,2
-0.1560477178093243,-0.12629150510261408,2
-0.1560477178093243,-0.11951184408566494,2
-0.1560477178093243,-0.11273218306871578,2
-0.1560477178093243,-0.10595252205176663,2
-0.1560477178093243,-0.09917286103481748,2
-0.1560477178093243,-0.09239320001786833,2
-0.1560477178093243,-0.08561353900091917,2
-0.1560477178093243,-0.07883387798397001,2
-0.1560477178093243,-0.07205421696702087,2
-0.1560477178093243,-0.06527455595007171,2
-0.1560477178093243,-0.058494894933122564,2
-0.1560477178093243,-0.05171523391617341,2
-0.1560477178093243,-0.04493557289922426,2
-0.1560477178093243,-0.03815591188227511,2
-0.1560477178093243,-0.03137625086532595,2
-0.1560477178093243,-0.0245965898483768,2
-0.1560477178093243,-0.017816928831427648,2
-0.1560477178093243,-0.011037267814478495,2
-0.1560477178093243,-0.004257606797529343,2
-0.1560477178093243,0.00252205421941981,2
-0.1560477178093243,0.009301715236368963,2
-0.1560477178093243,0.016081376253318114,2
-0.1560477178093243,0.022861037270267268,2
-0.1560477178093243,0.02964069828721642,2
-0.1560477178093243,0.036420359304165574,2
-0.1560477178093243,0.043200020321114724,2
-0.1560477178093243,0.04997968133806388,2
-0.1560477178093243,0.05675934235501303,2
-0.1560477178093243,0.06353900337196218,2
-0.1560477178093243,0.07031866438891134,2
-0.1560477178093243,0.0770983254058605,2
-0.1560477178093243,0.08387798642280964,2
-0.1560477178093243,0.09065764743975879,2
-0.1560477178093243,0.09743730845670795,2
-0.1560477178093243,0.10421696947365709,2
-0.1560477178093243,0.11099663049060625,2
-0.1560477178093243,0.1177762915075554,2
-0.1560477178093243,0.12455595252450455,2
-0.1560477178093243,0.1313356135414537,2
-0.1560477178093243,0.13811527455840286,2
-0.1560477178093243,0.14489493557535202,2
-0.1560477178093243,0.15167459659230118,2
-0.1560477178093243,0.1584542576092503,2
-0.1560477178093243,0.16523391862619946,2
-0.1560477178093243,0.17201357964314862,2
-0.1560477178093243,0.17879324066009777,2
-0.1560477178093243,0.18557290167704693,2
-0.1560477178093243,0.1923525626939961,2
-0.1560477178093243,0.19913222371094524,2
-0.1560477178093243,0.20591188472789437,2
-0.1560477178093243,0.21269154574484353,2
-0.1560477178093243,0.2194712067617927,2
-0.1560477178093243,0.22625086777874184,2
-0.1560477178093243,0.233030528795691,2
-0.1560477178093243,0.23981018981264016,2
-0.1560477178093243,0.24658985082958929,2
-0.1560477178093243,0.25336951184653844,2
-0.1560477178093243,0.2601491728634876,2
-0.1560477178093243,0.26692883388043676,2
-0.14926805679237515,-0.13307116611956324,2
-0.14926805679237515,-0.12629150510261408,2
-0.14926805679237515,-0.11951184408566494,2
-0.14926805679237515,-0.11273218306871578,2
-0.14926805679237515,-0.10595252205176663,2
-0.14926805679237515,-0.09917286103481748,2
-0.14926805679237515,-0.09239320001786833,2
-0.14926805679237515,-0.08561353900091917,2
-0.14926805679237515,-0.07883387798397001,2
-0.14926805679237515,-0.07205421696702087,2
-0.14926805679237515,-0.06527455595007171,2
-0.14926805679237515,-0.058494894933122564,2
-0.14926805679237515,-0.05171523391617341,2
-0.14926805679237515,-0.04493557289922426,2
-0.14926805679237515,-0.03815591188227511,2
-0.14926805679237515,-0.03137625086532595,2
-0.14926805679237515,-0.0245965898483768,2
-0.14926805679237515,-0.017816928831427648,2
-0.14926805679237515,-0.011037267814478495,2
-0.14926805679237515,-0.004257606797529343,2
-0.14926805679237515,0.00252205421941981,2
-0.14926805679237515,0.009301715236368963,2
-0.14926805679237515,0.016081376253318114,2
-0.14926805679237515,0.022861037270267268,2
-0.14926805679237515,0.02964069828721642,2
-0.14926805679237515,0.036420359304165574,2
-0.14926805679237515,0.043200020321114724,2
-0.14926805679237515,0.04997968133806388,2
-0.14926805679237515,0.05675934235501303,2
-0.14926805679237515,0.06353900337196218,2
-0.14926805679237515,0.07031866438891134,2
-0.14926805679237515,0.0770983254058605,2
-0.14926805679237515,0.08387798642280964,2
-0.14926805679237515,0.09065764743975879,2
-0.14926805679237515,0.09743730845670795,2
-0.14926805679237515,0.10421696947365709,2
-0.14926805679237515,0.11099663049060625,2
-0.14926805679237515,0.1177762915075554,2
-0.14926805679237515,0.12455595252450455,2
-0.14926805679237515,0.1313356135414537,2
-0.14926805679237515,0.13811527455840286,2
-0.14926805679237515,0.14489493557535202,2
-0.14926805679237515,0.15167459659230118,2
-0.14926805679237515,0.1584542576092503,2
-0.14926805679237515,0.16523391862619946,2
-0.14926805679237515,0.17201357964314862,2
-0.14926805679237515,0.17879324066009777,2
-0.14926805679237515,0.18557290167704693,2
-0.14926805679237515,0.1923525626939961,2
-0.14926805679237515,0.19913222371094524,2
-0.14926805679237515,0.20591188472789437,2
-0.14926805679237515,0.21269154574484353,2
-0.14926805679237515,0.2194712067617927,2
-0.14926805679237515,0.22625086777874184,2
-0.14926805679237515,0.233030528795691,2
-0.14926805679237515,0.23981018981264016,2
-0.14926805679237515,0.24658985082958929,2
-0.14926805679237515,0.25336951184653844,2
-0.14926805679237515,0.2601491728634876,1
-0.14926805679237515,0.26692883388043676,1
-0.142488395775426,-0.13307116611956324,2
-0.142488395775426,-0.12629150510261408,2
-0.142488395775426,-0.11951184408566494,2
-0.142488395775426,-0.11273218306871578,2
-0.142488395775426,-0.10595252205176663,2
-0.142488395775426,-0.09917286103481748,2
-0.142488395775426,-0.09239320001786833,2
-0.142488395775426,-0.08561353900091917,2
-0.142488395775426,-0.07883387798397001,2
-0.142488395775426,-0.07205421696702087,2
-0.142488395775426,-0.06527455595007171,2
-0.142488395775426,-0.058494894933122564,2
-0.142488395775426,-0.05171523391617341,2
-0.142488395775426,-0.04493557289922426,2
-0.142488395775426,-0.03815591188227511,2
-0.142488395775426,-0.03137625086532595,2
-0.142488395775426,-0.0245965898483768,2
-0.142488395775426,-0.017816928831427648,2
-0.142488395775426,-0.011037267814478495,2
-0.142488395775426,-0.004257606797529343,2
-0.142488395775426,0.00252205421941981,2
-0.142488395775426,0.009301715236368963,2
-0.142488395775426,0.016081376253318114,2
-0.142488395775426,0.022861037270267268,2
-0.142488395775426,0.02964069828721642,2
-0.142488395775426,0.036420359304165574,2
-0.142488395775426,0.043200020321114724,2
-0.142488395775426,0.04997968133806388,2
-0.142488395775426,0.05675934235501303,2
-0.142488395775426,0.06353900337196218,2
-0.142488395775426,0.07031866438891134,2
-0.142488395775426,0.0770983254058605,2
-0.142488395775426,0.08387798642280964,2
-0.142488395775426,0.09065764743975879,2
-0.142488395775426,0.09743730845670795,2
-0.142488395775426,0.10421696947365709,2
-0.142488395775426,0.11099663049060625,2
-0.142488395775426,0.1177762915075554,2
-0.142488395775426,0.12455595252450455,2
-0.142488395775426,0.1313356135414537,2
-0.142488395775426,0.13811527455840286,2
-0.142488395775426,0.14489493557535202,2
-0.142488395775426,0.15167459659230118,2
-0.142488395775426,0.1584542576092503,2
-0.142488395775426,0.16523391862619946,2
-0.142488395775426,0.17201357964314862,2
-0.142488395775426,0.17879324066009777,2
-0.142488395775426,0.18557290167704693,2
-0.142488395775426,0.1923525626939961,2
-0.142488395775426,0.19913222371094524,2
-0.142488395775426,0.20591188472789437,2
-0.142488395775426,0.21269154574484353,2
-0.142488395775426,0.2194712067617927,2
-0.142488395775426,0.22625086777874184,2
-0.142488395775426,0.233030528795691,2
-0.142488395775426,0.23981018981264016,2
-0.142488395775426,0.24658985082958929,2
-0.142488395775426,0.25336951184653844,1
-0.142488395775426,0.2601491728634876,1
-0.142488395775426,0.26692883388043676,1
-0.13570873475847683,-0.13307116611956324,2
-0.13570873475847683,-0.12629150510261408,2
-0.13570873475847683,-0.11951184408566494,2
-0.13570873475847683,-0.11273218306871578,2
-0.13570873475847683,-0.10595252205176663,2
-0.13570873475847683,-0.09917286103481748,2
-0.13570873475847683,-0.09239320001786833,2
-0.13570873475847683,-0.08561353900091917,2
-0.13570873475847683,-0.07883387798397001,2
-0.13570873475847683,-0.07205421696702087,2
-0.13570873475847683,-0.06527455595007171,2
-0.13570873475847683,-0.058494894933122564,2
-0.13570873475847683,-0.05171523391617341,2
-0.13570873475847683,-0.04493557289922426,2
-0.13570873475847683,-0.03815591188227511,2
-0.13570873475847683,-0.03137625086532595,2
-0.13570873475847683,-0.0245965898483768,2
-0.13570873475847683,-0.017816928831427648,2
-0.13570873475847683,-0.011037267814478495,2
-0.13570873475847683,-0.004257606797529343,2
-0.13570873475847683,0.00252205421941981,2
-0.13570873475847683,0.009301715236368963,2
-0.13570873475847683,0.016081376253318114,2
-0.13570873475847683,0.022861037270267268,2
-0.13570873475847683,0.02964069828721642,2
-0.13570873475847683,0.036420359304165574,2
-0.13570873475847683,0.043200020321114724,2
-0.13570873475847683,0.04997968133806388,2
-0.13570873475847683,0.05675934235501303,2
-0.13570873475847683,0.06353900337196218,2
-0.13570873475847683,0.07031866438891134,2
-0.13570873475847683,0.0770983254058605,2
-0.13570873475847683,0.08387798642280964,2
-0.13570873475847683,0.09065764743975879,2
-0.13570873475847683,0.09743730845670795,2
-0.13570873475847683,0.10421696947365709,2
-0.13570873475847683,0.11099663049060625,2
-0.13570873475847683,0.1177762915075554,2
-0.13570873475847683,0.12455595252450455,2
-0.13570873475847683,0.1313356135414537,2
-0.13570873475847683,0.13811527455840286,2
-0.13570873475847683,0.14489493557535202,2
-0.13570873475847683,0.15167459659230118,2
-0.13570873475847683,0.1584542576092503,2
-0.13570873475847683,0.16523391862619946,2
-0.13570873475847683,0.17201357964314862,2
-0.13570873475847683,0.17879324066009777,2
-0.13570873475847683,0.18557290167704693,2
-0.13570873475847683,0.1923525626939961,2
-0.13570873475847683,0.19913222371094524,2
-0.13570873475847683,0.20591188472789437,2
-0.13570873475847683,0.21269154574484353,2
-0.13570873475847683,0.2194712067617927,2
-0.13570873475847683,0.22625086777874184,2
-0.13570873475847683,0.233030528795691,2
-0.13570873475847683,0.23981018981264016,2
-0.13570873475847683,0.24658985082958929,1
-0.13570873475847683,0.25336951184653844,1
-0.13570873475847683,0.2601491728634876,1
-0.13570873475847683,0.26692883388043676,1
-0.12892907374152768,-0.13307116611956324,2
-0.12892907374152768,-0.12629150510261408,2
-0.12892907374152768,-0.11951184408566494,2
-0.12892907374152768,-0.11273218306871578,2
-0.12892907374152768,-0.10595252205176663,2
-0.12892907374152768,-0.09917286103481748,2
-0.12892907374152768,-0.09239320001786833,2
-0.12892907374152768,-0.08561353900091917,2
-0.12892907374152768,-0.07883387798397001,2
-0.12892907374152768,-0.07205421696702087,2
-0.12892907374152768,-0.06527455595007171,2
-0.12892907374152768,-0.058494894933122564,2
-0.12892907374152768,-0.05171523391617341,2
-0.12892907374152768,-0.04493557289922426,2
-0.12892907374152768,-0.03815591188227511,2
-0.12892907374152768,-0.03137625086532595,2
-0.12892907374152768,-0.0245965898483768,2
-0.12892907374152768,-0.017816928831427648,2
-0.12892907374152768,-0.011037267814478495,2
-0.12892907374152768,-0.004257606797529343,2
-0.12892907374152768,0.00252205421941981,2
-0.12892907374152768,0.009301715236368963,2
-0.12892907374152768,0.016081376253318114,2
-0.12892907374152768,0.022861037270267268,2
-0.12892907374152768,0.02964069828721642,2
-0.12892907374152768,0.036420359304165574,2
-0.12892907374152768,0.043200020321114724,2
-0.12892907374152768,0.04997968133806388,2
-0.12892907374152768,0.05675934235501303,2
-0.12892907374152768,0.06353900337196218,2
-0.12892907374152768,0.07031866438891134,2
-0.12892907374152768,0.0770983254058605,2
-0.12892907374152768,0.08387798642280964,2
-0.12892907374152768,0.09065764743975879,2
-0.12892907374152768,0.09743730845670795,2
-0.12892907374152768,0.10421696947365709,2
-0.12892907374152768,0.11099663049060625,2
-0.12892907374152768,0.1177762915075554,2
-0.12892907374152768,0.12455595252450455,2
-0.12892907374152768,0.1313356135414537,2
-0.12892907374152768,0.13811527455840286,2
-0.12892907374152768,0.14489493557535202,2
-0.12892907374152768,0.15167459659230118,2
-0.12892907374152768,0.1584542576092503,2
-0.12892907374152768,0.16523391862619946,2
-0.12892907374152768,0.17201357964314862,2
-0.12892907374152768,0.17879324066009777,2
-0.12892907374152768,0.18557290167704693,2
-0.12892907374152768,0.1923525626939961,2
-0.12892907374152768,0.19913222371094524,2
-0.12892907374152768,0.20591188472789437,2
-0.12892907374152768,0.21269154574484353,2
-0.12892907374152768,0.2194712067617927,2
-0.12892907374152768,0.22625086777874184,2
-0.12892907374152768,0.233030528795691,1
-0.12892907374152768,0.23981018981264016,1
-0.12892907374152768,0.24658985082958929,1
-0.12892907374152768,0.25336951184653844,1
-0.12892907374152768,0.2601491728634876,1
-0.12892907374152768,0.26692883388043676,1
-0.12214941272457853,-0.13307116611956324,2
-0.12214941272457853,-0.12629150510261408,2
-0.12214941272457853,-0.11951184408566494,2
-0.12214941272457853,-0.11273218306871578,2
-0.12214941272457853,-0.10595252205176663,2
-0.12214941272457853,-0.09917286103481748,2
-0.12214941272457853,-0.09239320001786833,2
-0.12214941272457853,-0.08561353900091917,2
-0.12214941272457853,-0.07883387798397001,2
-0.12214941272457853,-0.07205421696702087,2
-0.12214941272457853,-0.06527455595007171,2
-0.12214941272457853,-0.058494894933122564,2
-0.12214941272457853,-0.05171523391617341,2
-0.12214941272457853,-0.04493557289922426,2
-0.12214941272457853,-0.03815591188227511,2
-0.12214941272457853,-0.03137625086532595,2
-0.12214941272457853,-0.0245965898483768,2
-0.12214941272457853,-0.017816928831427648,2
-0.12214941272457853,-0.011037267814478495,2
-0.12214941272457853,-0.004257606797529343,2
-0.12214941272457853,0.00252205421941981,2
-0.12214941272457853,0.009301715236368963,2
-0.12214941272457853,0.016081376253318114,2
-0.12214941272457853,0.022861037270267268,2
-0.12214941272457853,0.02964069828721642,2
-0.12214941272457853,0.036420359304165574,2
-0.12214941272457853,0.043200020321114724,2
-0.12214941272457853,0.04997968133806388,2
-0.12214941272457853,0.05675934235501303,2
-0.12214941272457853,0.06353900337196218,2
-0.12214941272457853,0.07031866438891134,2
-0.12214941272457853,0.0770983254058605,2
-0.12214941272457853,0.08387798642280964,2
-0.12214941272457853,0.09065764743975879,2
-0.12214941272457853,0.09743730845670795,2
-0.12214941272457853,0.10421696947365709,2
-0.12214941272457853,0.11099663049060625,2
-0.12214941272457853,0.1177762915075554,2
-0.12214941272457853,0.12455595252450455,2
-0.12214941272457853,0.1313356135414537,2
-0.12214941272457853,0.13811527455840286,2
-0.12214941272457853,0.14489493557535202,2
-0.12214941272457853,0.15167459659230118,2
-0.12214941272457853,0.1584542576092503,2
-0.12214941272457853,0.16523391862619946,2
-0.12214941272457853,0.17201357964314862,2
-0.12214941272457853,0.17879324066009777,2
-0.12214941272457853,0.18557290167704693,2
-0.12214941272457853,0.1923525626939961,2
-0.12214941272457853,0.19913222371094524,2
-0.12214941272457853,0.20591188472789437,2
-0.12214941272457853,0.21269154574484353,2
-0.12214941272457853,0.2194712067617927,2
-0.12214941272457853,0.22625086777874184,1
-0.12214941272457853,0.233030528795691,1
-0.12214941272457853,0.23981018981264016,1
-0.12214941272457853,0.24658985082958929,1
-0.12214941272457853,0.25336951184653844,1
-0.12214941272457853,0.2601491728634876,1
-0.12214941272457853,0.26692883388043676,1
-0.11536975170762939,-0.13307116611956324,2
-0.11536975170762939,-0.12629150510261408,2
-0.11536975170762939,-0.11951184408566494,2
-0.11536975170762939,-0.11273218306871578,2
-0.11536975170762939,-0.10595252205176663,2
-0.11536975170762939,-0.09917286103481748,2
-0.11536975170762939,-0.09239320001786833,2
-0.11536975170762939,-0.08561353900091917,2
-0.11536975170762939,-0.07883387798397001,2
-0.11536975170762939,-0.07205421696702087,2
-0.11536975170762939,-0.06527455595007171,2
-0.11536975170762939,-0.058494894933122564,2
-0.11536975170762939,-0.05171523391617341,2
-0.11536975170762939,-0.04493557289922426,2
-0.11536975170762939,-0.03815591188227511,2
-0.11536975170762939,-0.03137625086532595,2
-0.11536975170762939,-0.0245965898483768,2
-0.11536975170762939,-0.017816928831427648,2
-0.11536975170762939,-0.011037267814478495,2
-0.11536975170762939,-0.004257606797529343,2
-0.11536975170762939,0.00252205421941981,2
-0.11536975170762939,0.009301715236368963,2
-0.11536975170762939,0.016081376253318114,2
-0.11536975170762939,0.022861037270267268,2
-0.11536975170762939,0.02964069828721642,2
-0.11536975170762939,0.036420359304165574,2
-0.11536975170762939,0.043200020321114724,2
-0.11536975170762939,0.04997968133806388,2
-0.11536975170762939,0.05675934235501303,2
-0.11536975170762939,0.06353900337196218,2
-0.11536975170762939,0.07031866438891134,2
-0.11536975170762939,0.0770983254058605,2
-0.11536975170762939,0.08387798642280964,2
-0.11536975170762939,0.09065764743975879,2
-0.11536975170762939,0.09743730845670795,2
-0.11536975170762939,0.10421696947365709,2
-0.11536975170762939,0.11099663049060625,2
-0.11536975170762939,0.1177762915075554,2
-0.11536975170762939,0.12455595252450455,2
-0.11536975170762939,0.1313356135414537,2
-0.11536975170762939,0.13811527455840286,2
-0.11536975170762939,0.14489493557535202,2
-0.11536975170762939,0.15167459659230118,2
-0.11536975170762939,0.1584542576092503,2
-0.11536975170762939,0.16523391862619946,2
-0.11536975170762939,0.17201357964314862,2
-0.11536975170762939,0.17879324066009777,2
-0.11536975170762939,0.18557290167704693,2
-0.11536975170762939,0.1923525626939961,2
-0.11536975170762939,0.19913222371094524,2
-0.11536975170762939,0.20591188472789437,2
-0.11536975170762939,0.21269154574484353,1
-0.11536975170762939,0.2194712067617927,1
-0.11536975170762939,0.22625086777874184,1
-0.11536975170762939,0.233030528795691,1
-0.11536975170762939,0.23981018981264016,1
-0.11536975170762939,0.24658985082958929,1
-0.11536975170762939,0.25336951184653844,1
-0.11536975170762939,0.2601491728634876,1
-0.11536975170762939,0.26692883388043676,1
-0.10859009069068024,-0.13307116611956324,2
-0.10859009069068024,-0.12629150510261408,2
-0.10859009069068024,-0.11951184408566494,2
-0.10859009069068024,-0.11273218306871578,2
-0.10859009069068024,-0.10595252205176663,2
-0.10859009069068024,-0.09917286103481748,2
-0.10859009069068024,-0.09239320001786833,2
-0.10859009069068024,-0.08561353900091917,2
-0.10859009069068024,-0.07883387798397001,2
-0.10859009069068024,-0.07205421696702087,2
-0.10859009069068024,-0.06527455595007171,2
-0.10859009069068024,-0.058494894933122564,2
-0.10859009069068024,-0.05171523391617341,2
-0.10859009069068024,-0.04493557289922426,2
-0.10859009069068024,-0.03815591188227511,2
-0.10859009069068024,-0.03137625086532595,2
-0.10859009069068024,-0.0245965898483768,2
-0.10859009069068024,-0.017816928831427648,2
-0.10859009069068024,-0.011037267814478495,2
-0.10859009069068024,-0.004257606797529343,2
-0.10859009069068024,0.00252205421941981,2
-0.10859009069068024,0.009301715236368963,2
-0.10859009069068024,0.016081376253318114,2
-0.10859009069068024,0.022861037270267268,2
-0.10859009069068024,0.02964069828721642,2
-0.10859009069068024,0.036420359304165574,2
-0.10859009069068024,0.043200020321114724,2
-0.10859009069068024,0.04997968133806388,2
-0.10859009069068024,0.05675934235501303,2
-0.10859009069068024,0.06353900337196218,2
-0.10859009069068024,0.07031866438891134,2
-0.10859009069068024,0.0770983254058605,2
-0.10859009069068024,0.08387798642280964,2
-0.10859009069068024,0.09065764743975879,2
-0.10859009069068024,0.09743730845670795,2
-0.10859009069068024,0.10421696947365709,2
-0.10859009069068024,0.11099663049060625,2
-0.10859009069068024,0.1177762915075554,2
-0.10859009069068024,0.12455595252450455,2
-0.10859009069068024,0.1313356135414537,2
-0.10859009069068024,0.13811527455840286,2
-0.10859009069068024,0.14489493557535202,2
-0.10859009069068024,0.15167459659230118,2
-0.10859009069068024,0.1584542576092503,2
-0.10859009069068024,0.16523391862619946,2
-0.10859009069068024,0.17201357964314862,2
-0.10859009069068024,0.17879324066009777,2
-0.10859009069068024,0.18557290167704693,2
-0.10859009069068024,0.1923525626939961,2
-0.10859009069068024,0.19913222371094524,2
-0.10859009069068024,0.20591188472789437,1
-0.10859009069068024,0.21269154574484353,1
-0.10859009069068024,0.2194712067617927,1
-0.10859009069068024,0.22625086777874184,1
-0.10859009069068024,0.233030528795691,1
-0.10859009069068024,0.23981018981264016,1
-0.10859009069068024,0.24658985082958929,1
-0.10859009069068024,0.25336951184653844,1
-0.10859009069068024,0.2601491728634876,1
-0.10859009069068024,0.26692883388043676,1
-0.10181042967373108,-0.13307116611956324,2
-0.10181042967373108,-0.12629150510261408,2
-0.10181042967373108,-0.11951184408566494,2
-0.10181042967373108,-0.11273218306871578,2
-0.10181042967373108,-0.10595252205176663,2
-0.10181042967373108,-0.09917286103481748,2
-0.10181042967373108,-0.09239320001786833,2
-0.10181042967373108,-0.08561353900091917,2
-0.10181042967373108,-0.07883387798397001,2
-0.10181042967373108,-0.07205421696702087,2
-0.10181042967373108,-0.06527455595007171,2
-0.10181042967373108,-0.058494894933122564,2
-0.10181042967373108,-0.05171523391617341,2
-0.10181042967373108,-0.04493557289922426,2
-0.10181042967373108,-0.03815591188227511,2
-0.10181042967373108,-0.03137625086532595,2
-0.10181042967373108,-0.0245965898483768,2
-0.10181042967373108,-0.017816928831427648,2
-0.10181042967373108,-0.011037267814478495,2
-0.10181042967373108,-0.004257606797529343,2
-0.10181042967373108,0.00252205421941981,2
-0.10181042967373108,0.009301715236368963,2
-0.10181042967373108,0.016081376253318114,2
-0.10181042967373108,0.022861037270267268,2
-0.10181042967373108,0.02964069828721642,2
-0.10181042967373108,0.036420359304165574,2
-0.10181042967373108,0.043200020321114724,2
-0.10181042967373108,0.04997968133806388,2
-0.10181042967373108,0.05675934235501303,2
-0.10181042967373108,0.06353900337196218,2
-0.10181042967373108,0.07031866438891134,2
-0.10181042967373108,0.0770983254058605,2
-0.10181042967373108,0.08387798642280964,2
-0.10181042967373108,0.09065764743975879,2
-0.10181042967373108,0.09743730845670795,2
-0.10181042967373108,0.10421696947365709,2
-0.10181042967373108,0.11099663049060625,2
-0.10181042967373108,0.1177762915075554,2
-0.10181042967373108,0.12455595252450455,2
-0.10181042967373108,0.1313356135414537,2
-0.10181042967373108,0.13811527455840286,2
-0.10181042967373108,0.14489493557535202,2
-0.10181042967373108,0.15167459659230118,2
-0.10181042967373108,0.1584542576092503,2
-0.10181042967373108,0.16523391862619946,2
-0.10181042967373108,0.17201357964314862,2
-0.10181042967373108,0.17879324066009777,2
-0.10181042967373108,0.18557290167704693,2
-0.10181042967373108,0.1923525626939961,2
-0.10181042967373108,0.19913222371094524,1
-0.10181042967373108,0.20591188472789437,1
-0.10181042967373108,0.21269154574484353,1
-0.10181042967373108,0.2194712067617927,1
-0.10181042967373108,0.22625086777874184,1
-0.10181042967373108,0.233030528795691,1
-0.10181042967373108,0.23981018981264016,1
-0.10181042967373108,0.24658985082958929,1
-0.10181042967373108,0.25336951184653844,1
-0.10181042967373108,0.2601491728634876,1
-0.10181042967373108,0.26692883388043676,1
-0.09503076865678192,-0.13307116611956324,2
-0.09503076865678192,-0.12629150510261408,2
-0.09503076865678192,-0.11951184408566494,2
-0.09503076865678192,-0.11273218306871578,2
-0.09503076865678192,-0.10595252205176663,2
-0.09503076865678192,-0.09917286103481748,2
-0.09503076865678192,-0.09239320001786833,2
-0.09503076865678192,-0.08561353900091917,2
-0.09503076865678192,-0.07883387798397001,2
-0.09503076865678192,-0.07205421696702087,2
-0.09503076865678192,-0.06527455595007171,2
-0.09503076865678192,-0.058494894933122564,2
-0.09503076865678192,-0.05171523391617341,2
-0.09503076865678192,-0.04493557289922426,2
-0.09503076865678192,-0.03815591188227511,2
-0.09503076865678192,-0.03137625086532595,2
-0.09503076865678192,-0.0245965898483768,2
-0.09503076865678192,-0.017816928831427648,2
-0.09503076865678192,-0.011037267814478495,2
-0.09503076865678192,-0.004257606797529343,2
-0.09503076865678192,0.00252205421941981,2
-0.09503076865678192,0.009301715236368963,2
-0.09503076865678192,0.016081376253318114,2
-0.09503076865678192,0.022861037270267268,2
-0.09503076865678192,0.02964069828721642,2
-0.09503076865678192,0.036420359304165574,2
-0.09503076865678192,0.043200020321114724,2
-0.09503076865678192,0.04997968133806388,2
-0.09503076865678192,0.05675934235501303,2
-0.09503076865678192,0.06353900337196218,2
-0.09503076865678192,0.07031866438891134,2
-0.09503076865678192,0.0770983254058605,2
-0.09503076865678192,0.08387798642280964,2
-0.09503076865678192,0.09065764743975879,2
-0.09503076865678192,0.09743730845670795,2
-0.09503076865678192,0.10421696947365709,2
-0.09503076865678192,0.11099663049060625,2
-0.09503076865678192,0.1177762915075554,2
-0.09503076865678192,0.12455595252450455,2
-0.09503076865678192,0.1313356135414537,2
-0.09503076865678192,0.13811527455840286,2
-0.09503076865678192,0.14489493557535202,2
-0.09503076865678192,0.15167459659230118,2
-0.09503076865678192,0.1584542576092503,2
-0.09503076865678192,0.16523391862619946,2
-0.09503076865678192,0.17201357964314862,2
-0.09503076865678192,0.17879324066009777,2
-0.09503076865678192,0.18557290167704693,1
-0.09503076865678192,0.1923525626939961,1
-0.09503076865678192,0.19913222371094524,1
-0.09503076865678192,0.20591188472789437,1
-0.09503076865678192,0.21269154574484353,1
-0.09503076865678192,0.2194712067617927,1
-0.09503076865678192,0.22625086777874184,1
-0.09503076865678192,0.233030528795691,1
-0.09503076865678192,0.23981018981264016,1
-0.09503076865678192,0.24658985082958929,1
-0.09503076865678192,0.25336951184653844,1
-0.09503076865678192,0.2601491728634876,1
-0.09503076865678192,0.26692883388043676,1
-0.08825110763983278,-0.13307116611956324,2
-0.08825110763983278,-0.12629150510261408,2
-0.08825110763983278,-0.11951184408566494,2
-0.08825110763983278,-0.11273218306871578,2
-0.08825110763983278,-0.10595252205176663,2
-0.08825110763983278,-0.09917286103481748,2
-0.08825110763983278,-0.09239320001786833,2
-0.08825110763983278,-0.08561353900091917,2
-0.08825110763983278,-0.07883387798397001,2
-0.08825110763983278,-0.07205421696702087,2
-0.08825110763983278,-0.06527455595007171,2
-0.08825110763983278,-0.058494894933122564,2
-0.08825110763983278,-0.05171523391617341,2
-0.08825110763983278,-0.04493557289922426,2
-0.08825110763983278,-0.03815591188227511,2
-0.08825110763983278,-0.03137625086532595,2
-0.08825110763983278,-0.0245965898483768,2
-0.08825110763983278,-0.017816928831427648,2
-0.08825110763983278,-0.011037267814478495,2
-0.08825110763983278,-0.004257606797529343,2
-0.08825110763983278,0.00252205421941981,2
-0.08825110763983278,0.009301715236368963,2
-0.08825110763983278,0.016081376253318114,2
-0.08825110763983278,0.022861037270267268,2
-0.08825110763983278,0.02964069828721642,2
-0.08825110763983278,0.036420359304165574,2
-0.08825110763983278,0.043200020321114724,2
-0.08825110763983278,0.04997968133806388,2
-0.08825110763983278,0.05675934235501303,2
-0.08825110763983278,0.06353900337196218,2
-0.08825110763983278,0.07031866438891134,2
-0.08825110763983278,0.0770983254058605,2
-0.08825110763983278,0.08387798642280964,2
-0.08825110763983278,0.09065764743975879,2
-0.08825110763983278,0.09743730845670795,2
-0.08825110763983278,0.10421696947365709,2
-0.08825110763983278,0.11099663049060625,2
-0.08825110763983278,0.1177762915075554,2
-0.08825110763983278,0.12455595252450455,2
-0.08825110763983278,0.1313356135414537,2
-0.08825110763983278,0.13811527455840286,2
-0.08825110763983278,0.14489493557535202,2
-0.08825110763983278,0.15167459659230118,1
-0.08825110763983278,0.1584542576092503,1
-0.08825110763983278,0.16523391862619946,1
-0.08825110763983278,0.17201357964314862,1
-0.08825110763983278,0.17879324066009777,1
-0.08825110763983278,0.18557290167704693,1
-0.08825110763983278,0.1923525626939961,1
-0.08825110763983278,0.19913222371094524,1
-0.08825110763983278,0.20591188472789437,1
-0.08825110763983278,0.21269154574484353,1
-0.08825110763983278,0.2194712067617927,1
-0.08825110763983278,0.22625086777874184,1
-0.08825110763983278,0.233030528795691,1
-0.08825110763983278,0.23981018981264016,1
-0.08825110763983278,0.24658985082958929,1
-0.08825110763983278,0.25336951184653844,1
-0.08825110763983278,0.2601491728634876,1
-0.08825110763983278,0.26692883388043676,1
-0.08147144662288362,-0.13307116611956324,2
-0.08147144662288362,-0.12629150510261408,2
-0.08147144662288362,-0.11951184408566494,2
-0.08147144662288362,-0.11273218306871578,2
-0.08147144662288362,-0.10595252205176663,2
-0.08147144662288362,-0.09917286103481748,2
-0.08147144662288362,-0.09239320001786833,2
-0.08147144662288362,-0.08561353900091917,2
-0.08147144662288362,-0.07883387798397001,2
-0.08147144662288362,-0.07205421696702087,2
-0.08147144662288362,-0.06527455595007171,2
-0.08147144662288362,-0.058494894933122564,2
-0.08147144662288362,-0.05171523391617341,2
-0.08147144662288362,-0.04493557289922426,2
-0.08147144662288362,-0.03815591188227511,2
-0.08147144662288362,-0.03137625086532595,2
-0.08147144662288362,-0.0245965898483768,2
-0.08147144662288362,-0.017816928831427648,2
-0.08147144662288362,-0.011037267814478495,2
-0.08147144662288362,-0.004257606797529343,2
-0.08147144662288362,0.00252205421941981,2
-0.08147144662288362,0.009301715236368963,2
-0.08147144662288362,0.016081376253318114,2
-0.08147144662288362,0.022861037270267268,2
-0.08147144662288362,0.02964069828721642,2
-0.08147144662288362,0.036420359304165574,2
-0.08147144662288362,0.043200020321114724,2
-0.08147144662288362,0.04997968133806388,2
-0.08147144662288362,0.05675934235501303,2
-0.08147144662288362,0.06353900337196218,2
-0.08147144662288362,0.07031866438891134,2
-0.08147144662288362,0.0770983254058605,2
-0.08147144662288362,0.08387798642280964,2
-0.08147144662288362,0.09065764743975879,2
-0.08147144662288362,0.09743730845670795,2
-0.08147144662288362,0.10421696947365709,2
-0.08147144662288362,0.11099663049060625,2
-0.08147144662288362,0.1177762915075554,1
-0.08147144662288362,0.12455595252450455,1
-0.08147144662288362,0.1313356135414537,1
-0.08147144662288362,0.13811527455840286,1
-0.08147144662288362,0.14489493557535202,1
-0.08147144662288362,0.15167459659230118,1
-0.08147144662288362,0.1584542576092503,1
-0.08147144662288362,0.16523391862619946,1
-0.08147144662288362,0.17201357964314862,1
-0.08147144662288362,0.17879324066009777,1
-0.08147144662288362,0.18557290167704693,1
-0.08147144662288362,0.1923525626939961,1
-0.08147144662288362,0.19913222371094524,1
-0.08147144662288362,0.20591188472789437,1
-0.08147144662288362,0.21269154574484353,1
-0.08147144662288362,0.2194712067617927,1
-0.08147144662288362,0.22625086777874184,1
-0.08147144662288362,0.233030528795691,1
-0.08147144662288362,0.23981018981264016,1
-0.08147144662288362,0.24658985082958929,1
-0.08147144662288362,0.25336951184653844,1
-0.08147144662288362,0.2601491728634876,1
-0.08147144662288362,0.26692883388043676,1
-0.07469178560593447,-0.13307116611956324,2
-0.07469178560593447,-0.12629150510261408,2
-0.07469178560593447,-0.11951184408566494,2
-0.07469178560593447,-0.11273218306871578,2
-0.07469178560593447,-0.10595252205176663,2
-0.07469178560593447,-0.09917286103481748,2
-0.07469178560593447,-0.09239320001786833,2
-0.07469178560593447,-0.08561353900091917,2
-0.07469178560593447,-0.07883387798397001,2
-0.07469178560593447,-0.07205421696702087,2
-0.07469178560593447,-0.06527455595007171,2
-0.07469178560593447,-0.058494894933122564,2
-0.07469178560593447,-0.05171523391617341,2
-0.07469178560593447,-0.04493557289922426,2
-0.07469178560593447,-0.03815591188227511,2
-0.07469178560593447,-0.03137625086532595,2
-0.07469178560593447,-0.0245965898483768,2
-0.07469178560593447,-0.017816928831427648,2
-0.07469178560593447,-0.011037267814478495,2
-0.07469178560593447,-0.004257606797529343,2
-0.07469178560593447,0.00252205421941981,2
-0.07469178560593447,0.009301715236368963,2
-0.07469178560593447,0.016081376253318114,2
-0.07469178560593447,0.022861037270267268,2
-0.07469178560593447,0.02964069828721642,2
-0.07469178560593447,0.036420359304165574,2
-0.07469178560593447,0.043200020321114724,2
-0.07469178560593447,0.04997968133806388,2
-0.07469178560593447,0.05675934235501303,2
-0.07469178560593447,0.06353900337196218,2
-0.07469178560593447,0.07031866438891134,2
-0.07469178560593447,0.0770983254058605,2
-0.07469178560593447,0.08387798642280964,2
-0.07469178560593447,0.09065764743975879,1
-0.07469178560593447,0.09743730845670795,1
-0.07469178560593447,0.10421696947365709,1
-0.07469178560593447,0.11099663049060625,1
-0.07469178560593447,0.1177762915075554,1
-0.07469178560593447,0.12455595252450455,1
-0.07469178560593447,0.1313356135414537,1
-0.07469178560593447,0.13811527455840286,1
-0.07469178560593447,0.14489493557535202,1
-0.07469178560593447,0.15167459659230118,1
-0.07469178560593447,0.1584542576092503,1
-0.07469178560593447,0.16523391862619946,1
-0.07469178560593447,0.17201357964314862,1
-0.07469178560593447,0.17879324066009777,1
-0.07469178560593447,0.18557290167704693,1
-0.07469178560593447,0.1923525626939961,1
-0.07469178560593447,0.19913222371094524,1
-0.07469178560593447,0.20591188472789437,1
-0.07469178560593447,0.21269154574484353,1
-0.07469178560593447,0.2194712067617927,1
-0.07469178560593447,0.22625086777874184,1
-0.07469178560593447,0.233030528795691,1
-0.07469178560593447,0.23981018981264016,1
-0.07469178560593447,0.24658985082958929,1
-0.07469178560593447,0.25336951184653844,1
-0.07469178560593447,0.2601491728634876,1
-0.07469178560593447,0.26692883388043676,1
-0.06791212458898531,-0.13307116611956324,2
-0.06791212458898531,-0.12629150510261408,2
-0.06791212458898531,-0.11951184408566494,2
-0.06791212458898531,-0.11273218306871578,2
-0.06791212458898531,-0.10595252205176663,2
-0.06791212458898531,-0.09917286103481748,2
-0.06791212458898531,-0.09239320001786833,2
-0.06791212458898531,-0.08561353900091917,2
-0.06791212458898531,-0.07883387798397001,2
-0.06791212458898531,-0.07205421696702087,2
-0.06791212458898531,-0.06527455595007171,2
-0.06791212458898531,-0.058494894933122564,2
-0.06791212458898531,-0.05171523391617341,2
-0.06791212458898531,-0.04493557289922426,2
-0.06791212458898531,-0.03815591188227511,2
-0.06791212458898531,-0.03137625086532595,2
-0.06791212458898531,-0.0245965898483768,2
-0.06791212458898531,-0.017816928831427648,2
-0.06791212458898531,-0.011037267814478495,2
-0.06791212458898531,-0.004257606797529343,2
-0.06791212458898531,0.00252205421941981,2
-0.06791212458898531,0.009301715236368963,2
-0.06791212458898531,0.016081376253318114,2
-0.06791212458898531,0.022861037270267268,2
-0.06791212458898531,0.02964069828721642,2
-0.06791212458898531,0.036420359304165574,2
-0.06791212458898531,0.043200020321114724,2
-0.06791212458898531,0.04997968133806388,2
-0.06791212458898531,0.05675934235501303,2
-0.06791212458898531,0.06353900337196218,2
-0.06791212458898531,0.07031866438891134,1
-0.06791212458898531,0.0770983254058605,1
-0.06791212458898531,0.08387798642280964,1
-0.06791212458898531,0.09065764743975879,1
-0.06791212458898531,0.09743730845670795,1
-0.06791212458898531,0.10421696947365709,1
-0.06791212458898531,0.11099663049060625,1
-0.06791212458898531,0.1177762915075554,1
-0.06791212458898531,0.12455595252450455,1
-0.06791212458898531,0.1313356135414537,1
-0.06791212458898531,0.13811527455840286,1
-0.06791212458898531,0.14489493557535202,1
-0.06791212458898531,0.15167459659230118,1
-0.06791212458898531,0.1584542576092503,1
-0.06791212458898531,0.16523391862619946,1
-0.06791212458898531,0.17201357964314862,1
-0.06791212458898531,0.17879324066009777,1
-0.06791212458898531,0.18557290167704693,1
-0.06791212458898531,0.1923525626939961,1
-0.06791212458898531,0.19913222371094524,1
-0.06791212458898531,0.20591188472789437,1
-0.06791212458898531,0.21269154574484353,1
-0.06791212458898531,0.2194712067617927,1
-0.06791212458898531,0.22625086777874184,1
-0.06791212458898531,0.233030528795691,1
-0.06791212458898531,0.23981018981264016,1
-0.06791212458898531,0.24658985082958929,1
-0.06791212458898531,0.25336951184653844,1
-0.06791212458898531,0.2601491728634876,1
-0.06791212458898531,0.26692883388043676,1
-0.06113246357203616,-0.13307116611956324,2
-0.06113246357203616,-0.12629150510261408,2
-0.06113246357203616,-0.11951184408566494,2
-0.06113246357203616,-0.11273218306871578,2
-0.06113246357203616,-0.10595252205176663,2
-0.06113246357203616,-0.09917286103481748,2
-0.06113246357203616,-0.09239320001786833,2
-0.06113246357203616,-0.08561353900091917,2
-0.06113246357203616,-0.07883387798397001,2
-0.06113246357203616,-0.07205421696702087,2
-0.06113246357203616,-0.06527455595007171,2
-0.06113246357203616,-0.058494894933122564,2
-0.06113246357203616,-0.05171523391617341,2
-0.06113246357203616,-0.04493557289922426,2
-0.06113246357203616,-0.03815591188227511,2
-0.06113246357203616,-0.03137625086532595,2
-0.06113246357203616,-0.0245965898483768,2
-0.06113246357203616,-0.017816928831427648,2
-0.06113246357203616,-0.011037267814478495,2
-0.06113246357203616,-0.004257606797529343,2
-0.06113246357203616,0.00252205421941981,2
-0.06113246357203616,0.009301715236368963,2
-0.06113246357203616,0.016081376253318114,2
-0.06113246357203616,0.022861037270267268,2
-0.06113246357203616,0.02964069828721642,2
-0.06113246357203616,0.036420359304165574,2
-0.06113246357203616,0.043200020321114724,2
-0.06113246357203616,0.04997968133806388,2
-0.06113246357203616,0.05675934235501303,1
-0.06113246357203616,0.06353900337196218,1
-0.06113246357203616,0.07031866438891134,1
-0.06113246357203616,0.0770983254058605,1
-0.06113246357203616,0.08387798642280964,1
-0.06113246357203616,0.09065764743975879,1
-0.06113246357203616,0.09743730845670795,1
-0.06113246357203616,0.10421696947365709,1
-0.06113246357203616,0.11099663049060625,1
-0.06113246357203616,0.1177762915075554,1
-0.06113246357203616,0.12455595252450455,1
-0.06113246357203616,0.1313356135414537,1
-0.06113246357203616,0.13811527455840286,1
-0.06113246357203616,0.14489493557535202,1
-0.06113246357203616,0.15167459659230118,1
-0.06113246357203616,0.1584542576092503,1
-0.06113246357203616,0.16523391862619946,1
-0.06113246357203616,0.17201357964314862,1
-0.06113246357203616,0.17879324066009777,1
-0.06113246357203616,0.18557290167704693,1
-0.06113246357203616,0.1923525626939961,1
-0.06113246357203616,0.19913222371094524,1
-0.06113246357203616,0.20591188472789437,1
-0.06113246357203616,0.21269154574484353,1
-0.06113246357203616,0.2194712067617927,1
-0.06113246357203616,0.22625086777874184,1
-0.06113246357203616,0.233030528795691,1
-0.06113246357203616,0.23981018981264016,1
-0.06113246357203616,0.24658985082958929,1
-0.06113246357203616,0.25336951184653844,1
-0.06113246357203616,0.2601491728634876,1
-0.06113246357203616,0.26692883388043676,1
-0.05435280255508701,-0.13307116611956324,2
-0.05435280255508701,-0.12629150510261408,2
-0.05435280255508701,-0.11951184408566494,2
-0.05435280255508701,-0.11273218306871578,2
-0.05435280255508701,-0.10595252205176663,2
-0.05435280255508701,-0.09917286103481748,2
-0.05435280255508701,-0.09239320001786833,2
-0.05435280255508701,-0.08561353900091917,2
-0.05435280255508701,-0.07883387798397001,2
-0.05435280255508701,-0.07205421696702087,2
-0.05435280255508701,-0.06527455595007171,2
-0.05435280255508701,-0.058494894933122564,2
-0.05435280255508701,-0.05171523391617341,2
-0.05435280255508701,-0.04493557289922426,2
-0.05435280255508701,-0.03815591188227511,2
-0.05435280255508701,-0.03137625086532595,2
-0.05435280255508701,-0.0245965898483768,2
-0.05435280255508701,-0.017816928831427648,2
-0.05435280255508701,-0.011037267814478495,2
-0.05435280255508701,-0.004257606797529343,2
-0.05435280255508701,0.00252205421941981,2
-0.05435280255508701,0.009301715236368963,2
-0.05435280255508701,0.016081376253318114,2
-0.05435280255508701,0.022861037270267268,2
-0.05435280255508701,0.02964069828721642,2
-0.05435280255508701,0.036420359304165574,2
-0.05435280255508701,0.043200020321114724,1
-0.05435280255508701,0.04997968133806388,1
-0.05435280255508701,0.05675934235501303,1
-0.05435280255508701,0.06353900337196218,1
-0.05435280255508701,0.07031866438891134,1
-0.05435280255508701,0.0770983254058605,1
-0.05435280255508701,0.08387798642280964,1
-0.05435280255508701,0.09065764743975879,1
-0.05435280255508701,0.09743730845670795,1
-0.05435280255508701,0.10421696947365709,1
-0.05435280255508701,0.11099663049060625,1
-0.05435280255508701,0.1177762915075554,1
-0.05435280255508701,0.12455595252450455,1
-0.05435280255508701,0.1313356135414537,1
-0.05435280255508701,0.13811527455840286,1
-0.05435280255508701,0.14489493557535202,1
-0.05435280255508701,0.15167459659230118,1
-0.05435280255508701,0.1584542576092503,1
-0.05435280255508701,0.16523391862619946,1
-0.05435280255508701,0.17201357964314862,1
-0.05435280255508701,0.17879324066009777,1
-0.05435280255508701,0.18557290167704693,1
-0.05435280255508701,0.1923525626939961,1
-0.05435280255508701,0.19913222371094524,1
-0.05435280255508701,0.20591188472789437,1
-0.05435280255508701,0.21269154574484353,1
-0.05435280255508701,0.2194712067617927,1
-0.05435280255508701,0.22625086777874184,1
-0.05435280255508701,0.233030528795691,1
-0.05435280255508701,0.23981018981264016,1
-0.05435280255508701,0.24658985082958929,1
-0.05435280255508701,0.25336951184653844,1
-0.05435280255508701,0.2601491728634876,1
-0.05435280255508701,0.26692883388043676,1
-0.04757314153813785,-0.13307116611956324,2
-0.04757314153813785,-0.12629150510261408,2
-0.04757314153813785,-0.11951184408566494,2
-0.04757314153813785,-0.11273218306871578,2
-0.04757314153813785,-0.10595252205176663,2
-0.04757314153813785,-0.09917286103481748,2
-0.04757314153813785,-0.09239320001786833,2
-0.04757314153813785,-0.08561353900091917,2
-0.04757314153813785,-0.07883387798397001,2
-0.04757314153813785,-0.07205421696702087,2
-0.04757314153813785,-0.06527455595007171,2
-0.04757314153813785,-0.058494894933122564,2
-0.04757314153813785,-0.05171523391617341,2
-0.04757314153813785,-0.04493557289922426,2
-0.04757314153813785,-0.03815591188227511,2
-0.04757314153813785,-0.03137625086532595,2
-0.04757314153813785,-0.0245965898483768,2
-0.04757314153813785,-0.017816928831427648,2
-0.04757314153813785,-0.011037267814478495,2
-0.04757314153813785,-0.004257606797529343,2
-0.04757314153813785,0.00252205421941981,2
-0.04757314153813785,0.009301715236368963,2
-0.04757314153813785,0.016081376253318114,2
-0.04757314153813785,0.022861037270267268,2
-0.04757314153813785,0.02964069828721642,1
-0.04757314153813785,0.036420359304165574,1
-0.04757314153813785,0.043200020321114724,1
-0.04757314153813785,0.04997968133806388,1
-0.04757314153813785,0.05675934235501303,1
-0.04757314153813785,0.06353900337196218,1
-0.04757314153813785,0.07031866438891134,1
-0.04757314153813785,0.0770983254058605,1
-0.04757314153813785,0.08387798642280964,1
-0.04757314153813785,0.09065764743975879,1
-0.04757314153813785,0.09743730845670795,1
-0.04757314153813785,0.10421696947365709,1
-0.04757314153813785,0.11099663049060625,1
-0.04757314153813785,0.1177762915075554,1
-0.04757314153813785,0.12455595252450455,1
-0.04757314153813785,0.1313356135414537,1
-0.04757314153813785,0.13811527455840286,1
-0.04757314153813785,0.14489493557535202,1
-0.04757314153813785,0.15167459659230118,1
-0.04757314153813785,0.1584542576092503,1
-0.04757314153813785,0.16523391862619946,1
-0.04757314153813785,0.17201357964314862,1
-0.04757314153813785,0.17879324066009777,1
-0.04757314153813785,0.18557290167704693,1
-0.04757314153813785,0.1923525626939961,1
-0.04757314153813785,0.19913222371094524,1
-0.04757314153813785,0.20591188472789437,1
-0.04757314153813785,0.21269154574484353,1
-0.04757314153813785,0.2194712067617927,1
-0.04757314153813785,0.22625086777874184,1
-0.04757314153813785,0.233030528795691,1
-0.04757314153813785,0.23981018981264016,1
-0.04757314153813785,0.24658985082958929,1
-0.04757314153813785,0.25336951184653844,1
-0.04757314153813785,0.2601491728634876,1
-0.04757314153813785,0.26692883388043676,1
-0.0407934805211887,-0.13307116611956324,2
-0.0407934805211887,-0.12629150510261408,2
-0.0407934805211887,-0.11951184408566494,2
-0.0407934805211887,-0.11273218306871578,2
-0.0407934805211887,-0.10595252205176663,2
-0.0407934805211887,-0.09917286103481748,2
-0.0407934805211887,-0.09239320001786833,2
-0.0407934805211887,-0.08561353900091917,2
-0.0407934805211887,-0.07883387798397001,2
-0.0407934805211887,-0.07205421696702087,2
-0.0407934805211887,-0.06527455595007171,2
-0.0407934805211887,-0.058494894933122564,2
-0.0407934805211887,-0.05171523391617341,2
-0.0407934805211887,-0.04493557289922426,2
-0.0407934805211887,-0.03815591188227511,2
-0.0407934805211887,-0.03137625086532595,2
-0.0407934805211887,-0.0245965898483768,2
-0.0407934805211887,-0.017816928831427648,2
-0.0407934805211887,-0.011037267814478495,2
-0.0407934805211887,-0.004257606797529343,2
-0.0407934805211887,0.00252205421941981,2
-0.0407934805211887,0.009301715236368963,2
-0.0407934805211887,0.016081376253318114,2
-0.0407934805211887,0.022861037270267268,1
-0.0407934805211887,0.02964069828721642,1
-0.0407934805211887,0.036420359304165574,1
-0.0407934805211887,0.043200020321114724,1
-0.0407934805211887,0.04997968133806388,1
-0.0407934805211887,0.05675934235501303,1
-0.0407934805211887,0.06353900337196218,1
-0.0407934805211887,0.07031866438891134,1
-0.0407934805211887,0.0770983254058605,1
-0.0407934805211887,0.08387798642280964,1
-0.0407934805211887,0.09065764743975879,1
-0.0407934805211887,0.09743730845670795,1
-0.0407934805211887,0.10421696947365709,1
-0.0407934805211887,0.11099663049060625,1
-0.0407934805211887,0.1177762915075554,1
-0.0407934805211887,0.12455595252450455,1
-0.0407934805211887,0.1313356135414537,1
-0.0407934805211887,0.13811527455840286,1
-0.0407934805211887,0.14489493557535202,1
-0.0407934805211887,0.15167459659230118,1
-0.0407934805211887,0.1584542576092503,1
-0.0407934805211887,0.16523391862619946,1
-0.0407934805211887,0.17201357964314862,1
-0.0407934805211887,0.17879324066009777,1
-0.0407934805211887,0.18557290167704693,1
-0.0407934805211887,0.1923525626939961,1
-0.0407934805211887,0.19913222371094524,1
-0.0407934805211887,0.20591188472789437,1
-0.0407934805211887,0.21269154574484353,1
-0.0407934805211887,0.2194712067617927,1
-0.0407934805211887,0.22625086777874184,1
-0.0407934805211887,0.233030528795691,1
-0.0407934805211887,0.23981018981264016,1
-0.0407934805211887,0.24658985082958929,1
-0.0407934805211887,0.25336951184653844,1
-0.0407934805211887,0.2601491728634876,1
-0.0407934805211887,0.26692883388043676,1
-0.034013819504239554,-0.13307116611956324,2
-0.034013819504239554,-0.12629150510261408,2
-0.034013819504239554,-0.11951184408566494,2
-0.034013819504239554,-0.11273218306871578,2
-0.034013819504239554,-0.10595252205176663,2
-0.034013819504239554,-0.09917286103481748,2
-0.034013819504239554,-0.09239320001786833,2
-0.034013819504239554,-0.08561353900091917,2
-0.034013819504239554,-0.07883387798397001,2
-0.034013819504239554,-0.07205421696702087,2
-0.034013819504239554,-0.06527455595007171,2
-0.034013819504239554,-0.058494894933122564,2
-0.034013819504239554,-0.05171523391617341,2
-0.034013819504239554,-0.04493557289922426,2
-0.034013819504239554,-0.03815591188227511,2
-0.034013819504239554,-0.03137625086532595,2
-0.034013819504239554,-0.0245965898483768,2
-0.034013819504239554,-0.017816928831427648,2
-0.034013819504239554,-0.011037267814478495,2
-0.034013819504239554,-0.004257606797529343,2
-0.034013819504239554,0.00252205421941981,2
-0.034013819504239554,0.009301715236368963,2
-0.034013819504239554,0.016081376253318114,1
-0.034013819504239554,0.022861037270267268,1
-0.034013819504239554,0.02964069828721642,1
-0.034013819504239554,0.036420359304165574,1
-0.034013819504239554,0.043200020321114724,1
-0.034013819504239554,0.04997968133806388,1
-0.034013819504239554,0.05675934235501303,1
-0.034013819504239554,0.06353900337196218,1
-0.034013819504239554,0.07031866438891134,1
-0.034013819504239554,0.0770983254058605,1
-0.034013819504239554,0.08387798642280964,1
-0.034013819504239554,0.09065764743975879,1
-0.034013819504239554,0.09743730845670795,1
-0.034013819504239554,0.10421696947365709,1
-0.034013819504239554,0.11099663049060625,1
-0.034013819504239554,0.1177762915075554,1
-0.034013819504239554,0.12455595252450455,1
-0.034013819504239554,0.1313356135414537,1
-0.034013819504239554,0.13811527455840286,1
-0.034013819504239554,0.14489493557535202,1
-0.034013819504239554,0.15167459659230118,1
-0.034013819504239554,0.1584542576092503,1
-0.034013819504239554,0.16523391862619946,1
-0.034013819504239554,0.17201357964314862,1
-0.034013819504239554,0.17879324066009777,1
-0.034013819504239554,0.18557290167704693,1
-0.034013819504239554,0.1923525626939961,1
-0.034013819504239554,0.19913222371094524,1
-0.034013819504239554,0.20591188472789437,1
-0.034013819504239554,0.21269154574484353,1
-0.034013819504239554,0.2194712067617927,1
-0.034013819504239554,0.22625086777874184,1
-0.034013819504239554,0.233030528795691,1
-0.034013819504239554,0.23981018981264016,1
-0.034013819504239554,0.24658985082958929,1
-0.034013819504239554,0.25336951184653844,1
-0.034013819504239554,0.2601491728634876,1
-0.034013819504239554,0.26692883388043676,1
-0.027234158487290397,-0.13307116611956324,2
-0.027234158487290397,-0.12629150510261408,2
-0.027234158487290397,-0.11951184408566494,2
-0.027234158487290397,-0.11273218306871578,2
-0.027234158487290397,-0.10595252205176663,2
-0.027234158487290397,-0.09917286103481748,2
-0.027234158487290397,-0.09239320001786833,2
-0.027234158487290397,-0.08561353900091917,2
-0.027234158487290397,-0.07883387798397001,2
-0.027234158487290397,-0.07205421696702087,2
-0.027234158487290397,-0.06527455595007171,2
-0.027234158487290397,-0.058494894933122564,2
-0.027234158487290397,-0.05171523391617341,2
-0.027234158487290397,-0.04493557289922426,2
-0.027234158487290397,-0.03815591188227511,2
-0.027234158487290397,-0.03137625086532595,2
-0.027234158487290397,-0.0245965898483768,2
-0.027234158487290397,-0.017816928831427648,2
-0.027234158487290397,-0.011037267814478495,2
-0.027234158487290397,-0.004257606797529343,2
-0.027234158487290397,0.00252205421941981,2
-0.027234158487290397,0.009301715236368963,1
-0.027234158487290397,0.016081376253318114,1
-0.027234158487290397,0.022861037270267268,1
-0.027234158487290397,0.02964069828721642,1
-0.027234158487290397,0.036420359304165574,1
-0.027234158487290397,0.043200020321114724,1
-0.027234158487290397,0.04997968133806388,1
-0.027234158487290397,0.05675934235501303,1
-0.027234158487290397,0.06353900337196218,1
-0.027234158487290397,0.07031866438891134,1
-0.027234158487290397,0.0770983254058605,1
-0.027234158487290397,0.08387798642280964,1
-0.027234158487290397,0.09065764743975879,1
-0.027234158487290397,0.09743730845670795,1
-0.027234158487290397,0.10421696947365709,1
-0.027234158487290397,0.11099663049060625,1
-0.027234158487290397,0.1177762915075554,1
-0.027234158487290397,0.12455595252450455,1
-0.027234158487290397,0.1313356135414537,1
-0.027234158487290397,0.13811527455840286,1
-0.027234158487290397,0.14489493557535202,1
-0.027234158487290397,0.15167459659230118,1
-0.027234158487290397,0.1584542576092503,1
-0.027234158487290397,0.16523391862619946,1
-0.027234158487290397,0.17201357964314862,1
-0.027234158487290397,0.17879324066009777,1
-0.027234158487290397,0.18557290167704693,1
-0.027234158487290397,0.1923525626939961,1
-0.027234158487290397,0.19913222371094524,1
-0.027234158487290397,0.20591188472789437,1
-0.027234158487290397,0.21269154574484353,1
-0.027234158487290397,0.2194712067617927,1
-0.027234158487290397,0.22625086777874184,1
-0.027234158487290397,0.233030528795691,1
-0.027234158487290397,0.23981018981264016,1
-0.027234158487290397,0.24658985082958929,1
-0.027234158487290397,0.25336951184653844,1
-0.027234158487290397,0.2601491728634876,1
-0.027234158487290397,0.26692883388043676,1
-0.020454497470341244,-0.13307116611956324,2
-0.020454497470341244,-0.12629150510261408,2
-0.020454497470341244,-0.11951184408566494,2
-0.020454497470341244,-0.11273218306871578,2
-0.020454497470341244,-0.10595252205176663,2
-0.020454497470341244,-0.09917286103481748,2
-0.020454497470341244,-0.09239320001786833,2
-0.020454497470341244,-0.08561353900091917,2
-0.020454497470341244,-0.07883387798397001,2
-0.020454497470341244,-0.07205421696702087,2
-0.020454497470341244,-0.06527455595007171,2
-0.020454497470341244,-0.058494894933122564,2
-0.020454497470341244,-0.05171523391617341,2
-0.020454497470341244,-0.04493557289922426,2
-0.020454497470341244,-0.03815591188227511,2
-0.020454497470341244,-0.03137625086532595,2
-0.020454497470341244,-0.0245965898483768,2
-0.020454497470341244,-0.017816928831427648,2
-0.020454497470341244,-0.011037267814478495,2
-0.020454497470341244,-0.004257606797529343,2
-0.020454497470341244,0.00252205421941981,1
-0.020454497470341244,0.009301715236368963,1
-0.020454497470341244,0.016081376253318114,1
-0.020454497470341244,0.022861037270267268,1
-0.020454497470341244,0.02964069828721642,1
-0.020454497470341244,0.036420359304165574,1
-0.020454497470341244,0.043200020321114724,1
-0.020454497470341244,0.04997968133806388,1
-0.020454497470341244,0.05675934235501303,1
-0.020454497470341244,0.06353900337196218,1
-0.020454497470341244,0.07031866438891134,1
-0.020454497470341244,0.0770983254058605,1
-0.020454497470341244,0.08387798642280964,1
-0.020454497470341244,0.09065764743975879,1
-0.020454497470341244,0.09743730845670795,1
-0.020454497470341244,0.10421696947365709,1
-0.020454497470341244,0.11099663049060625,1
-0.020454497470341244,0.1177762915075554,1
-0.020454497470341244,0.12455595252450455,1
-0.020454497470341244,0.1313356135414537,1
-0.020454497470341244,0.13811527455840286,1
-0.020454497470341244,0.14489493557535202,1
-0.020454497470341244,0.15167459659230118,1
-0.020454497470341244,0.1584542576092503,1
-0.020454497470341244,0.16523391862619946,1
-0.020454497470341244,0.17201357964314862,1
-0.020454497470341244,0.17879324066009777,1
-0.020454497470341244,0.18557290167704693,1
-0.020454497470341244,0.1923525626939961,1
-0.020454497470341244,0.19913222371094524,1
-0.020454497470341244,0.20591188472789437,1
-0.020454497470341244,0.21269154574484353,1
-0.020454497470341244,0.2194712067617927,1
-0.020454497470341244,0.22625086777874184,1
-0.020454497470341244,0.233030528795691,1
-0.020454497470341244,0.23981018981264016,1
-0.020454497470341244,0.24658985082958929,1
-0.020454497470341244,0.25336951184653844,1
-0.020454497470341244,0.2601491728634876,1
-0.020454497470341244,0.26692883388043676,1
-0.013674836453392092,-0.13307116611956324,2
-0.013674836453392092,-0.12629150510261408,2
-0.013674836453392092,-0.11951184408566494,2
-0.013674836453392092,-0.11273218306871578,2
-0.013674836453392092,-0.10595252205176663,2
-0.013674836453392092,-0.09917286103481748,2
-0.013674836453392092,-0.09239320001786833,2
-0.013674836453392092,-0.08561353900091917,2
-0.013674836453392092,-0.07883387798397001,2
-0.013674836453392092,-0.07205421696702087,2
-0.013674836453392092,-0.06527455595007171,2
-0.013674836453392092,-0.058494894933122564,2
-0.013674836453392092,-0.05171523391617341,2
-0.013674836453392092,-0.04493557289922426,2
-0.013674836453392092,-0.03815591188227511,2
-0.013674836453392092,-0.03137625086532595,2
-0.013674836453392092,-0.0245965898483768,2
-0.013674836453392092,-0.017816928831427648,2
-0.013674836453392092,-0.011037267814478495,2
-0.013674836453392092,-0.004257606797529343,1
-0.013674836453392092,0.00252205421941981,1
-0.013674836453392092,0.009301715236368963,1
-0.013674836453392092,0.016081376253318114,1
-0.013674836453392092,0.022861037270267268,1
-0.013674836453392092,0.02964069828721642,1
-0.013674836453392092,0.036420359304165574,1
-0.013674836453392092,0.043200020321114724,1
-0.013674836453392092,0.04997968133806388,1
-0.013674836453392092,0.05675934235501303,1
-0.013674836453392092,0.06353900337196218,1
-0.013674836453392092,0.07031866438891134,1
-0.013674836453392092,0.0770983254058605,1
-0.013674836453392092,0.08387798642280964,1
-0.013674836453392092,0.09065764743975879,1
-0.013674836453392092,0.09743730845670795,1
-0.013674836453392092,0.10421696947365709,1
-0.013674836453392092,0.11099663049060625,1
-0.013674836453392092,0.1177762915075554,1
-0.013674836453392092,0.12455595252450455,1
-0.013674836453392092,0.1313356135414537,1
-0.013674836453392092,0.13811527455840286,1
-0.013674836453392092,0.14489493557535202,1
-0.013674836453392092,0.15167459659230118,1
-0.013674836453392092,0.1584542576092503,1
-0.013674836453392092,0.16523391862619946,1
-0.013674836453392092,0.17201357964314862,1
-0.013674836453392092,0.17879324066009777,1
-0.013674836453392092,0.18557290167704693,1
-0.013674836453392092,0.1923525626939961,1
-0.013674836453392092,0.19913222371094524,1
-0.013674836453392092,0.20591188472789437,1
-0.013674836453392092,0.21269154574484353,1
-0.013674836453392092,0.2194712067617927,1
-0.013674836453392092,0.22625086777874184,1
-0.013674836453392092,0.233030528795691,1
-0.013674836453392092,0.23981018981264016,1
-0.013674836453392092,0.24658985082958929,1
-0.013674836453392092,0.25336951184653844,1
-0.013674836453392092,0.2601491728634876,1
-0.013674836453392092,0.26692883388043676,1
-0.006895175436442939,-0.13307116611956324,2
-0.006895175436442939,-0.12629150510261408,2
-0.006895175436442939,-0.11951184408566494,2
-0.006895175436442939,-0.11273218306871578,2
-0.006895175436442939,-0.10595252205176663,2
-0.006895175436442939,-0.09917286103481748,2
-0.006895175436442939,-0.09239320001786833,2
-0.006895175436442939,-0.08561353900091917,2
-0.006895175436442939,-0.07883387798397001,2
-0.006895175436442939,-0.07205421696702087,2
-0.006895175436442939,-0.06527455595007171,2
-0.006895175436442939,-0.058494894933122564,2
-0.006895175436442939,-0.05171523391617341,2
-0.006895175436442939,-0.04493557289922426,2
-0.006895175436442939,-0.03815591188227511,2
-0.006895175436442939,-0.03137625086532595,2
-0.006895175436442939,-0.0245965898483768,2
-0.006895175436442939,-0.017816928831427648,2
-0.006895175436442939,-0.011037267814478495,2
-0.006895175436442939,-0.004257606797529343,1
-0.006895175436442939,0.00252205421941981,1
-0.006895175436442939,0.009301715236368963,1
-0.006895175436442939,0.016081376253318114,1
-0.006895175436442939,0.022861037270267268,1
-0.006895175436442939,0.02964069828721642,1
-0.006895175436442939,0.036420359304165574,1
-0.006895175436442939,0.043200020321114724,1
-0.006895175436442939,0.04997968133806388,1
-0.006895175436442939,0.05675934235501303,1
-0.006895175436442939,0.06353900337196218,1
-0.006895175436442939,0.07031866438891134,1
-0.006895175436442939,0.0770983254058605,1
-0.006895175436442939,0.08387798642280964,1
-0.006895175436442939,0.09065764743975879,1
-0.006895175436442939,0.09743730845670795,1
-0.006895175436442939,0.10421696947365709,1
-0.006895175436442939,0.11099663049060625,1
-0.006895175436442939,0.1177762915075554,1
-0.006895175436442939,0.12455595252450455,1
-0.006895175436442939,0.1313356135414537,1
-0.006895175436442939,0.13811527455840286,1
-0.006895175436442939,0.14489493557535202,1
-0.006895175436442939,0.15167459659230118,1
-0.006895175436442939,0.1584542576092503,1
-0.006895175436442939,0.16523391862619946,1
-0.006895175436442939,0.17201357964314862,1
-0.006895175436442939,0.17879324066009777,1
-0.006895175436442939,0.18557290167704693,1
-0.006895175436442939,0.1923525626939961,1
-0.006895175436442939,0.19913222371094524,1
-0.006895175436442939,0.20591188472789437,1
-0.006895175436442939,0.21269154574484353,1
-0.006895175436442939,0.2194712067617927,1
-0.006895175436442939,0.22625086777874184,1
-0.006895175436442939,0.233030528795691,1
-0.006895175436442939,0.23981018981264016,1
-0.006895175436442939,0.24658985082958929,1
-0.006895175436442939,0.25336951184653844,1
-0.006895175436442939,0.2601491728634876,1
-0.006895175436442939,0.26692883388043676,1
-0.00011551441949378593,-0.13307116611956324,2
-0.00011551441949378593,-0.12629150510261408,2
-0.00011551441949378593,-0.11951184408566494,2
-0.00011551441949378593,-0.11273218306871578,2
-0.00011551441949378593,-0.10595252205176663,2
-0.00011551441949378593,-0.09917286103481748,2
-0.00011551441949378593,-0.09239320001786833,2
-0.00011551441949378593,-0.08561353900091917,2
-0.00011551441949378593,-0.07883387798397001,2
-0.00011551441949378593,-0.07205421696702087,2
-0.00011551441949378593,-0.06527455595007171,2
-0.00011551441949378593,-0.058494894933122564,2
-0.00011551441949378593,-0.05171523391617341,2
-0.00011551441949378593,-0.04493557289922426,2
-0.00011551441949378593,-0.03815591188227511,2
-0.00011551441949378593,-0.03137625086532595,2
-0.00011551441949378593,-0.0245965898483768,2
-0.00011551441949378593,-0.017816928831427648,2
-0.00011551441949378593,-0.011037267814478495,1
-0.00011551441949378593,-0.004257606797529343,1
-0.00011551441949378593,0.00252205421941981,1
-0.00011551441949378593,0.009301715236368963,1
-0.00011551441949378593,0.016081376253318114,1
-0.00011551441949378593,0.022861037270267268,1
-0.00011551441949378593,0.02964069828721642,1
-0.00011551441949378593,0.036420359304165574,1
-0.00011551441949378593,0.043200020321114724,1
-0.00011551441949378593,0.04997968133806388,1
-0.00011551441949378593,0.05675934235501303,1
-0.00011551441949378593,0.06353900337196218,1
-0.00011551441949378593,0.07031866438891134,1
-0.00011551441949378593,0.0770983254058605,1
-0.00011551441949378593,0.08387798642280964,1
-0.00011551441949378593,0.09065764743975879,1
-0.00011551441949378593,0.09743730845670795,1
-0.00011551441949378593,0.10421696947365709,1
-0.00011551441949378593,0.11099663049060625,1
-0.00011551441949378593,0.1177762915075554,1
-0.00011551441949378593,0.12455595252450455,1
-0.00011551441949378593,0.1313356135414537,1
-0.00011551441949378593,0.13811527455840286,1
-0.00011551441949378593,0.14489493557535202,1
-0.00011551441949378593,0.15167459659230118,1
-0.00011551441949378593,0.1584542576092503,1
-0.00011551441949378593,0.16523391862619946,1
-0.00011551441949378593,0.17201357964314862,1
-0.00011551441949378593,0.17879324066009777,1
-0.00011551441949378593,0.18557290167704693,1
-0.00011551441949378593,0.1923525626939961,1
-0.00011551441949378593,0.19913222371094524,1
-0.00011551441949378593,0.20591188472789437,1
-0.00011551441949378593,0.21269154574484353,1
-0.00011551441949378593,0.2194712067617927,1
-0.00011551441949378593,0.22625086777874184,1
-0.00011551441949378593,0.233030528795691,1
-0.00011551441949378593,0.23981018981264016,1
-0.00011551441949378593,0.24658985082958929,1
-0.00011551441949378593,0.25336951184653844,1
-0.00011551441949378593,0.2601491728634876,1
-0.00011551441949378593,0.26692883388043676,1
0.0066641465974553666,-0.13307116611956324,2
0.0066641465974553666,-0.12629150510261408,2
0.0066641465974553666,-0.11951184408566494,2
0.0066641465974553666,-0.11273218306871578,2
0.0066641465974553666,-0.10595252205176663,2
0.0066641465974553666,-0.09917286103481748,2
0.0066641465974553666,-0.09239320001786833,2
0.0066641465974553666,-0.08561353900091917,2
0.0066641465974553666,-0.07883387798397001,2
0.0066641465974553666,-0.07205421696702087,2
0.0066641465974553666,-0.06527455595007171,2
0.0066641465974553666,-0.058494894933122564,2
0.0066641465974553666,-0.05171523391617341,2
0.0066641465974553666,-0.04493557289922426,2
0.0066641465974553666,-0.03815591188227511,2
0.0066641465974553666,-0.03137625086532595,2
0.0066641465974553666,-0.0245965898483768,2
0.0066641465974553666,-0.017816928831427648,1
0.0066641465974553666,-0.011037267814478495,1
0.0066641465974553666,-0.004257606797529343,1
0.0066641465974553666,0.00252205421941981,1
0.0066641465974553666,0.009301715236368963,1
0.0066641465974553666,0.016081376253318114,1
0.0066641465974553666,0.022861037270267268,1
0.0066641465974553666,0.02964069828721642,1
0.0066641465974553666,0.036420359304165574,1
0.0066641465974553666,0.043200020321114724,1
0.0066641465974553666,0.04997968133806388,1
0.0066641465974553666,0.05675934235501303,1
0.0066641465974553666,0.06353900337196218,1
0.0066641465974553666,0.07031866438891134,1
0.0066641465974553666,0.0770983254058605,1
0.0066641465974553666,0.08387798642280964,1
0.0066641465974553666,0.09065764743975879,1
0.0066641465974553666,0.09743730845670795,1
0.0066641465974553666,0.10421696947365709,1
0.0066641465974553666,0.11099663049060625,1
0.0066641465974553666,0.1177762915075554,1
0.0066641465974553666,0.12455595252450455,1
0.0066641465974553666,0.1313356135414537,1
0.0066641465974553666,0.13811527455840286,1
0.0066641465974553666,0.14489493557535202,1
0.0066641465974553666,0.15167459659230118,1
0.0066641465974553666,0.1584542576092503,1
0.0066641465974553666,0.16523391862619946,1
0.0066641465974553666,0.17201357964314862,1
0.0066641465974553666,0.17879324066009777,1
0.0066641465974553666,0.18557290167704693,1
0.0066641465974553666,0.1923525626939961,1
0.0066641465974553666,0.19913222371094524,1
0.0066641465974553666,0.20591188472789437,1
0.0066641465974553666,0.21269154574484353,1
0.0066641465974553666,0.2194712067617927,1
0.0066641465974553666,0.22625086777874184,1
0.0066641465974553666,0.233030528795691,1
0.0066641465974553666,0.23981018981264016,1
0.0066641465974553666,0.24658985082958929,1
0.0066641465974553666,0.25336951184653844,1
0.0066641465974553666,0.2601491728634876,1
0.0066641465974553666,0.26692883388043676,1
0.01344380761440452,-0.13307116611956324,2
0.01344380761440452,-0.12629150510261408,2
0.01344380761440452,-0.11951184408566494,2
0.01344380761440452,-0.11273218306871578,2
0.01344380761440452,-0.10595252205176663,2
0.01344380761440452,-0.09917286103481748,2
0.01344380761440452,-0.09239320001786833,2
0.01344380761440452,-0.08561353900091917,2
0.01344380761440452,-0.07883387798397001,2
0.01344380761440452,-0.07205421696702087,2
0.01344380761440452,-0.06527455595007171,2
0.01344380761440452,-0.058494894933122564,2
0.01344380761440452,-0.05171523391617341,2
0.01344380761440452,-0.04493557289922426,2
0.01344380761440452,-0.03815591188227511,2
0.01344380761440452,-0.03137625086532595,2
0.01344380761440452,-0.0245965898483768,2
0.01344380761440452,-0.017816928831427648,1
0.01344380761440452,-0.011037267814478495,1
0.01344380761440452,-0.004257606797529343,1
0.01344380761440452,0.00252205421941981,1
0.01344380761440452,0.009301715236368963,1
0.01344380761440452,0.016081376253318114,1
0.01344380761440452,0.022861037270267268,1
0.01344380761440452,0.02964069828721642,1
0.01344380761440452,0.036420359304165574,1
0.01344380761440452,0.043200020321114724,1
0.01344380761440452,0.04997968133806388,1
0.01344380761440452,0.05675934235501303,1
0.01344380761440452,0.06353900337196218,1
0.01344380761440452,0.07031866438891134,1
0.01344380761440452,0.0770983254058605,1
0.01344380761440452,0.08387798642280964,1
0.01344380761440452,0.09065764743975879,1
0.01344380761440452,0.09743730845670795,1
0.01344380761440452,0.10421696947365709,1
0.01344380761440452,0.11099663049060625,1
0.01344380761440452,0.1177762915075554,1
0.01344380761440452,0.12455595252450455,1
0.01344380761440452,0.1313356135414537,1
0.01344380761440452,0.13811527455840286,1
0.01344380761440452,0.14489493557535202,1
0.01344380761440452,0.15167459659230118,1
0.01344380761440452,0.1584542576092503,1
0.01344380761440452,0.16523391862619946,1
0.01344380761440452,0.17201357964314862,1
0.01344380761440452,0.17879324066009777,1
0.01344380761440452,0.18557290167704693,1
0.01344380761440452,0.1923525626939961,1
0.01344380761440452,0.19913222371094524,1
0.01344380761440452,0.20591188472789437,1
0.01344380761440452,0.21269154574484353,1
0.01344380761440452,0.2194712067617927,1
0.01344380761440452,0.22625086777874184,1
0.01344380761440452,0.233030528795691,1
0.01344380761440452,0.23981018981264016,1
0.01344380761440452,0.24658985082958929,1
0.01344380761440452,0.25336951184653844,1
0.01344380761440452,0.2601491728634876,1
0.01344380761440452,0.26692883388043676,1
0.020223468631353672,-0.13307116611956324,2
0.020223468631353672,-0.12629150510261408,2
0.020223468631353672,-0.11951184408566494,2
0.020223468631353672,-0.11273218306871578,2
0.020223468631353672,-0.10595252205176663,2
0.020223468631353672,-0.09917286103481748,2
0.020223468631353672,-0.09239320001786833,2
0.020223468631353672,-0.08561353900091917,2
0.020223468631353672,-0.07883387798397001,2
0.020223468631353672,-0.07205421696702087,2
0.020223468631353672,-0.06527455595007171,2
0.020223468631353672,-0.058494894933122564,2
0.020223468631353672,-0.05171523391617341,2
0.020223468631353672,-0.04493557289922426,2
0.020223468631353672,-0.03815591188227511,2
0.020223468631353672,-0.03137625086532595,2
0.020223468631353672,-0.0245965898483768,1
0.020223468631353672,-0.017816928831427648,1
0.020223468631353672,-0.011037267814478495,1
0.020223468631353672,-0.004257606797529343,1
0.020223468631353672,0.00252205421941981,1
0.020223468631353672,0.009301715236368963,1
0.020223468631353672,0.016081376253318114,1
0.020223468631353672,0.022861037270267268,1
0.020223468631353672,0.02964069828721642,1
0.020223468631353672,0.036420359304165574,1
0.020223468631353672,0.043200020321114724,1
0.020223468631353672,0.04997968133806388,1
0.020223468631353672,0.05675934235501303,1
0.020223468631353672,0.06353900337196218,1
0.020223468631353672,0.07031866438891134,1
0.020223468631353672,0.0770983254058605,1
0.020223468631353672,0.08387798642280964,1
0.020223468631353672,0.09065764743975879,1
0.020223468631353672,0.09743730845670795,1
0.020223468631353672,0.10421696947365709,1
0.020223468631353672,0.11099663049060625,1
0.020223468631353672,0.1177762915075554,1
0.020223468631353672,0.12455595252450455,1
0.020223468631353672,0.1313356135414537,1
0.020223468631353672,0.13811527455840286,1
0.020223468631353672,0.14489493557535202,1
0.020223468631353672,0.15167459659230118,1
0.020223468631353672,0.1584542576092503,1
0.020223468631353672,0.16523391862619946,1
0.020223468631353672,0.17201357964314862,1
0.020223468631353672,0.17879324066009777,1
0.020223468631353672,0.18557290167704693,1
0.020223468631353672,0.1923525626939961,1
0.020223468631353672,0.19913222371094524,1
0.020223468631353672,0.20591188472789437,1
0.020223468631353672,0.21269154574484353,1
0.020223468631353672,0.2194712067617927,1
0.020223468631353672,0.22625086777874184,1
0.020223468631353672,0.233030528795691,1
0.020223468631353672,0.23981018981264016,1
0.020223468631353672,0.24658985082958929,1
0.020223468631353672,0.25336951184653844,1
0.020223468631353672,0.2601491728634876,1
0.020223468631353672,0.26692883388043676,1
0.027003129648302825,-0.13307116611956324,2
0.027003129648302825,-0.12629150510261408,2
0.027003129648302825,-0.11951184408566494,2
0.027003129648302825,-0.11273218306871578,2
0.027003129648302825,-0.10595252205176663,2
0.027003129648302825,-0.09917286103481748,2
0.027003129648302825,-0.09239320001786833,2
0.027003129648302825,-0.08561353900091917,2
0.027003129648302825,-0.07883387798397001,2
0.027003129648302825,-0.07205421696702087,2
0.027003129648302825,-0.06527455595007171,2
0.027003129648302825,-0.058494894933122564,2
0.027003129648302825,-0.05171523391617341,2
0.027003129648302825,-0.04493557289922426,2
0.027003129648302825,-0.03815591188227511,2
0.027003129648302825,-0.03137625086532595,2
0.027003129648302825,-0.0245965898483768,1
0.027003129648302825,-0.017816928831427648,1
0.027003129648302825,-0.011037267814478495,1
0.027003129648302825,-0.004257606797529343,1
0.027003129648302825,0.00252205421941981,1
0.027003129648302825,0.009301715236368963,1
0.027003129648302825,0.016081376253318114,1
0.027003129648302825,0.022861037270267268,1
0.027003129648302825,0.02964069828721642,1
0.027003129648302825,0.036420359304165574,1
0.027003129648302825,0.043200020321114724,1
0.027003129648302825,0.04997968133806388,1
0.027003129648302825,0.05675934235501303,1
0.027003129648302825,0.06353900337196218,1
0.027003129648302825,0.07031866438891134,1
0.027003129648302825,0.0770983254058605,1
0.027003129648302825,0.08387798642280964,1
0.027003129648302825,0.09065764743975879,1
0.027003129648302825,0.09743730845670795,1
0.027003129648302825,0.10421696947365709,1
0.027003129648302825,0.11099663049060625,1
0.027003129648302825,0.1177762915075554,1
0.027003129648302825,0.12455595252450455,1
0.027003129648302825,0.1313356135414537,1
0.027003129648302825,0.13811527455840286,1
0.027003129648302825,0.14489493557535202,1
0.027003129648302825,0.15167459659230118,1
0.027003129648302825,0.1584542576092503,1
0.027003129648302825,0.16523391862619946,1
0.027003129648302825,0.17201357964314862,1
0.027003129648302825,0.17879324066009777,1
0.027003129648302825,0.18557290167704693,1
0.027003129648302825,0.1923525626939961,1
0.027003129648302825,0.19913222371094524,1
0.027003129648302825,0.20591188472789437,1
0.027003129648302825,0.21269154574484353,1
0.027003129648302825,0.2194712067617927,1
0.027003129648302825,0.22625086777874184,1
0.027003129648302825,0.233030528795691,1
0.027003129648302825,0.23981018981264016,1
0.027003129648302825,0.24658985082958929,1
0.027003129648302825,0.25336951184653844,1
0.027003129648302825,0.2601491728634876,1
0.027003129648302825,0.26692883388043676,1
0.03378279066525198,-0.13307116611956324,2
0.03378279066525198,-0.12629150510261408,2
0.03378279066525198,-0.11951184408566494,2
0.03378279066525198,-0.11273218306871578,2
0.03378279066525198,-0.10595252205176663,2
0.03378279066525198,-0.09917286103481748,2
0.03378279066525198,-0.09239320001786833,2
0.03378279066525198,-0.08561353900091917,2
0.03378279066525198,-0.07883387798397001,2
0.03378279066525198,-0.07205421696702087,2
0.03378279066525198,-0.06527455595007171,2
0.03378279066525198,-0.058494894933122564,2
0.03378279066525198,-0.05171523391617341,2
0.03378279066525198,-0.04493557289922426,2
0.03378279066525198,-0.03815591188227511,2
0.03378279066525198,-0.03137625086532595,1
0.03378279066525198,-0.0245965898483768,1
0.03378279066525198,-0.017816928831427648,1
0.03378279066525198,-0.011037267814478495,1
0.03378279066525198,-0.004257606797529343,1
0.03378279066525198,0.00252205421941981,1
0.03378279066525198,0.009301715236368963,1
0.03378279066525198,0.016081376253318114,1
0.03378279066525198,0.022861037270267268,1
0.03378279066525198,0.02964069828721642,1
0.03378279066525198,0.036420359304165574,1
0.03378279066525198,0.043200020321114724,1
0.03378279066525198,0.04997968133806388,1
0.03378279066525198,0.05675934235501303,1
0.03378279066525198,0.06353900337196218,1
0.03378279066525198,0.07031866438891134,1
0.03378279066525198,0.0770983254058605,1
0.03378279066525198,0.08387798642280964,1
0.03378279066525198,0.09065764743975879,1
0.03378279066525198,0.09743730845670795,1
0.03378279066525198,0.10421696947365709,1
0.03378279066525198,0.11099663049060625,1
0.03378279066525198,0.1177762915075554,1
0.03378279066525198,0.12455595252450455,1
0.03378279066525198,0.1313356135414537,1
0.03378279066525198,0.13811527455840286,1
0.03378279066525198,0.14489493557535202,1
0.03378279066525198,0.15167459659230118,1
0.03378279066525198,0.1584542576092503,1
0.03378279066525198,0.16523391862619946,1
0.03378279066525198,0.17201357964314862,1
0.03378279066525198,0.17879324066009777,1
0.03378279066525198,0.18557290167704693,1
0.03378279066525198,0.1923525626939961,1
0.03378279066525198,0.19913222371094524,1
0.03378279066525198,0.20591188472789437,1
0.03378279066525198,0.21269154574484353,1
0.03378279066525198,0.2194712067617927,1
0.03378279066525198,0.22625086777874184,1
0.03378279066525198,0.233030528795691,1
0.03378279066525198,0.23981018981264016,1
0.03378279066525198,0.24658985082958929,1
0.03378279066525198,0.25336951184653844,1
0.03378279066525198,0.2601491728634876,1
0.03378279066525198,0.26692883388043676,1
0.04056245168220113,-0.13307116611956324,2
0.04056245168220113,-0.12629150510261408,2
0.04056245168220113,-0.11951184408566494,2
0.04056245168220113,-0.11273218306871578,2
0.04056245168220113,-0.10595252205176663,2
0.04056245168220113,-0.09917286103481748,2
0.04056245168220113,-0.09239320001786833,2
0.04056245168220113,-0.08561353900091917,2
0.04056245168220113,-0.07883387798397001,2
0.04056245168220113,-0.07205421696702087,2
0.04056245168220113,-0.06527455595007171,2
0.04056245168220113,-0.058494894933122564,2
0.04056245168220113,-0.05171523391617341,2
0.04056245168220113,-0.04493557289922426,2
0.04056245168220113,-0.03815591188227511,2
0.04056245168220113,-0.03137625086532595,1
0.04056245168220113,-0.0245965898483768,1
0.04056245168220113,-0.017816928831427648,1
0.04056245168220113,-0.011037267814478495,1
0.04056245168220113,-0.004257606797529343,1
0.04056245168220113,0.00252205421941981,1
0.04056245168220113,0.009301715236368963,1
0.04056245168220113,0.016081376253318114,1
0.04056245168220113,0.022861037270267268,1
0.04056245168220113,0.02964069828721642,1
0.04056245168220113,0.036420359304165574,1
0.04056245168220113,0.043200020321114724,1
0.04056245168220113,0.04997968133806388,1
0.04056245168220113,0.05675934235501303,1
0.04056245168220113,0.06353900337196218,1
0.04056245168220113,0.07031866438891134,1
0.04056245168220113,0.0770983254058605,1
0.04056245168220113,0.08387798642280964,1
0.04056245168220113,0.09065764743975879,1
0.04056245168220113,0.09743730845670795,1
0.04056245168220113,0.10421696947365709,1
0.04056245168220113,0.11099663049060625,1
0.04056245168220113,0.1177762915075554,1
0.04056245168220113,0.12455595252450455,1
0.04056245168220113,0.1313356135414537,1
0.04056245168220113,0.13811527455840286,1
0.04056245168220113,0.14489493557535202,1
0.04056245168220113,0.15167459659230118,1
0.04056245168220113,0.1584542576092503,1
0.04056245168220113,0.16523391862619946,1
0.04056245168220113,0.17201357964314862,1
0.04056245168220113,0.17879324066009777,1
0.04056245168220113,0.18557290167704693,1
0.04056245168220113,0.1923525626939961,1
0.04056245168220113,0.19913222371094524,1
0.04056245168220113,0.20591188472789437,1
0.04056245168220113,0.21269154574484353,1
0.04056245168220113,0.2194712067617927,1
0.04056245168220113,0.22625086777874184,1
0.04056245168220113,0.233030528795691,1
0.04056245168220113,0.23981018981264016,1
0.04056245168220113,0.24658985082958929,1
0.04056245168220113,0.25336951184653844,1
0.04056245168220113,0.2601491728634876,1
0.04056245168220113,0.26692883388043676,1
0.047342112699150285,-0.13307116611956324,2
0.047342112699150285,-0.12629150510261408,2
0.047342112699150285,-0.11951184408566494,2
0.047342112699150285,-0.11273218306871578,2
0.047342112699150285,-0.10595252205176663,2
0.047342112699150285,-0.09917286103481748,2
0.047342112699150285,-0.09239320001786833,2
0.047342112699150285,-0.08561353900091917,2
0.047342112699150285,-0.07883387798397001,2
0.047342112699150285,-0.07205421696702087,2
0.047342112699150285,-0.06527455595007171,2
0.047342112699150285,-0.058494894933122564,2
0.047342112699150285,-0.05171523391617341,2
0.047342112699150285,-0.04493557289922426,2
0.047342112699150285,-0.03815591188227511,2
0.047342112699150285,-0.03137625086532595,1
0.047342112699150285,-0.0245965898483768,1
0.047342112699150285,-0.017816928831427648,1
0.047342112699150285,-0.011037267814478495,1
0.047342112699150285,-0.004257606797529343,1
0.047342112699150285,0.00252205421941981,1
0.047342112699150285,0.009301715236368963,1
0.047342112699150285,0.016081376253318114,1
0.047342112699150285,0.022861037270267268,1
0.047342112699150285,0.02964069828721642,1
0.047342112699150285,0.036420359304165574,1
0.047342112699150285,0.043200020321114724,1
0.047342112699150285,0.04997968133806388,1
0.047342112699150285,0.05675934235501303,1
0.047342112699150285,0.06353900337196218,1
0.047342112699150285,0.07031866438891134,1
0.047342112699150285,0.0770983254058605,1
0.047342112699150285,0.08387798642280964,1
0.047342112699150285,0.09065764743975879,1
0.047342112699150285,0.09743730845670795,1
0.047342112699150285,0.10421696947365709,1
0.047342112699150285,0.11099663049060625,1
0.047342112699150285,0.1177762915075554,1
0.047342112699150285,0.12455595252450455,1
0.047342112699150285,0.1313356135414537,1
0.047342112699150285,0.13811527455840286,1
0.047342112699150285,0.14489493557535202,1
0.047342112699150285,0.15167459659230118,1
0.047342112699150285,0.1584542576092503,1
0.047342112699150285,0.16523391862619946,1
0.047342112699150285,0.17201357964314862,1
0.047342112699150285,0.17879324066009777,1
0.047342112699150285,0.18557290167704693,1
0.047342112699150285,0.1923525626939961,1
0.047342112699150285,0.19913222371094524,1
0.047342112699150285,0.20591188472789437,1
0.047342112699150285,0.21269154574484353,1
0.047342112699150285,0.2194712067617927,1
0.047342112699150285,0.22625086777874184,1
0.047342112699150285,0.233030528795691,1
0.047342112699150285,0.23981018981264016,1
0.047342112699150285,0.24658985082958929,1
0.047342112699150285,0.25336951184653844,1
0.047342112699150285,0.2601491728634876,1
0.047342112699150285,0.26692883388043676,1
0.054121773716099435,-0.13307116611956324,2
0.054121773716099435,-0.12629150510261408,2
0.054121773716099435,-0.11951184408566494,2
0.054121773716099435,-0.11273218306871578,2
0.054121773716099435,-0.10595252205176663,2
0.054121773716099435,-0.09917286103481748,2
0.054121773716099435,-0.09239320001786833,2
0.054121773716099435,-0.08561353900091917,2
0.054121773716099435,-0.07883387798397001,2
0.054121773716099435,-0.07205421696702087,2
0.054121773716099435,-0.06527455595007171,2
0.054121773716099435,-0.058494894933122564,2
0.054121773716099435,-0.05171523391617341,2
0.054121773716099435,-0.04493557289922426,2
0.054121773716099435,-0.03815591188227511,1
0.054121773716099435,-0.03137625086532595,1
0.054121773716099435,-0.0245965898483768,1
0.054121773716099435,-0.017816928831427648,1
0.054121773716099435,-0.011037267814478495,1
0.054121773716099435,-0.004257606797529343,1
0.054121773716099435,0.00252205421941981,1
0.054121773716099435,0.009301715236368963,1
0.054121773716099435,0.016081376253318114,1
0.054121773716099435,0.022861037270267268,1
0.054121773716099435,0.02964069828721642,1
0.054121773716099435,0.036420359304165574,1
0.054121773716099435,0.043200020321114724,1
0.054121773716099435,0.04997968133806388,1
0.054121773716099435,0.05675934235501303,1
0.054121773716099435,0.06353900337196218,1
0.054121773716099435,0.07031866438891134,1
0.054121773716099435,0.0770983254058605,1
0.054121773716099435,0.08387798642280964,1
0.054121773716099435,0.09065764743975879,1
0.054121773716099435,0.09743730845670795,1
0.054121773716099435,0.10421696947365709,1
0.054121773716099435,0.11099663049060625,1
0.054121773716099435,0.1177762915075554,1
0.054121773716099435,0.12455595252450455,1
0.054121773716099435,0.1313356135414537,1
0.054121773716099435,0.13811527455840286,1
0.054121773716099435,0.14489493557535202,1
0.054121773716099435,0.15167459659230118,1
0.054121773716099435,0.1584542576092503,1
0.054121773716099435,0.16523391862619946,1
0.054121773716099435,0.17201357964314862,1
0.054121773716099435,0.17879324066009777,1
0.054121773716099435,0.18557290167704693,1
0.054121773716099435,0.1923525626939961,1
0.054121773716099435,0.19913222371094524,1
0.054121773716099435,0.20591188472789437,1
0.054121773716099435,0.21269154574484353,1
0.054121773716099435,0.2194712067617927,1
0.054121773716099435,0.22625086777874184,1
0.054121773716099435,0.233030528795691,1
0.054121773716099435,0.23981018981264016,1
0.054121773716099435,0.24658985082958929,1
0.054121773716099435,0.25336951184653844,1
0.054121773716099435,0.2601491728634876,1
0.054121773716099435,0.26692883388043676,1
0.06090143473304859,-0.13307116611956324,2
0.06090143473304859,-0.12629150510261408,2
0.06090143473304859,-0.11951184408566494,2
0.06090143473304859,-0.11273218306871578,2
0.06090143473304859,-0.10595252205176663,2
0.06090143473304859,-0.09917286103481748,2
0.06090143473304859,-0.09239320001786833,2
0.06090143473304859,-0.08561353900091917,2
0.06090143473304859,-0.07883387798397001,2
0.06090143473304859,-0.07205421696702087,2
0.06090143473304859,-0.06527455595007171,2
0.06090143473304859,-0.058494894933122564,2
0.06090143473304859,-0.05171523391617341,2
0.06090143473304859,-0.04493557289922426,2
0.06090143473304859,-0.03815591188227511,1
0.06090143473304859,-0.03137625086532595,1
0.06090143473304859,-0.0245965898483768,1
0.06090143473304859,-0.017816928831427648,1
0.06090143473304859,-0.011037267814478495,1
0.06090143473304859,-0.004257606797529343,1
0.06090143473304859,0.00252205421941981,1
0.06090143473304859,0.009301715236368963,1
0.06090143473304859,0.016081376253318114,1
0.06090143473304859,0.022861037270267268,1
0.06090143473304859,0.02964069828721642,1
0.06090143473304859,0.036420359304165574,1
0.06090143473304859,0.043200020321114724,1
0.06090143473304859,0.04997968133806388,1
0.06090143473304859,0.05675934235501303,1
0.06090143473304859,0.06353900337196218,1
0.06090143473304859,0.07031866438891134,1
0.06090143473304859,0.0770983254058605,1
0.06090143473304859,0.08387798642280964,1
0.06090143473304859,0.09065764743975879,1
0.06090143473304859,0.09743730845670795,1
0.06090143473304859,0.10421696947365709,1
0.06090143473304859,0.11099663049060625,1
0.06090143473304859,0.1177762915075554,1
0.06090143473304859,0.12455595252450455,1
0.06090143473304859,0.1313356135414537,1
0.06090143473304859,0.13811527455840286,1
0.06090143473304859,0.14489493557535202,1
0.06090143473304859,0.15167459659230118,1
0.06090143473304859,0.1584542576092503,1
0.06090143473304859,0.16523391862619946,1
0.06090143473304859,0.17201357964314862,1
0.06090143473304859,0.17879324066009777,1
0.06090143473304859,0.18557290167704693,1
0.06090143473304859,0.1923525626939961,1
0.06090143473304859,0.19913222371094524,1
0.06090143473304859,0.20591188472789437,1
0.06090143473304859,0.21269154574484353,1
0.06090143473304859,0.2194712067617927,1
0.06090143473304859,0.22625086777874184,1
0.06090143473304859,0.233030528795691,1
0.06090143473304859,0.23981018981264016,1
0.06090143473304859,0.24658985082958929,1
0.06090143473304859,0.25336951184653844,1
0.06090143473304859,0.2601491728634876,1
0.06090143473304859,0.26692883388043676,1
0.06768109574999774,-0.13307116611956324,2
0.06768109574999774,-0.12629150510261408,2
0.06768109574999774,-0.11951184408566494,2
0.06768109574999774,-0.11273218306871578,2
0.06768109574999774,-0.10595252205176663,2
0.06768109574999774,-0.09917286103481748,2
0.06768109574999774,-0.09239320001786833,2
0.06768109574999774,-0.08561353900091917,2
0.06768109574999774,-0.07883387798397001,2
0.06768109574999774,-0.07205421696702087,2
0.06768109574999774,-0.06527455595007171,2
0.06768109574999774,-0.058494894933122564,2
0.06768109574999774,-0.05171523391617341,2
0.06768109574999774,-0.04493557289922426,2
0.06768109574999774,-0.03815591188227511,1
0.06768109574999774,-0.03137625086532595,1
0.06768109574999774,-0.0245965898483768,1
0.06768109574999774,-0.017816928831427648,1
0.06768109574999774,-0.011037267814478495,1
0.06768109574999774,-0.004257606797529343,1
0.06768109574999774,0.00252205421941981,1
0.06768109574999774,0.009301715236368963,1
0.06768109574999774,0.016081376253318114,1
0.06768109574999774,0.022861037270267268,1
0.06768109574999774,0.02964069828721642,1
0.06768109574999774,0.036420359304165574,1
0.06768109574999774,0.043200020321114724,1
0.06768109574999774,0.04997968133806388,1
0.06768109574999774,0.05675934235501303,1
0.06768109574999774,0.06353900337196218,1
0.06768109574999774,0.07031866438891134,1
0.06768109574999774,0.0770983254058605,1
0.06768109574999774,0.08387798642280964,1
0.06768109574999774,0.09065764743975879,1
0.06768109574999774,0.09743730845670795,1
0.06768109574999774,0.10421696947365709,1
0.06768109574999774,0.11099663049060625,1
0.06768109574999774,0.1177762915075554,1
0.06768109574999774,0.12455595252450455,1
0.06768109574999774,0.1313356135414537,1
0.06768109574999774,0.13811527455840286,1
0.06768109574999774,0.14489493557535202,1
0.06768109574999774,0.15167459659230118,1
0.06768109574999774,0.1584542576092503,1
0.06768109574999774,0.16523391862619946,1
0.06768109574999774,0.17201357964314862,1
0.06768109574999774,0.17879324066009777,1
0.06768109574999774,0.18557290167704693,1
0.06768109574999774,0.1923525626939961,1
0.06768109574999774,0.19913222371094524,1
0.06768109574999774,0.20591188472789437,1
0.06768109574999774,0.21269154574484353,1
0.06768109574999774,0.2194712067617927,1
0.06768109574999774,0.22625086777874184,1
0.06768109574999774,0.233030528795691,1
0.06768109574999774,0.23981018981264016,1
0.06768109574999774,0.24658985082958929,1
0.06768109574999774,0.25336951184653844,1
0.06768109574999774,0.2601491728634876,1
0.06768109574999774,0.26692883388043676,1
0.0744607567669469,-0.13307116611956324,2
0.0744607567669469,-0.12629150510261408,2
0.0744607567669469,-0.11951184408566494,2
0.0744607567669469,-0.11273218306871578,2
0.0744607567669469,-0.10595252205176663,2
0.0744607567669469,-0.09917286103481748,2
0.0744607567669469,-0.09239320001786833,2
0.0744607567669469,-0.08561353900091917,2
0.0744607567669469,-0.07883387798397001,2
0.0744607567669469,-0.07205421696702087,2
0.0744607567669469,-0.06527455595007171,2
0.0744607567669469,-0.058494894933122564,2
0.0744607567669469,-0.05171523391617341,2
0.0744607567669469,-0.04493557289922426,1
0.0744607567669469,-0.03815591188227511,1
0.0744607567669469,-0.03137625086532595,1
0.0744607567669469,-0.0245965898483768,1
0.0744607567669469,-0.017816928831427648,1
0.0744607567669469,-0.011037267814478495,1
0.0744607567669469,-0.004257606797529343,1
0.0744607567669469,0.00252205421941981,1
0.0744607567669469,0.009301715236368963,1
0.0744607567669469,0.016081376253318114,1
0.0744607567669469,0.022861037270267268,1
0.0744607567669469,0.02964069828721642,1
0.0744607567669469,0.036420359304165574,1
0.0744607567669469,0.043200020321114724,1
0.0744607567669469,0.04997968133806388,1
0.0744607567669469,0.05675934235501303,1
0.0744607567669469,0.06353900337196218,1
0.0744607567669469,0.07031866438891134,1
0.0744607567669469,0.0770983254058605,1
0.0744607567669469,0.08387798642280964,1
0.0744607567669469,0.09065764743975879,1
0.0744607567669469,0.09743730845670795,1
0.0744607567669469,0.10421696947365709,1
0.0744607567669469,0.11099663049060625,1
0.0744607567669469,0.1177762915075554,1
0.0744607567669469,0.12455595252450455,1
0.0744607567669469,0.1313356135414537,1
0.0744607567669469,0.13811527455840286,1
0.0744607567669469,0.14489493557535202,1
0.0744607567669469,0.15167459659230118,1
0.0744607567669469,0.1584542576092503,1
0.0744607567669469,0.16523391862619946,1
0.0744607567669469,0.17201357964314862,1
0.0744607567669469,0.17879324066009777,1
0.0744607567669469,0.18557290167704693,1
0.0744607567669469,0.1923525626939961,1
0.0744607567669469,0.19913222371094524,1
0.0744607567669469,0.20591188472789437,1
0.0744607567669469,0.21269154574484353,1
0.0744607567669469,0.2194712067617927,1
0.0744607567669469,0.22625086777874184,1
0.0744607567669469,0.233030528795691,1
0.0744607567669469,0.23981018981264016,1
0.0744607567669469,0.24658985082958929,1
0.0744607567669469,0.25336951184653844,1
0.0744607567669469,0.2601491728634876,1
0.0744607567669469,0.26692883388043676,1
0.08124041778389605,-0.13307116611956324,2
0.08124041778389605,-0.12629150510261408,2
0.08124041778389605,-0.11951184408566494,2
0.08124041778389605,-0.11273218306871578,2
0.08124041778389605,-0.10595252205176663,2
0.08124041778389605,-0.09917286103481748,2
0.08124041778389605,-0.09239320001786833,2
0.08124041778389605,-0.08561353900091917,2
0.08124041778389605,-0.07883387798397001,2
0.08124041778389605,-0.07205421696702087,2
0.08124041778389605,-0.06527455595007171,2
0.08124041778389605,-0.058494894933122564,2
0.08124041778389605,-0.05171523391617341,2
0.08124041778389605,-0.04493557289922426,1
0.08124041778389605,-0.03815591188227511,1
0.08124041778389605,-0.03137625086532595,1
0.08124041778389605,-0.0245965898483768,1
0.08124041778389605,-0.017816928831427648,1
0.08124041778389605,-0.011037267814478495,1
0.08124041778389605,-0.004257606797529343,1
0.08124041778389605,0.00252205421941981,1
0.08124041778389605,0.009301715236368963,1
0.08124041778389605,0.016081376253318114,1
0.08124041778389605,0.022861037270267268,1
0.08124041778389605,0.02964069828721642,1
0.08124041778389605,0.036420359304165574,1
0.08124041778389605,0.043200020321114724,1
0.08124041778389605,0.04997968133806388,1
0.08124041778389605,0.05675934235501303,1
0.08124041778389605,0.06353900337196218,1
0.08124041778389605,0.07031866438891134,1
0.08124041778389605,0.0770983254058605,1
0.08124041778389605,0.08387798642280964,1
0.08124041778389605,0.09065764743975879,1
0.08124041778389605,0.09743730845670795,1
0.08124041778389605,0.10421696947365709,1
0.08124041778389605,0.11099663049060625,1
0.08124041778389605,0.1177762915075554,1
0.08124041778389605,0.12455595252450455,1
0.08124041778389605,0.1313356135414537,1
0.08124041778389605,0.13811527455840286,1
0.08124041778389605,0.14489493557535202,1
0.08124041778389605,0.15167459659230118,1
0.08124041778389605,0.1584542576092503,1
0.08124041778389605,0.16523391862619946,1
0.08124041778389605,0.17201357964314862,1
0.08124041778389605,0.17879324066009777,1
0.08124041778389605,0.18557290167704693,1
0.08124041778389605,0.1923525626939961,1
0.08124041778389605,0.19913222371094524,1
0.08124041778389605,0.20591188472789437,1
0.08124041778389605,0.21269154574484353,1
0.08124041778389605,0.2194712067617927,1
0.08124041778389605,0.22625086777874184,1
0.08124041778389605,0.233030528795691,1
0.08124041778389605,0.23981018981264016,1
0.08124041778389605,0.24658985082958929,1
0.08124041778389605,0.25336951184653844,1
0.08124041778389605,0.2601491728634876,1
0.08124041778389605,0.26692883388043676,1
0.0880200788008452,-0.13307116611956324,2
0.0880200788008452,-0.12629150510261408,2
0.0880200788008452,-0.11951184408566494,2
0.0880200788008452,-0.11273218306871578,2
0.0880200788008452,-0.10595252205176663,2
0.0880200788008452,-0.09917286103481748,2
0.0880200788008452,-0.09239320001786833,2
0.0880200788008452,-0.08561353900091917,2
0.0880200788008452,-0.07883387798397001,2
0.0880200788008452,-0.07205421696702087,2
0.0880200788008452,-0.06527455595007171,2
0.0880200788008452,-0.058494894933122564,2
0.0880200788008452,-0.05171523391617341,2
0.0880200788008452,-0.04493557289922426,1
0.0880200788008452,-0.03815591188227511,1
0.0880200788008452,-0.03137625086532595,1
0.0880200788008452,-0.0245965898483768,1
0.0880200788008452,-0.017816928831427648,1
0.0880200788008452,-0.011037267814478495,1
0.0880200788008452,-0.004257606797529343,1
0.0880200788008452,0.00252205421941981,1
0.0880200788008452,0.009301715236368963,1
0.0880200788008452,0.016081376253318114,1
0.0880200788008452,0.022861037270267268,1
0.0880200788008452,0.02964069828721642,1
0.0880200788008452,0.036420359304165574,1
0.0880200788008452,0.043200020321114724,1
0.0880200788008452,0.04997968133806388,1
0.0880200788008452,0.05675934235501303,1
0.0880200788008452,0.06353900337196218,1
0.0880200788008452,0.07031866438891134,1
0.0880200788008452,0.0770983254058605,1
0.0880200788008452,0.08387798642280964,1
0.0880200788008452,0.09065764743975879,1
0.0880200788008452,0.09743730845670795,1
0.0880200788008452,0.10421696947365709,1
0.0880200788008452,0.11099663049060625,1
0.0880200788008452,0.1177762915075554,1
0.0880200788008452,0.12455595252450455,1
0.0880200788008452,0.1313356135414537,1
0.0880200788008452,0.13811527455840286,1
0.0880200788008452,0.14489493557535202,1
0.0880200788008452,0.15167459659230118,1
0.0880200788008452,0.1584542576092503,1
0.0880200788008452,0.16523391862619946,1
0.0880200788008452,0.17201357964314862,1
0.0880200788008452,0.17879324066009777,1
0.0880200788008452,0.18557290167704693,1
0.0880200788008452,0.1923525626939961,1
0.0880200788008452,0.19913222371094524,1
0.0880200788008452,0.20591188472789437,1
0.0880200788008452,0.21269154574484353,1
0.0880200788008452,0.2194712067617927,1
0.0880200788008452,0.22625086777874184,1
0.0880200788008452,0.233030528795691,1
0.0880200788008452,0.23981018981264016,1
0.0880200788008452,0.24658985082958929,1
0.0880200788008452,0.25336951184653844,1
0.0880200788008452,0.2601491728634876,1
0.0880200788008452,0.26692883388043676,1
0.09479973981779435,-0.13307116611956324,2
0.09479973981779435,-0.12629150510261408,2
0.09479973981779435,-0.11951184408566494,2
0.09479973981779435,-0.11273218306871578,2
0.09479973981779435,-0.10595252205176663,2
0.09479973981779435,-0.09917286103481748,2
0.09479973981779435,-0.09239320001786833,2
0.09479973981779435,-0.08561353900091917,2
0.09479973981779435,-0.07883387798397001,2
0.09479973981779435,-0.07205421696702087,2
0.09479973981779435,-0.06527455595007171,2
0.09479973981779435,-0.058494894933122564,2
0.09479973981779435,-0.05171523391617341,1
0.09479973981779435,-0.04493557289922426,1
0.09479973981779435,-0.03815591188227511,1
0.09479973981779435,-0.03137625086532595,1
0.09479973981779435,-0.0245965898483768,1
0.09479973981779435,-0.017816928831427648,1
0.09479973981779435,-0.011037267814478495,1
0.09479973981779435,-0.004257606797529343,1
0.09479973981779435,0.00252205421941981,1
0.09479973981779435,0.009301715236368963,1
0.09479973981779435,0.016081376253318114,1
0.09479973981779435,0.022861037270267268,1
0.09479973981779435,0.02964069828721642,1
0.09479973981779435,0.036420359304165574,1
0.09479973981779435,0.043200020321114724,1
0.09479973981779435,0.04997968133806388,1
0.09479973981779435,0.05675934235501303,1
0.09479973981779435,0.06353900337196218,1
0.09479973981779435,0.07031866438891134,1
0.09479973981779435,0.0770983254058605,1
0.09479973981779435,0.08387798642280964,1
0.09479973981779435,0.09065764743975879,1
0.09479973981779435,0.09743730845670795,1
0.09479973981779435,0.10421696947365709,1
0.09479973981779435,0.11099663049060625,1
0.09479973981779435,0.1177762915075554,1
0.09479973981779435,0.12455595252450455,1
0.09479973981779435,0.1313356135414537,1
0.09479973981779435,0.13811527455840286,1
0.09479973981779435,0.14489493557535202,1
0.09479973981779435,0.15167459659230118,1
0.09479973981779435,0.1584542576092503,1
0.09479973981779435,0.16523391862619946,1
0.09479973981779435,0.17201357964314862,1
0.09479973981779435,0.17879324066009777,1
0.09479973981779435,0.18557290167704693,1
0.09479973981779435,0.1923525626939961,1
0.09479973981779435,0.19913222371094524,1
0.09479973981779435,0.20591188472789437,1
0.09479973981779435,0.21269154574484353,1
0.09479973981779435,0.2194712067617927,1
0.09479973981779435,0.22625086777874184,1
0.09479973981779435,0.233030528795691,1
0.09479973981779435,0.23981018981264016,1
0.09479973981779435,0.24658985082958929,1
0.09479973981779435,0.25336951184653844,1
0.09479973981779435,0.2601491728634876,1
0.09479973981779435,0.26692883388043676,1
0.10157940083474351,-0.13307116611956324,2
0.10157940083474351,-0.12629150510261408,2
0.10157940083474351,-0.11951184408566494,2
0.10157940083474351,-0.11273218306871578,2
0.10157940083474351,-0.10595252205176663,2
0.10157940083474351,-0.09917286103481748,2
0.10157940083474351,-0.09239320001786833,2
0.10157940083474351,-0.08561353900091917,2
0.10157940083474351,-0.07883387798397001,2
0.10157940083474351,-0.07205421696702087,2
0.10157940083474351,-0.06527455595007171,2
0.10157940083474351,-0.058494894933122564,2
0.10157940083474351,-0.05171523391617341,1
0.10157940083474351,-0.04493557289922426,1
0.10157940083474351,-0.03815591188227511,1
0.10157940083474351,-0.03137625086532595,1
0.10157940083474351,-0.0245965898483768,1
0.10157940083474351,-0.017816928831427648,1
0.10157940083474351,-0.011037267814478495,1
0.10157940083474351,-0.004257606797529343,1
0.10157940083474351,0.00252205421941981,1
0.10157940083474351,0.009301715236368963,1
0.10157940083474351,0.016081376253318114,1
0.10157940083474351,0.022861037270267268,1
0.10157940083474351,0.02964069828721642,1
0.10157940083474351,0.036420359304165574,1
0.10157940083474351,0.043200020321114724,1
0.10157940083474351,0.04997968133806388,1
0.10157940083474351,0.05675934235501303,1
0.10157940083474351,0.06353900337196218,1
0.10157940083474351,0.07031866438891134,1
0.10157940083474351,0.0770983254058605,1
0.10157940083474351,0.08387798642280964,1
0.10157940083474351,0.09065764743975879,1
0.10157940083474351,0.09743730845670795,1
0.10157940083474351,0.10421696947365709,1
0.10157940083474351,0.11099663049060625,1
0.10157940083474351,0.1177762915075554,1
0.10157940083474351,0.12455595252450455,1
0.10157940083474351,0.1313356135414537,1
0.10157940083474351,0.13811527455840286,1
0.10157940083474351,0.14489493557535202,1
0.10157940083474351,0.15167459659230118,1
0.10157940083474351,0.1584542576092503,1
0.10157940083474351,0.16523391862619946,1
0.10157940083474351,0.17201357964314862,1
0.10157940083474351,0.17879324066009777,1
0.10157940083474351,0.18557290167704693,1
0.10157940083474351,0.1923525626939961,1
0.10157940083474351,0.19913222371094524,1
0.10157940083474351,0.20591188472789437,1
0.10157940083474351,0.21269154574484353,1
0.10157940083474351,0.2194712067617927,1
0.10157940083474351,0.22625086777874184,1
0.10157940083474351,0.233030528795691,1
0.10157940083474351,0.23981018981264016,1
0.10157940083474351,0.24658985082958929,1
0.10157940083474351,0.25336951184653844,1
0.10157940083474351,0.2601491728634876,1
0.10157940083474351,0.26692883388043676,1
0.10835906185169267,-0.13307116611956324,2
0.10835906185169267,-0.12629150510261408,2
0.10835906185169267,-0.11951184408566494,2
0.10835906185169267,-0.11273218306871578,2
0.10835906185169267,-0.10595252205176663,2
0.10835906185169267,-0.09917286103481748,2
0.10835906185169267,-0.09239320001786833,2
0.10835906185169267,-0.08561353900091917,2
0.10835906185169267,-0.07883387798397001,2
0.10835906185169267,-0.07205421696702087,2
0.10835906185169267,-0.06527455595007171,2
0.10835906185169267,-0.058494894933122564,2
0.10835906185169267,-0.05171523391617341,1
0.10835906185169267,-0.04493557289922426,1
0.10835906185169267,-0.03815591188227511,1
0.10835906185169267,-0.03137625086532595,1
0.10835906185169267,-0.0245965898483768,1
0.10835906185169267,-0.017816928831427648,1
0.10835906185169267,-0.011037267814478495,1
0.10835906185169267,-0.004257606797529343,1
0.10835906185169267,0.00252205421941981,1
0.10835906185169267,0.009301715236368963,1
0.10835906185169267,0.016081376253318114,1
0.10835906185169267,0.022861037270267268,1
0.10835906185169267,0.02964069828721642,1
0.10835906185169267,0.036420359304165574,1
0.10835906185169267,0.043200020321114724,1
0.10835906185169267,0.04997968133806388,1
0.10835906185169267,0.05675934235501303,1
0.10835906185169267,0.06353900337196218,1
0.10835906185169267,0.07031866438891134,1
0.10835906185169267,0.0770983254058605,1
0.10835906185169267,0.08387798642280964,1
0.10835906185169267,0.09065764743975879,1
0.10835906185169267,0.09743730845670795,1
0.10835906185169267,0.10421696947365709,1
0.10835906185169267,0.11099663049060625,1
0.10835906185169267,0.1177762915075554,1
0.10835906185169267,0.12455595252450455,1
0.10835906185169267,0.1313356135414537,1
0.10835906185169267,0.13811527455840286,1
0.10835906185169267,0.14489493557535202,1
0.10835906185169267,0.15167459659230118,1
0.10835906185169267,0.1584542576092503,1
0.10835906185169267,0.16523391862619946,1
0.10835906185169267,0.17201357964314862,1
0.10835906185169267,0.17879324066009777,1
0.10835906185169267,0.18557290167704693,1
0.10835906185169267,0.1923525626939961,1
0.10835906185169267,0.19913222371094524,1
0.10835906185169267,0.20591188472789437,1
0.10835906185169267,0.21269154574484353,1
0.10835906185169267,0.2194712067617927,1
0.10835906185169267,0.22625086777874184,1
0.10835906185169267,0.233030528795691,1
0.10835906185169267,0.23981018981264016,1
0.10835906185169267,0.24658985082958929,1
0.10835906185169267,0.25336951184653844,1
0.10835906185169267,0.2601491728634876,1
0.10835906185169267,0.26692883388043676,1
0.11513872286864181,-0.13307116611956324,2
0.11513872286864181,-0.12629150510261408,2
0.11513872286864181,-0.11951184408566494,2
0.11513872286864181,-0.11273218306871578,2
0.11513872286864181,-0.10595252205176663,2
0.11513872286864181,-0.09917286103481748,2
0.11513872286864181,-0.09239320001786833,2
0.11513872286864181,-0.08561353900091917,2
0.11513872286864181,-0.07883387798397001,2
0.11513872286864181,-0.07205421696702087,2
0.11513872286864181,-0.06527455595007171,2
0.11513872286864181,-0.058494894933122564,2
0.11513872286864181,-0.05171523391617341,1
0.11513872286864181,-0.04493557289922426,1
0.11513872286864181,-0.03815591188227511,1
0.11513872286864181,-0.03137625086532595,1
0.11513872286864181,-0.0245965898483768,1
0.11513872286864181,-0.017816928831427648,1
0.11513872286864181,-0.011037267814478495,1
0.11513872286864181,-0.004257606797529343,1
0.11513872286864181,0.00252205421941981,1
0.11513872286864181,0.009301715236368963,1
0.11513872286864181,0.016081376253318114,1
0.11513872286864181,0.022861037270267268,1
0.11513872286864181,0.02964069828721642,1
0.11513872286864181,0.036420359304165574,1
0.11513872286864181,0.043200020321114724,1
0.11513872286864181,0.04997968133806388,1
0.11513872286864181,0.05675934235501303,1
0.11513872286864181,0.06353900337196218,1
0.11513872286864181,0.07031866438891134,1
0.11513872286864181,0.0770983254058605,1
0.11513872286864181,0.08387798642280964,1
0.11513872286864181,0.09065764743975879,1
0.11513872286864181,0.09743730845670795,1
0.11513872286864181,0.10421696947365709,1
0.11513872286864181,0.11099663049060625,1
0.11513872286864181,0.1177762915075554,1
0.11513872286864181,0.12455595252450455,1
0.11513872286864181,0.1313356135414537,1
0.11513872286864181,0.13811527455840286,1
0.11513872286864181,0.14489493557535202,1
0.11513872286864181,0.15167459659230118,1
0.11513872286864181,0.1584542576092503,1
0.11513872286864181,0.16523391862619946,1
0.11513872286864181,0.17201357964314862,1
0.11513872286864181,0.17879324066009777,1
0.11513872286864181,0.18557290167704693,1
0.11513872286864181,0.1923525626939961,1
0.11513872286864181,0.19913222371094524,1
0.11513872286864181,0.20591188472789437,1
0.11513872286864181,0.21269154574484353,1
0.11513872286864181,0.2194712067617927,1
0.11513872286864181,0.22625086777874184,1
0.11513872286864181,0.233030528795691,1
0.11513872286864181,0.23981018981264016,1
0.11513872286864181,0.24658985082958929,1
0.11513872286864181,0.25336951184653844,1
0.11513872286864181,0.2601491728634876,1
0.11513872286864181,0.26692883388043676,1
0.12191838388559097,-0.13307116611956324,2
0.12191838388559097,-0.12629150510261408,2
0.12191838388559097,-0.11951184408566494,2
0.12191838388559097,-0.11273218306871578,2
0.12191838388559097,-0.10595252205176663,2
0.12191838388559097,-0.09917286103481748,2
0.12191838388559097,-0.09239320001786833,2
0.12191838388559097,-0.08561353900091917,2
0.12191838388559097,-0.07883387798397001,2
0.12191838388559097,-0.07205421696702087,2
0.12191838388559097,-0.06527455595007171,2
0.12191838388559097,-0.058494894933122564,1
0.12191838388559097,-0.05171523391617341,1
0.12191838388559097,-0.04493557289922426,1
0.12191838388559097,-0.03815591188227511,1
0.12191838388559097,-0.03137625086532595,1
0.12191838388559097,-0.0245965898483768,1
0.12191838388559097,-0.017816928831427648,1
0.12191838388559097,-0.011037267814478495,1
0.12191838388559097,-0.004257606797529343,1
0.12191838388559097,0.00252205421941981,1
0.12191838388559097,0.009301715236368963,1
0.12191838388559097,0.016081376253318114,1
0.12191838388559097,0.022861037270267268,1
0.12191838388559097,0.02964069828721642,1
0.12191838388559097,0.036420359304165574,1
0.12191838388559097,0.043200020321114724,1
0.12191838388559097,0.04997968133806388,1
0.12191838388559097,0.05675934235501303,1
0.12191838388559097,0.06353900337196218,1
0.12191838388559097,0.07031866438891134,1
0.12191838388559097,0.0770983254058605,1
0.12191838388559097,0.08387798642280964,1
0.12191838388559097,0.09065764743975879,1
0.12191838388559097,0.09743730845670795,1
0.12191838388559097,0.10421696947365709,1
0.12191838388559097,0.11099663049060625,1
0.12191838388559097,0.1177762915075554,1
0.12191838388559097,0.12455595252450455,1
0.12191838388559097,0.1313356135414537,1
0.12191838388559097,0.13811527455840286,1
0.12191838388559097,0.14489493557535202,1
0.12191838388559097,0.15167459659230118,1
0.12191838388559097,0.1584542576092503,1
0.12191838388559097,0.16523391862619946,1
0.12191838388559097,0.17201357964314862,1
0.12191838388559097,0.17879324066009777,1
0.12191838388559097,0.18557290167704693,1
0.12191838388559097,0.1923525626939961,1
0.12191838388559097,0.19913222371094524,1
0.12191838388559097,0.20591188472789437,1
0.12191838388559097,0.21269154574484353,1
0.12191838388559097,0.2194712067617927,1
0.12191838388559097,0.22625086777874184,1
0.12191838388559097,0.233030528795691,1
0.12191838388559097,0.23981018981264016,1
0.12191838388559097,0.24658985082958929,1
0.12191838388559097,0.25336951184653844,1
0.12191838388559097,0.2601491728634876,1
0.12191838388559097,0.26692883388043676,1
0.1286980449025401,-0.13307116611956324,2
0.1286980449025401,-0.12629150510261408,2
0.1286980449025401,-0.11951184408566494,2
0.1286980449025401,-0.11273218306871578,2
0.1286980449025401,-0.10595252205176663,2
0.1286980449025401,-0.09917286103481748,2
0.1286980449025401,-0.09239320001786833,2
0.1286980449025401,-0.08561353900091917,2
0.1286980449025401,-0.07883387798397001,2
0.1286980449025401,-0.07205421696702087,2
0.1286980449025401,-0.06527455595007171,2
0.1286980449025401,-0.058494894933122564,1
0.1286980449025401,-0.05171523391617341,1
0.1286980449025401,-0.04493557289922426,1
0.1286980449025401,-0.03815591188227511,1
0.1286980449025401,-0.03137625086532595,1
0.1286980449025401,-0.0245965898483768,1
0.1286980449025401,-0.017816928831427648,1
0.1286980449025401,-0.011037267814478495,1
0.1286980449025401,-0.004257606797529343,1
0.1286980449025401,0.00252205421941981,1
0.1286980449025401,0.009301715236368963,1
0.1286980449025401,0.016081376253318114,1
0.1286980449025401,0.022861037270267268,1
0.1286980449025401,0.02964069828721642,1
0.1286980449025401,0.036420359304165574,1
0.1286980449025401,0.043200020321114724,1
0.1286980449025401,0.04997968133806388,1
0.1286980449025401,0.05675934235501303,1
0.1286980449025401,0.06353900337196218,1
0.1286980449025401,0.07031866438891134,1
0.1286980449025401,0.0770983254058605,1
0.1286980449025401,0.08387798642280964,1
0.1286980449025401,0.09065764743975879,1
0.1286980449025401,0.09743730845670795,1
0.1286980449025401,0.10421696947365709,1
0.1286980449025401,0.11099663049060625,1
0.1286980449025401,0.1177762915075554,1
0.1286980449025401,0.12455595252450455,1
0.1286980449025401,0.1313356135414537,1
0.1286980449025401,0.13811527455840286,1
0.1286980449025401,0.14489493557535202,1
0.1286980449025401,0.15167459659230118,1
0.1286980449025401,0.1584542576092503,1
0.1286980449025401,0.16523391862619946,1
0.1286980449025401,0.17201357964314862,1
0.1286980449025401,0.17879324066009777,1
0.1286980449025401,0.18557290167704693,1
0.1286980449025401,0.1923525626939961,1
0.1286980449025401,0.19913222371094524,1
0.1286980449025401,0.20591188472789437,1
0.1286980449025401,0.21269154574484353,1
0.1286980449025401,0.2194712067617927,1
0.1286980449025401,0.22625086777874184,1
0.1286980449025401,0.233030528795691,1
0.1286980449025401,0.23981018981264016,1
0.1286980449025401,0.24658985082958929,1
0.1286980449025401,0.25336951184653844,1
0.1286980449025401,0.2601491728634876,1
0.1286980449025401,0.26692883388043676,1
0.13547770591948927,-0.13307116611956324,2
0.13547770591948927,-0.12629150510261408,2
0.13547770591948927,-0.11951184408566494,2
0.13547770591948927,-0.11273218306871578,2
0.13547770591948927,-0.10595252205176663,2
0.13547770591948927,-0.09917286103481748,2
0.13547770591948927,-0.09239320001786833,2
0.13547770591948927,-0.08561353900091917,2
0.13547770591948927,-0.07883387798397001,2
0.13547770591948927,-0.07205421696702087,2
0.13547770591948927,-0.06527455595007171,2
0.13547770591948927,-0.058494894933122564,1
0.13547770591948927,-0.05171523391617341,1
0.13547770591948927,-0.04493557289922426,1
0.13547770591948927,-0.03815591188227511,1
0.13547770591948927,-0.03137625086532595,1
0.13547770591948927,-0.0245965898483768,1
0.13547770591948927,-0.017816928831427648,1
0.13547770591948927,-0.011037267814478495,1
0.13547770591948927,-0.004257606797529343,1
0.13547770591948927,0.00252205421941981,1
0.13547770591948927,0.009301715236368963,1
0.13547770591948927,0.016081376253318114,1
0.13547770591948927,0.022861037270267268,1
0.13547770591948927,0.02964069828721642,1
0.13547770591948927,0.036420359304165574,1
0.13547770591948927,0.043200020321114724,1
0.13547770591948927,0.04997968133806388,1
0.13547770591948927,0.05675934235501303,1
0.13547770591948927,0.06353900337196218,1
0.13547770591948927,0.07031866438891134,1
0.13547770591948927,0.0770983254058605,1
0.13547770591948927,0.08387798642280964,1
0.13547770591948927,0.09065764743975879,1
0.13547770591948927,0.09743730845670795,1
0.13547770591948927,0.10421696947365709,1
0.13547770591948927,0.11099663049060625,1
0.13547770591948927,0.1177762915075554,1
0.13547770591948927,0.12455595252450455,1
0.13547770591948927,0.1313356135414537,1
0.13547770591948927,0.13811527455840286,1
0.13547770591948927,0.14489493557535202,1
0.13547770591948927,0.15167459659230118,1
0.13547770591948927,0.1584542576092503,1
0.13547770591948927,0.16523391862619946,1
0.13547770591948927,0.17201357964314862,1
0.13547770591948927,0.17879324066009777,1
0.13547770591948927,0.18557290167704693,1
0.13547770591948927,0.1923525626939961,1
0.13547770591948927,0.19913222371094524,1
0.13547770591948927,0.20591188472789437,1
0.13547770591948927,0.21269154574484353,1
0.13547770591948927,0.2194712067617927,1
0.13547770591948927,0.22625086777874184,1
0.13547770591948927,0.233030528795691,1
0.13547770591948927,0.23981018981264016,1
0.13547770591948927,0.24658985082958929,1
0.13547770591948927,0.25336951184653844,1
0.13547770591948927,0.2601491728634876,1
0.13547770591948927,0.26692883388043676,1
0.14225736693643842,-0.13307116611956324,2
0.14225736693643842,-0.12629150510261408,2
0.14225736693643842,-0.11951184408566494,2
0.14225736693643842,-0.11273218306871578,2
0.14225736693643842,-0.10595252205176663,2
0.14225736693643842,-0.09917286103481748,2
0.14225736693643842,-0.09239320001786833,2
0.14225736693643842,-0.08561353900091917,2
0.14225736693643842,-0.07883387798397001,2
0.14225736693643842,-0.07205421696702087,2
0.14225736693643842,-0.06527455595007171,2
0.14225736693643842,-0.058494894933122564,1
0.14225736693643842,-0.05171523391617341,1
0.14225736693643842,-0.04493557289922426,1
0.14225736693643842,-0.03815591188227511,1
0.14225736693643842,-0.03137625086532595,1
0.14225736693643842,-0.0245965898483768,1
0.14225736693643842,-0.017816928831427648,1
0.14225736693643842,-0.011037267814478495,1
0.14225736693643842,-0.004257606797529343,1
0.14225736693643842,0.00252205421941981,1
0.14225736693643842,0.009301715236368963,1
0.14225736693643842,0.016081376253318114,1
0.14225736693643842,0.022861037270267268,1
0.14225736693643842,0.02964069828721642,1
0.14225736693643842,0.036420359304165574,1
0.14225736693643842,0.043200020321114724,1
0.14225736693643842,0.04997968133806388,1
0.14225736693643842,0.05675934235501303,1
0.14225736693643842,0.06353900337196218,1
0.14225736693643842,0.07031866438891134,1
0.14225736693643842,0.0770983254058605,1
0.14225736693643842,0.08387798642280964,1
0.14225736693643842,0.09065764743975879,1
0.14225736693643842,0.09743730845670795,1
0.14225736693643842,0.10421696947365709,1
0.14225736693643842,0.11099663049060625,1
0.14225736693643842,0.1177762915075554,1
0.14225736693643842,0.12455595252450455,1
0.14225736693643842,0.1313356135414537,1
0.14225736693643842,0.13811527455840286,1
0.14225736693643842,0.14489493557535202,1
0.14225736693643842,0.15167459659230118,1
0.14225736693643842,0.1584542576092503,1
0.14225736693643842,0.16523391862619946,1
0.14225736693643842,0.17201357964314862,1
0.14225736693643842,0.17879324066009777,1
0.14225736693643842,0.18557290167704693,1
0.14225736693643842,0.1923525626939961,1
0.14225736693643842,0.19913222371094524,1
0.14225736693643842,0.20591188472789437,1
0.14225736693643842,0.21269154574484353,1
0.14225736693643842,0.2194712067617927,1
0.14225736693643842,0.22625086777874184,1
0.14225736693643842,0.233030528795691,1
0.14225736693643842,0.23981018981264016,1
0.14225736693643842,0.24658985082958929,1
0.14225736693643842,0.25336951184653844,1
0.14225736693643842,0.2601491728634876,1
0.14225736693643842,0.26692883388043676,1
0.14903702795338758,-0.13307116611956324,2
0.14903702795338758,-0.12629150510261408,2
0.14903702795338758,-0.11951184408566494,2
0.14903702795338758,-0.11273218306871578,2
0.14903702795338758,-0.10595252205176663,2
0.14903702795338758,-0.09917286103481748,2
0.14903702795338758,-0.09239320001786833,2
0.14903702795338758,-0.08561353900091917,2
0.14903702795338758,-0.07883387798397001,2
0.14903702795338758,-0.07205421696702087,2
0.14903702795338758,-0.06527455595007171,2
0.14903702795338758,-0.058494894933122564,1
0.14903702795338758,-0.05171523391617341,1
0.14903702795338758,-0.04493557289922426,1
0.14903702795338758,-0.03815591188227511,1
0.14903702795338758,-0.03137625086532595,1
0.14903702795338758,-0.0245965898483768,1
0.14903702795338758,-0.017816928831427648,1
0.14903702795338758,-0.011037267814478495,1
0.14903702795338758,-0.004257606797529343,1
0.14903702795338758,0.00252205421941981,1
0.14903702795338758,0.009301715236368963,1
0.14903702795338758,0.016081376253318114,1
0.14903702795338758,0.022861037270267268,1
0.14903702795338758,0.02964069828721642,1
0.14903702795338758,0.036420359304165574,1
0.14903702795338758,0.043200020321114724,1
0.14903702795338758,0.04997968133806388,1
0.14903702795338758,0.05675934235501303,1
0.14903702795338758,0.06353900337196218,1
0.14903702795338758,0.07031866438891134,1
0.14903702795338758,0.0770983254058605,1
0.14903702795338758,0.08387798642280964,1
0.14903702795338758,0.09065764743975879,1
0.14903702795338758,0.09743730845670795,1
0.14903702795338758,0.10421696947365709,1
0.14903702795338758,0.11099663049060625,1
0.14903702795338758,0.1177762915075554,1
0.14903702795338758,0.12455595252450455,1
0.14903702795338758,0.1313356135414537,1
0.14903702795338758,0.13811527455840286,1
0.14903702795338758,0.14489493557535202,1
0.14903702795338758,0.15167459659230118,1
0.14903702795338758,0.1584542576092503,1
0.14903702795338758,0.16523391862619946,1
0.14903702795338758,0.17201357964314862,1
0.14903702795338758,0.17879324066009777,1
0.14903702795338758,0.18557290167704693,1
0.14903702795338758,0.1923525626939961,1
0.14903702795338758,0.19913222371094524,1
0.14903702795338758,0.20591188472789437,1
0.14903702795338758,0.21269154574484353,1
0.14903702795338758,0.2194712067617927,1
0.14903702795338758,0.22625086777874184,1
0.14903702795338758,0.233030528795691,1
0.14903702795338758,0.23981018981264016,1
0.14903702795338758,0.24658985082958929,1
0.14903702795338758,0.25336951184653844,1
0.14903702795338758,0.2601491728634876,1
0.14903702795338758,0.26692883388043676,1
0.15581668897033674,-0.13307116611956324,2
0.15581668897033674,-0.12629150510261408,2
0.15581668897033674,-0.11951184408566494,2
0.15581668897033674,-0.11273218306871578,2
0.15581668897033674,-0.10595252205176663,2
0.15581668897033674,-0.09917286103481748,2
0.15581668897033674,-0.09239320001786833,2
0.15581668897033674,-0.08561353900091917,2
0.15581668897033674,-0.07883387798397001,2
0.15581668897033674,-0.07205421696702087,2
0.15581668897033674,-0.06527455595007171,1
0.15581668897033674,-0.058494894933122564,1
0.15581668897033674,-0.05171523391617341,1
0.15581668897033674,-0.04493557289922426,1
0.15581668897033674,-0.03815591188227511,1
0.15581668897033674,-0.03137625086532595,1
0.15581668897033674,-0.0245965898483768,1
0.15581668897033674,-0.017816928831427648,1
0.15581668897033674,-0.011037267814478495,1
0.15581668897033674,-0.004257606797529343,1
0.15581668897033674,0.00252205421941981,1
0.15581668897033674,0.009301715236368963,1
0.15581668897033674,0.016081376253318114,1
0.15581668897033674,0.022861037270267268,1
0.15581668897033674,0.02964069828721642,1
0.15581668897033674,0.036420359304165574,1
0.15581668897033674,0.043200020321114724,1
0.15581668897033674,0.04997968133806388,1
0.15581668897033674,0.05675934235501303,1
0.15581668897033674,0.06353900337196218,1
0.15581668897033674,0.07031866438891134,1
0.15581668897033674,0.0770983254058605,1
0.15581668897033674,0.08387798642280964,1
0.15581668897033674,0.09065764743975879,1
0.15581668897033674,0.09743730845670795,1
0.15581668897033674,0.10421696947365709,1
0.15581668897033674,0.11099663049060625,1
0.15581668897033674,0.1177762915075554,1
0.15581668897033674,0.12455595252450455,1
0.15581668897033674,0.1313356135414537,1
0.15581668897033674,0.13811527455840286,1
0.15581668897033674,0.14489493557535202,1
0.15581668897033674,0.15167459659230118,1
0.15581668897033674,0.1584542576092503,1
0.15581668897033674,0.16523391862619946,1
0.15581668897033674,0.17201357964314862,1
0.15581668897033674,0.17879324066009777,1
0.15581668897033674,0.18557290167704693,1
0.15581668897033674,0.1923525626939961,1
0.15581668897033674,0.19913222371094524,1
0.15581668897033674,0.20591188472789437,1
0.15581668897033674,0.21269154574484353,1
0.15581668897033674,0.2194712067617927,1
0.15581668897033674,0.22625086777874184,1
0.15581668897033674,0.233030528795691,1
0.15581668897033674,0.23981018981264016,1
0.15581668897033674,0.24658985082958929,1
0.15581668897033674,0.25336951184653844,1
0.15581668897033674,0.2601491728634876,1
0.15581668897033674,0.26692883388043676,1
0.1625963499872859,-0.13307116611956324,2
0.1625963499872859,-0.12629150510261408,2
0.1625963499872859,-0.11951184408566494,2
0.1625963499872859,-0.11273218306871578,2
0.1625963499872859,-0.10595252205176663,2
0.1625963499872859,-0.09917286103481748,2
0.1625963499872859,-0.09239320001786833,2
0.1625963499872859,-0.08561353900091917,2
0.1625963499872859,-0.07883387798397001,2
0.1625963499872859,-0.07205421696702087,2
0.1625963499872859,-0.06527455595007171,1
0.1625963499872859,-0.058494894933122564,1
0.1625963499872859,-0.05171523391617341,1
0.1625963499872859,-0.04493557289922426,1
0.1625963499872859,-0.03815591188227511,1
0.1625963499872859,-0.03137625086532595,1
0.1625963499872859,-0.0245965898483768,1
0.1625963499872859,-0.017816928831427648,1
0.1625963499872859,-0.011037267814478495,1
0.1625963499872859,-0.004257606797529343,1
0.1625963499872859,0.00252205421941981,1
0.1625963499872859,0.009301715236368963,1
0.1625963499872859,0.016081376253318114,1
0.1625963499872859,0.022861037270267268,1
0.1625963499872859,0.02964069828721642,1
0.1625963499872859,0.036420359304165574,1
0.1625963499872859,0.043200020321114724,1
0.1625963499872859,0.04997968133806388,1
0.1625963499872859,0.05675934235501303,1
0.1625963499872859,0.06353900337196218,1
0.1625963499872859,0.07031866438891134,1
0.1625963499872859,0.0770983254058605,1
0.1625963499872859,0.08387798642280964,1
0.1625963499872859,0.09065764743975879,1
0.1625963499872859,0.09743730845670795,1
0.1625963499872859,0.10421696947365709,1
0.1625963499872859,0.11099663049060625,1
0.1625963499872859,0.1177762915075554,1
0.1625963499872859,0.12455595252450455,1
0.1625963499872859,0.1313356135414537,1
0.1625963499872859,0.13811527455840286,1
0.1625963499872859,0.14489493557535202,1
0.1625963499872859,0.15167459659230118,1
0.1625963499872859,0.1584542576092503,1
0.1625963499872859,0.16523391862619946,1
0.1625963499872859,0.17201357964314862,1
0.1625963499872859,0.17879324066009777,1
0.1625963499872859,0.18557290167704693,1
0.1625963499872859,0.1923525626939961,1
0.1625963499872859,0.19913222371094524,1
0.1625963499872859,0.20591188472789437,1
0.1625963499872859,0.21269154574484353,1
0.1625963499872859,0.2194712067617927,1
0.1625963499872859,0.22625086777874184,1
0.1625963499872859,0.233030528795691,1
0.1625963499872859,0.23981018981264016,1
0.1625963499872859,0.24658985082958929,1
0.1625963499872859,0.25336951184653844,1
0.1625963499872859,0.2601491728634876,1
0.1625963499872859,0.26692883388043676,1
0.16937601100423505,-0.13307116611956324,2
0.16937601100423505,-0.12629150510261408,2
0.16937601100423505,-0.11951184408566494,2
0.16937601100423505,-0.11273218306871578,2
0.16937601100423505,-0.10595252205176663,2
0.16937601100423505,-0.09917286103481748,2
0.16937601100423505,-0.09239320001786833,2
0.16937601100423505,-0.08561353900091917,2
0.16937601100423505,-0.07883387798397001,2
0.16937601100423505,-0.07205421696702087,2
0.16937601100423505,-0.06527455595007171,1
0.16937601100423505,-0.058494894933122564,1
0.16937601100423505,-0.05171523391617341,1
0.16937601100423505,-0.04493557289922426,1
0.16937601100423505,-0.03815591188227511,1
0.16937601100423505,-0.03137625086532595,1
0.16937601100423505,-0.0245965898483768,1
0.16937601100423505,-0.017816928831427648,1
0.16937601100423505,-0.011037267814478495,1
0.16937601100423505,-0.004257606797529343,1
0.16937601100423505,0.00252205421941981,1
0.16937601100423505,0.009301715236368963,1
0.16937601100423505,0.016081376253318114,1
0.16937601100423505,0.022861037270267268,1
0.16937601100423505,0.02964069828721642,1
0.16937601100423505,0.036420359304165574,1
0.16937601100423505,0.043200020321114724,1
0.16937601100423505,0.04997968133806388,1
0.16937601100423505,0.05675934235501303,1
0.16937601100423505,0.06353900337196218,1
0.16937601100423505,0.07031866438891134,1
0.16937601100423505,0.0770983254058605,1
0.16937601100423505,0.08387798642280964,1
0.16937601100423505,0.09065764743975879,1
0.16937601100423505,0.09743730845670795,1
0.16937601100423505,0.10421696947365709,1
0.16937601100423505,0.11099663049060625,1
0.16937601100423505,0.1177762915075554,1
0.16937601100423505,0.12455595252450455,1
0.16937601100423505,0.1313356135414537,1
0.16937601100423505,0.13811527455840286,1
0.16937601100423505,0.14489493557535202,1
0.16937601100423505,0.15167459659230118,1
0.16937601100423505,0.1584542576092503,1
0.16937601100423505,0.16523391862619946,1
0.16937601100423505,0.17201357964314862,1
0.16937601100423505,0.17879324066009777,1
0.16937601100423505,0.18557290167704693,1
0.16937601100423505,0.1923525626939961,1
0.16937601100423505,0.19913222371094524,1
0.16937601100423505,0.20591188472789437,1
0.16937601100423505,0.21269154574484353,1
0.16937601100423505,0.2194712067617927,1
0.16937601100423505,0.22625086777874184,1
0.16937601100423505,0.233030528795691,1
0.16937601100423505,0.23981018981264016,1
0.16937601100423505,0.24658985082958929,1
0.16937601100423505,0.25336951184653844,1
0.16937601100423505,0.2601491728634876,1
0.16937601100423505,0.26692883388043676,1
0.17615567202118418,-0.13307116611956324,2
0.17615567202118418,-0.12629150510261408,2
0.17615567202118418,-0.11951184408566494,2
0.17615567202118418,-0.11273218306871578,2
0.17615567202118418,-0.10595252205176663,2
0.17615567202118418,-0.09917286103481748,2
0.17615567202118418,-0.09239320001786833,2
0.17615567202118418,-0.08561353900091917,2
0.17615567202118418,-0.07883387798397001,2
0.17615567202118418,-0.07205421696702087,2
0.17615567202118418,-0.06527455595007171,1
0.17615567202118418,-0.058494894933122564,1
0.17615567202118418,-0.05171523391617341,1
0.17615567202118418,-0.04493557289922426,1
0.17615567202118418,-0.03815591188227511,1
0.17615567202118418,-0.03137625086532595,1
0.17615567202118418,-0.0245965898483768,1
0.17615567202118418,-0.017816928831427648,1
0.17615567202118418,-0.011037267814478495,1
0.17615567202118418,-0.004257606797529343,1
0.17615567202118418,0.00252205421941981,1
0.17615567202118418,0.009301715236368963,1
0.17615567202118418,0.016081376253318114,1
0.17615567202118418,0.022861037270267268,1
0.17615567202118418,0.02964069828721642,1
0.17615567202118418,0.036420359304165574,1
0.17615567202118418,0.043200020321114724,1
0.17615567202118418,0.04997968133806388,1
0.17615567202118418,0.05675934235501303,1
0.17615567202118418,0.06353900337196218,1
0.17615567202118418,0.07031866438891134,1
0.17615567202118418,0.0770983254058605,1
0.17615567202118418,0.08387798642280964,1
0.17615567202118418,0.09065764743975879,1
0.17615567202118418,0.09743730845670795,1
0.17615567202118418,0.10421696947365709,1
0.17615567202118418,0.11099663049060625,1
0.17615567202118418,0.1177762915075554,1
0.17615567202118418,0.12455595252450455,1
0.17615567202118418,0.1313356135414537,1
0.17615567202118418,0.13811527455840286,1
0.17615567202118418,0.14489493557535202,1
0.17615567202118418,0.15167459659230118,1
0.17615567202118418,0.1584542576092503,1
0.17615567202118418,0.16523391862619946,1
0.17615567202118418,0.17201357964314862,1
0.17615567202118418,0.17879324066009777,1
0.17615567202118418,0.18557290167704693,1
0.17615567202118418,0.1923525626939961,1
0.17615567202118418,0.19913222371094524,1
0.17615567202118418,0.20591188472789437,1
0.17615567202118418,0.21269154574484353,1
0.17615567202118418,0.2194712067617927,1
0.17615567202118418,0.22625086777874184,1
0.17615567202118418,0.233030528795691,1
0.17615567202118418,0.23981018981264016,1
0.17615567202118418,0.24658985082958929,1
0.17615567202118418,0.25336951184653844,1
0.17615567202118418,0.2601491728634876,1
0.17615567202118418,0.26692883388043676,1
0.18293533303813334,-0.13307116611956324,2
0.18293533303813334,-0.12629150510261408,2
0.18293533303813334,-0.11951184408566494,2
0.18293533303813334,-0.11273218306871578,2
0.18293533303813334,-0.10595252205176663,2
0.18293533303813334,-0.09917286103481748,2
0.18293533303813334,-0.09239320001786833,2
0.18293533303813334,-0.08561353900091917,2
0.18293533303813334,-0.07883387798397001,2
0.18293533303813334,-0.07205421696702087,2
0.18293533303813334,-0.06527455595007171,1
0.18293533303813334,-0.058494894933122564,1
0.18293533303813334,-0.05171523391617341,1
0.18293533303813334,-0.04493557289922426,1
0.18293533303813334,-0.03815591188227511,1
0.18293533303813334,-0.03137625086532595,1
0.18293533303813334,-0.0245965898483768,1
0.18293533303813334,-0.017816928831427648,1
0.18293533303813334,-0.011037267814478495,1
0.18293533303813334,-0.004257606797529343,1
0.18293533303813334,0.00252205421941981,1
0.18293533303813334,0.009301715236368963,1
0.18293533303813334,0.016081376253318114,1
0.18293533303813334,0.022861037270267268,1
0.18293533303813334,0.02964069828721642,1
0.18293533303813334,0.036420359304165574,1
0.18293533303813334,0.043200020321114724,1
0.18293533303813334,0.04997968133806388,1
0.18293533303813334,0.05675934235501303,1
0.18293533303813334,0.06353900337196218,1
0.18293533303813334,0.07031866438891134,1
0.18293533303813334,0.0770983254058605,1
0.18293533303813334,0.08387798642280964,1
0.18293533303813334,0.09065764743975879,1
0.18293533303813334,0.09743730845670795,1
0.18293533303813334,0.10421696947365709,1
0.18293533303813334,0.11099663049060625,1
0.18293533303813334,0.1177762915075554,1
0.18293533303813334,0.12455595252450455,1
0.18293533303813334,0.1313356135414537,1
0.18293533303813334,0.13811527455840286,1
0.18293533303813334,0.14489493557535202,1
0.18293533303813334,0.15167459659230118,1
0.18293533303813334,0.1584542576092503,1
0.18293533303813334,0.16523391862619946,1
0.18293533303813334,0.17201357964314862,1
0.18293533303813334,0.17879324066009777,1
0.18293533303813334,0.18557290167704693,1
0.18293533303813334,0.1923525626939961,1
0.18293533303813334,0.19913222371094524,1
0.18293533303813334,0.20591188472789437,1
0.18293533303813334,0.21269154574484353,1
0.18293533303813334,0.2194712067617927,1
0.18293533303813334,0.22625086777874184,1
0.18293533303813334,0.233030528795691,1
0.18293533303813334,0.23981018981264016,1
0.18293533303813334,0.24658985082958929,1
0.18293533303813334,0.25336951184653844,1
0.18293533303813334,0.2601491728634876,1
0.18293533303813334,0.26692883388043676,1
0.1897149940550825,-0.13307116611956324,2
0.1897149940550825,-0.12629150510261408,2
0.1897149940550825,-0.11951184408566494,2
0.1897149940550825,-0.11273218306871578,2
0.1897149940550825,-0.10595252205176663,2
0.1897149940550825,-0.09917286103481748,2
0.1897149940550825,-0.09239320001786833,2
0.1897149940550825,-0.08561353900091917,2
0.1897149940550825,-0.07883387798397001,2
0.1897149940550825,-0.07205421696702087,1
0.1897149940550825,-0.06527455595007171,1
0.1897149940550825,-0.058494894933122564,1
0.1897149940550825,-0.05171523391617341,1
0.1897149940550825,-0.04493557289922426,1
0.1897149940550825,-0.03815591188227511,1
0.1897149940550825,-0.03137625086532595,1
0.1897149940550825,-0.0245965898483768,1
0.1897149940550825,-0.017816928831427648,1
0.1897149940550825,-0.011037267814478495,1
0.1897149940550825,-0.004257606797529343,1
0.1897149940550825,0.00252205421941981,1
0.1897149940550825,0.009301715236368963,1
0.1897149940550825,0.016081376253318114,1
0.1897149940550825,0.022861037270267268,1
0.1897149940550825,0.02964069828721642,1
0.1897149940550825,0.036420359304165574,1
0.1897149940550825,0.043200020321114724,1
0.1897149940550825,0.04997968133806388,1
0.1897149940550825,0.05675934235501303,1
0.1897149940550825,0.06353900337196218,1
0.1897149940550825,0.07031866438891134,1
0.1897149940550825,0.0770983254058605,1
0.1897149940550825,0.08387798642280964,1
0.1897149940550825,0.09065764743975879,1
0.1897149940550825,0.09743730845670795,1
0.1897149940550825,0.10421696947365709,1
0.1897149940550825,0.11099663049060625,1
0.1897149940550825,0.1177762915075554,1
0.1897149940550825,0.12455595252450455,1
0.1897149940550825,0.1313356135414537,1
0.1897149940550825,0.13811527455840286,1
0.1897149940550825,0.14489493557535202,1
0.1897149940550825,0.15167459659230118,1
0.1897149940550825,0.1584542576092503,1
0.1897149940550825,0.16523391862619946,1
0.1897149940550825,0.17201357964314862,1
0.1897149940550825,0.17879324066009777,1
0.1897149940550825,0.18557290167704693,1
0.1897149940550825,0.1923525626939961,1
0.1897149940550825,0.19913222371094524,1
0.1897149940550825,0.20591188472789437,1
0.1897149940550825,0.21269154574484353,1
0.1897149940550825,0.2194712067617927,1
0.1897149940550825,0.22625086777874184,1
0.1897149940550825,0.233030528795691,1
0.1897149940550825,0.23981018981264016,1
0.1897149940550825,0.24658985082958929,1
0.1897149940550825,0.25336951184653844,1
0.1897149940550825,0.2601491728634876,1
0.1897149940550825,0.26692883388043676,1
0.19649465507203165,-0.13307116611956324,2
0.19649465507203165,-0.12629150510261408,2
0.19649465507203165,-0.11951184408566494,2
0.19649465507203165,-0.11273218306871578,2
0.19649465507203165,-0.10595252205176663,2
0.19649465507203165,-0.09917286103481748,2
0.19649465507203165,-0.09239320001786833,2
0.19649465507203165,-0.08561353900091917,2
0.19649465507203165,-0.07883387798397001,2
0.19649465507203165,-0.07205421696702087,1
0.19649465507203165,-0.06527455595007171,1
0.19649465507203165,-0.058494894933122564,1
0.19649465507203165,-0.05171523391617341,1
0.19649465507203165,-0.04493557289922426,1
0.19649465507203165,-0.03815591188227511,1
0.19649465507203165,-0.03137625086532595,1
0.19649465507203165,-0.0245965898483768,1
0.19649465507203165,-0.017816928831427648,1
0.19649465507203165,-0.011037267814478495,1
0.19649465507203165,-0.004257606797529343,1
0.19649465507203165,0.00252205421941981,1
0.19649465507203165,0.009301715236368963,1
0.19649465507203165,0.016081376253318114,1
0.19649465507203165,0.022861037270267268,1
0.19649465507203165,0.02964069828721642,1
0.19649465507203165,0.036420359304165574,1
0.19649465507203165,0.043200020321114724,1
0.19649465507203165,0.04997968133806388,1
0.19649465507203165,0.05675934235501303,1
0.19649465507203165,0.06353900337196218,1
0.19649465507203165,0.07031866438891134,1
0.19649465507203165,0.0770983254058605,1
0.19649465507203165,0.08387798642280964,1
0.19649465507203165,0.09065764743975879,1
0.19649465507203165,0.09743730845670795,1
0.19649465507203165,0.10421696947365709,1
0.19649465507203165,0.11099663049060625,1
0.19649465507203165,0.1177762915075554,1
0.19649465507203165,0.12455595252450455,1
0.19649465507203165,0.1313356135414537,1
0.19649465507203165,0.13811527455840286,1
0.19649465507203165,0.14489493557535202,1
0.19649465507203165,0.15167459659230118,1
0.19649465507203165,0.1584542576092503,1
0.19649465507203165,0.16523391862619946,1
0.19649465507203165,0.17201357964314862,1
0.19649465507203165,0.17879324066009777,1
0.19649465507203165,0.18557290167704693,1
0.19649465507203165,0.1923525626939961,1
0.19649465507203165,0.19913222371094524,1
0.19649465507203165,0.20591188472789437,1
0.19649465507203165,0.21269154574484353,1
0.19649465507203165,0.2194712067617927,1
0.19649465507203165,0.22625086777874184,1
0.19649465507203165,0.233030528795691,1
0.19649465507203165,0.23981018981264016,1
0.19649465507203165,0.24658985082958929,1
0.19649465507203165,0.25336951184653844,1
0.19649465507203165,0.2601491728634876,1
0.19649465507203165,0.26692883388043676,1
