traj_id,time,S_N,S_T,q
1,0.0,-0.14247229569927614,0.2711548411121192,-3.600178861977139
1,1.0,-0.14252542199773863,0.2709275627240383,-3.6060738521431506
1,2.0,-0.14257832059004152,0.2706999592089438,-3.611943575621849
1,3.0,-0.14263099490179706,0.27047203855570134,-3.617788412525359
1,4.0,-0.1426834489355014,0.2702438084657581,-3.623608806977894
1,5.0,-0.1427356888055413,0.2700152852168998,-3.629405437442871
1,6.0,-0.1427877145119168,0.2697864688091266,-3.6351783039202905
1,7.0,-0.14283952818244539,0.26955736454521606,-3.64092764251663
1,8.0,-0.14289113693472547,0.2693279891083063,-3.6466542430134847
1,9.0,-0.14294254009895663,0.26909833969095753,-3.652358031088587
1,10.0,-0.14299374483759447,0.268868432672819,-3.6580398015009674
1,11.0,-0.14304475653908086,0.2686382831473125,-3.6637001521618764
1,12.0,-0.1430955752034158,0.26840789111443786,-3.669339083071319
1,13.0,-0.14314620083059923,0.2681772565741952,-3.67495659422929
1,14.0,-0.14319663413892575,0.2679463804448215,-3.6805527653390526
1,15.0,-0.1432468867283469,0.26771529165356023,-3.6861288835522115
1,16.0,-0.14329695952816116,0.26748399262371847,-3.6916850519854063
1,17.0,-0.14334685253836854,0.2672524833552963,-3.6972212706386416
1,18.0,-0.1433965644812425,0.26702075960538435,-3.7027373977330664
1,19.0,-0.14344610298772864,0.26678883914781754,-3.708234280012207
1,20.0,-0.14349547541521324,0.2665567425251254,-3.713712733864953
1,21.0,-0.14354468176369628,0.266324469737308,-3.719172759291301
1,22.0,-0.14359372203317775,0.2660920207843653,-3.724614356291251
1,23.0,-0.14364259622365763,0.26585939566629724,-3.730037524864803
1,24.0,-0.1436913034670677,0.26562659102143726,-3.735442168689532
1,25.0,-0.14373985570153633,0.2653936377100675,-3.7408296124417557
1,26.0,-0.14378825541616724,0.2651605425551094,-3.7462001323169285
1,27.0,-0.14383650261096045,0.26492730555656296,-3.7515537283150464
1,28.0,-0.14388459728591602,0.2646939267144282,-3.7568904004361228
1,29.0,-0.14393253940529332,0.26446040591487446,-3.762210144714311
1,30.0,-0.14398032900365892,0.2642267394107338,-3.7675129649851757
1,31.0,-0.14402797925559183,0.2639929653458595,-3.772800323123837
1,32.0,-0.144075490161092,0.2637590837202513,-3.778072219130289
1,33.0,-0.14412286172015948,0.2635250945339094,-3.783328653004535
1,34.0,-0.14417009393279429,0.2632909977868337,-3.788569624746577
1,35.0,-0.14421718679899634,0.26305679347902416,-3.7937951343564085
1,36.0,-0.1442641387799669,0.2628224764595319,-3.7990050110861375
1,37.0,-0.14431095790223497,0.2625880677294406,-3.804200145573937
1,38.0,-0.14435765014894814,0.2623535848274267,-3.8093812017206874
1,39.0,-0.14440421552010635,0.2621190277534901,-3.8145481795263856
1,40.0,-0.14445065401570964,0.26188439650763096,-3.8197010789910295
1,41.0,-0.144496965635758,0.26164969108984915,-3.824839900114621
1,42.0,-0.14454315038025145,0.2614149115001447,-3.829964642897161
1,43.0,-0.14458920650525472,0.2611800499010295,-3.8350751138284394
1,44.0,-0.14463514450673765,0.26094513694454496,-3.8401724775602526
1,45.0,-0.14468096725269344,0.26071018214367286,-3.845257052330316
1,46.0,-0.1447266747431221,0.26047518549841325,-3.850328838138624
1,47.0,-0.1447722669780236,0.2602401470087662,-3.8553878349851796
1,48.0,-0.14481774395739797,0.26000506667473156,-3.8604340428699846
1,49.0,-0.1448631056812452,0.2597699444963094,-3.865467461793038
1,50.0,-0.14490835144181402,0.2595347779364976,-3.8704880132209794
1,51.0,-0.14495348336591693,0.2592995704969293,-3.875495933148767
1,52.0,-0.14499851067588032,0.25906435208218487,-3.8804922449024217
1,53.0,-0.14504343337170422,0.25882912269226416,-3.885476948481943
1,54.0,-0.14508825145338863,0.25859388232716723,-3.890450043887335
1,55.0,-0.14513296492093353,0.2583586309868941,-3.8954115311185897
1,56.0,-0.14517757377433896,0.25812336867144475,-3.9003614101757176
1,57.0,-0.14522207801360487,0.25788809538081914,-3.9052996810587097
1,58.0,-0.14526647620134428,0.2576528047822004,-3.9102261842725072
1,59.0,-0.1453107736441701,0.25741751151471187,-3.915141508648479
1,60.0,-0.1453549760710038,0.25718223664519635,-3.9200462898781114
1,61.0,-0.14539908348184535,0.25694698017365386,-3.924940527961399
1,62.0,-0.1454430958766948,0.2567117421000844,-3.9298242228983487
1,63.0,-0.14548701325555208,0.256476522424488,-3.9346973746889566
1,64.0,-0.14553083561841726,0.2562413211468645,-3.9395599833332255
1,65.0,-0.1455745629652903,0.2560061382672141,-3.9444120488311554
1,66.0,-0.14561819529617123,0.25577097378553665,-3.9492535711827426
1,67.0,-0.14566173124363277,0.2555358189317608,-3.9540843986557888
1,68.0,-0.14570517982264689,0.2553007065790013,-3.958905531567889
1,69.0,-0.1457485419148731,0.2550656403577113,-3.9637170677495743
1,70.0,-0.14579181752031142,0.254830620267891,-3.9685190072008494
1,71.0,-0.14583500663896184,0.25459564630954024,-3.9733113499217096
1,72.0,-0.1458781092708244,0.2543607184826591,-3.978094095912164
1,73.0,-0.14592112541589905,0.2541258367872476,-3.9828672451722054
1,74.0,-0.1459640550741858,0.25389100122330566,-3.9876307977018324
1,75.0,-0.14600689824568466,0.25365621179083336,-3.992384753501046
1,76.0,-0.14604965388136906,0.2534214580555064,-3.997128996167966
1,77.0,-0.1460923303417405,0.2531867758894562,-4.001864453398954
1,78.0,-0.14613492776639092,0.2529521659842952,-4.006591140683391
1,79.0,-0.14617744615532038,0.25271762834002337,-4.011309058021279
1,80.0,-0.14621988550852888,0.2524831629566407,-4.016018205412616
1,81.0,-0.14626224582601638,0.25224876983414724,-4.020718582857401
1,82.0,-0.14630452710778288,0.25201444897254294,-4.025410190355635
1,83.0,-0.14634672935382842,0.2517802003718278,-4.030093027907319
1,84.0,-0.146388852564153,0.2515460240320019,-4.0347670955124535
1,85.0,-0.14643089566782114,0.2513119132228624,-4.039432274338107
1,86.0,-0.14647286228327733,0.2510778799308913,-4.0440889658934145
1,87.0,-0.14651475626010332,0.2508439433920626,-4.048737597334938
1,88.0,-0.14655657759829913,0.25061010360637637,-4.053378168662674
1,89.0,-0.14659832629786473,0.25037636057383245,-4.058010679876625
1,90.0,-0.14664000235880012,0.25014271429443097,-4.062635130976786
1,91.0,-0.14668160578110534,0.2499091647681719,-4.067251521963162
1,92.0,-0.14672313656478037,0.2496757119950552,-4.071859852835751
1,93.0,-0.1467645947098252,0.2494423559750809,-4.076460123594557
1,94.0,-0.14680598021623983,0.249209096708249,-4.081052334239573
1,95.0,-0.14684729236629138,0.24897592862738768,-4.085636405129861
1,96.0,-0.14688853337860389,0.24874285701913257,-4.090212582447963
1,97.0,-0.14692970711911227,0.24850990505675918,-4.0947812951650056
1,98.0,-0.1469708135878166,0.2482770727402675,-4.099342543280996
1,99.0,-0.14701185278471685,0.24804436006965752,-4.103896326795931
1,100.0,-0.147052824709813,0.24781176704492927,-4.108442645709813
1,101.0,-0.14709372936310508,0.2475792936660827,-4.112981500022639
1,102.0,-0.14713456674459308,0.24734693993311785,-4.117512889734412
1,103.0,-0.147175336854277,0.2471147058460347,-4.122036814845132
1,104.0,-0.14721603969215682,0.24688259140483326,-4.1265532753547935
1,105.0,-0.14725667525823258,0.24665059660951352,-4.1310622712634055
1,106.0,-0.1472972427972218,0.2464187134106394,-4.135563718763457
1,107.0,-0.1473377453027957,0.2461869552630027,-4.140057950038115
1,108.0,-0.14737818492508326,0.24595533802365388,-4.144545203669586
1,109.0,-0.1474185616640845,0.24572386169259303,-4.149025479657874
1,110.0,-0.14745887551979941,0.2454925262698201,-4.153498778002972
1,111.0,-0.14749912649222802,0.24526133175533507,-4.157965098704887
1,112.0,-0.14753931458137026,0.24503027814913797,-4.162424441763612
1,113.0,-0.14757943978722618,0.2447993654512288,-4.16687680717915
1,114.0,-0.14761950210979577,0.24456859366160755,-4.1713221949515
1,115.0,-0.14765950154907906,0.2443379627802742,-4.175760605080668
1,116.0,-0.147699438105076,0.2441074728072288,-4.180192037566643
1,117.0,-0.147739311632248,0.2438771219188268,-4.184616476260207
1,118.0,-0.14777912255867026,0.2436469025758529,-4.189033968661356
1,119.0,-0.1478188740676436,0.24341684375399344,-4.193444867994904
1,120.0,-0.14785856615916795,0.24318694545324848,-4.197849174260844
1,121.0,-0.14789819883324337,0.24295720767361798,-4.202246887459184
1,122.0,-0.1479377720898698,0.24272763041510195,-4.206638007589918
1,123.0,-0.1479772859290473,0.24249821367770039,-4.21102253465305
1,124.0,-0.14801674035077583,0.2422689574614133,-4.215400468648575
1,125.0,-0.14805613535505538,0.24203986176624065,-4.219771809576495
1,126.0,-0.148095470941886,0.2418109265921825,-4.224136557436816
1,127.0,-0.14813474711126765,0.2415821519392388,-4.228494712229531
1,128.0,-0.14817396386320034,0.24135353780740956,-4.232846273954642
1,129.0,-0.14821312108977924,0.24112508221882906,-4.237191230638836
1,130.0,-0.1482522193445504,0.24089677865831371,-4.241529643704581
1,131.0,-0.14829126081549163,0.24066865352810943,-4.245861755933851
1,132.0,-0.14833024550260285,0.24044070682821614,-4.25018756732664
1,133.0,-0.14836917340588412,0.2402129385586339,-4.254507077882956
1,134.0,-0.14840804452533543,0.23998534871936267,-4.258820287602792
1,135.0,-0.14844685886095677,0.23975793731040246,-4.263127196486153
1,136.0,-0.14848561641274816,0.2395307043317533,-4.267427804533038
1,137.0,-0.14852431718070958,0.23930364978341515,-4.271722111743447
1,138.0,-0.14856296116484102,0.23907677366538804,-4.276010118117378
1,139.0,-0.1486015483651425,0.23885007597767194,-4.280291823654831
1,140.0,-0.14864007878161403,0.2386235567202669,-4.284567228355807
1,141.0,-0.14867855241425557,0.23839721589317284,-4.288836332220305
1,142.0,-0.14871696933777284,0.23817104330309857,-4.293099143537806
1,143.0,-0.14875533114637302,0.23794505910673136,-4.297355839204421
1,144.0,-0.14879363807821167,0.23771926954409583,-4.301606445646322
1,145.0,-0.14883189013328885,0.23749367461519194,-4.305850962863516
1,146.0,-0.1488700873116045,0.23726827432001973,-4.310089390855998
1,147.0,-0.14890822961315867,0.2370430686585792,-4.314321729623766
1,148.0,-0.1489463170379513,0.2368180576308703,-4.318547979166823
1,149.0,-0.14898434958598247,0.23659324123689307,-4.322768139485173
1,150.0,-0.14902232725725212,0.2363686194766475,-4.3269822105788105
1,151.0,-0.14906025005176027,0.23614419235013362,-4.331190192447735
1,152.0,-0.14909811796950692,0.23591995985735137,-4.335392085091949
1,153.0,-0.14913593101049208,0.2356959219983008,-4.339587888511455
1,154.0,-0.14917368917471574,0.2354720787729819,-4.343777602706251
1,155.0,-0.14921139296808097,0.2352484194244542,-4.347961283812256
1,156.0,-0.14924904319265134,0.2350249688197841,-4.352139020827892
1,157.0,-0.14928663985165136,0.2348017273876116,-4.356310814110961
1,158.0,-0.14932418294508104,0.23457869512793666,-4.360476663661461
1,159.0,-0.14936167247294035,0.23435587204075933,-4.36463656947939
1,160.0,-0.1493991084352293,0.2341332581260796,-4.3687905315647475
1,161.0,-0.1494364908319479,0.23391085338389744,-4.372938549917539
1,162.0,-0.14947381966309614,0.23368865781421289,-4.377080624537758
1,163.0,-0.14951109492867404,0.2334666714170259,-4.38121675542541
1,164.0,-0.1495483166286816,0.2332448941923365,-4.385346942580491
1,165.0,-0.14958548476311878,0.2330233261401447,-4.389471186003004
1,166.0,-0.1496225993319856,0.23280196726045047,-4.393589485692942
1,167.0,-0.1496596603550644,0.2325808165526516,-4.3977018438453985
1,168.0,-0.14969666856014222,0.2323598666896794,-4.401808341216931
1,169.0,-0.1497336240411892,0.23213913897634658,-4.4059089882346445
1,170.0,-0.14977052679820538,0.23191863341265315,-4.410003784898536
1,171.0,-0.14980737683119072,0.23169834999859912,-4.414092731208605
1,172.0,-0.14984417414014525,0.23147828873418444,-4.418175827164856
1,173.0,-0.14988091872506898,0.23125844961940917,-4.422253072767289
1,174.0,-0.14991761058596187,0.23103883265427327,-4.426324468015897
1,175.0,-0.14995424972282395,0.23081943783877676,-4.430390012910687
1,176.0,-0.1499908361356552,0.23060026517291962,-4.434449707451652
1,177.0,-0.15002736982445566,0.23038131465670186,-4.438503551638804
1,178.0,-0.15006385078922527,0.23016258629012348,-4.442551545472126
1,179.0,-0.1501002790299641,0.22994408007318448,-4.446593688951634
1,180.0,-0.15013665454667205,0.22972579600588489,-4.4506299820773165
1,181.0,-0.15017297812294825,0.2295077249907542,-4.454660511798748
1,182.0,-0.15020924947075207,0.22928988756926674,-4.458685246154417
1,183.0,-0.15024546858667995,0.2290722838350561,-4.462704184766663
1,184.0,-0.15028163547073192,0.22885491378812234,-4.466717327635488
1,185.0,-0.15031775012290793,0.22863777742846542,-4.470724674760884
1,186.0,-0.15035381254320804,0.22842087475608536,-4.47472622614286
1,187.0,-0.1503898227316322,0.22820420577098216,-4.4787219817814075
1,188.0,-0.15042578068818044,0.22798777047315583,-4.482711941676535
1,189.0,-0.15046168641285274,0.22777156886260633,-4.486696105828235
1,190.0,-0.15049753990564912,0.2275556009393337,-4.4906744742365134
1,191.0,-0.15053334116656955,0.2273398667033379,-4.494647046901363
1,192.0,-0.15056909019561407,0.22712436615461898,-4.498613823822794
1,193.0,-0.15060478699278268,0.2269090992931769,-4.502574805000802
1,194.0,-0.15064043231501015,0.22669405818518804,-4.506530074426237
1,195.0,-0.1506760257328002,0.22647925935075675,-4.510479584441421
1,196.0,-0.15071156716028225,0.22626470443435276,-4.5144233255179955
1,197.0,-0.15074705659745624,0.22605039343597608,-4.518361297655949
1,198.0,-0.1507824940443222,0.22583632635562667,-4.522293500855293
1,199.0,-0.15081787950088013,0.22562250319330457,-4.526219935116024
1,200.0,-0.15085321296713,0.22540892394900974,-4.530140600438138
1,201.0,-0.15088849444307187,0.22519558862274222,-4.534055496821642
1,202.0,-0.1509237239287057,0.22498249721450198,-4.537964624266533
1,203.0,-0.15095890142403148,0.22476964972428903,-4.541867982772809
1,204.0,-0.15099402692904923,0.2245570461521034,-4.54576557234047
1,205.0,-0.15102910044375895,0.22434468649794503,-4.549657392969519
1,206.0,-0.15106412196816063,0.22413257076181395,-4.553543444659954
1,207.0,-0.15109909213589207,0.22392069256107472,-4.557423797721371
1,208.0,-0.15113401061680917,0.2237090636623014,-4.561298415520386
1,209.0,-0.1511688771808121,0.22349768772821507,-4.5651672725247
1,210.0,-0.15120369182790083,0.22328656475881575,-4.569030368734316
1,211.0,-0.15123845455807539,0.22307569475410344,-4.572887704149231
1,212.0,-0.15127316537133575,0.22286507771407812,-4.576739278769449
1,213.0,-0.15130782426768197,0.22265471363873984,-4.580585092594972
1,214.0,-0.151342431247114,0.22244460252808856,-4.584425145625793
1,215.0,-0.1513769863096318,0.2222347443821243,-4.588259437861914
1,216.0,-0.15141148945523547,0.22202513920084702,-4.592087969303338
1,217.0,-0.15144594068392495,0.22181578698425677,-4.595910739950063
1,218.0,-0.15148033999570026,0.22160668773235354,-4.599727749802092
1,219.0,-0.15151468739056137,0.2213978414451373,-4.6035389988594195
1,220.0,-0.15154898337602843,0.22118924325244818,-4.607344543437398
1,221.0,-0.15158322780742817,0.2209809005460128,-4.611144367482824
1,222.0,-0.15161742029018255,0.2207728187714987,-4.614938427212601
1,223.0,-0.15165156082429154,0.22056499792890588,-4.618726722626728
1,224.0,-0.1516856494097552,0.22035743801823432,-4.622509253725211
1,225.0,-0.1517196860465735,0.22015013903948405,-4.626286020508041
1,226.0,-0.1517536707347464,0.21994310099265507,-4.630057022975228
1,227.0,-0.15178760347427395,0.21973632387774736,-4.633822261126762
1,228.0,-0.15182148426515615,0.2195298076947609,-4.637581734962651
1,229.0,-0.15185531310739298,0.21932355244369575,-4.64133544448289
1,230.0,-0.15188909000098444,0.21911755812455186,-4.64508338968748
1,231.0,-0.15192281494593052,0.21891182473732926,-4.64882557057642
1,232.0,-0.15195648794223127,0.21870635228202792,-4.652561987149717
1,233.0,-0.15199010935625662,0.21850113737250237,-4.656292680060439
1,234.0,-0.1520236792897109,0.21829618341534246,-4.660017660593884
1,235.0,-0.15205719718653116,0.21809149737437264,-4.663736867048301
1,236.0,-0.15209066304671737,0.21788707924959289,-4.667450299423684
1,237.0,-0.15212407687026955,0.21768292904100323,-4.6711579577200375
1,238.0,-0.1521574386571877,0.21747904674860366,-4.674859841937361
1,239.0,-0.15219074840747182,0.21727543237239416,-4.678555952075657
1,240.0,-0.15222400612112189,0.21707208591237473,-4.682246288134918
1,241.0,-0.15225721179813795,0.2168690073685454,-4.685930850115154
1,242.0,-0.15229036543851995,0.21666619674090612,-4.689609638016355
1,243.0,-0.15232346704226793,0.21646365402945694,-4.69328265183853
1,244.0,-0.15235651660938185,0.21626137923419786,-4.696949891581668
1,245.0,-0.15238951413986176,0.21605937235512881,-4.700611357245782
1,246.0,-0.1524224598531796,0.21585763141512498,-4.704267073183871
1,247.0,-0.1524553541193329,0.21565615627646653,-4.707917080451531
1,248.0,-0.15248819624132692,0.21545495513331717,-4.711561301708965
1,249.0,-0.15252098621916174,0.21525402798567694,-4.71519973695618
1,250.0,-0.1525537240528373,0.2150533748335458,-4.718832386193173
1,251.0,-0.15258640974235363,0.21485299567692376,-4.722459249419947
1,252.0,-0.15261904328771073,0.21465289051581082,-4.726080326636498
1,253.0,-0.15265162468890858,0.21445305935020698,-4.729695617842828
1,254.0,-0.15268415394594723,0.21425350218011224,-4.733305123038941
1,255.0,-0.1527166310588266,0.21405421900552662,-4.736908842224827
1,256.0,-0.15274905602754674,0.2138552098264501,-4.740506775400493
1,257.0,-0.15278142885210766,0.21365647464288268,-4.744098922565942
1,258.0,-0.15281374953250934,0.21345801345482437,-4.747685283721166
1,259.0,-0.152846018145766,0.2132598255775344,-4.75126586741181
1,260.0,-0.1528782353179526,0.2130619078209623,-4.754840743108276
1,261.0,-0.1529104002461799,0.21286426929858307,-4.758409821720524
1,262.0,-0.15294251293044797,0.21266691001039675,-4.7619731032485655
1,263.0,-0.1529745733707568,0.21246982995640334,-4.765530587692394
1,264.0,-0.1530065815671063,0.21227302913660284,-4.769082275052006
1,265.0,-0.1530385375194966,0.21207650755099525,-4.7726281653274105
1,266.0,-0.1530704412279276,0.21188026519958056,-4.7761682585186005
1,267.0,-0.15310229269239936,0.2116843020823588,-4.779702554625581
1,268.0,-0.15313409191291183,0.21148861819932993,-4.783231053648343
1,269.0,-0.15316583888946506,0.21129321355049396,-4.786753755586896
1,270.0,-0.15319753362205904,0.21109808813585093,-4.790270660441237
1,271.0,-0.15322917611069373,0.21090324195540078,-4.793781768211365
1,272.0,-0.15326076635536917,0.21070867500914353,-4.79728707889728
1,273.0,-0.15329230504416133,0.21051438295646502,-4.800786668849137
1,274.0,-0.15332379146777622,0.21032037413704055,-4.804280459362395
1,275.0,-0.1533552255752613,0.21012664900407252,-4.807768444783265
1,276.0,-0.15338660736661655,0.2099332075575609,-4.8112506251117475
1,277.0,-0.153417936841842,0.2097400497975057,-4.814727000347842
1,278.0,-0.1534492140009376,0.209547175723907,-4.818197570491548
1,279.0,-0.1534804388439034,0.20935458533676468,-4.821662335542861
1,280.0,-0.15351161137073935,0.2091622786360788,-4.82512129550179
1,281.0,-0.1535427315814455,0.2089702556218494,-4.828574450368329
1,282.0,-0.15357379947602182,0.2087785162940764,-4.832021800142483
1,283.0,-0.15360481505446832,0.20858706065275984,-4.835463344824246
1,284.0,-0.153635778316785,0.2083958886978997,-4.838899084413619
1,285.0,-0.15366668926297183,0.20820500042949602,-4.842329018910603
1,286.0,-0.1536975484182175,0.20801439243408326,-4.845753206591084
1,287.0,-0.15372835538211727,0.20782407043550946,-4.849171603025425
1,288.0,-0.15375910999953615,0.20763403583606785,-4.8525841909995675
1,289.0,-0.15378981227047414,0.20744428863575845,-4.8559909705135125
1,290.0,-0.15382046219493126,0.2072548288345812,-4.859391941567262
1,291.0,-0.1538510597729075,0.2070656564325362,-4.862787104160813
1,292.0,-0.15388160500440287,0.20687677142962338,-4.866176458294172
1,293.0,-0.15391209788941737,0.20668817382584273,-4.869560003967334
1,294.0,-0.15394253842795097,0.20649986362119427,-4.872937741180297
1,295.0,-0.1539729266200037,0.20631184081567802,-4.876309669933066
1,296.0,-0.15400326246557552,0.20612410540929396,-4.879675790225634
1,297.0,-0.1540335459646665,0.2059366574020421,-4.8830361020580115
1,298.0,-0.1540637771172766,0.2057494967939224,-4.8863906054301856
1,299.0,-0.1540939562971778,0.2055626210730064,-4.8897393418165835
1,300.0,-0.15412408337916345,0.20537603363437174,-4.893082297324043
1,301.0,-0.15415415813589675,0.2051897366094414,-4.8964194467268625
1,302.0,-0.15418418056737776,0.20500372999821542,-4.899750790025047
1,303.0,-0.15421415067360641,0.20481801380069378,-4.903076327218592
1,304.0,-0.15424406845458274,0.2046325880168765,-4.906396058307497
1,305.0,-0.15427393391030675,0.2044474526467636,-4.9097099832917666
1,306.0,-0.1543037470407784,0.204262607690355,-4.913018102171393
1,307.0,-0.15433350784599775,0.2040780531476508,-4.916320414946384
1,308.0,-0.15436321632596475,0.20389378901865093,-4.919616921616736
1,309.0,-0.15439287248067943,0.2037098153033554,-4.922907622182451
1,310.0,-0.15442247631014175,0.20352613200176425,-4.926192516643524
1,311.0,-0.15445202781435177,0.20334273911387743,-4.9294716049999625
1,312.0,-0.15448152723297798,0.20315963495986245,-4.932744913845813
1,313.0,-0.1545109746661102,0.20297682096078568,-4.9360124542872255
1,314.0,-0.15454036985313221,0.20279429972952573,-4.939274197405757
1,315.0,-0.15456971279404405,0.2026120712660826,-4.942530143201401
1,316.0,-0.15459900348884573,0.20243013557045628,-4.9457802916741676
1,317.0,-0.1546282419375372,0.20224849264264677,-4.949024642824047
1,318.0,-0.15465742814011846,0.20206714248265406,-4.952263196651046
1,319.0,-0.15468656209658954,0.20188608509047817,-4.955495953155161
1,320.0,-0.15471564380695044,0.2017053204661191,-4.958722912336391
1,321.0,-0.15474467327120114,0.20152484860957684,-4.961944074194738
1,322.0,-0.15477365048934166,0.2013446695208514,-4.965159438730202
1,323.0,-0.154802575461372,0.20116478319994274,-4.968369005942785
1,324.0,-0.15483144818729216,0.20098518964685091,-4.971572775832487
1,325.0,-0.15486026879576878,0.2008058879052955,-4.974770762676387
1,326.0,-0.15488903754821118,0.20062687783760905,-4.977962995480939
1,327.0,-0.15491775419529175,0.20044816226630016,-4.981149446580302
1,328.0,-0.15494641873701048,0.20026974119136887,-4.9843301159744735
1,329.0,-0.15497503117336736,0.20009161461281516,-4.98750500366345
1,330.0,-0.15500359150436244,0.19991378253063904,-4.990674109647242
1,331.0,-0.15503209972999568,0.19973624494484052,-4.9938374339258385
1,332.0,-0.1550605558502671,0.19955900185541958,-4.9969949764992485
1,333.0,-0.15508895986517668,0.19938205326237624,-5.000146737367465
1,334.0,-0.15511731177472443,0.19920539916571048,-5.003292716530492
1,335.0,-0.15514561157891035,0.1990290395654223,-5.006432913988326
1,336.0,-0.15517385927773444,0.1988529744615117,-5.009567329740972
1,337.0,-0.15520205487119673,0.19867720385397872,-5.0126959637884285
1,338.0,-0.15523019840543384,0.19850172736688773,-5.0158188212501
1,339.0,-0.15525829022742035,0.19832654377225606,-5.018935940626917
1,340.0,-0.1552863301480646,0.19815165580997918,-5.02204730093692
1,341.0,-0.15531431816736654,0.19797706348005709,-5.025152902180112
1,342.0,-0.15534225428532622,0.1978027667824898,-5.0282527443564895
1,343.0,-0.15537013850194364,0.19762876571727728,-5.0313468274660575
1,344.0,-0.15539797081721876,0.19745506028441953,-5.034435151508813
1,345.0,-0.15542575123115163,0.19728165048391658,-5.037517716484756
1,346.0,-0.1554534797437422,0.1971085363157684,-5.040594522393888
1,347.0,-0.15548115635499052,0.19693571777997504,-5.043665569236207
1,348.0,-0.15550878106489655,0.19676319487653643,-5.046730857011715
1,349.0,-0.15553635387346032,0.1965909676054526,-5.049790385720411
1,350.0,-0.1555638747806818,0.19641903596672358,-5.052844155362295
1,351.0,-0.155591343786561,0.19624739996034934,-5.055892165937369
1,352.0,-0.1556187612288596,0.1960760578744942,-5.058934454924272
1,353.0,-0.15564612704040978,0.1959050119651415,-5.061971014869951
1,354.0,-0.1556734412180261,0.19573426226312698,-5.065001845420937
1,355.0,-0.15570070376170844,0.19556380876845061,-5.0680269465772225
1,356.0,-0.15572791467145689,0.1953936514811124,-5.07104631833881
1,357.0,-0.15575507394727142,0.19522379040111235,-5.074059960705704
1,358.0,-0.15578218158915202,0.19505422552845042,-5.077067873677898
1,359.0,-0.15580923759709872,0.19488495686312665,-5.080070057255395
1,360.0,-0.15583624197111148,0.194715984405141,-5.0830665114381945
1,361.0,-0.15586319471119034,0.19454730815449356,-5.0860572362263
1,362.0,-0.15589009581733526,0.19437892811118423,-5.089042231619706
1,363.0,-0.15591694528954628,0.19421084427521307,-5.092021497618415
1,364.0,-0.15594374312782336,0.19404305664658006,-5.094995034222425
1,365.0,-0.1559704895414262,0.193875564109961,-5.097962864651572
1,366.0,-0.15599718466615234,0.19370836758737417,-5.100925003974194
1,367.0,-0.15602382848668803,0.19354146731671093,-5.103881450491051
1,368.0,-0.1560504210030333,0.19337486329797132,-5.106832204202146
1,369.0,-0.15607696221518813,0.19320855553115532,-5.109777265107477
1,370.0,-0.15610345212315255,0.1930425440162629,-5.112716633207046
1,371.0,-0.15612989072692654,0.1928768287532941,-5.115650308500854
1,372.0,-0.15615627802651008,0.19271140974224893,-5.1185782909888955
1,373.0,-0.15618261402190323,0.19254628698312734,-5.121500580671178
1,374.0,-0.15620889871310592,0.19238146047592938,-5.124417177547695
1,375.0,-0.1562351321001182,0.19221693022065503,-5.127328081618448
1,376.0,-0.15626131418294,0.19205269621730428,-5.130233292883438
1,377.0,-0.15628744496157143,0.19188875846587714,-5.1331328113426675
1,378.0,-0.15631352454030983,0.19172511636407855,-5.136026648569163
1,379.0,-0.1563395531920646,0.19156176983498302,-5.138914834845444
1,380.0,-0.15636553092977742,0.19139871910185277,-5.1417973716075425
1,381.0,-0.15639145775344832,0.19123596416468774,-5.144674258855462
1,382.0,-0.15641733366307728,0.19107350502348794,-5.147545496589201
1,383.0,-0.1564431586586643,0.1909113416782534,-5.150411084808757
1,384.0,-0.15646893274020937,0.1907494741289841,-5.153271023514137
1,385.0,-0.1564946559077125,0.19058790237568005,-5.156125312705329
1,386.0,-0.15652032816117367,0.1904266264183412,-5.1589739523823415
1,387.0,-0.15654594950059295,0.19026564625696765,-5.161816942545177
1,388.0,-0.15657151992597027,0.1901049618915593,-5.16465428319383
1,389.0,-0.15659703943730563,0.1899445733221162,-5.167485974328301
1,390.0,-0.15662250803459907,0.18978448054863833,-5.170312015948592
1,391.0,-0.15664792574641245,0.18962468336110155,-5.17313241122398
1,392.0,-0.15667329291003054,0.1894651810672392,-5.175947197580193
1,393.0,-0.15669860960780435,0.18930597364146148,-5.178756384155048
1,394.0,-0.1567238758397339,0.18914706108376844,-5.181559970948547
1,395.0,-0.15674909160581915,0.18898844339416007,-5.184357957960684
1,396.0,-0.15677425690606014,0.18883012057263635,-5.187150345191469
1,397.0,-0.15679937174045686,0.18867209261919732,-5.189937132640894
1,398.0,-0.15682443610900929,0.18851435953384293,-5.192718320308961
1,399.0,-0.15684945001171743,0.18835692131657322,-5.195493908195669
1,400.0,-0.1568744134485813,0.18819977796738818,-5.198263896301018
1,401.0,-0.15689932641960092,0.1880429294862878,-5.201028284625014
1,402.0,-0.15692418892477622,0.18788637587327212,-5.20378707316765
1,403.0,-0.15694900096410727,0.18773011712834106,-5.206540261928929
1,404.0,-0.1569737625183721,0.18757415330111363,-5.209287848775951
1,405.0,-0.15699847390566654,0.18741848352193535,-5.212029869005199
1,406.0,-0.15702313533081694,0.18726310723800335,-5.214766345344579
1,407.0,-0.15704774679382333,0.18710802444931757,-5.217497277794095
1,408.0,-0.15707230829468566,0.18695323515587803,-5.220222666353741
1,409.0,-0.15709681983340396,0.18679873935768473,-5.2229425110235175
1,410.0,-0.15712128140997825,0.18664453705473766,-5.225656811803433
1,411.0,-0.15714569302440848,0.18649062824703685,-5.228365568693476
1,412.0,-0.1571700546766947,0.18633701293458227,-5.231068781693653
1,413.0,-0.15719436636683687,0.18618369111737396,-5.233766450803961
1,414.0,-0.15721862809483503,0.18603066279541186,-5.236458576024404
1,415.0,-0.15724283986068913,0.185877927968696,-5.239145157354976
1,416.0,-0.15726700166439922,0.1857254866372264,-5.241826194795683
1,417.0,-0.15729111347960806,0.1855733389138659,-5.244501685421879
1,418.0,-0.15731517549953994,0.18542148430977815,-5.24717165067408
1,419.0,-0.1573391881135805,0.18526992140909915,-5.24983613375922
1,420.0,-0.1573631513217297,0.18511865021182894,-5.252495134677296
1,421.0,-0.15738706512398762,0.18496767071796752,-5.255148653428313
1,422.0,-0.1574109295203542,0.18481698292751483,-5.25779669001227
1,423.0,-0.15743474451082948,0.18466658684047096,-5.260439244429168
1,424.0,-0.15745851009541342,0.18451648245683583,-5.263076316679004
1,425.0,-0.15748222627410605,0.18436666977660948,-5.265707906761778
1,426.0,-0.15750589304690735,0.18421714879979192,-5.268334014677494
1,427.0,-0.15752951041381733,0.18406791952638313,-5.270954640426146
1,428.0,-0.15755307837483598,0.1839189819563831,-5.273569784007739
1,429.0,-0.15757659692996331,0.18377033608979185,-5.276179445422273
1,430.0,-0.15760006607919932,0.18362198192660936,-5.2787836246697415
1,431.0,-0.15762348581015234,0.18347391981713565,-5.281382320375152
1,432.0,-0.1576468567192551,0.183326147326209,-5.283975598719754
1,433.0,-0.1576701788282478,0.18317866435282135,-5.286563462115877
1,434.0,-0.15769345213713043,0.18303147089697266,-5.289145910563525
1,435.0,-0.157716676645903,0.18288456695866298,-5.291722944062696
1,436.0,-0.15773985235456547,0.18273795253789227,-5.294294562613388
1,437.0,-0.15776297926311791,0.18259162763466055,-5.296860766215605
1,438.0,-0.15778605737156026,0.1824455922489678,-5.299421554869344
1,439.0,-0.15780908667989255,0.18229984638081406,-5.301976928574605
1,440.0,-0.15783206718811477,0.1821543900301993,-5.304526887331388
1,441.0,-0.15785499889622692,0.1820092231971235,-5.307071431139696
1,442.0,-0.15787788180422901,0.18186434588158673,-5.309610559999529
1,443.0,-0.15790071591212104,0.18171975808358892,-5.312144273910885
1,444.0,-0.15792350112218903,0.181575460478853,-5.314672562031242
1,445.0,-0.15794623803716956,0.1814314505463985,-5.317195491241346
1,446.0,-0.15796892680414173,0.1812877275758296,-5.31971307786136
1,447.0,-0.15799156742310558,0.1811442915671463,-5.322225321891282
1,448.0,-0.1580141598940611,0.1810011425203486,-5.324732223331117
1,449.0,-0.15803670421700827,0.1808582804354365,-5.327233782180863
1,450.0,-0.15805920039194712,0.18071570531241,-5.329729998440521
1,451.0,-0.15808164841887762,0.1805734171512691,-5.332220872110086
1,452.0,-0.15810404829779978,0.18043141595201379,-5.334706403189562
1,453.0,-0.15812640002871362,0.1802897017146441,-5.33718659167895
1,454.0,-0.1581487036116191,0.18014827443916,-5.339661437578245
1,455.0,-0.15817095904651626,0.18000713412556152,-5.342130940887455
1,456.0,-0.15819316633340508,0.1798662807738486,-5.344595101606573
1,457.0,-0.15821532535373273,0.17972571507898538,-5.347053906580764
1,458.0,-0.15823743653896893,0.17958543533534504,-5.349507403686692
1,459.0,-0.15825950027141258,0.17944543965169754,-5.351955635344931
1,460.0,-0.15828151655106365,0.1793057280280429,-5.354398601555478
1,461.0,-0.1583034853779222,0.1791663004643811,-5.356836302318337
1,462.0,-0.15832540675198817,0.1790271569607121,-5.359268737633508
1,463.0,-0.1583472806732616,0.17888829751703597,-5.36169590750099
1,464.0,-0.15836910714174243,0.1787497221333527,-5.364117811920779
1,465.0,-0.15839088615743074,0.17861143080966224,-5.366534450892884
1,466.0,-0.1584126177203265,0.17847342354596465,-5.368945824417296
1,467.0,-0.1584343018304297,0.17833570034225987,-5.371351932494022
1,468.0,-0.15845593848774034,0.17819826119854795,-5.37375277512306
1,469.0,-0.15847752769225842,0.1780611061148289,-5.376148352304406
1,470.0,-0.15849906940575084,0.17792423530337698,-5.37853865979565
1,471.0,-0.15852056363491493,0.1777876491900098,-5.380923698339935
1,472.0,-0.1585420111463552,0.17765134391143725,-5.383303553001089
1,473.0,-0.15856341194007165,0.17751531946765928,-5.385678223779113
1,474.0,-0.15858476601606428,0.17737957585867592,-5.388047710674004
1,475.0,-0.1586060733743331,0.17724411308448718,-5.390412013685761
1,476.0,-0.15862733401487814,0.17710893114509302,-5.392771132814392
1,477.0,-0.15864854793769934,0.17697403004049347,-5.395125068059885
1,478.0,-0.15866971514279674,0.17683940977068854,-5.397473819422252
1,479.0,-0.1586908356301703,0.1767050703356782,-5.399817386901483
1,480.0,-0.15871190939982005,0.17657101173546247,-5.402155770497581
1,481.0,-0.15873293645174602,0.17643723397004135,-5.404488970210552
1,482.0,-0.15875391678594813,0.17630373703941482,-5.4068169860403845
1,483.0,-0.15877485040242648,0.1761705209435829,-5.40913981798709
1,484.0,-0.1587957370997102,0.17603758701444067,-5.4114574436951015
1,485.0,-0.1588165776595133,0.17590493143397623,-5.41376994990481
1,486.0,-0.1588373722733029,0.17577255316213786,-5.4160773578617665
1,487.0,-0.15885812094107912,0.17564045219892557,-5.4183796675659694
1,488.0,-0.1588788236628419,0.17550862854433935,-5.420676879017421
1,489.0,-0.15889948043859123,0.1753770821983792,-5.422968992216121
1,490.0,-0.15892009126832712,0.17524581316104515,-5.425256007162066
1,491.0,-0.1589406561520496,0.17511482143233717,-5.427537923855262
1,492.0,-0.15896117508975863,0.17498410701225525,-5.429814742295701
1,493.0,-0.1589816480814542,0.17485366990079942,-5.432086462483389
1,494.0,-0.15900207512713638,0.17472351009796966,-5.434353084418326
1,495.0,-0.1590224562268051,0.17459362760376598,-5.43661460810051
1,496.0,-0.15904279138046037,0.1744640224181884,-5.4388710335299395
1,497.0,-0.15906308044177442,0.17433469540950014,-5.441122344469818
1,498.0,-0.15908332373005027,0.1742056453128626,-5.443368576350594
1,499.0,-0.15910352187747495,0.1740768687194636,-5.4456097993208745
1,500.0,-0.15912367488404852,0.17394836562930316,-5.447846013380672
1,501.0,-0.15914378274977092,0.17382013604238128,-5.4500772185299775
1,502.0,-0.15916384547464218,0.17369217995869798,-5.452303414768798
1,503.0,-0.15918386305866228,0.17356449737825322,-5.454524602097123
1,504.0,-0.15920383550183126,0.17343708830104704,-5.456740780514966
1,505.0,-0.15922376280414907,0.1733099527270794,-5.4589519500223185
1,506.0,-0.15924364496561572,0.17318309065635037,-5.461158110619177
1,507.0,-0.15926348198623125,0.17305650208885986,-5.463359262305552
1,508.0,-0.1592832738659956,0.17293018702460794,-5.465555405081436
1,509.0,-0.15930302060490883,0.17280414546359457,-5.467746538946833
1,510.0,-0.1593227222029709,0.17267837740581976,-5.469932663901738
1,511.0,-0.15934237839421017,0.17255288464591553,-5.4721137504334605
1,512.0,-0.1593619901486084,0.1724276620734228,-5.474289906172931
1,513.0,-0.15938155759765962,0.17230270894073882,-5.47646114571096
1,514.0,-0.1594010807413638,0.17217802524786358,-5.478627469047546
1,515.0,-0.159420559579721,0.17205361099479707,-5.4807888761827
1,516.0,-0.15943999411273121,0.1719294661815393,-5.4829453671164154
1,517.0,-0.1594593843403944,0.17180559080809027,-5.485096941848691
1,518.0,-0.15947873026271056,0.17168198487445,-5.487243600379528
1,519.0,-0.15949803187967973,0.17155864838061846,-5.489385342708926
1,520.0,-0.1595172891913019,0.17143558132659567,-5.491522168836888
1,521.0,-0.15953650219757706,0.1713127837123816,-5.493654078763413
1,522.0,-0.1595556708985052,0.1711902555379763,-5.495781072488495
1,523.0,-0.15957479529408633,0.17106799680337972,-5.497903150012141
1,524.0,-0.15959387521252455,0.17094600854351888,-5.500020292271564
1,525.0,-0.15961291096326602,0.17082428947297518,-5.502132533603471
1,526.0,-0.15963190327146234,0.1707028355413535,-5.504239954471993
1,527.0,-0.1596508521371135,0.1705816467486538,-5.506342554877129
1,528.0,-0.15966975756021948,0.17046072309487612,-5.50844033481888
1,529.0,-0.15968861954078034,0.17034006458002043,-5.510533294297253
1,530.0,-0.159707438078796,0.17021967120408676,-5.512621433312234
1,531.0,-0.15972621317426652,0.17009954296707508,-5.514704751863832
1,532.0,-0.1597449448271919,0.1699796798689854,-5.516783249952048
1,533.0,-0.1597636330375721,0.16986008190981772,-5.51885692757688
1,534.0,-0.15978227780540713,0.16974074908957204,-5.520925784738323
1,535.0,-0.15980087913069702,0.16962168140824838,-5.522989821436383
1,536.0,-0.15981943701344173,0.1695028788658467,-5.5250490376710575
1,537.0,-0.1598379514536413,0.16938434146236703,-5.527103433442351
1,538.0,-0.159856422135603,0.16926607123191165,-5.529152973720423
1,539.0,-0.15987484998813978,0.1691480632049292,-5.531197761568041
1,540.0,-0.15989323528528415,0.1690303157985276,-5.53323782739235
1,541.0,-0.15991157802703612,0.16891282901270685,-5.5352731711933485
1,542.0,-0.1599298782133957,0.16879560284746695,-5.537303792971034
1,543.0,-0.15994813584436285,0.1686786373028079,-5.5393296927254125
1,544.0,-0.15996635091993763,0.16856193237872974,-5.541350870456482
1,545.0,-0.15998452344011999,0.16844548807523244,-5.54336732616424
1,546.0,-0.16000265340490993,0.16832930439231597,-5.545379059848684
1,547.0,-0.1600207408143075,0.16821338132998034,-5.547386071509823
1,548.0,-0.16003878566831264,0.1680977188882256,-5.549388361147647
1,549.0,-0.1600567879669254,0.16798231706705172,-5.551385928762166
1,550.0,-0.16007474771014576,0.1678671758664587,-5.553378774353373
1,551.0,-0.1600926648734231,0.1677522954327648,-5.555366895197092
1,552.0,-0.16011053918293006,0.16763767775829685,-5.557350260908937
1,553.0,-0.16012837184569187,0.1675233159880092,-5.559329005422615
1,554.0,-0.1601461628617086,0.16740921012190185,-5.561303128738136
1,555.0,-0.1601639122309802,0.1672953601599748,-5.563272630855487
1,556.0,-0.1601816199535067,0.16718176610222804,-5.5652375117746775
1,557.0,-0.16019928602928807,0.16706842794866159,-5.567197771495706
1,558.0,-0.16021691045832434,0.16695534569927545,-5.56915341001857
1,559.0,-0.16023449324061548,0.16684251935406957,-5.571104427343268
1,560.0,-0.16025203437616153,0.16672994891304402,-5.573050823469806
1,561.0,-0.16026953386496245,0.16661763437619875,-5.574992598398178
1,562.0,-0.16028699170701827,0.1665055757435338,-5.57692975212839
1,563.0,-0.16030440790232897,0.16639377301504912,-5.578862284660436
1,564.0,-0.16032178245089457,0.16628222619074476,-5.580790195994317
1,565.0,-0.16033911514409416,0.16617093654867307,-5.582713462981088
1,566.0,-0.16035640629054704,0.16605990270666313,-5.584632119865696
1,567.0,-0.16037365671764717,0.16594911987316802,-5.586546258457275
1,568.0,-0.16039086642539452,0.1658385880481877,-5.588455878755821
1,569.0,-0.1604080354137891,0.16572830723172224,-5.590360980761337
1,570.0,-0.1604251636828309,0.16561827742377155,-5.59226156447382
1,571.0,-0.16044225123251996,0.1655084986243357,-5.594157629893271
1,572.0,-0.16045929806285622,0.16539897083341468,-5.59604917701969
1,573.0,-0.1604763041738397,0.16528969405100843,-5.597936205853077
1,574.0,-0.16049326956547044,0.16518066827711703,-5.5998187163934325
1,575.0,-0.1605101942377484,0.16507189351174043,-5.601696708640758
1,576.0,-0.16052707819067358,0.16496336975487866,-5.603570182595046
1,577.0,-0.160543921424246,0.1648550970065317,-5.605439138256309
1,578.0,-0.16056072393846565,0.16474707526669954,-5.607303575624537
1,579.0,-0.16057748541837477,0.16463930650690317,-5.609163459751453
1,580.0,-0.160594206536977,0.16453178714300276,-5.611018865314754
1,581.0,-0.16061088787971717,0.1644245137308595,-5.612869857276459
1,582.0,-0.16062752944659525,0.16431748627047338,-5.614716435636563
1,583.0,-0.16064413123761126,0.1642107047618444,-5.616558600395072
1,584.0,-0.1606606932527652,0.16410416920497256,-5.618396351551982
1,585.0,-0.16067721549205705,0.16399787959985784,-5.620229689107294
1,586.0,-0.16069369795548683,0.16389183594650025,-5.622058613061007
1,587.0,-0.1607101406430545,0.16378603824489982,-5.623883123413122
1,588.0,-0.16072654355476013,0.1636804864950565,-5.625703220163641
1,589.0,-0.16074290669060368,0.16357518069697033,-5.627518903312561
1,590.0,-0.16075923005058515,0.1634701208506413,-5.629330172859885
1,591.0,-0.16077551363470452,0.16336530695606938,-5.631137028805606
1,592.0,-0.16079175744296184,0.16326073901325464,-5.632939471149733
1,593.0,-0.16080796110329074,0.1631564193813297,-5.634737458607107
1,594.0,-0.1608241254820646,0.16305234325479448,-5.636531087312087
1,595.0,-0.16084025104202943,0.16294850787972404,-5.638320408611805
1,596.0,-0.1608563377831852,0.1628449132561183,-5.64010542250626
1,597.0,-0.16087238570553197,0.16274155938397733,-5.641886128995457
1,598.0,-0.16088839480906972,0.16263844626330112,-5.6436625280793935
1,599.0,-0.1609043650937984,0.16253557389408962,-5.645434619758067
1,600.0,-0.1609202965597181,0.1624329422763429,-5.64720240403148
1,601.0,-0.16093618920682873,0.1623305514100609,-5.648965880899635
1,602.0,-0.16095204303513033,0.16222840129524366,-5.650725050362525
1,603.0,-0.16096785804462294,0.16212649193189113,-5.652479912420158
1,604.0,-0.16098363423530648,0.16202482332000337,-5.6542304670725265
1,605.0,-0.160999371607181,0.16192339545958037,-5.6559767143196344
1,606.0,-0.1610150701602465,0.16182220835062208,-5.657718654161483
1,607.0,-0.16103072949944813,0.16172126450584356,-5.659456242762072
1,608.0,-0.16104635053538305,0.16162055879955603,-5.661189581162909
1,609.0,-0.16106193372069627,0.16152008851783217,-5.662918719590301
1,610.0,-0.16107747905538783,0.16141985366067196,-5.6646436580442545
1,611.0,-0.16109298653945767,0.16131985422807543,-5.666364396524762
1,612.0,-0.16110845617290584,0.16122009022004258,-5.668080935031828
1,613.0,-0.16112388795573232,0.1611205616365734,-5.669793273565453
1,614.0,-0.16113928188793714,0.16102126847766787,-5.671501412125637
1,615.0,-0.16115463796952023,0.16092221074332602,-5.673205350712377
1,616.0,-0.16116995620048166,0.16082338843354785,-5.6749050893256765
1,617.0,-0.16118523658082143,0.16072480154833335,-5.676600627965535
1,618.0,-0.16120047911053947,0.1606264500876825,-5.678291966631951
1,619.0,-0.16121568378963586,0.16052833405159533,-5.679979105324924
1,620.0,-0.16123085061811052,0.1604304534400718,-5.681662044044453
1,621.0,-0.16124597921634926,0.16033281065531138,-5.683340740667857
1,622.0,-0.1612610703735395,0.1602354012732302,-5.685015282764802
1,623.0,-0.1612761246571125,0.16013822187850515,-5.686685733298482
1,624.0,-0.16129114206706824,0.16004127247113623,-5.688352092268901
1,625.0,-0.16130612260340674,0.1599445530511234,-5.690014359676057
1,626.0,-0.161321066266128,0.1598480636184667,-5.691672535519954
1,627.0,-0.161335973055232,0.15975180417316612,-5.693326619800586
1,628.0,-0.16135084297071878,0.1596557747152217,-5.694976612517956
1,629.0,-0.1613656760125883,0.15955997524463333,-5.696622513672065
1,630.0,-0.1613804721808406,0.1594644057614011,-5.698264323262912
1,631.0,-0.16139523147547563,0.15936906626552502,-5.699902041290496
1,632.0,-0.1614099538964934,0.15927395675700504,-5.701535667754816
1,633.0,-0.16142463944389396,0.15917907723584118,-5.703165202655878
1,634.0,-0.16143928811767727,0.15908442770203346,-5.704790645993677
1,635.0,-0.16145389962100357,0.15899001001599974,-5.706411964830336
1,636.0,-0.1614684743917219,0.1588958218638906,-5.708029207750378
1,637.0,-0.1614830132724356,0.15880185816729286,-5.709642468250592
1,638.0,-0.16149751626314474,0.15870811892620654,-5.7112517463309835
1,639.0,-0.16151198336384925,0.15861460414063164,-5.712857041991551
1,640.0,-0.1615264145745492,0.15852131381056814,-5.714458355232298
1,641.0,-0.1615408098952445,0.15842824793601604,-5.716055686053217
1,642.0,-0.1615551693259352,0.15833540651697536,-5.717649034454309
1,643.0,-0.1615694928666213,0.15824278955344612,-5.7192384004355805
1,644.0,-0.16158378051730282,0.15815039704542824,-5.720823783997028
1,645.0,-0.16159803227797973,0.15805822899292182,-5.722405185138651
1,646.0,-0.16161224814865202,0.15796628539592678,-5.723982603860448
1,647.0,-0.16162642812931974,0.15787456625444318,-5.725556040162424
1,648.0,-0.16164057221998282,0.15778307156847096,-5.7271254940445715
1,649.0,-0.16165468033281413,0.15769180188274004,-5.728690955761431
1,650.0,-0.16166875220076865,0.15760075913528104,-5.730252395681209
1,651.0,-0.16168278916683912,0.15750993523189558,-5.731809962824806
1,652.0,-0.16169679123102554,0.1574193301725836,-5.733363657192223
1,653.0,-0.16171075839332794,0.1573289439573452,-5.7349134787834615
1,654.0,-0.1617246906537463,0.15723877658618032,-5.736459427598521
1,655.0,-0.16173858801228064,0.15714882805908897,-5.7380015036374035
1,656.0,-0.16175245046893094,0.15705909837607113,-5.7395397069001035
1,657.0,-0.16176627802369722,0.15696958753712684,-5.741074037386631
1,658.0,-0.16178007067657946,0.15688029554225608,-5.742604495096976
1,659.0,-0.16179382842757767,0.15679122239145882,-5.744131080031145
1,660.0,-0.16180755127669183,0.15670236808473512,-5.74565379218913
1,661.0,-0.16182123922392197,0.15661373262208494,-5.7471726315709395
1,662.0,-0.1618348922692681,0.15652531600350827,-5.748687598176572
1,663.0,-0.16184851041273016,0.15643711822900516,-5.750198692006022
1,664.0,-0.16186209315995836,0.15634914248498963,-5.7517058582053435
1,665.0,-0.161875641655034,0.15626138200414025,-5.753209223723867
1,666.0,-0.16188915623885994,0.15617383469074866,-5.754708826388785
1,667.0,-0.16190263691143614,0.1560865005448149,-5.756204666200101
1,668.0,-0.16191608367276264,0.15599937956633894,-5.7576967431578145
1,669.0,-0.16192949652283944,0.15591247175532083,-5.759185057261925
1,670.0,-0.1619428754616665,0.15582577711176052,-5.760669608512429
1,671.0,-0.16195622048924385,0.15573929563565803,-5.762150396909334
1,672.0,-0.1619695316055715,0.15565302732701336,-5.763627422452635
1,673.0,-0.16198280881064941,0.15556697218582652,-5.765100685142332
1,674.0,-0.16199605210447762,0.15548113021209747,-5.766570184978425
1,675.0,-0.16200926148705613,0.15539550140582628,-5.768035921960918
1,676.0,-0.16202243695838492,0.15531008576701288,-5.769497896089805
1,677.0,-0.16203557851846398,0.1552248832956573,-5.77095610736509
1,678.0,-0.16204868595212946,0.15513989534295028,-5.772410531911801
1,679.0,-0.16206175934363165,0.15505512168434496,-5.7738611790785015
1,680.0,-0.1620747998151427,0.15497055546520036,-5.775308173383441
1,681.0,-0.1620878073666626,0.15488619668551643,-5.776751514826624
1,682.0,-0.16210078199819133,0.1548020453452932,-5.778191203408043
1,683.0,-0.1621137237097289,0.15471810144453071,-5.779627239127702
1,684.0,-0.16212663250127535,0.1546343649832289,-5.781059621985603
1,685.0,-0.16213950837283064,0.1545508359613878,-5.782488351981746
1,686.0,-0.16215235132439476,0.15446751437900738,-5.783913429116124
1,687.0,-0.16216516135596776,0.15438440023608768,-5.785334853388745
1,688.0,-0.16217793846754958,0.15430149353262868,-5.786752624799605
1,689.0,-0.16219068265914027,0.1542187942686304,-5.7881667433487065
1,690.0,-0.1622033939307398,0.1541363024440928,-5.789577209036046
1,691.0,-0.16221607228234816,0.1540540180590159,-5.790984021861627
1,692.0,-0.1622287177139654,0.15397194111339968,-5.792387181825448
1,693.0,-0.16224132974408387,0.15389007469754223,-5.793786635498552
1,694.0,-0.1622539093642019,0.1538084129250103,-5.795182492899392
1,695.0,-0.1622664570544243,0.15372695282573864,-5.796574807301258
1,696.0,-0.162278972814751,0.15364569439972725,-5.797963578704151
1,697.0,-0.16229145664518208,0.15356463764697612,-5.7993488071080685
1,698.0,-0.16230390854571747,0.15348378256748527,-5.800730492513013
1,699.0,-0.1623163285163572,0.15340312916125468,-5.802108634918982
1,700.0,-0.16232871655710127,0.15332267742828434,-5.80348323432598
1,701.0,-0.16234107266794964,0.15324242736857427,-5.804854290733999
1,702.0,-0.16235339684890238,0.15316237898212445,-5.806221804143047
1,703.0,-0.16236568909995946,0.15308253226893492,-5.807585774553124
1,704.0,-0.16237794942112085,0.15300288722900565,-5.808946201964221
1,705.0,-0.1623901778123866,0.15292344386233664,-5.810303086376348
1,706.0,-0.16240237427375667,0.15284420216892788,-5.811656427789501
1,707.0,-0.16241453880523107,0.1527651621487794,-5.813006226203679
1,708.0,-0.1624266708201701,0.1526863276396469,-5.814352416524275
1,709.0,-0.16243877177324842,0.15260768975719888,-5.81569516016463
1,710.0,-0.16245084178367616,0.15252924775617768,-5.817034470352513
1,711.0,-0.16246288085145333,0.15245100163658332,-5.818370347087921
1,712.0,-0.1624748889765799,0.15237295139841578,-5.8197027903708545
1,713.0,-0.16248686615905591,0.15229509704167507,-5.821031800201313
1,714.0,-0.1624988123988813,0.1522174385663612,-5.822357376579296
1,715.0,-0.16251072769605615,0.15213997597247414,-5.823679519504809
1,716.0,-0.16252261205058038,0.15206270926001392,-5.8249982289778455
1,717.0,-0.16253446546245406,0.15198563842898052,-5.826313504998408
1,718.0,-0.16254628793167714,0.15190876347937396,-5.827625347566495
1,719.0,-0.16255807945824963,0.15183208441119422,-5.828933756682109
1,720.0,-0.16256984004217154,0.15175560122444132,-5.83023873234525
1,721.0,-0.16258156968344287,0.15167931391911524,-5.831540274555915
1,722.0,-0.1625932683349029,0.15160322279217295,-5.832838378081067
1,723.0,-0.16260493551506278,0.15152733107516242,-5.834132989493834
1,724.0,-0.16261657273537672,0.15145162943407964,-5.835424276507908
1,725.0,-0.1626281799958447,0.15137611786892463,-5.836712239123288
1,726.0,-0.16263975729646674,0.15130079637969743,-5.837996877339972
1,727.0,-0.16265130463724284,0.15122566496639797,-5.839278191157963
1,728.0,-0.162662822018173,0.1511507236290263,-5.840556180577261
1,729.0,-0.1626743094392572,0.15107597236758238,-5.841830845597863
1,730.0,-0.16268576690049547,0.15100141118206625,-5.843102186219772
1,731.0,-0.1626971944018878,0.1509270400724779,-5.84437020244299
1,732.0,-0.16270859194343418,0.15085285903881732,-5.845634894267513
1,733.0,-0.1627199595251346,0.1507788680810845,-5.846896261693338
1,734.0,-0.16273129714698908,0.15070506719927948,-5.848154304720474
1,735.0,-0.16274260480899763,0.15063145639340222,-5.849409023348914
1,736.0,-0.1627538825111602,0.15055803566345274,-5.85066041757866
1,737.0,-0.16276513019060665,0.15048480540659456,-5.851908480433518
1,738.0,-0.16277634739697855,0.15041176865992179,-5.85315316194091
1,739.0,-0.16278753562037337,0.1503389161813879,-5.854394627444747
1,740.0,-0.1627986948607911,0.15026624797099286,-5.855632876945023
1,741.0,-0.16280982511823178,0.15019376402873674,-5.856867910441745
1,742.0,-0.16282092639269538,0.1501214643546195,-5.858099727934909
1,743.0,-0.16283199868418188,0.15004934894864114,-5.859328329424515
1,744.0,-0.16284304199269134,0.14997741781080168,-5.860553714910563
1,745.0,-0.1628540563182237,0.1499056709411011,-5.861775884393051
1,746.0,-0.16286504166077898,0.1498341083395394,-5.862994837871986
1,747.0,-0.16287599802035718,0.1497627300061166,-5.864210575347362
1,748.0,-0.16288692539695832,0.14969153594083268,-5.86542309681918
1,749.0,-0.16289782379058237,0.14962052614368765,-5.866632402287442
1,750.0,-0.16290869320122936,0.14954970061468148,-5.867838491752146
1,751.0,-0.16291953362889927,0.14947905935381423,-5.8690413652132944
1,752.0,-0.1629303450735921,0.14940860236108586,-5.870241022670883
1,753.0,-0.16294112690308263,0.14933833378093814,-5.871437393972058
1,754.0,-0.1629518806412796,0.1492682441613213,-5.872630648212495
1,755.0,-0.16296260636602916,0.14919833301055682,-5.873820794030138
1,756.0,-0.16297330407733132,0.14912860032864472,-5.875007831424994
1,757.0,-0.16298397377518606,0.14905904611558493,-5.8761917603970515
1,758.0,-0.1629946154595934,0.14898967037137753,-5.877372580946321
1,759.0,-0.16300522913055332,0.14892047309602247,-5.878550293072797
1,760.0,-0.16301581478806582,0.14885145428951976,-5.8797248967764775
1,761.0,-0.16302637243213092,0.1487826139518694,-5.880896392057369
1,762.0,-0.16303690206274857,0.1487139520830714,-5.882064778915464
1,763.0,-0.16304740367991885,0.14864546868312575,-5.883230057350771
1,764.0,-0.16305787728364168,0.14857716375203245,-5.884392227363283
1,765.0,-0.16306832287391712,0.1485090372897915,-5.885551288953004
1,766.0,-0.16307874045074514,0.1484410892964029,-5.886707242119932
1,767.0,-0.16308913001412575,0.14837331977186669,-5.887860086864069
1,768.0,-0.16309949102078428,0.1483057322311014,-5.889009762902671
1,769.0,-0.16310982453815848,0.14823832013077662,-5.890156388680567
1,770.0,-0.1631201310029614,0.14817108071874072,-5.891300012656226
1,771.0,-0.16313041041519305,0.1481040139949937,-5.892440634829641
1,772.0,-0.16314066277485345,0.1480371199595356,-5.893578255200826
1,773.0,-0.16315088808194259,0.14797039861236638,-5.894712873769772
1,774.0,-0.16316108633646043,0.14790384995348607,-5.8958444905364775
1,775.0,-0.163171257538407,0.14783747398289465,-5.8969731055009476
1,776.0,-0.1631814016877823,0.14777127070059215,-5.898098718663179
1,777.0,-0.16319151878458635,0.1477052401065785,-5.899221330023173
1,778.0,-0.16320160882881912,0.1476393822008538,-5.900340939580929
1,779.0,-0.16321167182048063,0.14757369698341796,-5.901457547336449
1,780.0,-0.16322170775957087,0.14750818445427102,-5.902571153289733
1,781.0,-0.16323171664608982,0.147442844613413,-5.903681757440774
1,782.0,-0.16324169848003753,0.14737767746084388,-5.904789359789581
1,783.0,-0.16325165301110475,0.14731268459698152,-5.905893932561388
1,784.0,-0.16326158030392904,0.147247865812665,-5.906995482928495
1,785.0,-0.1632714814951768,0.14718321396445527,-5.908094137017461
1,786.0,-0.1632813565848481,0.14711872905235235,-5.909189894828292
1,787.0,-0.16329120557294288,0.14705441107635625,-5.9102827563609805
1,788.0,-0.16330102845946115,0.14699026003646695,-5.911372721615534
1,789.0,-0.16331082524440294,0.14692627593268445,-5.9124597905919485
1,790.0,-0.16332059592776818,0.14686245876500875,-5.913543963290222
1,791.0,-0.16333034050955694,0.14679880853343988,-5.914625239710358
1,792.0,-0.1633400589897692,0.1467353252379778,-5.915703619852357
1,793.0,-0.16334975136840496,0.14667200887862253,-5.91677910371622
1,794.0,-0.1633594176454642,0.14660885945537408,-5.917851691301941
1,795.0,-0.16336905782094693,0.14654587696823243,-5.918921382609524
1,796.0,-0.16337867189485317,0.14648306141719758,-5.9199881776389685
1,797.0,-0.1633882598671829,0.14642041280226953,-5.921052076390273
1,798.0,-0.16339782173793613,0.14635793112344828,-5.922113078863443
1,799.0,-0.16340735695123504,0.14629561998550078,-5.923171123377265
1,800.0,-0.1634168665676246,0.14623347282827204,-5.9242263276117315
1,801.0,-0.1634263510224067,0.14617148689245876,-5.925278739868722
1,802.0,-0.16343581031558135,0.14610966217806093,-5.92632836014824
1,803.0,-0.16344524444714856,0.14604799868507853,-5.927375188450288
1,804.0,-0.1634546534171083,0.14598649641351158,-5.928419224774862
1,805.0,-0.16346403722546057,0.14592515536336007,-5.929460469121961
1,806.0,-0.16347339587220538,0.14586397553462402,-5.930498921491589
1,807.0,-0.16348272935734276,0.14580295692730338,-5.931534581883743
1,808.0,-0.16349203768087267,0.14574209954139822,-5.932567450298425
1,809.0,-0.16350132084279512,0.1456814033769085,-5.933597526735635
1,810.0,-0.1635105788431101,0.1456208684338342,-5.934624811195372
1,811.0,-0.16351981168181762,0.14556049471217536,-5.935649303677633
1,812.0,-0.1635290193589177,0.14550028221193195,-5.936671004182423
1,813.0,-0.16353820187441032,0.14544023093310401,-5.937689912709741
1,814.0,-0.16354735922829547,0.1453803408756915,-5.938706029259585
1,815.0,-0.16355649075353826,0.1453206164125096,-5.939719279816556
1,816.0,-0.1635655979562486,0.14526104806876336,-5.940729831501335
1,817.0,-0.16357468092523123,0.14520163527780314,-5.941737694167856
1,818.0,-0.16358373966048625,0.14514237803962896,-5.942742867816132
1,819.0,-0.16359277416201362,0.1450832763542408,-5.943745352446155
1,820.0,-0.16360178442981332,0.14502433022163863,-5.944745148057925
1,821.0,-0.1636107704638854,0.14496553964182252,-5.945742254651448
1,822.0,-0.1636197322642298,0.14490690461479244,-5.946736672226715
1,823.0,-0.16362866983084653,0.14484842514054838,-5.947728400783729
1,824.0,-0.16363758316373564,0.14479010121909033,-5.948717440322497
1,825.0,-0.16364647226289708,0.14473193285041833,-5.949703790843009
1,826.0,-0.16365533712833089,0.14467392003453236,-5.9506874523452735
1,827.0,-0.16366417776003703,0.1446160627714324,-5.9516684248292835
1,828.0,-0.16367299415801553,0.14455836106111847,-5.952646708295045
1,829.0,-0.16368178632226638,0.14450081490359057,-5.953622302742554
1,830.0,-0.16369055423760054,0.14444342439612864,-5.95459520648641
1,831.0,-0.16369929725231602,0.14438619383648554,-5.955565347212578
1,832.0,-0.16370801694810874,0.14432911321510838,-5.956532900428901
1,833.0,-0.16371671332497875,0.14427218253199714,-5.957497866135384
1,834.0,-0.163725386382926,0.14421540178715184,-5.95846024433202
1,835.0,-0.16373403612195053,0.14415877098057242,-5.959420035018817
1,836.0,-0.1637426625420523,0.14410229011225895,-5.960377238195765
1,837.0,-0.16375126564323134,0.14404595918221139,-5.9613318538628715
1,838.0,-0.16375984542548766,0.14398977819042977,-5.962283882020136
1,839.0,-0.16376840188882122,0.14393374713691406,-5.963233322667555
1,840.0,-0.16377693503323204,0.14387786602166427,-5.96418017580513
1,841.0,-0.1637854448587201,0.1438221348446804,-5.9651244414328595
1,842.0,-0.16379393136528544,0.14376655360596244,-5.966066119550746
1,843.0,-0.16380239455292805,0.14371112230551042,-5.967005210158792
1,844.0,-0.1638108344216479,0.14365584094332434,-5.967941713256992
1,845.0,-0.16381925097144504,0.14360070951940415,-5.96887562884535
1,846.0,-0.1638276442023194,0.1435457280337499,-5.969806956923861
1,847.0,-0.16383601343476173,0.14349090094369182,-5.970735622092947
1,848.0,-0.16384436015880047,0.14343621881780147,-5.971661789688858
1,849.0,-0.1638526844647362,0.1433816810773006,-5.9725854697315155
1,850.0,-0.16386098635256893,0.14332728772218925,-5.973506662220918
1,851.0,-0.16386926582229863,0.14327303875246739,-5.9744253671570595
1,852.0,-0.16387752287392535,0.14321893416813505,-5.975341584539946
1,853.0,-0.16388575750744902,0.14316497396919223,-5.9762553143695705
1,854.0,-0.1638939697228697,0.1431111581556389,-5.977166556645943
1,855.0,-0.16390215952018736,0.1430574867274751,-5.978075311369053
1,856.0,-0.16391032689940202,0.14300395968470078,-5.978981578538908
1,857.0,-0.16391847186051367,0.14295057702731598,-5.979885358155507
1,858.0,-0.1639265944035223,0.14289733875532068,-5.980786650218848
1,859.0,-0.16393469452842793,0.1428442448687149,-5.981685454728933
1,860.0,-0.16394277223523054,0.1427912953674986,-5.982581771685759
1,861.0,-0.16395082752393014,0.14273849025167182,-5.983475601089329
1,862.0,-0.16395886039452676,0.14268582952123454,-5.9843669429396416
1,863.0,-0.16396687028669785,0.1426333168237597,-5.9852557350622995
1,864.0,-0.16397485818926075,0.1425809459560507,-5.986142087178261
1,865.0,-0.1639828245597175,0.14252871398953376,-5.987026050052778
1,866.0,-0.1639907693980681,0.14247662092420885,-5.98790762368585
1,867.0,-0.16399869270431255,0.142424666760076,-5.988786808077482
1,868.0,-0.16400659447845087,0.1423728514971352,-5.989663603227673
1,869.0,-0.16401447472048303,0.14232117513538645,-5.9905380091364195
1,870.0,-0.16402233343040906,0.14226963767482975,-5.991410025803724
1,871.0,-0.16403017060822897,0.1422182391154651,-5.992279653229589
1,872.0,-0.1640379862539427,0.1421669794572925,-5.993146891414005
1,873.0,-0.16404578036755033,0.14211585870031196,-5.994011740356988
1,874.0,-0.16405355294905177,0.14206487684452346,-5.994874200058522
1,875.0,-0.1640613039984471,0.142014033889927,-5.995734270518615
1,876.0,-0.1640690335157363,0.1419633298365226,-5.99659195173727
1,877.0,-0.16407674150091933,0.14191276468431027,-5.997447243714479
1,878.0,-0.16408442795399622,0.14186233843328996,-5.998300146450246
1,879.0,-0.16409209267956698,0.14181205234558159,-5.999150638262632
1,880.0,-0.16409973551499854,0.1417619075977124,-5.999998701105582
1,881.0,-0.16410735768873014,0.14171189634206632,-6.000844471288933
1,882.0,-0.16411495920076183,0.14166201857864333,-6.001687948812695
1,883.0,-0.1641225400510936,0.14161227430744344,-6.002529133676862
1,884.0,-0.16413010023972546,0.1415626635284667,-6.003368025881433
1,885.0,-0.16413763976665738,0.14151318624171302,-6.004204625426411
1,886.0,-0.16414515863188936,0.1414638424471825,-6.005038932311794
1,887.0,-0.16415265683542143,0.14141463214487504,-6.005870946537583
1,888.0,-0.16416013437725357,0.1413655553347907,-6.006700668103778
1,889.0,-0.1641675912573858,0.1413166120169295,-6.007528097010379
1,890.0,-0.16417502747581808,0.14126780219129137,-6.0083532332573855
1,891.0,-0.16418244303255047,0.14121912585787635,-6.0091760768448
1,892.0,-0.1641898379275829,0.14117058301668445,-6.009996627772616
1,893.0,-0.16419721216091543,0.14112217366771565,-6.010814886040843
1,894.0,-0.16420456573254802,0.14107389781097,-6.01163085164947
1,895.0,-0.1642118986424807,0.1410257554464474,-6.01244452459851
1,896.0,-0.1642192104139912,0.14097774967557,-6.013255851989988
1,897.0,-0.16422650172418016,0.1409298762668765,-6.014064908956222
1,898.0,-0.1642337732267843,0.14088213102274283,-6.01487176803702
1,899.0,-0.16424102492180365,0.14083451394316898,-6.015676429232379
1,900.0,-0.16424825680923819,0.14078702502815493,-6.016478892542307
1,901.0,-0.1642554688890879,0.14073966427770074,-6.0172791579667955
1,902.0,-0.1642626611613528,0.14069243169180634,-6.018077225505846
1,903.0,-0.1642698336260329,0.1406453272704718,-6.018873095159463
1,904.0,-0.1642769862831282,0.14059835101369705,-6.019666766927646
1,905.0,-0.16428411913263868,0.14055150292148214,-6.020458240810389
1,906.0,-0.16429123217456434,0.14050478299382704,-6.021247516807695
1,907.0,-0.1642983254089052,0.14045819123073175,-6.022034594919569
1,908.0,-0.16430539883566128,0.1404117276321963,-6.022819475146007
1,909.0,-0.16431245245483253,0.14036539219822067,-6.023602157487007
1,910.0,-0.16431948626641896,0.14031918492880488,-6.024382641942571
1,911.0,-0.1643265002704206,0.1402731058239489,-6.025160928512701
1,912.0,-0.1643334944668374,0.14022715488365273,-6.025937017197391
1,913.0,-0.1643404682973925,0.14018133575279237,-6.0267108460492285
1,914.0,-0.16434742269440317,0.14013564252913396,-6.0274825185198315
1,915.0,-0.16435435812101734,0.14009007222929598,-6.0282520860009265
1,916.0,-0.164361274577235,0.14004462485327848,-6.029019548492514
1,917.0,-0.1643681720630562,0.13999930040108147,-6.029784905994597
1,918.0,-0.16437505057848092,0.1399540988727049,-6.030548158507175
1,919.0,-0.16438191012350914,0.1399090202681488,-6.031309306030248
1,920.0,-0.16438875069814085,0.13986406458741318,-6.0320683485638105
1,921.0,-0.16439557230237611,0.13981923183049802,-6.032825286107874
1,922.0,-0.16440237493621485,0.13977452199740334,-6.0335801186624245
1,923.0,-0.16440915859965713,0.13972993508812911,-6.034332846227473
1,924.0,-0.1644159232927029,0.13968547110267537,-6.035083468803018
1,925.0,-0.16442266901535219,0.1396411300410421,-6.035831986389053
1,926.0,-0.16442939576760499,0.13959691190322926,-6.036578398985585
1,927.0,-0.1644361035494613,0.1395528166892369,-6.03732270659261
1,928.0,-0.16444279236092113,0.13950884439906505,-6.038064909210129
1,929.0,-0.16444946220198448,0.13946499503271365,-6.038805006838145
1,930.0,-0.1644561125738902,0.13942127184447584,-6.039542944133216
1,931.0,-0.16446274420049378,0.13937767026597792,-6.040278801415656
1,932.0,-0.16446935767638904,0.13933418646265777,-6.0410126446626755
1,933.0,-0.16447595300157597,0.13929082043451538,-6.041744473874268
1,934.0,-0.16448253017605458,0.13924757218155076,-6.042474289050435
1,935.0,-0.16448908919982486,0.13920444170376392,-6.043202090191179
1,936.0,-0.16449563007288678,0.13916142900115486,-6.043927877296492
1,937.0,-0.1645021527952404,0.13911853407372354,-6.044651650366383
1,938.0,-0.16450865736688566,0.13907575692147,-6.045373409400849
1,939.0,-0.16451514378782262,0.13903309754439425,-6.046093154399891
1,940.0,-0.16452161205805121,0.13899055594249624,-6.046810885363505
1,941.0,-0.16452806217757152,0.138948132115776,-6.047526602291697
1,942.0,-0.16453449414638346,0.13890582606423355,-6.0482403051844615
1,943.0,-0.16454090796448706,0.13886363778786884,-6.0489519940418
1,944.0,-0.16454730363188236,0.1388215672866819,-6.049661668863714
1,945.0,-0.1645536811485693,0.13877961456067275,-6.050369329650201
1,946.0,-0.16456004051454792,0.13873777960984135,-6.051074976401265
1,947.0,-0.16456638149039912,0.13869606399125292,-6.051778582550525
1,948.0,-0.1645727040148278,0.13865446820323443,-6.052480141296572
1,949.0,-0.16457900919022275,0.13861298513858786,-6.05317977496246
1,950.0,-0.16458529701658395,0.13857161479731314,-6.053877483548179
1,951.0,-0.1645915674939114,0.13853035717941029,-6.054573267053737
1,952.0,-0.16459782062220513,0.13848921228487932,-6.055267125479134
1,953.0,-0.1646040564014651,0.13844818011372023,-6.055959058824367
1,954.0,-0.16461027483169133,0.13840726066593304,-6.056649067089436
1,955.0,-0.1646164759128838,0.1383664539415177,-6.057337150274342
1,956.0,-0.16462265964504255,0.13832575994047422,-6.058023308379085
1,957.0,-0.16462882602816753,0.13828517866280263,-6.058707541403663
1,958.0,-0.16463497506225877,0.13824471010850292,-6.059389849348078
1,959.0,-0.16464110674731627,0.13820435427757508,-6.060070232212332
1,960.0,-0.16464722108334004,0.13816411117001912,-6.060748689996421
1,961.0,-0.16465331807033007,0.13812398078583504,-6.06142522270035
1,962.0,-0.16465939770828633,0.13808396312502283,-6.062099830324114
1,963.0,-0.16466545999720886,0.13804405818758247,-6.062772512867714
1,964.0,-0.16467150493709765,0.13800426597351403,-6.063443270331151
1,965.0,-0.1646775319485163,0.137964590279156,-6.064112038419118
1,966.0,-0.16468354199538626,0.1379250249408898,-6.064778924090075
1,967.0,-0.16468953547642753,0.1378855673753486,-6.065443971586722
1,968.0,-0.16469551239164007,0.1378462175825325,-6.0661071809090465
1,969.0,-0.1647014727410239,0.13780697556244142,-6.066768552057057
1,970.0,-0.16470741652457901,0.1377678413150754,-6.067428085030751
1,971.0,-0.16471334374230542,0.13772881484043445,-6.068085779830129
1,972.0,-0.16471925439420312,0.13768989613851854,-6.068741636455194
1,973.0,-0.16472514848027212,0.13765108520932767,-6.0693956549059385
1,974.0,-0.16473102600051237,0.13761238205286186,-6.0700478351823675
1,975.0,-0.16473688695492394,0.1375737866691211,-6.070698177284481
1,976.0,-0.1647427313435068,0.1375352990581054,-6.0713466812122805
1,977.0,-0.16474855916626094,0.13749691921981474,-6.071993346965761
1,978.0,-0.16475437042318639,0.13745864715424916,-6.072638174544928
1,979.0,-0.1647601651142831,0.13742048286140862,-6.073281163949776
1,980.0,-0.16476594323955113,0.1373824263412931,-6.073922315180312
1,981.0,-0.16477170479899042,0.13734447759390267,-6.074561628236531
1,982.0,-0.16477744979260103,0.13730663661923728,-6.075199103118434
1,983.0,-0.16478317753805288,0.13726890790662538,-6.075834664113442
1,984.0,-0.16478888934733604,0.1372312829965577,-6.076468456802355
1,985.0,-0.16479458535512514,0.13719376101364475,-6.077100496128904
1,986.0,-0.16480026556142016,0.13715634195788654,-6.07773078209309
1,987.0,-0.16480592996622118,0.137119025829283,-6.078359314694922
1,988.0,-0.1648115785695281,0.13708181262783425,-6.078986093934389
1,989.0,-0.164817211371341,0.1370447023535402,-6.0796111198115
1,990.0,-0.16482282837165985,0.13700769500640086,-6.08023439232625
1,991.0,-0.16482842957048463,0.13697079058641626,-6.08085591147864
1,992.0,-0.16483401496781538,0.1369339890935864,-6.0814756772686716
1,993.0,-0.16483958456365208,0.13689729052791125,-6.082093689696343
1,994.0,-0.16484513835799472,0.13686069488939082,-6.082709948761652
1,995.0,-0.1648506763508433,0.13682420217802513,-6.083324454464604
1,996.0,-0.16485619854219785,0.13678781239381416,-6.083937206805195
1,997.0,-0.16486170493205832,0.1367515255367579,-6.084548205783426
1,998.0,-0.16486719552042478,0.1367153416068564,-6.0851574513993
1,999.0,-0.16487267030729716,0.1366792606041096,-6.085764943652809
1,1000.0,-0.1648781292926755,0.1366432825285175,-6.086370682543967
1,1001.0,-0.16488357181843774,0.1366074117090966,-6.086974595046345
1,1002.0,-0.1648889990937309,0.1365716403428499,-6.087576815329092
1,1003.0,-0.16489441131264643,0.13653596716678978,-6.088177364928947
1,1004.0,-0.16489980847518435,0.13650039218091614,-6.088776243845907
1,1005.0,-0.16490519058134467,0.13646491538522904,-6.089373452079982
1,1006.0,-0.16491055763112739,0.13642953677972847,-6.08996898963116
1,1007.0,-0.16491590962453248,0.1363942563644144,-6.090562856499448
1,1008.0,-0.16492124656156,0.13635907413928688,-6.091155052684845
1,1009.0,-0.16492656844220985,0.13632399010434587,-6.091745578187345
1,1010.0,-0.16493187526648212,0.13628900425959137,-6.092334433006958
1,1011.0,-0.16493716703437677,0.1362541166050234,-6.09292161714368
1,1012.0,-0.1649424437458938,0.13621932714064194,-6.093507130597506
1,1013.0,-0.16494770540103326,0.13618463586644702,-6.094090973368444
1,1014.0,-0.16495295199979507,0.13615004278243864,-6.094673145456486
1,1015.0,-0.16495818354217928,0.13611554788861674,-6.0952536468616385
1,1016.0,-0.1649634000281859,0.13608115118498137,-6.095832477583904
1,1017.0,-0.1649686014578149,0.13604685267153255,-6.09640963762327
1,1018.0,-0.16497378783106628,0.13601265234827023,-6.096985126979748
1,1019.0,-0.16497895868055024,0.13597855327926664,-6.097558893790914
1,1020.0,-0.1649841145899851,0.13594455173774286,-6.09813100282721
1,1021.0,-0.16498925616864346,0.13591064376118683,-6.098701521694626
1,1022.0,-0.16499438341652536,0.1358768293495985,-6.099270450393167
1,1023.0,-0.16499949633363076,0.13584310850297784,-6.099837788922827
1,1024.0,-0.1650045949199597,0.13580948122132494,-6.100403537283609
1,1025.0,-0.16500967917551213,0.13577594750463973,-6.1009676954755125
1,1026.0,-0.1650147491002881,0.13574250735292223,-6.101530263498538
1,1027.0,-0.16501980469428756,0.13570916076617243,-6.102091241352686
1,1028.0,-0.16502484595751055,0.13567590774439034,-6.102650629037951
1,1029.0,-0.16502987288995705,0.13564274828757597,-6.103208426554342
1,1030.0,-0.1650348854916271,0.1356096823957293,-6.103764633901856
1,1031.0,-0.16503988376252063,0.13557671006885033,-6.104319251080487
1,1032.0,-0.16504486770263768,0.1355438313069391,-6.104872278090243
1,1033.0,-0.16504983731197825,0.13551104610999556,-6.105423714931119
1,1034.0,-0.16505479259054234,0.13547835447801973,-6.105973561603117
1,1035.0,-0.16505973353832995,0.13544575641101161,-6.106521818106235
1,1036.0,-0.16506466015534108,0.1354132519089712,-6.107068484440479
1,1037.0,-0.16506957244157572,0.1353808409718985,-6.1076135606058415
1,1038.0,-0.16507446969997455,0.13534852819678986,-6.108156969255363
1,1039.0,-0.1650793532540013,0.13531630499462208,-6.108698857242971
1,1040.0,-0.1650842231830889,0.13528417084673486,-6.109239233382687
1,1041.0,-0.1650890794872373,0.13525212575312814,-6.109778097674506
1,1042.0,-0.16509392216644658,0.13522016971380196,-6.1103154501184385
1,1043.0,-0.16509875122071668,0.13518830272875632,-6.110851290714477
1,1044.0,-0.16510356665004763,0.1351565247979912,-6.111385619462621
1,1045.0,-0.1651083684544394,0.1351248359215066,-6.111918436362872
1,1046.0,-0.165113156633892,0.13509323609930252,-6.11244974141523
1,1047.0,-0.16511793118840548,0.13506172533137897,-6.112979534619699
1,1048.0,-0.16512269211797978,0.13503030361773596,-6.113507815976275
1,1049.0,-0.1651274394226149,0.1349989709583735,-6.114034585484956
1,1050.0,-0.16513217310231088,0.13496772735329152,-6.114559843145745
1,1051.0,-0.1651368931570677,0.13493657280249008,-6.115083588958644
1,1052.0,-0.16514159958688535,0.13490550730596917,-6.115605822923649
1,1053.0,-0.16514629239176384,0.1348745308637288,-6.116126545040761
1,1054.0,-0.16515097157170316,0.13484364347576897,-6.11664575530998
1,1055.0,-0.16515563712670334,0.13481284514208963,-6.1171634537313055
1,1056.0,-0.1651602890031605,0.1347821362134249,-6.117679634356762
1,1057.0,-0.1651649266196607,0.13475152054340295,-6.118194232671602
1,1058.0,-0.16516955129709335,0.13472098953393574,-6.118707395244102
1,1059.0,-0.16517416303545848,0.13469054318502327,-6.119219122074268
1,1060.0,-0.16517876183475608,0.13466018149666556,-6.1197294131621
1,1061.0,-0.16518334769498613,0.13462990446886258,-6.120238268507592
1,1062.0,-0.16518792061614868,0.13459971210161434,-6.120745688110752
1,1063.0,-0.16519248059824365,0.13456960439492083,-6.121251671971571
1,1064.0,-0.1651970276412711,0.13453958134878208,-6.121756220090052
1,1065.0,-0.165201561745231,0.13450964296319806,-6.122259332466202
1,1066.0,-0.1652060829101234,0.1344797892381688,-6.122761009100012
1,1067.0,-0.16521059113594821,0.13445002017369428,-6.123261249991484
1,1068.0,-0.16521508642270552,0.1344203357697745,-6.123760055140622
1,1069.0,-0.1652195687703953,0.13439073602640944,-6.124257424547423
1,1070.0,-0.1652240381790175,0.13436122094359915,-6.124753358211888
1,1071.0,-0.1652284946485722,0.13433179052134359,-6.125247856134015
1,1072.0,-0.16523293817905937,0.1343024447596428,-6.125740918313807
1,1073.0,-0.16523736877047898,0.13427318365849672,-6.126232544751262
1,1074.0,-0.16524178642283108,0.1342440072179054,-6.12672273544638
1,1075.0,-0.1652461911361156,0.1342149154378688,-6.12721149039916
1,1076.0,-0.16525058224285727,0.13418591272189426,-6.127698735545335
1,1077.0,-0.16525496093983422,0.1341569912846532,-6.12818460368157
1,1078.0,-0.16525932736349216,0.13412815023329347,-6.128669109948132
1,1079.0,-0.16526368151383103,0.1340993895678151,-6.1291522543450085
1,1080.0,-0.16526802339085087,0.13407070928821807,-6.129634036872206
1,1081.0,-0.16527235299455167,0.1340421093945024,-6.130114457529728
1,1082.0,-0.16527667032493343,0.13401358988666806,-6.1305935163175675
1,1083.0,-0.16528097538199615,0.1339851507647151,-6.13107121323573
1,1084.0,-0.16528526816573982,0.13395679202864344,-6.131547548284211
1,1085.0,-0.16528954867616447,0.13392851367845315,-6.132022521463014
1,1086.0,-0.16529381691327005,0.1339003157141442,-6.132496132772137
1,1087.0,-0.16529807287705658,0.13387219813571663,-6.132968382211579
1,1088.0,-0.1653023165675241,0.13384416094317036,-6.1334392697813405
1,1089.0,-0.16530654798467256,0.13381620413650547,-6.133908795481428
1,1090.0,-0.16531076712850198,0.1337883277157219,-6.134376959311831
1,1091.0,-0.16531497399901235,0.13376053168081972,-6.134843761272556
1,1092.0,-0.16531916859620369,0.13373281603179885,-6.135309201363604
1,1093.0,-0.165323350920076,0.13370518076865934,-6.1357732795849715
1,1094.0,-0.16532752097062925,0.13367762589140117,-6.136235995936659
1,1095.0,-0.16533167839235,0.13365015373657965,-6.136697310970249
1,1096.0,-0.16533582342937067,0.13362276276122526,-6.137157251775119
1,1097.0,-0.16533995683858285,0.1335954480178953,-6.13761590233733
1,1098.0,-0.16534407861998657,0.13356820950658982,-6.138073262656881
1,1099.0,-0.16534818877358182,0.13354104722730878,-6.138529332733771
1,1100.0,-0.16535228729936857,0.13351396118005218,-6.138984112568003
1,1101.0,-0.16535637419734683,0.13348695136482003,-6.139437602159574
1,1102.0,-0.1653604494675166,0.13346001778161234,-6.139889801508482
1,1103.0,-0.1653645131098779,0.1334331604304291,-6.140340710614732
1,1104.0,-0.16536856512443074,0.1334063793112703,-6.140790329478323
1,1105.0,-0.16537260551117505,0.13337967442413595,-6.14123865809925
1,1106.0,-0.16537663427011093,0.13335304576902604,-6.14168569647752
1,1107.0,-0.16538065140123828,0.1333264933459406,-6.142131444613127
1,1108.0,-0.16538465690455717,0.1333000171548796,-6.142575902506073
1,1109.0,-0.16538865078006756,0.13327361719584305,-6.143019070156361
1,1110.0,-0.1653926330277695,0.13324729346883096,-6.143460947563991
1,1111.0,-0.16539660364766293,0.1332210459738433,-6.143901534728957
1,1112.0,-0.1654005626397479,0.1331948747108801,-6.144340831651267
1,1113.0,-0.16540451000402437,0.13316877967994134,-6.1447788383309145
1,1114.0,-0.16540844574049235,0.13314276088102703,-6.145215554767899
1,1115.0,-0.1654123693608794,0.13311682153044965,-6.145650926782629
1,1116.0,-0.16541628148880813,0.13309095758867673,-6.1460850235733995
1,1117.0,-0.16542018261412683,0.13306516584733824,-6.146517899494661
1,1118.0,-0.16542407273683551,0.13303944630643416,-6.146949554546415
1,1119.0,-0.16542795185693418,0.1330137989659645,-6.147379988728659
1,1120.0,-0.1654318199744228,0.13298822382592923,-6.147809202041395
1,1121.0,-0.16543567708930143,0.13296272088632838,-6.148237194484623
1,1122.0,-0.16543952320157002,0.13293729014716194,-6.148663966058343
1,1123.0,-0.16544335831122858,0.1329119316084299,-6.149089516762554
1,1124.0,-0.16544718241827713,0.1328866452701323,-6.149513846597256
1,1125.0,-0.16545099552271567,0.1328614311322691,-6.149936955562452
1,1126.0,-0.16545479762454418,0.1328362891948403,-6.1503588436581405
1,1127.0,-0.16545858872376268,0.13281121945784594,-6.150779510884321
1,1128.0,-0.16546236882037113,0.13278622192128597,-6.1511989572409895
1,1129.0,-0.1654661379143696,0.13276129658516042,-6.151617182728154
1,1130.0,-0.165469896005758,0.13273644344946928,-6.152034187345808
1,1131.0,-0.1654736430945364,0.13271166251421257,-6.152449971093953
1,1132.0,-0.1654773791807048,0.13268695377939024,-6.152864533972592
1,1133.0,-0.16548110426426316,0.13266231724500235,-6.15327787598172
1,1134.0,-0.1654848183452115,0.13263775291104885,-6.153689997121345
1,1135.0,-0.1654885210462577,0.13261326326208508,-6.15410085552644
1,1136.0,-0.16549221267132955,0.1325888463501452,-6.154510484921389
1,1137.0,-0.16549589389864247,0.13256449773046503,-6.154918960562205
1,1138.0,-0.16549956472819644,0.13254021740304459,-6.155326282448879
1,1139.0,-0.16550322515999144,0.13251600536788388,-6.155732450581413
1,1140.0,-0.16550687519402746,0.1324918616249829,-6.156137464959802
1,1141.0,-0.16551051483030457,0.13246778617434163,-6.156541325584056
1,1142.0,-0.1655141440688227,0.13244377901596008,-6.156944032454169
1,1143.0,-0.16551776290958187,0.1324198401498383,-6.157345585570144
1,1144.0,-0.1655213713525821,0.13239596957597619,-6.157745984931977
1,1145.0,-0.16552496939782335,0.13237216729437384,-6.158145230539668
1,1146.0,-0.16552855704530567,0.1323484333050312,-6.158543322393223
1,1147.0,-0.16553213429502903,0.1323247676079483,-6.158940260492635
1,1148.0,-0.16553570114699342,0.13230117020312512,-6.159336044837907
1,1149.0,-0.16553925760119886,0.13227764109056167,-6.1597306754290395
1,1150.0,-0.16554280365764534,0.13225418027025795,-6.160124152266032
1,1151.0,-0.16554633931633286,0.13223078774221395,-6.160516475348885
1,1152.0,-0.16554986457726142,0.13220746350642967,-6.160907644677597
1,1153.0,-0.16555337944043105,0.13218420756290514,-6.16129766025217
1,1154.0,-0.16555688390584172,0.1321610199116403,-6.161686522072606
1,1155.0,-0.1655603779734934,0.13213790055263522,-6.162074230138894
1,1156.0,-0.16556386097169065,0.1321148539282991,-6.1624607099185
1,1157.0,-0.1655673340803461,0.13209187231380592,-6.162846092336658
1,1158.0,-0.16557079737574798,0.13206895520767206,-6.163230385858457
1,1159.0,-0.16557425085789634,0.13204610260989758,-6.16361359048389
1,1160.0,-0.1655776945267912,0.1320233145204824,-6.163995706212965
1,1161.0,-0.1655811283824325,0.1320005909394266,-6.164376733045682
1,1162.0,-0.16558455242482026,0.13197793186673015,-6.164756670982033
1,1163.0,-0.16558796665395448,0.13195533730239303,-6.165135520022025
1,1164.0,-0.16559137106983518,0.13193280724641526,-6.165513280165655
1,1165.0,-0.16559476567246234,0.13191034169879687,-6.165889951412923
1,1166.0,-0.16559815046183599,0.1318879406595378,-6.166265533763833
1,1167.0,-0.1656015254379561,0.13186560412863807,-6.16664002721838
1,1168.0,-0.16560489060082265,0.1318433321060977,-6.167013431776565
1,1169.0,-0.1656082459504357,0.13182112459191667,-6.1673857474383915
1,1170.0,-0.1656115914867952,0.131798981586095,-6.167756974203857
1,1171.0,-0.16561492720990115,0.13177690308863266,-6.168127112072957
1,1172.0,-0.1656182531197536,0.13175488909952968,-6.168496161045699
1,1173.0,-0.1656215692163525,0.13173293961878604,-6.16886412112208
1,1174.0,-0.16562487549969787,0.13171105464640176,-6.169230992302101
1,1175.0,-0.1656281719697897,0.13168923418237682,-6.16959677458576
1,1176.0,-0.16563145857419898,0.13166747857186606,-6.169961462155436
1,1177.0,-0.16563473474987883,0.1316457915506724,-6.170324992534434
1,1178.0,-0.16563800167650194,0.13162416537879387,-6.170687496621371
1,1179.0,-0.16564125935406832,0.13160260005623045,-6.171048974416239
1,1180.0,-0.16564450778257792,0.13158109558298214,-6.17140942591904
1,1181.0,-0.16564774696203075,0.13155965195904892,-6.171768851129775
1,1182.0,-0.16565097689242683,0.13153826918443084,-6.172127250048444
1,1183.0,-0.16565419757376618,0.13151694725912785,-6.172484622675047
1,1184.0,-0.16565740900604875,0.13149568618314,-6.172840969009584
1,1185.0,-0.16566061118927458,0.13147448595646724,-6.173196289052055
1,1186.0,-0.16566380412344364,0.1314533465791096,-6.173550582802458
1,1187.0,-0.16566698780855596,0.13143226805106709,-6.1739038502608
1,1188.0,-0.1656701622446115,0.13141125037233967,-6.174256091427069
1,1189.0,-0.1656733274316103,0.13139029354292736,-6.174607306301275
1,1190.0,-0.16567648336955235,0.13136939756283017,-6.174957494883413
1,1191.0,-0.16567963005843764,0.13134856243204807,-6.175306657173488
1,1192.0,-0.1656827674982662,0.1313277881505811,-6.175654793171497
1,1193.0,-0.16568589568903797,0.13130707471842926,-6.176001902877439
1,1194.0,-0.16568901463075297,0.1312864221355925,-6.17634798629131
1,1195.0,-0.16569212432341124,0.13126583040207085,-6.1766930434131195
1,1196.0,-0.16569522476701276,0.13124529951786434,-6.177037074242862
1,1197.0,-0.1656983159615575,0.13122482948297293,-6.177380078780536
1,1198.0,-0.16570139731018213,0.13120442424499945,-6.177721990797108
1,1199.0,-0.1657044697488894,0.13118407767071225,-6.178062914153133
1,1200.0,-0.1657075334824987,0.13116378841186765,-6.178402871575744
1,1201.0,-0.1657105885110101,0.1311435564684657,-6.178741863064943
1,1202.0,-0.16571363483442353,0.1311233818405064,-6.179079888620731
1,1203.0,-0.16571667245273902,0.13110326452798973,-6.179416948243108
1,1204.0,-0.16571970136595657,0.13108320453091568,-6.179753041932069
1,1205.0,-0.1657227215740762,0.13106320184928427,-6.180088169687619
1,1206.0,-0.16572573307709787,0.13104325648309548,-6.1804223315097575
1,1207.0,-0.1657287358750216,0.13102336843234935,-6.180755527398484
1,1208.0,-0.1657317299678474,0.13100353769704584,-6.181087757353799
1,1209.0,-0.16573471535557527,0.13098376427718494,-6.181419021375703
1,1210.0,-0.16573769203820518,0.13096404817276672,-6.181749319464192
1,1211.0,-0.16574066001573717,0.1309443893837911,-6.18207865161927
1,1212.0,-0.16574361928817122,0.13092478791025813,-6.182407017840937
1,1213.0,-0.16574656985550731,0.13090524375216778,-6.182734418129191
1,1214.0,-0.1657495117177455,0.1308857569095201,-6.1830608524840365
1,1215.0,-0.16575244487488572,0.13086632738231502,-6.183386320905464
1,1216.0,-0.165755369326928,0.13084695517055256,-6.18371082339348
1,1217.0,-0.16575828507387233,0.13082764027423277,-6.184034359948084
1,1218.0,-0.16576119211571874,0.1308083826933556,-6.184356930569279
1,1219.0,-0.16576409032324646,0.13078918328031391,-6.184678520918493
1,1220.0,-0.16576697934364912,0.13077004438903597,-6.184999091847691
1,1221.0,-0.16576986018277728,0.1307509594045617,-6.18531875496788
1,1222.0,-0.165772732840631,0.13073192832689107,-6.185637510279051
1,1223.0,-0.16577559731721023,0.13071295115602408,-6.1859553577812125
1,1224.0,-0.165778453612515,0.13069402789196075,-6.186272297474362
1,1225.0,-0.16578130172654532,0.13067515853470107,-6.1865883293585
1,1226.0,-0.16578414165930114,0.13065634308424504,-6.186903453433625
1,1227.0,-0.16578697341078252,0.13063758154059266,-6.187217669699739
1,1228.0,-0.16578979698098942,0.13061887390374394,-6.18753097815684
1,1229.0,-0.16579261236992185,0.13060022017369888,-6.187843378804926
1,1230.0,-0.1657954195775798,0.13058162035045745,-6.188154871644
1,1231.0,-0.1657982186039633,0.13056307443401968,-6.188465456674064
1,1232.0,-0.1658010094490723,0.13054458242438557,-6.1887751338951125
1,1233.0,-0.16580379211290686,0.1305261443215551,-6.18908390330715
1,1234.0,-0.16580656659546694,0.13050776012552828,-6.189391764910177
1,1235.0,-0.16580933289675256,0.13048942983630513,-6.189698718704189
1,1236.0,-0.16581209101676372,0.13047115345388563,-6.190004764689193
1,1237.0,-0.1658148409555004,0.13045293097826977,-6.190309902865178
1,1238.0,-0.16581758271296262,0.13043476240945756,-6.190614133232157
1,1239.0,-0.16582031628915037,0.13041664774744902,-6.190917455790121
1,1240.0,-0.16582304168406364,0.1303985869922441,-6.191219870539073
1,1241.0,-0.1658257588383333,0.13038058053565038,-6.191521370891306
1,1242.0,-0.1658284672250946,0.13036263187675762,-6.19182189838495
1,1243.0,-0.16583116793440258,0.13034473384108147,-6.1921215739744895
1,1244.0,-0.1658338609662573,0.130326886428622,-6.19242039765993
1,1245.0,-0.16583654632065875,0.13030908963937918,-6.192718369441269
1,1246.0,-0.16583922399760692,0.130291343473353,-6.193015489318506
1,1247.0,-0.1658418939971018,0.13027364793054347,-6.19331175729164
1,1248.0,-0.1658445563191434,0.13025600301095058,-6.193607173360671
1,1249.0,-0.16584721096373176,0.13023840871457434,-6.1939017375256045
1,1250.0,-0.16584985793086682,0.13022086504141478,-6.1941954497864335
1,1251.0,-0.1658524972205486,0.13020337199147186,-6.1944883101431625
1,1252.0,-0.1658551288327771,0.1301859295647456,-6.194780318595788
1,1253.0,-0.16585775276755232,0.13016853776123596,-6.195071475144313
1,1254.0,-0.16586036902487425,0.13015119658094298,-6.195361779788733
1,1255.0,-0.16586297760474292,0.13013390602386668,-6.195651232529055
1,1256.0,-0.16586557850715833,0.13011666609000702,-6.195939833365275
1,1257.0,-0.16586817173212043,0.130099476779364,-6.196227582297389
1,1258.0,-0.16587075727962927,0.13008233809193764,-6.196514479325407
1,1259.0,-0.16587333514968483,0.13006525002772792,-6.196800524449322
1,1260.0,-0.1658759053422871,0.13004821258673485,-6.197085717669132
1,1261.0,-0.1658784678574361,0.13003122576895845,-6.1973700589848395
1,1262.0,-0.16588102269513183,0.13001428957439867,-6.197653548396449
1,1263.0,-0.16588356985537428,0.12999740400305557,-6.197936185903957
1,1264.0,-0.16588610891028147,0.1299805718857503,-6.198217924028802
1,1265.0,-0.16588864031065298,0.12996379027335225,-6.198498812792526
1,1266.0,-0.16589116451755204,0.12994705612522267,-6.198778903355535
1,1267.0,-0.16589368153097864,0.12993036944136152,-6.199058195717829
1,1268.0,-0.16589619135093275,0.12991373022176883,-6.199336689879404
1,1269.0,-0.1658986939774144,0.1298971384664446,-6.199614385840267
1,1270.0,-0.16590118941042364,0.12988059417538883,-6.199891283600418
1,1271.0,-0.1659036776499604,0.1298640973486015,-6.20016738315985
1,1272.0,-0.16590615869602468,0.12984764798608261,-6.200442684518569
1,1273.0,-0.1659086325486165,0.1298312460878322,-6.200717187676574
1,1274.0,-0.1659110992077359,0.1298148916538502,-6.200990892633865
1,1275.0,-0.16591355867338278,0.1297985846841367,-6.2012637993904365
1,1276.0,-0.16591601094555725,0.12978232517869162,-6.201535907946297
1,1277.0,-0.16591845602425923,0.12976611313751502,-6.20180721830144
1,1278.0,-0.16592089390948878,0.12974994856060684,-6.202077730455871
1,1279.0,-0.16592332460124584,0.12973383144796713,-6.202347444409585
1,1280.0,-0.16592574809953045,0.12971776179959588,-6.202616360162584
1,1281.0,-0.1659281644043426,0.12970173961549308,-6.2028844777148695
1,1282.0,-0.1659305735156823,0.12968576489565872,-6.203151797066441
1,1283.0,-0.16593297543354954,0.12966983764009282,-6.203418318217297
1,1284.0,-0.1659353701579443,0.12965395784879538,-6.203684041167436
1,1285.0,-0.16593775768886662,0.1296381255217664,-6.2039489659168625
1,1286.0,-0.16594013802631646,0.12962234065900585,-6.204213092465573
1,1287.0,-0.16594251073413435,0.1296066061479152,-6.204476372416521
1,1288.0,-0.1659448762883572,0.12959091886773005,-6.2047388585916226
1,1289.0,-0.16594723511343729,0.1295752760168698,-6.205000598088877
1,1290.0,-0.16594958720937464,0.12955967759533438,-6.2052615909082816
1,1291.0,-0.1659519325761693,0.12954412360312378,-6.205521837049841
1,1292.0,-0.16595427121382123,0.12952861404023808,-6.205781336513552
1,1293.0,-0.1659566031223304,0.1295131489066772,-6.206040089299416
1,1294.0,-0.16595892830169687,0.12949772820244118,-6.206298095407427
1,1295.0,-0.16596124675192062,0.12948235192753002,-6.206555354837595
1,1296.0,-0.16596355847300162,0.12946702008194372,-6.2068118675899155
1,1297.0,-0.1659658634649399,0.12945173266568225,-6.207067633664384
1,1298.0,-0.16596816172773546,0.12943648967874563,-6.207322653061009
1,1299.0,-0.1659704532613883,0.12942129112113387,-6.207576925779782
1,1300.0,-0.16597273806589838,0.12940613699284695,-6.207830451820709
1,1301.0,-0.16597501614126575,0.1293910272938849,-6.208083231183791
1,1302.0,-0.1659772874874904,0.1293759620242477,-6.208335263869021
1,1303.0,-0.16597955210457233,0.12936094118393535,-6.208586549876405
1,1304.0,-0.16598180999251153,0.12934596477294782,-6.208837089205942
1,1305.0,-0.16598406115130798,0.12933103279128516,-6.209086881857627
1,1306.0,-0.16598630558096172,0.12931614523894736,-6.209335927831469
1,1307.0,-0.16598854328147272,0.1293013021159344,-6.209584227127458
1,1308.0,-0.165990774252841,0.12928650342224632,-6.209831779745602
1,1309.0,-0.16599299849506657,0.12927174915788306,-6.210078585685898
1,1310.0,-0.16599521591003882,0.12925703997174698,-6.21032463406182
1,1311.0,-0.16599742609184126,0.1292423785657083,-6.210569879832135
1,1312.0,-0.16599962998939488,0.12922775867721079,-6.210814428290838
1,1313.0,-0.1660018276026997,0.12921318030625442,-6.211058279437923
1,1314.0,-0.16600401893175562,0.1291986434528392,-6.2113014332733885
1,1315.0,-0.16600620397656274,0.12918414811696516,-6.211543889797239
1,1316.0,-0.16600838273712104,0.12916969429863226,-6.211785649009475
1,1317.0,-0.16601055521343047,0.12915528199784052,-6.212026710910091
1,1318.0,-0.1660127214054911,0.12914091121458993,-6.2122670754990885
1,1319.0,-0.1660148813133029,0.12912658194888052,-6.212506742776475
1,1320.0,-0.16601703493686584,0.12911229420071224,-6.212745712742241
1,1321.0,-0.16601918227617996,0.12909804797008512,-6.212983985396392
1,1322.0,-0.16602132333124522,0.12908384325699918,-6.213221560738924
1,1323.0,-0.16602345810206168,0.12906968006145436,-6.213458438769839
1,1324.0,-0.1660255865886293,0.1290555583834507,-6.213694619489138
1,1325.0,-0.16602770879094805,0.12904147822298823,-6.213930102896819
1,1326.0,-0.166029824709018,0.12902743958006688,-6.214164888992884
1,1327.0,-0.1660319343428391,0.1290134424546867,-6.214398977777334
1,1328.0,-0.1660340376924114,0.12899948684684767,-6.214632369250168
1,1329.0,-0.16603613475773485,0.12898557275654982,-6.214865063411383
1,1330.0,-0.16603822553880945,0.1289717001837931,-6.21509706026098
1,1331.0,-0.16604031003563524,0.12895786912857754,-6.215328359798963
1,1332.0,-0.16604238824821219,0.12894407959090315,-6.2155589620253275
1,1333.0,-0.1660444601765403,0.12893033157076988,-6.215788866940073
1,1334.0,-0.1660465256942385,0.1289166259046419,-6.216018060519732
1,1335.0,-0.1660485844751148,0.12890296476750882,-6.21624650656945
1,1336.0,-0.16605063739744014,0.12888934235824834,-6.216474302543753
1,1337.0,-0.16605268446121446,0.12887575867686052,-6.2167014484426435
1,1338.0,-0.1660547256664378,0.1288622137233453,-6.216927944266116
1,1339.0,-0.16605676101311018,0.12884870749770275,-6.217153790014179
1,1340.0,-0.16605879050123157,0.12883523999993282,-6.217378985686828
1,1341.0,-0.16606081413080195,0.1288218112300355,-6.217603531284063
1,1342.0,-0.16606283190182136,0.12880842118801084,-6.217827426805885
1,1343.0,-0.1660648438142898,0.1287950698738588,-6.218050672252293
1,1344.0,-0.16606684986820724,0.12878175728757943,-6.218273267623287
1,1345.0,-0.1660688500635737,0.12876848342917266,-6.218495212918868
1,1346.0,-0.1660708444003892,0.12875524829863852,-6.218716508139039
1,1347.0,-0.16607283287865368,0.12874205189597704,-6.218937153283792
1,1348.0,-0.16607481549836717,0.12872889422118816,-6.219157148353131
1,1349.0,-0.1660767922595297,0.12871577527427194,-6.219376493347059
1,1350.0,-0.16607876316214124,0.12870269505522836,-6.219595188265571
1,1351.0,-0.1660807282062018,0.1286896535640574,-6.219813233108672
1,1352.0,-0.16608268739171134,0.12867665080075907,-6.220030627876357
1,1353.0,-0.16608464071866993,0.12866368676533338,-6.2202473725686325
1,1354.0,-0.16608658818707753,0.12865076145778032,-6.220463467185489
1,1355.0,-0.16608852979693414,0.12863787487809988,-6.220678911726936
1,1356.0,-0.16609046554823975,0.1286250270262921,-6.220893706192967
1,1357.0,-0.1660923954409944,0.12861221790235694,-6.221107850583586
1,1358.0,-0.16609431947519807,0.12859944750629443,-6.221321344898793
1,1359.0,-0.16609623718542568,0.12858671892446905,-6.221534137494179
1,1360.0,-0.16609814913724788,0.12857402843017357,-6.221746291126482
1,1361.0,-0.16610005563728386,0.12856137399496298,-6.221957839818728
1,1362.0,-0.1661019566855336,0.12854875561883727,-6.222168783570912
1,1363.0,-0.16610385228199712,0.12853617330179645,-6.222379122383036
1,1364.0,-0.16610574242667445,0.12852362704384054,-6.222588856255106
1,1365.0,-0.16610762711956553,0.1285111168449695,-6.222797985187111
1,1366.0,-0.1661095063606704,0.12849864270518332,-6.223006509179059
1,1367.0,-0.16611138014998905,0.12848620462448207,-6.223214428230946
1,1368.0,-0.16611324848752146,0.12847380260286567,-6.223421742342772
1,1369.0,-0.16611511137326768,0.1284614366403342,-6.223628451514542
1,1370.0,-0.16611696880722768,0.12844910673688759,-6.223834555746252
1,1371.0,-0.16611882078940143,0.12843681289252587,-6.2240400550379
1,1372.0,-0.16612066731978897,0.12842455510724904,-6.2242449493894885
1,1373.0,-0.1661225083983903,0.1284123333810571,-6.224449238801017
1,1374.0,-0.1661243440252054,0.12840014771395003,-6.224652923272489
1,1375.0,-0.1661261742002343,0.12838799810592785,-6.224856002803898
1,1376.0,-0.16612799892347696,0.12837588455699056,-6.225058477395254
1,1377.0,-0.16612981819493342,0.12836380706713815,-6.225260347046546
1,1378.0,-0.16613163201460363,0.12835176563637066,-6.225461611757777
1,1379.0,-0.16613344038248765,0.12833976026468802,-6.225662271528951
1,1380.0,-0.16613524329858542,0.1283277909520903,-6.225862326360064
1,1381.0,-0.16613704076289698,0.12831585769857745,-6.226061776251119
1,1382.0,-0.16613883277542232,0.12830396050414947,-6.22626062120211
1,1383.0,-0.16614061933616145,0.1282920993688064,-6.226458861213046
1,1384.0,-0.16614240001549316,0.12828027714226017,-6.226656448612375
1,1385.0,-0.1661441752868815,0.1282684907042375,-6.226853435936528
1,1386.0,-0.16614594549460016,0.12825673777597807,-6.227049861386735
1,1387.0,-0.1661477106386492,0.12824501835748192,-6.227245724963
1,1388.0,-0.16614947071902855,0.12823333244874902,-6.227441026665322
1,1389.0,-0.1661512257357383,0.12822168004977938,-6.227635766493703
1,1390.0,-0.16615297568877835,0.12821006116057299,-6.227829944448137
1,1391.0,-0.16615472057814878,0.12819847578112986,-6.228023560528631
1,1392.0,-0.16615646040384954,0.12818692391144998,-6.228216614735182
1,1393.0,-0.16615819516588068,0.12817540555153334,-6.228409107067792
1,1394.0,-0.16615992486424216,0.12816392070137997,-6.228601037526458
1,1395.0,-0.16616164949893397,0.12815246936098987,-6.228792406111177
1,1396.0,-0.16616336906995616,0.128141051530363,-6.228983212821956
1,1397.0,-0.1661650835773087,0.1281296672094994,-6.229173457658794
1,1398.0,-0.16616679302099155,0.12811831639839905,-6.229363140621684
1,1399.0,-0.16616849740100478,0.12810699909706194,-6.229552261710636
1,1400.0,-0.16617019671734837,0.1280957153054881,-6.229740820925644
1,1401.0,-0.16617189097002227,0.12808446502367754,-6.229928818266705
1,1402.0,-0.16617358015902656,0.12807324825163022,-6.230116253733828
1,1403.0,-0.1661752642843612,0.12806206498934614,-6.230303127327005
1,1404.0,-0.16617694334602617,0.12805091523682532,-6.230489439046243
1,1405.0,-0.16617861734402148,0.12803979899406776,-6.230675188891535
1,1406.0,-0.16618028627834716,0.12802871626107346,-6.230860376862884
1,1407.0,-0.1661819501490032,0.1280176670378424,-6.2310450029602915
1,1408.0,-0.16618360895598958,0.12800665132437458,-6.2312290671837545
1,1409.0,-0.1661852626993063,0.12799566912067006,-6.231412569533278
1,1410.0,-0.16618691077252865,0.12798472445479975,-6.231595442718868
1,1411.0,-0.16618855413842964,0.12797381095622237,-6.231777793571572
1,1412.0,-0.16619019281043484,0.127962928535968,-6.231959623581106
1,1413.0,-0.16619182678854424,0.12795207719403656,-6.232140932747472
1,1414.0,-0.16619345607275787,0.12794125693042807,-6.232321721070674
1,1415.0,-0.16619508066307573,0.12793046774514255,-6.232501988550712
1,1416.0,-0.16619670055949778,0.12791970963817997,-6.232681735187582
1,1417.0,-0.16619831576202404,0.12790898260954037,-6.232860960981285
1,1418.0,-0.16619992627065452,0.1278982866592237,-6.233039665931822
1,1419.0,-0.1662015320853892,0.12788762178723,-6.233217850039192
1,1420.0,-0.1662031332062281,0.12787698799355926,-6.233395513303393
1,1421.0,-0.1662047296331712,0.12786638527821148,-6.233572655724432
1,1422.0,-0.16620632136621855,0.12785581364118664,-6.233749277302305
1,1423.0,-0.1662079084053701,0.12784527308248478,-6.233925378037009
1,1424.0,-0.16620949075062583,0.12783476360210588,-6.234100957928549
1,1425.0,-0.1662110684019858,0.1278242852000499,-6.23427601697692
1,1426.0,-0.16621264135944996,0.12781383787631692,-6.234450555182124
1,1427.0,-0.16621420962301833,0.12780342163090688,-6.234624572544163
1,1428.0,-0.16621577319269093,0.1277930364638198,-6.234798069063036
1,1429.0,-0.16621733206846775,0.12778268237505566,-6.234971044738743
1,1430.0,-0.16621888625034875,0.12777235936461448,-6.235143499571282
1,1431.0,-0.166220435738334,0.12776206743249627,-6.235315433560658
1,1432.0,-0.16622198053242343,0.12775180657870103,-6.235486846706862
1,1433.0,-0.1662235206326171,0.1277415768032287,-6.2356577390099055
1,1434.0,-0.16622505603891496,0.12773137810607937,-6.235828110469778
1,1435.0,-0.16622658675131705,0.127721210487253,-6.235997961086486
1,1436.0,-0.16622811229126136,0.1277110771243941,-6.236167237757926
1,1437.0,-0.16622963327277307,0.12770097395806604,-6.236336008617436
1,1438.0,-0.16623114991214505,0.12769089955475613,-6.236504297665271
1,1439.0,-0.1662326622093773,0.12768085391446443,-6.2366721049014275
1,1440.0,-0.16623417016446979,0.1276708370371909,-6.236839430325902
1,1441.0,-0.16623567377742257,0.12766084892293553,-6.237006273938704
1,1442.0,-0.1662371730482356,0.12765088957169837,-6.237172635739821
1,1443.0,-0.16623866797690892,0.12764095898347938,-6.237338515729264
1,1444.0,-0.16624015856344249,0.12763105715827858,-6.237503913907027
1,1445.0,-0.16624164480783635,0.12762118409609596,-6.237668830273114
1,1446.0,-0.16624312671009045,0.12761133979693154,-6.237833264827522
1,1447.0,-0.16624460427020482,0.12760152426078528,-6.237997217570248
1,1448.0,-0.1662460774881795,0.1275917374876572,-6.238160688501301
1,1449.0,-0.1662475463640144,0.12758197947754732,-6.238323677620674
1,1450.0,-0.16624901089770958,0.12757225023045562,-6.238486184928368
1,1451.0,-0.16625047108926502,0.1275625497463821,-6.2386482104243814
1,1452.0,-0.16625192693868074,0.12755287802532675,-6.23880975410872
1,1453.0,-0.16625337844595672,0.1275432350672896,-6.238970815981379
1,1454.0,-0.16625482561109298,0.12753362087227063,-6.239131396042361
1,1455.0,-0.1662562684340895,0.12752403544026983,-6.239291494291662
1,1456.0,-0.1662577069149463,0.12751447877128722,-6.239451110729288
1,1457.0,-0.16625914105366335,0.1275049508653228,-6.239610245355236
1,1458.0,-0.16626057085024068,0.12749545172237656,-6.239768898169504
1,1459.0,-0.16626199630467828,0.12748598134244848,-6.239927069172094
1,1460.0,-0.16626341741697612,0.1274765397255386,-6.240084758363003
1,1461.0,-0.16626483418713425,0.1274671268716469,-6.240241965742237
1,1462.0,-0.16626624661515266,0.1274577427807734,-6.240398691309795
1,1463.0,-0.16626765417948067,0.12744839091792498,-6.240554877193469
1,1464.0,-0.1662690576145582,0.1274390664207609,-6.240710604888038
1,1465.0,-0.16627045704157734,0.12742976848554854,-6.240865887841203
1,1466.0,-0.16627185246053805,0.12742049711228795,-6.2410207260529535
1,1467.0,-0.16627324387144032,0.12741125230097908,-6.241175119523291
1,1468.0,-0.1662746312742842,0.12740203405162193,-6.241329068252218
1,1469.0,-0.16627601466906966,0.12739284236421652,-6.241482572239735
1,1470.0,-0.16627739405579672,0.12738367723876284,-6.241635631485843
1,1471.0,-0.16627876943446535,0.1273745386752609,-6.241788245990536
1,1472.0,-0.16628014080507555,0.1273654266737107,-6.2419404157538185
1,1473.0,-0.16628150816762735,0.12735634123411224,-6.242092140775691
1,1474.0,-0.16628287152212073,0.1273472823564655,-6.242243421056155
1,1475.0,-0.1662842308685557,0.12733825004077048,-6.242394256595203
1,1476.0,-0.16628558620693226,0.12732924428702722,-6.242544647392845
1,1477.0,-0.16628693753725038,0.1273202650952357,-6.242694593449068
1,1478.0,-0.1662882848595101,0.12731131246539587,-6.242844094763887
1,1479.0,-0.1662896281737114,0.12730238639750782,-6.242993151337293
1,1480.0,-0.16629096747985428,0.12729348689157147,-6.243141763169287
1,1481.0,-0.16629230277793877,0.1272846139475869,-6.243289930259871
1,1482.0,-0.16629363406796482,0.127275767565554,-6.243437652609043
1,1483.0,-0.16629496134993246,0.12726694774547287,-6.243584930216805
1,1484.0,-0.1662962846238417,0.12725815448734348,-6.243731763083156
1,1485.0,-0.16629760388969247,0.12724938779116582,-6.243878151208094
1,1486.0,-0.16629891914748487,0.12724064765693988,-6.2440240945916194
1,1487.0,-0.16630023039721883,0.12723193408466568,-6.244169593233735
1,1488.0,-0.1663015376388944,0.12722324707434324,-6.244314647134443
1,1489.0,-0.16630284087251154,0.1272145866259725,-6.244459256293735
1,1490.0,-0.16630413990950357,0.12720595399140933,-6.244603399787917
1,1491.0,-0.16630543463380704,0.12719734995012677,-6.244747064738375
1,1492.0,-0.1663067256668188,0.12718877038192775,-6.244890320096431
1,1493.0,-0.1663080130085389,0.12718021528681228,-6.245033165862083
1,1494.0,-0.16630929665896732,0.12717168466478038,-6.245175602035338
1,1495.0,-0.166310576618104,0.127163178515832,-6.245317628616184
1,1496.0,-0.16631185288594902,0.12715469683996722,-6.24545924560463
1,1497.0,-0.16631312546250235,0.12714623963718596,-6.245600453000676
1,1498.0,-0.16631439434776396,0.12713780690748824,-6.245741250804316
1,1499.0,-0.16631565954173388,0.1271293986508741,-6.245881639015551
1,1500.0,-0.16631692104441212,0.12712101486734353,-6.246021617634387
1,1501.0,-0.16631817885579867,0.1271126555568965,-6.246161186660819
1,1502.0,-0.16631943297589352,0.127104320719533,-6.2463003460948485
1,1503.0,-0.1663206834046967,0.1270960103552531,-6.24643909593648
1,1504.0,-0.16632193014220814,0.1270877244640567,-6.246577436185702
1,1505.0,-0.1663231731884279,0.12707946304594386,-6.246715366842523
1,1506.0,-0.16632441254335598,0.1270712261009146,-6.2468528879069405
1,1507.0,-0.16632564820699236,0.12706301362896888,-6.246989999378958
1,1508.0,-0.16632688017933706,0.12705482563010673,-6.247126701258572
1,1509.0,-0.16632810846039006,0.1270466621043281,-6.2472629935457835
1,1510.0,-0.16632933305015135,0.12703852305163307,-6.247398876240593
1,1511.0,-0.16633055394862098,0.12703040847202157,-6.247534349343
1,1512.0,-0.1663317711557989,0.1270223183654936,-6.247669412853002
1,1513.0,-0.1663329846716851,0.12701425273204922,-6.247804066770604
1,1514.0,-0.16633419449627965,0.12700621157168837,-6.247938311095801
1,1515.0,-0.16633540062958246,0.12699819488441108,-6.248072145828595
1,1516.0,-0.16633660307159362,0.12699020267021735,-6.248205570968987
1,1517.0,-0.16633780182231306,0.12698223492910718,-6.248338586516977
1,1518.0,-0.16633899688174084,0.12697429166108054,-6.248471192472566
1,1519.0,-0.16634018769210335,0.126966376574693,-6.248603326944187
1,1520.0,-0.1663413750953823,0.12695848408624166,-6.248735083359657
1,1521.0,-0.16634255910719778,0.12695061409203,-6.248866463452204
1,1522.0,-0.16634373972754976,0.126942766592058,-6.248997467221828
1,1523.0,-0.16634491695643827,0.12693494158632568,-6.24912809466853
1,1524.0,-0.16634609079386328,0.12692713907483302,-6.249258345792309
1,1525.0,-0.16634726123982482,0.12691935905758006,-6.2493882205931675
1,1526.0,-0.16634842829432286,0.12691160153456674,-6.2495177190711
1,1527.0,-0.16634959195735743,0.1269038665057931,-6.249646841226114
1,1528.0,-0.1663507522289285,0.1268961539712591,-6.249775587058203
1,1529.0,-0.1663519091090361,0.1268884639309648,-6.249903956567373
1,1530.0,-0.1663530625976802,0.1268807963849102,-6.250031949753614
1,1531.0,-0.1663542126948608,0.12687315133309524,-6.250159566616936
1,1532.0,-0.16635535940057797,0.12686552877551996,-6.2502868071573365
1,1533.0,-0.1663565027148316,0.12685792871218432,-6.250413671374814
1,1534.0,-0.16635764263762176,0.12685035114308837,-6.2505401592693675
1,1535.0,-0.16635877916894845,0.12684279606823212,-6.250666270841003
1,1536.0,-0.16635991230881164,0.1268352634876155,-6.250792006089713
1,1537.0,-0.16636104205721136,0.12682775340123859,-6.250917365015501
1,1538.0,-0.16636216841414758,0.12682026580910133,-6.251042347618367
1,1539.0,-0.16636329137962033,0.12681280071120374,-6.251166953898314
1,1540.0,-0.16636441095362958,0.1268053581075458,-6.251291183855334
1,1541.0,-0.16636552713617536,0.12679793799812755,-6.251415037489432
1,1542.0,-0.16636663992725764,0.12679054038294899,-6.2515385148006075
1,1543.0,-0.16636774932687642,0.12678316526201008,-6.251661615788861
1,1544.0,-0.16636885533503173,0.12677581263531085,-6.251784340454193
1,1545.0,-0.16636995795172357,0.12676848250285128,-6.251906688796602
1,1546.0,-0.16637105717695191,0.12676117486463137,-6.252028660816088
1,1547.0,-0.16637215301071678,0.12675388972065116,-6.252150256512654
1,1548.0,-0.16637324493043285,0.12674663054593738,-6.252271417899284
1,1549.0,-0.1663743336891925,0.12673939234480086,-6.252392228540474
1,1550.0,-0.16637541933976932,0.1267321747667848,-6.252512694292076
1,1551.0,-0.16637650188216332,0.1267249778118892,-6.252632815154088
1,1552.0,-0.1663775813163745,0.12671780148011408,-6.252752591126516
1,1553.0,-0.16637865764240287,0.1267106457714594,-6.252872022209354
1,1554.0,-0.1663797308602484,0.1267035106859252,-6.2529911084026075
1,1555.0,-0.16638080096991115,0.12669639622351142,-6.2531098497062745
1,1556.0,-0.16638186797139104,0.12668930238421813,-6.253228246120349
1,1557.0,-0.1663829318646881,0.1266822291680453,-6.25334629764484
1,1558.0,-0.1663839926498024,0.12667517657499291,-6.253464004279744
1,1559.0,-0.1663850503267338,0.12666814460506098,-6.253581366025057
1,1560.0,-0.16638610489548245,0.12666113325824954,-6.253698382880784
1,1561.0,-0.16638715635604825,0.12665414253455853,-6.253815054846924
1,1562.0,-0.16638820470843121,0.126647172433988,-6.253931381923476
1,1563.0,-0.16638924995263138,0.1266402229565379,-6.25404736411044
1,1564.0,-0.16639029208864872,0.12663329410220828,-6.254163001407818
1,1565.0,-0.16639133111648324,0.12662638587099911,-6.2542782938156085
1,1566.0,-0.16639236703613494,0.1266194982629104,-6.254393241333809
1,1567.0,-0.1663933998476038,0.12661263127794214,-6.254507843962423
1,1568.0,-0.16639442955088987,0.12660578491609437,-6.254622101701452
1,1569.0,-0.1663954561459931,0.12659895917736702,-6.25473601455089
1,1570.0,-0.1663964796329135,0.12659215406176016,-6.254849582510743
1,1571.0,-0.1663975000116511,0.12658536956927374,-6.254962805581008
1,1572.0,-0.16639851728220587,0.12657860569990778,-6.2550756837616825
1,1573.0,-0.1663995314445778,0.1265718624536623,-6.25518821705277
1,1574.0,-0.16640054249876696,0.12656513983053727,-6.2553004054542765
1,1575.0,-0.16640155044477326,0.1265584378305327,-6.255412248966188
1,1576.0,-0.16640255528259676,0.12655175645364858,-6.255523747588518
1,1577.0,-0.1664035569666277,0.12654509600291772,-6.255634896260322
1,1578.0,-0.16640455506526794,0.12653845935073912,-6.255745647090683
1,1579.0,-0.16640555032286322,0.12653184155586963,-6.255856082673564
1,1580.0,-0.16640654273941363,0.12652524261830927,-6.2559662030089624
1,1581.0,-0.16640753231491912,0.126518662538058,-6.256076008096879
1,1582.0,-0.16640851904937967,0.1265121013151158,-6.256185497937312
1,1583.0,-0.16640950294279536,0.12650555894948276,-6.256294672530268
1,1584.0,-0.1664104839951661,0.1264990354411588,-6.256403531875737
1,1585.0,-0.16641146220649194,0.12649253079014394,-6.256512075973728
1,1586.0,-0.16641243757677288,0.1264860449964382,-6.256620304824235
1,1587.0,-0.16641341010600888,0.12647957806004156,-6.256728218427258
1,1588.0,-0.1664143797942,0.12647312998095403,-6.256835816782806
1,1589.0,-0.1664153466413462,0.1264667007591756,-6.256943099890863
1,1590.0,-0.1664163106474475,0.12646029039470627,-6.257050067751447
1,1591.0,-0.16641727181250388,0.12645389888754605,-6.257156720364544
1,1592.0,-0.16641823013651533,0.12644752623769492,-6.257263057730159
1,1593.0,-0.1664191856194819,0.1264411724451529,-6.2573690798482975
1,1594.0,-0.16642013826140353,0.12643483750992,-6.257474786718947
1,1595.0,-0.1664210880622803,0.1264285214319962,-6.257580178342119
1,1596.0,-0.1664220350221121,0.1264222242113815,-6.25768525471781
1,1597.0,-0.166422979140899,0.12641594584807592,-6.257790015846017
1,1598.0,-0.16642392041864104,0.1264096863420794,-6.257894461726742
1,1599.0,-0.16642485885533811,0.12640344569339204,-6.257998592359983
1,1600.0,-0.16642579445099032,0.12639722390201377,-6.258102407745747
1,1601.0,-0.1664267272055976,0.12639102096794458,-6.2582059078840295
1,1602.0,-0.16642765711915997,0.12638483689118452,-6.258309092774828
1,1603.0,-0.16642858419167741,0.12637867167173356,-6.258411962418146
1,1604.0,-0.16642950842314996,0.1263725253095917,-6.258514516813978
1,1605.0,-0.16643042981357759,0.12636639780475895,-6.258616755962333
1,1606.0,-0.1664313483629603,0.1263602891572353,-6.258718679863202
1,1607.0,-0.16643226407129813,0.12635419936702078,-6.258820288516594
1,1608.0,-0.1664331767194224,0.12634812989114785,-6.258921557603154
1,1609.0,-0.1664340863085986,0.1263420807268922,-6.2590224872633025
1,1610.0,-0.16643499330814263,0.12633604875691604,-6.259123129573183
1,1611.0,-0.16643589771805453,0.12633003398121934,-6.259223484532799
1,1612.0,-0.16643679953833432,0.12632403639980214,-6.259323552142151
1,1613.0,-0.16643769876898196,0.12631805601266444,-6.2594233324012345
1,1614.0,-0.16643859540999748,0.1263120928198062,-6.259522825310056
1,1615.0,-0.16643948946138085,0.12630614682122748,-6.259622030868611
1,1616.0,-0.1664403809231321,0.12630021801692823,-6.259720949076901
1,1617.0,-0.16644126979525123,0.12629430640690845,-6.259819579934928
1,1618.0,-0.1664421560777382,0.1262884119911682,-6.259917923442686
1,1619.0,-0.16644303977059305,0.12628253476970738,-6.260015979600181
1,1620.0,-0.16644392087381576,0.12627667474252607,-6.260113748407408
1,1621.0,-0.16644479938740636,0.12627083190962426,-6.260211229864372
1,1622.0,-0.1664456753113648,0.12626500627100193,-6.260308423971071
1,1623.0,-0.16644654864569114,0.1262591978266591,-6.260405330727505
1,1624.0,-0.16644741939038532,0.12625340657659573,-6.260501950133671
1,1625.0,-0.16644828754544738,0.12624763252081186,-6.260598282189575
1,1626.0,-0.1664491531108773,0.12624187565930747,-6.260694326895212
1,1627.0,-0.1664500160866751,0.12623613599208258,-6.260790084250585
1,1628.0,-0.16645087647284076,0.12623041351913716,-6.260885554255693
1,1629.0,-0.1664517342693743,0.12622470824047125,-6.260980736910535
1,1630.0,-0.16645258947627567,0.1262190201560848,-6.261075632215109
1,1631.0,-0.16645344209354493,0.12621334926597785,-6.261170240169422
1,1632.0,-0.16645429212118207,0.12620769557015038,-6.261264560773469
1,1633.0,-0.16645513955918706,0.1262020590686024,-6.261358594027249
1,1634.0,-0.16645598440755993,0.1261964397613339,-6.261452339930765
1,1635.0,-0.16645682666630066,0.1261908376483449,-6.261545798484012
1,1636.0,-0.16645766633540926,0.12618525272963538,-6.2616389696870005
1,1637.0,-0.16645850341488572,0.12617968500520535,-6.261731853539718
1,1638.0,-0.16645933790473005,0.12617413447505482,-6.261824450042174
1,1639.0,-0.16646016980494227,0.12616860113918374,-6.261916759194365
1,1640.0,-0.1664609987083049,0.1261630877065205,-6.262008735810706
1,1641.0,-0.16646182509227075,0.12615759100777174,-6.2621004328702226
1,1642.0,-0.16646264912272155,0.12615210994042725,-6.2621918687794516
1,1643.0,-0.1664634707996573,0.12614664450448698,-6.262283043538395
1,1644.0,-0.16646429012307798,0.126141194699951,-6.262373957147052
1,1645.0,-0.16646510709298362,0.12613576052681924,-6.26246460960542
1,1646.0,-0.16646592170937421,0.12613034198509174,-6.262555000913505
1,1647.0,-0.16646673397224976,0.1261249390747685,-6.2626451310713005
1,1648.0,-0.16646754388161025,0.1261195517958495,-6.262735000078809
1,1649.0,-0.1664683514374557,0.12611418014833475,-6.262824607936031
1,1650.0,-0.1664691566397861,0.12610882413222424,-6.262913954642967
1,1651.0,-0.16646995948860144,0.12610348374751798,-6.263003040199617
1,1652.0,-0.16647075998390173,0.126098158994216,-6.263091864605979
1,1653.0,-0.16647155812568698,0.12609284987231825,-6.263180427862056
1,1654.0,-0.16647235391395718,0.12608755638182476,-6.263268729967845
1,1655.0,-0.16647314734871232,0.12608227852273549,-6.263356770923348
1,1656.0,-0.16647393842995242,0.1260770162950505,-6.263444550728566
1,1657.0,-0.16647472715767747,0.12607176969876976,-6.263532069383497
1,1658.0,-0.16647551353188747,0.12606653873389326,-6.263619326888139
1,1659.0,-0.16647629755258242,0.126061323400421,-6.263706323242495
1,1660.0,-0.1664770792197623,0.126056123698353,-6.263793058446561
1,1661.0,-0.16647785853342714,0.12605093962768926,-6.263879532500343
1,1662.0,-0.16647863549357694,0.12604577118842977,-6.263965745403839
1,1663.0,-0.1664794101002117,0.1260406183805745,-6.264051697157049
1,1664.0,-0.1664801823533314,0.12603548120412353,-6.264137387759973
1,1665.0,-0.16648095225293605,0.12603035965907677,-6.264222817212608
1,1666.0,-0.16648171979902565,0.12602525374543427,-6.264307985514957
1,1667.0,-0.1664824849916002,0.12602016346319603,-6.264392892667022
1,1668.0,-0.1664832478306597,0.12601508881236204,-6.264477538668796
1,1669.0,-0.16648400831620416,0.1260100297929323,-6.264561923520288
1,1670.0,-0.16648476644823357,0.1260049864049068,-6.2646460472214915
1,1671.0,-0.16648552222674792,0.12599995864828556,-6.2647299097724085
1,1672.0,-0.16648627554619738,0.1259949472250081,-6.264813499461035
1,1673.0,-0.16648702615746552,0.12598995379532332,-6.264896788644966
1,1674.0,-0.16648777463648037,0.12598497453160054,-6.264979841230213
1,1675.0,-0.16648852098324193,0.12598000943383975,-6.26506265721678
1,1676.0,-0.1664892651977502,0.12597505850204094,-6.265145236604665
1,1677.0,-0.16649000728000518,0.12597012173620412,-6.265227579393868
1,1678.0,-0.16649074723000687,0.1259651991363293,-6.26530968558439
1,1679.0,-0.16649148504775527,0.12596029070241646,-6.265391555176234
1,1680.0,-0.16649222073325035,0.1259553964344656,-6.265473188169386
1,1681.0,-0.16649295428649216,0.12595051633247673,-6.265554584563866
1,1682.0,-0.16649368570748066,0.12594565039644984,-6.265635744359656
1,1683.0,-0.1664944149962159,0.12594079862638494,-6.265716667556772
1,1684.0,-0.1664951421526978,0.12593596102228205,-6.2657973541552
1,1685.0,-0.16649586717692647,0.12593113758414112,-6.26587780415495
1,1686.0,-0.1664965900689018,0.12592632831196218,-6.265958017556016
1,1687.0,-0.16649731082862385,0.12592153320574526,-6.2660379943584
1,1688.0,-0.1664980294560926,0.1259167522654903,-6.2661177345621
1,1689.0,-0.16649874595130806,0.12591198549119734,-6.266197238167121
1,1690.0,-0.16649946031427024,0.12590723288286634,-6.266276505173461
1,1691.0,-0.16650017254497912,0.12590249444049736,-6.266355535581117
1,1692.0,-0.1665008826434347,0.12589777016409034,-6.2664343293900915
1,1693.0,-0.166501590609637,0.12589306005364534,-6.266512886600386
1,1694.0,-0.16650229644358602,0.1258883641091623,-6.266591207211997
1,1695.0,-0.16650300014528172,0.12588368233064126,-6.266669291224924
1,1696.0,-0.16650370171472414,0.1258790147180822,-6.266747138639175
1,1697.0,-0.16650440115191328,0.12587436127148513,-6.26682474945474
1,1698.0,-0.1665050984568491,0.12586972199085006,-6.266902123671623
1,1699.0,-0.16650579362953163,0.12586509687617697,-6.266979261289822
1,1700.0,-0.1665064866699609,0.12586048592746585,-6.267056162309344
1,1701.0,-0.16650717757813685,0.12585588914471674,-6.2671328267301805
1,1702.0,-0.1665078663540595,0.1258513065279296,-6.267209254552337
1,1703.0,-0.16650855299772888,0.12584673807710448,-6.2672854457758085
1,1704.0,-0.16650923750914495,0.12584218379224132,-6.2673614004006
1,1705.0,-0.16650991988830774,0.12583764367334016,-6.267437118426711
1,1706.0,-0.16651059982514266,0.12583311978359318,-6.267512565447704
1,1707.0,-0.16651127757599318,0.12582861042175483,-6.267587769907916
1,1708.0,-0.1665119534014472,0.12582411385506137,-6.267662760722646
1,1709.0,-0.16651262730150468,0.12581963008351285,-6.267737537891897
1,1710.0,-0.16651329927616565,0.1258151591071092,-6.267812101415667
1,1711.0,-0.16651396932543008,0.12581070092585045,-6.267886451293953
1,1712.0,-0.166514637449298,0.12580625553973662,-6.267960587526763
1,1713.0,-0.16651530364776942,0.12580182294876768,-6.2680345101140915
1,1714.0,-0.1665159679208443,0.12579740315294366,-6.268108219055941
1,1715.0,-0.16651663026852265,0.12579299615226455,-6.268181714352306
1,1716.0,-0.16651729069080448,0.12578860194673033,-6.268254996003193
1,1717.0,-0.1665179491876898,0.125784220536341,-6.268328064008601
1,1718.0,-0.1665186057591786,0.12577985192109659,-6.268400918368524
1,1719.0,-0.16651926040527087,0.1257754961009971,-6.268473559082972
1,1720.0,-0.16651991312596662,0.12577115307604247,-6.2685459861519375
1,1721.0,-0.16652056392126585,0.12576682284623278,-6.268618199575423
1,1722.0,-0.16652121279116858,0.12576250541156797,-6.268690199353429
1,1723.0,-0.16652185973567477,0.12575820077204808,-6.268761985485951
1,1724.0,-0.16652250475478442,0.12575390892767307,-6.268833557972995
1,1725.0,-0.16652314784849756,0.125749629878443,-6.268904916814558
1,1726.0,-0.1665237890168142,0.1257453636243578,-6.268976062010641
1,1727.0,-0.1665244282597343,0.1257411101654175,-6.269046993561242
1,1728.0,-0.16652506557725788,0.12573686950162213,-6.269117711466365
1,1729.0,-0.16652570096938493,0.12573264163297165,-6.269188215726005
1,1730.0,-0.16652633443611548,0.12572842655946606,-6.269258506340166
1,1731.0,-0.1665269659774495,0.1257242242811054,-6.26932858330885
1,1732.0,-0.166527595593387,0.12572003479788962,-6.2693984466320485
1,1733.0,-0.16652822328392797,0.12571585810981878,-6.269468096309765
1,1734.0,-0.16652884904907245,0.1257116942168928,-6.269537532342009
1,1735.0,-0.16652947288882036,0.12570754311911175,-6.269606754728766
1,1736.0,-0.16653009480317177,0.1257034048164756,-6.269675763470044
1,1737.0,-0.16653071479212667,0.12569927930898434,-6.269744558565841
1,1738.0,-0.16653133285568505,0.12569516659663799,-6.269813140016163
1,1739.0,-0.16653194899384688,0.12569106667943655,-6.269881507820997
1,1740.0,-0.16653256320661222,0.12568697955738,-6.269949661980354
1,1741.0,-0.16653317505883372,0.12568290812708136,-6.270017554209498
1,1742.0,-0.1665337851254032,0.12567884856652622,-6.270085248299465
1,1743.0,-0.1665343934594874,0.12567480052203692,-6.270152750149731
1,1744.0,-0.16653500006108632,0.12567076399361343,-6.2702200597602955
1,1745.0,-0.16653560493019992,0.1256667389812558,-6.270287177131159
1,1746.0,-0.16653620806682823,0.12566272548496402,-6.27035410226232
1,1747.0,-0.16653680947097127,0.12565872350473806,-6.270420835153778
1,1748.0,-0.166537409142629,0.12565473304057792,-6.270487375805536
1,1749.0,-0.16653800708180144,0.12565075409248364,-6.270553724217594
1,1750.0,-0.1665386032884886,0.12564678666045517,-6.270619880389949
1,1751.0,-0.16653919776269047,0.12564283074449253,-6.270685844322602
1,1752.0,-0.16653979050440704,0.12563888634459575,-6.270751616015556
1,1753.0,-0.1665403815136383,0.1256349534607648,-6.270817195468807
1,1754.0,-0.1665409707903843,0.12563103209299967,-6.270882582682356
1,1755.0,-0.16654155833464498,0.1256271222413004,-6.270947777656203
1,1756.0,-0.1665421441464204,0.12562322390566694,-6.271012780390351
1,1757.0,-0.1665427282257105,0.12561933708609932,-6.2710775908847936
1,1758.0,-0.16654331057251534,0.12561546178259755,-6.271142209139538
1,1759.0,-0.16654389118683485,0.1256115979951616,-6.27120663515458
1,1760.0,-0.1665444700686691,0.1256077457237915,-6.27127086892992
1,1761.0,-0.16654504721801805,0.1256039049684872,-6.27133491046556
1,1762.0,-0.1665456226348817,0.12560007572924878,-6.271398759761499
1,1763.0,-0.16654619631926007,0.12559625800607616,-6.271462416817735
1,1764.0,-0.16654676827115314,0.12559245179896938,-6.271525881634269
1,1765.0,-0.16654733849056094,0.12558865710792844,-6.271589154211105
1,1766.0,-0.16654790697748342,0.12558487393295334,-6.271652234548237
1,1767.0,-0.1665484737319206,0.12558110227404407,-6.271715122645664
1,1768.0,-0.16654903875387253,0.12557734213120064,-6.271777818503396
1,1769.0,-0.16654960204333916,0.12557359350442304,-6.271840322121425
1,1770.0,-0.1665501636003205,0.12556985639371127,-6.271902633499753
1,1771.0,-0.1665507234248165,0.12556613079906534,-6.271964752638373
1,1772.0,-0.16655128151682724,0.12556241672048526,-6.272026679537297
1,1773.0,-0.16655183787635272,0.12555871415797099,-6.272088414196522
1,1774.0,-0.16655239250339288,0.12555502311152256,-6.272149956616042
1,1775.0,-0.16655294539794774,0.12555134358113998,-6.272211306795859
1,1776.0,-0.16655349652445378,0.12554767580346884,-6.272272460789782
1,1777.0,-0.1665540455104631,0.12554402225879982,-6.272333377270319
1,1778.0,-0.16655459294342048,0.12554037903989596,-6.272394121421403
1,1779.0,-0.16655513882332595,0.1255367461467573,-6.272454693243039
1,1780.0,-0.16655568315017955,0.12553312357938384,-6.272515092735226
1,1781.0,-0.1665562259239812,0.12552951133777557,-6.272575319897963
1,1782.0,-0.16655676714473094,0.12552590942193248,-6.272635374731251
1,1783.0,-0.16655730681242878,0.12552231783185458,-6.272695257235092
1,1784.0,-0.16655784492707468,0.12551873656754184,-6.272754967409479
1,1785.0,-0.1665583814886687,0.1255151656289943,-6.272814505254421
1,1786.0,-0.1665589164972108,0.12551160501621195,-6.272873870769914
1,1787.0,-0.166559449952701,0.1255080547291948,-6.272933063955957
1,1788.0,-0.16655998185513926,0.1255045147679428,-6.272992084812548
1,1789.0,-0.16656051220452564,0.12550098513245603,-6.273050933339696
1,1790.0,-0.16656104100086008,0.1254974658227344,-6.273109609537391
1,1791.0,-0.16656156824414262,0.125493956838778,-6.273168113405636
1,1792.0,-0.16656209393437327,0.12549045818058677,-6.273226444944438
1,1793.0,-0.16656261807155198,0.1254869698481607,-6.273284604153784
1,1794.0,-0.1665631406556788,0.12548349184149987,-6.273342591033682
1,1795.0,-0.16656366168675368,0.1254800241606042,-6.273400405584133
1,1796.0,-0.16656418116477667,0.1254765668054737,-6.2734580478051365
1,1797.0,-0.16656469908974775,0.1254731197761084,-6.273515517696689
1,1798.0,-0.1665652154616669,0.12546968307250828,-6.273572815258789
1,1799.0,-0.16656573028053415,0.12546625669467334,-6.2736299404914435
1,1800.0,-0.1665662435463495,0.1254628406426036,-6.273686893394651
1,1801.0,-0.1665667552591129,0.12545943491629905,-6.273743673968404
1,1802.0,-0.16656726541882444,0.12545603951575968,-6.273800282212713
1,1803.0,-0.16656777402548403,0.1254526544409855,-6.27385671812757
1,1804.0,-0.16656828107909175,0.1254492796919765,-6.27391298171298
1,1805.0,-0.16656878657964752,0.12544591526873267,-6.27396907296894
1,1806.0,-0.1665692905271514,0.12544256117125405,-6.274024991895449
1,1807.0,-0.16656979292160334,0.12543921739954061,-6.2740807384925095
1,1808.0,-0.1665702937630034,0.12543588395359234,-6.274136312760121
1,1809.0,-0.16657079305135153,0.12543256083340928,-6.274191714698287
1,1810.0,-0.16657129078664776,0.12542924803899141,-6.274246944307001
1,1811.0,-0.16657178696889208,0.1254259455703387,-6.274302001586267
1,1812.0,-0.16657228159808446,0.12542265342745118,-6.274356886536081
1,1813.0,-0.16657277467422496,0.12541937161032887,-6.274411599156449
1,1814.0,-0.16657326576419157,0.12541610300295652,-6.274466091387372
1,1815.0,-0.1665737554574336,0.12541284368404038,-6.274520428635206
1,1816.0,-0.1665742437640544,0.12540959358634188,-6.274574612021043
1,1817.0,-0.1665747306840539,0.125406352709861,-6.27462864154487
1,1818.0,-0.16657521621743215,0.12540312105459775,-6.274682517206695
1,1819.0,-0.16657570036418912,0.12539989862055215,-6.2747362390065184
1,1820.0,-0.16657618312432482,0.12539668540772414,-6.274789806944334
1,1821.0,-0.16657666449783926,0.12539348141611376,-6.274843221020147
1,1822.0,-0.16657714448473243,0.12539028664572102,-6.274896481233959
1,1823.0,-0.16657762308500432,0.1253871010965459,-6.274949587585764
1,1824.0,-0.16657810029865494,0.1253839247685884,-6.2750025400755645
1,1825.0,-0.16657857612568427,0.12538075766184853,-6.275055338703361
1,1826.0,-0.16657905056609237,0.1253775997763263,-6.275107983469155
1,1827.0,-0.16657952361987918,0.12537445111202167,-6.275160474372944
1,1828.0,-0.16657999528704473,0.1253713116689347,-6.275212811414728
1,1829.0,-0.166580465567589,0.12536818144706532,-6.275264994594508
1,1830.0,-0.16658093446151198,0.12536506044641357,-6.275317023912283
1,1831.0,-0.1665814019688137,0.12536194866697947,-6.275368899368056
1,1832.0,-0.16658186808949418,0.125358846108763,-6.275420620961825
1,1833.0,-0.1665823328235534,0.1253557527717641,-6.275472188693591
1,1834.0,-0.1665827961709913,0.12535266865598288,-6.275523602563351
1,1835.0,-0.16658325813180797,0.12534959376141927,-6.275574862571108
1,1836.0,-0.16658371870600333,0.12534652808807328,-6.2756259687168585
1,1837.0,-0.16658417789357746,0.12534347163594495,-6.275676921000608
1,1838.0,-0.1665846356945303,0.1253404244050342,-6.275727719422353
1,1839.0,-0.16658509210886188,0.1253373863953411,-6.275778363982094
1,1840.0,-0.16658554713657217,0.12533435760686562,-6.275828854679828
1,1841.0,-0.1665860007776612,0.12533133803960778,-6.275879191515559
1,1842.0,-0.16658645303212896,0.12532832769356753,-6.275929374489287
1,1843.0,-0.16658690389997546,0.12532532656874493,-6.27597940360101
1,1844.0,-0.1665873533812007,0.12532233466513995,-6.276029278850733
1,1845.0,-0.16658780147580465,0.12531935198275262,-6.276079000238448
1,1846.0,-0.16658824818378734,0.1253163785215829,-6.276128567764161
1,1847.0,-0.16658869350514874,0.12531341428163079,-6.276177981427867
1,1848.0,-0.1665891374398889,0.12531045926289633,-6.276227241229573
1,1849.0,-0.16658957998800777,0.12530751346537947,-6.276276347169271
1,1850.0,-0.16659002114950536,0.12530457688908025,-6.276325299246964
1,1851.0,-0.1665904609243817,0.12530164953399867,-6.276374097462656
1,1852.0,-0.1665908990551443,0.12529873311448925,-6.2764227132445125
1,1853.0,-0.16659133571894702,0.12529582645329498,-6.276471166249848
1,1854.0,-0.16659177115003812,0.1252929279914395,-6.276519482471275
1,1855.0,-0.16659220534841754,0.12529003772892278,-6.276567661908783
1,1856.0,-0.1665926383140853,0.12528715566574483,-6.276615704562375
1,1857.0,-0.16659307004704138,0.12528428180190565,-6.276663610432047
1,1858.0,-0.1665935005472858,0.12528141613740523,-6.276711379517808
1,1859.0,-0.16659392981481858,0.12527855867224358,-6.276759011819653
1,1860.0,-0.16659435784963966,0.12527570940642072,-6.2768065073375805
1,1861.0,-0.1665947846517491,0.12527286833993662,-6.276853866071592
1,1862.0,-0.16659521022114687,0.12527003547279128,-6.276901088021689
1,1863.0,-0.166595634557833,0.1252672108049847,-6.276948173187873
1,1864.0,-0.16659605766180743,0.12526439433651693,-6.276995121570137
1,1865.0,-0.16659647953307022,0.12526158606738788,-6.277041933168488
1,1866.0,-0.16659690017162132,0.12525878599759763,-6.277088607982918
1,1867.0,-0.16659731957746077,0.12525599412714614,-6.2771351460134355
1,1868.0,-0.16659773775058856,0.12525321045603344,-6.27718154726004
1,1869.0,-0.1665981546910047,0.12525043498425947,-6.277227811722727
1,1870.0,-0.16659857039870915,0.1252476677118243,-6.2772739394014945
1,1871.0,-0.16659898487370195,0.1252449086387279,-6.277319930296351
1,1872.0,-0.1665993981159831,0.12524215776497025,-6.277365784407292
1,1873.0,-0.16659981012555256,0.1252394150905514,-6.277411501734313
1,1874.0,-0.16660022090241036,0.12523668061547127,-6.277457082277419
1,1875.0,-0.16660063044655649,0.12523395433972995,-6.277502526036608
1,1876.0,-0.16660103875799098,0.12523123626332738,-6.277547833011885
1,1877.0,-0.1666014458367138,0.12522852638626358,-6.277593003203246
1,1878.0,-0.16660185168272493,0.12522582470853857,-6.277638036610687
1,1879.0,-0.16660225629602443,0.1252231312301523,-6.277682933234217
1,1880.0,-0.16660265967661225,0.12522044595110482,-6.27772769307383
1,1881.0,-0.16660306182448842,0.1252177688713961,-6.277772316129527
1,1882.0,-0.1666034627396529,0.12521509999102615,-6.277816802401307
1,1883.0,-0.16660386242210573,0.12521243930999498,-6.277861151889172
1,1884.0,-0.1666042608718469,0.12520978682830258,-6.2779053645931215
1,1885.0,-0.1666046580888764,0.12520714254594895,-6.2779494405131535
1,1886.0,-0.16660505407319423,0.12520450646293407,-6.27799337964927
1,1887.0,-0.1666054488248004,0.12520187857925796,-6.278037182001473
1,1888.0,-0.1666058423436949,0.12519925889492065,-6.278080847569756
1,1889.0,-0.16660623462987778,0.12519664740992206,-6.278124376354128
1,1890.0,-0.16660662568334894,0.12519404412426227,-6.278167768354581
1,1891.0,-0.16660701550410847,0.12519144903794127,-6.27821102357112
1,1892.0,-0.16660740378737346,0.1251888641805334,-6.278254108184486
1,1893.0,-0.16660779083510252,0.12518628754333877,-6.278297055700546
1,1894.0,-0.16660817679199605,0.12518371816313553,-6.278339882175526
1,1895.0,-0.166608561658054,0.12518115603992372,-6.278382587609417
1,1896.0,-0.1666089454332764,0.12517860117370327,-6.278425172002223
1,1897.0,-0.1666093281176632,0.12517605356447425,-6.278467635353938
1,1898.0,-0.16660970971121447,0.12517351321223663,-6.2785099776645685
1,1899.0,-0.16661009021393017,0.1251709801169904,-6.2785521989341095
1,1900.0,-0.1666104696258103,0.12516845427873557,-6.278594299162566
1,1901.0,-0.16661084794685485,0.12516593569747214,-6.278636278349932
1,1902.0,-0.16661122517706387,0.12516342437320013,-6.278678136496214
1,1903.0,-0.16661160131643732,0.1251609203059195,-6.278719873601408
1,1904.0,-0.16661197636497518,0.12515842349563028,-6.278761489665513
1,1905.0,-0.1666123503226775,0.12515593394233246,-6.278802984688531
1,1906.0,-0.16661272318954423,0.12515345164602604,-6.278844358670464
1,1907.0,-0.16661309496557541,0.12515097660671104,-6.278885611611307
1,1908.0,-0.16661346565077104,0.1251485088243874,-6.278926743511066
1,1909.0,-0.1666138352451311,0.1251460482990552,-6.278967754369739
1,1910.0,-0.1666142037486556,0.1251435950307144,-6.2790086441873205
1,1911.0,-0.1666145711613445,0.125141149019365,-6.2790494129638175
1,1912.0,-0.1666149374831979,0.12513871026500697,-6.279090060699227
1,1913.0,-0.16661530271421568,0.12513627876764036,-6.27913058739355
1,1914.0,-0.1666156668543979,0.12513385452726516,-6.279170993046785
1,1915.0,-0.16661602990374458,0.12513143754388137,-6.2792112776589315
1,1916.0,-0.16661639186225569,0.12512902781748897,-6.279251441229992
1,1917.0,-0.16661675272993123,0.12512662534808797,-6.279291483759967
1,1918.0,-0.16661711250677122,0.12512423013567836,-6.279331405248852
1,1919.0,-0.16661747119277562,0.12512184218026015,-6.279371205696651
1,1920.0,-0.16661782878794448,0.12511946148183337,-6.279410885103363
1,1921.0,-0.16661818529227776,0.12511708804039798,-6.2794504434689875
1,1922.0,-0.1666185407057755,0.125114721855954,-6.279489880793527
1,1923.0,-0.16661889502843766,0.1251123629285014,-6.279529197076978
1,1924.0,-0.16661924826026425,0.1251100112580402,-6.279568392319339
1,1925.0,-0.16661960040125529,0.12510766684457042,-6.279607466520617
1,1926.0,-0.16661995145141073,0.12510532968809202,-6.279646419680802
1,1927.0,-0.16662030141073064,0.12510299978860503,-6.279685251799907
1,1928.0,-0.166620650279215,0.12510067714610945,-6.279723962877921
1,1929.0,-0.16662099805686376,0.12509836176060526,-6.279762552914848
1,1930.0,-0.16662134474367699,0.12509605363209247,-6.279801021910689
1,1931.0,-0.16662169033965463,0.1250937527605711,-6.279839369865441
1,1932.0,-0.1666220348447967,0.12509145914604114,-6.279877596779108
1,1933.0,-0.1666223781214706,0.12508917370497444,-6.279915687379722
1,1934.0,-0.16662272009377943,0.12508689694399122,-6.279953633245628
1,1935.0,-0.1666230611055879,0.1250846265739998,-6.279991472532679
1,1936.0,-0.16662340115689592,0.12508236259500013,-6.2800292052408615
1,1937.0,-0.16662374024770357,0.12508010500699224,-6.280066831370186
1,1938.0,-0.16662407837801083,0.12507785380997613,-6.28010435092065
1,1939.0,-0.16662441554781768,0.1250756090039518,-6.280141763892251
1,1940.0,-0.16662475175712416,0.12507337058891924,-6.280179070284995
1,1941.0,-0.1666250870059302,0.12507113856487845,-6.280216270098872
1,1942.0,-0.16662542129423588,0.12506891293182945,-6.280253363333889
1,1943.0,-0.16662575462204116,0.12506669368977222,-6.280290349990048
1,1944.0,-0.16662608698934603,0.12506448083870675,-6.2803272300673445
1,1945.0,-0.16662641839615053,0.12506227437863307,-6.280364003565781
1,1946.0,-0.1666267488424546,0.12506007430955116,-6.280400670485354
1,1947.0,-0.1666270783282583,0.12505788063146103,-6.280437230826066
1,1948.0,-0.1666274068535616,0.12505569334436267,-6.2804736845879185
1,1949.0,-0.16662773441836448,0.12505351244825608,-6.280510031770908
1,1950.0,-0.16662806102266697,0.12505133794314127,-6.280546272375036
1,1951.0,-0.16662838666646906,0.12504916982901823,-6.280582406400303
1,1952.0,-0.16662871134977078,0.12504700810588698,-6.280618433846709
1,1953.0,-0.1666290350725721,0.1250448527737475,-6.2806543547142555
1,1954.0,-0.166629357834873,0.1250427038325998,-6.280690169002939
1,1955.0,-0.16662967963667352,0.12504056128244384,-6.2807258767127605
1,1956.0,-0.16663000047797363,0.1250384251232797,-6.280761477843723
1,1957.0,-0.16663032035877334,0.1250362953551073,-6.280796972395821
1,1958.0,-0.16663063927907268,0.1250341719779267,-6.280832360369061
1,1959.0,-0.1666309572388716,0.12503205499173786,-6.280867641763441
1,1960.0,-0.16663127423817015,0.1250299443965408,-6.280902816578956
1,1961.0,-0.16663159027696828,0.12502784019233554,-6.28093788481561
1,1962.0,-0.166631905355266,0.125025742379122,-6.280972846473404
1,1963.0,-0.16663221947306336,0.1250236509569003,-6.281007701552336
1,1964.0,-0.16663253263036032,0.12502156592567032,-6.281042450052411
1,1965.0,-0.16663284482715687,0.12501948728543213,-6.281077091973619
1,1966.0,-0.16663315606345303,0.12501741503618574,-6.281111627315969
1,1967.0,-0.16663346633924878,0.12501534917793108,-6.281146056079455
1,1968.0,-0.16663377565454413,0.12501328971066825,-6.28118037826408
1,1969.0,-0.1666340840093391,0.12501123663439714,-6.281214593869846
1,1970.0,-0.16663439140363367,0.12500918994911783,-6.281248702896752
1,1971.0,-0.16663469783742785,0.1250071496548303,-6.281282705344796
1,1972.0,-0.16663500331072162,0.12500511575153456,-6.281316601213976
1,1973.0,-0.166635307823515,0.12500308823923056,-6.281350390504296
1,1974.0,-0.16663561137580798,0.12500106711791836,-6.281384073215756
1,1975.0,-0.16663591396760055,0.12499905238759793,-6.281417649348351
1,1976.0,-0.1666362154929709,0.12499704475364622,-6.2814511071488095
1,1977.0,-0.1666365158180232,0.124995045108689,-6.281484431759803
1,1978.0,-0.16663681530186622,0.12499305106184737,-6.281517663028698
1,1979.0,-0.16663711394449998,0.12499106261312132,-6.28155080095549
1,1980.0,-0.16663741174592445,0.12498907976251082,-6.281583845540177
1,1981.0,-0.16663770870613964,0.12498710251001592,-6.281616796782763
1,1982.0,-0.16663800482514554,0.12498513085563659,-6.2816496546832425
1,1983.0,-0.16663830010294217,0.12498316479937283,-6.281682419241618
1,1984.0,-0.1666385945395295,0.12498120434122464,-6.281715090457893
1,1985.0,-0.16663888813490757,0.12497924948119203,-6.281747668332063
1,1986.0,-0.16663918088907637,0.124977300219275,-6.281780152864133
1,1987.0,-0.16663947280203587,0.12497535655547355,-6.2818125440540955
1,1988.0,-0.16663976387378607,0.12497341848978767,-6.281844841901954
1,1989.0,-0.16664005410432703,0.12497148602221737,-6.281877046407716
1,1990.0,-0.1666403434936587,0.12496955915276264,-6.281909157571369
1,1991.0,-0.16664063204178106,0.12496763788142348,-6.281941175392921
1,1992.0,-0.16664091974869416,0.12496572220819992,-6.281973099872367
1,1993.0,-0.166641206614398,0.1249638121330919,-6.282004931009715
1,1994.0,-0.16664149263889252,0.12496190765609948,-6.282036668804955
1,1995.0,-0.1666417778221778,0.12496000877722263,-6.282068313258095
1,1996.0,-0.16664206216425376,0.12495811549646135,-6.282099864369129
1,1997.0,-0.16664234566512046,0.12495622781381566,-6.282131322138059
1,1998.0,-0.16664262832477786,0.12495434572928554,-6.282162686564886
1,1999.0,-0.166642910143226,0.12495246924287098,-6.28219395764961
1,2000.0,-0.16664319112046486,0.12495059835457202,-6.282225135392236
1,2001.0,-0.16664347125649442,0.12494873306438863,-6.282256219792754
1,2002.0,-0.16664375055131472,0.1249468733723208,-6.28228721085117
1,2003.0,-0.16664402900492573,0.12494501927836855,-6.28231810856748
1,2004.0,-0.16664430661732746,0.12494317078253189,-6.282348912941688
1,2005.0,-0.16664458338851992,0.1249413278848108,-6.282379623973796
1,2006.0,-0.1666448593185031,0.12493949058520527,-6.282410241663798
1,2007.0,-0.166645134407277,0.12493765888371533,-6.282440766011698
1,2008.0,-0.1666454086548416,0.12493583278034097,-6.282471197017496
1,2009.0,-0.16664568206119693,0.12493401227508218,-6.282501534681187
1,2010.0,-0.16664595462634296,0.12493219736793895,-6.282531779002774
1,2011.0,-0.16664622635027973,0.12493038805891132,-6.2825619299822595
1,2012.0,-0.16664649723300723,0.12492858434799925,-6.282591987619645
1,2013.0,-0.16664676727452543,0.12492678623520277,-6.282621951914925
1,2014.0,-0.16664703647483436,0.12492499372052185,-6.282651822868102
1,2015.0,-0.166647304833934,0.12492320680395652,-6.282681600479174
1,2016.0,-0.16664757235182437,0.12492142548550675,-6.282711284748142
1,2017.0,-0.16664783902850544,0.12491964976517257,-6.28274087567501
1,2018.0,-0.16664810486397724,0.12491787964295396,-6.282770373259772
1,2019.0,-0.16664836985823978,0.12491611511885092,-6.282799777502436
1,2020.0,-0.166648634011293,0.12491435619286347,-6.282829088402989
1,2021.0,-0.16664889717293657,0.12491260386536272,-6.282858289294936
1,2022.0,-0.16664915932602156,0.1249108582514447,-6.2828873782753965
1,2023.0,-0.16664942074664477,0.12490911751263056,-6.282916385980574
1,2024.0,-0.16664968143480619,0.1249073816489203,-6.282945312410467
1,2025.0,-0.16664994139050585,0.12490565066031392,-6.28297415756508
1,2026.0,-0.16665020061374375,0.12490392454681142,-6.283002921444409
1,2027.0,-0.16665045910451987,0.1249022033084128,-6.283031604048456
1,2028.0,-0.1666507168628342,0.12490048694511807,-6.283060205377217
1,2029.0,-0.16665097388868677,0.12489877545692721,-6.283088725430698
1,2030.0,-0.1666512301820776,0.12489706884384023,-6.283117164208894
1,2031.0,-0.16665148574300662,0.12489536710585715,-6.283145521711809
1,2032.0,-0.16665174057147386,0.12489367024297794,-6.2831737979394395
1,2033.0,-0.16665199466747935,0.12489197825520261,-6.2832019928917875
1,2034.0,-0.16665224803102308,0.12489029114253115,-6.283230106568852
1,2035.0,-0.16665250066210502,0.12488860890496359,-6.283258138970633
1,2036.0,-0.16665275256072518,0.1248869315424999,-6.283286090097131
1,2037.0,-0.16665300372688358,0.1248852590551401,-6.283313959948347
1,2038.0,-0.16665325416058022,0.12488359144288418,-6.283341748524282
1,2039.0,-0.16665350386181507,0.12488192870573213,-6.283369455824933
1,2040.0,-0.16665375283058814,0.12488027084368397,-6.283397081850298
1,2041.0,-0.16665400106689945,0.12487861785673969,-6.283424626600381
1,2042.0,-0.166654248570749,0.12487696974489929,-6.283452090075183
1,2043.0,-0.16665449534213678,0.12487532650816277,-6.283479472274702
1,2044.0,-0.1666547413810628,0.12487368814653013,-6.283506773198939
1,2045.0,-0.166654986687527,0.12487205466000138,-6.28353399284789
1,2046.0,-0.16665523126152945,0.12487042604857651,-6.283561131221558
1,2047.0,-0.16665547510307013,0.12486880231225551,-6.2835881883199445
1,2048.0,-0.16665571821214906,0.1248671834510384,-6.283615164143047
1,2049.0,-0.1666559605887662,0.12486556946492516,-6.283642058690868
1,2050.0,-0.16665620223292155,0.12486396035391582,-6.283668871963403
1,2051.0,-0.16665644314461514,0.12486235611801035,-6.283695603960657
1,2052.0,-0.16665668332384698,0.12486075675720876,-6.283722254682631
1,2053.0,-0.16665692277061703,0.12485916227151106,-6.283748824129317
1,2054.0,-0.16665716148492532,0.12485757266091722,-6.283775312300726
1,2055.0,-0.16665739946677183,0.12485598792542728,-6.283801719196848
1,2056.0,-0.16665763671615655,0.12485440806504122,-6.2838280448176835
1,2057.0,-0.1666578732330795,0.12485283307975904,-6.28385428916324
1,2058.0,-0.16665810901754072,0.12485126296958074,-6.2838804522335145
1,2059.0,-0.16665834406954014,0.12484969773450631,-6.283906534028505
1,2060.0,-0.16665857838907777,0.12484813737453578,-6.283932534548212
1,2061.0,-0.16665881197615365,0.12484658188966911,-6.2839584537926365
1,2062.0,-0.16665904483076777,0.12484503127990634,-6.283984291761777
1,2063.0,-0.1666592769529201,0.12484348554524745,-6.284010048455636
1,2064.0,-0.16665950834261067,0.12484194468569243,-6.284035723874212
1,2065.0,-0.16665973899983946,0.1248404087012413,-6.284061318017504
1,2066.0,-0.16665996892460647,0.12483887759189405,-6.284086830885512
1,2067.0,-0.1666601981169117,0.12483735135765069,-6.284112262478237
1,2068.0,-0.16666042637616854,0.12483583133461741,-6.284137590538224
1,2069.0,-0.16666065381558395,0.12483431676953925,-6.284162827627125
1,2070.0,-0.1666608806212453,0.12483280642312666,-6.284187994393526
1,2071.0,-0.16666110679315257,0.1248313002953796,-6.284213090837431
1,2072.0,-0.16666133233130576,0.12482979838629811,-6.284238116958836
1,2073.0,-0.1666615572357049,0.12482830069588217,-6.284263072757744
1,2074.0,-0.16666178150634994,0.12482680722413178,-6.284287958234152
1,2075.0,-0.16666200514324092,0.12482531797104694,-6.284312773388065
1,2076.0,-0.16666222814637782,0.12482383293662766,-6.284337518219479
1,2077.0,-0.16666245051576065,0.12482235212087393,-6.284362192728391
1,2078.0,-0.1666626722513894,0.12482087552378575,-6.284386796914807
1,2079.0,-0.16666289335326406,0.12481940314536312,-6.284411330778722
1,2080.0,-0.16666311382138468,0.12481793498560605,-6.284435794320145
1,2081.0,-0.1666633336557512,0.12481647104451453,-6.284460187539063
1,2082.0,-0.16666355285636367,0.12481501132208857,-6.284484510435485
1,2083.0,-0.16666377142322206,0.12481355581832815,-6.284508763009411
1,2084.0,-0.16666398935632637,0.12481210453323328,-6.284532945260838
1,2085.0,-0.1666642066556766,0.12481065746680398,-6.284557057189765
1,2086.0,-0.16666442332127276,0.12480921461904022,-6.2845810987961945
1,2087.0,-0.16666463935311485,0.12480777598994203,-6.284605070080126
1,2088.0,-0.16666485475120285,0.12480634157950937,-6.284628971041556
1,2089.0,-0.16666506951553678,0.12480491138774227,-6.28465280168049
1,2090.0,-0.16666528364611666,0.12480348541464073,-6.284676561996928
1,2091.0,-0.16666549714294246,0.12480206366020474,-6.284700251990867
1,2092.0,-0.16666571000601416,0.1248006461244343,-6.284723871662303
1,2093.0,-0.1666659222353318,0.12479923280732942,-6.284747421011246
1,2094.0,-0.16666613383089537,0.12479782370889009,-6.284770900037688
1,2095.0,-0.16666634479270487,0.12479641882911631,-6.284794308741632
1,2096.0,-0.16666655512076028,0.12479501816800807,-6.284817647123079
1,2097.0,-0.16666676481506162,0.1247936217255654,-6.284840915182026
1,2098.0,-0.16666697387560891,0.12479222950178828,-6.284864112918476
1,2099.0,-0.1666671823024021,0.12479084149667671,-6.284887240332428
1,2100.0,-0.16666739009544124,0.1247894577102307,-6.284910297423881
1,2101.0,-0.16666759725472627,0.12478807814245024,-6.284933284192836
1,2102.0,-0.16666780378025725,0.12478670279333533,-6.284956200639292
1,2103.0,-0.16666800967203416,0.12478533166288597,-6.28497904676325
1,2104.0,-0.16666821493005698,0.12478396475110216,-6.285001822564708
1,2105.0,-0.16666841955432574,0.12478260205798392,-6.285024528043671
1,2106.0,-0.1666686235448404,0.12478124358353121,-6.285047163200132
1,2107.0,-0.16666882690160104,0.12477988932774407,-6.285069728034099
1,2108.0,-0.16666902962460756,0.12477853929062248,-6.285092222545564
1,2109.0,-0.16666923171386003,0.12477719347216644,-6.285114646734534
1,2110.0,-0.1666694331693584,0.12477585187237596,-6.285137000601002
1,2111.0,-0.1666696339911027,0.12477451449125102,-6.285159284144974
1,2112.0,-0.16666983417909295,0.12477318132879163,-6.285181497366448
1,2113.0,-0.16667003373332911,0.12477185238499781,-6.285203640265422
1,2114.0,-0.1666702326538112,0.12477052765986953,-6.285225712841897
1,2115.0,-0.1666704309405392,0.12476920715340681,-6.285247715095877
1,2116.0,-0.16667062859351314,0.12476789086560965,-6.285269647027356
1,2117.0,-0.1666708254137759,0.12476658012181639,-6.2852914865596965
1,2118.0,-0.16667102152555796,0.12476527409514214,-6.2853132474777365
1,2119.0,-0.16667121709275984,0.12476397169395365,-6.2853349479681775
1,2120.0,-0.16667141211538153,0.12476267291825092,-6.285356588031014
1,2121.0,-0.16667160659342306,0.12476137776803395,-6.285378167666252
1,2122.0,-0.16667180052688438,0.12476008624330275,-6.285399686873884
1,2123.0,-0.16667199391576554,0.12475879834405731,-6.285421145653916
1,2124.0,-0.1666721867600665,0.12475751407029763,-6.2854425440063455
1,2125.0,-0.1666723790597873,0.12475623342202372,-6.2854638819311734
1,2126.0,-0.1666725708149279,0.12475495639923556,-6.285485159428399
1,2127.0,-0.1666727620254883,0.12475368300193317,-6.28550637649802
1,2128.0,-0.16667295269146856,0.12475241323011653,-6.285527533140043
1,2129.0,-0.16667314281286863,0.12475114708378567,-6.285548629354467
1,2130.0,-0.1666733323896885,0.12474988456294056,-6.285569665141286
1,2131.0,-0.1666735214219282,0.12474862566758121,-6.2855906405005
1,2132.0,-0.16667370990958771,0.12474737039770763,-6.285611555432113
1,2133.0,-0.16667389785266706,0.12474611875331981,-6.285632409936127
1,2134.0,-0.16667408525116623,0.12474487073441776,-6.28565320401254
1,2135.0,-0.16667427210508517,0.12474362634100146,-6.285673937661344
1,2136.0,-0.166674458414424,0.12474238557307092,-6.285694610882554
1,2137.0,-0.1666746441791826,0.12474114843062614,-6.285715223676158
1,2138.0,-0.166674829399361,0.12473991491366714,-6.285735776042162
1,2139.0,-0.16667501407495927,0.12473868502219389,-6.285756267980563
1,2140.0,-0.16667519820597734,0.1247374587562064,-6.285776699491363
1,2141.0,-0.16667538179241523,0.12473623611570468,-6.285797070574558
1,2142.0,-0.16667556483427293,0.12473501710068872,-6.285817381230153
1,2143.0,-0.16667574733155044,0.12473380171115851,-6.285837631458147
1,2144.0,-0.1666759292842478,0.12473258994711409,-6.28585782125854
1,2145.0,-0.16667611069236493,0.1247313818085554,-6.285877950631327
1,2146.0,-0.1666762915559019,0.1247301772954825,-6.285898019576516
1,2147.0,-0.1666764718748587,0.12472897640789533,-6.285918028094102
1,2148.0,-0.16667665164923534,0.12472777914579396,-6.285937976184089
1,2149.0,-0.16667683087903176,0.12472658550917833,-6.285957863846467
1,2150.0,-0.16667700956424802,0.12472539549804845,-6.285977691081249
1,2151.0,-0.1666771877048841,0.12472420911240435,-6.285997457888429
1,2152.0,-0.16667736530094,0.12472302635224601,-6.286017164268005
1,2153.0,-0.1666775423524157,0.12472184721757344,-6.286036810219978
1,2154.0,-0.1666777188593112,0.12472067170838662,-6.28605639574435
1,2155.0,-0.16667789482162657,0.12471949982468557,-6.28607592084112
1,2156.0,-0.16667807023936174,0.12471833156647028,-6.28609538551029
1,2157.0,-0.1666782451125167,0.12471716693374074,-6.286114789751855
1,2158.0,-0.16667841944109152,0.12471600592649697,-6.286134133565823
1,2159.0,-0.16667859322508613,0.12471484854473897,-6.286153416952185
1,2160.0,-0.16667876646450056,0.12471369478846672,-6.286172639910947
1,2161.0,-0.16667893915933482,0.12471254465768024,-6.286191802442105
1,2162.0,-0.1666791113095889,0.12471139815237953,-6.286210904545665
1,2163.0,-0.1666792829152628,0.12471025527256456,-6.28622994622162
1,2164.0,-0.1666794539763565,0.12470911601823537,-6.286248927469972
1,2165.0,-0.16667962449287005,0.12470798038939193,-6.2862678482907235
1,2166.0,-0.16667979446480338,0.12470684838603427,-6.286286708683875
1,2167.0,-0.16667996389215656,0.12470572000816235,-6.286305508649422
1,2168.0,-0.16668013268559492,0.12470459585087401,-6.286324238274636
1,2169.0,-0.16668030073696224,0.12470347663505432,-6.286342885558306
1,2170.0,-0.16668046832389619,0.12470236051147146,-6.286361481307607
1,2171.0,-0.16668063544639677,0.12470124748012545,-6.286380025522544
1,2172.0,-0.16668080210446395,0.12470013754101629,-6.286398518203111
1,2173.0,-0.16668096829809778,0.12469903069414395,-6.286416959349311
1,2174.0,-0.16668113402729823,0.12469792693950846,-6.2864353489611435
1,2175.0,-0.1666812992920653,0.12469682627710982,-6.286453687038609
1,2176.0,-0.16668146409239898,0.124695728706948,-6.2864719735817065
1,2177.0,-0.16668162842829928,0.12469463422902304,-6.286490208590436
1,2178.0,-0.1666817922997662,0.1246935428433349,-6.286508392064797
1,2179.0,-0.16668195570679978,0.1246924545498836,-6.286526524004793
1,2180.0,-0.16668211864939997,0.12469136934866916,-6.286544604410423
1,2181.0,-0.16668228112756678,0.12469028723969154,-6.286562633281685
1,2182.0,-0.1666824431413002,0.12468920822295078,-6.286580610618575
1,2183.0,-0.16668260469060026,0.12468813229844684,-6.286598536421102
1,2184.0,-0.16668276577546692,0.12468705946617975,-6.286616410689258
1,2185.0,-0.16668292639590024,0.1246859897261495,-6.28663423342305
1,2186.0,-0.16668308655190017,0.12468492307835609,-6.286652004622474
1,2187.0,-0.16668324624346673,0.12468385952279952,-6.2866697242875285
1,2188.0,-0.1666834054705999,0.12468279905947978,-6.2866873924182185
1,2189.0,-0.1666835642332997,0.1246817416883969,-6.286705009014538
1,2190.0,-0.1666837225315661,0.12468068740955084,-6.2867225740764905
1,2191.0,-0.16668388036539916,0.12467963622294162,-6.286740087604079
1,2192.0,-0.16668403773479884,0.12467858812856925,-6.286757549597298
1,2193.0,-0.16668419463976514,0.12467754312643371,-6.2867749600561496
1,2194.0,-0.16668435108029805,0.12467650121653502,-6.286792318980634
1,2195.0,-0.1666845070563976,0.12467546239887317,-6.286809626370751
1,2196.0,-0.16668466256806375,0.12467442667344816,-6.286826882226497
1,2197.0,-0.16668481761529655,0.12467339404025998,-6.2868440865478785
1,2198.0,-0.16668497219809597,0.12467236449930864,-6.286861239334895
1,2199.0,-0.166685126316462,0.12467133805059416,-6.286878340587544
1,2200.0,-0.16668527997039467,0.1246703146941165,-6.286895390305822
1,2201.0,-0.16668543315989395,0.12466929442987569,-6.286912388489735
1,2202.0,-0.16668558588495985,0.12466827725787172,-6.286929335139275
1,2203.0,-0.1666857381455924,0.12466726317810457,-6.286946230254456
1,2204.0,-0.16668588994179157,0.12466625219057428,-6.286963073835267
1,2205.0,-0.16668604127355732,0.12466524429528082,-6.286979865881706
1,2206.0,-0.16668619214088973,0.12466423949222422,-6.286996606393779
1,2207.0,-0.16668634254378878,0.12466323778140444,-6.287013295371491
1,2208.0,-0.16668649248225442,0.1246622391628215,-6.287029932814829
1,2209.0,-0.1666866419562867,0.1246612436364754,-6.287046518723804
1,2210.0,-0.1666867909658856,0.12466025120236615,-6.2870630530984055
1,2211.0,-0.16668693951105112,0.12465926186049374,-6.287079535938643
1,2212.0,-0.16668708759178327,0.12465827561085815,-6.287095967244514
1,2213.0,-0.16668723520808204,0.12465729245345943,-6.287112347016016
1,2214.0,-0.16668738235994746,0.12465631238829752,-6.287128675253153
1,2215.0,-0.16668752904737946,0.12465533541537248,-6.287144951955921
1,2216.0,-0.16668767527037812,0.12465436153468426,-6.287161177124323
1,2217.0,-0.1666878210289434,0.12465339074623288,-6.287177350758356
1,2218.0,-0.16668796632307528,0.12465242305001835,-6.287193472858022
1,2219.0,-0.1666881111527738,0.12465145844604064,-6.28720954342332
1,2220.0,-0.16668825551803892,0.12465049693429979,-6.28722556245425
1,2221.0,-0.1666883994188707,0.12464953851479578,-6.287241529950815
1,2222.0,-0.166688542736523,0.1246485839785989,-6.28725743273673
1,2223.0,-0.1666886854449898,0.1246476334993115,-6.28727326792632
1,2224.0,-0.16668882776065033,0.12464668563560345,-6.287289059529416
1,2225.0,-0.1666889696835046,0.12464574038747474,-6.287304807546019
1,2226.0,-0.16668911121355262,0.12464479775492536,-6.287320511976131
1,2227.0,-0.16668925235079435,0.12464385773795532,-6.287336172819746
1,2228.0,-0.16668939309522984,0.12464292033656461,-6.28735179007687
1,2229.0,-0.16668953344685908,0.12464198555075325,-6.287367363747502
1,2230.0,-0.16668967340568203,0.12464105338052123,-6.287382893831639
1,2231.0,-0.16668981297169874,0.12464012382586853,-6.2873983803292814
1,2232.0,-0.16668995214490917,0.12463919688679519,-6.287413823240432
1,2233.0,-0.16669009092531337,0.12463827256330118,-6.28742922256509
1,2234.0,-0.16669022931291128,0.1246373508553865,-6.287444578303253
1,2235.0,-0.16669036730770292,0.12463643176305117,-6.287459890454925
1,2236.0,-0.16669050490968834,0.12463551528629518,-6.287475159020104
1,2237.0,-0.16669064211886747,0.12463460142511852,-6.287490383998788
1,2238.0,-0.16669077893524034,0.12463369017952121,-6.28750556539098
1,2239.0,-0.16669091535880695,0.12463278154950322,-6.2875207031966776
1,2240.0,-0.1666910513895673,0.12463187553506458,-6.287535797415883
1,2241.0,-0.1666911870275214,0.12463097213620528,-6.287550848048594
1,2242.0,-0.16669132227266922,0.12463007135292532,-6.287565855094814
1,2243.0,-0.1666914571250108,0.12462917318522469,-6.287580818554539
1,2244.0,-0.1666915915845461,0.1246282776331034,-6.287595738427773
1,2245.0,-0.16669172565127516,0.12462738469656146,-6.287610614714512
1,2246.0,-0.16669185932519795,0.12462649437559885,-6.28762544741476
1,2247.0,-0.16669199260631445,0.12462560667021558,-6.287640236528509
1,2248.0,-0.16669212549462473,0.12462472158041164,-6.287654982055769
1,2249.0,-0.16669225799012874,0.12462383910618705,-6.287669683996537
1,2250.0,-0.16669239009282646,0.1246229592475418,-6.287684342350808
1,2251.0,-0.16669252180271796,0.12462208200447587,-6.28769895711859
1,2252.0,-0.16669265311980316,0.1246212073769893,-6.287713528299875
1,2253.0,-0.16669278404408214,0.12462033536508205,-6.287728055894671
1,2254.0,-0.16669291457555482,0.12461946596875415,-6.28774253990297
1,2255.0,-0.16669304471422128,0.1246185991880056,-6.2877569803247795
1,2256.0,-0.16669317446008144,0.12461773502283637,-6.287771377160093
1,2257.0,-0.16669330381313535,0.12461687347324647,-6.287785730408912
1,2258.0,-0.166693432773383,0.12461601453923593,-6.2878000400712395
1,2259.0,-0.16669356134082441,0.12461515822080471,-6.287814306147078
1,2260.0,-0.16669368951545954,0.12461430451795284,-6.287828528636418
1,2261.0,-0.1666938172972884,0.12461345343068031,-6.287842707539266
1,2262.0,-0.16669394468631102,0.12461260495898711,-6.287856842855622
1,2263.0,-0.16669407168252737,0.12461175910287325,-6.2878709345854835
1,2264.0,-0.16669419828593746,0.12461091586233874,-6.287884982728853
1,2265.0,-0.16669432449654129,0.12461007523738356,-6.287898987285728
1,2266.0,-0.16669445031433885,0.12460923722800772,-6.28791294825611
1,2267.0,-0.16669457573933014,0.12460840183421122,-6.287926865639998
1,2268.0,-0.1666947007715152,0.12460756905599406,-6.287940739437394
1,2269.0,-0.16669482541089398,0.12460673889335623,-6.287954569648298
1,2270.0,-0.16669494965746648,0.12460591134629774,-6.287968356272704
1,2271.0,-0.16669507351123275,0.1246050864148186,-6.287982099310622
1,2272.0,-0.16669519697219276,0.12460426409891878,-6.287995798762045
1,2273.0,-0.16669532004034648,0.12460344439859831,-6.288009454626975
1,2274.0,-0.16669544271569398,0.12460262731385718,-6.2880230669054145
1,2275.0,-0.16669556499823518,0.12460181284469539,-6.288036635597358
1,2276.0,-0.16669568688797012,0.12460100099111293,-6.288050160702805
1,2277.0,-0.16669580838489884,0.12460019175310981,-6.288063642221766
1,2278.0,-0.16669592948902126,0.12459938513068604,-6.288077080154227
1,2279.0,-0.16669605001353835,0.12459858236835414,-6.288090453772634
1,2280.0,-0.16669617010068594,0.12459778251883474,-6.288103778859732
1,2281.0,-0.16669628985864204,0.12459698486148287,-6.288117067419145
1,2282.0,-0.1666964092874067,0.1245961893962985,-6.288130319450879
1,2283.0,-0.1666965283869799,0.12459539612328165,-6.2881435349549335
1,2284.0,-0.16669664715736163,0.12459460504243232,-6.288156713931308
1,2285.0,-0.1666967655985519,0.1245938161537505,-6.288169856380005
1,2286.0,-0.1666968837105507,0.12459302945723617,-6.288182962301016
1,2287.0,-0.16669700149335803,0.12459224495288938,-6.28819603169435
1,2288.0,-0.16669711894697392,0.1245914626407101,-6.2882090645600055
1,2289.0,-0.16669723607139833,0.12459068252069833,-6.28822206089798
1,2290.0,-0.16669735286663126,0.12458990459285407,-6.288235020708271
1,2291.0,-0.16669746933267277,0.12458912885717734,-6.288247943990889
1,2292.0,-0.16669758546952276,0.12458835531366812,-6.288260830745816
1,2293.0,-0.16669770127718134,0.1245875839623264,-6.288273680973072
1,2294.0,-0.16669781675564843,0.1245868148031522,-6.288286494672646
1,2295.0,-0.16669793190492405,0.12458604783614552,-6.288299271844537
1,2296.0,-0.1666980467250082,0.12458528306130635,-6.288312012488749
1,2297.0,-0.16669816121590092,0.12458452047863469,-6.288324716605281
1,2298.0,-0.16669827537760215,0.12458376008813055,-6.288337384194132
1,2299.0,-0.1666983892101119,0.12458300188979392,-6.288350015255301
1,2300.0,-0.16669850271343023,0.1245822458836248,-6.288362609788793
1,2301.0,-0.16669861588755708,0.12458149206962321,-6.288375167794604
1,2302.0,-0.16669872873249245,0.12458074044778912,-6.288387689272733
1,2303.0,-0.16669884124823636,0.12457999101812255,-6.288400174223184
1,2304.0,-0.16669895343478883,0.12457924378062349,-6.288412622645955
1,2305.0,-0.1666990652921498,0.12457849873529195,-6.288425034541047
1,2306.0,-0.16669917682031932,0.12457775588212791,-6.288437409908451
1,2307.0,-0.1666992880192974,0.12457701522113139,-6.288449748748184
1,2308.0,-0.16669939888908397,0.1245762767523024,-6.28846205106023
1,2309.0,-0.16669950942967912,0.1245755404756409,-6.2884743168446
1,2310.0,-0.1666996196410828,0.12457480639114693,-6.288486546101288
1,2311.0,-0.16669972952329498,0.12457407449882046,-6.288498738830297
1,2312.0,-0.16669983907631572,0.12457334479866153,-6.2885108950316235
1,2313.0,-0.166699948300145,0.1245726172906701,-6.288523014705274
1,2314.0,-0.1667000571947828,0.12457189197484617,-6.2885350978512395
1,2315.0,-0.16670016576022917,0.12457116885118977,-6.288547144469528
1,2316.0,-0.16670027399648404,0.12457044791970087,-6.288559154560133
1,2317.0,-0.16670038190354747,0.1245697291803795,-6.288571128123061
1,2318.0,-0.16670048948141944,0.12456901263322563,-6.288583065158308
1,2319.0,-0.16670059673009993,0.12456829827823929,-6.288594965665876
1,2320.0,-0.16670070364958894,0.12456758611542045,-6.288606829645759
1,2321.0,-0.16670081023988653,0.12456687614476913,-6.2886186570979685
1,2322.0,-0.1667009165009926,0.12456616836628533,-6.288630448022493
1,2323.0,-0.16670102243290727,0.12456546277996904,-6.2886422024193385
1,2324.0,-0.16670112803563045,0.12456475938582025,-6.288653920288504
1,2325.0,-0.16670123330916214,0.12456405818383899,-6.288665601629988
1,2326.0,-0.1667013382535024,0.12456335917402524,-6.2886772464437914
1,2327.0,-0.16670144286865118,0.124562662356379,-6.2886888547299185
1,2328.0,-0.1667015471546085,0.12456196773090028,-6.288700426488363
1,2329.0,-0.16670165111137436,0.12456127529758906,-6.288711961719127
1,2330.0,-0.16670175473894874,0.12456058505644536,-6.28872346042221
1,2331.0,-0.16670185803733167,0.1245598970074692,-6.288734922597614
1,2332.0,-0.16670196100652312,0.12455921115066051,-6.288746348245336
1,2333.0,-0.16670206364652312,0.12455852748601937,-6.28875773736538
1,2334.0,-0.16670216595733167,0.12455784601354573,-6.288769089957742
1,2335.0,-0.16670226793894874,0.1245571667332396,-6.288780406022425
1,2336.0,-0.16670236959137433,0.12455648964510099,-6.288791685559426
1,2337.0,-0.1667024709146085,0.1245558147491299,-6.288802928568749
1,2338.0,-0.16670257190865115,0.1245551420453263,-6.28881413505039
1,2339.0,-0.16670267236644093,0.12455447291324626,-6.288825282028441
1,2340.0,-0.1667027724909386,0.12455380600093817,-6.2888363920237955
1,2341.0,-0.16670287234235392,0.1245531409072847,-6.288847471717441
1,2342.0,-0.16670297192068695,0.12455247763228584,-6.288858521109376
1,2343.0,-0.16670307122593767,0.1245518161759416,-6.2888695401996095
1,2344.0,-0.16670317025810605,0.124551156538252,-6.2888805289881295
1,2345.0,-0.16670326901719212,0.12455049871921699,-6.288891487474944
1,2346.0,-0.16670336750319587,0.12454984271883661,-6.288902415660049
1,2347.0,-0.1667034657161173,0.12454918853711085,-6.288913313543448
1,2348.0,-0.1667035636559564,0.12454853617403971,-6.288924181125135
1,2349.0,-0.1667036613227132,0.12454788562962318,-6.288935018405119
1,2350.0,-0.16670375871638765,0.12454723690386128,-6.288945825383389
1,2351.0,-0.1667038558369798,0.124546589996754,-6.288956602059955
1,2352.0,-0.16670395268448965,0.12454594490830133,-6.288967348434814
1,2353.0,-0.16670404925891716,0.12454530163850328,-6.288978064507962
1,2354.0,-0.16670414556026233,0.12454466018735984,-6.288988750279403
1,2355.0,-0.1667042415885252,0.12454402055487103,-6.288999405749137
1,2356.0,-0.16670433734370577,0.12454338274103682,-6.2890100309171615
1,2357.0,-0.166704432825804,0.12454274674585725,-6.289020625783478
1,2358.0,-0.1667045280348199,0.12454211256933229,-6.289031190348084
1,2359.0,-0.1667046229707535,0.12454148021146196,-6.289041724610989
1,2360.0,-0.16670471763360475,0.12454084967224623,-6.289052228572178
1,2361.0,-0.1667048120233737,0.12454022095168513,-6.28906270223166
1,2362.0,-0.16670490614006034,0.12453959404977864,-6.289073145589438
1,2363.0,-0.16670499998366464,0.12453896896652678,-6.289083558645504
1,2364.0,-0.16670509355418664,0.12453834570192952,-6.289093941399865
1,2365.0,-0.1667051868516263,0.1245377242559869,-6.289104293852516
1,2366.0,-0.16670527987598366,0.12453710462869888,-6.2891146160034594
1,2367.0,-0.1667053726272587,0.12453648682006549,-6.289124907852696
1,2368.0,-0.16670546510545142,0.12453587083008671,-6.289135169400223
1,2369.0,-0.1667055573105618,0.12453525665876256,-6.2891454006460386
1,2370.0,-0.16670564924258988,0.12453464430609301,-6.289155601590153
1,2371.0,-0.16670574090153562,0.1245340337720781,-6.289165772232552
1,2372.0,-0.16670583228739905,0.1245334250567178,-6.289175912573247
1,2373.0,-0.16670592340018017,0.1245328181600121,-6.289186022612235
1,2374.0,-0.16670601423987896,0.12453221308196105,-6.289196102349513
1,2375.0,-0.16670610480649545,0.1245316098225646,-6.289206151785086
1,2376.0,-0.1667061951000296,0.12453100838182277,-6.289216170918945
1,2377.0,-0.1667062851204814,0.12453040875973556,-6.289226159751097
1,2378.0,-0.16670637486785095,0.12452981095630297,-6.289236118281545
1,2379.0,-0.16670646434213812,0.124529214971525,-6.28924604651028
1,2380.0,-0.16670655354334302,0.12452862080540164,-6.289255944437312
1,2381.0,-0.16670664247146555,0.1245280284579329,-6.289265812062633
1,2382.0,-0.1667067311265058,0.12452743792911879,-6.28927564938625
1,2383.0,-0.1667068195084637,0.12452684921895929,-6.28928545640815
1,2384.0,-0.1667069076173393,0.12452626232745441,-6.289295233128348
1,2385.0,-0.16670699545313258,0.12452567725460414,-6.289304979546837
1,2386.0,-0.16670708301584353,0.1245250940004085,-6.289314695663617
1,2387.0,-0.16670717030547216,0.12452451256486748,-6.289324381478692
1,2388.0,-0.1667072573220185,0.12452393294798106,-6.289334036992055
1,2389.0,-0.1667073440654825,0.12452335514974927,-6.289343662203712
1,2390.0,-0.16670743053586415,0.1245227791701721,-6.289353257113659
1,2391.0,-0.1667075167331635,0.12452220500924954,-6.289362821721899
1,2392.0,-0.16670760265738055,0.12452163266698162,-6.289372356028431
1,2393.0,-0.16670768830851526,0.12452106214336829,-6.289381860033255
1,2394.0,-0.16670777368656767,0.1245204934384096,-6.289391333736371
1,2395.0,-0.16670785879153774,0.12451992655210552,-6.289400777137778
1,2396.0,-0.16670794362342548,0.12451936148445605,-6.289410190237477
1,2397.0,-0.16670802818223093,0.12451879823546122,-6.289419573035469
1,2398.0,-0.16670811246795403,0.12451823680512099,-6.289428925531749
1,2399.0,-0.16670819648059484,0.12451767719343539,-6.28943824772633
1,2400.0,-0.16670828022015333,0.1245171194004044,-6.2894475396191964
1,2401.0,-0.16670836368662947,0.12451656342602803,-6.289456801210352
1,2402.0,-0.16670844677299548,0.12451600998337602,-6.289466020623803
1,2403.0,-0.1667085294762251,0.12451545909277385,-6.289475197523745
1,2404.0,-0.16670861195548115,0.12451490969387027,-6.289484349571174
1,2405.0,-0.16670869421076354,0.12451436178666529,-6.289493476766083
1,2406.0,-0.16670877624207228,0.12451381537115891,-6.289502579108469
1,2407.0,-0.16670885804940744,0.12451327044735111,-6.289511656598342
1,2408.0,-0.16670893963276895,0.1245127270152419,-6.289520709235691
1,2409.0,-0.16670902099215687,0.12451218507483128,-6.289529737020531
1,2410.0,-0.16670910212757115,0.12451164462611926,-6.289538739952845
1,2411.0,-0.1667091830390118,0.12451110566910582,-6.289547718032644
1,2412.0,-0.16670926372647885,0.12451056820379099,-6.289556671259926
1,2413.0,-0.16670934418997224,0.12451003223017473,-6.289565599634686
1,2414.0,-0.16670942442949205,0.12450949774825708,-6.289574503156931
1,2415.0,-0.1667095044450382,0.12450896475803801,-6.289583381826655
1,2416.0,-0.16670958423661075,0.12450843325951753,-6.2895922356438625
1,2417.0,-0.16670966380420968,0.12450790325269565,-6.2896010646085525
1,2418.0,-0.166709743147835,0.12450737473757235,-6.289609868720724
1,2419.0,-0.16670982226748665,0.12450684771414766,-6.289618647980375
1,2420.0,-0.16670990116316473,0.12450632218242155,-6.289627402387512
1,2421.0,-0.16670997983486915,0.12450579814239403,-6.289636131942127
1,2422.0,-0.16671005828259997,0.1245052755940651,-6.289644836644225
1,2423.0,-0.16671013650635716,0.12450475453743477,-6.289653516493805
1,2424.0,-0.16671021450614074,0.12450423497250303,-6.289662171490868
1,2425.0,-0.1667102922819507,0.12450371689926988,-6.289670801635414
1,2426.0,-0.166710369833787,0.12450320031773532,-6.289679406927436
1,2427.0,-0.1667104471616497,0.12450268522789935,-6.2896879873669445
1,2428.0,-0.1667105242655388,0.12450217162976197,-6.289696542953934
1,2429.0,-0.16671060114545425,0.12450165952332319,-6.2897050736884035
1,2430.0,-0.1667106778013961,0.124501148908583,-6.289713579570355
1,2431.0,-0.16671075423336432,0.1245006397855414,-6.289722060599791
1,2432.0,-0.1667108304413589,0.12450013215419839,-6.289730516776708
1,2433.0,-0.1667109064253799,0.12449962601455397,-6.289738948101108
1,2434.0,-0.16671098218542724,0.12449912136660815,-6.289747354572987
1,2435.0,-0.16671105772150097,0.12449861821036091,-6.289755736192348
1,2436.0,-0.16671113303360105,0.12449811654581228,-6.289764092959188
1,2437.0,-0.16671120812172754,0.12449761637296222,-6.289772424873516
1,2438.0,-0.1667112829858804,0.12449711769181077,-6.289780731935322
1,2439.0,-0.16671135762605965,0.1244966205023579,-6.2897890141446124
1,2440.0,-0.16671143204226527,0.12449612480460362,-6.289797271501383
1,2441.0,-0.16671150623449726,0.12449563059854794,-6.289805504005635
1,2442.0,-0.16671158020275564,0.12449513788419085,-6.289813711657369
1,2443.0,-0.16671165394704038,0.12449464666153234,-6.289821894456583
1,2444.0,-0.16671172746735152,0.12449415693057243,-6.289830052403284
1,2445.0,-0.16671180076368902,0.12449366869131112,-6.2898381854974605
1,2446.0,-0.1667118738360529,0.1244931819437484,-6.289846293739124
1,2447.0,-0.16671194668444317,0.12449269668788426,-6.2898543771282664
1,2448.0,-0.16671201930885982,0.12449221292371872,-6.289862435664893
1,2449.0,-0.16671209170930282,0.12449173065125177,-6.289870469348997
1,2450.0,-0.16671216388577223,0.1244912498704834,-6.289878478180588
1,2451.0,-0.166712235838268,0.12449077058141364,-6.289886462159655
1,2452.0,-0.16671230756679015,0.12449029278404247,-6.289894421286211
1,2453.0,-0.16671237907133868,0.12448981647836989,-6.289902355560243
1,2454.0,-0.1667124503519136,0.12448934166439589,-6.289910264981761
1,2455.0,-0.16671252140851486,0.12448886834212049,-6.289918149550755
1,2456.0,-0.16671259224114254,0.12448839651154368,-6.289926009267238
1,2457.0,-0.16671266284979658,0.12448792617266546,-6.289933844131197
1,2458.0,-0.166712733234477,0.12448745732548584,-6.289941654142638
1,2459.0,-0.1667128033951838,0.1244869899700048,-6.289949439301565
1,2460.0,-0.16671287333191698,0.12448652410622237,-6.28995719960797
1,2461.0,-0.16671294304467651,0.12448605973413851,-6.289964935061858
1,2462.0,-0.16671301253346246,0.12448559685375325,-6.289972645663232
1,2463.0,-0.16671308179827476,0.12448513546506658,-6.289980331412082
1,2464.0,-0.16671315083911345,0.1244846755680785,-6.289987992308414
1,2465.0,-0.16671321965597852,0.12448421716278903,-6.28999562835223
1,2466.0,-0.16671328824886997,0.12448376024919813,-6.290003239543529
1,2467.0,-0.1667133566177878,0.12448330482730582,-6.290010825882308
1,2468.0,-0.166713424762732,0.12448285089711213,-6.290018387368568
1,2469.0,-0.1667134926516921,0.12448239867188567,-6.290025920450373
1,2470.0,-0.1667135601341822,0.12448194915432752,-6.2900334084295295
1,2471.0,-0.1667136274353099,0.1244815008447372,-6.290040876284384
1,2472.0,-0.16671369455507523,0.12448105374311472,-6.290048324014943
1,2473.0,-0.16671376149347814,0.12448060784946008,-6.290055751621201
1,2474.0,-0.16671382825051867,0.12448016316377328,-6.29006315910316
1,2475.0,-0.16671389482619683,0.12447971968605431,-6.290070546460822
1,2476.0,-0.16671396122051257,0.1244792774163032,-6.290077913694186
1,2477.0,-0.16671402743346594,0.12447883635451991,-6.290085260803248
1,2478.0,-0.16671409346505692,0.12447839650070446,-6.2900925877880125
1,2479.0,-0.1667141593152855,0.12447795785485684,-6.290099894648478
1,2480.0,-0.16671422498415167,0.12447752041697707,-6.290107181384641
1,2481.0,-0.16671429047165545,0.12447708418706513,-6.29011444799651
1,2482.0,-0.16671435577779686,0.12447664916512104,-6.290121694484079
1,2483.0,-0.16671442090257588,0.12447621535114478,-6.290128920847349
1,2484.0,-0.1667144858459925,0.12447578274513635,-6.290136127086317
1,2485.0,-0.16671455060804674,0.12447535134709577,-6.29014331320099
1,2486.0,-0.16671461518873856,0.12447492115702302,-6.290150479191362
1,2487.0,-0.16671467958806802,0.12447449217491811,-6.290157625057437
1,2488.0,-0.16671474380603507,0.12447406440078104,-6.29016475079921
1,2489.0,-0.16671480784263973,0.12447363783461181,-6.290171856416683
1,2490.0,-0.16671487169788202,0.12447321247641041,-6.290178941909864
1,2491.0,-0.16671493537176188,0.12447278832617685,-6.290186007278737
1,2492.0,-0.16671499886427937,0.12447236538391114,-6.2901930525233185
1,2493.0,-0.16671506217543447,0.12447194364961325,-6.290200077643596
1,2494.0,-0.1667151253052272,0.1244715231232832,-6.290207082639578
1,2495.0,-0.1667151882536575,0.124471103804921,-6.290214067511259
1,2496.0,-0.16671525102072543,0.12447068569452664,-6.290221032258642
1,2497.0,-0.16671531360643096,0.1244702687921001,-6.290227976881727
1,2498.0,-0.1667153760107741,0.12446985309764141,-6.290234901380511
1,2499.0,-0.16671543823375484,0.12446943861115056,-6.290241805754993
1,2500.0,-0.1667155002753732,0.12446902533262755,-6.290248690005182
1,2501.0,-0.1667155621356292,0.12446861326207237,-6.29025555413107
1,2502.0,-0.16671562381452276,0.12446820239948503,-6.29026239813266
1,2503.0,-0.16671568531205394,0.12446779274486552,-6.290269222009949
1,2504.0,-0.16671574662822272,0.12446738429821386,-6.290276025762938
1,2505.0,-0.16671580776302913,0.12446697705953003,-6.290282809391631
1,2506.0,-0.16671586871647315,0.12446657102881403,-6.2902895728960235
1,2507.0,-0.16671592948855476,0.12446616620606589,-6.290296316276118
1,2508.0,-0.16671599007927398,0.12446576259128557,-6.290303039531911
1,2509.0,-0.16671605048863083,0.1244653601844731,-6.29030974266341
1,2510.0,-0.1667161107166253,0.12446495898562845,-6.290316425670608
1,2511.0,-0.16671617076325734,0.12446455899475166,-6.290323088553507
1,2512.0,-0.166716230628527,0.1244641602118427,-6.290329731312106
1,2513.0,-0.16671629031243426,0.12446376263690158,-6.290336353946404
1,2514.0,-0.16671634981497915,0.1244633662699283,-6.2903429564564055
1,2515.0,-0.16671640913616165,0.12446297111092285,-6.290349538842107
1,2516.0,-0.16671646827598174,0.12446257715988523,-6.2903561011035105
1,2517.0,-0.16671652723443944,0.12446218441681546,-6.2903626432406154
1,2518.0,-0.16671658601153477,0.12446179288171352,-6.290369165253423
1,2519.0,-0.16671664460726768,0.12446140255457942,-6.290375667141926
1,2520.0,-0.1667167030216382,0.12446101343541316,-6.290382148906132
1,2521.0,-0.16671676125464635,0.12446062552421475,-6.290388610546041
1,2522.0,-0.16671681930629212,0.12446023882098416,-6.290395052061653
1,2523.0,-0.16671687717657546,0.12445985332572142,-6.290401473452961
1,2524.0,-0.16671693486549644,0.1244594690384265,-6.290407874719974
1,2525.0,-0.166716992373055,0.12445908595909944,-6.290414255862686
1,2526.0,-0.1667170496992512,0.12445870408774021,-6.290420616881099
1,2527.0,-0.166717106844085,0.12445832342434882,-6.2904269577752165
1,2528.0,-0.16671716380755638,0.12445794396892526,-6.290433278545031
1,2529.0,-0.1667172205896654,0.12445756572146954,-6.290439579190547
1,2530.0,-0.16671727719041202,0.12445718868198166,-6.290445859711764
1,2531.0,-0.16671733360979626,0.12445681285046162,-6.290452120108685
1,2532.0,-0.1667173898478181,0.12445643822690941,-6.290458360381303
1,2533.0,-0.16671744590447754,0.12445606481132504,-6.290464580529624
1,2534.0,-0.1667175017797746,0.12445569260370852,-6.290470780553648
1,2535.0,-0.16671755747370925,0.12445532160405982,-6.290476960453368
1,2536.0,-0.16671761298628152,0.12445495181237896,-6.290483120228792
1,2537.0,-0.1667176683174914,0.12445458322866595,-6.290489259879916
1,2538.0,-0.1667177234673389,0.12445421585292078,-6.290495379406743
1,2539.0,-0.166717778435824,0.12445384968514343,-6.290501478809273
1,2540.0,-0.1667178332229467,0.12445348472533393,-6.2905075580875
1,2541.0,-0.16671788773909177,0.12445312157056554,-6.290513607297558
1,2542.0,-0.1667179419763867,0.12445276027337716,-6.290519625565902
1,2543.0,-0.16671799606893292,0.12445239994033605,-6.2905256277726656
1,2544.0,-0.16671805001673046,0.12445204057144223,-6.290531613917857
1,2545.0,-0.1667181038197793,0.12445168216669568,-6.290537584001467
1,2546.0,-0.16671815747807944,0.12445132472609641,-6.2905435380235035
1,2547.0,-0.1667182109916309,0.12445096824964441,-6.290549475983959
1,2548.0,-0.16671826436043366,0.12445061273733969,-6.290555397882843
1,2549.0,-0.1667183175844877,0.12445025818918226,-6.290561303720145
1,2550.0,-0.16671837066379308,0.12444990460517211,-6.290567193495874
1,2551.0,-0.16671842359834976,0.12444955198530921,-6.2905730672100235
1,2552.0,-0.16671847638815773,0.12444920032959361,-6.290578924862596
1,2553.0,-0.16671852903321702,0.12444884963802529,-6.290584766453592
1,2554.0,-0.16671858153352762,0.12444849991060423,-6.2905905919830145
1,2555.0,-0.1667186338890895,0.12444815114733047,-6.2905964014508555
1,2556.0,-0.1667186860999027,0.12444780334820398,-6.2906021948571205
1,2557.0,-0.1667187381659672,0.12444745651322477,-6.290607972201807
1,2558.0,-0.166718790087283,0.12444711064239283,-6.290613733484919
1,2559.0,-0.1667188418638501,0.12444676573570816,-6.290619478706453
1,2560.0,-0.16671889349566854,0.12444642179317078,-6.290625207866411
1,2561.0,-0.16671894498273826,0.12444607881478069,-6.290630920964793
1,2562.0,-0.16671899632505927,0.12444573680053786,-6.290636618001591
1,2563.0,-0.1667190475226316,0.1244453957504423,-6.2906422989768185
1,2564.0,-0.16671909857545525,0.12444505566449404,-6.290647963890469
1,2565.0,-0.1667191494835302,0.12444471654269305,-6.29065361274254
1,2566.0,-0.16671920024685644,0.12444437838503934,-6.2906592455330355
1,2567.0,-0.166719250865434,0.1244440411915329,-6.290664862261952
1,2568.0,-0.16671930133926285,0.12444370496217375,-6.290670462929297
1,2569.0,-0.166719351668343,0.12444336969696186,-6.290676047535059
1,2570.0,-0.16671940185267448,0.12444303539589727,-6.290681616079245
1,2571.0,-0.16671945189225726,0.12444270205897993,-6.290687168561858
1,2572.0,-0.16671950178709133,0.12444236968620989,-6.290692704982891
1,2573.0,-0.1667195515371767,0.12444203827758712,-6.290698225342346
1,2574.0,-0.1667196011425134,0.12444170783311163,-6.290703729640227
1,2575.0,-0.1667196506031014,0.12444137835278342,-6.290709217876527
1,2576.0,-0.1667196999189407,0.12444104983660248,-6.290714690051255
1,2577.0,-0.16671974909003132,0.12444072228456883,-6.290720146164404
1,2578.0,-0.16671979811637322,0.12444039569668244,-6.290725586215974
1,2579.0,-0.16671984699796644,0.12444007007294335,-6.290731010205968
1,2580.0,-0.16671989573481094,0.12443974541335152,-6.290736418134385
1,2581.0,-0.1667199443269068,0.12443942171790698,-6.290741810001227
1,2582.0,-0.1667199927742539,0.12443909898660971,-6.290747185806489
1,2583.0,-0.16672004107685234,0.12443877721945971,-6.290752545550178
1,2584.0,-0.16672008923470208,0.12443845641645701,-6.290757889232284
1,2585.0,-0.16672013724780313,0.12443813657760157,-6.290763216852819
1,2586.0,-0.16672018511615547,0.12443781770289342,-6.290768528411771
1,2587.0,-0.16672023283975915,0.12443749979233254,-6.290773823909154
1,2588.0,-0.1667202804186141,0.12443718284591894,-6.290779103344952
1,2589.0,-0.16672032785272037,0.12443686686365261,-6.290784366719178
1,2590.0,-0.16672037514207794,0.12443655184553358,-6.2907896140318265
1,2591.0,-0.16672042228668682,0.12443623779156181,-6.290794845282898
1,2592.0,-0.166720469286547,0.12443592470173732,-6.290800060472391
1,2593.0,-0.16672051614165848,0.1244356125760601,-6.290805259600305
1,2594.0,-0.16672056285202128,0.12443530141453017,-6.290810442666645
1,2595.0,-0.16672060941763536,0.12443499121714752,-6.29081560967141
1,2596.0,-0.16672065583850076,0.12443468198391214,-6.290820760614594
1,2597.0,-0.16672070211461748,0.12443437371482405,-6.290825895496203
1,2598.0,-0.16672074824598548,0.12443406640988322,-6.290831014316236
1,2599.0,-0.1667207942326048,0.12443376006908968,-6.290836117074688
1,2600.0,-0.16672084007447543,0.12443345469244341,-6.290841203771568
1,2601.0,-0.16672088577159735,0.12443315027994442,-6.290846274406867
1,2602.0,-0.1667209313239706,0.12443284683159271,-6.290851328980591
1,2603.0,-0.16672097673159514,0.12443254434738828,-6.290856367492739
1,2604.0,-0.16672102199447097,0.12443224282733113,-6.290861389943309
1,2605.0,-0.16672106711259813,0.12443194227142125,-6.2908663963323015
1,2606.0,-0.16672111208597656,0.12443164267965866,-6.290871386659714
1,2607.0,-0.16672115691460634,0.12443134405204333,-6.290876360925556
1,2608.0,-0.16672120159848738,0.12443104638857529,-6.290881319129816
1,2609.0,-0.16672124613761977,0.12443074968925452,-6.290886261272501
1,2610.0,-0.16672129053200344,0.12443045395408103,-6.29089118735361
1,2611.0,-0.16672133478163842,0.12443015918305483,-6.29089609737314
1,2612.0,-0.1667213788865247,0.1244298653761759,-6.290900991331094
1,2613.0,-0.1667214228466623,0.12442957253344425,-6.290905869227472
1,2614.0,-0.16672146666205118,0.12442928065485986,-6.2909107310622705
1,2615.0,-0.1667215103326914,0.12442898974042277,-6.290915576835493
1,2616.0,-0.1667215538585829,0.12442869979013295,-6.290920406547141
1,2617.0,-0.1667215972397257,0.1244284108039904,-6.29092522019721
1,2618.0,-0.1667216403462308,0.12442812364740938,-6.2909300033729805
1,2619.0,-0.16672168327436926,0.12442783767903784,-6.290934766756868
1,2620.0,-0.1667217260888712,0.12442755246761115,-6.290939517531441
1,2621.0,-0.16672176878973657,0.1244272680131293,-6.290944255696694
1,2622.0,-0.16672181137696543,0.12442698431559228,-6.290948981252636
1,2623.0,-0.1667218538505577,0.12442670137500011,-6.290953694199255
1,2624.0,-0.1667218962105135,0.12442641919135278,-6.290958394536566
1,2625.0,-0.16672193845683272,0.12442613776465028,-6.290963082264558
1,2626.0,-0.16672198058951543,0.12442585709489264,-6.290967757383235
1,2627.0,-0.1667220226085616,0.12442557718207982,-6.290972419892595
1,2628.0,-0.1667220645139712,0.12442529802621184,-6.290977069792642
1,2629.0,-0.16672210630574427,0.12442501962728872,-6.2909817070833665
1,2630.0,-0.16672214798388083,0.12442474198531042,-6.290986331764782
1,2631.0,-0.16672218954838083,0.12442446510027697,-6.2909909438368805
1,2632.0,-0.1667222309992443,0.12442418897218835,-6.290995543299664
1,2633.0,-0.16672227233647122,0.12442391360104459,-6.291000130153127
1,2634.0,-0.16672231356006162,0.12442363898684565,-6.291004704397278
1,2635.0,-0.16672235467001548,0.12442336512959155,-6.291009266032113
1,2636.0,-0.1667223956663328,0.1244230920292823,-6.291013815057632
1,2637.0,-0.16672243654901356,0.12442281968591788,-6.2910183514738325
1,2638.0,-0.1667224773180578,0.12442254809949832,-6.2910228752807225
1,2639.0,-0.16672251797346552,0.12442227727002358,-6.291027386478293
1,2640.0,-0.16672255851523668,0.12442200719749369,-6.291031885066549
1,2641.0,-0.1667225989433713,0.12442173788190863,-6.291036371045488
1,2642.0,-0.1667226392578694,0.12442146932326842,-6.291040844415116
1,2643.0,-0.16672267945873095,0.12442120152157304,-6.291045305175422
1,2644.0,-0.16672271954595597,0.12442093447682252,-6.291049753326416
1,2645.0,-0.16672275951954446,0.12442066818901683,-6.291054188868095
1,2646.0,-0.16672279937949638,0.12442040265815597,-6.291058611800453
1,2647.0,-0.1667228391258118,0.12442013788423996,-6.291063022123497
1,2648.0,-0.16672287875849065,0.12441987386726878,-6.291067419837227
1,2649.0,-0.166722918277533,0.12441961060724245,-6.2910718049416445
1,2650.0,-0.16672295768293877,0.12441934810416096,-6.29107617743674
1,2651.0,-0.16672299697470802,0.1244190863580243,-6.291080537322524
1,2652.0,-0.16672303615284073,0.12441882536883249,-6.29108488459899
1,2653.0,-0.16672307521733692,0.12441856513658552,-6.2910892192661425
1,2654.0,-0.16672311416819655,0.12441830566128338,-6.291093541323975
1,2655.0,-0.16672315300541965,0.12441804694292609,-6.291097850772497
1,2656.0,-0.1667231917290062,0.12441778898151364,-6.291102147611699
1,2657.0,-0.16672323033895625,0.12441753177704604,-6.291106431841589
1,2658.0,-0.16672326883526975,0.12441727532952326,-6.291110703462163
1,2659.0,-0.16672330721794668,0.12441701963894533,-6.291114962473416
1,2660.0,-0.1667233454869871,0.12441676470531224,-6.291119208875361
1,2661.0,-0.16672338364239098,0.12441651052862399,-6.291123442667983
1,2662.0,-0.16672342168415832,0.12441625710888056,-6.291127663851294
1,2663.0,-0.16672345961228913,0.12441600444608199,-6.291131872425288
1,2664.0,-0.16672349742678338,0.12441575254022826,-6.291136068389964
1,2665.0,-0.1667235351276411,0.12441550139131936,-6.291140251745325
1,2666.0,-0.1667235727148623,0.12441525099935531,-6.291144422491372
1,2667.0,-0.16672361018844695,0.1244150013643361,-6.291148580628104
1,2668.0,-0.16672364754839505,0.12441475248626173,-6.291152726155518
1,2669.0,-0.16672368479470662,0.1244145043651322,-6.2911568590736175
1,2670.0,-0.16672372192738166,0.1244142570009475,-6.291160979382399
1,2671.0,-0.16672375894642016,0.12441401039370766,-6.291165087081868
1,2672.0,-0.16672379585182212,0.12441376454341264,-6.291169182172019
1,2673.0,-0.16672383264358753,0.12441351945006247,-6.291173264652854
1,2674.0,-0.16672386932171643,0.12441327511365714,-6.291177334524376
1,2675.0,-0.16672390588620878,0.12441303153419664,-6.291181391786579
1,2676.0,-0.16672394233706458,0.12441278871168099,-6.291185436439469
1,2677.0,-0.16672397867428385,0.12441254664611018,-6.29118946848304
1,2678.0,-0.1667240148978666,0.12441230533748421,-6.291193487917298
1,2679.0,-0.1667240510078128,0.12441206478580308,-6.2911974947422395
1,2680.0,-0.16672408700412245,0.12441182499106679,-6.291201488957866
1,2681.0,-0.16672412288679556,0.12441158595327532,-6.291205470564173
1,2682.0,-0.16672415865583215,0.12441134767242872,-6.291209439561169
1,2683.0,-0.1667241943112322,0.12441111014852695,-6.291213395948846
1,2684.0,-0.1667242298529957,0.12441087338157002,-6.29121733972721
1,2685.0,-0.1667242652811227,0.12441063737155793,-6.2912212708962585
1,2686.0,-0.1667243005956131,0.12441040211849066,-6.291225189455988
1,2687.0,-0.166724335796467,0.12441016762236826,-6.291229095406404
1,2688.0,-0.16672437088368436,0.12440993388319069,-6.2912329887475025
1,2689.0,-0.1667244058572652,0.12440970090095796,-6.291236869479289
1,2690.0,-0.16672444071720946,0.12440946867567006,-6.291240737601756
1,2691.0,-0.1667244754635172,0.12440923720732701,-6.291244593114906
1,2692.0,-0.1667245100961884,0.1244090064959288,-6.291248436018745
1,2693.0,-0.1667245446152231,0.12440877654147542,-6.291252266313266
1,2694.0,-0.1667245790206212,0.12440854734396689,-6.291256083998469
1,2695.0,-0.1667246133123828,0.1244083189034032,-6.29125988907436
1,2696.0,-0.16672464749050786,0.12440809121978436,-6.291263681540934
1,2697.0,-0.1667246815549964,0.12440786429311033,-6.291267461398191
1,2698.0,-0.16672471550584836,0.12440763812338117,-6.291271228646132
1,2699.0,-0.1667247493430638,0.12440741271059684,-6.291274983284759
1,2700.0,-0.16672478303104504,0.12440718829193151,-6.2912787213640895
1,2701.0,-0.1667248164790244,0.12440696547217144,-6.291282432812373
1,2702.0,-0.16672484983946895,0.12440674323550985,-6.291286134547641
1,2703.0,-0.16672488311237862,0.12440652158194675,-6.291289826569878
1,2704.0,-0.1667249162977535,0.12440630051148213,-6.291293508879094
1,2705.0,-0.16672494939559349,0.124406080024116,-6.291297181475286
1,2706.0,-0.16672498240589867,0.12440586011984836,-6.291300844358454
1,2707.0,-0.16672501532866899,0.12440564079867922,-6.291304497528593
1,2708.0,-0.16672504816390446,0.12440542206060855,-6.291308140985712
1,2709.0,-0.16672508091160512,0.12440520390563638,-6.291311774729806
1,2710.0,-0.16672511357177092,0.1244049863337627,-6.291315398760875
1,2711.0,-0.16672514614440187,0.12440476934498748,-6.291319013078919
1,2712.0,-0.16672517862949798,0.12440455293931077,-6.291322617683939
1,2713.0,-0.16672521102705926,0.12440433711673254,-6.291326212575936
1,2714.0,-0.1667252433370857,0.1244041218772528,-6.291329797754905
1,2715.0,-0.16672527555957728,0.12440390722087157,-6.291333373220854
1,2716.0,-0.16672530769453403,0.1244036931475888,-6.291336938973778
1,2717.0,-0.1667253397419559,0.12440347965740452,-6.291340495013673
1,2718.0,-0.16672537170184298,0.12440326675031874,-6.291344041340547
1,2719.0,-0.1667254035741952,0.12440305442633143,-6.291347577954396
1,2720.0,-0.1667254353590126,0.12440284268544262,-6.291351104855224
1,2721.0,-0.16672546705629512,0.1244026315276523,-6.2913546220430225
1,2722.0,-0.16672549866604283,0.12440242095296046,-6.291358129517801
1,2723.0,-0.16672553018825567,0.12440221096136711,-6.291361627279548
1,2724.0,-0.1667255616229337,0.12440200155287225,-6.291365115328279
1,2725.0,-0.16672559297007686,0.12440179272747587,-6.2913685936639805
1,2726.0,-0.1667256242296852,0.12440158448517798,-6.291372062286664
1,2727.0,-0.16672565540175868,0.12440137682597859,-6.291375521196314
1,2728.0,-0.16672568648629732,0.12440116974987767,-6.291378970392946
1,2729.0,-0.16672571748330112,0.12440096325687525,-6.291382409876551
1,2730.0,-0.1667257483927701,0.1244007573469713,-6.291385839647134
1,2731.0,-0.16672577921470422,0.12440055202016585,-6.291389259704691
1,2732.0,-0.1667258099491035,0.12440034727645889,-6.291392670049223
1,2733.0,-0.16672584059596793,0.12440014311585042,-6.29139607068073
1,2734.0,-0.16672587115529752,0.12439993953834043,-6.291399461599216
1,2735.0,-0.16672590162709228,0.12439973654392893,-6.291402842804674
1,2736.0,-0.1667259320113522,0.12439953413261591,-6.29140621429711
1,2737.0,-0.16672596230807724,0.1243993323044014,-6.29140957607652
1,2738.0,-0.16672599251726747,0.12439913105928535,-6.291412928142904
1,2739.0,-0.16672602263892286,0.1243989303972678,-6.291416270496269
1,2740.0,-0.1667260526730434,0.12439873031834875,-6.291419603136607
1,2741.0,-0.1667260826196291,0.12439853082252816,-6.291422926063918
1,2742.0,-0.16672611247867997,0.12439833190980608,-6.291426239278209
1,2743.0,-0.16672614225019597,0.12439813358018248,-6.291429542779471
1,2744.0,-0.16672617193417716,0.12439793583365737,-6.291432836567714
1,2745.0,-0.16672620153062348,0.12439773867023074,-6.291436120642929
1,2746.0,-0.16672623103953496,0.12439754208990261,-6.291439395005118
1,2747.0,-0.16672626046091163,0.12439734609267296,-6.291442659654288
1,2748.0,-0.16672628979475343,0.12439715067854179,-6.291445914590427
1,2749.0,-0.1667263190410604,0.12439695584750912,-6.291449159813545
1,2750.0,-0.1667263481998325,0.12439676159957494,-6.291452395323639
1,2751.0,-0.16672637727106981,0.12439656793473923,-6.29145562112071
1,2752.0,-0.16672640625477225,0.12439637485300202,-6.291458837204758
1,2753.0,-0.16672643515093985,0.1243961823543633,-6.291462043575779
1,2754.0,-0.1667264639595726,0.12439599043882306,-6.291465240233773
1,2755.0,-0.16672649268067052,0.12439579910638131,-6.291468427178746
1,2756.0,-0.16672652131423357,0.12439560835703806,-6.29147160441069
1,2757.0,-0.1667265498602618,0.12439541819079328,-6.291474771929615
1,2758.0,-0.1667265783187552,0.124395228607647,-6.291477929735516
1,2759.0,-0.16672660668971376,0.12439503960759919,-6.291481077828389
1,2760.0,-0.16672663497313744,0.12439485119064989,-6.291484216208238
1,2761.0,-0.16672666316902632,0.12439466335679907,-6.291487344875065
1,2762.0,-0.16672669127738035,0.12439447610604672,-6.2914904638288665
1,2763.0,-0.16672671929819952,0.12439428943839287,-6.291493573069642
1,2764.0,-0.16672674723148387,0.1243941033538375,-6.291496672597396
1,2765.0,-0.16672677507723335,0.12439391785238064,-6.291499762412122
1,2766.0,-0.166726802835448,0.12439373293402226,-6.291502842513824
1,2767.0,-0.16672683050612783,0.12439354859876235,-6.291505912902507
1,2768.0,-0.1667268580892728,0.12439336484660095,-6.2915089735781615
1,2769.0,-0.1667268855848829,0.12439318167753802,-6.29151202454079
1,2770.0,-0.1667269129929582,0.12439299909157359,-6.2915150657903975
1,2771.0,-0.16672694031349863,0.12439281708870763,-6.291518097326979
1,2772.0,-0.16672696754650423,0.12439263566894017,-6.291521119150536
1,2773.0,-0.166726994691975,0.1243924548322712,-6.291524131261068
1,2774.0,-0.16672702174991091,0.12439227457870071,-6.291527133658578
1,2775.0,-0.166727048720312,0.12439209490822871,-6.291530126343062
1,2776.0,-0.16672707560317823,0.12439191582085521,-6.291533109314523
1,2777.0,-0.16672710239850963,0.12439173731658018,-6.291536082572958
1,2778.0,-0.1667271291063062,0.12439155939540364,-6.2915390461183724
1,2779.0,-0.16672715572656788,0.1243913820573256,-6.2915419999507565
1,2780.0,-0.16672718225929475,0.12439120530234604,-6.291544944070118
1,2781.0,-0.1667272087044868,0.12439102913046496,-6.291547878476457
1,2782.0,-0.16672723506214396,0.12439085354168238,-6.29155080316977
1,2783.0,-0.1667272613322663,0.12439067853599828,-6.2915537181500625
1,2784.0,-0.1667272875148538,0.12439050411341267,-6.291556623417325
1,2785.0,-0.16672731360990647,0.12439033027392554,-6.2915595189715665
1,2786.0,-0.16672733961742428,0.12439015701753692,-6.291562404812782
1,2787.0,-0.16672736553740725,0.12438998434424677,-6.291565280940974
1,2788.0,-0.1667273913698554,0.1243898122540551,-6.291568147356142
1,2789.0,-0.16672741710248884,0.12438964082877756,-6.291571002695693
1,2790.0,-0.1667274426118144,0.1243894708912216,-6.291573833256596
1,2791.0,-0.1667274680551814,0.12438930139304959,-6.2915766564986155
1,2792.0,-0.16672749343258988,0.12438913233426153,-6.29157947242176
1,2793.0,-0.16672751874403982,0.12438896371485743,-6.291582281026026
1,2794.0,-0.16672754398953124,0.12438879553483727,-6.291585082311416
1,2795.0,-0.1667275691690641,0.12438862779420107,-6.291587876277922
1,2796.0,-0.16672759428263842,0.12438846049294881,-6.291590662925551
1,2797.0,-0.1667276193302542,0.12438829363108052,-6.291593442254302
1,2798.0,-0.16672764431191145,0.12438812720859617,-6.291596214264174
1,2799.0,-0.16672766922761015,0.12438796122549578,-6.291598978955165
1,2800.0,-0.1667276940773503,0.12438779568177932,-6.29160173632728
1,2801.0,-0.16672771886113194,0.12438763057744684,-6.291604486380517
1,2802.0,-0.16672774357895503,0.12438746591249829,-6.291607229114873
1,2803.0,-0.16672776823081958,0.12438730168693371,-6.291609964530353
1,2804.0,-0.1667277928167256,0.12438713790075306,-6.29161269262695
1,2805.0,-0.16672781733667305,0.12438697455395638,-6.291615413404669
1,2806.0,-0.166727841790662,0.12438681164654364,-6.291618126863511
1,2807.0,-0.1667278661786924,0.12438664917851486,-6.291620833003475
1,2808.0,-0.16672789050076425,0.12438648714987002,-6.291623531824558
1,2809.0,-0.16672791475687757,0.12438632556060915,-6.291626223326765
1,2810.0,-0.16672793894703233,0.12438616441073222,-6.291628907510089
1,2811.0,-0.16672796307122859,0.12438600370023924,-6.291631584374539
1,2812.0,-0.16672798712946627,0.12438584342913021,-6.291634253920106
1,2813.0,-0.16672801112174543,0.12438568359740514,-6.291636916146795
1,2814.0,-0.16672803504806608,0.124385524205064,-6.291639571054611
1,2815.0,-0.16672805890842815,0.12438536525210683,-6.29164221864354
1,2816.0,-0.16672808270283168,0.12438520673853362,-6.2916448589135925
1,2817.0,-0.1667281064312767,0.12438504866434436,-6.29164749186477
1,2818.0,-0.16672813009376317,0.12438489102953904,-6.291650117497066
1,2819.0,-0.1667281536902911,0.12438473383411766,-6.291652735810485
1,2820.0,-0.16672817722086047,0.12438457707808025,-6.291655346805022
1,2821.0,-0.16672820068547134,0.12438442076142679,-6.291657950480683
1,2822.0,-0.16672822408412363,0.12438426488415728,-6.291660546837462
1,2823.0,-0.1667282474168174,0.12438410944627172,-6.291663135875367
1,2824.0,-0.16672827068355264,0.1243839544477701,-6.291665717594389
1,2825.0,-0.16672829388432936,0.12438379988865245,-6.291668291994537
1,2826.0,-0.1667283170191475,0.12438364576891875,-6.2916708590758
1,2827.0,-0.16672834008800713,0.124383492088569,-6.291673418838189
1,2828.0,-0.16672836309090822,0.12438333884760319,-6.291675971281699
1,2829.0,-0.16672838602785076,0.12438318604602133,-6.291678516406329
1,2830.0,-0.16672840889883475,0.12438303368382345,-6.291681054212078
1,2831.0,-0.1667284317038602,0.12438288176100949,-6.2916835846989505
1,2832.0,-0.16672845444292714,0.1243827302775795,-6.291686107866945
1,2833.0,-0.1667284771160355,0.12438257923353345,-6.291688623716057
1,2834.0,-0.16672849972318535,0.12438242862887136,-6.291691132246295
1,2835.0,-0.16672852226437668,0.12438227846359322,-6.291693633457653
1,2836.0,-0.16672854473960944,0.12438212873769902,-6.291696127350131
1,2837.0,-0.16672856714888368,0.12438197945118878,-6.291698613923732
1,2838.0,-0.16672858949219935,0.12438183060406251,-6.291701093178451
1,2839.0,-0.1667286117695565,0.12438168219632016,-6.291703565114295
1,2840.0,-0.1667286339809551,0.12438153422796178,-6.291706029731257
1,2841.0,-0.1667286561263952,0.12438138669898735,-6.291708487029342
1,2842.0,-0.16672867820587672,0.12438123960939687,-6.2917109370085464
1,2843.0,-0.16672870021939973,0.12438109295919034,-6.291713379668876
1,2844.0,-0.1667287221669642,0.12438094674836776,-6.291715815010325
1,2845.0,-0.1667287440485701,0.12438080097692913,-6.291718243032893
1,2846.0,-0.16672876586421748,0.12438065564487447,-6.291720663736584
1,2847.0,-0.16672878761390633,0.12438051075220373,-6.2917230771213974
1,2848.0,-0.16672880929763662,0.12438036629891697,-6.291725483187327
1,2849.0,-0.16672883091540838,0.12438022228501415,-6.291727881934383
1,2850.0,-0.1667288524672216,0.12438007871049528,-6.291730273362559
1,2851.0,-0.16672887395307628,0.12437993557536035,-6.2917326574718535
1,2852.0,-0.16672889537297245,0.12437979287960939,-6.291735034262274
1,2853.0,-0.16672891672691006,0.12437965062324238,-6.291737403733814
1,2854.0,-0.1667289380148891,0.12437950880625931,-6.291739765886474
1,2855.0,-0.16672895923690964,0.12437936742866021,-6.291742120720255
1,2856.0,-0.16672898039297165,0.12437922649044504,-6.291744468235163
1,2857.0,-0.1667290014830751,0.12437908599161383,-6.291746808431185
1,2858.0,-0.16672902250722002,0.12437894593216658,-6.2917491413083315
1,2859.0,-0.16672904346540637,0.12437880631210327,-6.291751466866595
1,2860.0,-0.1667290643576342,0.12437866713142393,-6.291753785105985
1,2861.0,-0.16672908518390353,0.12437852839012851,-6.291756096026496
1,2862.0,-0.16672910594421428,0.12437839008821706,-6.291758399628126
1,2863.0,-0.16672912663856648,0.12437825222568957,-6.291760695910875
1,2864.0,-0.16672914726696017,0.12437811480254603,-6.291762984874749
1,2865.0,-0.16672916782939531,0.12437797781878643,-6.291765266519742
1,2866.0,-0.1667291883258719,0.12437784127441079,-6.291767540845859
1,2867.0,-0.16672920875639,0.1243777051694191,-6.291769807853097
1,2868.0,-0.1667292291209495,0.12437756950381135,-6.291772067541454
1,2869.0,-0.1667292494195505,0.12437743427758756,-6.2917743199109335
1,2870.0,-0.16672926965219295,0.12437729949074772,-6.291776564961534
1,2871.0,-0.16672928981887686,0.12437716514329183,-6.291778802693255
1,2872.0,-0.16672930991960222,0.1243770312352199,-6.291781033106097
1,2873.0,-0.16672932995436907,0.12437689776653191,-6.291783256200063
1,2874.0,-0.16672934992317734,0.12437676473722788,-6.291785471975145
1,2875.0,-0.1667293698260271,0.1243766321473078,-6.291787680431353
1,2876.0,-0.1667293896629183,0.12437649999677167,-6.291789881568683
1,2877.0,-0.16672940943385098,0.12437636828561949,-6.291792075387129
1,2878.0,-0.16672942913882513,0.12437623701385127,-6.2917942618867
1,2879.0,-0.1667294487778407,0.124376106181467,-6.29179644106739
1,2880.0,-0.16672946835089777,0.12437597578846667,-6.291798612929203
1,2881.0,-0.1667294878579963,0.1243758458348503,-6.2918007774721385
1,2882.0,-0.1667295072991363,0.12437571632061788,-6.291802934696197
1,2883.0,-0.16672952667431773,0.12437558724576941,-6.291805084601371
1,2884.0,-0.16672954598354064,0.1243754586103049,-6.29180722718767
1,2885.0,-0.166729565226805,0.12437533041422433,-6.291809362455086
1,2886.0,-0.1667295843754709,0.12437520284834372,-6.291811487225688
1,2887.0,-0.16672960335799142,0.12437507638936635,-6.291813593560501
1,2888.0,-0.16672962229208213,0.12437495025301247,-6.291815694521452
1,2889.0,-0.166729641177743,0.1243748244392821,-6.2918177901085395
1,2890.0,-0.16672966001497405,0.12437469894817522,-6.291819880321768
1,2891.0,-0.1667296788037753,0.12437457377969185,-6.2918219651611365
1,2892.0,-0.1667296975441467,0.12437444893383198,-6.291824044626644
1,2893.0,-0.1667297162360883,0.12437432441059562,-6.291826118718289
1,2894.0,-0.16672973487960005,0.12437420020998274,-6.291828187436076
1,2895.0,-0.16672975347468197,0.12437407633199338,-6.291830250779998
1,2896.0,-0.16672977202133407,0.1243739527766275,-6.2918323087500605
1,2897.0,-0.16672979051955636,0.12437382954388512,-6.291834361346262
1,2898.0,-0.16672980896934883,0.12437370663376626,-6.291836408568604
1,2899.0,-0.16672982737071146,0.12437358404627089,-6.291838450417084
1,2900.0,-0.1667298457236443,0.12437346178139902,-6.291840486891705
1,2901.0,-0.16672986402814727,0.12437333983915064,-6.291842517992463
1,2902.0,-0.16672988228422045,0.12437321821952577,-6.291844543719363
1,2903.0,-0.1667299004918638,0.1243730969225244,-6.291846564072399
1,2904.0,-0.1667299186510773,0.12437297594814653,-6.2918485790515755
1,2905.0,-0.166729936761861,0.12437285529639215,-6.29185058865689
1,2906.0,-0.16672995482421488,0.12437273496726128,-6.291852592888345
1,2907.0,-0.16672997283813892,0.12437261496075391,-6.291854591745941
1,2908.0,-0.16672999080363313,0.12437249527687004,-6.291856585229671
1,2909.0,-0.16673000872069754,0.12437237591560966,-6.291858573339544
1,2910.0,-0.16673002658933211,0.1243722568769728,-6.291860556075554
1,2911.0,-0.16673004440953687,0.12437213816095943,-6.2918625334377065
1,2912.0,-0.16673006218131178,0.12437201976756955,-6.291864505425993
1,2913.0,-0.16673007990465688,0.12437190169680318,-6.291866472040421
1,2914.0,-0.16673009757957216,0.12437178394866032,-6.29186843328099
1,2915.0,-0.16673011520605763,0.12437166652314094,-6.291870389147696
1,2916.0,-0.16673013278411325,0.12437154942024507,-6.291872339640543
1,2917.0,-0.16673015031373906,0.1243714326399727,-6.291874284759527
1,2918.0,-0.16673016779493505,0.12437131618232383,-6.2918762245046524
1,2919.0,-0.1667301852277012,0.12437120004729846,-6.291878158875916
1,2920.0,-0.16673020261203753,0.12437108423489658,-6.2918800878733165
1,2921.0,-0.16673021994794404,0.12437096874511822,-6.291882011496859
1,2922.0,-0.16673023723542074,0.12437085357796333,-6.291883929746541
1,2923.0,-0.1667302544744676,0.12437073873343196,-6.29188584262236
1,2924.0,-0.16673027166508464,0.12437062421152409,-6.291887750124319
1,2925.0,-0.16673028880727184,0.12437051001223973,-6.291889652252415
1,2926.0,-0.16673030590102922,0.12437039613557885,-6.2918915490066505
1,2927.0,-0.16673032294635678,0.12437028258154148,-6.291893440387027
1,2928.0,-0.16673033994325454,0.12437016935012761,-6.2918953263935435
1,2929.0,-0.16673035689172247,0.12437005644133724,-6.291897207026201
1,2930.0,-0.16673037379176056,0.12436994385517036,-6.291899082284995
1,2931.0,-0.1667303906433688,0.124369831591627,-6.291900952169926
1,2932.0,-0.16673040744654727,0.12436971965070712,-6.291902816680999
1,2933.0,-0.16673042420129588,0.12436960803241075,-6.291904675818209
1,2934.0,-0.16673044090761469,0.12436949673673788,-6.291906529581559
1,2935.0,-0.16673045756550367,0.1243693857636885,-6.291908377971049
1,2936.0,-0.1667304741749628,0.12436927511326264,-6.291910220986677
1,2937.0,-0.16673049073599214,0.12436916478546026,-6.291912058628445
1,2938.0,-0.16673050724859165,0.12436905478028139,-6.291913890896353
1,2939.0,-0.1667305237127613,0.12436894509772602,-6.291915717790397
1,2940.0,-0.16673054012850116,0.12436883573779414,-6.291917539310582
1,2941.0,-0.1667305564958112,0.12436872670048577,-6.291919355456908
1,2942.0,-0.1667305728146914,0.1243686179858009,-6.29192116622937
1,2943.0,-0.1667305890851418,0.12436850959373953,-6.291922971627974
1,2944.0,-0.16673060530716236,0.12436840152430166,-6.291924771652716
1,2945.0,-0.16673062148075307,0.12436829377748729,-6.291926566303594
1,2946.0,-0.16673063760591397,0.12436818635329641,-6.291928355580615
1,2947.0,-0.16673065368264506,0.12436807925172903,-6.291930139483772
1,2948.0,-0.16673066971094633,0.12436797247278517,-6.29193191801307
1,2949.0,-0.16673068569081778,0.1243678660164648,-6.29193369116851
1,2950.0,-0.1667307016222594,0.12436775988276792,-6.291935458950087
1,2951.0,-0.16673071750527116,0.12436765407169455,-6.2919372213577995
1,2952.0,-0.16673073333985314,0.12436754858324468,-6.291938978391653
1,2953.0,-0.16673074912600527,0.1243674434174183,-6.291940730051648
1,2954.0,-0.1667307648637276,0.12436733857421543,-6.291942476337781
1,2955.0,-0.1667307805530201,0.12436723405363606,-6.291944217250055
1,2956.0,-0.16673079619388276,0.12436712985568019,-6.291945952788465
1,2957.0,-0.1667308117863156,0.12436702598034782,-6.2919476829530145
1,2958.0,-0.16673082733031863,0.12436692242763894,-6.291949407743704
1,2959.0,-0.16673084282589182,0.12436681919755357,-6.291951127160531
1,2960.0,-0.1667308582730352,0.1243667162900917,-6.291952841203502
1,2961.0,-0.16673087367174874,0.12436661370525333,-6.291954549872607
1,2962.0,-0.16673088902203245,0.12436651144303845,-6.291956253167852
1,2963.0,-0.16673090432388638,0.12436640950344709,-6.291957951089239
1,2964.0,-0.16673091957731045,0.1243663078864792,-6.291959643636765
1,2965.0,-0.1667309347823047,0.12436620659213483,-6.291961330810425
1,2966.0,-0.16673094993886914,0.12436610562041396,-6.291963012610232
1,2967.0,-0.16673096504700374,0.1243660049713166,-6.291964689036171
1,2968.0,-0.1667309801067085,0.12436590464484272,-6.291966360088251
1,2969.0,-0.16673099511798348,0.12436580464099235,-6.291968025766471
1,2970.0,-0.1667310100808286,0.12436570495976548,-6.29196968607083
1,2971.0,-0.16673102499524392,0.12436560560116211,-6.291971341001328
1,2972.0,-0.1667310398612294,0.12436550656518224,-6.291972990557965
1,2973.0,-0.16673105467878505,0.12436540785182586,-6.291974634740739
1,2974.0,-0.16673106944791088,0.12436530946109299,-6.291976273549656
1,2975.0,-0.1667310841686069,0.12436521139298362,-6.29197790698471
1,2976.0,-0.1667310988408731,0.12436511364749775,-6.291979535045903
1,2977.0,-0.16673111346470945,0.12436501622463537,-6.291981157733235
1,2978.0,-0.166731128040116,0.1243649191243965,-6.29198277504671
1,2979.0,-0.1667311425670927,0.12436482234678113,-6.29198438698632
1,2980.0,-0.1667311570456396,0.12436472589178925,-6.2919859935520694
1,2981.0,-0.16673117147575667,0.12436462975942088,-6.2919875947439605
1,2982.0,-0.16673118585744393,0.124364533949676,-6.291989190561989
1,2983.0,-0.16673120019070134,0.12436443846255464,-6.291990781006156
1,2984.0,-0.16673121447552894,0.12436434329805676,-6.291992366076465
1,2985.0,-0.1667312287119267,0.1243642484561824,-6.291993945772908
1,2986.0,-0.16673124289989466,0.12436415393693152,-6.291995520095496
1,2987.0,-0.16673125703943278,0.12436405974030415,-6.291997089044219
1,2988.0,-0.1667312711305411,0.12436396586630027,-6.291998652619083
1,2989.0,-0.16673128517321956,0.1243638723149199,-6.2920002108200865
1,2990.0,-0.1667312991674682,0.12436377908616303,-6.2920017636472245
1,2991.0,-0.16673131311328704,0.12436368618002966,-6.292003311100508
1,2992.0,-0.16673132698839643,0.12436359374495864,-6.292004850707741
1,2993.0,-0.16673134072450124,0.12436350223597889,-6.292006374890775
1,2994.0,-0.16673135442612647,0.12436341095669509,-6.2920078952478935
1,2995.0,-0.16673136809327205,0.12436331990710726,-6.292009411779086
1,2996.0,-0.16673138172593804,0.12436322908721541,-6.292010924484362
1,2997.0,-0.16673139532412443,0.12436313849701952,-6.292012433363717
1,2998.0,-0.1667314088878312,0.12436304813651959,-6.292013938417152
1,2999.0,-0.16673142241705838,0.12436295800571563,-6.292015439644671
1,3000.0,-0.16673143591180592,0.12436286810460764,-6.292016937046266
2,0.0,0.17752770430072393,0.2711548411121192,31.907599916481647
2,1.0,0.17890208970273241,0.26581829772634274,32.06010420651559
2,2.0,0.18008428737674687,0.2605757506321557,32.19128299864469
2,3.0,0.1810800355416999,0.2554300561242245,32.30177301602034
2,4.0,0.18189547579417548,0.25038367070096734,32.3922557413077
2,5.0,0.1825370850082741,0.24543866110754284,32.46344986017155
2,6.0,0.18301160841352804,0.24059671395284457,32.5161038354808
2,7.0,0.1833258656456879,0.23585913932844105,32.55097438635287
2,8.0,0.18348698702597593,0.23122693624959073,32.568852706127075
2,9.0,0.18350202502107904,0.22670076199686656,32.570521349262684
2,10.0,0.18337816155215314,0.22228098813205383,32.55677723472095
2,11.0,0.18312255472071653,0.21796770265763232,32.5284146383931
2,12.0,0.18274226493613654,0.21376074132428785,32.48621699607256
2,13.0,0.18224433941628926,0.20965969954732608,32.43096627980103
2,14.0,0.18163567064810685,0.20566396039550203,32.36342729239485
2,15.0,0.18092298175575164,0.20177271665887353,32.284346043871054
2,16.0,0.1801129642388831,0.19798496397853654,32.19446503513467
2,17.0,0.17921190946156076,0.19429957901876302,32.094482367320815
2,18.0,0.1782261882255824,0.19071524272541338,31.98510495611972
2,19.0,0.17716174168965837,0.18723055838666805,31.86699204324758
2,20.0,0.17602433713645452,0.18384401651542742,31.740783576820153
2,21.0,0.1748196729031205,0.18055396482608216,31.607111854634073
2,22.0,0.17355302654832014,0.17735872829185786,31.466562484144095
2,23.0,0.17222947999116933,0.17425655908045612,31.319699364286908
2,24.0,0.17085403036904534,0.17124559566094655,31.16707698646411
2,25.0,0.16943130624992836,0.16832398187859024,31.00920894495041
2,26.0,0.16796570930048346,0.1654898289695516,30.84658365664019
2,27.0,0.1664614280741188,0.1627412204621183,30.679665890995356
2,28.0,0.16492252054008608,0.1600761746569152,30.50890592762368
2,29.0,0.16335274796798777,0.1574927376171487,30.334721123803178
2,30.0,0.1617556590813939,0.1549889546307734,30.157505252319712
2,31.0,0.16013460572735289,0.15256287071203287,29.97763024018419
2,32.0,0.15849274773627936,0.15021253635569026,29.795446707894556
2,33.0,0.15683305248888646,0.14793601734797743,29.611283921381784
2,34.0,0.155158325116324,0.14573138164804444,29.425453143071852
2,35.0,0.1534711888752855,0.14359672035453977,29.238245454272118
2,36.0,0.1517740869999983,0.14153015773553482,29.049931960671476
2,37.0,0.1500693039654873,0.13952984398707022,28.860766151750575
2,38.0,0.14835897236359932,0.13759395790100365,28.670984663757938
2,39.0,0.14664507984460157,0.13572070912186865,28.48080804996223
2,40.0,0.14492947607602535,0.1339083400057205,28.290441552818187
2,41.0,0.1432138796523615,0.1321551271125186,28.100075870678896
2,42.0,0.14149988491093843,0.13045938235207946,27.909887914097986
2,43.0,0.13978896860283868,0.12881945381470705,27.720041546046538
2,44.0,0.13808249638222936,0.12723372631082225,27.530688301980973
2,45.0,0.13638172907680718,0.12570062165040866,27.34196808562295
2,46.0,0.13468782871282883,0.1242185986887102,27.154009837507658
2,47.0,0.1330018598605971,0.12278616069438268,26.966931684281356
2,48.0,0.1313247919201573,0.12140186234519149,26.780841192326413
2,49.0,0.12965752642955047,0.12006427302620701,26.595838397934454
2,50.0,0.12800088410657537,0.11877200536968104,26.412014369436857
2,51.0,0.1263556136938112,0.11752370739380674,26.22945218866444
2,52.0,0.12472239634052953,0.11631806160471528,26.048227437172365
2,53.0,0.12310184966279115,0.11515378404071117,25.868408646755796
2,54.0,0.12149453134884869,0.11402962371775667,25.69005769951194
2,55.0,0.11990092052194198,0.1129444302408933,25.513227759822062
2,56.0,0.11832146824953693,0.11189702404432957,25.337968878948022
2,57.0,0.11675657798804631,0.11088625758776108,25.164325825143106
2,58.0,0.11520660716260754,0.10991101175869662,24.99233825894703
2,59.0,0.11367186955195831,0.1089701949111372,24.82204099781605
2,60.0,0.1121526196270815,0.1080628427374316,24.653462278310684
2,61.0,0.11064909446388282,0.10718793702400485,24.486628406802232
2,62.0,0.10916150033046935,0.10634447496988922,24.321562271172926
2,63.0,0.10769000893690266,0.10553147687221442,24.158282924681767
2,64.0,0.10623475189859591,0.1047480836447964,23.996804971613038
2,65.0,0.10479583902560977,0.10399342562130304,23.837140596689704
2,66.0,0.10337336197721453,0.10326659343995133,23.679299970590158
2,67.0,0.10196738395498162,0.10256671660236974,23.5232901062751
2,68.0,0.10057794410113938,0.10189308741564145,23.369115347036956
2,69.0,0.09920506516342413,0.10124488287944107,23.21677821700571
2,70.0,0.09784874898224984,0.1006212834569902,23.06627892039702
2,71.0,0.09650898488976987,0.10002161373211206,22.917616273487333
2,72.0,0.09518574499269403,0.09944518682290218,22.770787181186705
2,73.0,0.09387898011984436,0.09889123230584268,22.62578618737231
2,74.0,0.09258863763659846,0.09835911367354311,22.48260745161124
2,75.0,0.09131465575863934,0.09784823901342597,22.341244118203935
2,76.0,0.09005694211112765,0.09735788499249688,22.201685937071137
2,77.0,0.08881541652309315,0.09688749069565329,22.063924012297
2,78.0,0.08758998714192082,0.09643650539320267,21.927948151749217
2,79.0,0.08638052561106759,0.0960042499340675,21.793744112753615
2,80.0,0.0851869457555101,0.09559028236683788,21.661302333173744
2,81.0,0.08400911596812108,0.09519402695880715,21.53060820964471
2,82.0,0.08284689242808402,0.09481489327305348,21.401645783548606
2,83.0,0.08170017960445917,0.09445250547021489,21.27440445459957
2,84.0,0.08056880908423505,0.09410626906819347,21.148865535385234
2,85.0,0.07945265224781344,0.09377574194957393,21.02501475404235
2,86.0,0.07835157756983457,0.09346050946838386,20.90283751627911
2,87.0,0.0772654009933385,0.09316001940933631,20.78231339880234
2,88.0,0.07619402206910471,0.09287397476085921,20.663431255584847
2,89.0,0.07513724170500943,0.09260184029681764,20.546168995004493
2,90.0,0.07409493483433259,0.092343276097016,20.430512739431805
2,91.0,0.07306693965468404,0.09209788403733334,20.31644453498092
2,92.0,0.07205307359284975,0.0918652195932482,20.203944122997793
2,93.0,0.07105322433991106,0.09164501997645798,20.092999041481693
2,94.0,0.07006717213881618,0.09143679559596875,19.98358490579266
2,95.0,0.06909482300516125,0.0912403344915428,19.875691287251264
2,96.0,0.06813594957302406,0.09105516829083624,19.76929295692355
2,97.0,0.06719045248266908,0.0908810812654527,19.664378889673554
2,98.0,0.06625812292144838,0.0907176723351972,19.56092591527217
2,99.0,0.06533882646577736,0.09056467158756705,19.458919117835332
2,100.0,0.06443239679864896,0.09042177620920017,19.358340042527125
2,101.0,0.06353866173176623,0.09028866504894664,19.259169583022672
2,102.0,0.06265748979210718,0.09016510882860347,19.16139315083768
2,103.0,0.06178868341419447,0.09005076064190351,19.06498882374943
2,104.0,0.06093213394044793,0.0899454382620613,18.969944544916316
2,105.0,0.06008762941894007,0.08984878826924328,18.8762367957691
2,106.0,0.05925507566120731,0.08976065848186311,18.783855124985504
2,107.0,0.05843425407276232,0.08968070066471212,18.692775276925854
2,108.0,0.057625078993165324,0.08960878159338927,18.60298774655282
2,109.0,0.056827331086963334,0.08954456572239002,18.514468196007826
2,110.0,0.056040928207910845,0.08948793046544472,18.42720751019489
2,111.0,0.055265655913104006,0.0894385592298441,18.34118189414155
2,112.0,0.05450142986216211,0.08939633175400459,18.256381989286613
2,113.0,0.0537480475614143,0.08936095799729692,18.17278532656611
2,114.0,0.05300541435716126,0.08933230931112972,18.09038140303438
2,115.0,0.05227334994709432,0.08931013337293821,18.009150212021126
2,116.0,0.051551737065149976,0.08929427796748303,17.929078741471866
2,117.0,0.050840432823560947,0.08928454513278788,17.850151136301477
2,118.0,0.05013927907822191,0.08928073767716733,17.772349848554022
2,119.0,0.04944819235672574,0.08928273573227688,17.69566561598022
2,120.0,0.048766964189178676,0.08929028617520204,17.620075306383608
2,121.0,0.04809555138885404,0.08930332490561532,17.54557412768688
2,122.0,0.047433725845200704,0.0893215775580055,17.472136768330703
2,123.0,0.04678145943449272,0.08934500459758422,17.399760107655585
2,124.0,0.046138529490347004,0.089373340677601,17.32841943819692
2,125.0,0.04550489244810249,0.08940653421361447,17.258109925941124
2,126.0,0.04488036764292006,0.08944437016585435,17.188811523990882
2,127.0,0.04426485239917272,0.0894867361741699,17.120512839272912
2,128.0,0.04365825895734874,0.08953352165549286,17.053204133833066
2,129.0,0.043060397793976066,0.08958452273038311,16.986864377804103
2,130.0,0.04247124753994535,0.08963970771932661,16.921491200030992
2,131.0,0.041890590418953204,0.08969884060056782,16.857060435661225
2,132.0,0.0413184021406305,0.08976189408003356,16.793569389391507
2,133.0,0.040754513587493324,0.08982868232910274,16.730999295639943
2,134.0,0.04019882173188672,0.08989910194861091,16.669338722271597
2,135.0,0.039651276457529465,0.08997309049104978,16.608582108293263
2,136.0,0.039111674127920076,0.09005044335305241,16.548706857830414
2,137.0,0.038580010707482085,0.09013115235895439,16.489712523088194
2,138.0,0.03805610076267138,0.09021502700459288,16.43157852802515
2,139.0,0.03753987222723452,0.09030199930103856,16.374296876039462
2,140.0,0.037031271007008745,0.09039200548984251,16.31786156474499
2,141.0,0.03653010424371876,0.09048486256684664,16.26225119423869
2,142.0,0.03603637415178135,0.09058056890298023,16.207466010236246
2,143.0,0.03554990961065148,0.0906789562455994,16.153487024892485
2,144.0,0.03507063232484496,0.09077995415610354,16.100305550398865
2,145.0,0.03459851194768208,0.09088352579183051,16.04791821943292
2,146.0,0.03413335396627774,0.09098949260734156,15.996303448493109
2,147.0,0.03367515192217893,0.09109784810244995,15.945460520937802
2,148.0,0.03322378997014884,0.09120847903635497,15.895376582369998
2,149.0,0.03277914269912931,0.0913212765055571,15.84603771695185
2,150.0,0.03234121158046408,0.09143623716573512,15.797444087946324
2,151.0,0.031909823712369445,0.09155320447766065,15.749576509858779
2,152.0,0.031484922377223,0.09167213140915677,15.702428689199241
2,153.0,0.031066486905757088,0.09179299272541337,15.655998332468391
2,154.0,0.030654333513902454,0.0919156305955357,15.610265046653502
2,155.0,0.0302484442131102,0.09204003092673768,15.565226835712641
2,156.0,0.029848769266875696,0.09216614219314712,15.520878180793304
2,157.0,0.029455140772857838,0.09229382751814422,15.477200451148045
2,158.0,0.029067565945151065,0.09242309157336846,15.43419444726582
2,159.0,0.028685947709511786,0.09255384681795838,15.391849397612992
2,160.0,0.028310163923032074,0.09268599675733857,15.350151748991577
2,161.0,0.027940223142761542,0.09281954615788844,15.309102450907272
2,162.0,0.027576004819441637,0.09295439198097973,15.26868812699632
2,163.0,0.027217414232160266,0.09309046163043108,15.228898266854996
2,164.0,0.02686445967086986,0.09322775910150229,15.18973379035141
2,165.0,0.02651701244703929,0.09336617814689387,15.151180417973391
2,166.0,0.02617499147123382,0.09350565833126426,15.1132291518906
2,167.0,0.025838405089758036,0.0936462035958254,15.075880918224088
2,168.0,0.025507127338949397,0.09378771243757286,15.03912173981803
2,169.0,0.02518107949933247,0.09393012761562922,15.002942881817052
2,170.0,0.024860270276547636,0.09407345366362196,14.967345310214762
2,171.0,0.024544586718261846,0.0942176007964869,14.932316491615987
2,172.0,0.024233941804008324,0.0943625070693263,14.89784677007234
2,173.0,0.023928343028314966,0.0945081767915299,14.86393697719019
2,174.0,0.023627703851866005,0.09465454071637022,14.83057751041054
2,175.0,0.023331917034266916,0.09480152393063129,14.79775647014525
2,176.0,0.02304098368419246,0.09494912711101548,14.765473979414876
2,177.0,0.022754863641080654,0.09509731450647256,14.733725581930821
2,178.0,0.0224734145611519,0.09524598844366734,14.702495482969848
2,179.0,0.022196636444406195,0.09539514892259984,14.671783682531961
2,180.0,0.02192451827209318,0.09554478308116332,14.641588957956683
2,181.0,0.021656910100772152,0.09569478772379947,14.611894671248637
2,182.0,0.021393796290498222,0.09584515303772267,14.58269908697125
2,183.0,0.02113518296213371,0.09599588025562286,14.554002884306472
2,184.0,0.02088094143499794,0.09614688012162284,14.52579178461324
2,185.0,0.02063102236198907,0.09629812145680641,14.498060312247878
2,186.0,0.020385431840070273,0.09644960753993824,14.470809143740446
2,187.0,0.020144104267253497,0.09660129007692698,14.444030999775691
2,188.0,0.01990693183722178,0.09675310135645715,14.417713917969703
2,189.0,0.019673914549975118,0.09690504137852872,14.391857898322483
2,190.0,0.01944504825243999,0.09705710345775648,14.366462480001475
2,191.0,0.01922019483124621,0.09720919980387716,14.341512337697324
2,192.0,0.01899933373689361,0.09736131846342143,14.317005191200323
2,193.0,0.018782473241698724,0.09751346338155467,14.292941958421677
2,194.0,0.0185695306176844,0.09766557962459278,14.269313459715411
2,195.0,0.018360421899754384,0.09781761788511587,14.246110378162578
2,196.0,0.01815514708790867,0.09796957816312389,14.223332713763181
2,197.0,0.0179537041067041,0.09812145574466696,14.200980236222291
2,198.0,0.01775596221220653,0.09827317267802525,14.179038437956502
2,199.0,0.017561900098131904,0.09842471731363935,14.157504954781995
2,200.0,0.017371522616074647,0.09857609199989946,14.136380325040465
2,201.0,0.017184779178876237,0.09872726339309747,14.115658935489309
2,202.0,0.017001565591388376,0.09887817401142371,14.09532922444641
2,203.0,0.016821881853611064,0.09902882385487817,14.075391191911773
2,204.0,0.01664573571609484,0.09917921540238538,14.055845697900507
2,205.0,0.0164730224815605,0.09932928886120168,14.03668112501314
2,206.0,0.016303693260197823,0.09947901877107804,14.017892048347905
2,207.0,0.016137748052006802,0.09962840513201443,13.999478467904805
2,208.0,0.015975184426800154,0.09977744372895946,13.981440114025865
2,209.0,0.015815880445193786,0.09992607007963238,13.963763456096466
2,210.0,0.01565981863217296,0.1000742756804643,13.946446555057376
2,211.0,0.015506998987737669,0.10022206053145524,13.929489410908593
2,212.0,0.015357403304303128,0.1003694116651432,13.912890003303575
2,213.0,0.015210913213692757,0.10051627091381723,13.896635197895357
2,214.0,0.015067527334298468,0.10066263765773176,13.88072484137821
2,215.0,0.01492725130038865,0.10080851418683565,13.865159558940743
2,216.0,0.014790033804987281,0.10095387279668079,13.8499336574681
2,217.0,0.014655786342371984,0.10109867246612785,13.835037316205245
2,218.0,0.01452450891254276,0.10124291319517684,13.82047053515218
2,219.0,0.014396209392224567,0.10138659783167009,13.806234188324556
2,220.0,0.014270816403549259,0.10152969156229986,13.792320355505014
2,221.0,0.01414826293543091,0.10167216510806885,13.778721601022266
2,222.0,0.014028548987869519,0.10181401846897706,13.765437924876311
2,223.0,0.013911682647905219,0.10195525422099543,13.752470224419744
2,224.0,0.013797583176393454,0.1020958358977607,13.739809540691061
2,225.0,0.013686196261662295,0.10223574120550653,13.727449847168911
2,226.0,0.013577521903711746,0.10237497014423293,13.715391143853287
2,227.0,0.013471567898712943,0.1025135249364472,13.703634295821445
2,228.0,0.013368250878612193,0.10265137052981879,13.692170052403359
2,229.0,0.01326752287713035,0.10278848849590375,13.680993091173946
2,230.0,0.013169383894267413,0.10292487883470208,13.670103412133194
2,231.0,0.01307384156819983,0.10306054357856112,13.659501862826982
2,232.0,0.01298081453008406,0.10319545087375842,13.649179414421265
2,233.0,0.012890256270594373,0.10332958407117052,13.639130906157133
2,234.0,0.012802166789730767,0.10346294317079739,13.629356338034588
2,235.0,0.012716553702164644,0.1035955301329171,13.61985655499134
2,236.0,0.012633341515980716,0.10372731748526427,13.610623180307936
2,237.0,0.012552481035586512,0.10385828891564139,13.601650755152441
2,238.0,0.012473972260982034,0.10398844442404845,13.592939279524867
2,239.0,0.012397822497585557,0.10411778584012114,13.584489564047637
2,240.0,0.012323966196177358,0.1042462910149662,13.576294335260771
2,241.0,0.012252347561794023,0.10437394294597728,13.568347402054211
2,242.0,0.012182966594435551,0.10450074163315438,13.560648764427961
2,243.0,0.012115829319651564,0.10462668851963552,13.553199090987905
2,244.0,0.012050885010192827,0.10475176761392677,13.545992752946715
2,245.0,0.011988067229787493,0.10487596049939317,13.539022378415506
2,246.0,0.01192737597843556,0.10499926717603471,13.532287967394279
2,247.0,0.01186881419040066,0.10512168829882143,13.525789845474236
2,248.0,0.011812352058532287,0.10524321473981481,13.519524705200043
2,249.0,0.011757908087102144,0.10536382621815762,13.513483503658284
2,250.0,0.011705482276110235,0.1054835227338499,13.507666240848966
2,251.0,0.011655074625556556,0.1056023042868916,13.502072916772086
2,252.0,0.011606675136976457,0.1057201673161923,13.496702421979919
2,253.0,0.011560190979782142,0.10583709128143172,13.491544455822545
2,254.0,0.011515619256311125,0.10595307559659008,13.4865986967701
2,255.0,0.011472959966563405,0.10606812026166741,13.481865144822573
2,256.0,0.011432212199410553,0.10618222420137684,13.477343698879514
2,257.0,0.011393286112272902,0.10629536993974771,13.47302438984578
2,258.0,0.011356169252595208,0.10640755526424321,13.468905835963321
2,259.0,0.01132086162037747,0.10651878017486331,13.464988037232137
2,260.0,0.01128736822263334,0.10662904492708002,13.46127154923952
2,261.0,0.011255610007572392,0.10673833631187477,13.457747600255825
2,262.0,0.011225560220589367,0.10684665030277471,13.454413221541659
2,263.0,0.011197218861684267,0.10695398689977988,13.451268413097022
2,264.0,0.011170592448093306,0.1070603466716657,13.448313898086235
2,265.0,0.011145622840728385,0.10716572140860671,13.44554322529093
2,266.0,0.011122263164867724,0.10727010541910512,13.44295119340719
2,267.0,0.011100513420511323,0.10737349870316093,13.44053780243502
2,268.0,0.01108037597449727,0.10747590143658979,13.438303315003047
2,269.0,0.01106182611885425,0.10757731035224398,13.436244989470094
2,270.0,0.01104478990773357,0.10767771872405625,13.434354620671042
2,271.0,0.011029267341135232,0.10777712655202663,13.432632208605895
2,272.0,0.011015258419059232,0.10787553383615511,13.43107775327465
2,273.0,0.011002760682503105,0.10797293976474978,13.429690981821942
2,274.0,0.010991691173690778,0.10806933915655091,13.428462689102894
2,275.0,0.010982041150718781,0.10816473157411044,13.427391905100093
2,276.0,0.010973810613587116,0.10825911701742837,13.426478629813534
2,277.0,0.010967005003403626,0.10835249530115268,13.425723466998384
2,278.0,0.010961554964344271,0.10844486404620925,13.425118720806966
2,279.0,0.010957432312172981,0.10853622264963547,13.424661263865472
2,280.0,0.01095463704688976,0.10862657111143133,13.424351096173897
2,281.0,0.010953173755018768,0.10871590930824597,13.424188726661262
2,282.0,0.010953005199684002,0.10880423679498809,13.424170023456453
2,283.0,0.010954073936715445,0.10889155411570361,13.42428861245047
2,284.0,0.010956379966113096,0.10897786127039256,13.424544493643305
2,285.0,0.010959923287876957,0.10906315825905494,13.424937667034971
2,286.0,0.010964700602421799,0.10914744466164174,13.425467766497512
2,287.0,0.010970633732702817,0.10923072356778575,13.42612611736464
2,288.0,0.010977716023428374,0.10931299531012251,13.426911981153166
2,289.0,0.010985947474598468,0.10939425988865197,13.427825357863084
2,290.0,0.010995333801881878,0.109474516635768,13.428866881715338
2,291.0,0.011005813167566882,0.10955376974573632,13.430029691085593
2,292.0,0.011017355496112624,0.10963202160756684,13.431310448737438
2,293.0,0.011029960787519106,0.10970927222125956,13.432709154670878
2,294.0,0.011043630636597744,0.10978552139095604,13.43422598584906
2,295.0,0.011058346820815659,0.10986077049454504,13.435858920266787
2,296.0,0.011074041690330213,0.10993502706859778,13.437600451375165
2,297.0,0.011090715245141403,0.1100082911131143,13.439450579174181
2,298.0,0.01110836748524923,0.11008056262809457,13.441409303663848
2,299.0,0.01112700190995352,0.11015184079215876,13.443477013132796
2,300.0,0.011146550508846617,0.1102221351593548,13.445646161023186
2,301.0,0.011166995434649666,0.1102914484100883,13.447914766968676
2,302.0,0.011188336687362669,0.11035978054435927,13.450282830969263
2,303.0,0.011210577962975846,0.11042713084000676,13.452750763138713
2,304.0,0.011233690160374102,0.11049350399704261,13.455315334364654
2,305.0,0.011257618257831411,0.11055891003810882,13.457970439336853
2,306.0,0.011282362255347777,0.11062334896320539,13.460716078055308
2,307.0,0.011307922152923193,0.11068682077233231,13.463552250520022
2,308.0,0.011334300994820265,0.1107493244978282,13.466479294527876
2,309.0,0.011361432792951872,0.11081087414851289,13.469489887921371
2,310.0,0.011389302020953397,0.1108714731648472,13.472582307867011
2,311.0,0.011417908678824841,0.11093112154683114,13.475756554364793
2,312.0,0.011447255442823831,0.1109898185826387,13.479012924377104
2,313.0,0.011477320254643979,0.11104756931930244,13.482348970274373
2,314.0,0.011508046020222039,0.11110438827815403,13.485758356796074
2,315.0,0.01153943273955801,0.11116027545919342,13.489241083942208
2,316.0,0.011571480412651894,0.11121523086242066,13.492797151712777
2,317.0,0.01160419403780568,0.11126925281491228,13.496427114728409
2,318.0,0.011637516547723702,0.11132235753432516,13.50012464069876
2,319.0,0.011671425578483169,0.11137455160060737,13.503887248082505
2,320.0,0.01170592113008408,0.1114258350137589,13.507714936879651
2,321.0,0.011741003202526435,0.11147620777377973,13.511607707090194
2,322.0,0.01177666827185658,0.11152567058377455,13.515565167689857
2,323.0,0.011812850904932778,0.11157424488937613,13.519580058098894
2,324.0,0.011849547729331054,0.11162193182667011,13.52365200410704
2,325.0,0.011886758745051408,0.11166873139565647,13.52778100571429
2,326.0,0.01192448840224699,0.11171464188320711,13.531967556717689
2,327.0,0.011962705054103726,0.11175967445099867,13.536208145529509
2,328.0,0.012001365741761083,0.11180384498558425,13.540498005356886
2,329.0,0.012040470465219064,0.11184715348696386,13.544837136199819
2,330.0,0.012080019224477665,0.11188959995513749,13.54922553805831
2,331.0,0.012120017183178074,0.1119311820783641,13.55366378389932
2,332.0,0.012160413598797003,0.11197192023453904,13.558146243240694
2,333.0,0.012201186148955117,0.11201182363054266,13.562670439150844
2,334.0,0.012242334833652413,0.11205089226637494,13.567236371629772
2,335.0,0.012283859652888892,0.11208912614203588,13.57184404067747
2,336.0,0.012325762837080154,0.11212652392287381,13.5764936937849
2,337.0,0.012367986747313821,0.11216311139869994,13.581178935234078
2,338.0,0.012410521234226639,0.11219889320989342,13.585898638833314
2,339.0,0.012453366297818607,0.1122338693564542,13.590652804582605
2,340.0,0.012496521938089727,0.11226803983838231,13.595441432481946
2,341.0,0.012539986575176963,0.11230140500024564,13.600264347226885
2,342.0,0.01258370227487456,0.11233399347946181,13.60511512033316
2,343.0,0.012627665433988201,0.11236580709298774,13.609993351983814
2,344.0,0.012671876052517886,0.11239684584082346,13.614899042178846
2,345.0,0.012716334130463617,0.11242710972296896,13.619832190918263
2,346.0,0.012761035382340196,0.11245660054949387,13.624792322676866
2,347.0,0.012805924107148935,0.11248534856506348,13.629773256771102
2,348.0,0.012850999719088084,0.11251335409394325,13.634774928199347
2,349.0,0.012896262218157643,0.11254061713613317,13.63979733696161
2,350.0,0.012941711792428815,0.11256713757788193,13.644840503926591
2,351.0,0.012987343098830113,0.11259291804674017,13.649903836217435
2,352.0,0.013033103375687185,0.11261798985981601,13.654981479303316
2,353.0,0.013078992623000031,0.11264235301710943,13.660073433184238
2,354.0,0.013125010840768652,0.11266600751862044,13.665179697860198
2,355.0,0.013171158028993048,0.11268895336434905,13.670300273331197
2,356.0,0.013217431295499514,0.1127111919020737,13.675434838676408
2,357.0,0.013263779249522519,0.11273275636571976,13.680577691483544
2,358.0,0.013310201028854319,0.11275364732287803,13.685728736080467
2,359.0,0.013356696633494914,0.11277386477354846,13.690887972467184
2,360.0,0.013403266063444302,0.1127934087177311,13.69605540064369
2,361.0,0.013449909890325837,0.11281227831135754,13.70123108403835
2,362.0,0.013496579490064308,0.1128305077230383,13.706409627235823
2,363.0,0.013543270661646045,0.11284809995646265,13.711590564084046
2,364.0,0.01358998340507105,0.11286505501163058,13.716773894583019
2,365.0,0.01363671772033932,0.11288137288854208,13.721959618732733
2,366.0,0.013683477467601655,0.11289705030792634,13.727148164862504
2,367.0,0.013730220689840948,0.1129121192564742,13.732334877345831
2,368.0,0.013776936245419648,0.11292658838797091,13.73751851988646
2,369.0,0.013823624134337754,0.11294045770241651,13.742699092484392
2,370.0,0.013870284356595266,0.11295372719981096,13.747876595139623
2,371.0,0.013916921278803,0.11296639306249306,13.753051512379185
2,372.0,0.013963508173272467,0.112978477277366,13.758220878450427
2,373.0,0.01401002130273752,0.11298999991628574,13.76338205942336
2,374.0,0.014056460667198161,0.11300096097925229,13.768535055297988
2,375.0,0.014102826266654387,0.11301136046626566,13.773679866074309
2,376.0,0.0141491181011062,0.11302119837732583,13.77881649175232
2,377.0,0.014195335559499625,0.1130304746939512,13.78394486452837
2,378.0,0.014241437595881224,0.11303922729118848,13.789060429869227
2,379.0,0.014287423034869382,0.11304745727261084,13.79416305735242
2,380.0,0.014333291876464104,0.11305516463821826,13.79925274697795
2,381.0,0.014379044120665386,0.11306234938801075,13.804329498745815
2,382.0,0.014424684015405611,0.11306900697889924,13.809393784014281
2,383.0,0.014470184237369928,0.11307516470602609,13.814442570938901
2,384.0,0.014515528420407889,0.11308083932719165,13.819474043502035
2,385.0,0.014560716564519493,0.11308603084239593,13.82448820170367
2,386.0,0.014605748669704741,0.11309073925163893,13.829485045543814
2,387.0,0.014650624735963631,0.11309496455492063,13.834464575022466
2,388.0,0.01469534653140532,0.11309870420547999,13.839426986332214
2,389.0,0.014739879835173707,0.11310199665097095,13.844368482264967
2,390.0,0.014784221171647977,0.11310484587149103,13.84928867715956
2,391.0,0.01482837054082813,0.11310725186704024,13.85418757101599
2,392.0,0.014872327942714165,0.11310921463761855,13.85906516383426
2,393.0,0.014916094648979809,0.11311073253548722,13.863921596721575
2,394.0,0.014959664608557948,0.11311181242803911,13.868756198240598
2,395.0,0.015003010303347912,0.11311248915906148,13.873565914933103
2,396.0,0.015046131733349701,0.11311276272855433,13.878350746799082
2,397.0,0.015089028898563317,0.11311263313651769,13.883110693838544
2,398.0,0.015131701798988758,0.11311210038295152,13.887845756051487
2,399.0,0.015174152841222924,0.11311116089760695,13.892556200478255
2,400.0,0.015216370577078357,0.11310983024777842,13.897240756807264
2,401.0,0.015258335492202825,0.11310813648259163,13.901897259690687
2,402.0,0.015300047586596326,0.11310607960204659,13.906525709128534
2,403.0,0.01534150686025886,0.11310365960614333,13.911126105120799
2,404.0,0.01538271331319043,0.11310087649488179,13.915698447667483
2,405.0,0.01542366901807493,0.11309772671101602,13.920242966757343
2,406.0,0.01546436448051538,0.1130942249716747,13.924758608874914
2,407.0,0.015504782408423182,0.11309039993422138,13.929243455258767
2,408.0,0.015544922801798335,0.113086251598656,13.933697505908912
2,409.0,0.01558478566064084,0.1130817799649786,13.938120760825337
2,410.0,0.015624370984950694,0.11307698503318918,13.942513220008047
2,411.0,0.015663679341040754,0.11307186566132428,13.946874946296145
2,412.0,0.015702708511807065,0.11306642497285299,13.95120569367576
2,413.0,0.015741439363142443,0.11306070034995697,13.955503338991754
2,414.0,0.015779871895046888,0.11305469179263622,13.95976788224413
2,415.0,0.0158180061075204,0.11304839930089074,13.963999323432878
2,416.0,0.01585584200056298,0.11304182287472053,13.968197662558007
2,417.0,0.015893379574174624,0.11303496251412559,13.972362899619515
2,418.0,0.015930620555067086,0.11302781311586639,13.976495226216457
2,419.0,0.015967549206038774,0.11302041166349529,13.980592896120491
2,420.0,0.016004162749571824,0.11301276494859006,13.9846556011332
2,421.0,0.016040461185666228,0.11300487297115072,13.988683341254587
2,422.0,0.016076444514321993,0.11299673573117727,13.992676116484652
2,423.0,0.016112112735539114,0.11298835322866971,13.996633926823398
2,424.0,0.016147467093111507,0.1129797212605658,14.000556910284445
2,425.0,0.0161825019200494,0.11297085561316453,14.004444438048361
2,426.0,0.01621720889136542,0.11296178243136785,14.008295586359482
2,427.0,0.016251588007059573,0.11295250171517573,14.012110355217814
2,428.0,0.016285639267131852,0.1129430134645882,14.015888744623362
2,429.0,0.016319362671582262,0.11293331767960524,14.019630754576118
2,430.0,0.016352758220410806,0.11292341436022685,14.023336385076085
2,431.0,0.016385826917356808,0.11291329748279061,14.027005747499992
2,432.0,0.016418561480744207,0.11290299821426406,14.030638033859896
2,433.0,0.01645095949018127,0.11289252793109283,14.034232975584748
2,434.0,0.016483020945668,0.11288188663327695,14.037790572674558
2,435.0,0.016514745847204398,0.11287107432081639,14.041310825129317
2,436.0,0.01654613419479046,0.11286009099371117,14.044793732949024
2,437.0,0.01657718598842619,0.11284893665196127,14.048239296133687
2,438.0,0.016607901389311612,0.11283760575311975,14.05164753257035
2,439.0,0.01663827617181047,0.11282613288369255,14.055017973374765
2,440.0,0.016668309719637356,0.11281452403661509,14.058350550162793
2,441.0,0.016698002032792272,0.1128027792118874,14.061645262934436
2,442.0,0.016727353111275222,0.11279089840950947,14.064902111689692
2,443.0,0.0167563629550862,0.11277888162948131,14.06812109642856
2,444.0,0.016785031564225207,0.1127667288718029,14.07130221715104
2,445.0,0.016813358467167493,0.11275443444363371,14.074445421535897
2,446.0,0.01684134331654947,0.11274203084907158,14.07755067103903
2,447.0,0.016868986183333323,0.11272952455279647,14.080617973534542
2,448.0,0.01689628706751905,0.11271691555480837,14.08364732902243
2,449.0,0.016923245969106653,0.11270420385510728,14.086638737502687
2,450.0,0.016949862888096134,0.1126913894536932,14.08959219897532
2,451.0,0.016976137824487487,0.11267847235056613,14.092507713440325
2,452.0,0.01700206975798632,0.11266544681113766,14.095385167683999
2,453.0,0.017027661116467606,0.11265233730441057,14.09822483110773
2,454.0,0.017052913530078876,0.11263915633800115,14.101026884595637
2,455.0,0.01707782699882013,0.11262590391190938,14.103791328147727
2,456.0,0.017102401522691376,0.11261258002613529,14.106518161763995
2,457.0,0.017126637101692606,0.11259918468067887,14.109207385444442
2,458.0,0.01715053373582382,0.1125857178755401,14.11185899918907
2,459.0,0.01717409077471302,0.11257217734881624,14.114472930831425
2,460.0,0.01719730870546554,0.11255856820607699,14.117049234421597
2,461.0,0.01722019429835161,0.11254491655737354,14.119588661201009
2,462.0,0.017242747553371213,0.1125312224027059,14.122091211169664
2,463.0,0.017264968470524358,0.11251748574207406,14.124556884327564
2,464.0,0.017286857049811047,0.11250370657547802,14.12698568067471
2,465.0,0.017308413291231273,0.11248988490291778,14.129377600211098
2,466.0,0.01732963719478504,0.11247602072439333,14.131732642936734
2,467.0,0.01735052620678135,0.11246210881649994,14.134050525489439
2,468.0,0.01737108891443485,0.11244817167255756,14.136332200722086
2,469.0,0.01739132917354202,0.11243421846735546,14.138578096480822
2,470.0,0.01741124698410287,0.11242024920089361,14.140788212765653
2,471.0,0.01743084234611739,0.11240626387317201,14.142962549576573
2,472.0,0.01745011525958558,0.11239226248419067,14.145101106913591
2,473.0,0.01746906572450745,0.1123782450339496,14.147203884776697
2,474.0,0.01748769374088299,0.11236421152244878,14.149270883165899
2,475.0,0.017505996093367584,0.11235015778881559,14.151301745300739
2,476.0,0.017523987515162803,0.11233610960956314,14.15329810600391
2,477.0,0.017541669308711916,0.11232206913258432,14.155260109796869
2,478.0,0.017559041474014925,0.1123080363578791,14.15718775667963
2,479.0,0.017576104011071833,0.11229401128544751,14.15908104665218
2,480.0,0.017592856919882632,0.11227999391528953,14.16093997971452
2,481.0,0.017609300200447327,0.11226598424740518,14.162764555866657
2,482.0,0.01762543372283819,0.11225198212399438,14.164554760691567
2,483.0,0.01764125454815013,0.11223798515336392,14.166310268083034
2,484.0,0.017656781094548272,0.11222401685486533,14.168033121753966
2,485.0,0.017672013362032616,0.11221007722849859,14.169723321704371
2,486.0,0.01768695135060316,0.11219616627426371,14.171380867934241
2,487.0,0.01770159506025991,0.11218228399216068,14.173005760443576
2,488.0,0.01771594449100286,0.11216843038218953,14.174597999232377
2,489.0,0.017729999642832013,0.11215460544435023,14.176157584300652
2,490.0,0.017743760246016187,0.11214080892870774,14.177684485718535
2,491.0,0.017757223382075957,0.11212703913423598,14.179178379646263
2,492.0,0.017770409684082902,0.11211331614014543,14.180641555566794
2,493.0,0.017783319152037024,0.11209963994643608,14.182074013480113
2,494.0,0.017795951785938326,0.11208601055310793,14.183475753386228
2,495.0,0.0178083075857868,0.11207242796016101,14.184846775285136
2,496.0,0.01782038655158245,0.11205889216759528,14.18618707917684
2,497.0,0.01783218868332528,0.11204540317541074,14.187496665061335
2,498.0,0.017843713981015284,0.11203196098360743,14.188775532938621
2,499.0,0.01785495782809115,0.11201856298622166,14.190023170546711
2,500.0,0.017865942668514784,0.11200522617814854,14.191242068308208
2,501.0,0.017876669770904952,0.11199195147191622,14.192432366991344
2,502.0,0.017887139135261645,0.1119787388675247,14.193594066596123
2,503.0,0.017897350761584867,0.11196558836497397,14.194727167122538
2,504.0,0.01790730464987462,0.11195249996426405,14.195831668570596
2,505.0,0.0179170008001309,0.11193947366539493,14.196907570940292
2,506.0,0.01792643921235371,0.1119265094683666,14.197954874231627
2,507.0,0.01793561457745031,0.11191360482353642,14.19897298933807
2,508.0,0.017944547091030914,0.11190077179519949,14.199964157201057
2,509.0,0.017953242177318345,0.11188801341370846,14.200928979702162
2,510.0,0.017961699836312607,0.11187532967906333,14.201867456841386
2,511.0,0.0179699200680137,0.11186272059126409,14.202779588618734
2,512.0,0.017977902872421618,0.11185018615031075,14.203665375034195
2,513.0,0.017985648249536367,0.11183772635620332,14.204524816087776
2,514.0,0.017993156199357947,0.11182534120894178,14.205357911779478
2,515.0,0.018000422463918028,0.1118130290599993,14.20616418963743
2,516.0,0.018007458658465328,0.11180079559475171,14.206944938510642
2,517.0,0.018014278537353004,0.1117886466804016,14.207701684607015
2,518.0,0.018020882100581056,0.11177658231694897,14.208434427926552
2,519.0,0.01802726934814948,0.11176460250439381,14.209143168469245
2,520.0,0.018033440280058276,0.11175270724273613,14.209827906235107
2,521.0,0.01803939489630745,0.11174089653197593,14.210488641224126
2,522.0,0.018045133196896993,0.1117291703721132,14.211125373436305
2,523.0,0.018050655181826913,0.11171752876314796,14.211738102871648
2,524.0,0.018055955621106106,0.11170597070552826,14.212326249200883
2,525.0,0.018061060463029778,0.11169450437363557,14.212892691693765
2,526.0,0.018065970520421568,0.11168313000518298,14.2134375205427
2,527.0,0.018070685793281478,0.11167184760017049,14.213960735747666
2,528.0,0.01807520628160951,0.11166065715859808,14.214462337308671
2,529.0,0.01807953198540566,0.11164955868046578,14.21494232522572
2,530.0,0.01808366290466993,0.11163855216577355,14.215400699498806
2,531.0,0.01808759903940232,0.11162763761452144,14.215837460127931
2,532.0,0.018091335602042034,0.11161681422350864,14.216252075876689
2,533.0,0.018094886207790428,0.11160608532180925,14.216646057512449
2,534.0,0.018098263636019903,0.11159545347749139,14.217020823057489
2,535.0,0.018101467886730456,0.11158491869055505,14.217376372511803
2,536.0,0.01810449895992209,0.11157448096100023,14.217712705875396
2,537.0,0.0181073568555948,0.11156414028882693,14.21802982314827
2,538.0,0.01811004157374859,0.11155389667403515,14.218327724330416
2,539.0,0.018112553114383458,0.11154375011662487,14.218606409421836
2,540.0,0.018114891477499406,0.11153370061659613,14.218865878422543
2,541.0,0.018117050805090244,0.11152374792134603,14.21910548131756
2,542.0,0.018119054439895248,0.11151389485941544,14.219327808259463
2,543.0,0.018120906276099944,0.11150414181769984,14.21953329135412
2,544.0,0.018122606313704333,0.11149448879619925,14.21972193060153
2,545.0,0.018124154552708414,0.11148493579491364,14.219893726001699
2,546.0,0.018125550993112187,0.11147548281384304,14.220048677554617
2,547.0,0.018126795634915656,0.11146612985298741,14.220186785260292
2,548.0,0.018127888478118814,0.1114568769123468,14.220308049118724
2,549.0,0.018128829072921918,0.11144772398935099,14.220412419219311
2,550.0,0.01812961373741016,0.11143867153000611,14.220499487010136
2,551.0,0.018130267489144293,0.11142972011768502,14.220572028484986
2,552.0,0.018130790328124317,0.11142086975238773,14.22063004364386
2,553.0,0.01813118225435023,0.11141212043411423,14.220673532486755
2,554.0,0.01813144326782204,0.11140347216286453,14.220702495013681
2,555.0,0.01813157336853974,0.11139492493863862,14.220716931224626
2,556.0,0.018131572556503328,0.1113864787614365,14.220716841119597
2,557.0,0.018131440831712812,0.11137813363125817,14.220702224698591
2,558.0,0.018131176229899397,0.11136988970699882,14.220672864002799
2,559.0,0.018130780358491222,0.11136174738362042,14.220628937395336
2,560.0,0.01813027373896256,0.11135370539553334,14.220572721976124
2,561.0,0.01812965637131341,0.11134576374273758,14.220504217745155
2,562.0,0.01812892825554378,0.11133792242523315,14.220423424702425
2,563.0,0.01812808939165366,0.11133018144302004,14.220330342847937
2,564.0,0.018127139779643055,0.11132254079609824,14.220224972181695
2,565.0,0.018126079419511967,0.11131500048446777,14.220107312703695
2,566.0,0.01812490831126039,0.11130756050812861,14.219977364413936
2,567.0,0.018123624974380123,0.11130022110573703,14.219834963032554
2,568.0,0.018122229309958417,0.1112929827634861,14.219680097584003
2,569.0,0.018120742146575955,0.11128584250249458,14.219515079245282
2,570.0,0.01811916348423273,0.11127880032276248,14.219339908016375
2,571.0,0.01811749332292875,0.11127185622428978,14.219154583897295
2,572.0,0.018115731662664013,0.1112650102070765,14.218959106888038
2,573.0,0.018113878503438516,0.11125826227112265,14.218753476988597
2,574.0,0.01811193384525226,0.11125161241642821,14.218537694198979
2,575.0,0.018109897688105246,0.11124506064299318,14.218311758519185
2,576.0,0.018107770031997473,0.11123860695081757,14.218075669949213
2,577.0,0.01810554553133498,0.11123225293500563,14.217828835332286
2,578.0,0.018103246332289526,0.11122599372219145,14.217573712047683
2,579.0,0.01810087380422289,0.11121982898692485,14.217310452042257
2,580.0,0.018098427947135072,0.11121375872920582,14.217039055316015
2,581.0,0.018095908761026073,0.11120778294903433,14.21675952186895
2,582.0,0.018093316245895896,0.1112019016464104,14.216471851701069
2,583.0,0.018090650401744537,0.11119611482133404,14.216176044812366
2,584.0,0.018087911228571996,0.11119042247380524,14.21587210120285
2,585.0,0.018085098726378274,0.111184824603824,14.215560020872507
2,586.0,0.018082208204880358,0.11117932283351276,14.215239283379065
2,587.0,0.018079252966301737,0.11117391339782352,14.21491136476129
2,588.0,0.018076241352899983,0.11116859367387001,14.214577190691179
2,589.0,0.018073173364675097,0.11116336366165222,14.21423676116873
2,590.0,0.018070049001627078,0.11115822336117016,14.21389007619394
2,591.0,0.01806686826375593,0.11115317277242381,14.213537135766812
2,592.0,0.01806363115106165,0.1111482118954132,14.213177939887345
2,593.0,0.01806033766354424,0.1111433407301383,14.212812488555537
2,594.0,0.018056987801203697,0.11113855927659914,14.212440781771395
2,595.0,0.018053581564040022,0.1111338675347957,14.212062819534912
2,596.0,0.01805011399498055,0.11112926786730706,14.21167805180034
2,597.0,0.01804660467173931,0.11112475257978313,14.211288650946239
2,598.0,0.018043054599728346,0.11112032125793482,14.21089472853495
2,599.0,0.018039463778947655,0.1111159739017621,14.210496284566469
2,600.0,0.018035832209397237,0.11111171051126502,14.210093319040798
2,601.0,0.01803215989107709,0.11110753108644353,14.209685831957936
2,602.0,0.01802844682398722,0.11110343562729766,14.209273823317881
2,603.0,0.01802469300812762,0.11109942413382741,14.208857293120639
2,604.0,0.018020898443498294,0.11109549660603277,14.208436241366208
2,605.0,0.018017062199261802,0.11109165352341242,14.208010564767177
2,606.0,0.018013182766391113,0.11108789607957223,14.207580095879182
2,607.0,0.018009276791566647,0.11108421605107113,14.20714668184799
2,608.0,0.018005344274788403,0.11108061343790912,14.206710322673601
2,609.0,0.018001385216056386,0.1110770882400862,14.206271018356015
2,610.0,0.017997399615370592,0.11107364045760236,14.205828768895232
2,611.0,0.01799338747273102,0.11107027009045763,14.205383574291254
2,612.0,0.017989348788137672,0.11106697713865196,14.204935434544073
2,613.0,0.01798528356159055,0.1110637616021854,14.204484349653702
2,614.0,0.017981191793089647,0.11106062348105793,14.20403031962013
2,615.0,0.01797707348263497,0.11105756277526954,14.203573344443365
2,616.0,0.017972924264401727,0.11105458255921621,14.203112939683583
2,617.0,0.017968760890922603,0.11105167277889028,14.20265096423212
2,618.0,0.01796458369083108,0.11104883322964848,14.202187454554734
2,619.0,0.017960392664127158,0.1110460639114908,14.201722410651431
2,620.0,0.01795618781081084,0.11104336482441725,14.201255832522207
2,621.0,0.017951969130882126,0.11104073596842781,14.200787720167062
2,622.0,0.017947736624341015,0.1110381773435225,14.200318073586
2,623.0,0.017943490291187504,0.11103568894970132,14.199846892779014
2,624.0,0.0179392301314216,0.11103327078696427,14.199374177746115
2,625.0,0.017934956145043295,0.11103092285531134,14.198899928487293
2,626.0,0.01793066478041783,0.11102864795326366,14.198423750906736
2,627.0,0.017926365196795177,0.11102643974831249,14.197946661331379
2,628.0,0.017922062954982443,0.11102429412161545,14.19746927679845
2,629.0,0.017917758054979627,0.11102221107317255,14.196991597307937
2,630.0,0.017913450496786727,0.11102019060298378,14.196513622859847
2,631.0,0.017909140280403746,0.11101823271104913,14.19603535345418
2,632.0,0.01790482740583068,0.11101633739736862,14.195556789090933
2,633.0,0.017900511873067536,0.11101450466194224,14.195077929770104
2,634.0,0.017896193682114304,0.11101273450476998,14.194598775491698
2,635.0,0.01789187283297099,0.11101102692585187,14.19411932625571
2,636.0,0.017887549325637596,0.11100938192518786,14.193639582062143
2,637.0,0.017883219544962237,0.11100780307013318,14.193159141767204
2,638.0,0.01787889434471443,0.11100628096201606,14.192679209724794
2,639.0,0.01787457606748832,0.111004813471991,14.192200045873388
2,640.0,0.017870264713283908,0.11100340060005798,14.191721650212997
2,641.0,0.017865960282101193,0.111002042346217,14.191244022743614
2,642.0,0.017861662773940176,0.11100073871046806,14.190767163465239
2,643.0,0.017857372188800857,0.11099948969281118,14.190291072377875
2,644.0,0.01785308852668324,0.11099829529324633,14.18981574948152
2,645.0,0.017848811787587314,0.11099715551177354,14.189341194776171
2,646.0,0.017844541971513087,0.11099607034839279,14.188867408261832
2,647.0,0.01784027907846056,0.11099503980310407,14.188394389938502
2,648.0,0.017836020368758625,0.11099406714399851,14.187921835807321
2,649.0,0.017831772613498414,0.11099314538074298,14.187450497200807
2,650.0,0.01782753974899265,0.11099227012647866,14.186980810899339
2,651.0,0.017823321775241336,0.11099144138120556,14.186512776902918
2,652.0,0.017819118692244472,0.11099065914492368,14.186046395211543
2,653.0,0.01781493050000206,0.11098992341763302,14.185581665825213
2,654.0,0.017810757198514094,0.11098923419933357,14.185118588743928
2,655.0,0.01780659878778058,0.11098859149002534,14.18465716396769
2,656.0,0.017802455267801515,0.11098799528970832,14.184197391496502
2,657.0,0.0177983266385769,0.11098744559838251,14.18373927133036
2,658.0,0.017794212900106732,0.11098694241604792,14.18328280346926
2,659.0,0.017790114052391018,0.11098648574270456,14.182827987913212
2,660.0,0.017786027478914782,0.11098607984751944,14.182374534328973
2,661.0,0.017781961446508045,0.11098571336153557,14.181923360018958
2,662.0,0.017777916646438817,0.11098538528371377,14.18147454168752
2,663.0,0.017773893078707092,0.11098509561405405,14.181028079334649
2,664.0,0.01776989074331288,0.11098484435255643,14.180583972960351
2,665.0,0.01776590964025617,0.1109846314992209,14.180142222564628
2,666.0,0.01776194976953697,0.11098445705404746,14.179702828147478
2,667.0,0.017758011131155278,0.1109843210170361,14.179265789708895
2,668.0,0.017754093725111095,0.11098422338818684,14.178831107248888
2,669.0,0.017750197551404417,0.11098416416749966,14.178398780767452
2,670.0,0.017746322610035246,0.11098414335497457,14.177968810264593
2,671.0,0.017742468901003585,0.11098416095061157,14.177541195740304
2,672.0,0.017738634614456794,0.1109842209182468,14.17711573637006
2,673.0,0.017734824623875295,0.11098431458857287,14.176692972924073
2,674.0,0.017731040582777257,0.11098443873255621,14.176273088879709
2,675.0,0.017727282491162677,0.11098459335019681,14.175856084236957
2,676.0,0.01772355034903155,0.11098477844149467,14.175441958995828
2,677.0,0.017719844156383887,0.11098499400644977,14.175030713156316
2,678.0,0.01771616391321968,0.11098524004506216,14.174622346718422
2,679.0,0.017712509619538932,0.1109855165573318,14.17421685968215
2,680.0,0.01770888127534164,0.1109858235432587,14.173814252047496
2,681.0,0.017705278880627808,0.11098616100284286,14.173414523814461
2,682.0,0.017701702435397433,0.1109865289360843,14.173017674983042
2,683.0,0.017698151939650516,0.11098692734298297,14.172623705553244
2,684.0,0.017694627393387057,0.11098735622353892,14.172232615525065
2,685.0,0.017691127651046752,0.11098782006695261,14.171844277785059
2,686.0,0.017687656478965145,0.1109883083164633,14.171459110252634
2,687.0,0.0176842143677302,0.11098881943333919,14.171077167364322
2,688.0,0.017680801317341916,0.11098935341758027,14.17069844912011
2,689.0,0.017677417327800295,0.11098991026918657,14.170322955520012
2,690.0,0.017674062399105333,0.11099048998815808,14.169950686564015
2,691.0,0.017670736531257034,0.1109910925744948,14.169581642252128
2,692.0,0.0176674397242554,0.11099171802819671,14.169215822584352
2,693.0,0.017664171978100423,0.11099236634926385,14.168853227560676
2,694.0,0.01766093329279211,0.11099303753769618,14.168493857181115
2,695.0,0.01765772366833046,0.11099373159349372,14.168137711445658
2,696.0,0.01765454310471547,0.11099444851665648,14.167784790354304
2,697.0,0.017651391601947144,0.11099518830718443,14.167435093907066
2,698.0,0.017648268955186085,0.11099595302298511,14.167088599374582
2,699.0,0.01764517583313054,0.11099674134773496,14.166745380956819
2,700.0,0.017642113319709905,0.11099754543025482,14.166405558928554
2,701.0,0.017639081414924186,0.11099836527054467,14.166069133289774
2,702.0,0.017636080118773382,0.11099920086860454,14.16573610404049
2,703.0,0.01763310943125749,0.11100005222443439,14.165406471180694
2,704.0,0.01763016935237651,0.11100091933803426,14.165080234710393
2,705.0,0.017627259882130448,0.11100180220940412,14.164757394629579
2,706.0,0.017624381020519296,0.11100270083854398,14.16443795093826
2,707.0,0.01762153276754306,0.11100361522545384,14.164121903636431
2,708.0,0.017618715123201737,0.1110045453701337,14.163809252724093
2,709.0,0.01761592808749533,0.11100549127258356,14.163499998201248
2,710.0,0.017613171660423834,0.11100645293280344,14.163194140067892
2,711.0,0.017610445841987253,0.1110074303507933,14.162891678324028
2,712.0,0.017607750632185587,0.11100842352655316,14.162592612969659
2,713.0,0.017605086852470822,0.1110094369825543,14.162297035154571
2,714.0,0.017602453803301006,0.11101046031836713,14.16200486725634
2,715.0,0.017599851425744426,0.11101149297467018,14.16171610273579
2,716.0,0.017597279719801084,0.11101253495146346,14.161430741592913
2,717.0,0.017594738685470977,0.11101358624874696,14.16114878382772
2,718.0,0.017592228322754106,0.11101464686652068,14.160870229440208
2,719.0,0.017589748631650474,0.11101571680478463,14.160595078430374
2,720.0,0.01758729961216008,0.1110167960635388,14.160323330798217
2,721.0,0.017584881264282922,0.1110178846427832,14.160054986543747
2,722.0,0.017582493588019,0.11101898254251781,14.159790045666956
2,723.0,0.017580136583368315,0.11102008976274266,14.15952850816784
2,724.0,0.017577810250330866,0.11102120630345773,14.159270374046404
2,725.0,0.017575514588906656,0.111022332164663,14.159015643302656
2,726.0,0.017573249599095685,0.11102346734635853,14.15876431593658
2,727.0,0.01757101528089795,0.11102461184854426,14.158516391948185
2,728.0,0.017568813207002855,0.11102576929983851,14.158272045845932
2,729.0,0.017566641284527767,0.1110269326072692,14.158031045399781
2,730.0,0.01756449874738511,0.11102809964538293,14.15779330560326
2,731.0,0.017562385595574888,0.1110292704141797,14.157558826456375
2,732.0,0.017560301829097093,0.11103044491365953,14.15732760795913
2,733.0,0.01755824744795173,0.1110316231438224,14.157099650111515
2,734.0,0.0175562224521388,0.11103280510466831,14.156874952913538
2,735.0,0.017554226841658298,0.11103399079619727,14.156653516365196
2,736.0,0.017552260616510225,0.11103518021840927,14.156435340466489
2,737.0,0.017550323776694587,0.11103637337130433,14.156220425217416
2,738.0,0.01754841632221138,0.11103757025488242,14.15600877061798
2,739.0,0.0175465382530606,0.11103877086914356,14.155800376668175
2,740.0,0.017544689569242256,0.11103997521408775,14.155595243368014
2,741.0,0.01754287027075634,0.11104118328971498,14.15539337071748
2,742.0,0.017541080357602858,0.11104239509602525,14.155194758716586
2,743.0,0.017539319829781803,0.11104361063301857,14.154999407365324
2,744.0,0.017537590959980146,0.11104483278078052,14.154807568845156
2,745.0,0.01753589058240736,0.11104605625968506,14.154618891874238
2,746.0,0.017534217166301158,0.11104727887768957,14.154433206596414
2,747.0,0.017532570711661543,0.1110485006347941,14.154250513011688
2,748.0,0.01753095121848852,0.11104972153099862,14.154070811120057
2,749.0,0.017529358686782077,0.11105094156630314,14.15389410092153
2,750.0,0.017527793116542224,0.11105216074070766,14.153720382416093
2,751.0,0.01752625450776896,0.11105337905421218,14.153549655603758
2,752.0,0.01752474286046228,0.1110545965068167,14.153381920484522
2,753.0,0.01752325817462219,0.11105581309852121,14.153217177058375
2,754.0,0.017521800450248686,0.11105702882932574,14.153055425325332
2,755.0,0.01752036968734177,0.11105824369923024,14.152896665285384
2,756.0,0.01751896588590144,0.11105945770823475,14.152740896938534
2,757.0,0.0175175890459277,0.11106067085633926,14.152588120284781
2,758.0,0.017516239167420542,0.11106188314354376,14.152438335324124
2,759.0,0.017514916250379976,0.11106309456984827,14.152291542056567
2,760.0,0.017513620294805993,0.11106430513525278,14.152147740482103
2,761.0,0.017512354662627485,0.11106551729825243,14.15200730364645
2,762.0,0.01751111369871318,0.11106672591062697,14.151869604046011
2,763.0,0.01750989641988654,0.11106793015782974,14.151734532585733
2,764.0,0.017508702826147558,0.11106913003986073,14.151602089265623
2,765.0,0.017507532917496238,0.11107032555671993,14.151472274085682
2,766.0,0.01750638669393258,0.11107151670840736,14.151345087045904
2,767.0,0.017505264155456585,0.111072703494923,14.15122052814629
2,768.0,0.01750416530206825,0.11107388591626685,14.151098597386843
2,769.0,0.017503090133767576,0.11107506397243894,14.150979294767563
2,770.0,0.017502038650554566,0.11107623766343923,14.150862620288448
2,771.0,0.017501010852429215,0.11107740698926775,14.150748573949498
2,772.0,0.01750000673939153,0.11107857194992449,14.150637155750715
2,773.0,0.017499026311441502,0.11107973254540944,14.150528365692097
2,774.0,0.017498069568579137,0.11108088877572261,14.150422203773642
2,775.0,0.017497136510804433,0.11108204064086401,14.150318669995357
2,776.0,0.017496227138117392,0.11108318814083361,14.150217764357237
2,777.0,0.017495341450518013,0.11108433127563144,14.15011948685928
2,778.0,0.01749448120949802,0.11108547084891333,14.1500240329598
2,779.0,0.01749364595133363,0.11108660620267315,14.14993135120316
2,780.0,0.017492830571616953,0.11108773477632927,14.149840875195038
2,781.0,0.01749203507034799,0.11108885656988171,14.149752604935424
2,782.0,0.01749125944752674,0.11108997158333049,14.149666540424322
2,783.0,0.017490503703153203,0.11109107981667558,14.149582681661734
2,784.0,0.017489767837227374,0.11109218126991699,14.149501028647654
2,785.0,0.017489051849749263,0.11109327594305472,14.149421581382088
2,786.0,0.01748835574071886,0.11109436383608878,14.149344339865037
2,787.0,0.01748767951013617,0.11109544494901916,14.149269304096494
2,788.0,0.017487023158001193,0.11109651928184586,14.149196474076463
2,789.0,0.017486386684313928,0.11109758683456887,14.149125849804946
2,790.0,0.017485770089074374,0.11109864760718821,14.14905743128194
2,791.0,0.017485173372282534,0.11109970159970388,14.148991218507444
2,792.0,0.017484596533938405,0.11110074881211586,14.148927211481466
2,793.0,0.01748403957404199,0.11110178924442417,14.14886541020399
2,794.0,0.017483502492593287,0.11110282289662879,14.148805814675036
2,795.0,0.017482985289592294,0.11110384976872974,14.14874842489459
2,796.0,0.017482489286283025,0.11110487015337635,14.148693387470281
2,797.0,0.017482015421393868,0.11110588394629191,14.148640806565108
2,798.0,0.017481557409170224,0.11110688955516135,14.148589984700374
2,799.0,0.017481115249612086,0.11110788697998468,14.148540921876076
2,800.0,0.017480688942719463,0.11110887622076188,14.148493618092216
2,801.0,0.017480278488492346,0.11110985727749295,14.148448073348796
2,802.0,0.017479883886930742,0.11111083015017792,14.148404287645812
2,803.0,0.017479505138034646,0.11111179483881675,14.148362260983264
2,804.0,0.01747914224180406,0.11111275134340948,14.148321993361154
2,805.0,0.017478795198238983,0.11111369966395607,14.14828348477948
2,806.0,0.017478464007339416,0.11111463980045655,14.148246735238247
2,807.0,0.01747814866910536,0.1111155717529109,14.148211744737448
2,808.0,0.017477849183536814,0.11111649552131914,14.148178513277088
2,809.0,0.017477565550633775,0.11111741110568125,14.148147040857166
2,810.0,0.01747729777039625,0.11111831850599725,14.148117327477678
2,811.0,0.017477045842824234,0.11111921772226713,14.14808937313863
2,812.0,0.017476809767917725,0.11112010875449088,14.14806317784002
2,813.0,0.01747658954567673,0.11112099160266851,14.148038741581848
2,814.0,0.017476385176101242,0.11112186626680003,14.14801606436411
2,815.0,0.01747619960260553,0.11112273278446713,14.147995472793383
2,816.0,0.01747602915144506,0.11112359074074472,14.147976559224327
2,817.0,0.01747587057568166,0.11112443998880683,14.147958963370806
2,818.0,0.017475723875315336,0.11112528052865343,14.147942685232826
2,819.0,0.017475589050346085,0.11112611236028455,14.14792772481038
2,820.0,0.01747546610077391,0.11112693548370016,14.147914082103476
2,821.0,0.017475355026598804,0.11112774989890027,14.147901757112107
2,822.0,0.017475255827820776,0.11112855560588487,14.147890749836277
2,823.0,0.017475168504439823,0.111129352604654,14.147881060275987
2,824.0,0.01747509305645594,0.1111301408952076,14.147872688431235
2,825.0,0.017475029483869135,0.11113092047754573,14.14786563430202
2,826.0,0.0174749777866794,0.11113169135166835,14.147859897888344
2,827.0,0.017474937964886743,0.11113245351757547,14.147855479190206
2,828.0,0.01747491001849116,0.11113320697526709,14.147852378207606
2,829.0,0.01747489394749265,0.11113395172474322,14.147850594940541
2,830.0,0.017474889751891213,0.11113468776600384,14.147850129389019
2,831.0,0.01747489743168685,0.11113541509904896,14.147850981553033
2,832.0,0.01747491698687956,0.1111361337238786,14.147853151432587
2,833.0,0.017474948417469348,0.11113684364049273,14.147856639027678
2,834.0,0.017474993264487752,0.11113754461278465,14.147861615333952
2,835.0,0.017475051593025513,0.11113823639376978,14.147868087574
2,836.0,0.01747511808091939,0.11113891966526426,14.147875465190962
2,837.0,0.01747519272816939,0.11113959442726809,14.147883748184833
2,838.0,0.017475275534775507,0.11114026067978125,14.14789293655562
2,839.0,0.017475366500737746,0.11114091842280376,14.147903030303317
2,840.0,0.017475465626056102,0.11114156765633561,14.147914029427927
2,841.0,0.017475572910730576,0.1111422083803768,14.147925933929452
2,842.0,0.017475688354761168,0.11114284059492734,14.147938743807888
2,843.0,0.01747581195814788,0.11114346429998723,14.147952459063237
2,844.0,0.017475943720890716,0.11114407949555645,14.147967079695498
2,845.0,0.017476083642989665,0.111144686181635,14.147982605704676
2,846.0,0.017476231724444735,0.11114528435822292,14.14799903709076
2,847.0,0.017476387965255923,0.11114587402532017,14.148016373853762
2,848.0,0.017476552365423233,0.11114645518292676,14.148034615993671
2,849.0,0.01747672492494666,0.11114702783104269,14.148053763510497
2,850.0,0.017476905643826205,0.11114759196966797,14.148073816404237
2,851.0,0.01747709452206187,0.1111481475988026,14.148094774674883
2,852.0,0.017477291559653656,0.11114869471844654,14.14811663832245
2,853.0,0.01747749675660156,0.11114923332859986,14.148139407346925
2,854.0,0.017477711523902224,0.1111497629595712,14.14816323831505
2,855.0,0.0174779358949802,0.11115028338225977,14.14818813493568
2,856.0,0.017478165129874736,0.11115079605291041,14.148213571254193
2,857.0,0.01747839922858583,0.1111513009715231,14.148239547270581
2,858.0,0.017478638191113487,0.11115179813809788,14.148266062984858
2,859.0,0.0174788820174577,0.11115228755263469,14.148293118397017
2,860.0,0.017479130707618477,0.11115276921513358,14.14832071350706
2,861.0,0.01747938426159581,0.11115324312559453,14.148348848314983
2,862.0,0.017479642679389708,0.11115370928401754,14.14837752282079
2,863.0,0.017479905961000162,0.11115416769040262,14.148406737024477
2,864.0,0.017480174106427177,0.11115461834474975,14.14843649092605
2,865.0,0.01748044711567075,0.11115506124705896,14.148466784525503
2,866.0,0.017480724988730885,0.11115549639733022,14.148497617822843
2,867.0,0.01748100772560758,0.11115592379556354,14.148528990818061
2,868.0,0.017481295326300834,0.11115634344175893,14.148560903511163
2,869.0,0.01748158779081065,0.11115675533591637,14.148593355902147
2,870.0,0.017481885119137022,0.11115715947803588,14.148626347991014
2,871.0,0.017482187311279956,0.11115755586811746,14.148659879777764
2,872.0,0.017482494367239452,0.1111579445061611,14.148693951262398
2,873.0,0.017482806287015505,0.11115832539216679,14.148728562444914
2,874.0,0.01748312307060812,0.11115869852613455,14.14876371332531
2,875.0,0.017483446360562406,0.11115906301563772,14.148799586163362
2,876.0,0.017483775025394614,0.11115941923277065,14.148836055407596
2,877.0,0.017484105791165952,0.11115976885272894,14.148872757775834
2,878.0,0.017484438657876425,0.11116011187551258,14.14890969326808
2,879.0,0.017484773625526032,0.1111604483011216,14.148946861884328
2,880.0,0.017485110694114774,0.11116077812955596,14.148984263624586
2,881.0,0.017485449863642647,0.11116110136081571,14.149021898488847
2,882.0,0.017485791134109658,0.1111614179949008,14.14905976647712
2,883.0,0.0174861345055158,0.11116172803181126,14.149097867589393
2,884.0,0.017486479977861076,0.11116203147154709,14.149136201825677
2,885.0,0.017486827551145483,0.11116232831410827,14.149174769185965
2,886.0,0.017487177225369025,0.11116261855949482,14.149213569670257
2,887.0,0.017487529000531705,0.11116290220770672,14.149252603278557
2,888.0,0.017487882876633516,0.111163179258744,14.149291870010863
2,889.0,0.017488238853674457,0.11116344971260662,14.149331369867177
2,890.0,0.017488596931654537,0.11116371356929462,14.149371102847494
2,891.0,0.017488957110573747,0.11116397082880797,14.149411068951819
2,892.0,0.017489319390432093,0.11116422149114669,14.149451268180153
2,893.0,0.017489683771229572,0.11116446555631077,14.149491700532488
2,894.0,0.017490050252966183,0.1111647030243002,14.149532366008835
2,895.0,0.01749041883564193,0.11116493389511502,14.149573264609183
2,896.0,0.01749078951925681,0.11116515816875518,14.14961439633354
2,897.0,0.01749116358585916,0.1111653747934213,14.149655903440303
2,898.0,0.017491540231098807,0.11116558416974376,14.149697696677329
2,899.0,0.01749191681915794,0.11116578834716895,14.1497394835695
2,900.0,0.017492293350036554,0.11116598732569685,14.149781264116811
2,901.0,0.017492669823734663,0.11116618110532749,14.149823038319278
2,902.0,0.017493046240252254,0.11116636968606083,14.149864806176884
2,903.0,0.01749342259958933,0.1111665530678969,14.149906567689646
2,904.0,0.017493798901745898,0.11116673125083568,14.149948322857547
2,905.0,0.01749417514672195,0.11116690423487717,14.1499900716806
2,906.0,0.01749455133451749,0.11116707202002139,14.150031814158794
2,907.0,0.017494927465132516,0.11116723460626833,14.150073550292138
2,908.0,0.017495303538567028,0.11116739199361798,14.15011528008063
2,909.0,0.017495679554821026,0.11116754418207037,14.150157003524267
2,910.0,0.017496055513894514,0.11116769117162546,14.150198720623052
2,911.0,0.017496431415787488,0.11116783296228328,14.150240431376986
2,912.0,0.017496807260499948,0.1111679695540438,14.150282135786064
2,913.0,0.017497183048031894,0.11116810094690706,14.150323833850289
2,914.0,0.017497558778383326,0.11116822714087303,14.150365525569661
2,915.0,0.01749793445155425,0.11116834813594172,14.150407210944177
2,916.0,0.017498310067544653,0.11116846393211313,14.150448889973843
2,917.0,0.017498685626354548,0.11116857452938725,14.150490562658657
2,918.0,0.01749906112798393,0.1111686799277641,14.150532228998614
2,919.0,0.017499436572432796,0.11116878012724367,14.150573888993723
2,920.0,0.01749981195970115,0.11116887512782594,14.150615542643978
2,921.0,0.017500189026853467,0.11116896256076247,14.150657382697192
2,922.0,0.017500564710834034,0.11116904605260712,14.150699069271164
2,923.0,0.017500938821908278,0.1111691258414955,14.150740581312615
2,924.0,0.017501311360076204,0.11116920192742762,14.150781918821533
2,925.0,0.017501682325337806,0.11116927431040347,14.150823081797917
2,926.0,0.017502051717693087,0.11116934299042303,14.150864070241774
2,927.0,0.017502419537142048,0.11116940796748633,14.1509048841531
2,928.0,0.017502785783684686,0.11116946924159335,14.150945523531892
2,929.0,0.017503150457321006,0.11116952681274411,14.150985988378158
2,930.0,0.017503513558051003,0.1111695806809386,14.151026278691893
2,931.0,0.017503875085874677,0.1111696308461768,14.151066394473096
2,932.0,0.017504235040792033,0.11116967730845875,14.151106335721769
2,933.0,0.01750459342280307,0.11116972006778442,14.151146102437913
2,934.0,0.01750495023190778,0.11116975912415382,14.151185694621526
2,935.0,0.01750530546810617,0.11116979447756695,14.151225112272607
2,936.0,0.017505659131398243,0.11116982612802381,14.151264355391163
2,937.0,0.017506011221783992,0.11116985407552439,14.151303423977184
2,938.0,0.01750636173926342,0.11116987832006871,14.151342318030679
2,939.0,0.017506710683836527,0.11116989886165675,14.151381037551639
2,940.0,0.017507058055503313,0.11116991570028853,14.15141958254007
2,941.0,0.017507403854263776,0.11116992883596402,14.151457952995973
2,942.0,0.01750774808011792,0.11116993826868325,14.151496148919344
2,943.0,0.01750809073306574,0.11116994399844622,14.151534170310184
2,944.0,0.017508431813107243,0.1111699460252529,14.151572017168496
2,945.0,0.017508771320242422,0.11116994434910332,14.151609689494276
2,946.0,0.017509109844243895,0.1111699373672192,14.151647252729761
2,947.0,0.017509446601942247,0.11116992650707468,14.151684619973059
2,948.0,0.01750978091901106,0.11116991339859714,14.151721716399686
2,949.0,0.017510112795450335,0.1111698980417866,14.151758542009649
2,950.0,0.01751044223126007,0.11116988043664305,14.151795096802942
2,951.0,0.017510769226440268,0.1111698605831665,14.151831380779566
2,952.0,0.017511093780990923,0.11116983848135693,14.151867393939524
2,953.0,0.017511415894912043,0.11116981413121435,14.15190313628281
2,954.0,0.01751173556820362,0.11116978753273876,14.151938607809436
2,955.0,0.01751205280086566,0.11116975868593017,14.151973808519386
2,956.0,0.01751236759289816,0.11116972759078857,14.15200873841267
2,957.0,0.01751267994430112,0.11116969424731395,14.152043397489289
2,958.0,0.01751298985507454,0.11116965865550632,14.152077785749238
2,959.0,0.017513297325218422,0.11116962081536569,14.152111903192518
2,960.0,0.017513602354732764,0.11116958072689205,14.15214574981913
2,961.0,0.017513904943617566,0.1111695383900854,14.152179325629078
2,962.0,0.01751420509187283,0.11116949380494574,14.152212630622355
2,963.0,0.017514502799498555,0.11116944697147307,14.152245664798963
2,964.0,0.017514798066494742,0.1111693978896674,14.152278428158903
2,965.0,0.01751509089286139,0.1111693465595287,14.152310920702176
2,966.0,0.017515381278598495,0.111169292981057,14.152343142428784
2,967.0,0.017515669223706065,0.1111692371542523,14.15237509333872
2,968.0,0.017515954728184093,0.11116917907911458,14.152406773431986
2,969.0,0.017516237792032582,0.11116911875564386,14.152438182708591
2,970.0,0.017516518415251533,0.11116905618384013,14.152469321168521
2,971.0,0.017516796597840945,0.11116899136370338,14.15250018881179
2,972.0,0.017517072339800814,0.11116892429523363,14.152530785638385
2,973.0,0.01751734564113115,0.11116885497843086,14.152561111648316
2,974.0,0.01751761638697677,0.11116878170511779,14.152591154097035
2,975.0,0.017517884423432353,0.11116870631264168,14.15262089590694
2,976.0,0.01751814976865041,0.11116862994962978,14.152650339092263
2,977.0,0.01751841242263094,0.11116855261608212,14.152679483653
2,978.0,0.01751867238537395,0.11116847431199868,14.152708329589155
2,979.0,0.017518929656879432,0.11116839503737946,14.152736876900725
2,980.0,0.017519184237147392,0.11116831479222447,14.152765125587713
2,981.0,0.017519436126177824,0.11116823357653371,14.152793075650118
2,982.0,0.017519685323970736,0.11116815139030718,14.152820727087937
2,983.0,0.01751993183052612,0.11116806823354486,14.152848079901176
2,984.0,0.017520175645843978,0.11116798410624677,14.152875134089829
2,985.0,0.017520416769924312,0.11116789900841292,14.1529018896539
2,986.0,0.017520655202767122,0.11116781294004328,14.15292834659339
2,987.0,0.017520890944372407,0.11116772590113788,14.152954504908294
2,988.0,0.01752112399474017,0.11116763789169669,14.152980364598612
2,989.0,0.017521354353870405,0.11116754891171973,14.153005925664353
2,990.0,0.017521582021763116,0.111167458961207,14.153031188105505
2,991.0,0.0175218069984183,0.1111673680401585,14.153056151922074
2,992.0,0.017522029283835963,0.11116727614857422,14.153080817114063
2,993.0,0.017522248878016098,0.11116718328645417,14.153105183681468
2,994.0,0.017522465780958712,0.11116708945379834,14.153129251624287
2,995.0,0.017522679992663798,0.11116699465060673,14.153153020942526
2,996.0,0.01752289151313136,0.11116689887687936,14.15317649163618
2,997.0,0.017523100342361396,0.1111668021326162,14.153199663705252
2,998.0,0.01752330648035391,0.11116670441781727,14.153222537149736
2,999.0,0.017523509927108896,0.11116660573248258,14.153245111969643
2,1000.0,0.01752371068262636,0.1111665060766121,14.153267388164963
2,1001.0,0.0175239087469063,0.11116640545020585,14.1532893657357
2,1002.0,0.017524104119948713,0.11116630385326383,14.153311044681855
2,1003.0,0.017524296801753603,0.11116620128578604,14.153332425003422
2,1004.0,0.017524486792320965,0.11116609774777246,14.153353506700414
2,1005.0,0.01752467338492269,0.11116599218636262,14.153374211352986
2,1006.0,0.017524856810694163,0.11116588536693581,14.153394564608348
2,1007.0,0.017525037821779107,0.11116577854733417,14.153414649925725
2,1008.0,0.017525216418177524,0.11116567172755772,14.15343446730512
2,1009.0,0.01752539259988941,0.11116556490760644,14.153454016746526
2,1010.0,0.01752556636691477,0.11116545808748035,14.153473298249951
2,1011.0,0.017525737719253597,0.11116535126717944,14.153492311815386
2,1012.0,0.0175259066569059,0.11116524444670371,14.153511057442842
2,1013.0,0.01752607317987167,0.11116513762605315,14.153529535132309
2,1014.0,0.017526237288150913,0.11116503080522779,14.153547744883797
2,1015.0,0.017526398981743626,0.1111649239842276,14.153565686697295
2,1016.0,0.017526558260649812,0.11116481716305258,14.15358336057281
2,1017.0,0.01752671512486947,0.11116471034170276,14.15360076651034
2,1018.0,0.017526869574402595,0.11116460352017812,14.15361790450989
2,1019.0,0.017527021609249196,0.11116449669847865,14.153634774571449
2,1020.0,0.017527171229409267,0.11116438987660437,14.153651376695025
2,1021.0,0.017527318434882807,0.11116428305455527,14.153667710880619
2,1022.0,0.01752746322566982,0.11116417623233134,14.153683777128228
2,1023.0,0.017527605601770305,0.1111640694099326,14.153699575437848
2,1024.0,0.01752774556318426,0.11116396258735904,14.153715105809486
2,1025.0,0.017527883109911685,0.11116385576461066,14.153730368243139
2,1026.0,0.017528018241952586,0.11116374894168746,14.153745362738807
2,1027.0,0.017528150959306953,0.11116364211858944,14.153760089296494
2,1028.0,0.017528281261974792,0.1111635352953166,14.153774547916193
2,1029.0,0.017528409149956105,0.11116342847186894,14.153788738597907
2,1030.0,0.017528534623250887,0.11116332164824647,14.15380266134164
2,1031.0,0.01752865768185914,0.11116321482444917,14.153816316147383
2,1032.0,0.017528778325780866,0.11116310800047706,14.153829703015143
2,1033.0,0.017528896555016063,0.11116300117633013,14.153842821944922
2,1034.0,0.01752901236956473,0.11116289435200838,14.153855672936714
2,1035.0,0.01752912576942687,0.11116278752751181,14.153868255990522
2,1036.0,0.017529236754602478,0.11116268070284041,14.153880571106342
2,1037.0,0.01752934532509156,0.1111625738779942,14.153892618284184
2,1038.0,0.01752945148089411,0.11116246705297318,14.153904397524034
2,1039.0,0.017529555222010135,0.11116236022777733,14.153915908825905
2,1040.0,0.017529654838887746,0.11116225261367707,14.153926962494818
2,1041.0,0.017529752279692865,0.1111621453745417,14.153937774702793
2,1042.0,0.017529847925541905,0.11116203870959161,14.153948387739199
2,1043.0,0.01752994177643487,0.11116193261882681,14.153958801604029
2,1044.0,0.01753003383237176,0.11116182710224731,14.153969016297285
2,1045.0,0.017530124093352573,0.1111617221598531,14.153979031818968
2,1046.0,0.01753021255937731,0.11116161779164417,14.15398884816908
2,1047.0,0.017530299230445974,0.11116151399762052,14.153998465347618
2,1048.0,0.01753038410655856,0.11116141077778217,14.154007883354588
2,1049.0,0.017530467187715074,0.11116130813212911,14.154017102189979
2,1050.0,0.017530548473915507,0.11116120606066134,14.154026121853802
2,1051.0,0.017530627965159865,0.11116110456337884,14.15403494234605
2,1052.0,0.01753070566144815,0.11116100364028164,14.154043563666725
2,1053.0,0.01753078156278036,0.11116090329136974,14.154051985815826
2,1054.0,0.017530855669156492,0.11116080351664312,14.15406020879336
2,1055.0,0.017530927980576545,0.11116070431610178,14.154068232599316
2,1056.0,0.01753099849704053,0.11116060568974574,14.154076057233702
2,1057.0,0.017531067218548434,0.11116050763757498,14.154083682696516
2,1058.0,0.017531134145100262,0.11116041015958951,14.154091108987757
2,1059.0,0.017531199276696014,0.11116031325578933,14.154098336107424
2,1060.0,0.017531262613335694,0.11116021692617445,14.154105364055516
2,1061.0,0.017531324155019293,0.11116012117074484,14.15411219283204
2,1062.0,0.01753138390174682,0.11116002598950053,14.154118822436986
2,1063.0,0.01753144185351827,0.1111599313824415,14.154125252870363
2,1064.0,0.017531498010333647,0.11115983734956776,14.154131484132167
2,1065.0,0.017531552372192945,0.11115974389087932,14.1541375162224
2,1066.0,0.017531604939096168,0.11115965100637616,14.154143349141057
2,1067.0,0.017531655711043315,0.11115955869605829,14.154148982888143
2,1068.0,0.01753170468803439,0.1111594669599257,14.154154417463658
2,1069.0,0.017531751870069383,0.11115937579797841,14.154159652867598
2,1070.0,0.017531797257148304,0.1111592852102164,14.154164689099968
2,1071.0,0.01753184084927115,0.11115919519663968,14.15416952616076
2,1072.0,0.017531882646437916,0.11115910575724826,14.154174164049984
2,1073.0,0.01753192264864861,0.11115901689204212,14.154178602767633
2,1074.0,0.017531960855903226,0.11115892860102126,14.154182842313707
2,1075.0,0.01753199726820177,0.1111588408841857,14.154186882688215
2,1076.0,0.017532031885544235,0.11115875374153543,14.154190723891146
2,1077.0,0.017532063651108692,0.11115866714484031,14.154194248655633
2,1078.0,0.017532092954693164,0.1111585812332045,14.154197500234364
2,1079.0,0.017532121189887447,0.11115849609046809,14.154200633262594
2,1080.0,0.01753214835669154,0.11115841171663106,14.15420364774031
2,1081.0,0.01753217445510544,0.11115832811169342,14.154206543667518
2,1082.0,0.017532199485129157,0.11115824527565517,14.154209321044224
2,1083.0,0.017532223446762682,0.1111581632085163,14.154211979870418
2,1084.0,0.017532246340006014,0.11115808191027682,14.154214520146107
2,1085.0,0.01753226816485916,0.11115800138093672,14.154216941871285
2,1086.0,0.017532288921322116,0.11115792162049601,14.154219245045955
2,1087.0,0.01753230860939488,0.11115784262895469,14.15422142967012
2,1088.0,0.01753232722907746,0.11115776440631275,14.154223495743775
2,1089.0,0.017532344780369847,0.11115768695257021,14.154225443266922
2,1090.0,0.017532361263272046,0.11115761026772704,14.15422727223956
2,1091.0,0.017532376677784053,0.11115753435178327,14.154228982661696
2,1092.0,0.01753239102390587,0.11115745920473888,14.154230574533319
2,1093.0,0.0175324043016375,0.11115738482659387,14.154232047854437
2,1094.0,0.017532416510978942,0.11115731121734825,14.154233402625046
2,1095.0,0.017532427651930194,0.11115723837700202,14.154234638845148
2,1096.0,0.017532437724491253,0.11115716630555518,14.15423575651474
2,1097.0,0.017532446728662124,0.11115709500300772,14.154236755633827
2,1098.0,0.017532454664442806,0.11115702446935964,14.154237636202405
2,1099.0,0.0175324615318333,0.11115695470461096,14.154238398220475
2,1100.0,0.017532467330833603,0.11115688570876166,14.154239041688037
2,1101.0,0.017532472061443715,0.11115681748181175,14.15423956660509
2,1102.0,0.017532475723663638,0.11115675002376121,14.154239972971636
2,1103.0,0.017532478317493373,0.11115668333461008,14.154240260787676
2,1104.0,0.017532479842932918,0.11115661741435832,14.154240430053207
2,1105.0,0.017532480299982275,0.11115655226300596,14.154240480768232
2,1106.0,0.01753247968864144,0.11115648788055298,14.154240412932744
2,1107.0,0.017532478008910418,0.11115642426699938,14.15424022654675
2,1108.0,0.017532475260789205,0.11115636142234517,14.154239921610252
2,1109.0,0.017532471444277803,0.11115629934659035,14.154239498123244
2,1110.0,0.01753246655937621,0.11115623803973491,14.154238956085731
2,1111.0,0.01753246060608443,0.11115617750177886,14.154238295497706
2,1112.0,0.017532453584402457,0.1111561177327222,14.154237516359174
2,1113.0,0.017532445494330296,0.11115605873256493,14.154236618670136
2,1114.0,0.017532436335867947,0.11115600050130703,14.154235602430587
2,1115.0,0.017532426109015408,0.11115594303894853,14.154234467640531
2,1116.0,0.017532414813772677,0.11115588634548941,14.154233214299971
2,1117.0,0.017532401208909424,0.11115583085656583,14.154231704679736
2,1118.0,0.01753238648364502,0.11115577627454061,14.154230070737764
2,1119.0,0.017532371331397525,0.1111557223790409,14.154228389416977
2,1120.0,0.01753235575216694,0.11115566917006668,14.154226660717372
2,1121.0,0.017532339745953262,0.11115561664761797,14.154224884638953
2,1122.0,0.017532323312756493,0.11115556481169477,14.154223061181717
2,1123.0,0.017532306452576633,0.11115551366229708,14.154221190345668
2,1124.0,0.017532289165413682,0.11115546319942488,14.154219272130797
2,1125.0,0.01753227145126764,0.11115541342307819,14.154217306537115
2,1126.0,0.017532253310138506,0.11115536433325701,14.154215293564613
2,1127.0,0.01753223474202628,0.11115531592996132,14.154213233213298
2,1128.0,0.01753221574693097,0.11115526821319115,14.154211125483165
2,1129.0,0.01753219632485256,0.11115522118294649,14.154208970374215
2,1130.0,0.017532176475791066,0.11115517483922732,14.154206767886452
2,1131.0,0.017532156199746476,0.11115512918203366,14.154204518019874
2,1132.0,0.0175321354967188,0.11115508421136551,14.154202220774476
2,1133.0,0.017532114366708026,0.11115503992722285,14.154199876150262
2,1134.0,0.017532092809714166,0.11115499632960571,14.154197484147234
2,1135.0,0.017532070825737215,0.11115495341851407,14.15419504476539
2,1136.0,0.017532048414777172,0.11115491119394794,14.154192558004729
2,1137.0,0.01753202557683404,0.1111548696559073,14.154190023865251
2,1138.0,0.017532002311907813,0.11115482880439218,14.154187442346961
2,1139.0,0.017531978619998497,0.11115478863940256,14.15418481344985
2,1140.0,0.01753195450110609,0.11115474916093844,14.154182137173924
2,1141.0,0.01753192995523059,0.11115471036899983,14.154179413519184
2,1142.0,0.017531904982372,0.11115467226358673,14.154176642485623
2,1143.0,0.01753187958253032,0.11115463484469912,14.154173824073252
2,1144.0,0.01753185375570555,0.11115459811233702,14.154170958282064
2,1145.0,0.017531827501897686,0.11115456206650044,14.15416804511206
2,1146.0,0.017531800821106735,0.11115452670718935,14.15416508456324
2,1147.0,0.01753177371333269,0.11115449203440377,14.154162076635602
2,1148.0,0.017531746178575554,0.1111544580481437,14.154159021329146
2,1149.0,0.017531718216835326,0.11115442474840911,14.154155918643879
2,1150.0,0.01753168982811201,0.11115439213520005,14.154152768579792
2,1151.0,0.0175316610124056,0.11115436020851649,14.154149571136895
2,1152.0,0.017531631769716102,0.11115432896835843,14.154146326315177
2,1153.0,0.017531602100043512,0.11115429841472588,14.154143034114641
2,1154.0,0.01753157200338783,0.11115426854761883,14.154139694535289
2,1155.0,0.017531541479749058,0.11115423936703729,14.154136307577124
2,1156.0,0.017531510529127194,0.11115421087298125,14.15413287324014
2,1157.0,0.01753147915152224,0.11115418306545072,14.154129391524346
2,1158.0,0.017531447346934192,0.11115415594444569,14.15412586242973
2,1159.0,0.017531415115363054,0.11115412950996617,14.1541222859563
2,1160.0,0.017531381748781764,0.11115410436981045,14.154118583540093
2,1161.0,0.01753134780886464,0.11115408015957126,14.154114817505503
2,1162.0,0.017531313885931456,0.1111540564031597,14.154111053355479
2,1163.0,0.017531279979982214,0.11115403310057578,14.154107291090027
2,1164.0,0.017531246091016906,0.1111540102518195,14.15410353070914
2,1165.0,0.01753121221903554,0.11115398785689086,14.154099772212826
2,1166.0,0.01753117836403811,0.11115396591578984,14.154096015601079
2,1167.0,0.01753114452602462,0.11115394442851648,14.154092260873897
2,1168.0,0.017531110704995072,0.11115392339507074,14.154088508031288
2,1169.0,0.01753107690094946,0.11115390281545263,14.154084757073246
2,1170.0,0.017531043113887784,0.11115388268966217,14.154081007999773
2,1171.0,0.01753100934381005,0.11115386301769935,14.154077260810867
2,1172.0,0.017530975590716258,0.11115384379956417,14.154073515506532
2,1173.0,0.0175309418546064,0.11115382503525661,14.154069772086764
2,1174.0,0.017530908135480482,0.11115380672477669,14.154066030551563
2,1175.0,0.017530874433338502,0.11115378886812441,14.154062290900935
2,1176.0,0.017530840748180464,0.11115377146529977,14.154058553134872
2,1177.0,0.01753080708000636,0.11115375451630276,14.15405481725338
2,1178.0,0.0175307734288162,0.11115373802113339,14.154051083256457
2,1179.0,0.017530739794609975,0.11115372197979166,14.1540473511441
2,1180.0,0.01753070617738769,0.11115370639227756,14.154043620916312
2,1181.0,0.017530672577149346,0.1111536912585911,14.154039892573092
2,1182.0,0.017530638993894936,0.11115367657873228,14.154036166114444
2,1183.0,0.01753060542762447,0.11115366235270109,14.154032441540359
2,1184.0,0.01753057187833794,0.11115364858049755,14.154028718850846
2,1185.0,0.017530538346035348,0.11115363526212163,14.154024998045902
2,1186.0,0.017530504830716696,0.11115362239757336,14.154021279125525
2,1187.0,0.017530471332381985,0.11115360998685271,14.154017562089717
2,1188.0,0.01753043785103121,0.11115359802995971,14.154013846938478
2,1189.0,0.017530404386664374,0.11115358652689435,14.15401013367181
2,1190.0,0.01753037093928148,0.11115357547765661,14.154006422289706
2,1191.0,0.01753033750888252,0.11115356488224652,14.154002712792176
2,1192.0,0.017530304095467502,0.11115355474066406,14.153999005179209
2,1193.0,0.017530270699036423,0.11115354505290924,14.153995299450814
2,1194.0,0.01753023731958928,0.11115353581898206,14.153991595606982
2,1195.0,0.017530203957126077,0.11115352703888251,14.153987893647725
2,1196.0,0.017530170611646814,0.1111535187126106,14.153984193573033
2,1197.0,0.01753013728315149,0.11115351084016632,14.153980495382912
2,1198.0,0.017530103971640103,0.11115350342154968,14.15397679907736
2,1199.0,0.017530070677112656,0.11115349645676069,14.153973104656375
2,1200.0,0.017530037399569147,0.11115348994579932,14.153969412119961
2,1201.0,0.01753000413900958,0.1111534838886656,14.153965721468111
2,1202.0,0.017529970895433948,0.1111534782853595,14.153962032700832
2,1203.0,0.017529937668842258,0.11115347313588105,14.153958345818124
2,1204.0,0.017529904459234504,0.11115346844023023,14.153954660819977
2,1205.0,0.01752987126661069,0.11115346419840705,14.153950977706407
2,1206.0,0.017529838090970813,0.1111534604104115,14.1539472964774
2,1207.0,0.017529804932314878,0.11115345707624359,14.153943617132965
2,1208.0,0.017529771600925437,0.11115345476663088,14.153939918621706
2,1209.0,0.01752973826262274,0.11115345325135167,14.153936219343342
2,1210.0,0.01752970514704441,0.11115345192588735,14.153932544778874
2,1211.0,0.017529672254190456,0.1111534507902379,14.153928894928306
2,1212.0,0.01752963958406087,0.11115344984440334,14.153925269791639
2,1213.0,0.01752960713665565,0.11115344908838368,14.153921669368867
2,1214.0,0.017529574911974807,0.11115344852217887,14.153918093659994
2,1215.0,0.017529542910018334,0.11115344814578897,14.153914542665023
2,1216.0,0.017529511130786227,0.11115344795921393,14.153911016383951
2,1217.0,0.017529479574278493,0.1111534479624538,14.153907514816778
2,1218.0,0.01752944824049513,0.11115344815550854,14.153904037963505
2,1219.0,0.01752941712943614,0.11115344853837815,14.153900585824129
2,1220.0,0.017529386241101518,0.11115344911106266,14.153897158398653
2,1221.0,0.017529355575491266,0.11115344987356204,14.15389375568707
2,1222.0,0.017529325132605387,0.11115345082587631,14.153890377689393
2,1223.0,0.017529294912443875,0.11115345196800547,14.153887024405613
2,1224.0,0.017529264915006736,0.11115345329994951,14.153883695835733
2,1225.0,0.017529235140293968,0.11115345482170844,14.153880391979751
2,1226.0,0.01752920558830557,0.11115345653328224,14.153877112837671
2,1227.0,0.017529176259041542,0.11115345843467092,14.153873858409485
2,1228.0,0.017529147152501885,0.11115346052587449,14.1538706286952
2,1229.0,0.0175291182686866,0.11115346280689295,14.153867423694818
2,1230.0,0.017529089607595683,0.1111534652777263,14.153864243408327
2,1231.0,0.01752906116922914,0.11115346793837451,14.15386108783574
2,1232.0,0.017529032953586966,0.11115347078883761,14.15385795697705
2,1233.0,0.017529004960669163,0.1111534738291156,14.153854850832259
2,1234.0,0.01752897719047573,0.11115347705920847,14.153851769401369
2,1235.0,0.017528949643006667,0.11115348047911622,14.153848712684377
2,1236.0,0.017528922318261975,0.11115348408883885,14.153845680681286
2,1237.0,0.017528895216241652,0.11115348788837638,14.153842673392093
2,1238.0,0.017528868336945704,0.11115349187772877,14.153839690816797
2,1239.0,0.01752884168037412,0.11115349605689606,14.153836732955401
2,1240.0,0.017528815246526913,0.11115350042587824,14.153833799807904
2,1241.0,0.017528789035404075,0.11115350498467529,14.153830891374307
2,1242.0,0.017528763047005607,0.11115350973328722,14.153828007654612
2,1243.0,0.01752873728133151,0.11115351467171404,14.153825148648808
2,1244.0,0.01752871173838178,0.11115351979995575,14.153822314356908
2,1245.0,0.017528686418156424,0.11115352511801233,14.153819504778907
2,1246.0,0.01752866132065544,0.11115353062588379,14.153816719914804
2,1247.0,0.017528636445878824,0.11115353632357014,14.1538139597646
2,1248.0,0.01752861179382658,0.11115354221107138,14.153811224328296
2,1249.0,0.017528587364498707,0.1111535482883875,14.153808513605888
2,1250.0,0.017528563157895204,0.1111535545555185,14.153805827597383
2,1251.0,0.01752853917401607,0.11115356101246437,14.153803166302776
2,1252.0,0.01752851541286131,0.11115356765922514,14.153800529722064
2,1253.0,0.017528491874430917,0.1111535744958008,14.153797917855258
2,1254.0,0.017528468558724898,0.11115358152219133,14.153795330702343
2,1255.0,0.017528445465743246,0.11115358873839674,14.153792768263335
2,1256.0,0.017528422595485968,0.11115359614441706,14.153790230538219
2,1257.0,0.01752839994795306,0.11115360374025224,14.153787717527006
2,1258.0,0.017528377523144522,0.1111536115259023,14.153785229229692
2,1259.0,0.017528355321060354,0.11115361950136725,14.153782765646275
2,1260.0,0.017528333341700557,0.11115362766664708,14.15378032677676
2,1261.0,0.01752831158506513,0.1111536360217418,14.153777912621141
2,1262.0,0.017528290051154072,0.1111536445666514,14.153775523179421
2,1263.0,0.01752826873996739,0.11115365330137587,14.153773158451603
2,1264.0,0.017528247772492872,0.11115366239793617,14.153770831862705
2,1265.0,0.01752822744905932,0.11115367217236312,14.153768576737761
2,1266.0,0.017528207339442787,0.11115368194214138,14.153766345338338
2,1267.0,0.017528187443643265,0.11115369170727098,14.153764137664437
2,1268.0,0.017528167761660756,0.11115370146775189,14.15376195371606
2,1269.0,0.017528148293495263,0.11115371122358414,14.153759793493208
2,1270.0,0.01752812903914678,0.11115372097476772,14.153757656995873
2,1271.0,0.017528109998615312,0.11115373072130262,14.153755544224065
2,1272.0,0.01752809117190086,0.11115374046318886,14.153753455177778
2,1273.0,0.01752807255900342,0.11115375020042642,14.153751389857009
2,1274.0,0.017528054159922993,0.11115375993301532,14.15374934826177
2,1275.0,0.01752803597465958,0.11115376966095554,14.153747330392049
2,1276.0,0.01752801800321318,0.11115377938424709,14.153745336247853
2,1277.0,0.01752800024558379,0.11115378910288996,14.153743365829179
2,1278.0,0.01752798270177142,0.11115379881688417,14.153741419136027
2,1279.0,0.01752796537177606,0.1111538085262297,14.153739496168399
2,1280.0,0.017527948255597715,0.11115381823092656,14.15373759692629
2,1281.0,0.01752793135323638,0.11115382793097475,14.153735721409705
2,1282.0,0.017527914664692064,0.11115383762637428,14.153733869618643
2,1283.0,0.01752789818996476,0.11115384731712512,14.153732041553104
2,1284.0,0.017527881929054467,0.11115385700322729,14.153730237213088
2,1285.0,0.017527865881961188,0.1111538666846808,14.153728456598593
2,1286.0,0.017527850048684925,0.11115387636148563,14.153726699709624
2,1287.0,0.017527834429225675,0.11115388603364179,14.153724966546172
2,1288.0,0.017527819023583437,0.11115389570114928,14.153723257108245
2,1289.0,0.017527803831758212,0.1111539053640081,14.15372157139584
2,1290.0,0.017527788853750004,0.11115391502221825,14.15371990940896
2,1291.0,0.017527774089558808,0.11115392467577971,14.1537182711476
2,1292.0,0.017527759539184624,0.11115393432469252,14.153716656611763
2,1293.0,0.017527745202627454,0.11115394396895666,14.15371506580145
2,1294.0,0.0175277310798873,0.11115395360857211,14.153713498716659
2,1295.0,0.017527717170964154,0.11115396324353889,14.15371195535739
2,1296.0,0.017527703475858025,0.11115397287385702,14.153710435723646
2,1297.0,0.017527689994568912,0.11115398249952646,14.15370893981542
2,1298.0,0.01752767672709681,0.11115399212054723,14.153707467632719
2,1299.0,0.01752766367344172,0.11115400173691933,14.153706019175539
2,1300.0,0.017527650833603647,0.11115401134864276,14.153704594443886
2,1301.0,0.017527638207582585,0.11115402095571753,14.153703193437753
2,1302.0,0.01752762579537854,0.1111540305581436,14.153701816157142
2,1303.0,0.017527613596991502,0.11115404015592102,14.153700462602053
2,1304.0,0.017527601612421482,0.11115404974904976,14.153699132772486
2,1305.0,0.017527589841668478,0.11115405933752984,14.153697826668445
2,1306.0,0.017527578284732483,0.11115406892136123,14.15369654428992
2,1307.0,0.017527566941613504,0.11115407850054396,14.153695285636925
2,1308.0,0.017527555812311538,0.11115408807507801,14.153694050709447
2,1309.0,0.017527544896826584,0.1111540976449634,14.153692839507496
2,1310.0,0.017527534195158644,0.11115410721020011,14.153691652031068
2,1311.0,0.01752752370730772,0.11115411677078815,14.153690488280159
2,1312.0,0.017527513433273807,0.11115412632672753,14.153689348254774
2,1313.0,0.017527503373056908,0.11115413587801823,14.153688231954908
2,1314.0,0.017527493526657025,0.11115414542466025,14.15368713938057
2,1315.0,0.01752748389407415,0.11115415496665361,14.153686070531753
2,1316.0,0.017527474475308294,0.11115416450399829,14.153685025408457
2,1317.0,0.01752746527035945,0.1111541740366943,14.153684004010685
2,1318.0,0.01752745627922762,0.11115418356474165,14.153683006338433
2,1319.0,0.0175274475019128,0.11115419308814031,14.153682032391709
2,1320.0,0.017527438938414998,0.11115420260689031,14.153681082170502
2,1321.0,0.017527430588734207,0.11115421212099164,14.153680155674818
2,1322.0,0.01752742245287043,0.11115422163044428,14.153679252904661
2,1323.0,0.017527414530823668,0.11115423113524826,14.153678373860021
2,1324.0,0.01752740682259392,0.11115424063540358,14.153677518540906
2,1325.0,0.017527399328181183,0.11115425013091021,14.153676686947314
2,1326.0,0.01752739204758546,0.11115425962176818,14.153675879079247
2,1327.0,0.017527384980806752,0.11115426910797747,14.153675094936698
2,1328.0,0.017527378127845057,0.1111542785895381,14.153674334519675
2,1329.0,0.017527371488700375,0.11115428806645006,14.153673597828172
2,1330.0,0.017527365063372706,0.11115429753871334,14.153672884862194
2,1331.0,0.01752735885186205,0.11115430700632795,14.153672195621738
2,1332.0,0.01752735285416841,0.11115431646929388,14.153671530106802
2,1333.0,0.01752734707029178,0.11115432592761114,14.153670888317391
2,1334.0,0.01752734215640643,0.11115433537900546,14.153670343063785
2,1335.0,0.017527337526508383,0.11115434476603278,14.153669829321922
2,1336.0,0.017527332991830853,0.1111543540823068,14.153669326145899
2,1337.0,0.017527328552373836,0.1111543633278275,14.15366883353572
2,1338.0,0.017527324208137334,0.1111543725025949,14.153668351491381
2,1339.0,0.017527319959121348,0.111154381606609,14.153667880012884
2,1340.0,0.017527315805325874,0.11115439063986979,14.153667419100225
2,1341.0,0.01752731174675092,0.11115439960237726,14.153666968753408
2,1342.0,0.017527307783396475,0.11115440849413144,14.15366652897243
2,1343.0,0.01752730391526255,0.1111544173151323,14.153666099757295
2,1344.0,0.01752730014234914,0.11115442606537987,14.153665681107997
2,1345.0,0.017527296464656242,0.11115443474487412,14.15366527302454
2,1346.0,0.01752729288218386,0.11115444335361507,14.153664875506928
2,1347.0,0.01752728939493199,0.11115445189160271,14.153664488555153
2,1348.0,0.01752728600290064,0.11115446035883704,14.153664112169219
2,1349.0,0.017527282706089806,0.11115446875531808,14.153663746349125
2,1350.0,0.017527279504499484,0.1111544770810458,14.153663391094868
2,1351.0,0.017527276398129676,0.11115448533602021,14.153663046406457
2,1352.0,0.017527273386980385,0.11115449352024132,14.153662712283888
2,1353.0,0.01752727047105161,0.11115450163370913,14.153662388727156
2,1354.0,0.017527267650343344,0.11115450967642362,14.153662075736264
2,1355.0,0.0175272649248556,0.11115451764838481,14.153661773311216
2,1356.0,0.017527262294588366,0.1111545255495927,14.153661481452007
2,1357.0,0.01752725975954165,0.11115453338004727,14.153661200158638
2,1358.0,0.01752725731971545,0.11115454113974854,14.15366092943111
2,1359.0,0.017527254975109763,0.11115454882869649,14.153660669269422
2,1360.0,0.01752725272572459,0.11115455644689115,14.153660419673574
2,1361.0,0.017527250571559932,0.1111545639943325,14.153660180643566
2,1362.0,0.017527248512615792,0.11115457147102055,14.153659952179403
2,1363.0,0.017527246548892164,0.11115457887695528,14.153659734281074
2,1364.0,0.017527244680389055,0.11115458621213671,14.153659526948593
2,1365.0,0.017527242907106458,0.11115459347656484,14.153659330181949
2,1366.0,0.017527241229044376,0.11115460067023965,14.153659143981146
2,1367.0,0.01752723964620281,0.11115460779316116,14.153658968346182
2,1368.0,0.017527238158581756,0.11115461484532936,14.15365880327706
2,1369.0,0.01752723676618122,0.11115462182674427,14.153658648773776
2,1370.0,0.017527235469001198,0.11115462873740585,14.153658504836335
2,1371.0,0.017527234267041693,0.11115463557731414,14.153658371464735
2,1372.0,0.0175272331603027,0.11115464234646912,14.153658248658974
2,1373.0,0.017527232148784225,0.11115464904487078,14.153658136419054
2,1374.0,0.017527231232486264,0.11115465567251914,14.153658034744977
2,1375.0,0.017527230411408815,0.11115466222941421,14.153657943636738
2,1376.0,0.017527229685551884,0.11115466871555596,14.15365786309434
2,1377.0,0.017527229054915466,0.1111546751309444,14.153657793117782
2,1378.0,0.017527228519499564,0.11115468147557954,14.153657733707064
2,1379.0,0.01752722807930418,0.11115468774946137,14.15365768486219
2,1380.0,0.01752722773432931,0.1111546939525899,14.15365764658315
2,1381.0,0.01752722748457495,0.11115470008496511,14.153657618869955
2,1382.0,0.01752722733004111,0.11115470614658703,14.153657601722603
2,1383.0,0.017527227270727783,0.11115471213745563,14.15365759514109
2,1384.0,0.01752722730663497,0.11115471805757093,14.153657599125415
2,1385.0,0.017527227437762673,0.11115472390693291,14.153657613675582
2,1386.0,0.01752722766411089,0.1111547296855416,14.153657638791588
2,1387.0,0.017527227985679624,0.11115473539339699,14.15365767447344
2,1388.0,0.017527228402468873,0.11115474103049905,14.15365772072113
2,1389.0,0.017527228914478638,0.11115474659684782,14.153657777534658
2,1390.0,0.017527229521708914,0.11115475209244328,14.153657844914026
2,1391.0,0.01752723022415971,0.11115475751728543,14.153657922859235
2,1392.0,0.017527231021831017,0.11115476287137428,14.15365801137029
2,1393.0,0.01752723191472284,0.11115476815470982,14.15365811044718
2,1394.0,0.01752723290283518,0.11115477336729204,14.153658220089913
2,1395.0,0.017527233986168032,0.11115477850912098,14.153658340298485
2,1396.0,0.017527235164721402,0.11115478358019659,14.153658471072902
2,1397.0,0.017527236438495283,0.1111547885805189,14.153658612413151
2,1398.0,0.017527237807489684,0.11115479351008792,14.153658764319248
2,1399.0,0.017527239271704596,0.11115479836890362,14.153658926791183
2,1400.0,0.017527240831140024,0.111154803156966,14.153659099828959
2,1401.0,0.017527242485795968,0.11115480787427509,14.153659283432573
2,1402.0,0.017527244235672427,0.11115481252083087,14.153659477602027
2,1403.0,0.017527246080769398,0.11115481709663334,14.153659682337327
2,1404.0,0.017527248021086888,0.11115482160168251,14.153659897638466
2,1405.0,0.01752725005662489,0.11115482603597837,14.153660123505443
2,1406.0,0.01752725218738341,0.11115483039952093,14.153660359938263
2,1407.0,0.017527254413362444,0.11115483469231018,14.153660606936924
2,1408.0,0.017527256734561993,0.11115483891434612,14.153660864501422
2,1409.0,0.017527259150982053,0.11115484306562874,14.153661132631761
2,1410.0,0.017527261662622633,0.11115484714615807,14.153661411327947
2,1411.0,0.017527264269483728,0.1111548511559341,14.153661700589968
2,1412.0,0.017527266971565335,0.11115485509495682,14.153662000417832
2,1413.0,0.017527269949406787,0.11115485881157493,14.153662330844503
2,1414.0,0.017527273212189564,0.11115486225997488,14.153662692888783
2,1415.0,0.017527276473800146,0.11115486566461891,14.153663054802987
2,1416.0,0.017527279734238527,0.11115486902550702,14.153663416587131
2,1417.0,0.01752728299350471,0.11115487234263921,14.153663778241203
2,1418.0,0.017527286251598696,0.11115487561601547,14.153664139765203
2,1419.0,0.017527289508520484,0.11115487884563582,14.153664501159133
2,1420.0,0.017527292764270074,0.11115488203150026,14.153664862423001
2,1421.0,0.017527296018847466,0.11115488517360876,14.153665223556791
2,1422.0,0.01752729927225266,0.11115488827196135,14.153665584560517
2,1423.0,0.017527302524485658,0.11115489132655801,14.153665945434172
2,1424.0,0.017527305775546453,0.11115489433739875,14.15366630617776
2,1425.0,0.017527309025435055,0.11115489730448358,14.15366666679128
2,1426.0,0.017527312274151455,0.11115490022781249,14.153667027274723
2,1427.0,0.01752731552169566,0.11115490310738547,14.153667387628103
2,1428.0,0.017527318768067665,0.11115490594320254,14.153667747851411
2,1429.0,0.017527322013267472,0.11115490873526368,14.153668107944652
2,1430.0,0.01752732525729508,0.1111549114835689,14.153668467907822
2,1431.0,0.017527328500150492,0.11115491418811821,14.153668827740923
2,1432.0,0.017527331741833706,0.11115491684891159,14.153669187443958
2,1433.0,0.01752733498234472,0.11115491946594905,14.153669547016921
2,1434.0,0.01752733822168354,0.1111549220392306,14.153669906459815
2,1435.0,0.01752734145985016,0.11115492456875621,14.15367026577264
2,1436.0,0.01752734469684458,0.11115492705452591,14.153670624955396
2,1437.0,0.017527347932666804,0.11115492949653968,14.153670984008082
2,1438.0,0.017527351167316827,0.11115493189479755,14.153671342930698
2,1439.0,0.017527354400794656,0.11115493424929948,14.153671701723248
2,1440.0,0.017527357633100284,0.1111549365600455,14.153672060385727
2,1441.0,0.017527360864233715,0.1111549388270356,14.153672418918132
2,1442.0,0.017527364094194947,0.11115494105026978,14.153672777320477
2,1443.0,0.017527367322983982,0.11115494322974803,14.153673135592747
2,1444.0,0.01752737055060082,0.11115494536547037,14.15367349373495
2,1445.0,0.017527373777045458,0.11115494745743679,14.153673851747081
2,1446.0,0.0175273770023179,0.11115494950564728,14.153674209629145
2,1447.0,0.017527380226418143,0.11115495151010185,14.15367456738114
2,1448.0,0.017527383449346186,0.11115495347080051,14.153674925003065
2,1449.0,0.017527386671102034,0.11115495538774324,14.153675282494923
2,1450.0,0.01752738989168568,0.11115495726093005,14.153675639856708
2,1451.0,0.017527393111097134,0.11115495909036095,14.153675997088424
2,1452.0,0.017527396329336385,0.11115496087603592,14.153676354190074
2,1453.0,0.01752739954640344,0.11115496261795497,14.153676711161651
2,1454.0,0.017527402762298295,0.1111549643161181,14.153677068003162
2,1455.0,0.017527405977020953,0.11115496597052531,14.153677424714603
2,1456.0,0.017527409190571414,0.1111549675811766,14.153677781295974
2,1457.0,0.017527412402949676,0.11115496914807198,14.153678137747274
2,1458.0,0.01752741561415574,0.11115497067121143,14.153678494068508
2,1459.0,0.01752741882418961,0.11115497215059496,14.153678850259674
2,1460.0,0.017527422033051274,0.11115497358622256,14.153679206320769
2,1461.0,0.017527425240740746,0.11115497497809425,14.153679562251794
2,1462.0,0.017527428447258016,0.11115497632621002,14.153679918052749
2,1463.0,0.017527431652603093,0.11115497763056986,14.153680273723635
2,1464.0,0.017527434856775968,0.11115497889117379,14.153680629264452
2,1465.0,0.017527438059776645,0.11115498010802179,14.153680984675203
2,1466.0,0.017527441261605124,0.11115498128111388,14.153681339955881
2,1467.0,0.017527444462261406,0.11115498241045005,14.153681695106494
2,1468.0,0.01752744766174549,0.11115498349603029,14.153682050127033
2,1469.0,0.017527450860057376,0.1111549845378546,14.153682405017504
2,1470.0,0.017527454057197064,0.11115498553592301,14.153682759777903
2,1471.0,0.017527457253164555,0.1111549864902355,14.15368311440824
2,1472.0,0.017527460447959844,0.11115498740079206,14.1536834689085
2,1473.0,0.01752746364158294,0.1111549882675927,14.153683823278698
2,1474.0,0.017527466834033834,0.11115498909063742,14.153684177518823
2,1475.0,0.017527470025312533,0.11115498986992622,14.153684531628878
2,1476.0,0.01752747321541903,0.11115499060545911,14.153684885608865
2,1477.0,0.017527476404353332,0.11115499129723606,14.153685239458783
2,1478.0,0.017527479592115435,0.1111549919452571,14.153685593178633
2,1479.0,0.017527482778705344,0.11115499254952223,14.153685946768412
2,1480.0,0.01752748596412305,0.11115499311003142,14.15368630022812
2,1481.0,0.017527489148368557,0.1111549936267847,14.153686653557763
2,1482.0,0.01752749233144187,0.11115499409978205,14.153687006757336
2,1483.0,0.017527495513342983,0.1111549945290235,14.153687359826836
2,1484.0,0.0175274986940719,0.111154994914509,14.153687712766272
2,1485.0,0.017527501873628615,0.1111549952562386,14.153688065575635
2,1486.0,0.017527505052013136,0.11115499555421228,14.15368841825493
2,1487.0,0.017527508229225455,0.11115499580843004,14.153688770804155
2,1488.0,0.017527511405265577,0.11115499601889187,14.153689123223312
2,1489.0,0.017527514580133505,0.11115499618559778,14.153689475512401
2,1490.0,0.01752751775382923,0.11115499630854778,14.153689827671416
2,1491.0,0.01752752092635276,0.11115499638774184,14.153690179700366
2,1492.0,0.01752752409770409,0.11115499642318,14.153690531599244
2,1493.0,0.017527527267883224,0.11115499641486223,14.153690883368059
2,1494.0,0.017527530436890155,0.11115499636278854,14.153691235006796
2,1495.0,0.017527533604724893,0.11115499626695893,14.15369158651547
2,1496.0,0.017527536771387433,0.11115499612737341,14.153691937894072
2,1497.0,0.01752753993687777,0.11115499594403196,14.153692289142606
2,1498.0,0.017527543101195916,0.11115499571693459,14.153692640261069
2,1499.0,0.01752754626434186,0.11115499544608129,14.153692991249464
2,1500.0,0.017527549426315608,0.11115499513147209,14.153693342107792
2,1501.0,0.017527552587117155,0.11115499477310695,14.153693692836049
2,1502.0,0.017527555746746505,0.1111549943709859,14.153694043434234
2,1503.0,0.017527558905203657,0.11115499392510893,14.153694393902354
2,1504.0,0.01752756193129128,0.11115499316390305,14.153694729682512
2,1505.0,0.017527564931037576,0.11115499239100278,14.153695062539784
2,1506.0,0.01752756790836319,0.11115499161586644,14.153695392909215
2,1507.0,0.01752757086326812,0.11115499083849405,14.153695720790815
2,1508.0,0.01752757379575237,0.1111549900588856,14.15369604618457
2,1509.0,0.017527576705815937,0.11115498927704108,14.153696369090488
2,1510.0,0.017527579593458822,0.1111549884929605,14.153696689508564
2,1511.0,0.017527582458681024,0.11115498770664388,14.153697007438803
2,1512.0,0.017527585301482542,0.11115498691809118,14.153697322881202
2,1513.0,0.01752758812186338,0.11115498612730243,14.153697635835758
2,1514.0,0.017527590919823536,0.11115498533427762,14.15369794630248
2,1515.0,0.017527593695363008,0.11115498453901675,14.15369825428136
2,1516.0,0.017527596448481796,0.11115498374151982,14.153698559772398
2,1517.0,0.017527599179179905,0.11115498294178681,14.153698862775599
2,1518.0,0.01752760188745733,0.11115498213981777,14.153699163290963
2,1519.0,0.017527604573314075,0.11115498133561265,14.153699461318483
2,1520.0,0.017527607236750137,0.11115498052917148,14.153699756858165
2,1521.0,0.017527609877765516,0.11115497972049425,14.153700049910011
2,1522.0,0.01752761249636021,0.11115497890958095,14.153700340474018
2,1523.0,0.017527615092534227,0.1111549780964316,14.15370062855018
2,1524.0,0.01752761766628756,0.11115497728104619,14.153700914138504
2,1525.0,0.017527620217620207,0.11115497646342472,14.15370119723899
2,1526.0,0.017527622746532176,0.11115497564356717,14.153701477851635
2,1527.0,0.01752762525302346,0.11115497482147359,14.153701755976439
2,1528.0,0.017527627737094063,0.11115497399714394,14.153702031613406
2,1529.0,0.017527630198743985,0.11115497317057822,14.153702304762534
2,1530.0,0.017527632637973224,0.11115497234177645,14.153702575423823
2,1531.0,0.01752763505478178,0.11115497151073861,14.153702843597271
2,1532.0,0.01752763744916965,0.11115497067746473,14.153703109282883
2,1533.0,0.017527639821136844,0.11115496984195478,14.153703372480653
2,1534.0,0.017527642170683352,0.11115496900420876,14.153703633190581
2,1535.0,0.01752764449780918,0.11115496816422668,14.153703891412672
2,1536.0,0.017527646802514323,0.11115496732200855,14.153704147146923
2,1537.0,0.017527649084798785,0.11115496647755436,14.153704400393337
2,1538.0,0.017527651344662568,0.1111549656308641,14.15370465115191
2,1539.0,0.017527653582105663,0.1111549647819378,14.15370489942264
2,1540.0,0.01752765579712808,0.11115496393077542,14.153705145205533
2,1541.0,0.017527657989729814,0.11115496307737699,14.153705388500589
2,1542.0,0.017527660159910863,0.1111549622217425,14.153705629307803
2,1543.0,0.01752766230767123,0.11115496136387194,14.15370586762718
2,1544.0,0.017527664433010917,0.11115496050376533,14.153706103458711
2,1545.0,0.017527666535929923,0.11115495964142266,14.15370633680241
2,1546.0,0.017527668616428245,0.11115495877684392,14.153706567658267
2,1547.0,0.017527670674505884,0.11115495791002913,14.153706796026283
2,1548.0,0.01752767271016284,0.11115495704097828,14.153707021906461
2,1549.0,0.017527674723399115,0.11115495616969137,14.153707245298799
2,1550.0,0.017527676714214707,0.1111549552961684,14.153707466203299
2,1551.0,0.017527678682609616,0.11115495442040936,14.153707684619958
2,1552.0,0.017527680628583845,0.11115495354241427,14.153707900548776
2,1553.0,0.01752768255213739,0.11115495266218312,14.15370811398976
2,1554.0,0.017527684453270253,0.1111549517797159,14.1537083249429
2,1555.0,0.017527686331982435,0.11115495089501264,14.153708533408203
2,1556.0,0.017527688188273934,0.11115495000807331,14.153708739385662
2,1557.0,0.01752769002214475,0.11115494911889791,14.153708942875284
2,1558.0,0.017527691833594882,0.11115494822748646,14.153709143877068
2,1559.0,0.017527693622624334,0.11115494733383895,14.153709342391014
2,1560.0,0.017527695389233103,0.11115494643795537,14.153709538417118
2,1561.0,0.017527697133421193,0.11115494553983574,14.15370973195538
2,1562.0,0.0175276988551886,0.11115494463948004,14.153709923005808
2,1563.0,0.01752770055453532,0.11115494373688829,14.153710111568396
2,1564.0,0.01752770223146136,0.11115494283206048,14.15371029764314
2,1565.0,0.01752770388596672,0.11115494192499661,14.153710481230046
2,1566.0,0.017527705518051395,0.11115494101569667,14.153710662329114
2,1567.0,0.017527707127715387,0.11115494010416069,14.153710840940342
2,1568.0,0.0175277087149587,0.11115493919038863,14.153711017063735
2,1569.0,0.01752771027978133,0.11115493827438053,14.153711190699282
2,1570.0,0.017527711822183274,0.11115493735613635,14.15371136184699
2,1571.0,0.017527713342164537,0.11115493643565612,14.153711530506861
2,1572.0,0.01752771483972512,0.11115493551293983,14.15371169667889
2,1573.0,0.017527716314865018,0.11115493458798748,14.153711860363083
2,1574.0,0.017527717767584237,0.11115493366079907,14.153712021559434
2,1575.0,0.017527719197882773,0.11115493273137458,14.153712180267947
2,1576.0,0.017527720605760626,0.11115493179971406,14.15371233648862
2,1577.0,0.017527721991217795,0.11115493086581747,14.153712490221452
2,1578.0,0.017527723354254284,0.11115492992968481,14.153712641466447
2,1579.0,0.01752772469487009,0.1111549289913161,14.153712790223604
2,1580.0,0.017527726013065213,0.11115492805071132,14.153712936492916
2,1581.0,0.017527727308839655,0.1111549271078705,14.153713080274391
2,1582.0,0.017527728582193414,0.11115492616279361,14.15371322156803
2,1583.0,0.01752772983312649,0.11115492521548065,14.153713360373825
2,1584.0,0.017527731061638883,0.11115492426593164,14.153713496691784
2,1585.0,0.017527732267730595,0.11115492331414657,14.1537136305219
2,1586.0,0.017527733451401625,0.11115492236012543,14.153713761864179
2,1587.0,0.017527734612651974,0.11115492140386825,14.153713890718619
2,1588.0,0.01752773575148164,0.11115492044537499,14.153714017085218
2,1589.0,0.017527736867890623,0.11115491948464569,14.153714140963976
2,1590.0,0.017527737961878922,0.11115491852168032,14.153714262354901
2,1591.0,0.01752773903344654,0.11115491755647888,14.153714381257977
2,1592.0,0.017527740082593477,0.11115491658904139,14.153714497673219
2,1593.0,0.01752774110931973,0.11115491561936784,14.153714611600623
2,1594.0,0.017527742113625303,0.11115491464745822,14.153714723040187
2,1595.0,0.017527743095510192,0.11115491367331255,14.15371483199191
2,1596.0,0.017527744054974398,0.11115491269693083,14.153714938455792
2,1597.0,0.017527744992017924,0.11115491171831303,14.153715042431836
2,1598.0,0.017527745906640763,0.11115491073745917,14.153715143920039
2,1599.0,0.017527746798842926,0.11115490975436927,14.153715242920406
2,1600.0,0.017527747668624402,0.1111549087690433,14.153715339432935
2,1601.0,0.017527748515985198,0.11115490778148127,14.153715433457617
2,1602.0,0.01752774934092531,0.11115490679168318,14.153715524994466
2,1603.0,0.01752775014344474,0.11115490579964903,14.153715614043474
2,1604.0,0.01752775092354349,0.1111549048053788,14.153715700604641
2,1605.0,0.017527751681221556,0.11115490380887254,14.15371578467797
2,1606.0,0.01752775241647894,0.1111549028101302,14.153715866263457
2,1607.0,0.01752775312931564,0.11115490180915182,14.153715945361107
2,1608.0,0.01752775381973166,0.11115490080593736,14.15371602197092
2,1609.0,0.017527754487726997,0.11115489980048684,14.153716096092891
2,1610.0,0.017527755133301653,0.11115489879280029,14.153716167727021
2,1611.0,0.017527755756455626,0.11115489778287765,14.153716236873315
2,1612.0,0.017527756357188916,0.11115489677071895,14.153716303531768
2,1613.0,0.017527756935501522,0.1111548957563242,14.153716367702376
2,1614.0,0.017527757491393448,0.1111548947396934,14.153716429385153
2,1615.0,0.01752775802486469,0.11115489372082653,14.153716488580086
2,1616.0,0.017527758535915254,0.11115489269972359,14.153716545287178
2,1617.0,0.017527759024545134,0.11115489167638459,14.153716599506435
2,1618.0,0.01752775949075433,0.11115489065080955,14.15371665123785
2,1619.0,0.017527759934542843,0.11115488962299844,14.153716700481427
2,1620.0,0.017527760355910676,0.11115488859295126,14.153716747237166
2,1621.0,0.017527760754857825,0.11115488756066803,14.15371679150506
2,1622.0,0.01752776113138429,0.11115488652614874,14.15371683328512
2,1623.0,0.017527761485490075,0.1111548854893934,14.153716872577338
2,1624.0,0.017527761817175178,0.11115488445040198,14.153716909381718
2,1625.0,0.0175277621264396,0.11115488340917451,14.153716943698253
2,1626.0,0.017527762160206854,0.11115488247601292,14.15371694744513
2,1627.0,0.017527762185262755,0.11115488155146111,14.153716950225379
2,1628.0,0.017527762207146656,0.11115488063328041,14.153716952653658
2,1629.0,0.017527762225858553,0.11115487972147083,14.153716954729965
2,1630.0,0.017527762241398445,0.11115487881603234,14.153716956454296
2,1631.0,0.01752776225376634,0.11115487791696496,14.153716957826664
2,1632.0,0.01752776226296223,0.1111548770242687,14.153716958847058
2,1633.0,0.017527762268986117,0.11115487613794355,14.153716959515474
2,1634.0,0.017527762271838002,0.11115487525798949,14.153716959831923
2,1635.0,0.017527762271517887,0.11115487438440655,14.153716959796405
2,1636.0,0.01752776226802577,0.11115487351719472,14.153716959408914
2,1637.0,0.01752776226136165,0.111154872656354,14.15371695866945
2,1638.0,0.01752776225152553,0.11115487180188438,14.153716957578014
2,1639.0,0.017527762238517403,0.11115487095378587,14.153716956134613
2,1640.0,0.017527762222337276,0.11115487011205848,14.153716954339238
2,1641.0,0.01752776220298515,0.11115486927670219,14.153716952191887
2,1642.0,0.017527762180461016,0.11115486844771702,14.15371694969257
2,1643.0,0.017527762154764884,0.11115486762510295,14.15371694684128
2,1644.0,0.017527762125896747,0.11115486680885998,14.153716943638017
2,1645.0,0.01752776209385661,0.11115486599898813,14.15371694008279
2,1646.0,0.01752776205864447,0.1111548651954874,14.153716936175586
2,1647.0,0.01752776202026033,0.11115486439835776,14.153716931916412
2,1648.0,0.017527761978704186,0.11115486360759923,14.15371692730527
2,1649.0,0.017527761933976038,0.11115486282321181,14.153716922342154
2,1650.0,0.017527761886075893,0.11115486204519551,14.153716917027067
2,1651.0,0.017527761835003743,0.1111548612735503,14.153716911360005
2,1652.0,0.01752776178075959,0.11115486050827621,14.153716905340977
2,1653.0,0.017527761723343433,0.11115485974937322,14.153716898969979
2,1654.0,0.017527761662755277,0.11115485899684135,14.153716892247006
2,1655.0,0.01752776159899512,0.1111548582506806,14.153716885172061
2,1656.0,0.01752776153206296,0.11115485751089094,14.153716877745147
2,1657.0,0.017527761461958797,0.11115485677747239,14.153716869966264
2,1658.0,0.01752776138868263,0.11115485605042495,14.153716861835408
2,1659.0,0.017527761312234463,0.11115485532974861,14.153716853352583
2,1660.0,0.017527761232614295,0.1111548546154434,14.153716844517785
2,1661.0,0.017527761149822123,0.11115485390750929,14.153716835331016
2,1662.0,0.01752776106385795,0.11115485320594629,14.153716825792273
2,1663.0,0.017527760974721772,0.11115485251075438,14.15371681590156
2,1664.0,0.017527760882413593,0.1111548518219336,14.15371680565888
2,1665.0,0.017527760786933414,0.11115485113948392,14.153716795064225
2,1666.0,0.017527760688281234,0.11115485046340536,14.153716784117604
2,1667.0,0.01752776058645705,0.1111548497936979,14.153716772819006
2,1668.0,0.01752776048146086,0.11115484913036154,14.153716761168441
2,1669.0,0.017527760373292674,0.1111548484733963,14.153716749165904
2,1670.0,0.017527760261952484,0.11115484782280216,14.153716736811393
2,1671.0,0.01752776014744029,0.11115484717857914,14.153716724104912
2,1672.0,0.017527760029756097,0.11115484654072723,14.153716711046462
2,1673.0,0.017527759908899897,0.11115484590924642,14.153716697636042
2,1674.0,0.0175277597848717,0.11115484528413672,14.153716683873643
2,1675.0,0.017527759657671498,0.11115484466539813,14.153716669759282
2,1676.0,0.017527759527299295,0.11115484405303065,14.153716655292948
2,1677.0,0.017527759393755088,0.11115484344703427,14.153716640474642
2,1678.0,0.01752775925703888,0.11115484284740901,14.153716625304364
2,1679.0,0.01752775911715067,0.11115484225415485,14.153716609782114
2,1680.0,0.01752775897409046,0.11115484166727181,14.153716593907893
2,1681.0,0.017527758827858245,0.11115484108675988,14.153716577681706
2,1682.0,0.01752775867845403,0.11115484051261905,14.153716561103542
2,1683.0,0.01752775852587781,0.11115483994484933,14.15371654417341
2,1684.0,0.01752775837012959,0.11115483938345072,14.153716526891301
2,1685.0,0.017527758211209367,0.11115483882842321,14.153716509257228
2,1686.0,0.017527758049117142,0.11115483827976683,14.153716491271181
2,1687.0,0.017527757883852916,0.11115483773748154,14.153716472933162
2,1688.0,0.017527757715416686,0.11115483720156737,14.153716454243177
2,1689.0,0.017527757543808455,0.11115483667202429,14.153716435201215
2,1690.0,0.017527757369028223,0.11115483614885234,14.153716415807285
2,1691.0,0.017527757191075986,0.11115483563205149,14.153716396061384
2,1692.0,0.01752775700995175,0.11115483512162175,14.153716375963512
2,1693.0,0.017527756825655508,0.1111548346175631,14.153716355513664
2,1694.0,0.017527756638187265,0.11115483411987559,14.15371633471185
2,1695.0,0.017527756447547022,0.11115483362855917,14.153716313558062
2,1696.0,0.017527756253734778,0.11115483314361387,14.153716292052309
2,1697.0,0.01752775605675053,0.11115483266503967,14.15371627019458
2,1698.0,0.017527755856594277,0.11115483219283658,14.153716247984878
2,1699.0,0.017527755653266027,0.1111548317270046,14.153716225423208
2,1700.0,0.017527755446765773,0.11115483126754373,14.153716202509568
2,1701.0,0.017527755237093514,0.11115483081445397,14.153716179243954
2,1702.0,0.017527755024249254,0.11115483036773531,14.153716155626368
2,1703.0,0.017527754808232994,0.11115482992738777,14.153716131656813
2,1704.0,0.017527754589044733,0.11115482949341134,14.153716107335288
2,1705.0,0.017527754366684467,0.11115482906580601,14.153716082661793
2,1706.0,0.017527754141152197,0.11115482864457178,14.153716057636322
2,1707.0,0.01752775391244793,0.11115482822970868,14.153716032258883
2,1708.0,0.017527753680571658,0.11115482782121668,14.153716006529477
2,1709.0,0.017527753445523382,0.11115482741909578,14.153715980448089
2,1710.0,0.01752775320730311,0.111154827023346,14.15371595401474
2,1711.0,0.017527752965910828,0.11115482663396732,14.153715927229415
2,1712.0,0.01752775272134655,0.11115482625095977,14.15371590009212
2,1713.0,0.017527752473610266,0.11115482587432331,14.153715872602856
2,1714.0,0.017527752222701982,0.11115482550405796,14.153715844761617
2,1715.0,0.017527751968621694,0.11115482514016371,14.153715816568406
2,1716.0,0.017527751711369405,0.11115482478264059,14.153715788023229
2,1717.0,0.017527751450945116,0.11115482443148857,14.153715759126078
2,1718.0,0.01752775118734882,0.11115482408670765,14.153715729876957
2,1719.0,0.017527750920580527,0.11115482374829784,14.153715700275866
2,1720.0,0.01752775065064023,0.11115482341625915,14.153715670322804
2,1721.0,0.01752775037752793,0.11115482309059156,14.153715640017769
2,1722.0,0.01752775010124363,0.11115482277129508,14.153715609360765
2,1723.0,0.017527749821787324,0.11115482245836972,14.153715578351784
2,1724.0,0.017527749539159018,0.11115482215181545,14.153715546990837
2,1725.0,0.01752774925335871,0.11115482185163231,14.153715515277916
2,1726.0,0.0175277489643864,0.11115482155782026,14.153715483213025
2,1727.0,0.017527748672242088,0.11115482127037932,14.153715450796165
2,1728.0,0.017527748376925775,0.1111548209893095,14.153715418027334
2,1729.0,0.017527748078437457,0.11115482071461077,14.153715384906528
2,1730.0,0.01752774777677714,0.11115482044628316,14.153715351433755
2,1731.0,0.01752774747194482,0.11115482018432667,14.153715317609013
2,1732.0,0.017527747163940496,0.11115481992874128,14.153715283432291
2,1733.0,0.017527746852764172,0.11115481967952699,14.153715248903607
2,1734.0,0.017527746538415843,0.11115481943668383,14.153715214022947
2,1735.0,0.017527746220895514,0.11115481920021177,14.153715178790316
2,1736.0,0.017527745900203184,0.1111548189701108,14.153715143205718
2,1737.0,0.01752774557633885,0.11115481874638096,14.153715107269145
2,1738.0,0.017527745249302513,0.11115481852902222,14.1537150709806
2,1739.0,0.017527744919094177,0.11115481831803459,14.153715034340083
2,1740.0,0.017527744585713836,0.11115481811341807,14.1537149973476
2,1741.0,0.017527744249161495,0.11115481791517266,14.153714960003144
2,1742.0,0.01752774390943715,0.11115481772329835,14.153714922306719
2,1743.0,0.017527743566540802,0.11115481753779516,14.153714884258317
2,1744.0,0.017527743220472455,0.11115481735866307,14.15371484585795
2,1745.0,0.017527742871232103,0.1111548171859021,14.153714807105603
2,1746.0,0.01752774251881975,0.11115481701951223,14.153714768001294
2,1747.0,0.017527742163235396,0.11115481685949347,14.15371472854501
2,1748.0,0.01752774180447904,0.11115481670584582,14.153714688736756
2,1749.0,0.01752774144255068,0.11115481655856928,14.153714648576532
2,1750.0,0.01752774107745032,0.11115481641766384,14.153714608064336
2,1751.0,0.017527740709177956,0.11115481628312952,14.153714567200165
2,1752.0,0.01752774033773359,0.11115481615496631,14.153714525984029
2,1753.0,0.017527739963117222,0.11115481603317419,14.153714484415922
2,1754.0,0.017527739585328852,0.1111548159177532,14.15371444249584
2,1755.0,0.01752773920436848,0.1111548158087033,14.153714400223786
2,1756.0,0.017527738820236106,0.11115481570602452,14.153714357599762
2,1757.0,0.01752773843293173,0.11115481560971685,14.15371431462377
2,1758.0,0.017527738042455353,0.11115481551978029,14.153714271295804
2,1759.0,0.01752773764880697,0.11115481543621483,14.153714227615865
2,1760.0,0.01752773725198659,0.11115481535902048,14.153714183583961
2,1761.0,0.017527736851994203,0.11115481528819725,14.15371413920008
2,1762.0,0.017527736448829816,0.11115481522374512,14.153714094464231
2,1763.0,0.017527736042493428,0.11115481516566411,14.15371404937641
2,1764.0,0.017527735632985035,0.1111548151139542,14.15371400393662
2,1765.0,0.01752773522030464,0.1111548150686154,14.153713958144854
2,1766.0,0.017527734804452248,0.1111548150296477,14.153713912001121
2,1767.0,0.01752773438542785,0.11115481499705111,14.15371386550542
2,1768.0,0.01752773396323145,0.11115481497082563,14.15371381865774
2,1769.0,0.01752773353786305,0.11115481495097126,14.153713771458094
2,1770.0,0.017527733109322645,0.11115481493748801,14.153713723906478
2,1771.0,0.01752773267761024,0.11115481493037586,14.153713676002887
2,1772.0,0.01752773224272583,0.11115481492963482,14.153713627747328
2,1773.0,0.01752773180466942,0.11115481493526488,14.153713579139795
2,1774.0,0.017527731363441008,0.11115481494726606,14.15371353018029
2,1775.0,0.017527730919040592,0.11115481496563835,14.153713480868817
2,1776.0,0.017527730471468175,0.11115481499038175,14.153713431205372
2,1777.0,0.017527730020723758,0.11115481502149625,14.153713381189958
2,1778.0,0.017527729566807336,0.11115481505898187,14.153713330822573
2,1779.0,0.017527729109718913,0.11115481510283859,14.153713280103212
2,1780.0,0.017527728649458486,0.11115481515306641,14.153713229031883
2,1781.0,0.017527728186026062,0.11115481520966534,14.153713177608584
2,1782.0,0.01752772771942163,0.11115481527263539,14.15371312583331
2,1783.0,0.0175277272496452,0.11115481534197655,14.153713073706069
2,1784.0,0.017527726776696766,0.11115481541768882,14.153713021226853
2,1785.0,0.017527726300576328,0.11115481549977219,14.153712968395672
2,1786.0,0.017527725821283893,0.11115481558822667,14.153712915212516
2,1787.0,0.017527725338819453,0.11115481568305226,14.15371286167739
2,1788.0,0.01752772485318301,0.11115481578424896,14.15371280779029
2,1789.0,0.017527724364374563,0.11115481589181676,14.153712753551222
2,1790.0,0.017527723872394117,0.11115481600575569,14.153712698960177
2,1791.0,0.017527723462830914,0.11115481618808158,14.153712653514303
2,1792.0,0.017527723055928316,0.11115481637006962,14.153712608363659
2,1793.0,0.017527722651501078,0.11115481655157339,14.153712563487682
2,1794.0,0.0175277222495492,0.11115481673259286,14.15371251888637
2,1795.0,0.017527721850072685,0.11115481691312808,14.153712474559738
2,1796.0,0.017527721453071535,0.111154817093179,14.153712430507772
2,1797.0,0.017527721058545744,0.11115481727274563,14.153712386730476
2,1798.0,0.017527720666495314,0.111154817451828,14.15371234322785
2,1799.0,0.017527720276920244,0.11115481763042606,14.153712299999894
2,1800.0,0.017527719889820537,0.11115481780853986,14.153712257046614
2,1801.0,0.017527719505196195,0.11115481798616937,14.153712214368001
2,1802.0,0.017527719123047212,0.1111548181633146,14.153712171964056
2,1803.0,0.01752771874337359,0.11115481833997555,14.153712129834783
2,1804.0,0.017527718366175327,0.11115481851615222,14.153712087980184
2,1805.0,0.01752771799145243,0.11115481869184461,14.153712046400253
2,1806.0,0.017527717619204894,0.11115481886705271,14.153712005094995
2,1807.0,0.017527717249432716,0.11115481904177654,14.153711964064405
2,1808.0,0.017527716882135905,0.11115481921601608,14.153711923308487
2,1809.0,0.01752771651731445,0.11115481938977134,14.153711882827237
2,1810.0,0.01752771615496836,0.11115481956304232,14.153711842620657
2,1811.0,0.017527715795097633,0.11115481973582902,14.153711802688749
2,1812.0,0.017527715437702263,0.11115481990813143,14.153711763031517
2,1813.0,0.01752771508278226,0.11115482007994958,14.15371172364895
2,1814.0,0.017527714730337613,0.11115482025128343,14.153711684541054
2,1815.0,0.01752771438036833,0.111154820422133,14.15371164570783
2,1816.0,0.017527714032874408,0.11115482059249829,14.153711607149278
2,1817.0,0.01752771368785585,0.11115482076237929,14.153711568865393
2,1818.0,0.01752771334531265,0.11115482093177602,14.153711530856182
2,1819.0,0.017527713005244815,0.11115482110068846,14.153711493121639
2,1820.0,0.01752771266765234,0.11115482126911663,14.153711455661767
2,1821.0,0.017527712332535226,0.11115482143706051,14.153711418476565
2,1822.0,0.017527711999893475,0.11115482160452012,14.153711381566035
2,1823.0,0.017527711669727084,0.11115482177149542,14.153711344930176
2,1824.0,0.017527711342036057,0.11115482193798647,14.153711308568987
2,1825.0,0.01752771101682039,0.11115482210399322,14.15371127248247
2,1826.0,0.017527710694080084,0.1111548222695157,14.153711236670619
2,1827.0,0.01752771037381514,0.1111548224345539,14.153711201133444
2,1828.0,0.017527710056025558,0.1111548225991078,14.153711165870934
2,1829.0,0.01752770974071134,0.11115482276317742,14.1537111308831
2,1830.0,0.01752770942787248,0.11115482292676278,14.153711096169934
2,1831.0,0.01752770911750898,0.11115482308986384,14.153711061731437
2,1832.0,0.017527708809620846,0.11115482325248063,14.153711027567612
2,1833.0,0.01752770850420807,0.11115482341461314,14.153710993678459
2,1834.0,0.017527708201270656,0.11115482357626136,14.153710960063977
2,1835.0,0.017527707900808605,0.1111548237374253,14.153710926724163
2,1836.0,0.017527707602821917,0.11115482389810495,14.153710893659024
2,1837.0,0.017527707307310587,0.11115482405830034,14.153710860868548
2,1838.0,0.017527707014274623,0.11115482421801143,14.153710828352752
2,1839.0,0.017527706723714016,0.11115482437723824,14.153710796111618
2,1840.0,0.017527706435628773,0.11115482453598077,14.15371076414516
2,1841.0,0.01752770615001889,0.11115482469423903,14.153710732453373
2,1842.0,0.01752770586688437,0.111154824852013,14.153710701036253
2,1843.0,0.017527705586225212,0.11115482500930268,14.153710669893805
2,1844.0,0.017527705308041416,0.11115482516610808,14.153710639026025
2,1845.0,0.01752770503233298,0.11115482532242922,14.15371060843292
2,1846.0,0.017527704759099906,0.11115482547826606,14.153710578114485
2,1847.0,0.017527704488342195,0.11115482563361861,14.15371054807072
2,1848.0,0.017527704220059843,0.1111548257884869,14.153710518301622
2,1849.0,0.017527703954252852,0.1111548259428709,14.153710488807201
2,1850.0,0.017527703690921225,0.11115482609677062,14.153710459587444
2,1851.0,0.01752770343006496,0.11115482625018605,14.153710430642363
2,1852.0,0.017527703171684055,0.1111548264031172,14.153710401971951
2,1853.0,0.017527702915778515,0.11115482655556408,14.153710373576208
2,1854.0,0.01752770266234833,0.11115482670752667,14.153710345455137
2,1855.0,0.017527702411393512,0.11115482685900498,14.153710317608736
2,1856.0,0.017527702162914053,0.11115482700999901,14.153710290037006
2,1857.0,0.017527701916909957,0.11115482716050876,14.153710262739947
2,1858.0,0.017527701673381222,0.11115482731053422,14.15371023571756
2,1859.0,0.01752770143232785,0.1111548274600754,14.153710208969839
2,1860.0,0.01752770119374984,0.1111548276091323,14.153710182496791
2,1861.0,0.017527700957647187,0.11115482775770492,14.153710156298414
2,1862.0,0.0175277007240199,0.11115482790579326,14.153710130374709
2,1863.0,0.017527700492867972,0.11115482805339733,14.153710104725674
2,1864.0,0.017527700264191405,0.1111548282005171,14.153710079351308
2,1865.0,0.0175277000379902,0.11115482834715258,14.153710054251615
2,1866.0,0.01752769981426436,0.1111548284933038,14.15371002942659
2,1867.0,0.01752769959301388,0.11115482863897073,14.153710004876235
2,1868.0,0.01752769937423876,0.11115482878415338,14.153709980600555
2,1869.0,0.017527699157939003,0.11115482892885174,14.153709956599544
2,1870.0,0.017527698944114607,0.11115482907306584,14.153709932873195
2,1871.0,0.01752769873276557,0.11115482921679563,14.15370990942153
2,1872.0,0.0175276985238919,0.11115482936004116,14.153709886244526
2,1873.0,0.017527698317493588,0.11115482950280241,14.153709863342199
2,1874.0,0.017527698113570637,0.11115482964507936,14.153709840714535
2,1875.0,0.01752769791212305,0.11115482978687204,14.153709818361547
2,1876.0,0.017527697713150825,0.11115482992818045,14.15370979628323
2,1877.0,0.017527697516653958,0.11115483006900456,14.153709774479582
2,1878.0,0.017527697322632454,0.11115483020934439,14.153709752950608
2,1879.0,0.017527697131086314,0.11115483034919994,14.153709731696303
2,1880.0,0.017527696942015534,0.11115483048857121,14.153709710716665
2,1881.0,0.017527696755420114,0.1111548306274582,14.153709690011697
2,1882.0,0.017527696571300058,0.11115483076586091,14.153709669581406
2,1883.0,0.017527696389655362,0.11115483090377934,14.153709649425778
2,1884.0,0.017527696210486027,0.11115483104121349,14.153709629544826
2,1885.0,0.017527696033792055,0.11115483117816334,14.153709609938543
2,1886.0,0.017527695859573443,0.11115483131462893,14.153709590606931
2,1887.0,0.017527695687830195,0.11115483145061023,14.15370957154999
2,1888.0,0.017527695518562307,0.11115483158610724,14.15370955276772
2,1889.0,0.017527695351769783,0.11115483172111998,14.15370953426012
2,1890.0,0.01752769518745262,0.11115483185564844,14.153709516027188
2,1891.0,0.017527695025610815,0.11115483198969262,14.153709498068931
2,1892.0,0.017527694866244375,0.1111548321232525,14.153709480385341
2,1893.0,0.017527694709353295,0.1111548322563281,14.153709462976424
2,1894.0,0.017527694554937575,0.11115483238891945,14.153709445842175
2,1895.0,0.01752769440299722,0.1111548325210265,14.153709428982598
2,1896.0,0.017527694253532223,0.11115483265264925,14.153709412397694
2,1897.0,0.01752769410654259,0.11115483278378774,14.153709396087459
2,1898.0,0.01752769396202832,0.11115483291444195,14.153709380051891
2,1899.0,0.017527693819989407,0.11115483304461186,14.153709364291
2,1900.0,0.01752769368042586,0.1111548331742975,14.153709348804774
2,1901.0,0.017527693543337674,0.11115483330349886,14.153709333593223
2,1902.0,0.017527693408724846,0.11115483343221594,14.153709318656341
2,1903.0,0.017527693276587382,0.11115483356044874,14.153709303994129
2,1904.0,0.01752769314692528,0.11115483368819724,14.153709289606587
2,1905.0,0.01752769301973854,0.11115483381546148,14.153709275493714
2,1906.0,0.01752769289502716,0.11115483394224143,14.153709261655514
2,1907.0,0.017527692772791145,0.1111548340685371,14.153709248091985
2,1908.0,0.01752769265303049,0.11115483419434849,14.153709234803125
2,1909.0,0.017527692535745192,0.1111548343196756,14.153709221788937
2,1910.0,0.01752769242093526,0.11115483444451842,14.153709209049419
2,1911.0,0.017527692308600688,0.11115483456887697,14.153709196584572
2,1912.0,0.01752769219874148,0.11115483469275123,14.153709184394396
2,1913.0,0.01752769209135763,0.1111548348161412,14.15370917247889
2,1914.0,0.017527691986449143,0.1111548349390469,14.153709160838053
2,1915.0,0.017527691884016018,0.11115483506146831,14.153709149471888
2,1916.0,0.017527691784058254,0.11115483518340545,14.153709138380396
2,1917.0,0.017527691686575853,0.1111548353048583,14.153709127563573
2,1918.0,0.017527691591568813,0.11115483542582688,14.15370911702142
2,1919.0,0.017527691499037136,0.11115483554631117,14.153709106753935
2,1920.0,0.017527691408980816,0.11115483566631118,14.153709096761125
2,1921.0,0.017527691321399863,0.11115483578582691,14.153709087042984
2,1922.0,0.017527691236294267,0.11115483590485835,14.153709077599514
2,1923.0,0.017527691153664034,0.11115483602340552,14.153709068430713
2,1924.0,0.017527691073509166,0.1111548361414684,14.153709059536581
2,1925.0,0.017527690995829657,0.111154836259047,14.153709050917124
2,1926.0,0.01752769092062551,0.11115483637614132,14.153709042572336
2,1927.0,0.017527690847896724,0.11115483649275136,14.153709034502217
2,1928.0,0.0175276907776433,0.11115483660887711,14.15370902670677
2,1929.0,0.017527690709865235,0.11115483672451859,14.153709019185996
2,1930.0,0.017527690644562534,0.11115483683967578,14.153709011939885
2,1931.0,0.017527690581735193,0.11115483695434869,14.153709004968453
2,1932.0,0.017527690521383216,0.11115483706853732,14.153708998271691
2,1933.0,0.0175276904635066,0.11115483718224167,14.153708991849596
2,1934.0,0.017527690408105343,0.11115483729546174,14.153708985702169
2,1935.0,0.01752769035517945,0.11115483740819752,14.153708979829418
2,1936.0,0.017527690304728918,0.11115483752044902,14.153708974231336
2,1937.0,0.01752769025675375,0.11115483763221626,14.153708968907926
2,1938.0,0.01752769021125394,0.1111548377434992,14.153708963859184
2,1939.0,0.01752769016822949,0.11115483785429785,14.153708959085115
2,1940.0,0.017527690127680406,0.11115483796461223,14.153708954585715
2,1941.0,0.01752769008960668,0.11115483807444233,14.153708950360986
2,1942.0,0.01752769005400832,0.11115483818378814,14.153708946410926
2,1943.0,0.01752769002088532,0.11115483829264967,14.153708942735536
2,1944.0,0.01752768999023768,0.11115483840102693,14.15370893933482
2,1945.0,0.017527689962065402,0.1111548385089199,14.153708936208771
2,1946.0,0.017527689936368485,0.11115483861632859,14.153708933357395
2,1947.0,0.017527689913146932,0.11115483872325299,14.15370893078069
2,1948.0,0.01752768989240074,0.11115483882969313,14.153708928478654
2,1949.0,0.017527689874129906,0.11115483893564897,14.153708926451293
2,1950.0,0.017527689858334437,0.11115483904112053,14.153708924698599
2,1951.0,0.01752768984501433,0.11115483914610781,14.153708923220575
2,1952.0,0.017527689834169583,0.1111548392506108,14.15370892201722
2,1953.0,0.017527689825800198,0.11115483935462953,14.153708921088539
2,1954.0,0.017527689819906173,0.11115483945816396,14.153708920434527
2,1955.0,0.017527689816487512,0.11115483956121412,14.153708920055188
2,1956.0,0.01752768981554421,0.11115483966378,14.153708919950516
2,1957.0,0.017527689817076274,0.11115483976586159,14.153708920120518
2,1958.0,0.017527689821083697,0.11115483986745889,14.153708920565188
2,1959.0,0.01752768982756648,0.11115483996857192,14.153708921284528
2,1960.0,0.017527689836524626,0.11115484006920066,14.153708922278541
2,1961.0,0.017527689847958133,0.11115484016934513,14.153708923547224
2,1962.0,0.017527689861867004,0.11115484026900532,14.153708925090578
2,1963.0,0.017527689878251235,0.11115484036818121,14.153708926908601
2,1964.0,0.017527689897110826,0.11115484046687284,14.153708929001295
2,1965.0,0.01752768991844578,0.11115484056508018,14.15370893136866
2,1966.0,0.017527689942256095,0.11115484066280323,14.153708934010696
2,1967.0,0.017527689968541774,0.11115484076004202,14.153708936927405
2,1968.0,0.017527689997302812,0.11115484085679651,14.15370894011878
2,1969.0,0.01752769002853921,0.11115484095306673,14.153708943584828
2,1970.0,0.017527690062250974,0.11115484104885265,14.153708947325544
2,1971.0,0.017527690098438096,0.1111548411441543,14.153708951340933
2,1972.0,0.017527690137100583,0.11115484123897167,14.153708955630991
2,1973.0,0.01752769017823843,0.11115484133330476,14.153708960195724
2,1974.0,0.017527690221851636,0.11115484142715357,14.153708965035124
2,1975.0,0.017527690267940207,0.11115484152051809,14.153708970149193
2,1976.0,0.017527690316504137,0.11115484161339834,14.153708975537937
2,1977.0,0.017527690367543432,0.11115484170579429,14.15370898120135
2,1978.0,0.017527690421058086,0.11115484179770597,14.153708987139433
2,1979.0,0.0175276904770481,0.11115484188913337,14.153708993352186
2,1980.0,0.01752769053551348,0.11115484198007648,14.15370899983961
2,1981.0,0.017527690596454218,0.11115484207053532,14.153709006601705
2,1982.0,0.01752769065987032,0.11115484216050987,14.15370901363847
2,1983.0,0.01752769072576178,0.11115484225000015,14.153709020949904
2,1984.0,0.017527690794128605,0.11115484233900613,14.153709028536012
2,1985.0,0.01752769086497079,0.11115484242752784,14.153709036396789
2,1986.0,0.017527690938288338,0.11115484251556527,14.153709044532233
2,1987.0,0.017527691014081245,0.11115484260311842,14.153709052942355
2,1988.0,0.017527691092349515,0.11115484269018727,14.153709061627142
2,1989.0,0.01752769117309315,0.11115484277677186,14.153709070586602
2,1990.0,0.01752769125631214,0.11115484286287217,14.153709079820732
2,1991.0,0.017527691342006498,0.11115484294848818,14.153709089329533
2,1992.0,0.017527691430176212,0.11115484303361992,14.153709099113003
2,1993.0,0.01752769152082129,0.11115484311826737,14.153709109171146
2,1994.0,0.01752769161394173,0.11115484320243055,14.153709119503956
2,1995.0,0.01752769170953753,0.11115484328610944,14.153709130111439
2,1996.0,0.017527691807608693,0.11115484336930405,14.153709140993595
2,1997.0,0.01752769190815522,0.11115484345201439,14.15370915215042
2,1998.0,0.017527692011177105,0.11115484353424043,14.153709163581913
2,1999.0,0.01752769211667435,0.1111548436159822,14.153709175288077
2,2000.0,0.01752769222464696,0.11115484369723969,14.153709187268914
2,2001.0,0.017527692336904023,0.11115484374284136,14.153709199725158
2,2002.0,0.01752769245046752,0.11115484376592848,14.153709212326374
2,2003.0,0.017527692563634983,0.11115484378883547,14.153709224883638
2,2004.0,0.017527692676406418,0.11115484381156235,14.15370923739696
2,2005.0,0.017527692788781826,0.11115484383410909,14.153709249866342
2,2006.0,0.0175276929007612,0.1111548438564757,14.153709262291773
2,2007.0,0.017527693012344546,0.11115484387866219,14.153709274673265
2,2008.0,0.017527693123531862,0.11115484390066854,14.153709287010809
2,2009.0,0.017527693234323148,0.11115484392249478,14.153709299304412
2,2010.0,0.017527693344718404,0.11115484394414088,14.153709311554067
2,2011.0,0.01752769345471763,0.11115484396560686,14.15370932375978
2,2012.0,0.017527693564320827,0.11115484398689271,14.15370933592155
2,2013.0,0.01752769367352799,0.11115484400799844,14.153709348039378
2,2014.0,0.017527693782339128,0.11115484402892403,14.153709360113252
2,2015.0,0.017527693890754235,0.11115484404966951,14.153709372143192
2,2016.0,0.01752769399877331,0.11115484407023485,14.153709384129185
2,2017.0,0.017527694106396357,0.11115484409062007,14.153709396071234
2,2018.0,0.017527694213623372,0.11115484411082516,14.153709407969336
2,2019.0,0.01752769432045436,0.11115484413085011,14.153709419823496
2,2020.0,0.017527694426889315,0.11115484415069496,14.153709431633711
2,2021.0,0.017527694532928243,0.11115484417035966,14.15370944339998
2,2022.0,0.01752769463857114,0.11115484418984424,14.153709455122307
2,2023.0,0.017527694743818007,0.1111548442091487,14.153709466800688
2,2024.0,0.017527694848668843,0.11115484422827303,14.153709478435127
2,2025.0,0.01752769495312365,0.11115484424721722,14.153709490025625
2,2026.0,0.017527695057182425,0.1111548442659813,14.153709501572175
2,2027.0,0.017527695160845173,0.11115484428456525,14.153709513074782
2,2028.0,0.017527695264111888,0.11115484430296907,14.153709524533438
2,2029.0,0.017527695366982576,0.11115484432119276,14.153709535948158
2,2030.0,0.017527695469457233,0.11115484433923632,14.153709547318932
2,2031.0,0.01752769557153586,0.11115484435709976,14.15370955864576
2,2032.0,0.017527695673218456,0.11115484437478307,14.153709569928644
2,2033.0,0.017527695774505025,0.11115484439228626,14.153709581167588
2,2034.0,0.01752769587539556,0.11115484440960931,14.153709592362581
2,2035.0,0.01752769597589007,0.11115484442675225,14.153709603513636
2,2036.0,0.017527696075988548,0.11115484444371504,14.153709614620741
2,2037.0,0.017527696175690995,0.11115484446049773,14.15370962568391
2,2038.0,0.017527696274997413,0.11115484447710026,14.153709636703127
2,2039.0,0.0175276963739078,0.1111548444935227,14.153709647678403
2,2040.0,0.017527696472422156,0.11115484450976498,14.153709658609731
2,2041.0,0.017527696570540482,0.11115484452582716,14.15370966949712
2,2042.0,0.01752769666826278,0.1111548445417092,14.153709680340565
2,2043.0,0.01752769676558905,0.1111548445574111,14.15370969114006
2,2044.0,0.017527696862519287,0.1111548445729329,14.153709701895616
2,2045.0,0.017527696959053495,0.11115484458827456,14.153709712607228
2,2046.0,0.017527697055191672,0.1111548446034361,14.153709723274892
2,2047.0,0.01752769715093382,0.1111548446184175,14.153709733898616
2,2048.0,0.017527697246279936,0.11115484463321877,14.153709744478395
2,2049.0,0.017527697341230025,0.11115484464783992,14.153709755014225
2,2050.0,0.017527697435784084,0.11115484466228095,14.153709765506116
2,2051.0,0.01752769752994211,0.11115484467654185,14.153709775954063
2,2052.0,0.017527697623704108,0.11115484469062262,14.153709786358062
2,2053.0,0.01752769771707008,0.11115484470452326,14.153709796718118
2,2054.0,0.017527697810040016,0.11115484471824379,14.15370980703423
2,2055.0,0.017527697902613923,0.11115484473178418,14.153709817306398
2,2056.0,0.017527697994791803,0.11115484474514443,14.153709827534623
2,2057.0,0.01752769808657365,0.11115484475832457,14.153709837718903
2,2058.0,0.017527698177959468,0.11115484477132458,14.153709847859238
2,2059.0,0.017527698268949257,0.11115484478414446,14.153709857955631
2,2060.0,0.017527698359543015,0.11115484479678422,14.153709868008077
2,2061.0,0.017527698449740742,0.11115484480924384,14.15370987801658
2,2062.0,0.017527698539542443,0.11115484482152335,14.15370988798114
2,2063.0,0.01752769862894811,0.11115484483362272,14.15370989790175
2,2064.0,0.01752769871795775,0.11115484484554197,14.153709907778424
2,2065.0,0.01752769880657136,0.11115484485728108,14.153709917611152
2,2066.0,0.017527698894788935,0.11115484486884009,14.153709927399932
2,2067.0,0.017527698982610487,0.11115484488021894,14.153709937144772
2,2068.0,0.017527699070036006,0.11115484489141768,14.153709946845664
2,2069.0,0.017527699157065493,0.1111548449024363,14.153709956502617
2,2070.0,0.01752769924369895,0.11115484491327478,14.15370996611562
2,2071.0,0.01752769932993638,0.11115484492393314,14.153709975684679
2,2072.0,0.01752769941577778,0.11115484493441137,14.1537099852098
2,2073.0,0.01752769950122315,0.11115484494470947,14.15370999469097
2,2074.0,0.01752769958627249,0.11115484495482746,14.153710004128197
2,2075.0,0.0175276996709258,0.1111548449647653,14.153710013521483
2,2076.0,0.017527699755183077,0.11115484497452302,14.153710022870822
2,2077.0,0.017527699839044324,0.11115484498410062,14.15371003217622
2,2078.0,0.017527699922509545,0.11115484499349809,14.153710041437673
2,2079.0,0.017527700005578736,0.11115484500271543,14.15371005065518
2,2080.0,0.017527700088251896,0.11115484501175264,14.15371005982874
2,2081.0,0.017527700170529025,0.11115484502060972,14.153710068958361
2,2082.0,0.017527700252410124,0.11115484502928669,14.153710078044032
2,2083.0,0.017527700333895193,0.11115484503778353,14.153710087085766
2,2084.0,0.01752770041498423,0.11115484504610024,14.153710096083554
2,2085.0,0.017527700495677243,0.11115484505423681,14.153710105037394
2,2086.0,0.01752770057597422,0.11115484506219327,14.153710113947291
2,2087.0,0.01752770065587517,0.11115484506996959,14.153710122813248
2,2088.0,0.01752770073538009,0.11115484507756579,14.153710131635256
2,2089.0,0.01752770081448898,0.11115484508498186,14.153710140413322
2,2090.0,0.017527700893201843,0.1111548450922178,14.153710149147441
2,2091.0,0.01752770097151867,0.11115484509927362,14.15371015783762
2,2092.0,0.01752770104943947,0.11115484510614931,14.153710166483853
2,2093.0,0.01752770112696424,0.11115484511284487,14.153710175086141
2,2094.0,0.017527701204092982,0.11115484511936032,14.153710183644487
2,2095.0,0.017527701280825692,0.11115484512569562,14.153710192158886
2,2096.0,0.017527701357162372,0.1111548451318508,14.153710200629344
2,2097.0,0.017527701433103022,0.11115484513782586,14.153710209055856
2,2098.0,0.01752770150864764,0.11115484514362078,14.153710217438421
2,2099.0,0.017527701583796233,0.11115484514923558,14.153710225777049
2,2100.0,0.01752770165854879,0.11115484515467026,14.153710234071722
2,2101.0,0.017527701732905323,0.11115484515992481,14.153710242322461
2,2102.0,0.017527701806865824,0.11115484516499922,14.153710250529253
2,2103.0,0.017527701880430294,0.11115484516989352,14.1537102586921
2,2104.0,0.017527701953598734,0.11115484517460769,14.153710266811
2,2105.0,0.017527702026371144,0.11115484517914173,14.153710274885958
2,2106.0,0.017527702098747527,0.11115484518349564,14.15371028291697
2,2107.0,0.017527702170727875,0.11115484518766942,14.15371029090404
2,2108.0,0.017527702242312197,0.11115484519166308,14.153710298847168
2,2109.0,0.01752770231350049,0.11115484519547661,14.15371030674635
2,2110.0,0.01752770238429275,0.11115484519911002,14.153710314601586
2,2111.0,0.01752770245468898,0.1111548452025633,14.15371032241288
2,2112.0,0.01752770252468918,0.11115484520583645,14.15371033018023
2,2113.0,0.017527702594293353,0.11115484520892947,14.153710337903636
2,2114.0,0.017527702663501493,0.11115484521184237,14.153710345583095
2,2115.0,0.017527702732313605,0.11115484521457514,14.15371035321861
2,2116.0,0.017527702800729687,0.11115484521712778,14.153710360810184
2,2117.0,0.017527702868749738,0.1111548452195003,14.15371036835781
2,2118.0,0.01752770293637376,0.11115484522169268,14.153710375861497
2,2119.0,0.01752770300360175,0.11115484522370495,14.153710383321233
2,2120.0,0.01752770307043371,0.11115484522553708,14.153710390737029
2,2121.0,0.017527703136869643,0.11115484522718908,14.153710398108883
2,2122.0,0.017527703202909545,0.11115484522866097,14.153710405436788
2,2123.0,0.017527703268553414,0.11115484522995271,14.153710412720748
2,2124.0,0.017527703333801256,0.11115484523106434,14.153710419960769
2,2125.0,0.017527703398653068,0.11115484523199584,14.153710427156843
2,2126.0,0.01752770346310885,0.11115484523274721,14.153710434308975
2,2127.0,0.017527703527168603,0.11115484523331845,14.153710441417159
2,2128.0,0.017527703590832323,0.11115484523370957,14.1537104484814
2,2129.0,0.017527703654100016,0.11115484523392057,14.153710455501695
2,2130.0,0.01752770371697168,0.11115484523395143,14.153710462478053
2,2131.0,0.01752770377944731,0.11115484523380216,14.153710469410463
2,2132.0,0.017527703841526913,0.11115484523347277,14.153710476298924
2,2133.0,0.017527703903210484,0.11115484523296326,14.153710483143445
2,2134.0,0.017527703964498025,0.11115484523227362,14.153710489944022
2,2135.0,0.017527704025389536,0.11115484523140384,14.153710496700656
2,2136.0,0.01752770408588502,0.11115484523035395,14.153710503413343
2,2137.0,0.017527704145984473,0.11115484522912392,14.153710510082085
2,2138.0,0.017527704205687895,0.11115484522771377,14.153710516706887
2,2139.0,0.017527704264995288,0.11115484522612348,14.153710523287744
2,2140.0,0.01752770432390665,0.11115484522435308,14.153710529824655
2,2141.0,0.01752770438242198,0.11115484522240254,14.15371053631762
2,2142.0,0.017527704440541282,0.11115484522027189,14.153710542766644
2,2143.0,0.017527704498264556,0.1111548452179611,14.153710549171722
2,2144.0,0.0175277045555918,0.11115484521547019,14.153710555532857
2,2145.0,0.017527704612523013,0.11115484521279914,14.153710561850048
2,2146.0,0.017527704669058192,0.11115484520994798,14.153710568123293
2,2147.0,0.017527704725197348,0.11115484520691668,14.153710574352594
2,2148.0,0.01752770478094047,0.11115484520370526,14.153710580537952
2,2149.0,0.01752770483628756,0.11115484520031371,14.153710586679365
2,2150.0,0.017527704891238626,0.11115484519674204,14.153710592776838
2,2151.0,0.017527704945793657,0.11115484519299024,14.153710598830362
2,2152.0,0.01752770499995266,0.1111548451890583,14.153710604839938
2,2153.0,0.017527705053715634,0.11115484518494624,14.153710610805579
2,2154.0,0.017527705107082577,0.11115484518065406,14.153710616727269
2,2155.0,0.01752770516005349,0.11115484517618175,14.153710622605018
2,2156.0,0.017527705212628374,0.1111548451715293,14.153710628438825
2,2157.0,0.017527705264807226,0.11115484516669674,14.153710634228684
2,2158.0,0.01752770531659005,0.11115484516168406,14.1537106399746
2,2159.0,0.017527705367976845,0.11115484515649124,14.153710645676572
2,2160.0,0.017527705418967605,0.11115484515111829,14.153710651334595
2,2161.0,0.017527705469562338,0.11115484514556521,14.15371065694868
2,2162.0,0.017527705519761044,0.11115484513983201,14.153710662518819
2,2163.0,0.017527705569563717,0.11115484513391868,14.153710668045017
2,2164.0,0.01752770561897036,0.11115484512782522,14.153710673527266
2,2165.0,0.017527705667980974,0.11115484512155165,14.153710678965572
2,2166.0,0.017527705716595558,0.11115484511509793,14.153710684359936
2,2167.0,0.017527705764814112,0.1111548451084641,14.153710689710353
2,2168.0,0.017527705812636636,0.11115484510165013,14.153710695016823
2,2169.0,0.01752770586006313,0.11115484509465605,14.153710700279355
2,2170.0,0.017527705907093592,0.11115484508748183,14.15371070549794
2,2171.0,0.017527705953728025,0.11115484508012749,14.15371071067258
2,2172.0,0.01752770599996643,0.11115484507259302,14.15371071580328
2,2173.0,0.017527706045808805,0.11115484506487842,14.153710720890032
2,2174.0,0.01752770609125515,0.1111548450569837,14.153710725932843
2,2175.0,0.017527706136305464,0.11115484504890885,14.153710730931707
2,2176.0,0.017527706180959748,0.11115484504065387,14.153710735886627
2,2177.0,0.017527706225218,0.11115484503221876,14.153710740797598
2,2178.0,0.017527706269080224,0.11115484502360352,14.153710745664632
2,2179.0,0.01752770631254642,0.11115484501480817,14.153710750487718
2,2180.0,0.017527706355616582,0.11115484500583268,14.153710755266863
2,2181.0,0.017527706398290717,0.11115484499667706,14.15371076000206
2,2182.0,0.01752770644056882,0.11115484498734132,14.153710764693317
2,2183.0,0.017527706482450896,0.11115484497782546,14.153710769340629
2,2184.0,0.01752770652393694,0.11115484496812947,14.153710773943992
2,2185.0,0.017527706565026956,0.11115484495825334,14.153710778503417
2,2186.0,0.01752770660572094,0.11115484494819709,14.153710783018894
2,2187.0,0.017527706646018895,0.11115484493796073,14.153710787490427
2,2188.0,0.01752770668592082,0.11115484492754421,14.15371079191802
2,2189.0,0.017527706725426716,0.11115484491694759,14.153710796301663
2,2190.0,0.01752770676453658,0.11115484490617084,14.153710800641361
2,2191.0,0.017527706803250415,0.11115484489521395,14.15371080493712
2,2192.0,0.01752770684156822,0.11115484488407694,14.153710809188935
2,2193.0,0.017527706879489995,0.1111548448727598,14.153710813396803
2,2194.0,0.017527706917015738,0.11115484486126254,14.153710817560729
2,2195.0,0.017527706954145454,0.11115484484958514,14.15371082168071
2,2196.0,0.01752770699087914,0.11115484483772763,14.153710825756745
2,2197.0,0.017527707027216795,0.11115484482568998,14.153710829788835
2,2198.0,0.01752770706315842,0.1111548448134722,14.153710833776984
2,2199.0,0.017527707098704014,0.1111548448010743,14.153710837721192
2,2200.0,0.01752770713385358,0.11115484478849627,14.153710841621447
2,2201.0,0.017527707168607114,0.11115484477573812,14.153710845477761
2,2202.0,0.01752770720296462,0.11115484476279984,14.153710849290134
2,2203.0,0.017527707236926097,0.11115484474968143,14.15371085305856
2,2204.0,0.017527707270491542,0.1111548447363829,14.153710856783043
2,2205.0,0.017527707303660957,0.11115484472290424,14.153710860463583
2,2206.0,0.017527707336434342,0.11115484470924544,14.153710864100177
2,2207.0,0.0175277073688117,0.11115484469540653,14.153710867692826
2,2208.0,0.017527707400793024,0.11115484468138749,14.153710871241534
2,2209.0,0.01752770743237832,0.11115484466718832,14.153710874746295
2,2210.0,0.017527707463567587,0.11115484465280902,14.153710878207107
2,2211.0,0.017527707494360823,0.1111548446382496,14.153710881623981
2,2212.0,0.01752770752475803,0.11115484462351004,14.153710884996913
2,2213.0,0.017527707554759204,0.11115484460859036,14.153710888325897
2,2214.0,0.01752770758436435,0.11115484459349056,14.153710891610935
2,2215.0,0.017527707613573466,0.11115484457821062,14.153710894852034
2,2216.0,0.01752770764238655,0.11115484456275057,14.153710898049185
2,2217.0,0.017527707670803607,0.11115484454711039,14.153710901202393
2,2218.0,0.017527707698824634,0.11115484453129007,14.153710904311659
2,2219.0,0.01752770772644963,0.11115484451528963,14.153710907376976
2,2220.0,0.017527707753678595,0.11115484449910906,14.15371091039835
2,2221.0,0.017527707780511534,0.11115484448274837,14.153710913375786
2,2222.0,0.01752770780694844,0.11115484446620755,14.153710916309269
2,2223.0,0.017527707832989316,0.1111548444494866,14.153710919198813
2,2224.0,0.017527707858634164,0.11115484443258553,14.15371092204441
2,2225.0,0.017527707883882977,0.11115484441550431,14.153710924846067
2,2226.0,0.017527707908735764,0.111154844398243,14.153710927603775
2,2227.0,0.017527707933192523,0.11115484438080153,14.153710930317544
2,2228.0,0.01752770795725325,0.11115484436317995,14.153710932987366
2,2229.0,0.017527707980917944,0.11115484434537824,14.153710935613244
2,2230.0,0.017527708004186612,0.1111548443273964,14.153710938195173
2,2231.0,0.01752770802705925,0.11115484430923443,14.153710940733164
2,2232.0,0.017527708049535858,0.11115484429089234,14.153710943227207
2,2233.0,0.017527708071616434,0.11115484427237013,14.153710945677311
2,2234.0,0.01752770809330098,0.11115484425366778,14.153710948083466
2,2235.0,0.017527708114589497,0.1111548442347853,14.153710950445678
2,2236.0,0.017527708135481983,0.1111548442157227,14.153710952763946
2,2237.0,0.01752770815597844,0.11115484419647999,14.15371095503827
2,2238.0,0.01752770817607887,0.11115484417705714,14.15371095726865
2,2239.0,0.017527708195783264,0.11115484415745415,14.153710959455088
2,2240.0,0.01752770821509163,0.11115484413767104,14.153710961597579
2,2241.0,0.01752770823400397,0.1111548441177078,14.153710963696126
2,2242.0,0.01752770825252028,0.11115484409756445,14.15371096575073
2,2243.0,0.017527708270640555,0.11115484407724095,14.153710967761384
2,2244.0,0.017527708288364804,0.11115484405673734,14.153710969728099
2,2245.0,0.01752770830569302,0.1111548440360536,14.15371097165087
2,2246.0,0.017527708322625207,0.11115484401518973,14.153710973529698
2,2247.0,0.017527708339161365,0.11115484399414573,14.15371097536458
2,2248.0,0.017527708355301493,0.11115484397292161,14.153710977155518
2,2249.0,0.01752770837104559,0.11115484395151735,14.15371097890251
2,2250.0,0.01752770838639366,0.11115484392993298,14.153710980605561
2,2251.0,0.017527708401345696,0.11115484390816847,14.153710982264666
2,2252.0,0.017527708415901705,0.11115484388622385,14.15371098387983
2,2253.0,0.01752770843006168,0.11115484386409909,14.153710985451044
2,2254.0,0.01752770844382563,0.1111548438417942,14.153710986978314
2,2255.0,0.017527708457193546,0.1111548438193092,14.153710988461643
2,2256.0,0.017527708470165437,0.11115484379664405,14.153710989901029
2,2257.0,0.017527708482741294,0.11115484377379878,14.153710991296466
2,2258.0,0.01752770849492112,0.11115484375077339,14.153710992647962
2,2259.0,0.01752770850670492,0.11115484372756787,14.153710993955514
2,2260.0,0.01752770851809269,0.11115484370418222,14.153710995219123
2,2261.0,0.017527708529084425,0.11115484368061644,14.153710996438786
2,2262.0,0.017527708539680133,0.11115484365687055,14.153710997614507
2,2263.0,0.017527708549879815,0.1111548436329445,14.153710998746277
2,2264.0,0.017527708559683462,0.11115484360883836,14.15371099983411
2,2265.0,0.01752770856909108,0.11115484358455208,14.153711000878001
2,2266.0,0.01752770857810267,0.11115484356008566,14.153711001877937
2,2267.0,0.01752770858671823,0.11115484353543913,14.153711002833937
2,2268.0,0.017527708594937755,0.11115484351061246,14.153711003745991
2,2269.0,0.017527708602761254,0.11115484348560567,14.153711004614102
2,2270.0,0.017527708610188722,0.11115484346041875,14.153711005438264
2,2271.0,0.017527708617220163,0.1111548434350517,14.153711006218485
2,2272.0,0.01752770862385557,0.11115484340950453,14.153711006954763
2,2273.0,0.01752770863009495,0.11115484338377724,14.153711007647097
2,2274.0,0.017527708635938298,0.1111548433578698,14.153711008295486
2,2275.0,0.017527708641385618,0.11115484333178226,14.153711008899931
2,2276.0,0.017527708646436907,0.11115484330551458,14.153711009460428
2,2277.0,0.017527708651092166,0.11115484327906677,14.153711009976984
2,2278.0,0.017527708655351394,0.11115484325243884,14.153711010449596
2,2279.0,0.017527708659214596,0.11115484322563078,14.153711010878265
2,2280.0,0.017527708662681763,0.11115484319864259,14.153711011262985
2,2281.0,0.017527708665752904,0.11115484317147427,14.153711011603766
2,2282.0,0.017527708668428014,0.11115484314412583,14.1537110119006
2,2283.0,0.01752770867070709,0.11115484311659726,14.153711012153494
2,2284.0,0.017527708672590143,0.11115484308888857,14.153711012362438
2,2285.0,0.01752770867407716,0.11115484306099974,14.153711012527443
2,2286.0,0.01752770867516815,0.11115484303293079,14.1537110126485
2,2287.0,0.017527708675863108,0.11115484300468172,14.153711012725612
2,2288.0,0.01752770867616204,0.11115484297625251,14.153711012758784
2,2289.0,0.01752770867606494,0.11115484294764318,14.153711012748008
2,2290.0,0.01752770867557181,0.11115484291885372,14.15371101269329
2,2291.0,0.01752770867468265,0.11115484288988414,14.153711012594625
2,2292.0,0.01752770867339746,0.11115484286073442,14.15371101245202
2,2293.0,0.017527708671716238,0.11115484283140459,14.153711012265468
2,2294.0,0.01752770866963899,0.11115484280189462,14.153711012034975
2,2295.0,0.017527708667165708,0.11115484277220453,14.153711011760537
2,2296.0,0.0175277086642964,0.11115484274233431,14.153711011442152
2,2297.0,0.01752770866103106,0.11115484271228396,14.153711011079821
2,2298.0,0.01752770865736969,0.11115484268205349,14.15371101067355
2,2299.0,0.01752770865331229,0.11115484265164288,14.153711010223333
2,2300.0,0.01752770864885886,0.11115484262105216,14.153711009729172
2,2301.0,0.017527708644009397,0.1111548425902813,14.15371100919107
2,2302.0,0.01752770863876391,0.11115484255933031,14.153711008609017
2,2303.0,0.01752770863312239,0.11115484252819921,14.153711007983025
2,2304.0,0.01752770862708484,0.11115484249688797,14.153711007313088
2,2305.0,0.01752770862065126,0.1111548424653966,14.153711006599208
2,2306.0,0.01752770861382165,0.11115484243372512,14.153711005841382
2,2307.0,0.017527708606596012,0.1111548424018735,14.153711005039613
2,2308.0,0.017527708598974342,0.11115484236984176,14.153711004193898
2,2309.0,0.017527708590956644,0.11115484233762989,14.15371100330424
2,2310.0,0.017527708582542913,0.11115484230523788,14.153711002370633
2,2311.0,0.017527708573733154,0.11115484227266575,14.15371100139309
2,2312.0,0.017527708564527365,0.11115484223991351,14.1537110003716
2,2313.0,0.017527708554925546,0.11115484220698113,14.153710999306165
2,2314.0,0.017527708544927696,0.11115484217386862,14.153710998196784
2,2315.0,0.01752770853453382,0.11115484214057599,14.153710997043461
2,2316.0,0.01752770852374391,0.11115484210710322,14.153710995846192
2,2317.0,0.01752770851255797,0.11115484207345033,14.153710994604982
2,2318.0,0.017527708500976,0.11115484203961733,14.153710993319825
2,2319.0,0.017527708488998,0.11115484200560417,14.153710991990724
2,2320.0,0.017527708476623972,0.11115484197141091,14.153710990617677
2,2321.0,0.017527708463853913,0.11115484193703752,14.153710989200688
2,2322.0,0.017527708450687827,0.111154841902484,14.153710987739757
2,2323.0,0.017527708437125707,0.11115484186775035,14.153710986234879
2,2324.0,0.01752770842316756,0.11115484183283657,14.15371098468606
2,2325.0,0.01752770840881338,0.11115484179774267,14.153710983093294
2,2326.0,0.01752770839406317,0.11115484176246863,14.153710981456582
2,2327.0,0.017527708378916932,0.11115484172701448,14.153710979775928
2,2328.0,0.017527708363374663,0.1111548416913802,14.15371097805133
2,2329.0,0.017527708347436367,0.11115484165556577,14.153710976282788
2,2330.0,0.017527708331102038,0.11115484161957125,14.1537109744703
2,2331.0,0.01752770831437168,0.11115484158339657,14.15371097261387
2,2332.0,0.01752770829724529,0.11115484154704178,14.153710970713494
2,2333.0,0.017527708279722873,0.11115484151050686,14.153710968769177
2,2334.0,0.017527708261804425,0.11115484147379182,14.153710966780913
2,2335.0,0.017527708243489946,0.11115484143689663,14.153710964748704
2,2336.0,0.017527708224779438,0.11115484139982133,14.153710962672553
2,2337.0,0.017527708205672902,0.11115484136256591,14.153710960552457
2,2338.0,0.017527708186170332,0.11115484132513036,14.153710958388418
2,2339.0,0.017527708166271735,0.11115484128751467,14.153710956180435
2,2340.0,0.017527708143313805,0.11115484126501196,14.153710953632979
2,2341.0,0.0175277081181061,0.11115484125514893,14.153710950835887
2,2342.0,0.017527708092954952,0.11115484124531885,14.15371094804507
2,2343.0,0.01752770806786036,0.11115484123552172,14.153710945260528
2,2344.0,0.01752770804282233,0.11115484122575756,14.153710942482263
2,2345.0,0.017527708017840853,0.11115484121602634,14.153710939710274
2,2346.0,0.017527707992915937,0.11115484120632807,14.153710936944561
2,2347.0,0.017527707968047576,0.11115484119666276,14.153710934185122
2,2348.0,0.017527707943235774,0.11115484118703041,14.153710931431961
2,2349.0,0.01752770791848053,0.111154841177431,14.153710928685074
2,2350.0,0.017527707893781847,0.11115484116786456,14.153710925944461
2,2351.0,0.01752770786913972,0.11115484115833107,14.153710923210127
2,2352.0,0.01752770784455415,0.11115484114883054,14.153710920482068
2,2353.0,0.017527707820025138,0.11115484113936296,14.153710917760284
2,2354.0,0.017527707795552686,0.11115484112992832,14.153710915044778
2,2355.0,0.01752770777113679,0.11115484112052666,14.153710912335544
2,2356.0,0.017527707746777452,0.11115484111115793,14.15371090963259
2,2357.0,0.01752770772247467,0.11115484110182218,14.15371090693591
2,2358.0,0.01752770769822845,0.11115484109251937,14.153710904245504
2,2359.0,0.017527707674038787,0.11115484108324951,14.153710901561377
2,2360.0,0.01752770764990568,0.1111548410740126,14.153710898883524
2,2361.0,0.01752770762582913,0.11115484106480866,14.153710896211942
2,2362.0,0.01752770760180914,0.11115484105563768,14.153710893546641
2,2363.0,0.01752770757784571,0.11115484104649964,14.153710890887616
2,2364.0,0.017527707553938836,0.11115484103739455,14.153710888234865
2,2365.0,0.017527707530088518,0.11115484102832243,14.153710885588392
2,2366.0,0.01752770750629476,0.11115484101928325,14.153710882948193
2,2367.0,0.01752770748255756,0.11115484101027703,14.153710880314271
2,2368.0,0.01752770745887692,0.11115484100130377,14.153710877686622
2,2369.0,0.017527707435252834,0.11115484099236346,14.153710875065254
2,2370.0,0.017527707411685307,0.1111548409834561,14.15371087245016
2,2371.0,0.01752770738817434,0.1111548409745817,14.153710869841337
2,2372.0,0.017527707364719928,0.11115484096574026,14.153710867238793
2,2373.0,0.017527707341322075,0.11115484095693176,14.153710864642527
2,2374.0,0.01752770731798078,0.11115484094815622,14.153710862052534
2,2375.0,0.017527707294696042,0.11115484093941365,14.153710859468818
2,2376.0,0.017527707271467862,0.11115484093070402,14.153710856891376
2,2377.0,0.01752770724829624,0.11115484092202733,14.153710854320213
2,2378.0,0.01752770722518118,0.11115484091338362,14.153710851755324
2,2379.0,0.017527707202122673,0.11115484090477286,14.15371084919671
2,2380.0,0.01752770717912073,0.11115484089619504,14.153710846644369
2,2381.0,0.017527707156175337,0.1111548408876502,14.153710844098308
2,2382.0,0.017527707133286507,0.11115484087913828,14.153710841558526
2,2383.0,0.017527707110454233,0.11115484087065934,14.153710839025015
2,2384.0,0.017527707087678517,0.11115484086221335,14.15371083649778
2,2385.0,0.01752770706495936,0.11115484085380031,14.153710833976822
2,2386.0,0.01752770704229676,0.11115484084542022,14.153710831462133
2,2387.0,0.017527707019690718,0.1111548408370731,14.15371082895373
2,2388.0,0.017527706997141235,0.11115484082875893,14.153710826451599
2,2389.0,0.017527706974648307,0.1111548408204777,14.153710823955741
2,2390.0,0.017527706952211942,0.11115484081222944,14.153710821466165
2,2391.0,0.017527706929832132,0.11115484080401412,14.153710818982859
2,2392.0,0.017527706907508878,0.11115484079583177,14.15371081650583
2,2393.0,0.017527706885242186,0.11115484078768237,14.153710814035078
2,2394.0,0.01752770686303205,0.11115484077956592,14.153710811570601
2,2395.0,0.017527706840878468,0.11115484077148242,14.153710809112402
2,2396.0,0.01752770681878145,0.11115484076343188,14.153710806660474
2,2397.0,0.017527706796740986,0.1111548407554143,14.153710804214825
2,2398.0,0.017527706774757082,0.11115484074742966,14.153710801775452
2,2399.0,0.017527706752829737,0.111154840739478,14.15371079934235
2,2400.0,0.017527706730958947,0.11115484073155928,14.15371079691553
2,2401.0,0.017527706709144716,0.1111548407236735,14.153710794494982
2,2402.0,0.017527706687387044,0.1111548407158207,14.153710792080714
2,2403.0,0.017527706665685927,0.11115484070800083,14.153710789672719
2,2404.0,0.017527706644041373,0.11115484070021393,14.153710787271
2,2405.0,0.017527706622453374,0.11115484069245998,14.153710784875555
2,2406.0,0.01752770660092193,0.11115484068473899,14.153710782486389
2,2407.0,0.01752770657944705,0.11115484067705095,14.153710780103498
2,2408.0,0.017527706558028724,0.11115484066939586,14.15371077772688
2,2409.0,0.017527706536666958,0.11115484066177374,14.153710775356542
2,2410.0,0.017527706515361747,0.11115484065418456,14.153710772992476
2,2411.0,0.017527706494113095,0.11115484064662834,14.153710770634685
2,2412.0,0.017527706472921,0.11115484063910507,14.153710768283172
2,2413.0,0.017527706451785467,0.11115484063161475,14.153710765937937
2,2414.0,0.01752770643070649,0.1111548406241574,14.153710763598975
2,2415.0,0.01752770640968407,0.11115484061673299,14.15371076126629
2,2416.0,0.017527706388718207,0.11115484060934154,14.153710758939877
2,2417.0,0.017527706367808905,0.11115484060198305,14.153710756619745
2,2418.0,0.01752770634695616,0.11115484059465751,14.153710754305886
2,2419.0,0.01752770632615997,0.11115484058736493,14.153710751998304
2,2420.0,0.01752770630542034,0.11115484058010529,14.153710749696994
2,2421.0,0.01752770628473727,0.11115484057287861,14.153710747401965
2,2422.0,0.017527706264110755,0.11115484056568489,14.15371074511321
2,2423.0,0.0175277062435408,0.11115484055852412,14.15371074283073
2,2424.0,0.0175277062230274,0.11115484055139631,14.153710740554525
2,2425.0,0.017527706202570558,0.11115484054430144,14.153710738284602
2,2426.0,0.017527706182170276,0.11115484053723955,14.153710736020948
2,2427.0,0.017527706161826553,0.11115484053021059,14.15371073376357
2,2428.0,0.017527706141539385,0.1111548405232146,14.153710731512469
2,2429.0,0.017527706121308776,0.11115484051625156,14.153710729267644
2,2430.0,0.017527706101134726,0.11115484050932146,14.153710727029098
2,2431.0,0.017527706081017235,0.11115484050242434,14.153710724796822
2,2432.0,0.0175277060609563,0.11115484049556015,14.153710722570825
2,2433.0,0.017527706040951923,0.11115484048872894,14.153710720351103
2,2434.0,0.017527706021004102,0.11115484048193067,14.153710718137658
2,2435.0,0.017527706001112843,0.11115484047516536,14.153710715930488
2,2436.0,0.01752770598127814,0.11115484046843299,14.153710713729595
2,2437.0,0.017527705961499995,0.11115484046173359,14.153710711534973
2,2438.0,0.017527705941778406,0.11115484045506714,14.15371070934663
2,2439.0,0.017527705922113376,0.11115484044843364,14.153710707164564
2,2440.0,0.017527705902504905,0.1111548404418331,14.15371070498877
2,2441.0,0.017527705882952993,0.11115484043526551,14.153710702819255
2,2442.0,0.017527705863457636,0.11115484042873088,14.153710700656017
2,2443.0,0.01752770584401884,0.1111548404222292,14.15371069849905
2,2444.0,0.0175277058246366,0.11115484041576047,14.153710696348364
2,2445.0,0.01752770580531092,0.1111548404093247,14.15371069420395
2,2446.0,0.017527705786041795,0.11115484040292188,14.153710692065815
2,2447.0,0.01752770576682923,0.11115484039655203,14.153710689933956
2,2448.0,0.017527705747673223,0.11115484039021511,14.153710687808365
2,2449.0,0.017527705728573772,0.11115484038391117,14.153710685689058
2,2450.0,0.01752770570953088,0.11115484037764017,14.153710683576026
2,2451.0,0.017527705690544546,0.11115484037140212,14.153710681469269
2,2452.0,0.01752770567161477,0.11115484036519704,14.153710679368785
2,2453.0,0.017527705652741553,0.11115484035902491,14.153710677274578
2,2454.0,0.01752770563392489,0.11115484035288573,14.153710675186646
2,2455.0,0.017527705615164788,0.1111548403467795,14.153710673104992
2,2456.0,0.017527705596461243,0.11115484034070623,14.153710671029614
2,2457.0,0.01752770557781426,0.11115484033466591,14.15371066896051
2,2458.0,0.017527705559223828,0.11115484032865855,14.153710666897682
2,2459.0,0.01752770554068996,0.11115484032268415,14.153710664841132
2,2460.0,0.017527705522212646,0.11115484031674269,14.153710662790852
2,2461.0,0.01752770550379189,0.1111548403108342,14.153710660746853
2,2462.0,0.017527705485427696,0.11115484030495865,14.153710658709132
2,2463.0,0.017527705467120056,0.11115484029911607,14.153710656677681
2,2464.0,0.017527705448868974,0.11115484029330643,14.153710654652512
2,2465.0,0.017527705430674452,0.11115484028752975,14.15371065263361
2,2466.0,0.017527705412536485,0.11115484028178603,14.15371065062099
2,2467.0,0.01752770539445508,0.11115484027607525,14.153710648614643
2,2468.0,0.017527705376430232,0.11115484027039743,14.153710646614572
2,2469.0,0.01752770535846194,0.11115484026475257,14.15371064462078
2,2470.0,0.017527705340550207,0.11115484025914067,14.15371064263326
2,2471.0,0.01752770532269503,0.11115484025356172,14.153710640652019
2,2472.0,0.01752770530489641,0.11115484024801571,14.153710638677055
2,2473.0,0.017527705287154353,0.11115484024250268,14.153710636708363
2,2474.0,0.01752770526946885,0.11115484023702257,14.153710634745948
2,2475.0,0.017527705251839908,0.11115484023157544,14.153710632789805
2,2476.0,0.017527705234267523,0.11115484022616126,14.153710630839944
2,2477.0,0.017527705216751694,0.11115484022078004,14.153710628896354
2,2478.0,0.017527705199292424,0.11115484021543176,14.153710626959043
2,2479.0,0.017527705181889713,0.11115484021011644,14.153710625028006
2,2480.0,0.017527705164543557,0.11115484020483409,14.153710623103244
2,2481.0,0.017527705147253964,0.11115484019958467,14.15371062118476
2,2482.0,0.017527705130020926,0.11115484019436822,14.15371061927255
2,2483.0,0.017527705112844443,0.11115484018918471,14.153710617366617
2,2484.0,0.017527705095724523,0.11115484018403418,14.153710615466961
2,2485.0,0.01752770507866116,0.11115484017891658,14.153710613573582
2,2486.0,0.017527705061654353,0.11115484017383195,14.153710611686472
2,2487.0,0.017527705044704103,0.11115484016878027,14.153710609805644
2,2488.0,0.01752770502781041,0.11115484016376154,14.15371060793109
2,2489.0,0.01752770501097328,0.11115484015877576,14.153710606062809
2,2490.0,0.017527704994192705,0.11115484015382295,14.153710604200809
2,2491.0,0.017527704977468687,0.11115484014890309,14.153710602345079
2,2492.0,0.01752770496080123,0.11115484014401618,14.153710600495629
2,2493.0,0.017527704944190328,0.11115484013916223,14.15371059865245
2,2494.0,0.017527704927635987,0.11115484013434122,14.153710596815554
2,2495.0,0.0175277049111382,0.11115484012955318,14.153710594984931
2,2496.0,0.017527704894696974,0.11115484012479808,14.153710593160582
2,2497.0,0.017527704878312303,0.11115484012007595,14.15371059134251
2,2498.0,0.017527704861984194,0.11115484011538676,14.15371058953071
2,2499.0,0.01752770484571264,0.11115484011073054,14.15371058772519
2,2500.0,0.017527704829497646,0.11115484010610727,14.153710585925946
2,2501.0,0.017527704813339207,0.11115484010151694,14.153710584132977
2,2502.0,0.017527704797237326,0.11115484009695958,14.153710582346282
2,2503.0,0.017527704781192005,0.11115484009243518,14.153710580565864
2,2504.0,0.017527704765203243,0.11115484008794371,14.15371057879172
2,2505.0,0.017527704749271036,0.11115484008348521,14.153710577023853
2,2506.0,0.017527704733395388,0.11115484007905967,14.153710575262267
2,2507.0,0.0175277047175763,0.11115484007466707,14.153710573506949
2,2508.0,0.01752770470181377,0.11115484007030743,14.153710571757912
2,2509.0,0.017527704686107794,0.11115484006598075,14.153710570015148
2,2510.0,0.017527704670458378,0.11115484006168702,14.153710568278662
2,2511.0,0.017527704654865518,0.11115484005742625,14.153710566548448
2,2512.0,0.01752770463932922,0.11115484005319844,14.153710564824513
2,2513.0,0.017527704623849477,0.11115484004900357,14.153710563106852
2,2514.0,0.017527704608426294,0.11115484004484165,14.153710561395469
2,2515.0,0.017527704593059665,0.1111548400407127,14.15371055969036
2,2516.0,0.017527704577749596,0.1111548400366167,14.153710557991529
2,2517.0,0.017527704562496086,0.11115484003255365,14.153710556298968
2,2518.0,0.017527704547299135,0.11115484002852355,14.15371055461269
2,2519.0,0.01752770453215874,0.11115484002452641,14.153710552932683
2,2520.0,0.017527704517074902,0.11115484002056224,14.153710551258953
2,2521.0,0.017527704502047624,0.111154840016631,14.153710549591498
2,2522.0,0.017527704487076905,0.11115484001273272,14.15371054793032
2,2523.0,0.01752770447216274,0.11115484000886741,14.153710546275418
2,2524.0,0.017527704457305136,0.11115484000503505,14.153710544626792
2,2525.0,0.017527704442504087,0.11115484000123563,14.15371054298444
2,2526.0,0.0175277044277596,0.11115483999746917,14.153710541348365
2,2527.0,0.01752770441307167,0.11115483999373567,14.153710539718565
2,2528.0,0.017527704398440296,0.11115483999003513,14.153710538095043
2,2529.0,0.01752770438386548,0.11115483998636753,14.153710536477796
2,2530.0,0.01752770436934722,0.11115483998273289,14.153710534866823
2,2531.0,0.017527704354885522,0.11115483997913121,14.153710533262124
2,2532.0,0.01752770434048038,0.11115483997556247,14.153710531663705
2,2533.0,0.017527704326131797,0.1111548399720267,14.153710530071558
2,2534.0,0.01752770431183977,0.11115483996852388,14.153710528485687
2,2535.0,0.017527704297604304,0.11115483996505401,14.1537105269061
2,2536.0,0.017527704283425396,0.1111548399616171,14.15371052533278
2,2537.0,0.017527704269303043,0.11115483995821314,14.153710523765737
2,2538.0,0.01752770425523725,0.11115483995484214,14.153710522204975
2,2539.0,0.017527704241228015,0.11115483995150409,14.153710520650483
2,2540.0,0.017527704227275336,0.111154839948199,14.153710519102267
2,2541.0,0.017527704213379215,0.11115483994492685,14.15371051756033
2,2542.0,0.017527704199539654,0.11115483994168766,14.153710516024667
2,2543.0,0.017527704185756648,0.11115483993848144,14.15371051449528
2,2544.0,0.0175277041720302,0.11115483993530816,14.15371051297217
2,2545.0,0.017527704158360313,0.11115483993216783,14.153710511455332
2,2546.0,0.017527704144746983,0.11115483992906047,14.153710509944773
2,2547.0,0.01752770413119021,0.11115483992598606,14.153710508440486
2,2548.0,0.017527704117689995,0.1111548399229446,14.15371050694248
2,2549.0,0.01752770410424634,0.11115483991993609,14.153710505450748
2,2550.0,0.017527704090859242,0.11115483991696054,14.153710503965295
2,2551.0,0.0175277040775287,0.11115483991401795,14.153710502486112
2,2552.0,0.017527704064254718,0.1111548399111083,14.153710501013204
2,2553.0,0.017527704051037294,0.11115483990823162,14.153710499546577
2,2554.0,0.017527704037876426,0.1111548399053879,14.153710498086223
2,2555.0,0.017527704024772117,0.11115483990257712,14.153710496632145
2,2556.0,0.017527704011724366,0.1111548398997993,14.153710495184342
2,2557.0,0.01752770399873317,0.11115483989705442,14.153710493742816
2,2558.0,0.01752770398579854,0.11115483989434251,14.153710492307564
2,2559.0,0.017527703972920458,0.11115483989166355,14.153710490878591
2,2560.0,0.01752770396009894,0.11115483988901755,14.153710489455893
2,2561.0,0.017527703947333977,0.1111548398864045,14.153710488039469
2,2562.0,0.017527703934625577,0.1111548398838244,14.15371048662932
2,2563.0,0.01752770392197373,0.11115483988127726,14.15371048522545
2,2564.0,0.017527703909378443,0.11115483987876307,14.153710483827854
2,2565.0,0.017527703896839712,0.11115483987628184,14.153710482436534
2,2566.0,0.01752770388435754,0.11115483987383357,14.15371048105149
2,2567.0,0.017527703871931928,0.11115483987141823,14.153710479672723
2,2568.0,0.01752770385956287,0.11115483986903586,14.153710478300226
2,2569.0,0.017527703847250373,0.11115483986668645,14.153710476934013
2,2570.0,0.017527703834994433,0.11115483986437,14.15371047557407
2,2571.0,0.01752770382279505,0.11115483986208649,14.153710474220405
2,2572.0,0.017527703810652228,0.11115483985983594,14.153710472873016
2,2573.0,0.01752770379856596,0.11115483985761834,14.1537104715319
2,2574.0,0.01752770378653625,0.1111548398554337,14.153710470197066
2,2575.0,0.0175277037745631,0.111154839853282,14.1537104688685
2,2576.0,0.01752770376264651,0.11115483985116328,14.153710467546214
2,2577.0,0.017527703750786473,0.1111548398490775,14.153710466230203
2,2578.0,0.017527703738983,0.11115483984702468,14.153710464920469
2,2579.0,0.01752770372723608,0.11115483984500481,14.153710463617008
2,2580.0,0.01752770371554572,0.11115483984301788,14.153710462319825
2,2581.0,0.017527703703911917,0.11115483984106393,14.153710461028918
2,2582.0,0.01752770369233467,0.11115483983914293,14.153710459744284
2,2583.0,0.017527703680813984,0.11115483983725487,14.153710458465929
2,2584.0,0.017527703669349855,0.11115483983539977,14.15371045719385
2,2585.0,0.017527703657942283,0.11115483983357763,14.153710455928042
2,2586.0,0.017527703646591272,0.11115483983178844,14.153710454668516
2,2587.0,0.017527703635296817,0.1111548398300322,14.153710453415261
2,2588.0,0.017527703624058918,0.11115483982830893,14.153710452168283
2,2589.0,0.01752770361287758,0.1111548398266186,14.153710450927585
2,2590.0,0.0175277036017528,0.11115483982496123,14.153710449693156
2,2591.0,0.017527703590684573,0.11115483982333682,14.153710448465008
2,2592.0,0.01752770357967291,0.11115483982174536,14.153710447243132
2,2593.0,0.0175277035687178,0.11115483982018684,14.153710446027532
2,2594.0,0.01752770355781925,0.1111548398186613,14.153710444818211
2,2595.0,0.01752770354697726,0.1111548398171687,14.153710443615163
2,2596.0,0.017527703536191826,0.11115483981570905,14.153710442418392
2,2597.0,0.01752770352546295,0.11115483981428237,14.153710441227895
2,2598.0,0.017527703514790632,0.11115483981288862,14.153710440043678
2,2599.0,0.01752770350417487,0.11115483981152785,14.153710438865735
2,2600.0,0.01752770349361567,0.11115483981020002,14.153710437694063
2,2601.0,0.017527703483113027,0.11115483980890516,14.153710436528671
2,2602.0,0.01752770347266694,0.11115483980764324,14.153710435369556
2,2603.0,0.017527703462277413,0.11115483980641427,14.153710434216718
2,2604.0,0.017527703451944442,0.11115483980521826,14.15371043307015
2,2605.0,0.017527703441668027,0.11115483980405522,14.153710431929861
2,2606.0,0.017527703431448174,0.1111548398029251,14.153710430795849
2,2607.0,0.017527703421284877,0.11115483980182797,14.15371042966811
2,2608.0,0.01752770341117814,0.11115483980076378,14.153710428546647
2,2609.0,0.01752770340112796,0.11115483979973254,14.153710427431463
2,2610.0,0.017527703391134335,0.11115483979873426,14.153710426322549
2,2611.0,0.01752770338119727,0.11115483979776894,14.153710425219918
2,2612.0,0.017527703371316764,0.11115483979683656,14.153710424123558
2,2613.0,0.017527703361492813,0.11115483979593714,14.153710423033472
2,2614.0,0.017527703351725425,0.11115483979507068,14.153710421949668
2,2615.0,0.017527703342014592,0.11115483979423717,14.153710420872136
2,2616.0,0.017527703332360315,0.11115483979343661,14.153710419800877
2,2617.0,0.0175277033227626,0.11115483979266902,14.1537104187359
2,2618.0,0.01752770331322144,0.11115483979193437,14.153710417677194
2,2619.0,0.017527703303736836,0.11115483979123268,14.153710416624767
2,2620.0,0.017527703294308795,0.11115483979056395,14.153710415578614
2,2621.0,0.01752770328493731,0.11115483978992817,14.153710414538738
2,2622.0,0.01752770327562238,0.11115483978932533,14.153710413505133
2,2623.0,0.017527703266364013,0.11115483978875547,14.15371041247781
2,2624.0,0.0175277032571622,0.11115483978821855,14.153710411456762
2,2625.0,0.017527703248016946,0.11115483978771458,14.153710410441986
2,2626.0,0.01752770323892825,0.11115483978724357,14.153710409433488
2,2627.0,0.01752770322989611,0.11115483978680551,14.153710408431264
2,2628.0,0.017527703220920534,0.11115483978640042,14.153710407435318
2,2629.0,0.017527703212001512,0.11115483978602828,14.153710406445647
2,2630.0,0.017527703203139046,0.11115483978568907,14.153710405462252
2,2631.0,0.017527703194333142,0.11115483978538285,14.153710404485134
2,2632.0,0.017527703185583794,0.11115483978510957,14.15371040351429
2,2633.0,0.017527703176891,0.11115483978486923,14.153710402549724
2,2634.0,0.01752770316825477,0.11115483978466185,14.153710401591432
2,2635.0,0.017527703159675095,0.11115483978448744,14.153710400639413
2,2636.0,0.01752770315115198,0.11115483978434597,14.153710399693676
2,2637.0,0.01752770314268542,0.11115483978423746,14.153710398754209
2,2638.0,0.01752770313427542,0.11115483978416191,14.15371039782102
2,2639.0,0.017527703125921976,0.1111548397841193,14.153710396894109
2,2640.0,0.017527703117625092,0.11115483978410966,14.15371039597347
2,2641.0,0.017527703109384764,0.11115483978413297,14.153710395059111
2,2642.0,0.017527703101200998,0.11115483978418923,14.153710394151023
2,2643.0,0.017527703093073787,0.11115483978427845,14.153710393249215
2,2644.0,0.01752770308500313,0.11115483978440062,14.153710392353679
2,2645.0,0.01752770307698904,0.11115483978455575,14.153710391464418
2,2646.0,0.0175277030690315,0.11115483978474383,14.153710390581436
2,2647.0,0.01752770306113052,0.11115483978496486,14.153710389704731
2,2648.0,0.0175277030532861,0.11115483978521885,14.1537103888343
2,2649.0,0.017527703045498236,0.11115483978550579,14.153710387970143
2,2650.0,0.01752770303776693,0.11115483978582569,14.153710387112264
2,2651.0,0.017527703030092184,0.11115483978617854,14.153710386260663
2,2652.0,0.017527703022473994,0.11115483978656435,14.153710385415334
2,2653.0,0.01752770301491236,0.11115483978698311,14.15371038457628
2,2654.0,0.01752770300740729,0.11115483978743483,14.153710383743505
2,2655.0,0.01752770299995877,0.1111548397879195,14.153710382917003
2,2656.0,0.017527702992566816,0.11115483978843713,14.153710382096781
2,2657.0,0.017527702985231416,0.1111548397889877,14.153710381282831
2,2658.0,0.017527702977952572,0.11115483978957123,14.153710380475156
2,2659.0,0.01752770297073029,0.11115483979018773,14.153710379673756
2,2660.0,0.017527702963564564,0.11115483979083716,14.153710378878634
2,2661.0,0.017527702956455393,0.11115483979151956,14.153710378089789
2,2662.0,0.017527702949402785,0.11115483979223492,14.153710377307219
2,2663.0,0.01752770294240673,0.11115483979298323,14.153710376530922
2,2664.0,0.017527702935467238,0.11115483979376448,14.153710375760907
2,2665.0,0.017527702928584302,0.1111548397945787,14.153710374997162
2,2666.0,0.017527702921757923,0.11115483979542587,14.153710374239694
2,2667.0,0.017527702914988102,0.11115483979630598,14.153710373488504
2,2668.0,0.01752770290827484,0.11115483979721907,14.153710372743587
2,2669.0,0.017527702901618133,0.11115483979816511,14.153710372004948
2,2670.0,0.01752770289501799,0.11115483979914409,14.153710371272583
2,2671.0,0.0175277028884744,0.11115483980015603,14.153710370546493
2,2672.0,0.017527702881987368,0.11115483980120093,14.153710369826682
2,2673.0,0.017527702875556897,0.11115483980227878,14.153710369113146
2,2674.0,0.01752770286918298,0.11115483980338958,14.153710368405886
2,2675.0,0.017527702862865622,0.11115483980453335,14.1537103677049
2,2676.0,0.017527702856604824,0.11115483980571006,14.153710367010188
2,2677.0,0.017527702850400582,0.11115483980691973,14.153710366321757
2,2678.0,0.0175277028442529,0.11115483980816235,14.153710365639597
2,2679.0,0.017527702838161775,0.11115483980943792,14.153710364963715
2,2680.0,0.017527702832127207,0.11115483981074646,14.153710364294108
2,2681.0,0.017527702826149197,0.11115483981208794,14.153710363630777
2,2682.0,0.017527702820227746,0.11115483981346239,14.153710362973722
2,2683.0,0.01752770281436285,0.11115483981486979,14.153710362322942
2,2684.0,0.017527702808554518,0.11115483981631014,14.15371036167844
2,2685.0,0.01752770280280274,0.11115483981778344,14.153710361040215
2,2686.0,0.017527702797107518,0.1111548398192897,14.153710360408262
2,2687.0,0.01752770279146886,0.11115483982082891,14.153710359782586
2,2688.0,0.017527702785886754,0.11115483982240108,14.153710359163183
2,2689.0,0.017527702780361205,0.1111548398240062,14.15371035855006
2,2690.0,0.01752770277489222,0.11115483982564428,14.153710357943213
2,2691.0,0.017527702769479788,0.11115483982731532,14.153710357342637
2,2692.0,0.017527702764123916,0.1111548398290193,14.15371035674834
2,2693.0,0.017527702758824603,0.11115483983075623,14.15371035616032
2,2694.0,0.017527702753581845,0.11115483983252614,14.153710355578571
2,2695.0,0.017527702748395647,0.11115483983432899,14.153710355003101
2,2696.0,0.017527702743266007,0.11115483983616478,14.153710354433908
2,2697.0,0.017527702738192923,0.11115483983803355,14.15371035387099
2,2698.0,0.0175277027331764,0.11115483983993527,14.153710353314347
2,2699.0,0.017527702728216434,0.11115483984186993,14.15371035276398
2,2700.0,0.017527702723313023,0.11115483984383755,14.15371035221989
2,2701.0,0.017527702718466175,0.11115483984583813,14.153710351682077
2,2702.0,0.01752770271367588,0.11115483984787165,14.153710351150535
2,2703.0,0.017527702708942144,0.11115483984993814,14.153710350625271
2,2704.0,0.01752770270426497,0.11115483985203758,14.153710350106284
2,2705.0,0.01752770269964435,0.11115483985416998,14.153710349593572
2,2706.0,0.017527702695080288,0.11115483985633533,14.153710349087135
2,2707.0,0.017527702690572786,0.11115483985853362,14.153710348586973
2,2708.0,0.01752770268612184,0.11115483986076488,14.153710348093089
2,2709.0,0.01752770268172745,0.1111548398630291,14.153710347605482
2,2710.0,0.017527702677389623,0.11115483986532626,14.153710347124147
2,2711.0,0.01752770267310835,0.11115483986765638,14.153710346649088
2,2712.0,0.01752770266888364,0.11115483987001946,14.153710346180306
2,2713.0,0.017527702664715483,0.11115483987241549,14.153710345717803
2,2714.0,0.017527702660603883,0.11115483987484448,14.153710345261569
2,2715.0,0.017527702656548846,0.11115483987730641,14.153710344811616
2,2716.0,0.017527702652550364,0.1111548398798013,14.153710344367939
2,2717.0,0.017527702648608437,0.11115483988232916,14.153710343930532
2,2718.0,0.017527702644723073,0.11115483988488996,14.153710343499405
2,2719.0,0.017527702640894264,0.11115483988748372,14.153710343074554
2,2720.0,0.017527702637122014,0.11115483989011042,14.153710342655977
2,2721.0,0.017527702633406323,0.1111548398927701,14.15371034224368
2,2722.0,0.017527702629747188,0.11115483989546271,14.153710341837657
2,2723.0,0.01752770262614461,0.11115483989818829,14.15371034143791
2,2724.0,0.017527702622598593,0.11115483990094682,14.153710341044434
2,2725.0,0.01752770261910913,0.1111548399037383,14.153710340657236
2,2726.0,0.01752770261567623,0.11115483990656273,14.153710340276318
2,2727.0,0.017527702612299887,0.11115483990942013,14.153710339901671
2,2728.0,0.017527702608980098,0.11115483991231048,14.153710339533301
2,2729.0,0.01752770260571687,0.11115483991523378,14.153710339171207
2,2730.0,0.0175277026025102,0.11115483991819004,14.153710338815388
2,2731.0,0.017527702599360085,0.11115483992117925,14.15371033846585
2,2732.0,0.017527702596266532,0.11115483992420142,14.153710338122583
2,2733.0,0.017527702593229534,0.11115483992725653,14.153710337785588
2,2734.0,0.017527702590249095,0.11115483993034461,14.153710337454877
2,2735.0,0.017527702587325215,0.11115483993346563,14.153710337130436
2,2736.0,0.01752770258445789,0.11115483993661962,14.153710336812273
2,2737.0,0.017527702581647125,0.11115483993980656,14.153710336500383
2,2738.0,0.01752770257889292,0.11115483994302645,14.153710336194774
2,2739.0,0.017527702576195268,0.1111548399462793,14.153710335895438
2,2740.0,0.01752770257355418,0.1111548399495651,14.153710335602378
2,2741.0,0.017527702570969646,0.11115483995288385,14.153710335315592
2,2742.0,0.017527702568441668,0.11115483995623555,14.153710335035084
2,2743.0,0.017527702565970252,0.11115483995962022,14.153710334760854
2,2744.0,0.017527702563555392,0.11115483996303785,14.153710334492896
2,2745.0,0.017527702561197088,0.11115483996648842,14.153710334231215
2,2746.0,0.017527702558895346,0.11115483996997194,14.153710333975807
2,2747.0,0.01752770255665016,0.11115483997348842,14.15371033372668
2,2748.0,0.01752770255446153,0.11115483997703786,14.153710333483826
2,2749.0,0.017527702552329463,0.11115483998062026,14.153710333247245
2,2750.0,0.01752770255025395,0.1111548399842356,14.15371033301694
2,2751.0,0.017527702548234995,0.1111548399878839,14.153710332792913
2,2752.0,0.0175277025462726,0.11115483999156515,14.153710332575162
2,2753.0,0.01752770254436676,0.11115483999527936,14.153710332363687
2,2754.0,0.01752770254251748,0.11115483999902653,14.153710332158491
2,2755.0,0.01752770254072476,0.11115484000280665,14.153710331959566
2,2756.0,0.017527702538988593,0.11115484000661972,14.15371033176692
2,2757.0,0.017527702537308988,0.11115484001046574,14.153710331580546
2,2758.0,0.01752770253568594,0.11115484001434472,14.153710331400449
2,2759.0,0.017527702534119446,0.11115484001825666,14.153710331226629
2,2760.0,0.017527702532609515,0.11115484002220155,14.153710331059084
2,2761.0,0.01752770253115614,0.1111548400261794,14.153710330897814
2,2762.0,0.017527702529759322,0.1111548400301902,14.153710330742824
2,2763.0,0.017527702528419065,0.11115484003423395,14.153710330594103
2,2764.0,0.017527702527135362,0.11115484003831066,14.153710330451661
2,2765.0,0.01752770252590822,0.11115484004242032,14.153710330315496
2,2766.0,0.017527702524737634,0.11115484004656294,14.153710330185605
2,2767.0,0.017527702523623605,0.11115484005073852,14.15371033006199
2,2768.0,0.01752770252256614,0.11115484005494704,14.153710329944651
2,2769.0,0.017527702521565224,0.11115484005918852,14.15371032983359
2,2770.0,0.017527702520620872,0.11115484006346295,14.153710329728804
2,2771.0,0.017527702519733075,0.11115484006777035,14.15371032963029
2,2772.0,0.01752770251890184,0.11115484007211068,14.153710329538054
2,2773.0,0.01752770251812716,0.11115484007648399,14.153710329452094
2,2774.0,0.01752770251740904,0.11115484008089024,14.153710329372412
2,2775.0,0.017527702516747474,0.11115484008532944,14.153710329299
2,2776.0,0.017527702516142468,0.11115484008980162,14.15371032923187
2,2777.0,0.01752770251559402,0.11115484009430672,14.153710329171012
2,2778.0,0.01752770251510213,0.1111548400988448,14.153710329116436
2,2779.0,0.017527702514666798,0.11115484010341582,14.153710329068128
2,2780.0,0.017527702514288025,0.1111548401080198,14.153710329026097
2,2781.0,0.017527702513965807,0.11115484011265674,14.153710328990345
2,2782.0,0.01752770251370015,0.11115484011732663,14.153710328960866
2,2783.0,0.017527702513491047,0.11115484012202947,14.153710328937667
2,2784.0,0.017527702513338506,0.11115484012676527,14.153710328920736
2,2785.0,0.01752770251324252,0.11115484013153402,14.153710328910089
2,2786.0,0.017527702513203097,0.11115484013633573,14.153710328905715
2,2787.0,0.017527702513220226,0.11115484014117039,14.153710328907612
2,2788.0,0.017527702513293917,0.111154840146038,14.15371032891579
2,2789.0,0.017527702513424163,0.11115484015093857,14.153710328930243
2,2790.0,0.01752770251361097,0.1111548401558721,14.15371032895097
2,2791.0,0.017527702513854333,0.11115484016083858,14.153710328977976
2,2792.0,0.017527702514154253,0.11115484016583801,14.153710329011252
2,2793.0,0.017527702514510732,0.1111548401708704,14.153710329050812
2,2794.0,0.01752770251492377,0.11115484017593574,14.153710329096642
2,2795.0,0.017527702515393363,0.11115484018103404,14.15371032914875
2,2796.0,0.017527702515919515,0.1111548401861653,14.153710329207131
2,2797.0,0.017527702516502226,0.1111548401913295,14.15371032927179
2,2798.0,0.017527702517141495,0.11115484019652666,14.153710329342724
2,2799.0,0.01752770251783732,0.11115484020175677,14.153710329419935
2,2800.0,0.017527702518589705,0.11115484020701984,14.15371032950342
2,2801.0,0.017527702519398648,0.11115484021231586,14.153710329593181
2,2802.0,0.01752770252026415,0.11115484021764485,14.15371032968922
2,2803.0,0.017527702521186208,0.11115484022300678,14.153710329791535
2,2804.0,0.017527702522164824,0.11115484022840166,14.153710329900122
2,2805.0,0.0175277025232,0.1111548402338295,14.153710330014986
2,2806.0,0.01752770252429173,0.1111548402392903,14.153710330136127
2,2807.0,0.01752770252544002,0.11115484024478406,14.153710330263545
2,2808.0,0.01752770252664487,0.11115484025031076,14.153710330397235
2,2809.0,0.017527702527906273,0.11115484025587043,14.153710330537203
2,2810.0,0.017527702529224237,0.11115484026146304,14.153710330683447
2,2811.0,0.01752770253059876,0.1111548402670886,14.153710330835967
2,2812.0,0.01752770253202984,0.11115484027274712,14.15371033099476
2,2813.0,0.017527702533517476,0.11115484027843861,14.153710331159836
2,2814.0,0.01752770253506167,0.11115484028416303,14.153710331331178
2,2815.0,0.017527702536662425,0.11115484028992043,14.153710331508803
2,2816.0,0.01752770253831974,0.11115484029571077,14.153710331692704
2,2817.0,0.017527702540033607,0.11115484030153407,14.153710331882877
2,2818.0,0.017527702541804035,0.11115484030739031,14.153710332079326
2,2819.0,0.017527702543631018,0.11115484031327952,14.153710332282051
2,2820.0,0.017527702545514563,0.11115484031920167,14.153710332491052
2,2821.0,0.017527702547454664,0.11115484032515678,14.153710332706329
2,2822.0,0.017527702549451324,0.11115484033114485,14.153710332927881
2,2823.0,0.01752770255150454,0.11115484033716588,14.15371033315571
2,2824.0,0.017527702553614313,0.11115484034321986,14.153710333389814
2,2825.0,0.017527702555780646,0.11115484034930678,14.153710333630197
2,2826.0,0.01752770255800354,0.11115484035542668,14.153710333876852
2,2827.0,0.017527702560282986,0.11115484036157951,14.153710334129782
2,2828.0,0.017527702562618992,0.11115484036776531,14.15371033438899
2,2829.0,0.017527702565011558,0.11115484037398406,14.153710334654473
2,2830.0,0.017527702567460682,0.11115484038023576,14.153710334926233
2,2831.0,0.01752770256996636,0.11115484038652042,14.153710335204266
2,2832.0,0.0175277025725286,0.11115484039283803,14.15371033548858
2,2833.0,0.017527702575147394,0.1111548403991886,14.153710335779165
2,2834.0,0.01752770257782275,0.11115484040557212,14.153710336076026
2,2835.0,0.017527702580554663,0.1111548404119886,14.153710336379165
2,2836.0,0.017527702583343133,0.11115484041843803,14.153710336688578
2,2837.0,0.01752770258618816,0.11115484042492041,14.153710337004265
2,2838.0,0.017527702589089745,0.11115484043143575,14.153710337326231
2,2839.0,0.01752770259204789,0.11115484043798404,14.153710337654472
2,2840.0,0.017527702595062592,0.11115484044456529,14.153710337988992
2,2841.0,0.01752770259813385,0.1111548404511795,14.15371033832978
2,2842.0,0.017527702601261668,0.11115484045782666,14.153710338676849
2,2843.0,0.017527702604446044,0.11115484046450677,14.153710339030193
2,2844.0,0.01752770260768698,0.11115484047121983,14.153710339389816
2,2845.0,0.01752770261098447,0.11115484047796585,14.15371033975571
2,2846.0,0.01752770261433852,0.11115484048474483,14.153710340127882
2,2847.0,0.017527702617749125,0.11115484049155676,14.15371034050633
2,2848.0,0.017527702621216293,0.11115484049840164,14.153710340891054
2,2849.0,0.017527702624740016,0.11115484050527949,14.153710341282052
2,2850.0,0.017527702628320298,0.11115484051219028,14.153710341679325
2,2851.0,0.017527702631957135,0.11115484051913403,14.153710342082874
2,2852.0,0.01752770263565053,0.11115484052611073,14.153710342492701
2,2853.0,0.017527702639400487,0.11115484053312039,14.153710342908804
2,2854.0,0.017527702643207,0.111154840540163,14.153710343331179
2,2855.0,0.01752770264707007,0.11115484054723856,14.153710343759835
2,2856.0,0.0175277026509897,0.11115484055434709,14.153710344194764
2,2857.0,0.017527702654965886,0.11115484056148855,14.15371034463597
2,2858.0,0.01752770265899863,0.11115484056866298,14.153710345083446
2,2859.0,0.017527702663087934,0.11115484057587037,14.153710345537204
2,2860.0,0.017527702667233795,0.1111548405831107,14.153710345997238
2,2861.0,0.01752770267143621,0.111154840590384,14.153710346463544
2,2862.0,0.01752770267569519,0.11115484059769025,14.15371034693613
2,2863.0,0.017527702680010724,0.11115484060502945,14.15371034741499
2,2864.0,0.017527702684382813,0.1111548406124016,14.153710347900121
2,2865.0,0.017527702688811465,0.11115484061980671,14.153710348391535
2,2866.0,0.017527702693296673,0.11115484062724477,14.153710348889222
2,2867.0,0.01752770269783844,0.1111548406347158,14.153710349393185
2,2868.0,0.017527702702436764,0.11115484064221977,14.153710349903424
2,2869.0,0.017527702707091645,0.1111548406497567,14.153710350419935
2,2870.0,0.017527702711803084,0.11115484065732659,14.153710350942726
2,2871.0,0.017527702716571083,0.11115484066492942,14.15371035147179
2,2872.0,0.017527702721395637,0.11115484067256522,14.153710352007133
2,2873.0,0.017527702726276753,0.11115484068023396,14.153710352548753
2,2874.0,0.017527702731214425,0.11115484068793566,14.153710353096644
2,2875.0,0.017527702736208652,0.11115484069567032,14.153710353650812
2,2876.0,0.017527702741259442,0.11115484070343792,14.153710354211258
2,2877.0,0.017527702746366787,0.11115484071123849,14.153710354777974
2,2878.0,0.017527702751530688,0.11115484071907202,14.153710355350972
2,2879.0,0.01752770275675115,0.11115484072693849,14.153710355930244
2,2880.0,0.01752770276202817,0.11115484073483792,14.153710356515791
2,2881.0,0.017527702767361746,0.1111548407427703,14.153710357107615
2,2882.0,0.017527702772751882,0.11115484075073563,14.153710357705716
2,2883.0,0.017527702778198574,0.11115484075873393,14.153710358310091
2,2884.0,0.017527702783701825,0.11115484076676517,14.153710358920742
2,2885.0,0.017527702789261634,0.11115484077482937,14.153710359537666
2,2886.0,0.017527702794878,0.11115484078292652,14.15371036016087
2,2887.0,0.017527702800550927,0.11115484079105663,14.153710360790345
2,2888.0,0.017527702806280406,0.1111548407992197,14.153710361426104
2,2889.0,0.017527702812066448,0.11115484080741571,14.15371036206813
2,2890.0,0.017527702817909045,0.11115484081564468,14.153710362716437
2,2891.0,0.017527702823808205,0.11115484082390661,14.153710363371019
2,2892.0,0.017527702829763916,0.11115484083220149,14.153710364031872
2,2893.0,0.01752770283577619,0.11115484084052933,14.153710364699005
2,2894.0,0.01752770284184502,0.11115484084889012,14.153710365372417
2,2895.0,0.01752770284797041,0.11115484085728386,14.1537103660521
2,2896.0,0.017527702854152356,0.11115484086571056,14.153710366738057
2,2897.0,0.01752770286039086,0.11115484087417021,14.153710367430296
2,2898.0,0.01752770286668592,0.11115484088266282,14.153710368128804
2,2899.0,0.01752770287303754,0.11115484089118839,14.153710368833593
2,2900.0,0.017527702879445717,0.1111548408997469,14.153710369544655
2,2901.0,0.017527702885910452,0.11115484090833838,14.153710370261996
2,2902.0,0.017527702892431746,0.1111548409169628,14.153710370985607
2,2903.0,0.0175277028990096,0.11115484092562018,14.153710371715501
2,2904.0,0.017527702905644007,0.11115484093431052,14.153710372451666
2,2905.0,0.017527702912334974,0.11115484094303381,14.153710373194105
2,2906.0,0.0175277029190825,0.11115484095179005,14.153710373942827
2,2907.0,0.017527702925886585,0.11115484096057925,14.153710374697818
2,2908.0,0.017527702932747226,0.11115484096940141,14.153710375459088
2,2909.0,0.017527702939664425,0.11115484097825651,14.15371037622663
2,2910.0,0.01752770294663818,0.11115484098714458,14.15371037700045
2,2911.0,0.017527702953668498,0.1111548409960656,14.153710377780548
2,2912.0,0.01752770296075537,0.11115484100501956,14.15371037856692
2,2913.0,0.017527702967898802,0.11115484101400648,14.15371037935957
2,2914.0,0.01752770297509879,0.11115484102302636,14.153710380158492
2,2915.0,0.017527702982355335,0.1111548410320792,14.153710380963693
2,2916.0,0.01752770298966844,0.11115484104116499,14.153710381775166
2,2917.0,0.017527702997038104,0.11115484105028374,14.153710382592918
2,2918.0,0.017527703004464323,0.11115484105943543,14.153710383416948
2,2919.0,0.0175277030119471,0.11115484106862009,14.15371038424725
2,2920.0,0.01752770301948644,0.11115484107783768,14.153710385083828
2,2921.0,0.017527703027082335,0.11115484108708826,14.153710385926683
2,2922.0,0.017527703034734787,0.11115484109637176,14.15371038677581
2,2923.0,0.017527703042443797,0.11115484110568824,14.153710387631216
2,2924.0,0.017527703050209363,0.11115484111503766,14.153710388492899
2,2925.0,0.01752770305803149,0.11115484112442005,14.153710389360855
2,2926.0,0.017527703065910175,0.11115484113383538,14.15371039023509
2,2927.0,0.017527703073845418,0.11115484114328367,14.1537103911156
2,2928.0,0.017527703081837216,0.1111548411527649,14.153710392002383
2,2929.0,0.017527703089885573,0.1111548411622791,14.153710392895443
2,2930.0,0.01752770309799049,0.11115484117182625,14.153710393794777
2,2931.0,0.017527703106151964,0.11115484118140637,14.153710394700393
2,2932.0,0.017527703114369995,0.11115484119101943,14.15371039561228
2,2933.0,0.017527703122644584,0.11115484120066543,14.15371039653044
2,2934.0,0.017527703130975732,0.1111548412103444,14.153710397454882
2,2935.0,0.017527703136787174,0.11115484121177147,14.153710398099731
2,2936.0,0.017527703142304837,0.11115484121226843,14.153710398711981
2,2937.0,0.017527703147814853,0.11115484121276417,14.15371039932338
2,2938.0,0.017527703153317226,0.11115484121325869,14.153710399933932
2,2939.0,0.017527703158811955,0.11115484121375198,14.15371040054364
2,2940.0,0.01752770316429904,0.11115484121424404,14.153710401152495
2,2941.0,0.017527703169778475,0.11115484121473489,14.153710401760506
2,2942.0,0.017527703175250268,0.11115484121522451,14.153710402367663
2,2943.0,0.017527703180714414,0.1111548412157129,14.153710402973976
2,2944.0,0.017527703186170918,0.11115484121620006,14.15371040357944
2,2945.0,0.017527703191619774,0.11115484121668599,14.153710404184054
2,2946.0,0.017527703197060988,0.11115484121717072,14.15371040478782
2,2947.0,0.017527703202494558,0.1111548412176542,14.153710405390742
2,2948.0,0.017527703207920478,0.11115484121813646,14.15371040599281
2,2949.0,0.01752770321333876,0.1111548412186175,14.15371040659403
2,2950.0,0.01752770321874939,0.11115484121909731,14.153710407194406
2,2951.0,0.01752770322415238,0.1111548412195759,14.15371040779393
2,2952.0,0.01752770322954772,0.11115484122005326,14.153710408392609
2,2953.0,0.01752770323493542,0.11115484122052939,14.153710408990436
2,2954.0,0.01752770324031547,0.1111548412210043,14.153710409587417
2,2955.0,0.01752770324568788,0.11115484122147799,14.153710410183548
2,2956.0,0.017527703251052643,0.11115484122195045,14.153710410778833
2,2957.0,0.01752770325640976,0.11115484122242168,14.153710411373266
2,2958.0,0.017527703261759234,0.1111548412228917,14.153710411966856
2,2959.0,0.017527703267101062,0.11115484122336047,14.153710412559594
2,2960.0,0.017527703272435247,0.11115484122382803,14.153710413151485
2,2961.0,0.017527703277761784,0.11115484122429437,14.153710413742527
2,2962.0,0.017527703283080676,0.11115484122475948,14.153710414332721
2,2963.0,0.017527703288391924,0.11115484122522336,14.153710414922068
2,2964.0,0.01752770329369553,0.11115484122568602,14.153710415510565
2,2965.0,0.017527703298991486,0.11115484122614744,14.153710416098214
2,2966.0,0.017527703304279798,0.11115484122660764,14.153710416685017
2,2967.0,0.017527703309560466,0.11115484122706662,14.153710417270965
2,2968.0,0.01752770331483349,0.11115484122752438,14.153710417856072
2,2969.0,0.01752770332009887,0.1111548412279809,14.153710418440326
2,2970.0,0.0175277033253566,0.1111548412284362,14.153710419023733
2,2971.0,0.01752770333060669,0.11115484122889029,14.153710419606295
2,2972.0,0.017527703335849132,0.11115484122934315,14.153710420188002
2,2973.0,0.01752770334108393,0.11115484122979477,14.153710420768869
2,2974.0,0.017527703346311083,0.11115484123024517,14.153710421348881
2,2975.0,0.01752770335153059,0.11115484123069434,14.153710421928047
2,2976.0,0.017527703356742457,0.11115484123114229,14.153710422506366
2,2977.0,0.017527703361946673,0.11115484123158902,14.153710423083837
2,2978.0,0.01752770336714325,0.11115484123203452,14.153710423660455
2,2979.0,0.017527703372332174,0.11115484123247879,14.153710424236229
2,2980.0,0.01752770337751346,0.11115484123292184,14.153710424811155
2,2981.0,0.017527703382687096,0.11115484123336367,14.153710425385231
2,2982.0,0.017527703387853092,0.11115484123380426,14.153710425958456
2,2983.0,0.017527703393011438,0.11115484123424364,14.15371042653084
2,2984.0,0.017527703398162144,0.11115484123468178,14.15371042710237
2,2985.0,0.0175277034033052,0.1111548412351187,14.153710427673053
2,2986.0,0.017527703408440613,0.1111548412355544,14.15371042824289
2,2987.0,0.017527703413568383,0.11115484123598887,14.153710428811873
2,2988.0,0.017527703418688506,0.11115484123642212,14.153710429380013
2,2989.0,0.017527703423800986,0.11115484123685414,14.153710429947301
2,2990.0,0.01752770342890582,0.11115484123728493,14.153710430513742
2,2991.0,0.017527703434003006,0.1111548412377145,14.153710431079338
2,2992.0,0.01752770343909255,0.11115484123814284,14.153710431644079
2,2993.0,0.01752770344417445,0.11115484123856996,14.15371043220798
2,2994.0,0.017527703449248703,0.11115484123899586,14.153710432771023
2,2995.0,0.017527703454315313,0.11115484123942052,14.153710433333229
2,2996.0,0.017527703459374273,0.11115484123984395,14.153710433894577
2,2997.0,0.017527703464425594,0.11115484124026617,14.15371043445508
2,2998.0,0.017527703469469268,0.11115484124068717,14.153710435014737
2,2999.0,0.017527703474505295,0.11115484124110693,14.153710435573544
2,3000.0,0.01752770347953368,0.11115484124152547,14.153710436131501
3,0.0,-0.14247229569927614,-0.04884515888788091,-3.600178861977139
3,1.0,-0.1433308076202348,-0.04752998293230556,-3.6954408975023583
3,2.0,-0.14417293560978553,-0.04622871995958667,-3.788884942365217
3,3.0,-0.14499883403077632,-0.04494135527657318,-3.8805281249465278
3,4.0,-0.14580864627494378,-0.043667881451634194,-3.9703863562527326
3,5.0,-0.14660254079386642,-0.04240826635133485,-4.058478327975657
3,6.0,-0.14738066838117914,-0.04116248463575077,-4.144820772449768
3,7.0,-0.14814320097064354,-0.03993049204331194,-4.22943276775623
3,8.0,-0.14889031264427505,-0.03871224197461316,-4.31233363035033
3,9.0,-0.14962218476349695,-0.03750767772047147,-4.3935434844236205
3,10.0,-0.15033899032572587,-0.03631673581516945,-4.473081526082348
3,11.0,-0.15104090375314638,-0.03513935548962329,-4.55096710952759
3,12.0,-0.15172812470954863,-0.03397545670234405,-4.627222389814628
3,13.0,-0.1524008484878422,-0.03282495415759834,-4.70186903699793
3,14.0,-0.15305923825025242,-0.0316877765401661,-4.77492515585313
3,15.0,-0.15370350709363104,-0.030563825129903122,-4.846414391992323
3,16.0,-0.154333861986977,-0.0294529968819282,-4.916359711069969
3,17.0,-0.1549504646050075,-0.028355210567860393,-4.984779052805114
3,18.0,-0.15555353759404317,-0.027270350797024744,-5.051697122436184
3,19.0,-0.15614328943864822,-0.0261983027035202,-5.117137053787511
3,20.0,-0.15671988410477353,-0.0251389759335924,-5.181117040817562
3,21.0,-0.1572835551528715,-0.024092238026209016,-5.243662999816577
3,22.0,-0.15783449808896827,-0.023057972211166237,-5.304796624486821
3,23.0,-0.15837288944024416,-0.022036074463629186,-5.364537502603509
3,24.0,-0.15889897248874854,-0.02102639607306944,-5.422912629182855
3,25.0,-0.15941290918483153,-0.020028833822652893,-5.479939974528626
3,26.0,-0.15991491205337205,-0.01904325517795948,-5.535643120785776
3,27.0,-0.16040520928357738,-0.018069511161738463,-5.590047388241471
3,28.0,-0.16088395064475236,-0.017107503026169018,-5.643169395568656
3,29.0,-0.161351377010542,-0.01615707127431141,-5.69503587054265
3,30.0,-0.1618076727800551,-0.015218089007005742,-5.745667274422078
3,31.0,-0.16225301670072886,-0.014290434971449053,-5.795083441345879
3,32.0,-0.16268764985330073,-0.013373940703966795,-5.843311122068709
3,33.0,-0.1631117098997852,-0.012468508542884267,-5.890365591816691
3,34.0,-0.1635254342419679,-0.011573970476345745,-5.936273193121335
3,35.0,-0.16392899963507385,-0.010690197071000076,-5.981053539062109
3,36.0,-0.164322580140052,-0.009817062846730057,-6.024725943756727
3,37.0,-0.16470640754917878,-0.008954396019593157,-6.0673161272954275
3,38.0,-0.16508060926078444,-0.008102101583589977,-6.108838226027344
3,39.0,-0.16544543035253584,-0.007259995981799051,-6.1493194342136706
3,40.0,-0.165801002349669,-0.00642797777990893,-6.1887743461324805
3,41.0,-0.16614753434250767,-0.005605888557163743,-6.227226162824276
3,42.0,-0.16648521104167174,-0.004793583983330556,-6.264695380113518
3,43.0,-0.1668141761746269,-0.003990953077164657,-6.301197946259763
3,44.0,-0.16713465592695917,-0.003197817500684122,-6.336758959224729
3,45.0,-0.16744675964415162,-0.002414090675915156,-6.3713905521809915
3,46.0,-0.1677507245376834,-0.0016395836716274923,-6.405119046543317
3,47.0,-0.16804665311727526,-0.0008742132043390775,-6.437955816975729
3,48.0,-0.16833476972031594,-0.00011779878997384266,-6.469925756360633
3,49.0,-0.16861518968598743,0.0006297552034009232,-6.501041662942278
3,50.0,-0.1688881049014452,0.0013686047155471186,-6.531324828866498
3,51.0,-0.16915366618095906,0.0020988758911147424,-6.560791988757444
3,52.0,-0.16941201865983127,0.002820688273424151,-6.5894592470907565
3,53.0,-0.16966334221633508,0.003534193534538989,-6.6173465634849835
3,54.0,-0.16990775061657426,0.004239486693726186,-6.644466561632765
3,55.0,-0.17014543956978825,0.004936734340701523,-6.670840957785282
3,56.0,-0.17037650240098526,0.005626015532207119,-6.696480107454246
3,57.0,-0.17060114176596394,0.006307504507147952,-6.72140649769361
3,58.0,-0.17081943762158336,0.00698126992677836,-6.745629000661073
3,59.0,-0.1710315938857789,0.007647488927593427,-6.769170243459574
3,60.0,-0.17123768165406175,0.008306223332357364,-6.7920381149756155
3,61.0,-0.17143790257784822,0.008957650150602804,-6.814254990815079
3,62.0,-0.17163232185065805,0.00960182669819209,-6.835828104968829
3,63.0,-0.17182113623707887,0.010238927538627368,-6.856779290791396
3,64.0,-0.1720044077454204,0.01086900769790651,-6.877115428836976
3,65.0,-0.1721823253742577,0.011492236667091238,-6.896857490729298
3,66.0,-0.17235495155344596,0.012108670287903666,-6.916012403798007
3,67.0,-0.17252246312064787,0.012718468898905181,-6.934599790270002
3,68.0,-0.1726849287018525,0.013321694350850257,-6.952627265009151
3,69.0,-0.17284250588286487,0.013918491159374059,-6.970112314021403
3,70.0,-0.172995278576589,0.014508935597428463,-6.987064248434358
3,71.0,-0.17314337411450706,0.015093145872902718,-7.003497197179581
3,72.0,-0.1732869053031189,0.015671225554533423,-7.019423677470328
3,73.0,-0.17342595319249351,0.01624325105607575,-7.034852682768842
3,74.0,-0.17356066855054048,0.016809362330541287,-7.049800942555068
3,75.0,-0.17369109439200475,0.017369600557917895,-7.064273229822907
3,76.0,-0.17381740184401523,0.01792412657718509,-7.078288533148089
3,77.0,-0.17393961592464227,0.018472964416424698,-7.091849628580957
3,78.0,-0.17405790608680088,0.019016275292625867,-7.104975318923444
3,79.0,-0.17417230405337544,0.01955408934346744,-7.1176691242041805
3,80.0,-0.17428294958532925,0.020086541211056106,-7.129946552552432
3,81.0,-0.17438991423532738,0.020613699291829907,-7.141815543581334
3,82.0,-0.17449327024342676,0.021135634345624252,-7.1532841131782625
3,83.0,-0.174593151003557,0.021652475384431883,-7.1643670629749145
3,84.0,-0.17468957679061345,0.022164242705703132,-7.175066642710351
3,85.0,-0.17478270362916842,0.022671089231003142,-7.185400165153312
3,86.0,-0.17487255002188157,0.023173033081669497,-7.195369683392378
3,87.0,-0.17495923758047027,0.02367019505902895,-7.204988691683666
3,88.0,-0.1750428383978921,0.024162646291325335,-7.21426518959214
3,89.0,-0.17512339085434916,0.024650425669331715,-7.223203435854449
3,90.0,-0.1752010351056873,0.025133673267537692,-7.231818982416742
3,91.0,-0.17527577655102963,0.025612394621221776,-7.240112428375487
3,92.0,-0.17534774052635974,0.02608671674546075,-7.248097681238111
3,93.0,-0.17541697943258233,0.026556692449937594,-7.255780555503784
3,94.0,-0.17548352917203922,0.027022358853703254,-7.263165034961279
3,95.0,-0.17554751998784698,0.02748384898040458,-7.2702655716223905
3,96.0,-0.1756089537154564,0.02794116475561603,-7.27708236915205
3,97.0,-0.17566793687724558,0.028394416573757426,-7.283627247465999
3,98.0,-0.17572452999236224,0.02884366684293704,-7.28990692187833
3,99.0,-0.1757787484966618,0.02928893195569735,-7.295923105179481
3,100.0,-0.17583071841528397,0.029730343724565476,-7.301689781346888
3,101.0,-0.1758804543407809,0.03016791733299298,-7.307208569596535
3,102.0,-0.17592800845583229,0.030601708311305084,-7.312485260212941
3,103.0,-0.1759734812576482,0.031031822853814124,-7.317531004548302
3,104.0,-0.17601686957632856,0.03145825764112601,-7.322345450864776
3,105.0,-0.17605826646510897,0.03188111252299289,-7.3269389245176875
3,106.0,-0.17609772670571724,0.03230044607462997,-7.331317504186635
3,107.0,-0.176135253406168,0.03271626178004991,-7.335481534742544
3,108.0,-0.17617095343526265,0.033128675635039705,-7.339442874540909
3,109.0,-0.17620485511560302,0.03353771829835324,-7.343204666308862
3,110.0,-0.17623696960860527,0.033943402157185276,-7.346768148537318
3,111.0,-0.1762674035679743,0.034345844431179315,-7.350145155714278
3,112.0,-0.17629617119966615,0.034745060698586766,-7.353337264158326
3,113.0,-0.17632328944430625,0.03514106993575079,-7.356346353631891
3,114.0,-0.17634885964929808,0.03553398502720051,-7.359183669826172
3,115.0,-0.1763728893646839,0.03592381436737932,-7.361850050507511
3,116.0,-0.17639539691495604,0.03631057873103826,-7.364347528994724
3,117.0,-0.17641647834656074,0.036694386623782035,-7.366686762775203
3,118.0,-0.17643613904648808,0.037075244124124274,-7.368868349599109
3,119.0,-0.1764543939913585,0.03745316843453293,-7.370893951299334
3,120.0,-0.17647133546986313,0.0378282653819656,-7.372773808395966
3,121.0,-0.17648697000441288,0.038200542441932335,-7.374508644627518
3,122.0,-0.17650130577632778,0.03857000913323986,-7.376099367808055
3,123.0,-0.17651443116214066,0.03893676838697162,-7.377555784357511
3,124.0,-0.17652635753808313,0.03930083345549505,-7.378879156603117
3,125.0,-0.17653708556560485,0.03966220508955914,-7.380069557940526
3,126.0,-0.17654669498224185,0.040020977667025254,-7.381135836190952
3,127.0,-0.17655520759219542,0.04037717701839289,-7.382080410788013
3,128.0,-0.17656261977381324,0.040730798751808954,-7.382902879866608
3,129.0,-0.1765689908474407,0.04108191423653439,-7.383609825719564
3,130.0,-0.1765743617151602,0.041430572778488405,-7.3842057869159134
3,131.0,-0.1765787323769717,0.04177677437767099,-7.384690763455655
3,132.0,-0.17658212180281804,0.042120542134730904,-7.385066860277965
3,133.0,-0.17658460183956876,0.04246196424307021,-7.385342049641424
3,134.0,-0.1765861728025942,0.04280104109095401,-7.385516366540101
3,135.0,-0.17658683458677032,0.04313777243371926,-7.385589799309239
3,136.0,-0.1765866548535276,0.04347224280737467,-7.3855698557835465
3,137.0,-0.17658565184886468,0.04380447508359038,-7.385458560572031
3,138.0,-0.17658382396288577,0.04413446719184366,-7.385255735037747
3,139.0,-0.17658119693354307,0.0444622517228898,-7.384964235110419
3,140.0,-0.17657782724844615,0.04478790088846481,-7.384590328757372
3,141.0,-0.17657371490759494,0.045111414688568684,-7.384134015978603
3,142.0,-0.17656885761130345,0.04543278998478054,-7.383595041596792
3,143.0,-0.17656331135235886,0.045752099667190634,-7.382979618672876
3,144.0,-0.17655709801405245,0.04606937237940981,-7.382290175416439
3,145.0,-0.17655021759638415,0.046384608121438076,-7.3815267118274726
3,146.0,-0.17654267489522213,0.04669781300185765,-7.380689760064183
3,147.0,-0.1765345298511824,0.047009067071626776,-7.3797859712457345
3,148.0,-0.17652578841596406,0.047318378329769886,-7.378816005783425
3,149.0,-0.17651645043889977,0.04762574656770877,-7.377779846958934
3,150.0,-0.1765065284487164,0.04793118848626893,-7.376678884982455
3,151.0,-0.17649607602175973,0.04823477762025865,-7.375519064782221
3,152.0,-0.17648509315802982,0.04853651396967795,-7.374300386358234
3,153.0,-0.17647357798805546,0.04883639486348051,-7.3730226422705885
3,154.0,-0.17646155144475112,0.04913444927168227,-7.37168815527334
3,155.0,-0.17644905584272869,0.04943073690085158,-7.370301620672351
3,156.0,-0.1764360911819881,0.049725257750988426,-7.36886303846762
3,157.0,-0.17642265578326635,0.050018009348019275,-7.367372222325082
3,158.0,-0.17640876795488708,0.050309017660638625,-7.365831203769441
3,159.0,-0.17639446802958172,0.050598341292605264,-7.364244458193533
3,160.0,-0.1763797560073503,0.050885980243919195,-7.362611985597356
3,161.0,-0.17636463188819285,0.05117193451458042,-7.360933785980911
3,162.0,-0.1763491028055422,0.051456214125928226,-7.359210650882812
3,163.0,-0.17633321387424844,0.05173888666894058,-7.35744758632842
3,164.0,-0.17631696555396795,0.052019952840811165,-7.35564464332204
3,165.0,-0.1763003578447007,0.05229941264153998,-7.353801821863671
3,166.0,-0.17628339087599432,0.052577265791053464,-7.3519191363281475
3,167.0,-0.1762661065197985,0.05285357687201738,-7.350001232902743
3,168.0,-0.17624851139311723,0.05312835622426702,-7.34804884582219
3,169.0,-0.1762306054959505,0.05340160384780238,-7.346061975086483
3,170.0,-0.17621238578804133,0.05367331465299804,-7.344040283343213
3,171.0,-0.17619387961991262,0.05394353192206298,-7.341986805455865
3,172.0,-0.176175107376465,0.05421228856258271,-7.339903803369888
3,173.0,-0.17615606905769843,0.05447958457455724,-7.33779127708527
3,174.0,-0.1761367646636129,0.05474541995798656,-7.3356492266020155
3,175.0,-0.17611719533673845,0.0550097959301472,-7.333477778697322
3,176.0,-0.17609739759668327,0.05527277340167983,-7.331280985652972
3,177.0,-0.17607737472063517,0.055534357929986865,-7.3290592111116455
3,178.0,-0.1760571267085941,0.055794549515068285,-7.326812455073343
3,179.0,-0.17603665163643428,0.056053344689977455,-7.324540504033579
3,180.0,-0.17601596363869665,0.05631076722915891,-7.322244926386588
3,181.0,-0.17599508785704648,0.056566861225100996,-7.319928511897021
3,182.0,-0.1759740242914838,0.0568216266778037,-7.317591260564877
3,183.0,-0.17595277294200853,0.05707506358726703,-7.315233172390154
3,184.0,-0.17593133108698242,0.057327166692411585,-7.312853945374945
3,185.0,-0.17590971947644082,0.05757797315736434,-7.310455881980703
3,186.0,-0.17588795401624013,0.057827512324867186,-7.308040747150025
3,187.0,-0.17586603470638038,0.058075784194920106,-7.3056085408829095
3,188.0,-0.17584396154686155,0.058322788767523115,-7.303159263179359
3,189.0,-0.17582173190365707,0.05856852063097253,-7.300692621763018
3,190.0,-0.17579936538122048,0.058813016729011354,-7.298210791979512
3,191.0,-0.17577687569552064,0.05905630375343516,-7.295715295777554
3,192.0,-0.1757542628465575,0.059298381704243945,-7.293206133157138
3,193.0,-0.1757315268343311,0.059539250581437726,-7.2906833041182635
3,194.0,-0.17570866559663645,0.05977890596240355,-7.28814657983494
3,195.0,-0.17568569197537015,0.06001737297767071,-7.285597385267242
3,196.0,-0.1756626227996319,0.0602546862540146,-7.2830375878025055
3,197.0,-0.17563945806942174,0.06049084579143525,-7.280467187440742
3,198.0,-0.17561619778473964,0.06072585158993265,-7.277886184181939
3,199.0,-0.1755928419455856,0.0609597036495068,-7.275294578026105
3,200.0,-0.17556939109668707,0.061192401919732214,-7.272692429417179
3,201.0,-0.17554586856653917,0.061423997174827334,-7.2700823269271755
3,202.0,-0.17552227518338356,0.06165449126937684,-7.267464362459287
3,203.0,-0.1754986109472202,0.06188388420338074,-7.264838536013505
3,204.0,-0.17547487585804908,0.06211217597683904,-7.262204847589834
3,205.0,-0.17545106765533627,0.062339360832687575,-7.259563046355336
3,206.0,-0.17542720133954887,0.0625654726914171,-7.256914796788974
3,207.0,-0.17540328613492273,0.06279053334392277,-7.254261122428642
3,208.0,-0.17537932204145795,0.0630145427902046,-7.251602023274348
3,209.0,-0.17535530905915447,0.06323750103026259,-7.248937499326089
3,210.0,-0.1753312471880123,0.06345940806409672,-7.246267550583862
3,211.0,-0.17530713502998913,0.06368025931045945,-7.243592021918371
3,212.0,-0.17528299037560116,0.06390009905546079,-7.24091288739746
3,213.0,-0.17525881622875925,0.06411893505558905,-7.238230480340522
3,214.0,-0.1752346125894633,0.06433676731084421,-7.235544800747542
3,215.0,-0.1752103794577134,0.0645535958212263,-7.232855848618527
3,216.0,-0.1751861168335095,0.0647694205867353,-7.230163623953472
3,217.0,-0.17516182389978313,0.06498423797826068,-7.227468036088987
3,218.0,-0.17513751704270708,0.06519809267347372,-7.224770903264438
3,219.0,-0.17511319769046896,0.0654109887214807,-7.222072383954105
3,220.0,-0.17508886584306876,0.0656229261222816,-7.219372478157987
3,221.0,-0.1750645215005065,0.06583390487587644,-7.21667118587609
3,222.0,-0.1750401646627822,0.0660439249822652,-7.213968507108407
3,223.0,-0.1750157939985855,0.0662529811601817,-7.211264294130345
3,224.0,-0.1749914232951906,0.06646111436955898,-7.208560076802775
3,225.0,-0.17496705486237418,0.06666833179257012,-7.205856111422706
3,226.0,-0.1749426887001362,0.0668746334292151,-7.203152397990125
3,227.0,-0.17491832480847672,0.06708001927949392,-7.200448936505038
3,228.0,-0.17489396318739567,0.06728448934340658,-7.197745726967445
3,229.0,-0.1748696022401259,0.06748803760038216,-7.195042592197166
3,230.0,-0.17484525051526328,0.06769069118192639,-7.192340480761867
3,231.0,-0.17482091376118078,0.06789246972491568,-7.189640030511405
3,232.0,-0.1747965919778784,0.06809337322935002,-7.186941241445787
3,233.0,-0.1747722851653561,0.06829340169522943,-7.184244113565
3,234.0,-0.1747479933236139,0.06849255512255391,-7.181548646869052
3,235.0,-0.1747237164526518,0.06869083351132343,-7.17885484135794
3,236.0,-0.1746994538135151,0.06888823215835772,-7.176162615035918
3,237.0,-0.17467521622779347,0.06908479168572453,-7.173473168686142
3,238.0,-0.17465100441155235,0.06928051492944856,-7.1707865817645375
3,239.0,-0.17462681836479169,0.06947540188952984,-7.168102854271091
3,240.0,-0.17460265808751152,0.06966945256596836,-7.165421986205807
3,241.0,-0.17457852357971185,0.06986266695876413,-7.162743977568691
3,242.0,-0.17455441437200503,0.07005504287631237,-7.160068776275634
3,243.0,-0.17453033210647384,0.07024658498217606,-7.157396564535116
3,244.0,-0.1745062846691556,0.07043732768230303,-7.154728217396102
3,245.0,-0.17448227206005038,0.07062727097669326,-7.152063734858595
3,246.0,-0.17445829427915813,0.07081641486534675,-7.149403116922595
3,247.0,-0.17443435132647886,0.07100475934826349,-7.146746363588099
3,248.0,-0.17441044320201257,0.0711923044254435,-7.144093474855108
3,249.0,-0.17438656956031898,0.07137904820311121,-7.141444412392947
3,250.0,-0.17436273149035314,0.07156499343631971,-7.138799297034031
3,251.0,-0.1743389357257629,0.07175017437583132,-7.136158875956114
3,252.0,-0.17431518226654827,0.07193459102164602,-7.133523149159186
3,253.0,-0.17429147111270926,0.07211824337376384,-7.130892116643257
3,254.0,-0.17426780226424585,0.07230113143218475,-7.128265778408321
3,255.0,-0.17424417572115805,0.07248325519690878,-7.125644134454377
3,256.0,-0.17422059148344587,0.07266461466793589,-7.1230271847814315
3,257.0,-0.1741970488976125,0.07284520347952618,-7.120414856876294
3,258.0,-0.1741735540374785,0.07302505742189756,-7.11780782470108
3,259.0,-0.17415010753283938,0.07320418052271513,-7.115206158139035
3,260.0,-0.1741267093836952,0.07338257278197889,-7.112609857190171
3,261.0,-0.17410335959004594,0.07356023419968884,-7.110018921854482
3,262.0,-0.1740800581518916,0.07373716477584498,-7.107433352131965
3,263.0,-0.17405680506923216,0.07391336451044732,-7.104853148022626
3,264.0,-0.17403359974073515,0.07408882813669117,-7.102278242801525
3,265.0,-0.1740104447019631,0.07426357128346434,-7.09970891781926
3,266.0,-0.1739873427915705,0.07443761548138557,-7.097145488058071
3,267.0,-0.1739642940095573,0.07461096073045483,-7.094587953517954
3,268.0,-0.17394129835592348,0.07478360703067213,-7.092036314198904
3,269.0,-0.17391835583066909,0.07495555438203749,-7.08949057010093
3,270.0,-0.1738954664337941,0.07512680278455089,-7.086950721224028
3,271.0,-0.17387263016529855,0.07529735223821232,-7.084416767568194
3,272.0,-0.17384984649176885,0.07546719570998124,-7.081888649944903
3,273.0,-0.17382711840081128,0.07563635880623557,-7.079366699864348
3,274.0,-0.17380444707804127,0.07580485338161354,-7.076851048884558
3,275.0,-0.17378183252345886,0.07597267943611515,-7.074341697005538
3,276.0,-0.17375927473706398,0.07613983696974042,-7.071838644227287
3,277.0,-0.17373677371885674,0.0763063259824893,-7.069341890549808
3,278.0,-0.17371432946883703,0.07647214647436186,-7.0668514359730965
3,279.0,-0.1736919419870049,0.07663729844535805,-7.064367280497152
3,280.0,-0.17366961091580618,0.07680177484905466,-7.061889384447123
3,281.0,-0.17364733839348456,0.07696559984256744,-7.059417985086388
3,282.0,-0.173625125283609,0.07712878536730666,-7.0569531782381265
3,283.0,-0.17360297158617946,0.07729133142327232,-7.054494963902338
3,284.0,-0.17358087730119595,0.07745323801046441,-7.052043342079017
3,285.0,-0.17355884242865846,0.07761450512888295,-7.049598312768166
3,286.0,-0.17353686696856702,0.07777513277852792,-7.047159875969785
3,287.0,-0.1735149509209216,0.07793512095939933,-7.04472803168387
3,288.0,-0.173493094115617,0.07809446483140224,-7.042302761035249
3,289.0,-0.1734712974732101,0.07825317577147967,-7.0398841661705704
3,290.0,-0.17344956202187423,0.07841127500197985,-7.037472361177807
3,291.0,-0.1734278877616094,0.07856876252290278,-7.035067346056961
3,292.0,-0.17340627469241557,0.07872563833424848,-7.032669120808031
3,293.0,-0.17338472281429282,0.07888190243601692,-7.030277685431021
3,294.0,-0.17336323212724108,0.07903755482820812,-7.027893039925928
3,295.0,-0.1733418026312604,0.07919259551082208,-7.025515184292751
3,296.0,-0.17332043432635072,0.0793470244838588,-7.023144118531493
3,297.0,-0.17329912725590357,0.07950083412880371,-7.020779847456948
3,298.0,-0.17327788231049407,0.07965405360368699,-7.018422469888945
3,299.0,-0.1732566995905464,0.07980668791242798,-7.016071996970732
3,300.0,-0.1732355790960606,0.0799587370550267,-7.013728428702314
3,301.0,-0.17321452082703662,0.08011020103148311,-7.011391765083688
3,302.0,-0.17319352478347447,0.08026107984179724,-7.009062006114851
3,303.0,-0.17317259096537418,0.08041137348596909,-7.006739151795809
3,304.0,-0.1731517193727357,0.08056108196399867,-7.0044232021265564
3,305.0,-0.17313091000718842,0.08071020491227557,-7.002114157287888
3,306.0,-0.1731101631580643,0.08085873641762394,-6.99981204938461
3,307.0,-0.17308947893667434,0.08100670815596116,-6.997516890767987
3,308.0,-0.17306885734301852,0.08115412012728723,-6.995228681438018
3,309.0,-0.17304829837709687,0.08130097233160219,-6.992947421394706
3,310.0,-0.17302780203890933,0.08144726476890599,-6.990673110638043
3,311.0,-0.17300736832845595,0.08159299743919866,-6.988405749168039
3,312.0,-0.1729869972457367,0.0817381703424802,-6.986145336984689
3,313.0,-0.1729666887907516,0.08188278347875058,-6.98389187408799
3,314.0,-0.17294644296718714,0.08202683669355186,-6.981645360887007
3,315.0,-0.1729262601663548,0.08217032315465392,-6.979405840802365
3,316.0,-0.17290613986567813,0.08231327416953907,-6.977173255848044
3,317.0,-0.17288608206515713,0.0824556897382073,-6.974947606024038
3,318.0,-0.17286608676479182,0.08259756986065861,-6.972728891330349
3,319.0,-0.1728461539645822,0.08273891453689301,-6.970517111766978
3,320.0,-0.17282628366452824,0.0828797237669105,-6.968312267333925
3,321.0,-0.17280647586463,0.08301999755071106,-6.96611435803119
3,322.0,-0.1727867305648874,0.08315973588829471,-6.963923383858769
3,323.0,-0.1727670477653005,0.08329893877966145,-6.961739344816667
3,324.0,-0.172747427901748,0.08343759839302275,-6.959562289270775
3,325.0,-0.1727278701845578,0.08357574044693165,-6.957392129597647
3,326.0,-0.1727083744021942,0.08371337035779995,-6.955228842324898
3,327.0,-0.17268894055465722,0.0838504881256276,-6.953072427452531
3,328.0,-0.17266956864194682,0.08398709375041466,-6.950922884980543
3,329.0,-0.17265025866406306,0.08412318723216108,-6.948780214908936
3,330.0,-0.1726310106210059,0.0842587685708669,-6.946644417237712
3,331.0,-0.17261182451277535,0.08439383776653209,-6.94451549196687
3,332.0,-0.1725927003393714,0.08452839481915665,-6.942393439096406
3,333.0,-0.17257363834877013,0.08466243556923121,-6.940278286142195
3,334.0,-0.1725546384134738,0.08479596649971753,-6.9381700189568605
3,335.0,-0.1725356994918009,0.08492900762847445,-6.936068521953535
3,336.0,-0.17251682158375142,0.08506155895550196,-6.933973795132222
3,337.0,-0.17249800468932538,0.08519362048080006,-6.931885838492918
3,338.0,-0.17247924880852278,0.08532519220436878,-6.929804652035623
3,339.0,-0.1724605539413436,0.08545627412620808,-6.927730235760341
3,340.0,-0.17244192008778786,0.08558686624631798,-6.925662589667065
3,341.0,-0.17242334724785555,0.08571696856469847,-6.9236017137558035
3,342.0,-0.17240483542154664,0.08584658108134957,-6.921547608026547
3,343.0,-0.1723863851320232,0.08597569697566909,-6.9195003305303056
3,344.0,-0.17236799539059774,0.08610433352019109,-6.917459771560531
3,345.0,-0.172349665457572,0.08623250169352904,-6.915425849038961
3,346.0,-0.17233139533294595,0.08636020149568295,-6.9133985629655985
3,347.0,-0.17231318501671955,0.08648743292665283,-6.911377913340433
3,348.0,-0.17229503450889286,0.08661419598643864,-6.909363900163474
3,349.0,-0.17227694380946584,0.08674049067504042,-6.907356523434717
3,350.0,-0.1722589129184385,0.08686631699245816,-6.905355783154164
3,351.0,-0.17224094183581085,0.08699167493869184,-6.903361679321812
3,352.0,-0.1722230305615829,0.08711656451374149,-6.901374211937667
3,353.0,-0.17220517971815402,0.08724097867900564,-6.89939345006429
3,354.0,-0.1721873880226828,0.08736493542698784,-6.897419251355269
3,355.0,-0.17216965470862558,0.08748844437035178,-6.895451530753543
3,356.0,-0.17215197977598237,0.08761150550909742,-6.893490288259108
3,357.0,-0.17213436322475317,0.0877341188432248,-6.8915355238719656
3,358.0,-0.172116805054938,0.0878562843727339,-6.889587237592115
3,359.0,-0.17209930526653683,0.08797800209762473,-6.887645429419559
3,360.0,-0.17208186385954966,0.08809927201789729,-6.885710099354291
3,361.0,-0.1720644808339765,0.08822009413355156,-6.883781247396314
3,362.0,-0.17204715618981736,0.08834046844458757,-6.881858873545633
3,363.0,-0.172029890445627,0.08846038953052253,-6.879943035342019
3,364.0,-0.17201268279741058,0.08857986792324361,-6.878033643572751
3,365.0,-0.17199553193513611,0.0886989182567563,-6.876130552874305
3,366.0,-0.17197843785880357,0.08881754053106058,-6.874233763246688
3,367.0,-0.171961400568413,0.08893573474615647,-6.872343274689899
3,368.0,-0.17194442006396438,0.08905350090204396,-6.870459087203934
3,369.0,-0.1719274963454577,0.08917083899872305,-6.868581200788799
3,370.0,-0.17191062941289298,0.08928774903619373,-6.866709615444487
3,371.0,-0.1718938192662702,0.08940423101445602,-6.8648443311710015
3,372.0,-0.17187706590558935,0.08952028493350991,-6.862985347968341
3,373.0,-0.17186036933085047,0.0896359107933554,-6.861132665836509
3,374.0,-0.1718437304507611,0.08975110056649738,-6.85928638560734
3,375.0,-0.17182714667978394,0.08986588082762782,-6.857446220384933
3,376.0,-0.17181061797582514,0.0899802519930299,-6.855612165498486
3,377.0,-0.17179414433888474,0.09009421406270361,-6.853784220947997
3,378.0,-0.1717777257689627,0.09020776703664894,-6.8519623867334625
3,379.0,-0.17176136226605904,0.09032091091486591,-6.850146662854887
3,380.0,-0.17174505383017374,0.09043364569735449,-6.8483370493122715
3,381.0,-0.1717288004613068,0.09054597138411469,-6.84653354610561
3,382.0,-0.17171260215945827,0.09065788797514653,-6.844736153234908
3,383.0,-0.1716964589246281,0.09076939547044997,-6.842944870700161
3,384.0,-0.1716803712918536,0.09088048904490438,-6.84115975787008
3,385.0,-0.17166433852895324,0.09099117660718828,-6.839380733500477
3,386.0,-0.17164835902831238,0.09110147329127638,-6.83760761920752
3,387.0,-0.171632432789931,0.09121137909716867,-6.835840414991211
3,388.0,-0.17161655981380916,0.09132089402486517,-6.834079120851553
3,389.0,-0.17160074009994677,0.09143001807436583,-6.832323736788542
3,390.0,-0.17158497364834388,0.09153875124567072,-6.830574262802176
3,391.0,-0.1715692604590005,0.09164709353877978,-6.828830698892461
3,392.0,-0.17155360053191662,0.09175504495369305,-6.827093045059395
3,393.0,-0.17153799386709223,0.09186260549041052,-6.825361301302978
3,394.0,-0.17152244046452733,0.09196977514893216,-6.823635467623206
3,395.0,-0.17150694105177944,0.09207654776844401,-6.8219156247511785
3,396.0,-0.1714914942552234,0.0921829362945713,-6.820201620266968
3,397.0,-0.1714760988613819,0.09228895144718113,-6.818493319520935
3,398.0,-0.171460754870255,0.0923945932262735,-6.816790722513082
3,399.0,-0.17144546228184268,0.09249986163184841,-6.815093829243411
3,400.0,-0.17143022109614492,0.09260475666390586,-6.813402639711918
3,401.0,-0.17141503131316174,0.09270927832244584,-6.811717153918608
3,402.0,-0.17139989293289315,0.09281342660746836,-6.810037371863478
3,403.0,-0.17138480595533911,0.09291720151897342,-6.808363293546528
3,404.0,-0.17136977038049966,0.09302060305696103,-6.806694918967758
3,405.0,-0.17135478620837477,0.09312363122143116,-6.8050322481271674
3,406.0,-0.17133985411193614,0.09322628052338895,-6.803375355698912
3,407.0,-0.17132497297186236,0.0933285611022413,-6.801724117481066
3,408.0,-0.17131014134549877,0.0934304851299301,-6.800078373394056
3,409.0,-0.17129535923284536,0.09353205260645536,-6.798438123437883
3,410.0,-0.17128062663390212,0.09363326353181706,-6.796803367612545
3,411.0,-0.17126594354866906,0.09373411790601521,-6.795174105918041
3,412.0,-0.17125130997714616,0.0938346157290498,-6.793550338354374
3,413.0,-0.17123672591933345,0.09393475700092085,-6.791932064921541
3,414.0,-0.1712221913752309,0.09403454172162835,-6.790319285619544
3,415.0,-0.17120770634483853,0.0941339698911723,-6.788712000448385
3,416.0,-0.17119327082815636,0.09423304150955268,-6.787110209408059
3,417.0,-0.17117888509525653,0.09433175442268268,-6.78551394246627
3,418.0,-0.17116454939145448,0.09443010726295561,-6.7839232268436565
3,419.0,-0.1711502613033075,0.09452811972036683,-6.782337794740248
3,420.0,-0.17113602083081556,0.09462579179491636,-6.780757646156046
3,421.0,-0.17112182797397868,0.09472312348660417,-6.779182781091051
3,422.0,-0.17110768273279686,0.09482011479543027,-6.777613199545266
3,423.0,-0.17109358510727013,0.09491676572139468,-6.776048901518687
3,424.0,-0.17107953509739843,0.09501307626449737,-6.774489887011316
3,425.0,-0.1710655327031818,0.09510904642473836,-6.7729361560231505
3,426.0,-0.17105157792462022,0.09520467620211764,-6.771387708554189
3,427.0,-0.17103767076171372,0.09529996559663523,-6.769844544604441
3,428.0,-0.17102381121446225,0.0953949146082911,-6.768306664173894
3,429.0,-0.17101000019572427,0.09548951630599306,-6.766774168554975
3,430.0,-0.17099623573695566,0.095583786610488,-6.765246839314474
3,431.0,-0.170982517002973,0.0956777320726625,-6.763724583778924
3,432.0,-0.17096884399377635,0.09577135269251659,-6.762207401948327
3,433.0,-0.17095521670936567,0.09586464847005027,-6.7606952938226845
3,434.0,-0.17094163514974095,0.09595761940526353,-6.759188259401993
3,435.0,-0.1709280993149022,0.09605026549815637,-6.757686298686254
3,436.0,-0.1709146092048494,0.0961425867487288,-6.756189411675469
3,437.0,-0.1709011648195826,0.09623458315698082,-6.7546975983696385
3,438.0,-0.17088776615910176,0.09632625472291241,-6.7532108587687585
3,439.0,-0.17087441322340688,0.09641760144652359,-6.751729192872831
3,440.0,-0.170861106012498,0.09650862332781435,-6.75025260068186
3,441.0,-0.1708478456035611,0.09659931249350409,-6.748781201722348
3,442.0,-0.17083462919069703,0.09668969067169733,-6.747314684646655
3,443.0,-0.17082145663167447,0.09677975894490867,-6.745853033672532
3,444.0,-0.1708083279264934,0.0968695173131381,-6.744396248799979
3,445.0,-0.1707952430751538,0.09695896577638564,-6.742944330028993
3,446.0,-0.1707822020776557,0.09704810433465128,-6.741497277359578
3,447.0,-0.1707692049339991,0.097136932987935,-6.740055090791734
3,448.0,-0.17075625164418398,0.09722545173623685,-6.738617770325455
3,449.0,-0.17074334220821036,0.09731366057955679,-6.737185315960749
3,450.0,-0.1707304766260782,0.09740155951789482,-6.73575772769761
3,451.0,-0.17071765489778754,0.09748914855125096,-6.734335005536038
3,452.0,-0.1707048770268472,0.09757642765346998,-6.732917149865385
3,453.0,-0.1706921441041684,0.09766338900975768,-6.731504281735127
3,454.0,-0.17067945319414876,0.09775005481823604,-6.7300960754055215
3,455.0,-0.17066680429678835,0.09783642507890507,-6.728692530876568
3,456.0,-0.17065419741208715,0.09792249979176475,-6.72729364814827
3,457.0,-0.17064163254004514,0.09800827895681509,-6.725899427220619
3,458.0,-0.1706291096806623,0.0980937625740561,-6.724509868093623
3,459.0,-0.1706166288339387,0.09817895064348776,-6.723124970767281
3,460.0,-0.17060418999987426,0.0982638431651101,-6.721744735241584
3,461.0,-0.17059179317846904,0.09834844013892309,-6.720369161516547
3,462.0,-0.170579438369723,0.09843274156492675,-6.718998249592156
3,463.0,-0.17056712557363615,0.09851674744312106,-6.71763199946842
3,464.0,-0.17055485479020852,0.09860045777350604,-6.716270411145336
3,465.0,-0.17054262707640716,0.09868386500371537,-6.714913601905884
3,466.0,-0.17053043988420008,0.09876698818261656,-6.713561289015822
3,467.0,-0.1705182929006876,0.0988498296124191,-6.712213437755238
3,468.0,-0.17050618612586976,0.09893238929312302,-6.7108700481241375
3,469.0,-0.1704941195597465,0.09901466722472829,-6.709531120122512
3,470.0,-0.17048209320231789,0.09909666340723494,-6.708196653750368
3,471.0,-0.17047010705358387,0.09917837784064294,-6.7068666490077025
3,472.0,-0.17045816111354448,0.09925981052495231,-6.705541105894516
3,473.0,-0.1704462553821997,0.09934096146016305,-6.70422002441081
3,474.0,-0.17043438985954956,0.09942183064627515,-6.702903404556584
3,475.0,-0.170422564545594,0.09950241808328861,-6.701591246331838
3,476.0,-0.1704107794403331,0.09958272377120343,-6.700283549736567
3,477.0,-0.17039903530229147,0.09966274227336763,-6.69898039893805
3,478.0,-0.17038733086585667,0.0997424831345392,-6.6976816535016335
3,479.0,-0.17037566487688824,0.09982195550738955,-6.696387174265624
3,480.0,-0.17036403733538616,0.09990115939191864,-6.695096961230021
3,481.0,-0.17035244824135043,0.0999800947881265,-6.693811014394822
3,482.0,-0.17034089759478105,0.10005876169601312,-6.69252933376003
3,483.0,-0.17032938539567805,0.1001371601155785,-6.691251919325645
3,484.0,-0.17031791164404136,0.10021529004682264,-6.6899787710916625
3,485.0,-0.17030647633987103,0.10029315148974555,-6.688709889058088
3,486.0,-0.17029507948316708,0.10037074444434721,-6.687445273224918
3,487.0,-0.17028372107392944,0.10044806891062763,-6.686184923592152
3,488.0,-0.17027240111215816,0.10052512488858682,-6.6849288401597935
3,489.0,-0.17026111959785326,0.10060191237822477,-6.68367702292784
3,490.0,-0.17024987760250868,0.10067842387754841,-6.682429590791204
3,491.0,-0.17023867255266523,0.10075467810437383,-6.681186258194196
3,492.0,-0.1702275042357541,0.10083067658520903,-6.679947001549795
3,493.0,-0.17021637265177533,0.10090641932005405,-6.678711820858008
3,494.0,-0.17020527780072892,0.10098190630890885,-6.677480716118831
3,495.0,-0.17019421968261483,0.10105713755177347,-6.676253687332266
3,496.0,-0.17018319829743309,0.10113211304864789,-6.6750307344983115
3,497.0,-0.1701722136451837,0.10120683279953209,-6.673811857616969
3,498.0,-0.17016126572586665,0.10128129680442612,-6.672597056688237
3,499.0,-0.17015035453948194,0.10135550506332992,-6.671386331712116
3,500.0,-0.17013948008602955,0.10142945757624354,-6.6701796826886035
3,501.0,-0.17012864236550954,0.10150315434316697,-6.668977109617704
3,502.0,-0.1701178415302687,0.10157659428249147,-6.667778629404099
3,503.0,-0.17010707824273566,0.10164977291867505,-6.6665843155520585
3,504.0,-0.17009635002300694,0.10172270805131098,-6.665393892887016
3,505.0,-0.17008565687108254,0.10179539968039926,-6.664207361408968
3,506.0,-0.17007499878696244,0.10186784780593991,-6.6630247211179086
3,507.0,-0.17006437577064665,0.1019400524279329,-6.661845972013842
3,508.0,-0.1700537878221352,0.10201201354637823,-6.660671114096772
3,509.0,-0.17004323494142806,0.10208373116127593,-6.659500147366695
3,510.0,-0.17003271712852522,0.10215520527262599,-6.658333071823609
3,511.0,-0.1700222343834267,0.10222643588042839,-6.65716988746752
3,512.0,-0.1700117867061325,0.10229742298468314,-6.656010594298422
3,513.0,-0.17000137409664262,0.10236816658539025,-6.654855192316318
3,514.0,-0.16999099655495706,0.10243866668254971,-6.653703681521206
3,515.0,-0.16998065415249544,0.10250892277233552,-6.652556069837942
3,516.0,-0.16997034778236095,0.10257892874874572,-6.651412456366865
3,517.0,-0.16996007486603434,0.10264870298188418,-6.6502725549908215
3,518.0,-0.16994983540351571,0.1027182454717509,-6.649136365709814
3,519.0,-0.16993962939480498,0.1027875562183459,-6.64800388852384
3,520.0,-0.16992945683990218,0.10285663522166916,-6.646875123432903
3,521.0,-0.1699193177388073,0.10292548248172068,-6.645750070436999
3,522.0,-0.16990921209152038,0.10299409799850047,-6.644628729536129
3,523.0,-0.16989913989804137,0.10306248177200852,-6.643511100730298
3,524.0,-0.16988910115837028,0.10313063380224484,-6.6423971840195
3,525.0,-0.1698790958725071,0.10319855408920942,-6.641286979403733
3,526.0,-0.16986912404045187,0.10326624263290227,-6.640180486883005
3,527.0,-0.16985918566220456,0.10333369943332338,-6.6390777064573125
3,528.0,-0.1698492807377652,0.10340092449047275,-6.637978638126656
3,529.0,-0.16983941023971935,0.1034679110775375,-6.636883389810889
3,530.0,-0.16982957212286984,0.10353467377365322,-6.635791734571235
3,531.0,-0.16981976589791614,0.10360121602157019,-6.634703618114024
3,532.0,-0.1698099915648583,0.10366753782128837,-6.633619040439258
3,533.0,-0.16980024912369623,0.10373363917280783,-6.632538001546931
3,534.0,-0.16979053857443,0.1037995200761285,-6.631460501437047
3,535.0,-0.1697808599170596,0.10386518053125042,-6.6303865401096065
3,536.0,-0.169771213151585,0.10393062053817358,-6.629316117564608
3,537.0,-0.16976159827800621,0.10399584009689798,-6.62824923380205
3,538.0,-0.16975201529632325,0.10406083920742362,-6.627185888821936
3,539.0,-0.1697424642065361,0.1041256178697505,-6.626126082624264
3,540.0,-0.16973294500864478,0.10419017608387862,-6.6250698152090335
3,541.0,-0.16972345770264927,0.10425451384980798,-6.624017086576246
3,542.0,-0.16971400269948986,0.10431862830785173,-6.6229679423245775
3,543.0,-0.16970457988296098,0.10438252048021733,-6.621922369559647
3,544.0,-0.16969518744885295,0.10444620305052282,-6.620880168083088
3,545.0,-0.16968582539716578,0.1045096760187682,-6.619841337894899
3,546.0,-0.16967649372789947,0.10457293938495348,-6.618805878995081
3,547.0,-0.169667192441054,0.10463599314907866,-6.617773791383629
3,548.0,-0.16965792153662937,0.10469883731114372,-6.616745075060548
3,549.0,-0.16964868101462557,0.10476147187114869,-6.615719730025837
3,550.0,-0.16963947087504264,0.10482389682909354,-6.614697756279494
3,551.0,-0.16963029111788056,0.1048861121849783,-6.61367915382152
3,552.0,-0.1696211417431393,0.10494811793880295,-6.612663922651917
3,553.0,-0.1696120227508189,0.1050099140905675,-6.611652062770682
3,554.0,-0.16960293414091937,0.10507150064027193,-6.610643574177817
3,555.0,-0.16959387591344066,0.10513287758791626,-6.609638456873321
3,556.0,-0.1695848487810835,0.10519404001247885,-6.6086367899397525
3,557.0,-0.169575851669977,0.10525499559155015,-6.607638454218455
3,558.0,-0.16956688348414573,0.10531575198139452,-6.6066433280980155
3,559.0,-0.1695579442235897,0.10537630918201198,-6.605651411578433
3,560.0,-0.1695490338883089,0.10543666719340251,-6.604662704659704
3,561.0,-0.1695401524783033,0.10549682601556613,-6.603677207341835
3,562.0,-0.169531299993573,0.10555678564850283,-6.602694919624822
3,563.0,-0.16952247643411789,0.10561654609221262,-6.601715841508662
3,564.0,-0.16951368179993803,0.10567610734669548,-6.600739972993365
3,565.0,-0.1695049160910334,0.10573546941195142,-6.59976731407892
3,566.0,-0.16949617930740402,0.10579463228798044,-6.598797864765335
3,567.0,-0.16948747144904988,0.10585359597478256,-6.597831625052608
3,568.0,-0.16947879251597095,0.10591236047235775,-6.596868594940732
3,569.0,-0.16947014250816728,0.10597092578070601,-6.595908774429718
3,570.0,-0.16946152212521126,0.10602928708433881,-6.594952241145382
3,571.0,-0.16945293033670908,0.10608745171592503,-6.59399888075336
3,572.0,-0.16944436606820895,0.10614542715284539,-6.593048574030544
3,573.0,-0.16943582931971088,0.1062032133950999,-6.592101320976926
3,574.0,-0.1694273200912149,0.10626081044268855,-6.591157121592516
3,575.0,-0.16941883838272093,0.10631821829561136,-6.590215975877308
3,576.0,-0.16941038419422905,0.10637543695386831,-6.589277883831304
3,577.0,-0.16940195752573922,0.10643246641745942,-6.5883428454545045
3,578.0,-0.16939355837725145,0.10648930668638466,-6.587410860746907
3,579.0,-0.16938518674876574,0.10654595776064407,-6.586481929708512
3,580.0,-0.16937684264028208,0.10660241964023762,-6.585556052339322
3,581.0,-0.1693685260518005,0.10665869232516531,-6.584633228639335
3,582.0,-0.16936023698332095,0.10671477581542715,-6.583713458608551
3,583.0,-0.16935197543484348,0.10677067011102315,-6.5827967422469715
3,584.0,-0.16934374178135905,0.10682637262860661,-6.581883121164272
3,585.0,-0.16933553599947404,0.10688188369178646,-6.580972592764655
3,586.0,-0.1693273563834728,0.10693721515106379,-6.580064967778826
3,587.0,-0.16931920293335537,0.10699236700643865,-6.579160246206793
3,588.0,-0.1693110756491217,0.10704733925791102,-6.5782584280485485
3,589.0,-0.16930297453077187,0.10710213190548089,-6.577359513304097
3,590.0,-0.1692948995783058,0.10715674494914829,-6.576463501973436
3,591.0,-0.1692868507917235,0.10721117838891318,-6.575570394056564
3,592.0,-0.16927882817102502,0.1072654322247756,-6.574680189553483
3,593.0,-0.1692708317162103,0.10731950645673552,-6.573792888464195
3,594.0,-0.1692628614272794,0.10737340108479296,-6.572908490788698
3,595.0,-0.16925491730423226,0.1074271161089479,-6.572026996526988
3,596.0,-0.1692469993470689,0.10748065152920036,-6.571148405679072
3,597.0,-0.16923910755578936,0.10753400734555033,-6.570272718244946
3,598.0,-0.1692312419303936,0.1075871835579978,-6.569399934224613
3,599.0,-0.1692234033558638,0.10764017412780781,-6.568530151817293
3,600.0,-0.16921559015319373,0.10769299077420098,-6.567663184717418
3,601.0,-0.16920780181253564,0.10774563701760446,-6.566798976351358
3,602.0,-0.16920003833388952,0.10779811285801826,-6.5659375267191145
3,603.0,-0.16919229971725538,0.10785041829544235,-6.56507883582069
3,604.0,-0.1691845859626332,0.10790255332987676,-6.564222903656078
3,605.0,-0.16917689707002298,0.10795451796132148,-6.563369730225281
3,606.0,-0.16916923303942474,0.10800631218977652,-6.562519315528302
3,607.0,-0.16916159387083848,0.10805793601524186,-6.561671659565139
3,608.0,-0.16915397956426417,0.1081093894377175,-6.560826762335789
3,609.0,-0.16914639011970184,0.10816067245720347,-6.559984623840254
3,610.0,-0.16913882553715148,0.10821178507369975,-6.559145244078539
3,611.0,-0.1691312858166131,0.10826272728720632,-6.558308623050637
3,612.0,-0.16912377095808667,0.10831349909772321,-6.557474760756549
3,613.0,-0.16911628096157222,0.10836410050525042,-6.556643657196279
3,614.0,-0.1691088168324316,0.10841452469107878,-6.555815423926595
3,615.0,-0.16910137639476425,0.10846478671995824,-6.554989819505636
3,616.0,-0.16909395956443837,0.10851488717035895,-6.554166834597984
3,617.0,-0.16908656634145394,0.10856482604228093,-6.553346469203635
3,618.0,-0.16907919672581098,0.10861460333572416,-6.552528723322596
3,619.0,-0.1690718507175095,0.10866421905068867,-6.551713596954866
3,620.0,-0.16906452831654947,0.10871367318717443,-6.550901090100442
3,621.0,-0.1690572295229309,0.10876296574518143,-6.550091202759326
3,622.0,-0.1690499543366538,0.1088120967247097,-6.549283934931512
3,623.0,-0.16904270275771816,0.10886106612575924,-6.548479286617009
3,624.0,-0.169035474786124,0.10890987394833004,-6.547677257815813
3,625.0,-0.16902827042187127,0.1089585201924221,-6.546877848527921
3,626.0,-0.16902108966496004,0.10900700485803541,-6.546081058753343
3,627.0,-0.16901393251539026,0.10905532794516999,-6.5452868884920665
3,628.0,-0.16900679897316193,0.10910348945382582,-6.544495337744097
3,629.0,-0.1689996900060735,0.1091514828218216,-6.543706513898099
3,630.0,-0.16899260360509924,0.10919932193725984,-6.542920194028943
3,631.0,-0.1689855396048579,0.10924700793530139,-6.542136359785632
3,632.0,-0.16897849800534945,0.10929454081594622,-6.541355011168152
3,633.0,-0.1689714788065739,0.10934192057919435,-6.540576148176515
3,634.0,-0.16896448200853123,0.1093891472250458,-6.539799770810713
3,635.0,-0.16895750761122147,0.10943622075350053,-6.539025879070749
3,636.0,-0.1689505556146446,0.10948314116455857,-6.538254472956625
3,637.0,-0.1689436260188006,0.1095299084582199,-6.537485552468336
3,638.0,-0.16893671882368955,0.10957652263448453,-6.536719117605888
3,639.0,-0.16892983402931136,0.10962298369335247,-6.535955168369277
3,640.0,-0.16892297163566608,0.1096692916348237,-6.5351937047585045
3,641.0,-0.16891613164275368,0.10971544645889822,-6.534434726773567
3,642.0,-0.1689093140505742,0.10976144816557605,-6.533678234414469
3,643.0,-0.1689025188591276,0.10980729675485718,-6.532924227681213
3,644.0,-0.16889574678478825,0.10985298735092992,-6.532172786063982
3,645.0,-0.16888899673037092,0.10989852759199306,-6.531423787817129
3,646.0,-0.1688822679169387,0.10994392282583171,-6.530677146508403
3,647.0,-0.16887556034449155,0.10998917305244585,-6.529932862137796
3,648.0,-0.1688688740130295,0.11003427827183547,-6.5291909347053165
3,649.0,-0.16886220892255252,0.1100792384840006,-6.528451364210956
3,650.0,-0.16885556507306063,0.11012405368894122,-6.52771415065472
3,651.0,-0.16884894246455381,0.11016872388665733,-6.5269792940366065
3,652.0,-0.16884234109703208,0.11021324907714894,-6.5262467943566165
3,653.0,-0.16883576097049546,0.11025762926041605,-6.525516651614752
3,654.0,-0.1688292020849439,0.11030186443645863,-6.524788865811007
3,655.0,-0.1688226644403774,0.11034595460527673,-6.524063436945386
3,656.0,-0.168816148036796,0.11038989976687032,-6.523340365017887
3,657.0,-0.16880965287419972,0.1104336999212394,-6.522619650028515
3,658.0,-0.16880317895258848,0.11047735506838396,-6.521901291977261
3,659.0,-0.16879672627196235,0.11052086520830404,-6.5211852908641355
3,660.0,-0.16879029580206614,0.11056422378653771,-6.520471754293771
3,661.0,-0.16878388552158857,0.11060744470125114,-6.519760457977819
3,662.0,-0.16877749536797101,0.11065052838008553,-6.519051394974651
3,663.0,-0.16877112534121355,0.11069347482304091,-6.518344565284289
3,664.0,-0.16876477544131613,0.11073628403011726,-6.517639968906716
3,665.0,-0.16875844566827874,0.11077895600131459,-6.516937605841936
3,666.0,-0.16875213602210143,0.11082149073663289,-6.5162374760899535
3,667.0,-0.16874584650278415,0.11086388823607217,-6.515539579650765
3,668.0,-0.16873957711032692,0.11090614849963241,-6.514843916524367
3,669.0,-0.16873332784472975,0.11094827152731365,-6.5141504867107685
3,670.0,-0.16872709870599265,0.11099025731911585,-6.513459290209964
3,671.0,-0.16872088969411556,0.11103210587503903,-6.512770327021948
3,672.0,-0.16871470080909856,0.11107381719508319,-6.5120835971467335
3,673.0,-0.16870853205094158,0.11111539127924833,-6.511399100584309
3,674.0,-0.16870238341964466,0.11115682812753443,-6.510716837334681
3,675.0,-0.16869625499206223,0.11119812721575109,-6.510036815925752
3,676.0,-0.16869014753323813,0.11123928340361758,-6.509359121248177
3,677.0,-0.16868405913151574,0.11128030979978926,-6.508683541181073
3,678.0,-0.16867798978689505,0.11132120640426611,-6.508010075724443
3,679.0,-0.16867193949937606,0.11136197321704816,-6.507338724878285
3,680.0,-0.16866590826895875,0.1114026102381354,-6.506669488642596
3,681.0,-0.16865989609564316,0.11144311746752783,-6.506002367017387
3,682.0,-0.16865390297942925,0.11148349490522545,-6.505337360002647
3,683.0,-0.16864792892031705,0.11152374255122825,-6.5046744675983765
3,684.0,-0.16864197391830654,0.11156386040553623,-6.504013689804583
3,685.0,-0.16863603797339774,0.11160384846814941,-6.503355026621261
3,686.0,-0.1686301210855906,0.11164370673906777,-6.502698478048411
3,687.0,-0.1686242232548852,0.11168343521829133,-6.502044044086038
3,688.0,-0.16861834448128152,0.11172303390582007,-6.501391724734132
3,689.0,-0.1686124847647795,0.11176250280165399,-6.500741519992701
3,690.0,-0.16860664410537918,0.1118018419057931,-6.500093429861742
3,691.0,-0.16860082250308056,0.11184105121823741,-6.499447454341256
3,692.0,-0.1685950208341814,0.11188012481583576,-6.498803690666828
3,693.0,-0.16858923744328785,0.11191907406169706,-6.498161955152962
3,694.0,-0.16858347208284422,0.11195790064415018,-6.497522220330427
3,695.0,-0.1685777247528505,0.11199660456319512,-6.496884486199227
3,696.0,-0.16857199545330664,0.11203518581883187,-6.4962487527593575
3,697.0,-0.16856628418421268,0.11207364441106045,-6.49561502001082
3,698.0,-0.16856059094556863,0.11211198033988085,-6.4949832879536125
3,699.0,-0.1685549157373745,0.11215019360529305,-6.494353556587739
3,700.0,-0.16854925855963024,0.11218828420729708,-6.493725825913196
3,701.0,-0.16854361941233587,0.11222625214589294,-6.493100095929986
3,702.0,-0.1685379982954914,0.1122640974210806,-6.492476366638108
3,703.0,-0.16853239520909682,0.11230182003286007,-6.491854638037559
3,704.0,-0.16852681015315216,0.11233941998123137,-6.491234910128346
3,705.0,-0.16852124312765737,0.1123768972661945,-6.490617182910461
3,706.0,-0.1685156941326125,0.11241425188774944,-6.490001456383911
3,707.0,-0.1685101631680175,0.11245148384589619,-6.489387730548691
3,708.0,-0.1685046506417217,0.11248859037188146,-6.488776050660497
3,709.0,-0.16849915637127888,0.11252557279508185,-6.48816639647477
3,710.0,-0.16849367914648702,0.11256243937813942,-6.487558633705305
3,711.0,-0.16848821896734617,0.11259919012105415,-6.486952762352103
3,712.0,-0.16848277583385632,0.11263582502382606,-6.4863487824151695
3,713.0,-0.16847734974601744,0.11267234408645511,-6.485746693894496
3,714.0,-0.16847194070382956,0.11270874730894134,-6.4851464967900885
3,715.0,-0.16846654870729266,0.11274503469128473,-6.4845481911019425
3,716.0,-0.16846117375640676,0.11278120623348528,-6.483951776830064
3,717.0,-0.16845581585117184,0.112817261935543,-6.483357253974444
3,718.0,-0.1684504749915879,0.11285320179745788,-6.482764622535091
3,719.0,-0.16844515117765496,0.11288902581922992,-6.4821738825120025
3,720.0,-0.168439844409373,0.11292473400085913,-6.481585033905176
3,721.0,-0.16843455468674207,0.11296032634234551,-6.4809980767146165
3,722.0,-0.1684292820097621,0.11299580284368904,-6.480413010940321
3,723.0,-0.1684240263784331,0.11303116350488975,-6.479829836582287
3,724.0,-0.1684187877927551,0.11306640832594761,-6.479248553640515
3,725.0,-0.16841356681248904,0.11310153351584924,-6.478669224227095
3,726.0,-0.1684083628027958,0.11313654347298965,-6.478091777899133
3,727.0,-0.16840317489456788,0.11317144411873513,-6.477516118218883
3,728.0,-0.1683980030878052,0.11320623545308567,-6.476942245186338
3,729.0,-0.1683928473825078,0.11324091747604127,-6.476370158801502
3,730.0,-0.16838770777867562,0.11327549018760194,-6.475799859064372
3,731.0,-0.16838258427630876,0.11330995358776767,-6.475231345974956
3,732.0,-0.16837747687540713,0.11334430767653848,-6.474664619533244
3,733.0,-0.16837238557597078,0.11337855245391434,-6.474099679739242
3,734.0,-0.1683673103779997,0.11341268791989528,-6.473536526592948
3,735.0,-0.16836225128149387,0.11344671407448129,-6.472975160094359
3,736.0,-0.16835720828645334,0.11348063091767235,-6.472415580243486
3,737.0,-0.16835218139287805,0.11351443844946849,-6.471857787040316
3,738.0,-0.16834717060076804,0.11354813666986968,-6.471301780484856
3,739.0,-0.1683421759101233,0.11358172557887594,-6.470747560577104
3,740.0,-0.1683371973209438,0.11361520517648728,-6.470195127317058
3,741.0,-0.1683322348332296,0.11364857546270367,-6.469644480704726
3,742.0,-0.16832728881642367,0.11368183393473738,-6.469095661734165
3,743.0,-0.16832235917907748,0.11371498128671723,-6.468548660258083
3,744.0,-0.1683174447384038,0.11374802557167686,-6.468003345032265
3,745.0,-0.16831254549440255,0.1137809667896163,-6.467459716056711
3,746.0,-0.1683076614470738,0.11381380494053552,-6.46691777333142
3,747.0,-0.1683027925964175,0.11384654002443455,-6.466377516856394
3,748.0,-0.1682979389424337,0.11387917204131336,-6.465838946631629
3,749.0,-0.16829310048512236,0.11391170099117197,-6.46530206265713
3,750.0,-0.16828827722448347,0.11394412687401037,-6.46476686493289
3,751.0,-0.1682834691605171,0.11397644968982858,-6.464233353458919
3,752.0,-0.16827867629322316,0.11400866943862657,-6.463701528235207
3,753.0,-0.1682738986226017,0.11404078612040436,-6.46317138926176
3,754.0,-0.1682691361486527,0.11407279973516193,-6.462642936538573
3,755.0,-0.16826438887137618,0.11410471028289931,-6.462116170065656
3,756.0,-0.16825965679077212,0.11413651776361648,-6.461591089842996
3,757.0,-0.16825493990684057,0.11416822217731346,-6.4610676958706055
3,758.0,-0.16825023821958146,0.11419982352399022,-6.460545988148474
3,759.0,-0.16824555172899483,0.11423132180364677,-6.460025966676607
3,760.0,-0.16824088121596514,0.1142627117515024,-6.459507718103357
3,761.0,-0.16823622534423754,0.11429400249000106,-6.458991094155469
3,762.0,-0.16823158380258535,0.11432519613127975,-6.458476060298665
3,763.0,-0.1682269565910086,0.11435629267533849,-6.4579626165329485
3,764.0,-0.16822234370950723,0.11438729212217727,-6.457450762858318
3,765.0,-0.16821774515808127,0.11441819447179609,-6.456940499274776
3,766.0,-0.16821316093673075,0.11444899972419494,-6.456431825782318
3,767.0,-0.16820859104545563,0.11447970787937384,-6.455924742380949
3,768.0,-0.16820403548425591,0.11451031893733277,-6.4554192490706646
3,769.0,-0.1681994942531316,0.11454083289807174,-6.4549153458514645
3,770.0,-0.16819496735208272,0.11457124976159076,-6.454413032723354
3,771.0,-0.16819045478110925,0.11460156952788982,-6.453912309686326
3,772.0,-0.1681859565402112,0.11463179219696891,-6.45341317674039
3,773.0,-0.16818147262938857,0.11466191776882803,-6.452915633885538
3,774.0,-0.16817700304864133,0.11469194624346721,-6.452419681121772
3,775.0,-0.1681725477979695,0.11472187762088643,-6.45192531844909
3,776.0,-0.1681681068773731,0.11475171190108567,-6.4514325458674975
3,777.0,-0.1681636802868521,0.11478144908406496,-6.45094136337699
3,778.0,-0.1681592688713373,0.11481108348424264,-6.450451864732617
3,779.0,-0.168154871072394,0.11484062570555353,-6.449963877007645
3,780.0,-0.16815048677395328,0.11487007653433515,-6.449477387322859
3,781.0,-0.16814611597601514,0.11489943597058748,-6.448992395678257
3,782.0,-0.1681417586785796,0.11492870401431055,-6.448508902073841
3,783.0,-0.16813741488164666,0.11495788066550433,-6.448026906509609
3,784.0,-0.1681330845852163,0.11498696592416884,-6.447546408985566
3,785.0,-0.16812876778928856,0.11501595979030406,-6.4470674095017095
3,786.0,-0.16812446449386337,0.11504486226391002,-6.446589908058035
3,787.0,-0.1681201746989408,0.1150736733449867,-6.446113904654549
3,788.0,-0.16811589840452082,0.11510239303353409,-6.445639399291247
3,789.0,-0.1681116356106034,0.11513102132955222,-6.44516639196813
3,790.0,-0.1681073863171886,0.11515955823304105,-6.4446948826852
3,791.0,-0.1681031505242764,0.11518800374400062,-6.444224871442459
3,792.0,-0.16809892823186676,0.11521635786243092,-6.443756358239897
3,793.0,-0.16809471943995974,0.11524462058833193,-6.443289343077525
3,794.0,-0.1680905241485553,0.11527279192170367,-6.442823825955335
3,795.0,-0.16808634235765343,0.11530087186254613,-6.442359806873332
3,796.0,-0.16808217474822923,0.11532885582245106,-6.441897361393739
3,797.0,-0.16807802029317112,0.11535675080678279,-6.4414363755464015
3,798.0,-0.16807387854492267,0.11538455984731061,-6.440976799669645
3,799.0,-0.16806974950348383,0.11541228294403451,-6.440518633763465
3,800.0,-0.16806563316885464,0.11543992009695449,-6.440061877827869
3,801.0,-0.16806152954103507,0.11546747130607056,-6.4396065318628475
3,802.0,-0.16805743862002512,0.11549493657138271,-6.439152595868404
3,803.0,-0.1680533604058248,0.11552231589289096,-6.438700069844543
3,804.0,-0.16804929489843415,0.11554960927059527,-6.4382489537912635
3,805.0,-0.1680452420978531,0.11557681670449567,-6.437799247708559
3,806.0,-0.16804120200408168,0.11560393819459217,-6.437350951596435
3,807.0,-0.16803717461711987,0.11563097374088473,-6.436904065454887
3,808.0,-0.1680331599369677,0.11565792334337338,-6.436458589283923
3,809.0,-0.1680291579636252,0.11568478700205811,-6.436014523083537
3,810.0,-0.1680251686970923,0.11571156471693894,-6.435571866853729
3,811.0,-0.16802119213736902,0.11573825648801585,-6.4351306205944985
3,812.0,-0.1680172282844554,0.11576486231528883,-6.434690784305851
3,813.0,-0.16801327713835137,0.1157913821987579,-6.434252357987778
3,814.0,-0.1680093387838509,0.11581781556553636,-6.433815351049174
3,815.0,-0.1680054138580753,0.11584415815072718,-6.433379834186168
3,816.0,-0.16800150088017982,0.11587041999370974,-6.432945643081549
3,817.0,-0.16799759985016446,0.11589660109448408,-6.43251277773532
3,818.0,-0.16799371076802924,0.11592270145305014,-6.432081238147481
3,819.0,-0.16798983363377412,0.11594872106940797,-6.431651024318026
3,820.0,-0.16798596844739913,0.11597465994355755,-6.43122213624696
3,821.0,-0.16798211520890427,0.11600051807549887,-6.4307945739342856
3,822.0,-0.1679782739182895,0.11602629546523195,-6.430368337379995
3,823.0,-0.1679744445755549,0.11605199211275678,-6.429943426584099
3,824.0,-0.1679706271807004,0.11607760801807337,-6.429519841546589
3,825.0,-0.16796682173372604,0.11610314318118171,-6.429097582267467
3,826.0,-0.16796302823463177,0.1161285976020818,-6.428676648746729
3,827.0,-0.16795924668341766,0.11615397128077365,-6.428257040984388
3,828.0,-0.16795547708008365,0.11617926421725723,-6.427838758980429
3,829.0,-0.16795171942462978,0.11620447641153259,-6.427421802734861
3,830.0,-0.16794797371705603,0.11622960786359968,-6.427006172247681
3,831.0,-0.16794423995736238,0.11625465857345853,-6.426591867518885
3,832.0,-0.16794051814554886,0.11627962854110913,-6.426178888548481
3,833.0,-0.1679368083646803,0.11630451720586203,-6.425767244553491
3,834.0,-0.16793311124261567,0.11632932036578664,-6.425357005202278
3,835.0,-0.167929425343177,0.11635404774650776,-6.42494801113394
3,836.0,-0.16792575066636428,0.11637869934802543,-6.424540262348478
3,837.0,-0.16792208721217752,0.11640327517033962,-6.4241337588458896
3,838.0,-0.1679184349806167,0.11642777521345032,-6.423728500626172
3,839.0,-0.16791479397168182,0.11645219947735758,-6.423324487689327
3,840.0,-0.16791116418537289,0.11647654796206135,-6.4229217200353546
3,841.0,-0.16790754562168989,0.11650082066756165,-6.422520197664257
3,842.0,-0.16790393828063285,0.11652501759385848,-6.4221199205760335
3,843.0,-0.16790034216220176,0.11654913874095184,-6.4217208887706825
3,844.0,-0.16789675726639663,0.11657318410884172,-6.421323102248206
3,845.0,-0.16789318359321742,0.11659715369752814,-6.420926561008599
3,846.0,-0.16788962114266417,0.11662104750701109,-6.420531265051869
3,847.0,-0.16788606991473687,0.11664486553729056,-6.420137214378011
3,848.0,-0.16788252990943553,0.11666860778836657,-6.419744408987027
3,849.0,-0.1678790011267601,0.11669227426023909,-6.4193528488789156
3,850.0,-0.16787548356671064,0.11671586495290816,-6.418962534053677
3,851.0,-0.16787197722928712,0.11673937986637374,-6.418573464511311
3,852.0,-0.16786848211448957,0.11676281900063587,-6.418185640251821
3,853.0,-0.1678649988530066,0.11678617811448262,-6.417799131257555
3,854.0,-0.16786152655138367,0.11680946327855689,-6.417413838389183
3,855.0,-0.16785806477974807,0.11683267739609426,-6.417029713947252
3,856.0,-0.1678546135380998,0.11685582046709476,-6.4166467579317565
3,857.0,-0.16785117282643885,0.11687889249155839,-6.416264970342704
3,858.0,-0.1678477426447652,0.11690189346948512,-6.415884351180085
3,859.0,-0.16784432299307891,0.11692482340087498,-6.415504900443912
3,860.0,-0.16784091387137992,0.11694768228572798,-6.415126618134169
3,861.0,-0.16783751527966825,0.11697047012404409,-6.414749504250869
3,862.0,-0.1678341272179439,0.1169931869158233,-6.41437355879401
3,863.0,-0.1678307496862069,0.11701583266106566,-6.413998781763585
3,864.0,-0.16782738268445718,0.11703840735977113,-6.413625173159599
3,865.0,-0.16782402621269482,0.11706091101193973,-6.413252732982057
3,866.0,-0.16782068027091976,0.11708334361757144,-6.4128814612309455
3,867.0,-0.16781734485913202,0.11710570517666627,-6.412511357906279
3,868.0,-0.1678140199773316,0.11712799568922423,-6.41214242300805
3,869.0,-0.1678107056255185,0.1171502151552453,-6.411774656536255
3,870.0,-0.16780740180369275,0.11717236357472952,-6.411408058490905
3,871.0,-0.1678041085118543,0.11719444094767684,-6.411042628871988
3,872.0,-0.16780082575000319,0.11721644727408727,-6.410678367679517
3,873.0,-0.1677975542507559,0.11723837763552872,-6.410315356205936
3,874.0,-0.16779429280463884,0.11726024021855937,-6.409953460245864
3,875.0,-0.16779104122745409,0.11728203626536061,-6.409592659360372
3,876.0,-0.1677877995192016,0.11730376577593246,-6.4092329535494565
3,877.0,-0.16778456767988145,0.11732542875027491,-6.408874342813118
3,878.0,-0.16778134570949357,0.11734702518838795,-6.408516827151358
3,879.0,-0.167778133608038,0.1173685550902716,-6.408160406564177
3,880.0,-0.1677749313755147,0.11739001845592584,-6.407805081051566
3,881.0,-0.16777173901192372,0.11741141528535068,-6.407450850613539
3,882.0,-0.167768556517265,0.11743274557854612,-6.407097715250085
3,883.0,-0.16776538389153858,0.11745400933551216,-6.4067456749612095
3,884.0,-0.16776222113474448,0.1174752065562488,-6.406394729746912
3,885.0,-0.16775906824688266,0.11749633724075603,-6.40604487960719
3,886.0,-0.16775592522795313,0.11751740138903387,-6.405696124542047
3,887.0,-0.1677527920779559,0.1175383990010823,-6.40534846455148
3,888.0,-0.16774966879689096,0.11755933007690134,-6.405001899635488
3,889.0,-0.1677465553847583,0.11758019461649097,-6.404656429794075
3,890.0,-0.16774345184155795,0.1176009926198512,-6.404312055027239
3,891.0,-0.16774035816728988,0.11762172408698203,-6.403968775334979
3,892.0,-0.16773727436195413,0.11764238901788346,-6.403626590717298
3,893.0,-0.1677342009747892,0.11766298372224206,-6.403285562118694
3,894.0,-0.16773113733444878,0.11768351275816714,-6.402945615045369
3,895.0,-0.16772808293256464,0.11770397955352721,-6.402606693087859
3,896.0,-0.16772503776913675,0.11772438410832228,-6.402268796246168
3,897.0,-0.1677220018441651,0.11774472642255233,-6.40193192452029
3,898.0,-0.16771897515764975,0.11776500649621738,-6.401596077910231
3,899.0,-0.16771595770959066,0.11778522432931741,-6.40126125641599
3,900.0,-0.16771294949998783,0.11780537992185244,-6.400927460037561
3,901.0,-0.16770995052884125,0.11782547327382246,-6.400594688774949
3,902.0,-0.16770696079615094,0.11784550438522746,-6.400262942628155
3,903.0,-0.1677039803019169,0.11786547325606747,-6.399932221597179
3,904.0,-0.16770100904613913,0.11788537988634246,-6.399602525682017
3,905.0,-0.1676980470288176,0.11790522427605245,-6.399273854882671
3,906.0,-0.16769509424995238,0.11792500642519742,-6.398946209199146
3,907.0,-0.16769215070954338,0.11794472633377738,-6.3986195886314325
3,908.0,-0.16768921640759066,0.11796438400179234,-6.398293993179538
3,909.0,-0.1676862913440942,0.11798397942924228,-6.39796942284346
3,910.0,-0.16768337551905402,0.11800351261612721,-6.397645877623198
3,911.0,-0.1676804689324701,0.11802298356244714,-6.397323357518755
3,912.0,-0.16767757158434243,0.11804239226820205,-6.397001862530126
3,913.0,-0.16767468347467102,0.11806173873339197,-6.396681392657309
3,914.0,-0.16767180532948975,0.11808101808978604,-6.396362028462344
3,915.0,-0.1676689359487758,0.11810023843992803,-6.396043636788527
3,916.0,-0.16766607520564317,0.11811940063798992,-6.395726203556353
3,917.0,-0.16766322310009188,0.11813850468397173,-6.395409728765829
3,918.0,-0.16766037963212194,0.11815755057787343,-6.395094212416953
3,919.0,-0.16765754480173334,0.11817653831969505,-6.3947796545097235
3,920.0,-0.16765471860892608,0.11819546790943655,-6.394466055044146
3,921.0,-0.16765190105370015,0.11821433934709798,-6.394153414020211
3,922.0,-0.16764909213605558,0.11823315263267929,-6.393841731437929
3,923.0,-0.16764629185599234,0.11825190776618053,-6.3935310072972955
3,924.0,-0.16764350021351043,0.11827060474760165,-6.393221241598307
3,925.0,-0.16764071720860985,0.11828924357694269,-6.392912434340965
3,926.0,-0.16763794284129063,0.11830782425420362,-6.392604585525275
3,927.0,-0.16763517711155274,0.11832634677938446,-6.392297695151232
3,928.0,-0.1676324200193962,0.11834481115248521,-6.391991763218838
3,929.0,-0.167629671564821,0.11836321737350586,-6.39168678972809
3,930.0,-0.1676269317478271,0.11838156544244642,-6.391382774678989
3,931.0,-0.1676242005684146,0.11839985535930687,-6.3910797180715395
3,932.0,-0.1676214780265834,0.11841808712408725,-6.390777619905736
3,933.0,-0.16761876412233356,0.11843626073678751,-6.390476480181581
3,934.0,-0.16761605885566505,0.11845437619740769,-6.390176298899075
3,935.0,-0.1676133628347383,0.11847242942667152,-6.389877143540795
3,936.0,-0.16761067520399028,0.11849042620642906,-6.3895789191719246
3,937.0,-0.1676079956385978,0.11850836872263404,-6.389281589749491
3,938.0,-0.1676053241385608,0.11852625697528642,-6.388985155273489
3,939.0,-0.16760266070387933,0.11854409096438623,-6.3886896157439255
3,940.0,-0.16760000533455335,0.11856187068993344,-6.388394971160794
3,941.0,-0.16759735803058287,0.11857959615192806,-6.388101221524096
3,942.0,-0.1675947187919679,0.11859726735037011,-6.387808366833839
3,943.0,-0.16759208761870845,0.11861488428525958,-6.38751640709001
3,944.0,-0.1675894645108045,0.11863244695659646,-6.387225342292619
3,945.0,-0.16758684946825603,0.11864995536438075,-6.386935172441657
3,946.0,-0.1675842424910631,0.11866740950861246,-6.386645897537136
3,947.0,-0.16758164357922564,0.11868480938929159,-6.386357517579045
3,948.0,-0.1675790527327437,0.11870215500641812,-6.386070032567389
3,949.0,-0.16757646995161726,0.11871944635999208,-6.3857834425021665
3,950.0,-0.16757389523584634,0.11873668345001345,-6.385497747383381
3,951.0,-0.16757132858543092,0.11875386627648224,-6.385212947211031
3,952.0,-0.16756877000037101,0.11877099483939844,-6.384929041985114
3,953.0,-0.16756621948066658,0.11878806913876205,-6.384646031705629
3,954.0,-0.1675636770263177,0.1188050891745731,-6.384363916372586
3,955.0,-0.16756114263732427,0.11882205494683154,-6.384082695985967
3,956.0,-0.1675586163703791,0.11883896607462696,-6.383802376836519
3,957.0,-0.1675560988358136,0.11885581847682643,-6.383523026647708
3,958.0,-0.16755358882209986,0.11887262031103434,-6.383244510986215
3,959.0,-0.16755108632923793,0.11888937157725069,-6.382966829852039
3,960.0,-0.16754859135722777,0.11890607227547548,-6.382689983245179
3,961.0,-0.1675461039060694,0.1189227224057087,-6.382413971165633
3,962.0,-0.1675436239757628,0.11893932196795037,-6.382138793613409
3,963.0,-0.167541151566308,0.11895587096220048,-6.381864450588501
3,964.0,-0.16753868667770497,0.11897236938845902,-6.381590942090907
3,965.0,-0.1675362293099537,0.11898881724672601,-6.381318268120627
3,966.0,-0.16753377946305426,0.11900521453700144,-6.381046428677669
3,967.0,-0.16753133713700658,0.11902156125928531,-6.3807754237620244
3,968.0,-0.1675289023318107,0.11903785741357761,-6.380505253373702
3,969.0,-0.16752647504746657,0.11905410299987836,-6.380235917512687
3,970.0,-0.16752405528397424,0.11907029801818755,-6.379967416178996
3,971.0,-0.1675216430413337,0.11908644246850518,-6.37969974937262
3,972.0,-0.16751923831954493,0.11910253635083123,-6.37943291709356
3,973.0,-0.16751684111860796,0.11911857966516574,-6.3791669193418175
3,974.0,-0.16751445143852275,0.1191345724115087,-6.37890175611739
3,975.0,-0.16751206927928936,0.11915051458986008,-6.378637427420282
3,976.0,-0.16750969464090773,0.1191664062002199,-6.37837393325049
3,977.0,-0.16750732752337788,0.11918224724258816,-6.378111273608012
3,978.0,-0.1675049679266998,0.11919803771696487,-6.377849448492853
3,979.0,-0.1675026165347297,0.11921377304406061,-6.377588533786926
3,980.0,-0.1675002722569486,0.11922946056678072,-6.377328408484282
3,981.0,-0.1674979349823349,0.11924510103087355,-6.3770690602657565
3,982.0,-0.16749560471088853,0.1192606944363391,-6.376810489131346
3,983.0,-0.16749328144260955,0.11927624078317736,-6.376552695081055
3,984.0,-0.16749096517749792,0.11929174007138835,-6.37629567811488
3,985.0,-0.16748865591555367,0.11930719230097206,-6.376039438232825
3,986.0,-0.16748635365677678,0.11932259747192848,-6.375783975434885
3,987.0,-0.16748405840116726,0.11933795558425762,-6.375529289721064
3,988.0,-0.1674817701487251,0.11935326663795949,-6.37527538109136
3,989.0,-0.1674794888994503,0.11936853063303407,-6.375022249545773
3,990.0,-0.16747721465334287,0.11938374756948136,-6.374769895084301
3,991.0,-0.16747494741040278,0.11939891744730138,-6.374518317706946
3,992.0,-0.16747268717063007,0.11941404026649413,-6.374267517413712
3,993.0,-0.16747043393402475,0.11942911602705958,-6.374017494204594
3,994.0,-0.16746818770058677,0.11944414472899775,-6.373768248079592
3,995.0,-0.16746594847031615,0.11945912637230865,-6.373519779038708
3,996.0,-0.1674637162432129,0.11947406095699226,-6.373272087081941
3,997.0,-0.16746149101927701,0.1194889484830486,-6.37302517220929
3,998.0,-0.1674592727985085,0.11950378895047764,-6.3727790344207556
3,999.0,-0.16745706158090734,0.11951858235927941,-6.372533673716341
3,1000.0,-0.16745485736647356,0.11953332870945389,-6.3722890900960465
3,1001.0,-0.16745266033953005,0.1195480267645713,-6.3720453040126666
3,1002.0,-0.16745047075627092,0.11956267482477308,-6.371802343893975
3,1003.0,-0.1674482876844345,0.11957727915607362,-6.371560106294521
3,1004.0,-0.16744611112402077,0.11959183975847296,-6.371318591214307
3,1005.0,-0.16744394107502975,0.11960635663197107,-6.3710777986533325
3,1006.0,-0.16744177753746142,0.11962082977656796,-6.370837728611598
3,1007.0,-0.16743962051131575,0.11963525919226363,-6.370598381089099
3,1008.0,-0.16743746999659279,0.11964964487905809,-6.370359756085838
3,1009.0,-0.16743532599329253,0.11966398683695133,-6.3701218536018205
3,1010.0,-0.16743318850141495,0.11967828506594333,-6.369884673637041
3,1011.0,-0.16743105752096007,0.11969253956603412,-6.369648216191502
3,1012.0,-0.16742893305192788,0.11970675033722371,-6.369412481265197
3,1013.0,-0.16742681509431837,0.11972091737951206,-6.369177468858133
3,1014.0,-0.16742470364813156,0.1197350406928992,-6.368943178970308
3,1015.0,-0.16742259871336745,0.11974912027738512,-6.368709611601723
3,1016.0,-0.167420500290026,0.11976315613296981,-6.3684767667523765
3,1017.0,-0.1674184083781073,0.11977714825965328,-6.368244644422268
3,1018.0,-0.16741632297761125,0.11979109665743554,-6.368013244611402
3,1019.0,-0.1674142440885379,0.11980500132631658,-6.367782567319771
3,1020.0,-0.1674121717108872,0.11981886226629639,-6.367552612547376
3,1021.0,-0.16741010584465923,0.11983267947737498,-6.367323380294225
3,1022.0,-0.16740804648985397,0.11984645295955236,-6.3670948705603125
3,1023.0,-0.16740599364647138,0.11986018271282853,-6.366867083345639
3,1024.0,-0.1674039473145115,0.11987386873720346,-6.366640018650207
3,1025.0,-0.1674019081820617,0.11988750642973771,-6.366413752825432
3,1026.0,-0.1673998751330988,0.11990110329004929,-6.366188162035369
3,1027.0,-0.1673978481288965,0.11991465957790436,-6.365963241982874
3,1028.0,-0.1673958271694547,0.11992817529330294,-6.365738992667937
3,1029.0,-0.16739381225477346,0.11994165043624501,-6.3655154140905665
3,1030.0,-0.16739180338485277,0.11995508500673059,-6.365292506250758
3,1031.0,-0.1673898005596926,0.11996847900475968,-6.365070269148511
3,1032.0,-0.16738780377929302,0.11998183243033227,-6.36484870278383
3,1033.0,-0.16738581304365396,0.11999514528344836,-6.364627807156713
3,1034.0,-0.16738382835277543,0.12000841756410795,-6.364407582267153
3,1035.0,-0.16738184970665748,0.12002164927231104,-6.364188028115164
3,1036.0,-0.16737987710530006,0.12003484040805763,-6.363969144700734
3,1037.0,-0.16737791054870318,0.12004799097134773,-6.363750932023866
3,1038.0,-0.16737595003686687,0.12006110096218132,-6.363533390084566
3,1039.0,-0.1673739955697911,0.12007417038055843,-6.363316518882827
3,1040.0,-0.16737204714747586,0.12008719922647902,-6.363100318418652
3,1041.0,-0.16737010476992117,0.12010018749994313,-6.362884788692038
3,1042.0,-0.167368168437127,0.12011313520095074,-6.362669929702987
3,1043.0,-0.16736623814909343,0.12012604232950184,-6.362455741451503
3,1044.0,-0.16736431390582038,0.12013890888559645,-6.362242223937579
3,1045.0,-0.16736239570730788,0.12015173486923456,-6.362029377161219
3,1046.0,-0.16736048355355593,0.12016452028041617,-6.361817201122423
3,1047.0,-0.1673585774445645,0.12017726511914129,-6.361605695821187
3,1048.0,-0.16735667750754568,0.12018996853290592,-6.361394875373198
3,1049.0,-0.16735478411638494,0.1202026280301599,-6.361184781265457
3,1050.0,-0.1673528963275693,0.12021524994428559,-6.360975308804063
3,1051.0,-0.16735101414109876,0.12022783427528298,-6.360766457989015
3,1052.0,-0.16734913755697334,0.12024038102315211,-6.360558228820311
3,1053.0,-0.167347266575193,0.12025289018789294,-6.360350621297952
3,1054.0,-0.16734540119575778,0.12026536176950549,-6.360143635421942
3,1055.0,-0.1673435414186676,0.12027779576798975,-6.35993727119227
3,1056.0,-0.1673416872439226,0.12029019218334573,-6.359731528608949
3,1057.0,-0.16733983867152266,0.12030255101557343,-6.3595264076719715
3,1058.0,-0.16733799570146782,0.12031487226467283,-6.359321908381338
3,1059.0,-0.16733615833375806,0.12032715593064394,-6.359118030737047
3,1060.0,-0.16733432656839342,0.12033940201348678,-6.358914774739104
3,1061.0,-0.1673325004053739,0.12035161051320133,-6.358712140387511
3,1062.0,-0.16733067984469946,0.1203637814297876,-6.358510127682259
3,1063.0,-0.1673288648863701,0.12037591476324558,-6.358308736623351
3,1064.0,-0.16732705553038585,0.12038801051357527,-6.358107967210784
3,1065.0,-0.16732525177674673,0.12040006868077667,-6.357907819444571
3,1066.0,-0.16732345362545267,0.1204120892648498,-6.357708293324696
3,1067.0,-0.16732166107650373,0.12042407226579463,-6.357509388851169
3,1068.0,-0.16731987412989988,0.12043601768361117,-6.357311106023989
3,1069.0,-0.16731809278564114,0.12044792551829944,-6.3571134448431525
3,1070.0,-0.16731631704372749,0.12045979576985942,-6.356916405308658
3,1071.0,-0.16731454690415895,0.12047162843829112,-6.356719987420512
3,1072.0,-0.1673127823669355,0.12048342352359452,-6.356524191178711
3,1073.0,-0.1673110239669465,0.12049517744772745,-6.356329075935544
3,1074.0,-0.16730927100513052,0.12050689490896417,-6.35613456412189
3,1075.0,-0.16730752322667558,0.12051857761526605,-6.355940627463353
3,1076.0,-0.16730578063158166,0.12053022556663308,-6.3557472659599314
3,1077.0,-0.1673040432198488,0.12054183876306529,-6.355554479611626
3,1078.0,-0.1673023109914769,0.12055341720456264,-6.35536226841843
3,1079.0,-0.16730058394646607,0.12056496089112516,-6.355170632380352
3,1080.0,-0.16729886208481623,0.12057646982275283,-6.354979571497385
3,1081.0,-0.16729714540652743,0.12058794399944567,-6.354789085769531
3,1082.0,-0.16729543391159968,0.12059938342120367,-6.354599175196796
3,1083.0,-0.16729372760003292,0.12061078808802682,-6.354409839779174
3,1084.0,-0.16729202647182717,0.12062215799991513,-6.354221079516662
3,1085.0,-0.16729033052698247,0.12063349315686861,-6.3540328944092686
3,1086.0,-0.1672886397654988,0.12064479355888724,-6.353845284456988
3,1087.0,-0.16728695418737613,0.12065605920597104,-6.353658249659822
3,1088.0,-0.1672852737926145,0.12066729009811998,-6.3534717900177675
3,1089.0,-0.1672835985812139,0.1206784862353341,-6.353285905530834
3,1090.0,-0.1672819285531743,0.12068964761761337,-6.353100596199009
3,1091.0,-0.16728026370849572,0.1207007742449578,-6.352915862022297
3,1092.0,-0.16727860404717818,0.12071186611736738,-6.352731703000704
3,1093.0,-0.16727694956922168,0.12072292323484214,-6.352548119134225
3,1094.0,-0.16727530027462617,0.12073394559738204,-6.3523651104228565
3,1095.0,-0.1672736561633917,0.12074493320498711,-6.352182676866604
3,1096.0,-0.16727201723551824,0.12075588605765733,-6.352000818465464
3,1097.0,-0.16727038349100581,0.12076680415539272,-6.35181953521944
3,1098.0,-0.16726875542661887,0.12077768417606934,-6.351638882250412
3,1099.0,-0.16726713243695127,0.12078853018715094,-6.351458792381424
3,1100.0,-0.16726551423429628,0.12079934411616389,-6.351279233688009
3,1101.0,-0.16726390081865386,0.1208101259631082,-6.351100206170169
3,1102.0,-0.16726229219002403,0.12082087572798386,-6.350921709827905
3,1103.0,-0.1672606883484068,0.12083159341079087,-6.350743744661217
3,1104.0,-0.16725908929380215,0.12084227901152923,-6.350566310670103
3,1105.0,-0.16725749502621007,0.12085293253019896,-6.35038940785456
3,1106.0,-0.1672559055456306,0.12086355396680004,-6.350213036214598
3,1107.0,-0.1672543208520637,0.12087414332133246,-6.3500371957502075
3,1108.0,-0.1672527409455094,0.12088470059379625,-6.349861886461392
3,1109.0,-0.1672511658259677,0.12089522578419139,-6.34968710834815
3,1110.0,-0.16724959549343854,0.12090571889251789,-6.349512861410486
3,1111.0,-0.167248029947922,0.12091617991877572,-6.349339145648396
3,1112.0,-0.16724646918941805,0.12092660886296493,-6.349165961061877
3,1113.0,-0.16724491321792667,0.12093700572508548,-6.348993307650936
3,1114.0,-0.1672433620334479,0.12094737050513739,-6.348821185415571
3,1115.0,-0.16724181563598167,0.12095770320312065,-6.348649594355776
3,1116.0,-0.16724027402552807,0.12096800381903526,-6.3484785344715595
3,1117.0,-0.16723873720208704,0.12097827235288124,-6.348308005762916
3,1118.0,-0.1672372051656586,0.12098850880465856,-6.348138008229849
3,1119.0,-0.16723567791624275,0.12099871317436722,-6.347968541872357
3,1120.0,-0.1672341554538395,0.12100888546200726,-6.34779960669044
3,1121.0,-0.1672326377784488,0.12101902566757865,-6.347631202684096
3,1122.0,-0.1672311248900707,0.12102913379108138,-6.347463329853327
3,1123.0,-0.1672296167887052,0.12103920983251547,-6.3472959881981375
3,1124.0,-0.16722811411359514,0.12104924952136224,-6.347129248650062
3,1125.0,-0.16722661586094675,0.1210592595847962,-6.3469629998263315
3,1126.0,-0.1672251220208211,0.12106924008934258,-6.346797240624107
3,1127.0,-0.16722363259321818,0.12107919103500138,-6.346631971043384
3,1128.0,-0.167222147578138,0.12108911242177257,-6.346467191084167
3,1129.0,-0.16722066697558058,0.1210990042496562,-6.346302900746457
3,1130.0,-0.16721919078554587,0.12110886651865223,-6.346139100030245
3,1131.0,-0.16721771900803392,0.12111869922876067,-6.345975788935539
3,1132.0,-0.16721625164304468,0.12112850237998153,-6.3458129674623365
3,1133.0,-0.1672147886905782,0.1211382759723148,-6.345650635610641
3,1134.0,-0.16721333015063444,0.12114802000576048,-6.3454887933804445
3,1135.0,-0.16721187602321344,0.1211577344803186,-6.345327440771756
3,1136.0,-0.16721042630831517,0.1211674193959891,-6.3451665777845685
3,1137.0,-0.16720898100593964,0.12117707475277202,-6.345006204418886
3,1138.0,-0.16720754011608685,0.12118670055066737,-6.3448463206747086
3,1139.0,-0.1672061036387568,0.12119629678967511,-6.344686926552033
3,1140.0,-0.16720467157394947,0.12120586346979528,-6.344528022050861
3,1141.0,-0.16720324392166488,0.12121540059102785,-6.344369607171195
3,1142.0,-0.16720182068190304,0.12122490815337285,-6.34421168191303
3,1143.0,-0.16720040185466395,0.12123438615683026,-6.344054246276372
3,1144.0,-0.16719898743994757,0.12124383460140006,-6.343897300261214
3,1145.0,-0.16719757743775393,0.1212532534870823,-6.343740843867564
3,1146.0,-0.16719617184808305,0.12126264281387694,-6.3435848770954175
3,1147.0,-0.16719477067093488,0.121272002581784,-6.34342939994477
3,1148.0,-0.16719337390630948,0.12128133279080347,-6.343274412415632
3,1149.0,-0.1671919815542068,0.12129063344093535,-6.343119914507997
3,1150.0,-0.16719059403383751,0.12129990173016744,-6.342965952738234
3,1151.0,-0.16718921092373504,0.12130914048911386,-6.342812480339659
3,1152.0,-0.1671878318727648,0.12131835206815363,-6.342659458349737
3,1153.0,-0.16718645688092681,0.12132753646728678,-6.342506886768467
3,1154.0,-0.16718508594822107,0.12133669368651329,-6.342354765595856
3,1155.0,-0.16718371907464755,0.12134582372583316,-6.3422030948318975
3,1156.0,-0.16718235626020628,0.12135492658524642,-6.342051874476595
3,1157.0,-0.16718099750489726,0.12136400226475304,-6.341901104529949
3,1158.0,-0.16717964280872047,0.12137305076435302,-6.341750784991958
3,1159.0,-0.1671782921716759,0.12138207208404637,-6.341600915862619
3,1160.0,-0.1671769455937636,0.1213910662238331,-6.341451497141936
3,1161.0,-0.16717560307498353,0.12140003318371319,-6.34130252882991
3,1162.0,-0.1671742646153357,0.12140897296368665,-6.3411540109265365
3,1163.0,-0.1671729302148201,0.12141788556375346,-6.34100594343182
3,1164.0,-0.16717159987343677,0.12142677098391366,-6.34085832634576
3,1165.0,-0.16717027359118566,0.12143562922416723,-6.340711159668355
3,1166.0,-0.16716895136806678,0.12144446028451415,-6.340564443399601
3,1167.0,-0.16716763320408015,0.12145326416495446,-6.340418177539502
3,1168.0,-0.16716631909922577,0.12146204086548812,-6.340272362088063
3,1169.0,-0.16716500905350362,0.12147079038611515,-6.340126997045278
3,1170.0,-0.16716370306691372,0.12147951272683555,-6.339982082411146
3,1171.0,-0.16716240113945605,0.12148820788764933,-6.339837618185668
3,1172.0,-0.16716110327113062,0.12149687586855647,-6.339693604368847
3,1173.0,-0.16715980946193745,0.12150551666955697,-6.339550040960684
3,1174.0,-0.1671585197118765,0.12151413029065085,-6.339406927961172
3,1175.0,-0.16715723402094781,0.12152271673183809,-6.339264265370317
3,1176.0,-0.16715595238915135,0.12153127599311869,-6.339122053188115
3,1177.0,-0.1671546751561246,0.12153980580468712,-6.338980329101357
3,1178.0,-0.1671534020932291,0.12154830770527655,-6.338839067739905
3,1179.0,-0.16715213275643248,0.12155678466607604,-6.338698219833125
3,1180.0,-0.16715086714573468,0.12156523668708562,-6.3385577853810116
3,1181.0,-0.16714960526113576,0.12157366376830527,-6.338417764383567
3,1182.0,-0.16714834710263565,0.12158206590973498,-6.3382781568407855
3,1183.0,-0.16714709267023442,0.12159044311137478,-6.338138962752675
3,1184.0,-0.167145841963932,0.12159879537322464,-6.338000182119227
3,1185.0,-0.16714459498372847,0.12160712269528458,-6.337861814940451
3,1186.0,-0.16714335172962377,0.12161542507755459,-6.337723861216342
3,1187.0,-0.16714211220161793,0.12162370252003467,-6.337586320946899
3,1188.0,-0.1671408763997109,0.12163195502272482,-6.337449194132124
3,1189.0,-0.16713964432390274,0.12164018258562505,-6.337312480772015
3,1190.0,-0.16713841597419343,0.12164838520873536,-6.3371761808665745
3,1191.0,-0.16713719135058297,0.12165656289205573,-6.337040294415804
3,1192.0,-0.16713597045307135,0.12166471563558617,-6.336904821419699
3,1193.0,-0.16713475328165858,0.1216728434393267,-6.3367697618782595
3,1194.0,-0.16713353983634466,0.12168094630327729,-6.336635115791489
3,1195.0,-0.16713233011712958,0.12168902422743796,-6.336500883159386
3,1196.0,-0.16713112412401335,0.1216970772118087,-6.3363670639819505
3,1197.0,-0.167129921856996,0.12170510525638951,-6.336233658259183
3,1198.0,-0.16712872331607745,0.12171310836118039,-6.336100665991084
3,1199.0,-0.16712752850125775,0.12172108652618135,-6.3359680871776485
3,1200.0,-0.1671263374125369,0.12172903975139239,-6.335835921818882
3,1201.0,-0.16712515004991493,0.1217369680368135,-6.335704169914786
3,1202.0,-0.16712396641339178,0.12174487138244466,-6.335572831465354
3,1203.0,-0.1671227865029675,0.12175274978828592,-6.335441906470593
3,1204.0,-0.16712161031864203,0.12176060325433724,-6.335311394930493
3,1205.0,-0.16712043826286652,0.12176842909236842,-6.335181341501765
3,1206.0,-0.16711926993529974,0.12177622998702115,-6.335051701761822
3,1207.0,-0.1671181050204294,0.12178400804833131,-6.334922440700848
3,1208.0,-0.16711694351825546,0.1217917632762989,-6.334793558318837
3,1209.0,-0.16711578542877795,0.12179949567092391,-6.334665054615798
3,1210.0,-0.16711463075199684,0.12180720523220635,-6.334536929591722
3,1211.0,-0.16711347948791214,0.12181489196014622,-6.3344091832466125
3,1212.0,-0.16711233163652386,0.12182255585474351,-6.334281815580471
3,1213.0,-0.167111187197832,0.12183019691599824,-6.334154826593294
3,1214.0,-0.16711004617183656,0.12183781514391039,-6.334028216285086
3,1215.0,-0.16710890855853752,0.12184541053847997,-6.333901984655844
3,1216.0,-0.1671077743579349,0.12185298309970698,-6.333776131705567
3,1217.0,-0.1671066435700287,0.1218605328275914,-6.33365065743426
3,1218.0,-0.16710551619481892,0.12186805972213327,-6.3335255618419195
3,1219.0,-0.16710439223230555,0.12187556378333256,-6.333400844928543
3,1220.0,-0.1671032716824886,0.12188304501118927,-6.333276506694135
3,1221.0,-0.16710215454536803,0.12189050340570341,-6.333152547138691
3,1222.0,-0.1671010408209439,0.12189793896687498,-6.333028966262217
3,1223.0,-0.1670999305092162,0.12190535169470398,-6.332905764064709
3,1224.0,-0.1670988236101849,0.12191274158919041,-6.332782940546166
3,1225.0,-0.16709772012385002,0.12192010865033426,-6.33266049570659
3,1226.0,-0.16709662005021156,0.12192745287813554,-6.332538429545984
3,1227.0,-0.1670955233892695,0.12193477427259425,-6.332416742064341
3,1228.0,-0.16709443014102388,0.12194207283371038,-6.332295433261667
3,1229.0,-0.16709334030547465,0.12194934856148394,-6.332174503137958
3,1230.0,-0.16709225388262183,0.12195660145591493,-6.332053951693215
3,1231.0,-0.16709117087246544,0.12196383151700335,-6.331933778927441
3,1232.0,-0.16709009127500546,0.1219710387447492,-6.3318139848406325
3,1233.0,-0.1670890150902419,0.12197822313915246,-6.33169456943279
3,1234.0,-0.16708794287028392,0.12198538101509371,-6.331575593966948
3,1235.0,-0.16708687381533943,0.12199251772277367,-6.331456969696726
3,1236.0,-0.1670858078786091,0.12199963357495013,-6.3313386914291865
3,1237.0,-0.16708474506009294,0.12200672857162306,-6.331220759164331
3,1238.0,-0.16708368535979096,0.12201380271279247,-6.331103172902163
3,1239.0,-0.1670826287777031,0.12202085599845837,-6.330985932642673
3,1240.0,-0.16708157531382944,0.12202788842862075,-6.330869038385869
3,1241.0,-0.16708052496816994,0.12203490000327961,-6.330752490131749
3,1242.0,-0.1670794777407246,0.12204189072243496,-6.33063628788031
3,1243.0,-0.16707843363149344,0.12204886058608679,-6.330520431631559
3,1244.0,-0.1670773926404764,0.12205580959423509,-6.330404921385487
3,1245.0,-0.16707635476767357,0.12206273774687988,-6.330289757142102
3,1246.0,-0.1670753200130849,0.12206964504402117,-6.330174938901402
3,1247.0,-0.1670742883767104,0.12207653148565892,-6.330060466663383
3,1248.0,-0.16707325985855004,0.12208339707179315,-6.329946340428046
3,1249.0,-0.16707223445860386,0.12209024180242388,-6.3298325601953955
3,1250.0,-0.16707121217687185,0.12209706567755108,-6.329719125965428
3,1251.0,-0.167070193013354,0.12210386869717477,-6.329606037738143
3,1252.0,-0.1670691769680503,0.12211065086129494,-6.329493295513539
3,1253.0,-0.16706816404096078,0.12211741216991158,-6.3293808992916265
3,1254.0,-0.1670671542320854,0.12212415262302471,-6.329268849072388
3,1255.0,-0.1670661475414242,0.12213087222063433,-6.329157144855838
3,1256.0,-0.16706514396897718,0.12213757096274043,-6.329045786641973
3,1257.0,-0.16706414351474433,0.12214424884934301,-6.328934774430792
3,1258.0,-0.1670631461787256,0.12215090588044207,-6.32882410822229
3,1259.0,-0.16706215196092108,0.12215754205603761,-6.328713788016475
3,1260.0,-0.16706116086133072,0.12216415737612964,-6.328603813813343
3,1261.0,-0.1670601728799545,0.12217075184071814,-6.328494185612896
3,1262.0,-0.16705918801679248,0.12217732544980314,-6.328384903415133
3,1263.0,-0.1670582065393983,0.12218387641679805,-6.3282759969082925
3,1264.0,-0.16705722836184028,0.12219040532219988,-6.328167456557241
3,1265.0,-0.1670562530262381,0.12219691522626391,-6.328059231554752
3,1266.0,-0.16705528053259178,0.12220340612899015,-6.327951321900823
3,1267.0,-0.16705431088090125,0.1222098780303786,-6.327843727595449
3,1268.0,-0.16705334407116657,0.12221633093042925,-6.327736448638637
3,1269.0,-0.16705238010338774,0.1222227648291421,-6.327629485030387
3,1270.0,-0.1670514189775647,0.12222917972651716,-6.327522836770689
3,1271.0,-0.16705046069369753,0.12223557562255441,-6.327416503859557
3,1272.0,-0.16704950525178616,0.12224195251725388,-6.327310486296982
3,1273.0,-0.16704855265183066,0.12224831041061554,-6.327204784082968
3,1274.0,-0.16704760289383097,0.12225464930263942,-6.32709939721751
3,1275.0,-0.16704665597778712,0.12226096919332549,-6.326994325700615
3,1276.0,-0.16704571190369907,0.12226727008267377,-6.326889569532274
3,1277.0,-0.1670447706715669,0.12227355197068426,-6.326785128712498
3,1278.0,-0.16704383228139053,0.12227981485735695,-6.326681003241277
3,1279.0,-0.16704289673317,0.12228605874269184,-6.326577193118617
3,1280.0,-0.1670419640269053,0.12229228362668894,-6.326473698344517
3,1281.0,-0.16704103416259644,0.12229848950934824,-6.326370518918977
3,1282.0,-0.16704010714024342,0.12230467639066973,-6.326267654841995
3,1283.0,-0.1670391829598462,0.12231084427065345,-6.326165106113574
3,1284.0,-0.16703826162140484,0.12231699314929936,-6.3260628727337105
3,1285.0,-0.1670373431249193,0.12232312302660747,-6.3259609547024045
3,1286.0,-0.1670364274703896,0.1223292339025778,-6.325859352019662
3,1287.0,-0.16703551465781571,0.12233532577721032,-6.325758064685476
3,1288.0,-0.1670346046871977,0.12234139865050506,-6.325657092699851
3,1289.0,-0.16703369755853548,0.12234745252246199,-6.325556436062785
3,1290.0,-0.1670327932718291,0.12235348739308112,-6.325456094774277
3,1291.0,-0.16703189182707856,0.12235950326236246,-6.3253560688343295
3,1292.0,-0.16703099322428386,0.122365500130306,-6.3252563582429415
3,1293.0,-0.16703009746373845,0.12237147799495166,-6.325156963032677
3,1294.0,-0.16702920509211114,0.12237743320930954,-6.325057943862893
3,1295.0,-0.16702831530372278,0.12238337115763746,-6.324959211333976
3,1296.0,-0.16702742809857343,0.12238929183993542,-6.324860765445933
3,1297.0,-0.16702654347666304,0.12239519525620342,-6.324762606198754
3,1298.0,-0.1670256614379916,0.12240108140644146,-6.324664733592444
3,1299.0,-0.16702478198255918,0.12240695029064955,-6.324567147627006
3,1300.0,-0.16702390511036572,0.12241280190882767,-6.324469848302435
3,1301.0,-0.16702303082141123,0.12241863626097584,-6.324372835618736
3,1302.0,-0.1670221591156957,0.12242445334709404,-6.324276109575901
3,1303.0,-0.1670212899932192,0.12243025316718228,-6.32417967017394
3,1304.0,-0.16702042345398163,0.12243603572124058,-6.324083517412846
3,1305.0,-0.16701955949798306,0.1224418010092689,-6.323987651292621
3,1306.0,-0.16701869812522344,0.12244754903126727,-6.3238920718132645
3,1307.0,-0.16701783933570283,0.12245327978723568,-6.323796778974779
3,1308.0,-0.16701698312942118,0.12245899327717413,-6.323701772777161
3,1309.0,-0.1670161295063785,0.12246468950108262,-6.323607053220414
3,1310.0,-0.1670152784665748,0.12247036845896116,-6.323512620304533
3,1311.0,-0.1670144300100101,0.12247603015080973,-6.323418474029526
3,1312.0,-0.16701358413668435,0.12248167457662834,-6.323324614395386
3,1313.0,-0.1670127408465976,0.12248730173641699,-6.323231041402113
3,1314.0,-0.16701190013974979,0.12249291163017569,-6.32313775504971
3,1315.0,-0.167011062016141,0.12249850425790443,-6.323044755338178
3,1316.0,-0.16701022647577116,0.1225040796196032,-6.322952042267515
3,1317.0,-0.1670093935186403,0.12250963771527201,-6.322859615837718
3,1318.0,-0.1670085631447484,0.12251517854491087,-6.322767476048793
3,1319.0,-0.16700773535409552,0.12252070210851977,-6.322675622900736
3,1320.0,-0.1670069101466816,0.12252620840609871,-6.3225840563935485
3,1321.0,-0.16700608752250662,0.12253169743764769,-6.322492776527228
3,1322.0,-0.16700526748157066,0.12253716920316671,-6.322401783301782
3,1323.0,-0.16700445002387365,0.12254262370265577,-6.322311076717198
3,1324.0,-0.16700363514941563,0.12254806093611488,-6.322220656773487
3,1325.0,-0.1670028232261755,0.12255347844815292,-6.322130564302251
3,1326.0,-0.167002013894016,0.12255887864791502,-6.322040759342007
3,1327.0,-0.16700120690325068,0.1225642632028003,-6.321951214187097
3,1328.0,-0.16700040225387955,0.12256963211280872,-6.321861928837522
3,1329.0,-0.1669995999459026,0.1225749853779403,-6.321772903293279
3,1330.0,-0.16699879997931985,0.12258032299819505,-6.321684137554372
3,1331.0,-0.16699800235413126,0.12258564497357295,-6.321595631620794
3,1332.0,-0.16699720707033686,0.122590951304074,-6.321507385492551
3,1333.0,-0.16699641412793664,0.12259624198969823,-6.321419399169641
3,1334.0,-0.16699562352693062,0.12260151703044561,-6.321331672652065
3,1335.0,-0.1669948352673188,0.12260677642631615,-6.321244205939826
3,1336.0,-0.16699404934910111,0.12261202017730985,-6.321156999032916
3,1337.0,-0.16699326577227763,0.1226172482834267,-6.32107005193134
3,1338.0,-0.16699248453684834,0.12262246074466672,-6.320983364635102
3,1339.0,-0.1669917056428132,0.12262765756102989,-6.320896937144189
3,1340.0,-0.1669909290901723,0.12263283873251622,-6.320810769458616
3,1341.0,-0.16699015487892555,0.12263800425912572,-6.320724861578375
3,1342.0,-0.16698938300907298,0.12264315414085836,-6.320639213503469
3,1343.0,-0.16698861348061458,0.12264828837771417,-6.32055382523389
3,1344.0,-0.1669878462935504,0.12265340696969314,-6.32046869676965
3,1345.0,-0.16698708144788038,0.12265850991679526,-6.320383828110742
3,1346.0,-0.16698631894360455,0.12266359721902055,-6.320299219257167
3,1347.0,-0.16698555878072288,0.122668668876369,-6.320214870208925
3,1348.0,-0.16698480095923543,0.1226737248888406,-6.320130780966017
3,1349.0,-0.16698404547914214,0.12267876525643537,-6.320046951528443
3,1350.0,-0.16698329234044304,0.12268378997915329,-6.3199633818962
3,1351.0,-0.16698254154313813,0.12268879905699437,-6.319880072069294
3,1352.0,-0.16698179308722738,0.12269379248995861,-6.319797022047719
3,1353.0,-0.16698104697271082,0.122698770278046,-6.319714231831477
3,1354.0,-0.16698030319958845,0.12270373242125657,-6.31963170142057
3,1355.0,-0.16697956176786027,0.12270867891959028,-6.3195494308149955
3,1356.0,-0.16697882267752626,0.12271360977304716,-6.319467420014754
3,1357.0,-0.16697808609507236,0.12271852387063396,-6.3193856874934236
3,1358.0,-0.16697735213856327,0.12272342042827172,-6.319304246351684
3,1359.0,-0.1669766202978186,0.12272830285262797,-6.319223039978986
3,1360.0,-0.16697589057283835,0.12273317114370272,-6.319142068375337
3,1361.0,-0.16697516296362253,0.12273802530149598,-6.319061331540734
3,1362.0,-0.1669744374701711,0.12274286532600774,-6.318980829475177
3,1363.0,-0.16697371409248413,0.122747691217238,-6.31890056217867
3,1364.0,-0.16697299283056155,0.12275250297518676,-6.318820529651207
3,1365.0,-0.1669722736844034,0.12275730059985404,-6.318740731892791
3,1366.0,-0.16697155665400965,0.12276208409123981,-6.318661168903421
3,1367.0,-0.16697084173938034,0.12276685344934408,-6.318581840683101
3,1368.0,-0.16697012894051544,0.12277160867416687,-6.318502747231823
3,1369.0,-0.16696941825741496,0.12277634976570814,-6.318423888549591
3,1370.0,-0.1669687096900789,0.12278107672396793,-6.3183452646364096
3,1371.0,-0.16696800323850727,0.12278578954894621,-6.318266875492274
3,1372.0,-0.16696729890270004,0.12279048824064301,-6.318188721117184
3,1373.0,-0.16696659668265723,0.1227951727990583,-6.318110801511143
3,1374.0,-0.16696589657837885,0.1227998432241921,-6.318033116674147
3,1375.0,-0.1669651985898649,0.1228044995160444,-6.3179556666061965
3,1376.0,-0.16696450271711535,0.1228091416746152,-6.317878451307295
3,1377.0,-0.16696380896013022,0.12281376969990451,-6.3178014707774395
3,1378.0,-0.1669631173189095,0.12281838359191231,-6.317724725016628
3,1379.0,-0.16696242779345322,0.12282298335063863,-6.317648214024867
3,1380.0,-0.16696174038376135,0.12282756897608345,-6.317571937802151
3,1381.0,-0.16696105508983392,0.12283214046824677,-6.317495896348483
3,1382.0,-0.16696037191167087,0.12283669782712858,-6.31742008966386
3,1383.0,-0.16695969084927226,0.12284124105272891,-6.317344517748284
3,1384.0,-0.16695901190263807,0.12284577014504773,-6.3172691806017545
3,1385.0,-0.1669583350717683,0.12285028510408506,-6.317194078224272
3,1386.0,-0.16695766035666296,0.12285478592984089,-6.3171192106158385
3,1387.0,-0.166956987757322,0.12285927262231523,-6.317044577776449
3,1388.0,-0.1669563172737455,0.12286374518150807,-6.316970179706105
3,1389.0,-0.1669556489059334,0.12286820360741942,-6.316896016404809
3,1390.0,-0.16695498265388573,0.12287264790004926,-6.316822087872563
3,1391.0,-0.16695431895584345,0.12287707513682432,-6.316748442737373
3,1392.0,-0.16695365725308364,0.12288148904905623,-6.316675019002333
3,1393.0,-0.16695299745602815,0.12288589023454134,-6.316601806727695
3,1394.0,-0.16695233956467698,0.12289027869327966,-6.316528805913451
3,1395.0,-0.16695168357903017,0.1228946544252712,-6.316456016559611
3,1396.0,-0.1669510294990877,0.12289901743051593,-6.316383438666169
3,1397.0,-0.16695037732484952,0.12290336770901386,-6.316311072233126
3,1398.0,-0.1669497270563157,0.122907705260765,-6.316238917260483
3,1399.0,-0.1669490786934862,0.12291203008576934,-6.316166973748239
3,1400.0,-0.16694843223636105,0.12291634218402689,-6.316095241696397
3,1401.0,-0.16694778768494023,0.12292064155553764,-6.316023721104956
3,1402.0,-0.16694714503922373,0.1229249282003016,-6.315952411973909
3,1403.0,-0.16694650429921157,0.12292920211831876,-6.315881314303264
3,1404.0,-0.16694586546490373,0.12293346330958912,-6.315810428093017
3,1405.0,-0.16694522853630023,0.1229377117741127,-6.3157397533431725
3,1406.0,-0.16694459351340107,0.12294194751188947,-6.3156692900537275
3,1407.0,-0.16694396039620624,0.12294617052291945,-6.315599038224681
3,1408.0,-0.16694332918471574,0.12295038080720262,-6.315528997856031
3,1409.0,-0.16694269987892957,0.12295457836473901,-6.315459168947784
3,1410.0,-0.16694207247884774,0.1229587631955286,-6.315389551499938
3,1411.0,-0.16694144698447022,0.12296293529957139,-6.315320145512485
3,1412.0,-0.16694082339579708,0.1229670946768674,-6.315250950985442
3,1413.0,-0.16694020171282822,0.1229712413274166,-6.315181967918791
3,1414.0,-0.1669395819355637,0.122975375251219,-6.3151131963125415
3,1415.0,-0.16693896406400355,0.12297949644827462,-6.315044636166691
3,1416.0,-0.16693834809814773,0.12298360491858343,-6.314976287481241
3,1417.0,-0.1669377340379962,0.12298770066214545,-6.314908150256187
3,1418.0,-0.16693712188354903,0.12299178367896067,-6.3148402244915385
3,1419.0,-0.1669365116348062,0.1229958539690291,-6.314772510187283
3,1420.0,-0.1669359032917677,0.12299991153235074,-6.314705007343433
3,1421.0,-0.1669352968544335,0.12300395636892557,-6.31463771595998
3,1422.0,-0.16693469232280367,0.1230079884787536,-6.314570636036925
3,1423.0,-0.16693408969687815,0.12301200786183485,-6.314503767574273
3,1424.0,-0.16693348897665697,0.1230160145181693,-6.314437110572019
3,1425.0,-0.16693289032621983,0.12302000735329681,-6.314370683236744
3,1426.0,-0.16693229383954888,0.12302398574314624,-6.314304495996882
3,1427.0,-0.16693169906345753,0.12302795271212617,-6.314238498566024
3,1428.0,-0.16693110599794578,0.12303190826023662,-6.314172690944171
3,1429.0,-0.16693051464301364,0.12303585238747758,-6.3141070731313285
3,1430.0,-0.1669299249986611,0.12303978509384904,-6.314041645127491
3,1431.0,-0.1669293370648882,0.123043706379351,-6.313976406932662
3,1432.0,-0.16692875084169487,0.12304761624398348,-6.31391135854684
3,1433.0,-0.16692816632908114,0.12305151468774646,-6.3138464999700235
3,1434.0,-0.16692758352704704,0.12305540171063994,-6.313781831202214
3,1435.0,-0.16692700243559253,0.12305927731266394,-6.313717352243414
3,1436.0,-0.16692642305471764,0.12306314149381845,-6.31365306309362
3,1437.0,-0.16692584538442234,0.12306699425410346,-6.313588963752832
3,1438.0,-0.16692526942470665,0.12307083559351897,-6.313525054221048
3,1439.0,-0.16692469517557057,0.123074665512065,-6.313461334498276
3,1440.0,-0.1669241226370141,0.12307848400974153,-6.3133978045845085
3,1441.0,-0.1669235518090372,0.12308229108654857,-6.313334464479746
3,1442.0,-0.16692298269163994,0.12308608674248611,-6.313271314183992
3,1443.0,-0.1669224152848223,0.12308987097755417,-6.313208353697249
3,1444.0,-0.16692184958858422,0.12309364379175272,-6.313145583019506
3,1445.0,-0.1669212856029258,0.12309740518508179,-6.313083002150776
3,1446.0,-0.16692072332784694,0.12310115515754136,-6.313020611091048
3,1447.0,-0.1669201627633477,0.12310489370913144,-6.31295840984033
3,1448.0,-0.16691960390942806,0.12310862083985202,-6.3128963983986175
3,1449.0,-0.16691904676608804,0.12311233654970312,-6.312834576765914
3,1450.0,-0.16691849133332762,0.12311604083868473,-6.312772944942215
3,1451.0,-0.16691793761114682,0.12311973370679682,-6.312711502927526
3,1452.0,-0.16691738559954558,0.12312341515403945,-6.3126502507218385
3,1453.0,-0.166916835298524,0.12312708518041257,-6.3125891883251635
3,1454.0,-0.16691628670808198,0.1231307437859162,-6.3125283157374925
3,1455.0,-0.1669157398282196,0.12313439097055033,-6.31246763295883
3,1456.0,-0.1669151946589368,0.12313802673431498,-6.312407139989174
3,1457.0,-0.16691465120023363,0.12314165107721013,-6.3123468368285245
3,1458.0,-0.16691410945211005,0.12314526399923578,-6.312286723476881
3,1459.0,-0.1669135694145661,0.12314886550039195,-6.312226799934246
3,1460.0,-0.16691303108760172,0.12315245558067862,-6.312167066200619
3,1461.0,-0.16691249474253617,0.12315603243088172,-6.312107552382066
3,1462.0,-0.16691196020314242,0.12315959722906632,-6.312048238924123
3,1463.0,-0.16691142719351504,0.12316315181591611,-6.311989095211825
3,1464.0,-0.16691089571365403,0.1231666961914311,-6.311930121245167
3,1465.0,-0.1669103657635594,0.1231702303556113,-6.3118713170241545
3,1466.0,-0.16690983734323112,0.12317375430845669,-6.311812682548787
3,1467.0,-0.1669093104526692,0.12317726804996727,-6.311754217819059
3,1468.0,-0.1669087850918737,0.12318077158014305,-6.311695922834978
3,1469.0,-0.16690826126084457,0.12318426489898403,-6.311637797596542
3,1470.0,-0.16690773895958178,0.12318774800649021,-6.311579842103743
3,1471.0,-0.16690721818808538,0.12319122090266159,-6.311522056356593
3,1472.0,-0.16690669894635535,0.12319468358749816,-6.311464440355086
3,1473.0,-0.16690618123439172,0.12319813606099993,-6.311406994099224
3,1474.0,-0.16690566505219442,0.1232015783231669,-6.311349717589004
3,1475.0,-0.1669051503997635,0.12320501037399906,-6.311292610824426
3,1476.0,-0.16690463727709898,0.12320843221349642,-6.311235673805493
3,1477.0,-0.1669041256842008,0.12321184384165898,-6.311178906532202
3,1478.0,-0.166903615621069,0.12321524525848673,-6.311122309004555
3,1479.0,-0.1669031070877036,0.1232186364639797,-6.311065881222555
3,1480.0,-0.16690260008410454,0.12322201745813784,-6.311009623186196
3,1481.0,-0.16690209461027186,0.12322538824096119,-6.31095353489548
3,1482.0,-0.16690159066620558,0.12322874881244973,-6.3108976163504105
3,1483.0,-0.16690108825190564,0.12323209917260347,-6.31084186755098
3,1484.0,-0.1669005873673721,0.12323543932142242,-6.310786288497199
3,1485.0,-0.1669000880126049,0.12323876925890655,-6.3107308791890535
3,1486.0,-0.16689959018760409,0.12324208898505588,-6.310675639626557
3,1487.0,-0.16689909389236965,0.12324539849987041,-6.3106205698097035
3,1488.0,-0.16689859912690158,0.12324869780335015,-6.310565669738492
3,1489.0,-0.16689810589119988,0.12325198689549507,-6.310510939412925
3,1490.0,-0.16689761418526455,0.1232552657763052,-6.310456378833002
3,1491.0,-0.16689712400909562,0.12325853444578053,-6.310401987998723
3,1492.0,-0.16689663536269303,0.12326179290392104,-6.310347766910085
3,1493.0,-0.16689614824605684,0.12326504115072676,-6.310293715567093
3,1494.0,-0.166895662659187,0.12326827918619766,-6.310239833969748
3,1495.0,-0.16689517860208353,0.12327150701033378,-6.310186122118038
3,1496.0,-0.16689469607474644,0.12327472462313509,-6.310132580011975
3,1497.0,-0.16689421507717575,0.12327793202460159,-6.31007920765156
3,1498.0,-0.16689373584737982,0.12328112762783999,-6.310026031446628
3,1499.0,-0.1668932582744528,0.12328431217467954,-6.309973039090871
3,1500.0,-0.16689278206417646,0.12328748762760815,-6.309920197937292
3,1501.0,-0.1668923072165507,0.12329065398662581,-6.309867507985891
3,1502.0,-0.1668918337315756,0.12329381125173251,-6.309814969236668
3,1503.0,-0.16689136160925108,0.12329695942292827,-6.309762581689621
3,1504.0,-0.16689089084957723,0.12330009850021309,-6.3097103453447545
3,1505.0,-0.16689042145255395,0.12330322848358696,-6.309658260202062
3,1506.0,-0.16688995341818133,0.12330634937304988,-6.30960632626155
3,1507.0,-0.16688948674645931,0.12330946116860185,-6.3095545435232125
3,1508.0,-0.16688902143738793,0.12331256387024286,-6.309502911987055
3,1509.0,-0.16688855749096718,0.12331565747797293,-6.309451431653079
3,1510.0,-0.16688809490719705,0.12331874199179206,-6.309400102521277
3,1511.0,-0.16688763368607754,0.12332181741170024,-6.309348924591654
3,1512.0,-0.16688717382760865,0.12332488373769747,-6.309297897864208
3,1513.0,-0.16688671533179036,0.12332794096978375,-6.309247022338937
3,1514.0,-0.1668862581986227,0.12333098910795907,-6.309196298015848
3,1515.0,-0.1668858024281057,0.12333402815222347,-6.3091457248949325
3,1516.0,-0.1668853480202393,0.1233370581025769,-6.309095302976199
3,1517.0,-0.1668848949750235,0.12334007895901938,-6.309045032259641
3,1518.0,-0.16688444329245836,0.12334309072155093,-6.308994912745261
3,1519.0,-0.16688399297254383,0.12334609339017152,-6.308944944433059
3,1520.0,-0.1668835440152799,0.12334908696488117,-6.308895127323033
3,1521.0,-0.16688309642066665,0.12335207144567986,-6.308845461415189
3,1522.0,-0.16688265018870396,0.12335504683256761,-6.308795946709516
3,1523.0,-0.16688220531939194,0.12335801312554441,-6.308746583206027
3,1524.0,-0.1668817618127305,0.12336097032461026,-6.308697370904714
3,1525.0,-0.16688131966871972,0.12336391842976516,-6.308648309805576
3,1526.0,-0.16688087888735956,0.12336685744100911,-6.30859939990862
3,1527.0,-0.16688043946865,0.12336978735834213,-6.308550641213838
3,1528.0,-0.16688000141259107,0.12337270818176418,-6.308502033721234
3,1529.0,-0.16687956471918278,0.1233756199112753,-6.308453577430811
3,1530.0,-0.16687912938842508,0.12337852254687545,-6.308405272342561
3,1531.0,-0.16687869542031802,0.12338141608856468,-6.308357118456493
3,1532.0,-0.1668782628148616,0.12338430053634294,-6.3083091157726
3,1533.0,-0.1668778315720558,0.12338717589021025,-6.308261264290888
3,1534.0,-0.1668774016919006,0.12339004215016663,-6.308213564011349
3,1535.0,-0.16687697317439604,0.12339289931621206,-6.3081660149339935
3,1536.0,-0.1668765460478217,0.12339574719978888,-6.308118620196767
3,1537.0,-0.1668761206761449,0.12339858337542438,-6.308071420186147
3,1538.0,-0.1668756965130958,0.12340141148661565,-6.308024354287043
3,1539.0,-0.16687527355867435,0.12340423153336272,-6.307977422499447
3,1540.0,-0.16687485181288056,0.12340704351566557,-6.307930624823365
3,1541.0,-0.16687443127571444,0.12340984743352422,-6.307883961258793
3,1542.0,-0.166874011947176,0.12341264328693864,-6.307837431805734
3,1543.0,-0.16687359382726522,0.12341543107590885,-6.30779103646419
3,1544.0,-0.1668731769159821,0.12341821080043484,-6.307744775234154
3,1545.0,-0.16687276121332667,0.12342098246051664,-6.307698648115634
3,1546.0,-0.1668723467192989,0.12342374605615421,-6.307652655108626
3,1547.0,-0.16687193343389878,0.12342650158734757,-6.3076067962131255
3,1548.0,-0.16687152135712635,0.1234292490540967,-6.30756107142914
3,1549.0,-0.16687111048898157,0.12343198845640163,-6.307515480756666
3,1550.0,-0.16687070082946448,0.12343471979426235,-6.3074700241957045
3,1551.0,-0.16687029237857504,0.12343744306767886,-6.307424701746253
3,1552.0,-0.1668698851363133,0.12344015827665114,-6.3073795134083195
3,1553.0,-0.16686947910267919,0.12344286542117922,-6.307334459181893
3,1554.0,-0.16686907427767275,0.12344556450126308,-6.3072895390669785
3,1555.0,-0.166868670661294,0.12344825551690272,-6.3072447530635785
3,1556.0,-0.1668682682535429,0.12345093846809815,-6.307200101171687
3,1557.0,-0.16686786705441947,0.12345361335484938,-6.30715558339131
3,1558.0,-0.16686746706392372,0.12345628017715639,-6.3071111997224465
3,1559.0,-0.16686706828205564,0.12345893893501918,-6.307066950165093
3,1560.0,-0.1668666707088152,0.12346158962843776,-6.30702283471925
3,1561.0,-0.16686627434420245,0.12346423225741213,-6.306978853384921
3,1562.0,-0.16686587918821738,0.12346686682194227,-6.306935006162109
3,1563.0,-0.16686548524085995,0.12346949332202821,-6.3068912930508
3,1564.0,-0.16686509250213022,0.12347211175766994,-6.306847714051011
3,1565.0,-0.16686470097202813,0.12347472212886744,-6.30680426916273
3,1566.0,-0.1668643106505537,0.12347732443562075,-6.306760958385959
3,1567.0,-0.16686392153770696,0.12347991867792982,-6.306717781720703
3,1568.0,-0.1668635336334879,0.12348250485579469,-6.30667473916696
3,1569.0,-0.1668631469378965,0.12348508296921534,-6.306631830724729
3,1570.0,-0.16686276145093276,0.12348765301819178,-6.306589056394009
3,1571.0,-0.1668623771725967,0.12349021500272402,-6.306546416174801
3,1572.0,-0.16686199410288827,0.12349276892281204,-6.306503910067104
3,1573.0,-0.16686161224180754,0.12349531477845584,-6.306461538070921
3,1574.0,-0.16686123158935448,0.12349785256965543,-6.306419300186248
3,1575.0,-0.1668608521455291,0.12350038229641079,-6.306377196413091
3,1576.0,-0.16686047397903905,0.12350290350068528,-6.306335234375371
3,1577.0,-0.16686009734379428,0.12350541449101082,-6.306293442247398
3,1578.0,-0.16685972177565114,0.12350791836248212,-6.306251768526951
3,1579.0,-0.16685934727460963,0.12351041511509915,-6.306210213214032
3,1580.0,-0.16685897384066978,0.12351290474886194,-6.3061687763086445
3,1581.0,-0.16685860147383155,0.12351538726377045,-6.30612745781078
3,1582.0,-0.16685823017409496,0.12351786265982471,-6.306086257720445
3,1583.0,-0.16685785994146002,0.1235203309370247,-6.306045176037638
3,1584.0,-0.1668574907759267,0.12352279209537045,-6.306004212762359
3,1585.0,-0.16685712267749503,0.12352524613486193,-6.305963367894607
3,1586.0,-0.166856755646165,0.12352769305549915,-6.305922641434382
3,1587.0,-0.16685638968193658,0.12353013285728212,-6.305882033381683
3,1588.0,-0.16685602478480982,0.12353256554021083,-6.305841543736515
3,1589.0,-0.1668556609547847,0.12353499110428527,-6.3058011724988745
3,1590.0,-0.1668552981918612,0.12353740954950547,-6.305760919668761
3,1591.0,-0.16685493649603936,0.1235398208758714,-6.305720785246176
3,1592.0,-0.16685457586731917,0.12354222508338307,-6.30568076923112
3,1593.0,-0.16685421630570058,0.12354462217204049,-6.305640871623589
3,1594.0,-0.16685385781118364,0.12354701214184363,-6.305601092423588
3,1595.0,-0.16685350038376834,0.12354939499279254,-6.305561431631111
3,1596.0,-0.16685314402345466,0.12355177072488717,-6.305521889246166
3,1597.0,-0.16685278873024265,0.12355413933812755,-6.305482465268745
3,1598.0,-0.16685243450413226,0.12355650083251367,-6.3054431596988545
3,1599.0,-0.1668520813451235,0.12355885520804553,-6.305403972536491
3,1600.0,-0.1668517292532164,0.12356120246472313,-6.305364903781657
3,1601.0,-0.16685137822841092,0.12356354260254647,-6.305325953434347
3,1602.0,-0.16685102827070708,0.12356587562151555,-6.305287121494569
3,1603.0,-0.16685067938010487,0.12356820152163038,-6.305248407962312
3,1604.0,-0.1668503315566043,0.12357052030289095,-6.30520981283759
3,1605.0,-0.16684998480020538,0.12357283196529727,-6.305171336120392
3,1606.0,-0.16684963911090808,0.12357513650884931,-6.305132977810722
3,1607.0,-0.16684929448871244,0.1235774339335471,-6.305094737908581
3,1608.0,-0.16684895093361843,0.12357972423939063,-6.3050566164139665
3,1609.0,-0.16684860844562605,0.12358200742637991,-6.30501861332688
3,1610.0,-0.1668482670247353,0.12358428349451493,-6.304980728647319
3,1611.0,-0.1668479266709462,0.12358655244379568,-6.30494296237529
3,1612.0,-0.16684758738425873,0.12358881427422218,-6.304905314510785
3,1613.0,-0.16684724916467292,0.12359106898579442,-6.304867785053812
3,1614.0,-0.1668469120121887,0.1235933165785124,-6.3048303740043625
3,1615.0,-0.16684657592680616,0.12359555705237613,-6.304793081362443
3,1616.0,-0.16684624090852523,0.12359779040738558,-6.304755907128051
3,1617.0,-0.16684590695734597,0.1236000166435408,-6.304718851301188
3,1618.0,-0.16684557434102937,0.12360223397632569,-6.3046819435931
3,1619.0,-0.1668452428354971,0.12360444390067518,-6.304645159139651
3,1620.0,-0.1668449122674498,0.12360664757189481,-6.304608478711229
3,1621.0,-0.16684458263688756,0.1236088449899846,-6.304571902307846
3,1622.0,-0.16684425394381033,0.12361103615494454,-6.304535429929496
3,1623.0,-0.16684392618821814,0.12361322106677462,-6.304499061576181
3,1624.0,-0.16684359937011095,0.12361539972547486,-6.304462797247897
3,1625.0,-0.1668432734894888,0.12361757213104524,-6.3044266369446476
3,1626.0,-0.16684294854635168,0.12361973828348577,-6.304390580666433
3,1627.0,-0.16684262454069956,0.12362189818279647,-6.304354628413251
3,1628.0,-0.1668423014725325,0.12362405182897729,-6.304318780185109
3,1629.0,-0.16684197934185044,0.12362619922202828,-6.304283035981994
3,1630.0,-0.16684165814865343,0.1236283403619494,-6.304247395803915
3,1631.0,-0.16684133789294142,0.1236304752487407,-6.304211859650872
3,1632.0,-0.16684101857471442,0.12363260388240213,-6.304176427522859
3,1633.0,-0.16684070019397249,0.1236347262629337,-6.304141099419882
3,1634.0,-0.16684038275071555,0.12363684239033544,-6.304105875341939
3,1635.0,-0.16684006624494366,0.12363895226460732,-6.304070755289032
3,1636.0,-0.16683975067665677,0.12364105588574935,-6.304035739261156
3,1637.0,-0.1668394360458549,0.12364315325376153,-6.3040008272583155
3,1638.0,-0.1668391223525381,0.12364524436864387,-6.303966019280508
3,1639.0,-0.16683880959670627,0.12364732923039634,-6.303931315327735
3,1640.0,-0.1668384977783595,0.12364940783901897,-6.303896715399994
3,1641.0,-0.16683818689749774,0.12365148019451175,-6.303862219497289
3,1642.0,-0.166837876954121,0.12365354629687468,-6.303827827619619
3,1643.0,-0.1668375679482293,0.12365560614610777,-6.303793539766979
3,1644.0,-0.16683725987982262,0.12365765974221099,-6.303759355939376
3,1645.0,-0.16683695274890095,0.12365970708518437,-6.303725276136806
3,1646.0,-0.16683664655546432,0.1236617481750279,-6.3036913003592705
3,1647.0,-0.1668363412995127,0.12366378301174157,-6.303657428606767
3,1648.0,-0.16683603698104613,0.1236658115953254,-6.303623660879301
3,1649.0,-0.16683573360006457,0.12366783392577937,-6.303589997176867
3,1650.0,-0.16683543115656801,0.1236698500031035,-6.303556437499466
3,1651.0,-0.1668351296505565,0.12367185982729778,-6.303522981847101
3,1652.0,-0.16683482908203,0.1236738633983622,-6.303489630219768
3,1653.0,-0.16683452945098856,0.12367586071629678,-6.303456382617471
3,1654.0,-0.16683423075743212,0.12367785178110151,-6.303423239040206
3,1655.0,-0.1668339330013607,0.12367983659277637,-6.303390199487977
3,1656.0,-0.16683363618277433,0.1236818151513214,-6.303357263960781
3,1657.0,-0.16683334030167296,0.12368378745673658,-6.303324432458617
3,1658.0,-0.16683304535805663,0.1236857535090219,-6.303291704981489
3,1659.0,-0.1668327513519253,0.12368771330817738,-6.3032590815293945
3,1660.0,-0.166832458283279,0.12368966685420299,-6.303226562102334
3,1661.0,-0.16683216632352474,0.12369161300477179,-6.303194165719939
3,1662.0,-0.1668318754576052,0.1236935518612891,-6.30316189071142
3,1663.0,-0.1668315854108839,0.12369548525448165,-6.303129706602621
3,1664.0,-0.16683129618336084,0.12369741318434947,-6.303097613393544
3,1665.0,-0.16683100777503604,0.12369933565089253,-6.303065611084185
3,1666.0,-0.1668307201859095,0.12370125265411083,-6.303033699674547
3,1667.0,-0.1668304334159812,0.12370316419400439,-6.303001879164625
3,1668.0,-0.16683014746525116,0.12370507027057319,-6.302970149554426
3,1669.0,-0.16682986233371935,0.12370697088381724,-6.302938510843946
3,1670.0,-0.1668295780213858,0.12370886603373654,-6.302906963033181
3,1671.0,-0.16682929452825052,0.12371075572033109,-6.3028755061221435
3,1672.0,-0.16682901185431345,0.12371263994360089,-6.302844140110818
3,1673.0,-0.16682872999957465,0.12371451870354594,-6.302812864999214
3,1674.0,-0.16682844896403412,0.12371639200016624,-6.302781680787335
3,1675.0,-0.16682816874769182,0.12371825983346178,-6.302750587475169
3,1676.0,-0.16682788935054776,0.12372012220343258,-6.302719585062723
3,1677.0,-0.16682761077260197,0.12372197911007861,-6.302688673550002
3,1678.0,-0.16682733301385444,0.1237238305533999,-6.302657852936998
3,1679.0,-0.16682705607430512,0.12372567653339644,-6.302627123223707
3,1680.0,-0.1668267799539541,0.12372751705006824,-6.302596484410144
3,1681.0,-0.1668265046528013,0.12372935210341526,-6.302565936496299
3,1682.0,-0.16682623017084675,0.12373118169343755,-6.302535479482169
3,1683.0,-0.16682595650809046,0.12373300582013508,-6.302505113367762
3,1684.0,-0.1668256836645324,0.12373482448350787,-6.302474838153074
3,1685.0,-0.16682541164017262,0.1237366376835559,-6.302444653838108
3,1686.0,-0.16682514043501107,0.12373844542027918,-6.302414560422856
3,1687.0,-0.16682487004904778,0.12374024769367771,-6.30238455790733
3,1688.0,-0.16682460048228273,0.12374204450375148,-6.302354646291517
3,1689.0,-0.16682433173471595,0.12374383585050051,-6.302324825575429
3,1690.0,-0.1668240638063474,0.12374562173392478,-6.302295095759058
3,1691.0,-0.16682379669717712,0.1237474021540243,-6.302265456842406
3,1692.0,-0.16682353040720507,0.12374917711079908,-6.302235908825477
3,1693.0,-0.16682326493643126,0.1237509466042491,-6.302206451708261
3,1694.0,-0.16682300028485572,0.12375271063437436,-6.302177085490768
3,1695.0,-0.16682273645247844,0.12375446920117487,-6.302147810172997
3,1696.0,-0.1668224734392994,0.12375622230465065,-6.302118625754943
3,1697.0,-0.1668222112453186,0.12375796994480166,-6.302089532236605
3,1698.0,-0.16682194987053606,0.12375971212162792,-6.302060529617993
3,1699.0,-0.16682168931495178,0.12376144883512943,-6.3020316178990985
3,1700.0,-0.16682142957856572,0.1237631800853062,-6.302002797079919
3,1701.0,-0.16682117066137794,0.1237649058721582,-6.301974067160465
3,1702.0,-0.1668209125633884,0.12376662619568546,-6.301945428140727
3,1703.0,-0.1668206552845971,0.12376834105588796,-6.301916880020712
3,1704.0,-0.16682039882500407,0.12377005045276572,-6.301888422800415
3,1705.0,-0.16682014318460928,0.12377175438631872,-6.301860056479835
3,1706.0,-0.16681988849410828,0.12377345198559572,-6.301831795561189
3,1707.0,-0.16681963481601292,0.12377514283481841,-6.301803646980905
3,1708.0,-0.16681938184958675,0.12377682893848764,-6.301775577368721
3,1709.0,-0.16681912959482975,0.12377851029660339,-6.301747586724634
3,1710.0,-0.16681887805174195,0.12378018690916566,-6.301719675048652
3,1711.0,-0.16681862722032334,0.12378185877617445,-6.301691842340769
3,1712.0,-0.16681837710057393,0.12378352589762978,-6.301664088600987
3,1713.0,-0.1668181276924937,0.12378518827353162,-6.301636413829306
3,1714.0,-0.1668178789960827,0.12378684590387999,-6.301608818025727
3,1715.0,-0.16681763101134084,0.12378849878867489,-6.301581301190245
3,1716.0,-0.16681738373826818,0.1237901469279163,-6.301553863322863
3,1717.0,-0.16681713717686475,0.12379179032160426,-6.301526504423587
3,1718.0,-0.16681689132713048,0.12379342896973873,-6.301499224492408
3,1719.0,-0.1668166461890654,0.12379506287231971,-6.301472023529328
3,1720.0,-0.16681640176266951,0.12379669202934725,-6.301444901534352
3,1721.0,-0.16681615804794284,0.12379831644082129,-6.301417858507479
3,1722.0,-0.16681591504488533,0.12379993610674185,-6.301390894448702
3,1723.0,-0.166815672753497,0.12380155102710895,-6.301364009358027
3,1724.0,-0.1668154311737779,0.12380316120192257,-6.301337203235453
3,1725.0,-0.16681519030572797,0.12380476663118271,-6.301310476080978
3,1726.0,-0.16681495014934725,0.12380636731488938,-6.301283827894608
3,1727.0,-0.16681471070463572,0.12380796325304258,-6.301257258676334
3,1728.0,-0.16681447197159335,0.1238095544456423,-6.301230768426162
3,1729.0,-0.1668142339502202,0.12381114089268853,-6.30120435714409
3,1730.0,-0.16681399664051622,0.12381272259418132,-6.30117802483012
3,1731.0,-0.16681376004248144,0.1238142995501206,-6.3011517714842515
3,1732.0,-0.16681352415611586,0.12381587176050642,-6.301125597106483
3,1733.0,-0.16681328898141948,0.12381743922533876,-6.301099501696815
3,1734.0,-0.16681305451839226,0.12381900194461763,-6.301073485255247
3,1735.0,-0.16681282076703427,0.12382055991834302,-6.301047547781781
3,1736.0,-0.16681258772734545,0.12382211314651495,-6.301021689276415
3,1737.0,-0.16681235539932582,0.12382366162913339,-6.300995909739148
3,1738.0,-0.16681212378297539,0.12382520536619836,-6.300970209169984
3,1739.0,-0.16681189287829415,0.12382674435770985,-6.300944587568921
3,1740.0,-0.16681166268528208,0.12382827860366787,-6.300919044935958
3,1741.0,-0.16681143320393924,0.1238298081040724,-6.300893581271096
3,1742.0,-0.16681120443426556,0.12383133285892348,-6.300868196574332
3,1743.0,-0.16681097637626108,0.12383285286822107,-6.3008428908456695
3,1744.0,-0.1668107490299258,0.12383436813196519,-6.300817664085111
3,1745.0,-0.1668105223952597,0.12383587865015583,-6.30079251629265
3,1746.0,-0.16681029647226278,0.12383738442279299,-6.300767447468289
3,1747.0,-0.16681007126093508,0.12383888544987669,-6.300742457612033
3,1748.0,-0.16680984676127655,0.1238403817314069,-6.300717546723872
3,1749.0,-0.16680962297328722,0.12384187326738365,-6.300692714803814
3,1750.0,-0.16680939989696708,0.12384336005780691,-6.300667961851857
3,1751.0,-0.16680917753231614,0.1238448421026767,-6.300643287868002
3,1752.0,-0.1668089558793344,0.12384631940199302,-6.300618692852246
3,1753.0,-0.1668087350226364,0.12384779139191893,-6.300594186193581
3,1754.0,-0.1668085151130846,0.12384925706775293,-6.300569784631962
3,1755.0,-0.1668082958178648,0.12385071864760443,-6.30054545123774
3,1756.0,-0.16680807713697704,0.12385217613147342,-6.300521186010911
3,1757.0,-0.1668078590704213,0.1238536295193599,-6.300496988951473
3,1758.0,-0.1668076416181976,0.12385507881126386,-6.30047286005943
3,1759.0,-0.1668074247803059,0.1238565240071853,-6.300448799334774
3,1760.0,-0.16680720855674627,0.12385796510712425,-6.300424806777518
3,1761.0,-0.16680699294751863,0.12385940211108068,-6.300400882387649
3,1762.0,-0.16680677795262303,0.12386083501905461,-6.300377026165176
3,1763.0,-0.16680656357205945,0.12386226383104601,-6.300353238110097
3,1764.0,-0.16680634980582787,0.12386368854705491,-6.300329518222402
3,1765.0,-0.16680613665392835,0.1238651091670813,-6.30030586650211
3,1766.0,-0.16680592411636086,0.12386652569112518,-6.300282282949208
3,1767.0,-0.16680571219312537,0.12386793811918655,-6.3002587675636965
3,1768.0,-0.1668055008842219,0.12386934645126539,-6.3002353203455765
3,1769.0,-0.16680529018965048,0.12387075068736174,-6.300211941294853
3,1770.0,-0.16680508010941109,0.12387215082747557,-6.300188630411519
3,1771.0,-0.1668048706435037,0.1238735468716069,-6.300165387695578
3,1772.0,-0.16680466179192835,0.1238749388197557,-6.300142213147031
3,1773.0,-0.166804453554685,0.123876326671922,-6.300119106765876
3,1774.0,-0.1668042459317737,0.12387771042810579,-6.300096068552114
3,1775.0,-0.16680403892319445,0.12387909008830707,-6.300073098505745
3,1776.0,-0.16680383252894718,0.12388046565252583,-6.300050196626767
3,1777.0,-0.16680362674903196,0.12388183712076209,-6.300027362915184
3,1778.0,-0.16680342158344877,0.12388320449301583,-6.300004597370994
3,1779.0,-0.16680321703219758,0.12388456776928707,-6.299981899994194
3,1780.0,-0.16680301309527842,0.12388592694957579,-6.299959270784788
3,1781.0,-0.1668028097726913,0.123887282033882,-6.2999367097427745
3,1782.0,-0.1668026070644362,0.1238886330222057,-6.299914216868151
3,1783.0,-0.16680240497051313,0.1238899799145469,-6.299891792160926
3,1784.0,-0.1668022034909221,0.12389132271090557,-6.2998694356210905
3,1785.0,-0.16680200262566305,0.12389266141128173,-6.299847147248647
3,1786.0,-0.16680180237473607,0.1238939960156754,-6.299824927043599
3,1787.0,-0.1668016027381411,0.12389532652408654,-6.299802775005939
3,1788.0,-0.16680140371587815,0.12389665293651517,-6.299780691135677
3,1789.0,-0.16680120530794723,0.1238979752529613,-6.299758675432804
3,1790.0,-0.16680100751434832,0.1238992934734249,-6.299736727897323
3,1791.0,-0.16680081033508146,0.12390060759790601,-6.299714848529236
3,1792.0,-0.1668006137701466,0.1239019176264046,-6.299693037328542
3,1793.0,-0.16680041781954377,0.12390322355892068,-6.29967129429524
3,1794.0,-0.166800222483273,0.12390452539545424,-6.299649619429335
3,1795.0,-0.1668000277613342,0.1239058231360053,-6.299628012730814
3,1796.0,-0.16679983365372747,0.12390711678057385,-6.299606474199692
3,1797.0,-0.16679964016045276,0.12390840632915988,-6.299585003835962
3,1798.0,-0.16679944728151005,0.1239096917817634,-6.299563601639624
3,1799.0,-0.1667992550168994,0.12391097313838442,-6.29954226761068
3,1800.0,-0.16679906336662076,0.12391225039902293,-6.299521001749128
3,1801.0,-0.16679887233067414,0.12391352356367892,-6.299499804054966
3,1802.0,-0.16679868190905953,0.12391479263235239,-6.299478674528196
3,1803.0,-0.166798492400663,0.1239160556137662,-6.2994576463337575
3,1804.0,-0.16679830345182284,0.12391731486492874,-6.2994366802287045
3,1805.0,-0.1667981150296117,0.12391857060525,-6.299415772559361
3,1806.0,-0.16679792713402958,0.12391982283472998,-6.299394923325726
3,1807.0,-0.16679773976507647,0.1239210715533687,-6.299374132527798
3,1808.0,-0.16679755292275242,0.12392231676116615,-6.299353400165581
3,1809.0,-0.16679736660705735,0.12392355845812233,-6.29933272623907
3,1810.0,-0.16679718081799133,0.12392479664423725,-6.299312110748273
3,1811.0,-0.1667969955555543,0.12392603131951088,-6.299291553693177
3,1812.0,-0.16679681081974632,0.12392726248394326,-6.2992710550737945
3,1813.0,-0.16679662661056732,0.12392849013753436,-6.299250614890119
3,1814.0,-0.16679644292801737,0.1239297142802842,-6.299230233142153
3,1815.0,-0.16679625977209644,0.12393093491219276,-6.299209909829896
3,1816.0,-0.1667960771428045,0.12393215203326007,-6.299189644953343
3,1817.0,-0.1667958950401416,0.12393336564348609,-6.299169438512503
3,1818.0,-0.16679571346410774,0.12393457574287084,-6.299149290507371
3,1819.0,-0.16679553241470288,0.12393578233141433,-6.299129200937946
3,1820.0,-0.16679535189192704,0.12393698540911655,-6.2991091698042325
3,1821.0,-0.16679517189578022,0.1239381849759775,-6.299089197106225
3,1822.0,-0.16679499242626242,0.12393938103199717,-6.299069282843925
3,1823.0,-0.16679481348337363,0.12394057357717558,-6.299049427017335
3,1824.0,-0.16679463506711387,0.12394176261151273,-6.299029629626454
3,1825.0,-0.16679445717748312,0.1239429481350086,-6.29900989067128
3,1826.0,-0.1667942798144814,0.1239441301476632,-6.298990210151814
3,1827.0,-0.16679410297810868,0.12394530864947653,-6.298970588068057
3,1828.0,-0.166793926668365,0.1239464836404486,-6.2989510244200115
3,1829.0,-0.16679375088525034,0.12394765512057938,-6.298931519207673
3,1830.0,-0.16679357562876468,0.1239488230898689,-6.29891207243104
3,1831.0,-0.16679340089890807,0.12394998754831717,-6.298892684090121
3,1832.0,-0.16679322669568045,0.12395114849592415,-6.298873354184904
3,1833.0,-0.16679305301908187,0.12395230593268985,-6.2988540827153985
3,1834.0,-0.1667928798691123,0.1239534598586143,-6.2988348696816026
3,1835.0,-0.16679270724577175,0.12395461027369749,-6.2988157150835145
3,1836.0,-0.16679253514906023,0.12395575717793939,-6.298796618921137
3,1837.0,-0.1667923635789777,0.12395690057134003,-6.298777581194463
3,1838.0,-0.16679219253552421,0.1239580404538994,-6.298758601903501
3,1839.0,-0.16679202201869975,0.1239591768256175,-6.298739681048247
3,1840.0,-0.1667918520285043,0.12396030968649432,-6.298720818628702
3,1841.0,-0.16679168256493787,0.12396143903652988,-6.298702014644866
3,1842.0,-0.16679151362800046,0.12396256487572417,-6.2986832690967365
3,1843.0,-0.16679134521769207,0.1239636872040772,-6.298664581984317
3,1844.0,-0.1667911773340127,0.12396480602158895,-6.298645953307604
3,1845.0,-0.16679100997696233,0.12396592132825944,-6.298627383066602
3,1846.0,-0.166790843146541,0.12396703312408865,-6.298608871261306
3,1847.0,-0.16679067684274868,0.1239681414090766,-6.29859041789172
3,1848.0,-0.16679051106558537,0.12396924618322326,-6.298572022957842
3,1849.0,-0.16679034581505112,0.12397034744652867,-6.298553686459674
3,1850.0,-0.16679018109114585,0.12397144519899281,-6.298535408397212
3,1851.0,-0.1667900168938696,0.12397253944061568,-6.29851718877046
3,1852.0,-0.1667898532232224,0.12397363017139727,-6.2984990275794175
3,1853.0,-0.1667896900792042,0.1239747173913376,-6.298480924824083
3,1854.0,-0.16678952752601078,0.12397580067271462,-6.298462887627735
3,1855.0,-0.16678936572656383,0.12397687893037727,-6.298444934068455
3,1856.0,-0.16678920437512598,0.12397795420162801,-6.298427030221078
3,1857.0,-0.1667890434716973,0.12397902648646683,-6.298409176085609
3,1858.0,-0.16678888301627776,0.12398009578489372,-6.298391371662043
3,1859.0,-0.16678872300886735,0.1239811620969087,-6.298373616950382
3,1860.0,-0.1667885634494661,0.12398222542251176,-6.298355911950629
3,1861.0,-0.166788404338074,0.1239832857617029,-6.298338256662776
3,1862.0,-0.16678824567469103,0.12398434311448212,-6.298320651086833
3,1863.0,-0.1667880874593172,0.12398539748084941,-6.298303095222789
3,1864.0,-0.16678792969195252,0.12398644886080479,-6.298285589070654
3,1865.0,-0.166787772372597,0.12398749725434825,-6.298268132630425
3,1866.0,-0.16678761550125062,0.12398854266147978,-6.298250725902103
3,1867.0,-0.16678745907791337,0.1239895850821994,-6.298233368885677
3,1868.0,-0.16678730310258527,0.1239906245165071,-6.2982160615811615
3,1869.0,-0.16678714757526633,0.12399166096440288,-6.298198803988552
3,1870.0,-0.16678699249595652,0.12399269442588674,-6.298181596107849
3,1871.0,-0.16678683786465584,0.12399372490095868,-6.298164437939045
3,1872.0,-0.16678668368136434,0.1239947523896187,-6.298147329482154
3,1873.0,-0.16678652994608195,0.12399577689186679,-6.298130270737161
3,1874.0,-0.16678637665880872,0.12399679840770297,-6.2981132617040725
3,1875.0,-0.16678622381954464,0.12399781693712723,-6.298096302382895
3,1876.0,-0.1667860714282897,0.12399883248013957,-6.298079392773618
3,1877.0,-0.1667859194850439,0.12399984503674,-6.298062532876249
3,1878.0,-0.16678576798980727,0.1240008546069285,-6.298045722690783
3,1879.0,-0.16678561694257973,0.12400186119070508,-6.29802896221722
3,1880.0,-0.1667854663433614,0.12400286478806974,-6.2980122514555665
3,1881.0,-0.16678531619215217,0.12400386539902247,-6.297995590405814
3,1882.0,-0.16678516648895209,0.1240048630235633,-6.2979789790679686
3,1883.0,-0.16678501723376116,0.1240058576616922,-6.297962417442028
3,1884.0,-0.16678486842657939,0.12400684931340918,-6.297945905527995
3,1885.0,-0.16678472006740674,0.12400783797871424,-6.297929443325863
3,1886.0,-0.16678457215624323,0.12400882365760738,-6.297913030835636
3,1887.0,-0.1667844246930889,0.1240098063500886,-6.297896668057318
3,1888.0,-0.16678427767794368,0.12401078605615791,-6.297880354990897
3,1889.0,-0.16678413111080762,0.12401176277581528,-6.297864091636388
3,1890.0,-0.1667839849916807,0.12401273650906075,-6.297847877993782
3,1891.0,-0.16678383932056293,0.12401370725589429,-6.29783171406308
3,1892.0,-0.1667836940974543,0.12401467501631591,-6.297815599844285
3,1893.0,-0.16678354932235484,0.12401563979032561,-6.297799535337397
3,1894.0,-0.16678340499526448,0.1240166015779234,-6.297783520542409
3,1895.0,-0.1667832611161833,0.12401756037910926,-6.297767555459329
3,1896.0,-0.16678311768511125,0.1240185161938832,-6.297751640088154
3,1897.0,-0.16678297470204834,0.12401946902224523,-6.297735774428882
3,1898.0,-0.16678283216699458,0.12402041886419532,-6.2977199584815144
3,1899.0,-0.16678269007994997,0.1240213657197335,-6.297704192246057
3,1900.0,-0.1667825484409145,0.12402230958885978,-6.297688475722502
3,1901.0,-0.16678240724988816,0.12402325047157411,-6.297672808910848
3,1902.0,-0.16678226650687097,0.12402418836787654,-6.297657191811101
3,1903.0,-0.16678212621186295,0.12402512327776705,-6.297641624423261
3,1904.0,-0.16678198636486405,0.12402605520124563,-6.297626106747324
3,1905.0,-0.1667818469658743,0.12402698413831229,-6.297610638783295
3,1906.0,-0.1667817080148937,0.12402791008896703,-6.297595220531169
3,1907.0,-0.16678156951192225,0.12402883305320986,-6.297579851990948
3,1908.0,-0.16678143145695992,0.12402975303104076,-6.297564533162631
3,1909.0,-0.1667812940918341,0.12403066841141987,-6.29754929087982
3,1910.0,-0.16678115716374695,0.12403158087893362,-6.29753409709161
3,1911.0,-0.16678102061358774,0.12403249082741959,-6.297518945238967
3,1912.0,-0.1667808844413565,0.12403339825687779,-6.297503835321896
3,1913.0,-0.16678074864705322,0.1240343031673082,-6.297488767340396
3,1914.0,-0.16678061323067794,0.12403520555871082,-6.297473741294469
3,1915.0,-0.1667804781922306,0.12403610543108567,-6.2974587571841125
3,1916.0,-0.16678034353171126,0.12403700278443275,-6.297443815009328
3,1917.0,-0.16678020924911988,0.12403789761875204,-6.297428914770114
3,1918.0,-0.16678007534445644,0.12403878993404356,-6.297414056466467
3,1919.0,-0.166779941817721,0.12403967973030729,-6.297399240098394
3,1920.0,-0.1667798086689135,0.12404056700754323,-6.297384465665892
3,1921.0,-0.166779675898034,0.12404145176575142,-6.29736973316896
3,1922.0,-0.16677954350508245,0.12404233400493181,-6.2973550426076
3,1923.0,-0.1667794114900589,0.12404321372508441,-6.2973403939818136
3,1924.0,-0.16677927985296329,0.12404409092620924,-6.297325787291594
3,1925.0,-0.16677914859379564,0.1240449656083063,-6.297311222536947
3,1926.0,-0.166779017712556,0.12404583777137557,-6.2972966997178705
3,1927.0,-0.16677888720924428,0.12404670741541705,-6.297282218834365
3,1928.0,-0.16677875708386056,0.12404757454043078,-6.297267779886434
3,1929.0,-0.1667786273364048,0.12404843914641671,-6.2972533828740715
3,1930.0,-0.166778497966877,0.12404930123337485,-6.297239027797277
3,1931.0,-0.16677836897527717,0.12405016080130522,-6.297224714656056
3,1932.0,-0.16677824036160532,0.12405101785020782,-6.297210443450405
3,1933.0,-0.16677811212586144,0.12405187238008263,-6.297196214180327
3,1934.0,-0.16677798426804555,0.12405272439092965,-6.29718202684582
3,1935.0,-0.1667778567881576,0.1240535738827489,-6.297167881446883
3,1936.0,-0.1667777296861976,0.12405442085554037,-6.297153777983516
3,1937.0,-0.16677760296216562,0.12405526530930407,-6.297139716455723
3,1938.0,-0.16677747661606157,0.12405610724403998,-6.297125696863498
3,1939.0,-0.16677735064788551,0.1240569466597481,-6.297111719206845
3,1940.0,-0.1667772250576374,0.12405778355642846,-6.297097783485761
3,1941.0,-0.16677709984531727,0.12405861793408103,-6.29708388970025
3,1942.0,-0.16677697501092512,0.12405944979270582,-6.297070037850314
3,1943.0,-0.16677685055446093,0.12406027913230283,-6.297056227935943
3,1944.0,-0.1667767264759247,0.12406110595287206,-6.297042459957146
3,1945.0,-0.16677660277531645,0.1240619302544135,-6.297028733913918
3,1946.0,-0.16677647945263616,0.12406275203692718,-6.297015049806261
3,1947.0,-0.16677635650788386,0.12406357130041307,-6.297001407634179
3,1948.0,-0.1667762339410595,0.12406438804487117,-6.296987807397665
3,1949.0,-0.16677611175216311,0.12406520227030152,-6.296974249096717
3,1950.0,-0.16677598994119472,0.12406601397670405,-6.29696073273135
3,1951.0,-0.1667758685081543,0.12406682316407883,-6.2969472583015484
3,1952.0,-0.1667757474530418,0.12406762983242582,-6.296933825807317
3,1953.0,-0.1667756267758573,0.12406843398174502,-6.296920435248659
3,1954.0,-0.16677550647660078,0.12406923561203646,-6.296907086625571
3,1955.0,-0.16677538655527221,0.12407003472330011,-6.296893779938053
3,1956.0,-0.16677526701187162,0.12407083131553598,-6.296880515186107
3,1957.0,-0.166775147846399,0.12407162538874407,-6.296867292369733
3,1958.0,-0.16677502905885436,0.12407241694292437,-6.296854111488932
3,1959.0,-0.16677491064923766,0.1240732059780769,-6.296840972543698
3,1960.0,-0.16677479261754893,0.12407399249420165,-6.296827875534034
3,1961.0,-0.1667746749637882,0.12407477649129862,-6.296814820459944
3,1962.0,-0.1667745576879554,0.12407555796936781,-6.296801807321423
3,1963.0,-0.1667744407900506,0.12407633692840922,-6.296788836118474
3,1964.0,-0.16677432427007377,0.12407711336842285,-6.296775906851096
3,1965.0,-0.1667742081280249,0.12407788728940869,-6.296763019519291
3,1966.0,-0.16677409251526049,0.124078657683035,-6.296750190917845
3,1967.0,-0.16677397736656455,0.12407942498405802,-6.296737413810275
3,1968.0,-0.16677386253371607,0.12408019018000989,-6.296724671749711
3,1969.0,-0.16677374801671505,0.12408095327089057,-6.296711964736154
3,1970.0,-0.16677363381556148,0.12408171425670007,-6.296699292769601
3,1971.0,-0.16677351993025538,0.1240824731374384,-6.296686655850054
3,1972.0,-0.1667734063607967,0.12408322991310557,-6.296674053977509
3,1973.0,-0.16677329310718553,0.12408398458370155,-6.2966614871519715
3,1974.0,-0.16677318016942178,0.12408473714922635,-6.296648955373437
3,1975.0,-0.1667730675475055,0.12408548760968,-6.296636458641911
3,1976.0,-0.16677295524143668,0.12408623596506245,-6.296623996957387
3,1977.0,-0.16677284325121533,0.12408698221537373,-6.296611570319872
3,1978.0,-0.16677273157684142,0.12408772636061384,-6.296599178729359
3,1979.0,-0.16677262021831496,0.12408846840078278,-6.29658682218585
3,1980.0,-0.16677250917563596,0.12408920833588054,-6.296574500689348
3,1981.0,-0.16677239844880443,0.12408994616590711,-6.2965622142398505
3,1982.0,-0.16677228803782035,0.12409068189086252,-6.29654996283736
3,1983.0,-0.16677217794268373,0.12409141551074676,-6.296537746481874
3,1984.0,-0.16677206816339457,0.12409214702555982,-6.2965255651733925
3,1985.0,-0.16677195869995287,0.1240928764353017,-6.296513418911918
3,1986.0,-0.1667718495523586,0.1240936037399724,-6.296501307697444
3,1987.0,-0.16677174072061182,0.12409432893957194,-6.296489231529976
3,1988.0,-0.16677163220471247,0.1240950520341003,-6.296477190409516
3,1989.0,-0.1667715240046606,0.12409577302355748,-6.296465184336062
3,1990.0,-0.16677141612045618,0.12409649190794349,-6.296453213309611
3,1991.0,-0.16677130855209923,0.12409720868725832,-6.296441277330165
3,1992.0,-0.16677120129958972,0.12409792336150198,-6.296429376397725
3,1993.0,-0.16677109436292767,0.12409863593067447,-6.296417510512288
3,1994.0,-0.16677098774211307,0.12409934639477577,-6.296405679673858
3,1995.0,-0.16677088143714594,0.12410005475380591,-6.296393883882433
3,1996.0,-0.16677077544802626,0.12410076100776486,-6.296382123138013
3,1997.0,-0.16677066977475405,0.12410146515665264,-6.296370397440598
3,1998.0,-0.1667705644173293,0.12410216720046925,-6.2963587067901905
3,1999.0,-0.16677045937575197,0.12410286713921469,-6.296347051186783
3,2000.0,-0.16677035465002213,0.12410356497288895,-6.296335430630384
3,2001.0,-0.16677025024013975,0.12410426070149204,-6.296323845120991
3,2002.0,-0.1667701461461048,0.12410495432502394,-6.296312294658601
3,2003.0,-0.16677004236791731,0.12410564584348467,-6.296300779243216
3,2004.0,-0.16676993890557731,0.12410633525687424,-6.296289298874839
3,2005.0,-0.16676983575908474,0.12410702256519263,-6.296277853553462
3,2006.0,-0.16676973292843963,0.12410770776843982,-6.296266443279092
3,2007.0,-0.16676963041364198,0.12410839086661586,-6.29625506805173
3,2008.0,-0.1667695282146918,0.12410907185972073,-6.2962437278713725
3,2009.0,-0.16676942633158906,0.1241097507477544,-6.296232422738017
3,2010.0,-0.1667693247643338,0.12411042753071691,-6.296221152651668
3,2011.0,-0.16676922351292597,0.12411110220860826,-6.296209917612328
3,2012.0,-0.16676912257736562,0.1241117747814284,-6.29619871761999
3,2013.0,-0.16676902195765272,0.12411244524917739,-6.296187552674658
3,2014.0,-0.16676892165378726,0.1241131136118552,-6.2961764227763295
3,2015.0,-0.16676882166576928,0.12411377986946184,-6.296165327925006
3,2016.0,-0.16676872199359874,0.1241144440219973,-6.296154268120687
3,2017.0,-0.16676862263727568,0.12411510606946158,-6.296143243363376
3,2018.0,-0.16676852359680006,0.12411576601185469,-6.296132253653068
3,2019.0,-0.1667684248721719,0.12411642384917662,-6.296121298989765
3,2020.0,-0.16676832646339118,0.12411707958142738,-6.296110379373469
3,2021.0,-0.16676822837045796,0.12411773320860697,-6.296099494804179
3,2022.0,-0.16676813059337217,0.12411838473071538,-6.296088645281893
3,2023.0,-0.16676803313213384,0.12411903414775262,-6.29607783080661
3,2024.0,-0.16676793598674297,0.12411968145971868,-6.296067051378335
3,2025.0,-0.16676783915719953,0.12412032666661356,-6.296056306997061
3,2026.0,-0.16676774264441027,0.12412096976239678,-6.296045597763404
3,2027.0,-0.16676764669890803,0.12412160907813802,-6.296034951476938
3,2028.0,-0.16676755101464175,0.12412224665290666,-6.29602433417769
3,2029.0,-0.1667674555916114,0.12412288248670272,-6.296013745865653
3,2030.0,-0.16676736042981702,0.12412351657952618,-6.29600318654083
3,2031.0,-0.1667672655292586,0.12412414893137705,-6.295992656203224
3,2032.0,-0.16676717088993614,0.12412477954225533,-6.29598215485283
3,2033.0,-0.16676707651184966,0.124125408412161,-6.295971682489656
3,2034.0,-0.16676698239499912,0.1241260355410941,-6.2959612391136925
3,2035.0,-0.16676688853938454,0.1241266609290546,-6.295950824724941
3,2036.0,-0.16676679494500593,0.1241272845760425,-6.2959404393234095
3,2037.0,-0.16676670161186324,0.1241279064820578,-6.295930082909088
3,2038.0,-0.16676660853995656,0.12412852664710051,-6.295919755481985
3,2039.0,-0.1667665157292858,0.12412914507117064,-6.295909457042091
3,2040.0,-0.16676642317985102,0.12412976175426817,-6.295899187589416
3,2041.0,-0.1667663308916522,0.12413037669639311,-6.295888947123953
3,2042.0,-0.16676623886468933,0.12413098989754545,-6.295878735645709
3,2043.0,-0.16676614709896243,0.1241316013577252,-6.295868553154676
3,2044.0,-0.16676605559447147,0.12413221107693236,-6.295858399650856
3,2045.0,-0.1667659643512165,0.12413281905516692,-6.295848275134253
3,2046.0,-0.16676587336919746,0.12413342529242889,-6.295838179604864
3,2047.0,-0.16676578264841438,0.12413402978871828,-6.295828113062688
3,2048.0,-0.16676569218886728,0.12413463254403506,-6.2958180755077295
3,2049.0,-0.16676560199055612,0.12413523355837926,-6.295808066939983
3,2050.0,-0.16676551205348092,0.12413583283175085,-6.295798087359453
3,2051.0,-0.1667654223776417,0.12413643036414986,-6.295788136766134
3,2052.0,-0.16676533296303842,0.12413702615557627,-6.295778215160032
3,2053.0,-0.1667652438096711,0.12413762020603009,-6.295768322541145
3,2054.0,-0.16676515491753974,0.12413821251551131,-6.2957584589094715
3,2055.0,-0.16676506628664434,0.12413880308401995,-6.295748624265012
3,2056.0,-0.16676497791698489,0.12413939191155599,-6.295738818607768
3,2057.0,-0.1667648898085614,0.12413997899811943,-6.295729041937739
3,2058.0,-0.1667648019613739,0.12414056434371029,-6.2957192942549245
3,2059.0,-0.1667647143754223,0.12414114794832855,-6.29570957555932
3,2060.0,-0.16676462705070672,0.12414172981197422,-6.295699885850937
3,2061.0,-0.16676453998722707,0.1241423099346473,-6.295690225129762
3,2062.0,-0.16676445318498337,0.12414288831634777,-6.295680593395805
3,2063.0,-0.16676436664397565,0.12414346495707566,-6.295670990649064
3,2064.0,-0.16676428036420388,0.12414403985683096,-6.295661416889536
3,2065.0,-0.16676419434566805,0.12414461301561366,-6.2956518721172205
3,2066.0,-0.1667641085883682,0.12414518443342377,-6.295642356332121
3,2067.0,-0.16676402309230431,0.1241457541102613,-6.295632869534237
3,2068.0,-0.16676393785747637,0.12414632204612622,-6.295623411723565
3,2069.0,-0.1667638528838844,0.12414688824101855,-6.295613982900112
3,2070.0,-0.16676376817152838,0.12414745269493828,-6.295604583063868
3,2071.0,-0.16676368372040834,0.12414801540788543,-6.295595212214843
3,2072.0,-0.16676359953052422,0.12414857637985999,-6.295585870353028
3,2073.0,-0.16676351560187608,0.12414913561086194,-6.295576557478431
3,2074.0,-0.1667634319344639,0.1241496931008913,-6.295567273591049
3,2075.0,-0.1667633485282877,0.12415024884994807,-6.2955580186908815
3,2076.0,-0.16676326538334743,0.12415080285803226,-6.295548792777926
3,2077.0,-0.16676318249964311,0.12415135512514384,-6.295539595852185
3,2078.0,-0.16676309987717478,0.12415190565128284,-6.29553042791366
3,2079.0,-0.16676301751594239,0.12415245443644923,-6.295521288962349
3,2080.0,-0.16676293541594597,0.12415300148064304,-6.295512178998254
3,2081.0,-0.1667628535771855,0.12415354678386425,-6.295503098021373
3,2082.0,-0.166762771999661,0.12415409034611288,-6.295494046031705
3,2083.0,-0.16676269068337243,0.12415463216738891,-6.29548502302925
3,2084.0,-0.16676260962831985,0.12415517224769233,-6.295476029014013
3,2085.0,-0.1667625288345032,0.12415571058702318,-6.295467063985988
3,2086.0,-0.16676244830192255,0.12415624718538143,-6.29545812794518
3,2087.0,-0.16676236803057784,0.12415678204276709,-6.2954492208915855
3,2088.0,-0.16676228802046908,0.12415731515918015,-6.295440342825203
3,2089.0,-0.16676220827159627,0.12415784653462061,-6.295431493746037
3,2090.0,-0.16676212878395943,0.1241583761690885,-6.295422673654085
3,2091.0,-0.16676204976359157,0.12415890269009013,-6.295413905411145
3,2092.0,-0.16676197099169485,0.12415942755536047,-6.2954051647390115
3,2093.0,-0.1667618924333663,0.12415995099742079,-6.29539644776479
3,2094.0,-0.166761814088606,0.1241604730162711,-6.295387754488486
3,2095.0,-0.1667617359574139,0.12416099361191138,-6.295379084910094
3,2096.0,-0.16676165803979,0.12416151278434165,-6.295370439029619
3,2097.0,-0.16676158033573432,0.1241620305335619,-6.295361816847058
3,2098.0,-0.16676150284524688,0.12416254685957212,-6.295353218362415
3,2099.0,-0.16676142556832763,0.12416306176237232,-6.295344643575687
3,2100.0,-0.1667613485049766,0.1241635752419625,-6.295336092486871
3,2101.0,-0.16676127165519378,0.12416408729834268,-6.295327565095975
3,2102.0,-0.16676119501897918,0.12416459793151281,-6.295319061402993
3,2103.0,-0.1667611185963328,0.12416510714147294,-6.295310581407927
3,2104.0,-0.16676104238725462,0.12416561492822305,-6.295302125110773
3,2105.0,-0.16676096639174467,0.12416612129176313,-6.295293692511537
3,2106.0,-0.16676089060980293,0.1241666262320932,-6.295285283610215
3,2107.0,-0.1667608150414294,0.12416712974921325,-6.29527689840681
3,2108.0,-0.16676073968662408,0.12416763184312327,-6.29526853690132
3,2109.0,-0.166760664545387,0.12416813251382328,-6.295260199093744
3,2110.0,-0.16676058961771809,0.12416863176131326,-6.295251884984083
3,2111.0,-0.16676051490361743,0.12416912958559323,-6.295243594572339
3,2112.0,-0.16676044040308496,0.12416962598666317,-6.29523532785851
3,2113.0,-0.16676036611612072,0.1241701209645231,-6.295227084842597
3,2114.0,-0.16676029204272472,0.12417061451917301,-6.2952188655246
3,2115.0,-0.16676021818289688,0.1241711066506129,-6.295210669904514
3,2116.0,-0.1667601445366373,0.12417159735884276,-6.295202497982347
3,2117.0,-0.16676007110394592,0.1241720866438626,-6.295194349758097
3,2118.0,-0.16675999788482274,0.12417257450567243,-6.295186225231759
3,2119.0,-0.16675992487926777,0.12417306094427225,-6.295178124403336
3,2120.0,-0.16675985208728106,0.12417354595966203,-6.295170047272831
3,2121.0,-0.1667597795088625,0.12417402955184179,-6.295161993840238
3,2122.0,-0.1667597071440122,0.12417451172081154,-6.2951539641055625
3,2123.0,-0.1667596349927301,0.12417499246657127,-6.295145958068802
3,2124.0,-0.1667595630550162,0.12417547178912097,-6.295137975729955
3,2125.0,-0.16675949133087056,0.12417594968846066,-6.29513001708903
3,2126.0,-0.1667594198202931,0.12417642616459032,-6.295122082146015
3,2127.0,-0.16675934852328386,0.12417690121750997,-6.2951141709009155
3,2128.0,-0.16675927743984284,0.1241773748472196,-6.295106283353732
3,2129.0,-0.16675920656997004,0.1241778470537192,-6.2950984195044635
3,2130.0,-0.16675913591366542,0.12417831783700879,-6.2950905793531104
3,2131.0,-0.16675906547092906,0.12417878719708836,-6.295082762899675
3,2132.0,-0.16675899524176088,0.1241792551339579,-6.29507497014415
3,2133.0,-0.16675892522616093,0.12417972164761744,-6.295067201086543
3,2134.0,-0.1667588554241292,0.12418018673806694,-6.295059455726854
3,2135.0,-0.16675878583566567,0.12418065040530643,-6.295051734065076
3,2136.0,-0.16675871646077037,0.1241811126493359,-6.295044036101218
3,2137.0,-0.16675864729944326,0.12418157347015535,-6.29503636183527
3,2138.0,-0.1667585783516844,0.12418203286776477,-6.295028711267243
3,2139.0,-0.16675850961749372,0.12418249084216418,-6.295021084397128
3,2140.0,-0.16675844109687127,0.12418294739335356,-6.295013481224927
3,2141.0,-0.16675837278981703,0.12418340252133293,-6.295005901750645
3,2142.0,-0.16675830469633102,0.12418385622610228,-6.294998345974276
3,2143.0,-0.1667582368164132,0.12418430850766161,-6.2949908138958195
3,2144.0,-0.1667581691500636,0.12418475936601092,-6.294983305515283
3,2145.0,-0.16675810169728222,0.12418520880115021,-6.2949758208326605
3,2146.0,-0.16675803445806905,0.12418565681307947,-6.294968359847953
3,2147.0,-0.1667579674324241,0.12418610340179873,-6.294960922561161
3,2148.0,-0.16675790062034737,0.12418654856730794,-6.294953508972286
3,2149.0,-0.16675783402183886,0.12418699230960716,-6.294946119081325
3,2150.0,-0.16675776763689856,0.12418743462869634,-6.294938752888281
3,2151.0,-0.16675770146552646,0.12418787552457551,-6.294931410393149
3,2152.0,-0.16675763550772257,0.12418831499724466,-6.294924091595932
3,2153.0,-0.1667575697634869,0.12418875304670379,-6.294916796496634
3,2154.0,-0.16675750423281946,0.1241891896729529,-6.29490952509525
3,2155.0,-0.16675743891572023,0.12418962487599199,-6.29490227739178
3,2156.0,-0.16675737381218922,0.12419005865582106,-6.294895053386227
3,2157.0,-0.1667573089222264,0.1241904910124401,-6.29488785307859
3,2158.0,-0.16675724424583183,0.12419092194584913,-6.294880676468868
3,2159.0,-0.166757179935507,0.12419135044015334,-6.2948735404789105
3,2160.0,-0.16675711587470832,0.1241917772718479,-6.29486643217682
3,2161.0,-0.16675705198623514,0.12419220295523328,-6.294859342996283
3,2162.0,-0.16675698827008742,0.12419262749030952,-6.294852272937288
3,2163.0,-0.1667569247262652,0.12419305087707658,-6.294845221999844
3,2164.0,-0.16675686135476847,0.12419347311553448,-6.29483819018395
3,2165.0,-0.1667567981555972,0.12419389420568322,-6.294831177489598
3,2166.0,-0.16675673512875144,0.1241943141475228,-6.294824183916796
3,2167.0,-0.1667566722742312,0.12419473294105321,-6.2948172094655455
3,2168.0,-0.1667566095920364,0.12419515058627446,-6.2948102541358395
3,2169.0,-0.16675654708216708,0.12419556708318655,-6.294803317927678
3,2170.0,-0.1667564847446233,0.12419598243178948,-6.294796400841071
3,2171.0,-0.16675642257940496,0.12419639663208325,-6.294789502876008
3,2172.0,-0.1667563605865121,0.12419680968406785,-6.294782624032494
3,2173.0,-0.16675629876594475,0.12419722158774328,-6.294775764310524
3,2174.0,-0.16675623711770288,0.12419763234310957,-6.294768923710103
3,2175.0,-0.1667561756417865,0.12419804195016668,-6.294762102231231
3,2176.0,-0.16675611433819562,0.12419845040891464,-6.294755299873911
3,2177.0,-0.1667560532069302,0.12419885771935342,-6.294748516638132
3,2178.0,-0.1667559922479903,0.12419926388148306,-6.294741752523903
3,2179.0,-0.16675593146137585,0.12419966889530352,-6.294735007531222
3,2180.0,-0.1667558708470869,0.12420007276081482,-6.294728281660088
3,2181.0,-0.16675581040512344,0.12420047547801696,-6.294721574910503
3,2182.0,-0.16675575013548546,0.12420087704690995,-6.294714887282463
3,2183.0,-0.16675569003817298,0.12420127746749376,-6.294708218775972
3,2184.0,-0.16675563011318598,0.12420167673976841,-6.294701569391029
3,2185.0,-0.16675557036052446,0.1242020748637339,-6.294694939127633
3,2186.0,-0.16675551078018844,0.12420247183939023,-6.294688327985789
3,2187.0,-0.1667554513721779,0.1242028676667374,-6.2946817359654865
3,2188.0,-0.16675539213649285,0.1242032623457754,-6.294675163066738
3,2189.0,-0.16675533307313328,0.12420365587650425,-6.2946686092895305
3,2190.0,-0.16675527418209918,0.12420404825892392,-6.294662074633873
3,2191.0,-0.1667552154633906,0.12420443949303445,-6.294655559099763
3,2192.0,-0.16675515691700749,0.1242048295788358,-6.294649062687204
3,2193.0,-0.16675509854294987,0.12420521851632799,-6.294642585396189
3,2194.0,-0.16675504034121774,0.12420560630551102,-6.294636127226724
3,2195.0,-0.1667549823118111,0.12420599294638489,-6.294629688178805
3,2196.0,-0.16675492445472992,0.12420637843894959,-6.294623268252432
3,2197.0,-0.16675486676997425,0.12420676278320514,-6.294616867447611
3,2198.0,-0.16675480925754407,0.12420714597915151,-6.294610485764338
3,2199.0,-0.16675475191743935,0.12420752802678874,-6.294604123202607
3,2200.0,-0.16675469474966015,0.12420790892611679,-6.294597779762428
3,2201.0,-0.16675463775420643,0.12420828867713568,-6.294591455443797
3,2202.0,-0.16675458093107817,0.1242086672798454,-6.294585150246711
3,2203.0,-0.16675452428027543,0.12420904473424597,-6.294578864171174
3,2204.0,-0.16675446780179817,0.12420942104033739,-6.294572597217188
3,2205.0,-0.16675441149564638,0.12420979619811963,-6.294566349384745
3,2206.0,-0.1667543553618201,0.12421017020759272,-6.29456012067385
3,2207.0,-0.16675429940031927,0.12421054306875663,-6.294553911084505
3,2208.0,-0.16675424361114397,0.12421091478161138,-6.294547720616706
3,2209.0,-0.16675418799429415,0.12421128534615698,-6.294541549270457
3,2210.0,-0.16675413254976978,0.1242116547623934,-6.294535397045753
3,2211.0,-0.1667540772775709,0.12421202303032068,-6.2945292639425965
3,2212.0,-0.16675402217769755,0.12421239014993879,-6.29452314996099
3,2213.0,-0.16675396725014965,0.12421275612124773,-6.294517055100928
3,2214.0,-0.16675391249492727,0.12421312094424751,-6.294510979362415
3,2215.0,-0.16675385791203035,0.12421348461893814,-6.294504922745451
3,2216.0,-0.16675380350145894,0.12421384714531959,-6.294498885250035
3,2217.0,-0.16675374926321299,0.12421420852339188,-6.294492866876167
3,2218.0,-0.16675369519729252,0.12421456875315501,-6.294486867623843
3,2219.0,-0.16675364130369758,0.12421492783460898,-6.294480887493072
3,2220.0,-0.1667535875824281,0.12421528576775379,-6.294474926483844
3,2221.0,-0.16675353403348409,0.12421564255258943,-6.294468984596165
3,2222.0,-0.1667534806568656,0.12421599818911591,-6.2944630618300375
3,2223.0,-0.16675342745257257,0.12421635267733323,-6.2944571581854545
3,2224.0,-0.16675337442060503,0.1242167060172414,-6.2944512736624185
3,2225.0,-0.16675332156096298,0.1242170582088404,-6.294445408260928
3,2226.0,-0.16675326887364642,0.12421740925213022,-6.294439561980987
3,2227.0,-0.16675321635865537,0.12421775914711089,-6.294433734822595
3,2228.0,-0.16675316401598977,0.1242181078937824,-6.294427926785751
3,2229.0,-0.16675311184564967,0.12421845549214475,-6.294422137870455
3,2230.0,-0.16675305984763505,0.12421880194219793,-6.294416368076704
3,2231.0,-0.16675300802194593,0.12421914724394195,-6.294410617404503
3,2232.0,-0.16675295655516761,0.12421949015445209,-6.294404906557694
3,2233.0,-0.16675290523991215,0.12421983205534301,-6.2943992125241355
3,2234.0,-0.16675285406165247,0.12422017304338957,-6.294393533691876
3,2235.0,-0.16675280302038858,0.12422051311859178,-6.294387870060918
3,2236.0,-0.16675275211612048,0.12422085228094963,-6.294382221631258
3,2237.0,-0.16675270134884818,0.12422119053046311,-6.294376588402902
3,2238.0,-0.16675265071857162,0.12422152786713225,-6.294370970375843
3,2239.0,-0.1667526002252909,0.12422186429095704,-6.294365367550086
3,2240.0,-0.16675254986900592,0.12422219980193745,-6.294359779925626
3,2241.0,-0.16675249964971678,0.12422253440007353,-6.294354207502472
3,2242.0,-0.16675244956742338,0.12422286808536524,-6.2943486502806145
3,2243.0,-0.1667523996221258,0.12422320085781259,-6.2943431082600565
3,2244.0,-0.166752349813824,0.1242235327174156,-6.2943375814408045
3,2245.0,-0.16675230014251796,0.12422386366417423,-6.294332069822847
3,2246.0,-0.16675225060820775,0.12422419369808853,-6.294326573406194
3,2247.0,-0.1667522012108933,0.12422452281915845,-6.294321092190837
3,2248.0,-0.16675215195057463,0.12422485102738404,-6.2943156261767825
3,2249.0,-0.16675210282725178,0.12422517832276525,-6.29431017536403
3,2250.0,-0.1667520538409247,0.12422550470530212,-6.294304739752577
3,2251.0,-0.1667520049915934,0.12422583017499463,-6.294299319342422
3,2252.0,-0.1667519562792579,0.12422615473184279,-6.294293914133571
3,2253.0,-0.16675190770391818,0.12422647837584658,-6.294288524126017
3,2254.0,-0.16675185926557426,0.12422680110700601,-6.294283149319766
3,2255.0,-0.16675181096422612,0.1242271229253211,-6.294277789714817
3,2256.0,-0.16675176279987375,0.12422744383079183,-6.294272445311162
3,2257.0,-0.16675171477251718,0.1242277638234182,-6.294267116108811
3,2258.0,-0.1667516668821564,0.12422808290320021,-6.294261802107761
3,2259.0,-0.1667516191287914,0.12422840107013788,-6.29425650330801
3,2260.0,-0.1667515715124222,0.12422871832423119,-6.294251219709559
3,2261.0,-0.1667515240330488,0.12422903466548013,-6.294245951312411
3,2262.0,-0.16675147669067117,0.12422935009388472,-6.294240698116565
3,2263.0,-0.16675142948528932,0.12422966460944496,-6.294235460122011
3,2264.0,-0.16675138241690327,0.12422997821216085,-6.294230237328766
3,2265.0,-0.166751335485513,0.12423029090203237,-6.294225029736816
3,2266.0,-0.1667512886911185,0.12423060267905954,-6.2942198373461675
3,2267.0,-0.1667512420337198,0.12423091354324235,-6.294214660156821
3,2268.0,-0.1667511955133169,0.12423122349458081,-6.294209498168773
3,2269.0,-0.1667511491299098,0.12423153253307491,-6.294204351382028
3,2270.0,-0.16675110288349845,0.12423184065872465,-6.294199219796581
3,2271.0,-0.16675105677408292,0.12423214787153004,-6.294194103412436
3,2272.0,-0.16675101080166316,0.12423245417149108,-6.29418900222959
3,2273.0,-0.16675096496623917,0.12423275955860776,-6.294183916248042
3,2274.0,-0.166750919267811,0.12423306403288008,-6.294178845467798
3,2275.0,-0.16675087370637862,0.12423336759430804,-6.294173789888855
3,2276.0,-0.166750828281942,0.12423367024289164,-6.294168749511209
3,2277.0,-0.1667507829945012,0.1242339719786309,-6.294163724334867
3,2278.0,-0.16675073784405614,0.1242342728015258,-6.294158714359819
3,2279.0,-0.1667506928306069,0.12423457271157634,-6.294153719586078
3,2280.0,-0.16675064795415345,0.12423487170878253,-6.294148740013638
3,2281.0,-0.1667506032146958,0.12423516979314435,-6.2941437756424925
3,2282.0,-0.1667505586122339,0.12423546696466183,-6.29413882647265
3,2283.0,-0.1667505141467678,0.12423576322333495,-6.29413389250411
3,2284.0,-0.1667504698182975,0.12423605856916371,-6.294128973736868
3,2285.0,-0.16675042562682296,0.12423635300214811,-6.294124070170925
3,2286.0,-0.16675038157234423,0.12423664652228816,-6.294119181806283
3,2287.0,-0.16675033765486127,0.12423693912958385,-6.294114308642943
3,2288.0,-0.16675029387437412,0.12423723082403519,-6.294109450680904
3,2289.0,-0.16675025023088275,0.12423752160564218,-6.294104607920164
3,2290.0,-0.16675020672438717,0.1242378114744048,-6.2940997803607255
3,2291.0,-0.16675016335488738,0.12423810043032307,-6.294094968002586
3,2292.0,-0.16675012012238338,0.12423838847339698,-6.294090170845749
3,2293.0,-0.16675007702687514,0.12423867560362654,-6.294085388890207
3,2294.0,-0.16675003406836272,0.12423896182101174,-6.294080622135972
3,2295.0,-0.16674999124684606,0.1242392471255526,-6.294075870583033
3,2296.0,-0.16674994856232522,0.12423953151724908,-6.294071134231399
3,2297.0,-0.16674990601480014,0.12423981499610122,-6.294066413081059
3,2298.0,-0.16674986360427085,0.12424009756210899,-6.294061707132025
3,2299.0,-0.16674982133073735,0.12424037921527241,-6.294057016384286
3,2300.0,-0.16674977919419964,0.12424065995559148,-6.29405234083785
3,2301.0,-0.16674973719465774,0.12424093978306619,-6.294047680492718
3,2302.0,-0.1667496953321116,0.12424121869769654,-6.294043035348881
3,2303.0,-0.16674965360656124,0.12424149669948253,-6.294038405406344
3,2304.0,-0.1667496120180067,0.12424177378842419,-6.2940337906651145
3,2305.0,-0.16674957056644793,0.12424204996452147,-6.294029191125178
3,2306.0,-0.16674952925188494,0.1242423252277744,-6.294024606786545
3,2307.0,-0.16674948807431775,0.12424259957818297,-6.294020037649213
3,2308.0,-0.16674944703374633,0.12424287301574719,-6.294015483713179
3,2309.0,-0.1667494061301707,0.12424314554046706,-6.294010944978443
3,2310.0,-0.16674936554297343,0.12424341595739975,-6.294006441349626
3,2311.0,-0.1667493250646929,0.12424368564861771,-6.294001949806405
3,2312.0,-0.16674928469348663,0.12424395462639527,-6.2939974701443395
3,2313.0,-0.16674924442935457,0.12424422289073243,-6.29399300236342
3,2314.0,-0.16674920427229675,0.1242444904416292,-6.293988546463655
3,2315.0,-0.16674916422231317,0.12424475727908557,-6.293984102445038
3,2316.0,-0.16674912427940383,0.12424502340310155,-6.293979670307575
3,2317.0,-0.16674908444356873,0.12424528881367712,-6.293975250051262
3,2318.0,-0.16674904471480784,0.12424555351081232,-6.293970841676097
3,2319.0,-0.1667490050931212,0.1242458174945071,-6.293966445182084
3,2320.0,-0.1667489655785088,0.1242460807647615,-6.293962060569222
3,2321.0,-0.16674892617097062,0.1242463433215755,-6.2939576878375085
3,2322.0,-0.16674888687050668,0.12424660516494909,-6.29395332698695
3,2323.0,-0.16674884767711698,0.1242468662948823,-6.2939489780175375
3,2324.0,-0.16674880859080152,0.12424712671137511,-6.293944640929281
3,2325.0,-0.16674876961156027,0.12424738641442752,-6.29394031572217
3,2326.0,-0.16674873073939325,0.12424764540403954,-6.293936002396212
3,2327.0,-0.1667486919743005,0.12424790368021116,-6.293931700951407
3,2328.0,-0.16674865331628197,0.12424816124294238,-6.293927411387751
3,2329.0,-0.16674861476533767,0.12424841809223322,-6.293923133705245
3,2330.0,-0.1667485763214676,0.12424867422808365,-6.29391886790389
3,2331.0,-0.16674853798467176,0.1242489296504937,-6.2939146139836835
3,2332.0,-0.16674849975495018,0.12424918435946333,-6.293910371944629
3,2333.0,-0.1667484616323028,0.12424943835499258,-6.293906141786725
3,2334.0,-0.16674842361672967,0.12424969163708144,-6.293901923509973
3,2335.0,-0.16674838570823078,0.12424994420572989,-6.293897717114371
3,2336.0,-0.16674834790680612,0.12425019606093796,-6.29389352259992
3,2337.0,-0.1667483102124557,0.12425044720270562,-6.29388933996662
3,2338.0,-0.16674827262517952,0.12425069763103289,-6.293885169214473
3,2339.0,-0.16674823514497755,0.12425094734591977,-6.293881010343473
3,2340.0,-0.16674819777184985,0.12425119634736624,-6.293876863353626
3,2341.0,-0.16674816050579636,0.12425144463537231,-6.293872728244928
3,2342.0,-0.1667481233468171,0.12425169220993801,-6.293868605017381
3,2343.0,-0.16674808629491208,0.1242519390710633,-6.293864493670985
3,2344.0,-0.1667480493500813,0.12425218521874819,-6.2938603942057405
3,2345.0,-0.16674801251232474,0.12425243065299268,-6.293856306621643
3,2346.0,-0.16674797578164244,0.12425267537379679,-6.293852230918702
3,2347.0,-0.16674793915803435,0.1242529193811605,-6.293848167096907
3,2348.0,-0.1667479026415005,0.12425316267508381,-6.293844115156265
3,2349.0,-0.16674786623204088,0.12425340525556672,-6.293840075096774
3,2350.0,-0.1667478299296555,0.12425364712260924,-6.293836046918432
3,2351.0,-0.16674779373434437,0.12425388827621137,-6.293832030621242
3,2352.0,-0.16674775764610747,0.12425412871637309,-6.293828026205204
3,2353.0,-0.16674772166494478,0.12425436844309443,-6.293824033670313
3,2354.0,-0.16674768579085636,0.12425460745637536,-6.293820053016578
3,2355.0,-0.16674765002384215,0.1242548457562159,-6.293816084243989
3,2356.0,-0.16674761436390217,0.12425508334261604,-6.2938121273525525
3,2357.0,-0.16674757881103644,0.12425532021557578,-6.293808182342266
3,2358.0,-0.16674754336524492,0.12425555637509514,-6.293804249213128
3,2359.0,-0.16674750802652766,0.12425579182117409,-6.293800327965146
3,2360.0,-0.16674747279488464,0.12425602655381265,-6.293796418598314
3,2361.0,-0.16674743767031583,0.12425626057301083,-6.293792521112629
3,2362.0,-0.16674740265282126,0.1242564938787686,-6.293788635508094
3,2363.0,-0.16674736774240093,0.12425672647108596,-6.293784761784714
3,2364.0,-0.16674733293905483,0.12425695834996295,-6.293780899942483
3,2365.0,-0.16674729824278298,0.12425718951539952,-6.293777049981403
3,2366.0,-0.16674726365358533,0.12425741996739571,-6.293773211901472
3,2367.0,-0.16674722917146195,0.1242576497059515,-6.293769385702694
3,2368.0,-0.16674719479641278,0.12425787873106689,-6.293765571385064
3,2369.0,-0.16674716052843785,0.1242581070427419,-6.293761768948586
3,2370.0,-0.16674712636753716,0.12425833464097649,-6.29375797839326
3,2371.0,-0.1667470923137107,0.12425856152577071,-6.293754199719084
3,2372.0,-0.1667470583669585,0.12425878769712452,-6.293750432926059
3,2373.0,-0.1667470245272805,0.12425901315503793,-6.293746678014184
3,2374.0,-0.16674699079467675,0.12425923789951095,-6.29374293498346
3,2375.0,-0.16674695716914723,0.12425946193054357,-6.293739203833888
3,2376.0,-0.16674692365069194,0.1242596852481358,-6.293735484565462
3,2377.0,-0.16674689023931089,0.12425990785228763,-6.29373177717819
3,2378.0,-0.16674685693500407,0.12426012974299906,-6.2937280816720715
3,2379.0,-0.1667468237377715,0.12426035092027012,-6.293724398047101
3,2380.0,-0.16674679064761314,0.12426057138410075,-6.293720726303279
3,2381.0,-0.16674675766452904,0.124260791134491,-6.293717066440614
3,2382.0,-0.16674672478851915,0.12426101017144085,-6.293713418459093
3,2383.0,-0.1667466920195835,0.12426122849495032,-6.293709782358724
3,2384.0,-0.1667466593577221,0.12426144610501938,-6.293706158139507
3,2385.0,-0.16674662680293492,0.12426166300164804,-6.293702545801442
3,2386.0,-0.166746594355222,0.1242618791848363,-6.293698945344526
3,2387.0,-0.16674656201458327,0.12426209465458418,-6.29369535676876
3,2388.0,-0.1667465297810188,0.12426230941089166,-6.293691780074147
3,2389.0,-0.16674649765452856,0.12426252345375874,-6.2936882152606834
3,2390.0,-0.16674646563511256,0.12426273678318543,-6.293684662328371
3,2391.0,-0.1667464337227708,0.12426294939917172,-6.293681121277209
3,2392.0,-0.16674640191750326,0.12426316130171762,-6.293677592107199
3,2393.0,-0.1667463702359352,0.1242633723800724,-6.2936740766631045
3,2394.0,-0.16674633880569042,0.12426358178408674,-6.293670589106296
3,2395.0,-0.16674630745750918,0.1242637906413257,-6.293667110655408
3,2396.0,-0.1667462761913915,0.12426399895178927,-6.293663641310441
3,2397.0,-0.1667462450073374,0.12426420671547748,-6.293660181071394
3,2398.0,-0.16674621390534683,0.12426441393239031,-6.293656729938266
3,2399.0,-0.1667461828854198,0.12426462060252776,-6.2936532879110585
3,2400.0,-0.16674615194755635,0.12426482672588983,-6.293649854989772
3,2401.0,-0.16674612109175643,0.12426503230247653,-6.293646431174407
3,2402.0,-0.1667460903180201,0.12426523733228784,-6.293643016464963
3,2403.0,-0.16674605962634728,0.12426544181532377,-6.293639610861435
3,2404.0,-0.16674602901673802,0.12426564575158434,-6.293636214363827
3,2405.0,-0.16674599848919233,0.12426584914106953,-6.293632826972143
3,2406.0,-0.1667459680437102,0.12426605198377932,-6.29362944868638
3,2407.0,-0.16674593768029158,0.12426625427971376,-6.2936260795065335
3,2408.0,-0.16674590739893655,0.1242664560288728,-6.293622719432609
3,2409.0,-0.16674587719964507,0.12426665723125649,-6.293619368464604
3,2410.0,-0.16674584708241713,0.12426685788686478,-6.29361602660252
3,2411.0,-0.16674581704725275,0.1242670579956977,-6.293612693846356
3,2412.0,-0.16674578709415191,0.12426725755775524,-6.293609370196114
3,2413.0,-0.16674575722311463,0.12426745657303741,-6.293606055651788
3,2414.0,-0.1667457274341409,0.12426765504154419,-6.293602750213383
3,2415.0,-0.16674569772723072,0.12426785296327561,-6.2935994538809
3,2416.0,-0.16674566810238411,0.12426805033823164,-6.29359616665434
3,2417.0,-0.16674563855960103,0.1242682471664123,-6.293592888533694
3,2418.0,-0.16674560909888153,0.12426844344781757,-6.293589619518972
3,2419.0,-0.16674557972022555,0.12426863918244747,-6.2935863596101695
3,2420.0,-0.16674555042363315,0.12426883437030199,-6.2935831088072876
3,2421.0,-0.1667455212091043,0.12426902901138114,-6.293579867110327
3,2422.0,-0.166745492076639,0.1242692231056849,-6.293576634519286
3,2423.0,-0.16674546302623725,0.1242694166532133,-6.293573411034165
3,2424.0,-0.16674543405789904,0.12426960965396631,-6.293570196654965
3,2425.0,-0.1667454051716244,0.12426980210794394,-6.293566991381683
3,2426.0,-0.1667453763674133,0.12426999401514621,-6.293563795214322
3,2427.0,-0.16674534764526575,0.12427018537557309,-6.2935606081528785
3,2428.0,-0.16674531900518175,0.1242703761892246,-6.29355743019736
3,2429.0,-0.16674529044716133,0.12427056645610071,-6.29355426134776
3,2430.0,-0.16674526197120443,0.12427075617620147,-6.293551101604079
3,2431.0,-0.1667452335773111,0.12427094534952683,-6.293547950966321
3,2432.0,-0.1667452052654813,0.12427113397607684,-6.2935448094344775
3,2433.0,-0.1667451770357151,0.12427132205585145,-6.293541677008559
3,2434.0,-0.16674514888801242,0.12427150958885069,-6.293538553688564
3,2435.0,-0.1667451208223733,0.12427169657507454,-6.293535439474484
3,2436.0,-0.16674509283879774,0.12427188301452304,-6.293532334366325
3,2437.0,-0.16674506493728572,0.12427206890719614,-6.293529238364087
3,2438.0,-0.16674503711783725,0.12427225425309388,-6.29352615146777
3,2439.0,-0.16674500938045234,0.12427243905221623,-6.2935230736773695
3,2440.0,-0.16674498172513097,0.12427262330456319,-6.2935200049928905
3,2441.0,-0.16674495415187315,0.1242728070101348,-6.293516945414333
3,2442.0,-0.16674492666067892,0.12427299016893102,-6.2935138949416976
3,2443.0,-0.1667448992515482,0.12427317278095186,-6.293510853574979
3,2444.0,-0.16674487192448106,0.12427335484619732,-6.293507821314185
3,2445.0,-0.16674484467947748,0.12427353636466741,-6.293504798159306
3,2446.0,-0.1667448175165374,0.12427371733636212,-6.293501784110351
3,2447.0,-0.16674479043566093,0.12427389776128145,-6.293498779167314
3,2448.0,-0.166744763436848,0.12427407763942541,-6.293495783330197
3,2449.0,-0.1667447365200986,0.12427425697079399,-6.2934927965990015
3,2450.0,-0.16674470968541277,0.12427443575538719,-6.293489818973726
3,2451.0,-0.1667446829327905,0.12427461399320501,-6.2934868504543715
3,2452.0,-0.16674465626223176,0.12427479168424746,-6.293483891040935
3,2453.0,-0.1667446296737366,0.12427496882851452,-6.2934809407334225
3,2454.0,-0.16674460316730497,0.12427514542600622,-6.293477999531828
3,2455.0,-0.16674457674293688,0.12427532147672253,-6.293475067436152
3,2456.0,-0.16674455040063238,0.12427549698066347,-6.293472144446398
3,2457.0,-0.1667445241403914,0.12427567193782903,-6.293469230562563
3,2458.0,-0.166744497962214,0.12427584634821921,-6.2934663257846495
3,2459.0,-0.16674447186610014,0.12427602021183401,-6.293463430112659
3,2460.0,-0.16674444585204984,0.12427619352867343,-6.2934605435465825
3,2461.0,-0.16674441992006309,0.12427636629873748,-6.293457666086431
3,2462.0,-0.16674439407013988,0.12427653852202615,-6.2934547977322
3,2463.0,-0.16674436830228023,0.12427671019853945,-6.293451938483886
3,2464.0,-0.16674434261648413,0.12427688132827737,-6.293449088341493
3,2465.0,-0.16674431701275158,0.1242770519112399,-6.2934462473050194
3,2466.0,-0.16674429149108258,0.12427722194742707,-6.293443415374467
3,2467.0,-0.16674426605147716,0.12427739143683886,-6.293440592549837
3,2468.0,-0.16674424069393526,0.12427756037947527,-6.293437778831125
3,2469.0,-0.16674421541845694,0.12427772877533629,-6.293434974218335
3,2470.0,-0.16674419022504214,0.12427789662442194,-6.293432178711463
3,2471.0,-0.16674416511369092,0.12427806392673221,-6.293429392310511
3,2472.0,-0.16674414008440325,0.12427823068226712,-6.293426615015482
3,2473.0,-0.16674411513717913,0.12427839689102664,-6.293423846826372
3,2474.0,-0.16674409027201853,0.12427856255301079,-6.293421087743181
3,2475.0,-0.1667440654889215,0.12427872766821954,-6.29341833776591
3,2476.0,-0.16674404078788807,0.12427889223665294,-6.293415596894561
3,2477.0,-0.16674401616891815,0.12427905625831094,-6.293412865129131
3,2478.0,-0.16674399163201178,0.12427921973319357,-6.293410142469621
3,2479.0,-0.16674396717716897,0.12427938266130083,-6.293407428916033
3,2480.0,-0.16674394280438973,0.12427954504263271,-6.293404724468366
3,2481.0,-0.166743918513674,0.12427970687718921,-6.2934020291266135
3,2482.0,-0.16674389430502187,0.12427986816497033,-6.293399342890789
3,2483.0,-0.16674387017843326,0.12428002890597609,-6.293396665760878
3,2484.0,-0.16674384618143523,0.12428018878360113,-6.293394003010573
3,2485.0,-0.16674382235831253,0.12428034750286282,-6.293391359553792
3,2486.0,-0.1667437985966646,0.12428050581253974,-6.293388722918361
3,2487.0,-0.1667437748964914,0.1242806637126319,-6.293386093104272
3,2488.0,-0.16674375125779298,0.12428082120313927,-6.293383470111542
3,2489.0,-0.16674372768056928,0.12428097828406187,-6.293380853940156
3,2490.0,-0.16674370416482037,0.12428113495539969,-6.293378244590124
3,2491.0,-0.16674368071054618,0.12428129121715274,-6.2933756420614415
3,2492.0,-0.16674365731774676,0.12428144706932101,-6.293373046354106
3,2493.0,-0.1667436339864221,0.12428160251190451,-6.293370457468126
3,2494.0,-0.1667436107165722,0.12428175754490323,-6.293367875403491
3,2495.0,-0.16674358750819704,0.12428191216831717,-6.293365300160206
3,2496.0,-0.16674356436129664,0.12428206638214634,-6.293362731738272
3,2497.0,-0.166743541275871,0.12428222018639073,-6.293360170137689
3,2498.0,-0.1667435182519201,0.12428237358105035,-6.293357615358455
3,2499.0,-0.16674349528944396,0.12428252656612519,-6.293355067400571
3,2500.0,-0.16674347238844256,0.12428267914161527,-6.293352526264033
3,2501.0,-0.16674344954891593,0.12428283130752056,-6.293349991948849
3,2502.0,-0.16674342677086407,0.12428298306384107,-6.2933474644550165
3,2503.0,-0.16674340405428695,0.12428313441057681,-6.293344943782534
3,2504.0,-0.16674338139918457,0.12428328534772778,-6.293342429931397
3,2505.0,-0.16674335880555696,0.12428343587529397,-6.293339922901613
3,2506.0,-0.1667433362734041,0.12428358599327538,-6.293337422693178
3,2507.0,-0.16674331380272597,0.12428373570167203,-6.29333492930609
3,2508.0,-0.16674329139352262,0.12428388500048389,-6.293332442740356
3,2509.0,-0.16674326904579403,0.12428403388971097,-6.293329962995971
3,2510.0,-0.1667432467595402,0.12428418236935329,-6.293327490072937
3,2511.0,-0.1667432245347611,0.12428433043941083,-6.29332502397125
3,2512.0,-0.16674320237145676,0.12428447809988359,-6.293322564690916
3,2513.0,-0.16674318026962717,0.12428462535077157,-6.293320112231929
3,2514.0,-0.16674315822927235,0.12428477219207479,-6.293317666594294
3,2515.0,-0.16674313625039228,0.12428491862379322,-6.293315227778007
3,2516.0,-0.16674311433298694,0.12428506464592688,-6.293312795783069
3,2517.0,-0.16674309247705638,0.12428521025847576,-6.293310370609483
3,2518.0,-0.16674307068260055,0.12428535546143987,-6.293307952257247
3,2519.0,-0.1667430489496195,0.12428550025481921,-6.293305540726361
3,2520.0,-0.16674302727811322,0.12428564463861377,-6.293303136016825
3,2521.0,-0.16674300566808165,0.12428578861282355,-6.293300738128638
3,2522.0,-0.16674298411952485,0.12428593217744856,-6.293298347061802
3,2523.0,-0.16674296263244281,0.12428607533248878,-6.293295962816317
3,2524.0,-0.16674294120683553,0.12428621807794424,-6.293293585392178
3,2525.0,-0.16674291984270298,0.12428636041381493,-6.293291214789391
3,2526.0,-0.1667428985400452,0.12428650234010083,-6.293288851007955
3,2527.0,-0.1667428772988622,0.12428664385680196,-6.293286494047868
3,2528.0,-0.1667428561191539,0.12428678496391832,-6.293284143909128
3,2529.0,-0.1667428350009204,0.12428692566144989,-6.293281800591745
3,2530.0,-0.16674281394416163,0.1242870659493967,-6.293279464095706
3,2531.0,-0.16674279294887762,0.12428720582775872,-6.293277134421018
3,2532.0,-0.16674277201506837,0.12428734529653597,-6.293274811567681
3,2533.0,-0.16674275114273387,0.12428748435572845,-6.293272495535695
3,2534.0,-0.16674273033187412,0.12428762300533615,-6.293270186325055
3,2535.0,-0.16674270958248913,0.12428776124535908,-6.293267883935767
3,2536.0,-0.16674268889457888,0.12428789907579722,-6.29326558836783
3,2537.0,-0.1667426682681434,0.1242880364966506,-6.29326329962124
3,2538.0,-0.16674264770318267,0.12428817350791921,-6.293261017696002
3,2539.0,-0.16674262719969668,0.12428831010960302,-6.293258742592113
3,2540.0,-0.16674260675768546,0.12428844630170208,-6.293256474309574
3,2541.0,-0.166742586377149,0.12428858208421635,-6.293254212848388
3,2542.0,-0.1667425660580873,0.12428871745714584,-6.293251958208549
3,2543.0,-0.16674254580050032,0.12428885242049056,-6.293249710390061
3,2544.0,-0.16674252560438813,0.12428898697425052,-6.293247469392922
3,2545.0,-0.16674250546975067,0.12428912111842569,-6.293245235217133
3,2546.0,-0.16674248539658798,0.12428925485301608,-6.293243007862695
3,2547.0,-0.16674246538490003,0.1242893881780217,-6.293240787329605
3,2548.0,-0.16674244543468683,0.12428952109344255,-6.293238573617864
3,2549.0,-0.1667424255459484,0.12428965359927861,-6.293236366727476
3,2550.0,-0.1667424057186847,0.1242897856955299,-6.293234166658436
3,2551.0,-0.16674238595289578,0.12428991738219643,-6.293231973410747
3,2552.0,-0.1667423662485816,0.12429004865927816,-6.293229786984407
3,2553.0,-0.1667423466057422,0.12429017952677512,-6.293227607379417
3,2554.0,-0.16674232702437752,0.12429030998468732,-6.293225434595777
3,2555.0,-0.16674230750448762,0.12429044003301473,-6.293223268633488
3,2556.0,-0.16674228804607247,0.12429056967175738,-6.293221109492548
3,2557.0,-0.16674226864913205,0.12429069890091524,-6.293218957172956
3,2558.0,-0.1667422493136664,0.12429082772048833,-6.293216811674719
3,2559.0,-0.1667422300396755,0.12429095613047664,-6.293214672997826
3,2560.0,-0.16674221082715937,0.12429108413088018,-6.293212541142288
3,2561.0,-0.16674219167611798,0.12429121172169895,-6.293210416108096
3,2562.0,-0.16674217258655136,0.12429133890293294,-6.293208297895257
3,2563.0,-0.16674215355845948,0.12429146567458214,-6.293206186503767
3,2564.0,-0.16674213459184234,0.12429159203664658,-6.2932040819336255
3,2565.0,-0.16674211568669997,0.12429171798912624,-6.293201984184833
3,2566.0,-0.16674209684303234,0.12429184353202112,-6.293199893257392
3,2567.0,-0.1667420780608395,0.12429196866533124,-6.293197809151301
3,2568.0,-0.16674205934012137,0.12429209338905657,-6.293195731866559
3,2569.0,-0.16674204068087803,0.12429221770319714,-6.293193661403168
3,2570.0,-0.16674202208310943,0.12429234160775292,-6.293191597761129
3,2571.0,-0.16674200354681556,0.12429246510272392,-6.293189540940433
3,2572.0,-0.16674198507199647,0.12429258818811015,-6.293187490941093
3,2573.0,-0.16674196665865215,0.12429271086391161,-6.293185447763102
3,2574.0,-0.16674194830678257,0.12429283313012829,-6.293183411406461
3,2575.0,-0.16674193001638773,0.1242929549867602,-6.293181381871169
3,2576.0,-0.16674191178746767,0.12429307643380733,-6.293179359157228
3,2577.0,-0.16674189362002234,0.12429319747126968,-6.293177343264635
3,2578.0,-0.16674187551405176,0.12429331809914726,-6.293175334193392
3,2579.0,-0.16674185746955594,0.12429343831744007,-6.293173331943498
3,2580.0,-0.1667418394865349,0.12429355812614809,-6.293171336514959
3,2581.0,-0.1667418215649886,0.12429367752527135,-6.293169347907766
3,2582.0,-0.16674180370491704,0.12429379651480983,-6.293167366121923
3,2583.0,-0.16674178596859118,0.12429391467993899,-6.293165398067126
3,2584.0,-0.1667417683521313,0.12429403204652144,-6.293163443312877
3,2585.0,-0.16674175078049946,0.1242941491144369,-6.293161493532827
3,2586.0,-0.16674173325369565,0.12429426588368536,-6.293159548726975
3,2587.0,-0.16674171577171987,0.12429438235426683,-6.293157608895322
3,2588.0,-0.16674169833457214,0.12429449852618131,-6.293155674037871
3,2589.0,-0.16674168094225242,0.1242946143994288,-6.293153744154617
3,2590.0,-0.16674166359476073,0.1242947299740093,-6.293151819245565
3,2591.0,-0.16674164629209706,0.1242948452499228,-6.293149899310709
3,2592.0,-0.16674162903426146,0.12429496022716931,-6.293147984350056
3,2593.0,-0.16674161182125385,0.12429507490574883,-6.293146074363601
3,2594.0,-0.16674159465307428,0.12429518928566137,-6.2931441693513435
3,2595.0,-0.16674157752972277,0.1242953033669069,-6.293142269313289
3,2596.0,-0.16674156045119926,0.12429541714948544,-6.29314037424943
3,2597.0,-0.1667415434175038,0.124295530633397,-6.293138484159774
3,2598.0,-0.16674152642863635,0.12429564381864155,-6.293136599044313
3,2599.0,-0.16674150948459693,0.12429575670521913,-6.293134718903052
3,2600.0,-0.16674149258538556,0.1242958692931297,-6.293132843735994
3,2601.0,-0.1667414757310022,0.12429598158237329,-6.293130973543133
3,2602.0,-0.1667414589214469,0.12429609357294988,-6.293129108324474
3,2603.0,-0.16674144215671963,0.12429620526485949,-6.293127248080013
3,2604.0,-0.16674142543682036,0.12429631665810209,-6.293125392809748
3,2605.0,-0.16674140876174914,0.12429642775267771,-6.293123542513687
3,2606.0,-0.16674139213150593,0.12429653854858634,-6.293121697191823
3,2607.0,-0.16674137554609078,0.12429664904582798,-6.293119856844157
3,2608.0,-0.16674135900550366,0.12429675924440262,-6.293118021470695
3,2609.0,-0.16674134250974454,0.12429686914431026,-6.293116191071426
3,2610.0,-0.16674132605881348,0.12429697874555092,-6.293114365646361
3,2611.0,-0.16674130965271045,0.12429708804812459,-6.293112545195496
3,2612.0,-0.16674129329143544,0.12429719705203125,-6.29311072971883
3,2613.0,-0.16674127697498844,0.12429730575727094,-6.293108919216358
3,2614.0,-0.1667412607033695,0.12429741416384363,-6.293107113688091
3,2615.0,-0.1667412444765786,0.12429752227174932,-6.293105313134023
3,2616.0,-0.1667412282946157,0.12429763008098803,-6.293103517554153
3,2617.0,-0.16674121215748086,0.12429773759155975,-6.293101726948483
3,2618.0,-0.166741196065174,0.12429784480346447,-6.293099941317011
3,2619.0,-0.16674118001769522,0.1242979517167022,-6.293098160659737
3,2620.0,-0.16674116401504446,0.12429805833127293,-6.293096384976668
3,2621.0,-0.16674114805722173,0.12429816464717668,-6.293094614267795
3,2622.0,-0.16674113214422703,0.12429827066441343,-6.29309284853312
3,2623.0,-0.16674111627606036,0.1242983763829832,-6.293091087772647
3,2624.0,-0.16674110045272172,0.12429848180288597,-6.293089331986371
3,2625.0,-0.16674108467421112,0.12429858692412174,-6.293087581174294
3,2626.0,-0.16674106894052854,0.12429869174669053,-6.293085835336418
3,2627.0,-0.16674105325167402,0.12429879627059233,-6.293084094472745
3,2628.0,-0.1667410376076475,0.12429890049582713,-6.293082358583269
3,2629.0,-0.166741022008449,0.12429900442239494,-6.293080627667989
3,2630.0,-0.16674100645407855,0.12429910805029576,-6.293078901726912
3,2631.0,-0.16674099094453612,0.12429921137952958,-6.29307718076003
3,2632.0,-0.16674097547982172,0.12429931441009641,-6.29307546476735
3,2633.0,-0.16674096005993538,0.12429941714199626,-6.293073753748872
3,2634.0,-0.16674094468487705,0.12429951957522911,-6.293072047704592
3,2635.0,-0.16674092935464674,0.12429962170979497,-6.293070346634509
3,2636.0,-0.16674091406924446,0.12429972354569384,-6.293068650538626
3,2637.0,-0.16674089882867024,0.12429982508292571,-6.293066959416946
3,2638.0,-0.16674088363292403,0.12429992632149059,-6.293065273269462
3,2639.0,-0.16674086848200584,0.12430002726138847,-6.293063592096174
3,2640.0,-0.1667408533759157,0.12430012790261938,-6.293061915897092
3,2641.0,-0.16674083831465358,0.12430022824518329,-6.293060244672204
3,2642.0,-0.16674082329821951,0.1243003282890802,-6.293058578421522
3,2643.0,-0.16674080832661345,0.12430042803431013,-6.293056917145034
3,2644.0,-0.16674079339983544,0.12430052748087306,-6.293055260842749
3,2645.0,-0.16674077851788544,0.12430062662876899,-6.2930536095146605
3,2646.0,-0.1667407636807635,0.12430072547799793,-6.29305196316077
3,2647.0,-0.16674074888846954,0.1243008240285599,-6.293050321781081
3,2648.0,-0.16674073414100365,0.12430092228045486,-6.2930486853755925
3,2649.0,-0.16674071943836577,0.12430102023368284,-6.2930470539443
3,2650.0,-0.16674070478055594,0.12430111788824381,-6.29304542748721
3,2651.0,-0.16674069016757412,0.1243012152441378,-6.2930438060043175
3,2652.0,-0.16674067559942035,0.12430131230136479,-6.293042189495627
3,2653.0,-0.16674066107609462,0.12430140905992479,-6.293040577961135
3,2654.0,-0.1667406465975969,0.1243015055198178,-6.293038971400842
3,2655.0,-0.1667406321639272,0.12430160168104383,-6.293037369814745
3,2656.0,-0.16674061777508556,0.12430169754360285,-6.293035773202852
3,2657.0,-0.16674060343107194,0.12430179310749488,-6.293034181565158
3,2658.0,-0.16674058913188636,0.12430188837271992,-6.2930325949016614
3,2659.0,-0.16674057487752877,0.12430198333927799,-6.293031013212365
3,2660.0,-0.16674056066799925,0.12430207800716904,-6.2930294364972665
3,2661.0,-0.16674054650329775,0.12430217237639311,-6.293027864756368
3,2662.0,-0.1667405323834243,0.12430226644695018,-6.2930262979896705
3,2663.0,-0.16674051830837885,0.12430236021884027,-6.293024736197173
3,2664.0,-0.16674050427816145,0.12430245369206336,-6.293023179378872
3,2665.0,-0.16674049029277208,0.12430254686661946,-6.293021627534772
3,2666.0,-0.16674047635221073,0.12430263974250856,-6.2930200806648715
3,2667.0,-0.16674046245647742,0.12430273231973069,-6.29301853876917
3,2668.0,-0.16674044860557213,0.1243028245982858,-6.2930170018476685
3,2669.0,-0.16674043479949488,0.12430291657817394,-6.293015469900364
3,2670.0,-0.16674042103824566,0.12430300825939508,-6.293013942927263
3,2671.0,-0.16674040732182446,0.12430309964194923,-6.293012420928358
3,2672.0,-0.1667403936502313,0.12430319072583638,-6.293010903903652
3,2673.0,-0.16674038002346617,0.12430328151105655,-6.293009391853146
3,2674.0,-0.16674036644152906,0.12430337199760971,-6.29300788477684
3,2675.0,-0.16674035290442002,0.1243034621854959,-6.2930063826747356
3,2676.0,-0.16674033941213898,0.12430355207471508,-6.293004885546828
3,2677.0,-0.16674032596468596,0.12430364166526728,-6.293003393393121
3,2678.0,-0.16674031256206098,0.12430373095715248,-6.293001906213611
3,2679.0,-0.16674029920426403,0.1243038199503707,-6.293000424008301
3,2680.0,-0.16674028589129514,0.12430390864492191,-6.2929989467771925
3,2681.0,-0.16674027262315425,0.12430399704080615,-6.292997474520283
3,2682.0,-0.16674025939984138,0.12430408513802338,-6.29299600723757
3,2683.0,-0.16674024622135658,0.12430417293657363,-6.292994544929061
3,2684.0,-0.16674023308769978,0.12430426043645688,-6.292993087594748
3,2685.0,-0.16674021999887104,0.12430434763767313,-6.292991635234637
3,2686.0,-0.1667402069548703,0.12430443454022241,-6.292990187848724
3,2687.0,-0.16674019395569759,0.12430452114410469,-6.292988745437008
3,2688.0,-0.16674018100135293,0.12430460744931997,-6.2929873079994945
3,2689.0,-0.16674016809183628,0.12430469345586827,-6.292985875536178
3,2690.0,-0.1667401552271477,0.12430477916374956,-6.292984448047063
3,2691.0,-0.16674014241701574,0.12430486450815492,-6.292983026611651
3,2692.0,-0.16674012975239083,0.12430494888320925,-6.2929816213219665
3,2693.0,-0.16674011711941983,0.12430503304737285,-6.2929802195446545
3,2694.0,-0.16674010451810276,0.12430511700064571,-6.29297882127972
3,2695.0,-0.16674009194843958,0.12430520074302784,-6.29297742652716
3,2696.0,-0.16674007941043034,0.12430528427451924,-6.292976035286977
3,2697.0,-0.16674006690407503,0.1243053675951199,-6.292974647559172
3,2698.0,-0.16674005442937362,0.12430545070482982,-6.2929732633437405
3,2699.0,-0.1667400419863261,0.12430553360364902,-6.292971882640684
3,2700.0,-0.16674002957493253,0.12430561629157746,-6.292970505450004
3,2701.0,-0.16674001719519285,0.12430569876861519,-6.292969131771698
3,2702.0,-0.1667400048471071,0.12430578103476217,-6.29296776160577
3,2703.0,-0.16673999253067529,0.12430586309001843,-6.292966394952218
3,2704.0,-0.16673998024589737,0.12430594493438395,-6.292965031811042
3,2705.0,-0.16673996799277335,0.12430602656785873,-6.292963672182241
3,2706.0,-0.16673995577130327,0.12430610799044277,-6.292962316065814
3,2707.0,-0.16673994358148708,0.12430618920213608,-6.292960963461763
3,2708.0,-0.16673993142332483,0.12430627020293866,-6.292959614370086
3,2709.0,-0.16673991929681647,0.1243063509928505,-6.292958268790789
3,2710.0,-0.16673990720196205,0.12430643157187161,-6.292956926723865
3,2711.0,-0.16673989513876156,0.124306511940002,-6.2929555881693195
3,2712.0,-0.16673988310721496,0.12430659209724164,-6.292954253127148
3,2713.0,-0.16673987110732227,0.12430667204359054,-6.292952921597353
3,2714.0,-0.1667398591390835,0.12430675177904871,-6.292951593579932
3,2715.0,-0.16673984720249865,0.12430683130361615,-6.292950269074887
3,2716.0,-0.16673983529756772,0.12430691061729285,-6.29294894808222
3,2717.0,-0.1667398234242907,0.12430698972007882,-6.292947630601926
3,2718.0,-0.1667398115826676,0.12430706861197405,-6.292946316634008
3,2719.0,-0.16673979977269843,0.12430714729297855,-6.292945006178471
3,2720.0,-0.16673978799438313,0.12430722576309232,-6.292943699235302
3,2721.0,-0.1667397762477218,0.12430730402231534,-6.292942395804513
3,2722.0,-0.16673976453271436,0.12430738207064763,-6.292941095886099
3,2723.0,-0.16673975284936082,0.1243074599080892,-6.292939799480059
3,2724.0,-0.16673974119766122,0.12430753753464002,-6.292938506586396
3,2725.0,-0.16673972957761551,0.12430761495030011,-6.2929372172051075
3,2726.0,-0.16673971798922374,0.12430769215506947,-6.292935931336197
3,2727.0,-0.16673970643248587,0.12430776914894809,-6.292934648979662
3,2728.0,-0.16673969490740193,0.12430784593193597,-6.2929333701355
3,2729.0,-0.16673968341397188,0.12430792250403312,-6.292932094803716
3,2730.0,-0.16673967195219577,0.12430799886523955,-6.2929308229843075
3,2731.0,-0.1667396605220736,0.12430807501555523,-6.292929554677275
3,2732.0,-0.16673964912360528,0.12430815095498017,-6.292928289882616
3,2733.0,-0.16673963775679093,0.12430822668351439,-6.292927028600337
3,2734.0,-0.16673962642163048,0.12430830220115786,-6.292925770830432
3,2735.0,-0.16673961511812393,0.12430837750791061,-6.292924516572903
3,2736.0,-0.16673960384627132,0.12430845260377263,-6.2929232658277465
3,2737.0,-0.1667395926060726,0.1243085274887439,-6.292922018594969
3,2738.0,-0.16673958139752781,0.12430860216282444,-6.292920774874565
3,2739.0,-0.16673957022063693,0.12430867662601425,-6.292919534666538
3,2740.0,-0.16673955907539997,0.12430875087831332,-6.292918297970887
3,2741.0,-0.16673954796181692,0.12430882491972166,-6.29291706478761
3,2742.0,-0.1667395368798878,0.12430889875023926,-6.292915835116712
3,2743.0,-0.16673952582961257,0.12430897236986613,-6.292914608958187
3,2744.0,-0.16673951481099128,0.12430904577860226,-6.292913386312039
3,2745.0,-0.1667395038240239,0.12430911897644766,-6.292912167178266
3,2746.0,-0.16673949286871043,0.12430919196340233,-6.292910951556868
3,2747.0,-0.16673948194505087,0.12430926473946625,-6.292909739447846
3,2748.0,-0.16673947105304524,0.12430933730463944,-6.2929085308512
3,2749.0,-0.1667394601926935,0.12430940965892191,-6.292907325766929
3,2750.0,-0.1667394493639957,0.12430948180231363,-6.292906124195038
3,2751.0,-0.1667394385669518,0.12430955373481463,-6.292904926135517
3,2752.0,-0.16673942780156184,0.12430962545642488,-6.2929037315883765
3,2753.0,-0.16673941706782577,0.1243096969671444,-6.292902540553606
3,2754.0,-0.16673940636574364,0.1243097682669732,-6.292901353031217
3,2755.0,-0.1667393956953154,0.12430983935591124,-6.2929001690212
3,2756.0,-0.1667393850565411,0.12430991023395856,-6.292898988523561
3,2757.0,-0.1667393744494207,0.12430998090111514,-6.292897811538296
3,2758.0,-0.16673936387395422,0.12431005135738099,-6.29289663806541
3,2759.0,-0.16673935333014164,0.1243101216027561,-6.292895468104896
3,2760.0,-0.166739342817983,0.12431019163724048,-6.2928943016567604
3,2761.0,-0.16673933233747826,0.12431026146083413,-6.292893138720997
3,2762.0,-0.16673932188862745,0.12431033107353705,-6.292891979297612
3,2763.0,-0.16673931147143053,0.12431040047534922,-6.292890823386602
3,2764.0,-0.16673930108588755,0.12431046966627066,-6.292889670987969
3,2765.0,-0.16673929073199847,0.12431053864630137,-6.292888522101711
3,2766.0,-0.16673928040976332,0.12431060741544134,-6.292887376727827
3,2767.0,-0.16673927011918208,0.12431067597369058,-6.29288623486632
3,2768.0,-0.16673925986025476,0.12431074432104908,-6.292885096517188
3,2769.0,-0.16673924963298134,0.12431081245751685,-6.292883961680432
3,2770.0,-0.16673923943736185,0.12431088038309389,-6.292882830356054
3,2771.0,-0.16673922927339627,0.12431094809778018,-6.292881702544048
3,2772.0,-0.1667392191410846,0.12431101560157574,-6.292880578244421
3,2773.0,-0.16673920904042686,0.12431108289448058,-6.292879457457168
3,2774.0,-0.16673919897142303,0.12431114997649467,-6.292878340182291
3,2775.0,-0.1667391889340731,0.12431121684761803,-6.292877226419789
3,2776.0,-0.1667391789283771,0.12431128350785066,-6.292876116169666
3,2777.0,-0.16673916895433502,0.12431134995719255,-6.292875009431914
3,2778.0,-0.16673915901194686,0.1243114161956437,-6.292873906206542
3,2779.0,-0.1667391491012126,0.12431148222320412,-6.292872806493542
3,2780.0,-0.16673913922213224,0.12431154803987382,-6.292871710292918
3,2781.0,-0.16673912937470584,0.12431161364565277,-6.292870617604674
3,2782.0,-0.1667391195589333,0.12431167904054098,-6.292869528428801
3,2783.0,-0.16673910977481474,0.12431174422453847,-6.292868442765308
3,2784.0,-0.16673910002235004,0.12431180919764521,-6.292867360614185
3,2785.0,-0.16673909030153927,0.12431187395986124,-6.292866281975441
3,2786.0,-0.16673908061238243,0.12431193851118652,-6.292865206849074
3,2787.0,-0.1667390709548795,0.12431200285162106,-6.292864135235079
3,2788.0,-0.1667390613290305,0.12431206698116487,-6.292863067133463
3,2789.0,-0.1667390517348354,0.12431213089981795,-6.292862002544222
3,2790.0,-0.1667390421722942,0.12431219460758029,-6.292860941467356
3,2791.0,-0.16673903264140694,0.1243122581044519,-6.292859883902866
3,2792.0,-0.1667390231421736,0.12431232139043277,-6.292858829850756
3,2793.0,-0.16673901367459415,0.12431238446552291,-6.292857779311015
3,2794.0,-0.1667390042386686,0.12431244732972231,-6.292856732283651
3,2795.0,-0.16673899483439703,0.12431250998303098,-6.292855688768667
3,2796.0,-0.16673898546177932,0.12431257242544892,-6.292854648766054
3,2797.0,-0.16673897612081554,0.12431263465697612,-6.2928536122758185
3,2798.0,-0.16673896681150568,0.12431269667761258,-6.292852579297961
3,2799.0,-0.16673895753384974,0.12431275848735832,-6.292851549832475
3,2800.0,-0.16673894828784772,0.1243128200862133,-6.292850523879368
3,2801.0,-0.1667389390734996,0.12431288147417757,-6.292849501438634
3,2802.0,-0.1667389298908054,0.12431294265125109,-6.292848482510279
3,2803.0,-0.16673892073976512,0.12431300361743389,-6.292847467094298
3,2804.0,-0.16673891162037874,0.12431306437272595,-6.29284645519069
3,2805.0,-0.16673890253264628,0.12431312491712727,-6.292845446799461
3,2806.0,-0.16673889347656776,0.12431318525063785,-6.292844441920608
3,2807.0,-0.16673888445214313,0.1243132453732577,-6.292843440554129
3,2808.0,-0.16673887545937244,0.12431330528498682,-6.292842442700026
3,2809.0,-0.16673886649825564,0.12431336498582521,-6.2928414483583
3,2810.0,-0.16673885756879275,0.12431342447577286,-6.292840457528946
3,2811.0,-0.16673884869371416,0.12431348360340622,-6.292839472734174
3,2812.0,-0.16673883992016617,0.12431354205465443,-6.292838499205421
3,2813.0,-0.16673883116811297,0.12431360036269792,-6.292837528061768
3,2814.0,-0.16673882243755456,0.12431365852753669,-6.292836559303216
3,2815.0,-0.16673881372849092,0.12431371654917073,-6.2928355929297615
3,2816.0,-0.16673880504092206,0.12431377442760004,-6.292834628941407
3,2817.0,-0.16673879637484798,0.12431383216282461,-6.292833667338154
3,2818.0,-0.1667387877302687,0.12431388975484448,-6.292832708120003
3,2819.0,-0.1667387791071842,0.1243139472036596,-6.292831751286953
3,2820.0,-0.16673877050559452,0.12431400450926999,-6.292830796839002
3,2821.0,-0.16673876192549958,0.12431406167167566,-6.292829844776149
3,2822.0,-0.16673875336689944,0.12431411869087661,-6.292828895098398
3,2823.0,-0.16673874482979412,0.12431417556687283,-6.2928279478057485
3,2824.0,-0.16673873631418354,0.12431423229966432,-6.292827002898196
3,2825.0,-0.16673872782006777,0.12431428888925108,-6.292826060375748
3,2826.0,-0.16673871934744677,0.12431434533563311,-6.292825120238399
3,2827.0,-0.16673871089632056,0.12431440163881043,-6.292824182486148
3,2828.0,-0.16673870246668912,0.124314457798783,-6.292823247118998
3,2829.0,-0.1667386940585525,0.12431451381555085,-6.2928223141369495
3,2830.0,-0.16673868567191064,0.12431456968911397,-6.292821383540001
3,2831.0,-0.1667386773067636,0.12431462541947237,-6.292820455328154
3,2832.0,-0.1667386689631113,0.12431468100662603,-6.292819529501407
3,2833.0,-0.1667386606409538,0.12431473645057498,-6.292818606059756
3,2834.0,-0.1667386523402911,0.12431479175131918,-6.292817685003209
3,2835.0,-0.16673864406112318,0.12431484690885868,-6.292816766331764
3,2836.0,-0.16673863580345002,0.12431490192319343,-6.292815850045415
3,2837.0,-0.16673862756727167,0.12431495679432346,-6.292814936144168
3,2838.0,-0.16673861935258813,0.12431501152224876,-6.292814024628024
3,2839.0,-0.16673861115939934,0.12431506610696934,-6.292813115496976
3,2840.0,-0.16673860298770535,0.12431512054848519,-6.292812208751032
3,2841.0,-0.16673859483750614,0.1243151748467963,-6.292811304390187
3,2842.0,-0.1667385867088017,0.1243152290019027,-6.29281040241444
3,2843.0,-0.16673857860159208,0.12431528301380436,-6.292809502823797
3,2844.0,-0.16673857051587723,0.12431533688250129,-6.292808605618252
3,2845.0,-0.16673856245165716,0.1243153906079935,-6.292807710797808
3,2846.0,-0.16673855440893187,0.12431544419028098,-6.292806818362465
3,2847.0,-0.1667385463877014,0.12431549762936374,-6.29280592831222
3,2848.0,-0.16673853838796568,0.12431555092524177,-6.292805040647079
3,2849.0,-0.16673853040972475,0.12431560407791506,-6.292804155367035
3,2850.0,-0.1667385224529786,0.12431565708738364,-6.292803272472093
3,2851.0,-0.16673851451772725,0.12431570995364748,-6.2928023919622476
3,2852.0,-0.1667385066039707,0.12431576267670659,-6.292801513837507
3,2853.0,-0.1667384987117089,0.12431581525656098,-6.292800638097865
3,2854.0,-0.16673849084094192,0.12431586769321064,-6.292799764743323
3,2855.0,-0.16673848299166968,0.12431591998665557,-6.29279889377388
3,2856.0,-0.16673847516389226,0.12431597213689578,-6.292798025189539
3,2857.0,-0.16673846735760964,0.12431602414393125,-6.292797158990301
3,2858.0,-0.16673845957282177,0.124316076007762,-6.292796295176157
3,2859.0,-0.1667384518095287,0.12431612772838803,-6.292795433747119
3,2860.0,-0.16673844406773042,0.12431617930580932,-6.292794574703179
3,2861.0,-0.16673843634742694,0.12431623074002589,-6.29279371804434
3,2862.0,-0.1667384286486182,0.12431628203103773,-6.292792863770599
3,2863.0,-0.16673842097130429,0.12431633317884484,-6.292792011881958
3,2864.0,-0.16673841331548517,0.12431638418344722,-6.292791162378425
3,2865.0,-0.1667384056811608,0.12431643504484488,-6.2927903152599844
3,2866.0,-0.16673839806833124,0.1243164857630378,-6.292789470526647
3,2867.0,-0.16673839047699646,0.12431653633802602,-6.29278862817841
3,2868.0,-0.16673838290715645,0.12431658676980949,-6.2927877882152705
3,2869.0,-0.16673837535881125,0.12431663705838823,-6.292786950637234
3,2870.0,-0.1667383678319608,0.12431668720376225,-6.292786115444295
3,2871.0,-0.1667383603266052,0.12431673720593153,-6.292785282636464
3,2872.0,-0.16673835284274433,0.1243167870648961,-6.292784452213725
3,2873.0,-0.16673834538037827,0.12431683678065594,-6.2927836241760895
3,2874.0,-0.16673833793950696,0.12431688635321105,-6.292782798523552
3,2875.0,-0.16673833052013048,0.12431693578256142,-6.292781975256119
3,2876.0,-0.16673832312224876,0.12431698506870707,-6.292781154373782
3,2877.0,-0.16673831574586184,0.124317034211648,-6.292780335876548
3,2878.0,-0.1667383083909697,0.1243170832113842,-6.292779519764412
3,2879.0,-0.16673830105757234,0.12431713206791567,-6.292778706037378
3,2880.0,-0.16673829374566976,0.12431718078124242,-6.292777894695443
3,2881.0,-0.16673828645526198,0.12431722935136442,-6.292777085738608
3,2882.0,-0.16673827918634898,0.1243172777782817,-6.292776279166876
3,2883.0,-0.1667382719389308,0.12431732606199428,-6.292775474980244
3,2884.0,-0.16673826471300734,0.1243173742025021,-6.292774673178709
3,2885.0,-0.1667382575085787,0.12431742219980521,-6.292773873762278
3,2886.0,-0.16673825032564485,0.12431747005390359,-6.292773076730946
3,2887.0,-0.16673824316420577,0.12431751776479723,-6.292772282084714
3,2888.0,-0.1667382360242615,0.12431756533248615,-6.292771489823582
3,2889.0,-0.166738228905812,0.12431761275697034,-6.292770699947551
3,2890.0,-0.16673822180885728,0.12431766003824982,-6.29276991245662
3,2891.0,-0.16673821473339737,0.12431770717632455,-6.292769127350789
3,2892.0,-0.1667382076794322,0.12431775417119456,-6.292768344630057
3,2893.0,-0.16673820064696185,0.12431780102285984,-6.292767564294427
3,2894.0,-0.1667381936359863,0.1243178477313204,-6.2927667863439
3,2895.0,-0.1667381866465055,0.12431789429657623,-6.292766010778467
3,2896.0,-0.1667381796785195,0.12431794071862733,-6.29276523759814
3,2897.0,-0.1667381727320283,0.1243179869974737,-6.292764466802911
3,2898.0,-0.16673816580703185,0.12431803313311535,-6.29276369839278
3,2899.0,-0.16673815890353022,0.12431807912555226,-6.292762932367753
3,2900.0,-0.16673815202152337,0.12431812497478445,-6.292762168727825
3,2901.0,-0.1667381451610113,0.12431817068081191,-6.292761407472998
3,2902.0,-0.16673813832199402,0.12431821624363465,-6.292760648603272
3,2903.0,-0.1667381315044715,0.12431826166325266,-6.292759892118641
3,2904.0,-0.1667381247084438,0.12431830693966593,-6.292759138019114
3,2905.0,-0.16673811793391086,0.12431835207287449,-6.292758386304686
3,2906.0,-0.16673811118087273,0.12431839706287831,-6.292757636975361
3,2907.0,-0.16673810444932938,0.1243184419096774,-6.2927568900311375
3,2908.0,-0.1667380977392808,0.12431848661327179,-6.292756145472011
3,2909.0,-0.166738091050727,0.12431853117366141,-6.292755403297985
3,2910.0,-0.16673808438366802,0.12431857559084633,-6.292754663509061
3,2911.0,-0.16673807773810378,0.12431861986482652,-6.292753926105234
3,2912.0,-0.16673807111403438,0.12431866399560199,-6.29275319108651
3,2913.0,-0.16673806451145973,0.12431870798317271,-6.292752458452885
3,2914.0,-0.16673805793037988,0.12431875182753871,-6.292751728204362
3,2915.0,-0.16673805137079478,0.12431879552869998,-6.292751000340938
3,2916.0,-0.16673804483270452,0.12431883908665654,-6.292750274862615
3,2917.0,-0.166738038316109,0.12431888250140835,-6.292749551769391
3,2918.0,-0.1667380318210083,0.12431892577295545,-6.292748831061269
3,2919.0,-0.16673802534740237,0.12431896890129782,-6.292748112738245
3,2920.0,-0.16673801889529122,0.12431901188643545,-6.292747396800323
3,2921.0,-0.16673801246467487,0.12431905472836836,-6.292746683247501
3,2922.0,-0.16673800605555328,0.12431909742709654,-6.292745972079779
3,2923.0,-0.1667379996679265,0.12431913998262,-6.2927452632971566
3,2924.0,-0.1667379933017945,0.12431918239493872,-6.292744556899637
3,2925.0,-0.16673798695715727,0.12431922466405272,-6.292743852887214
3,2926.0,-0.16673798063401485,0.124319266789962,-6.292743151259893
3,2927.0,-0.1667379743323672,0.12431930877266655,-6.292742452017675
3,2928.0,-0.16673796805221436,0.12431935061216635,-6.292741755160553
3,2929.0,-0.16673796179355627,0.12431939230846145,-6.292741060688534
3,2930.0,-0.16673795555639298,0.12431943386155181,-6.292740368601614
3,2931.0,-0.1667379493407245,0.12431947527143744,-6.292739678899797
3,2932.0,-0.16673794314655077,0.12431951653811835,-6.292738991583076
3,2933.0,-0.16673793697387185,0.12431955766159453,-6.292738306651461
3,2934.0,-0.1667379308226877,0.12431959864186598,-6.29273762410494
3,2935.0,-0.16673792469299833,0.1243196394789327,-6.292736943943523
3,2936.0,-0.16673791858480377,0.1243196801727947,-6.292736266167208
3,2937.0,-0.166737912498104,0.12431972072345196,-6.292735590775988
3,2938.0,-0.16673790643289899,0.12431976113090451,-6.292734917769872
3,2939.0,-0.16673790038918876,0.12431980139515232,-6.292734247148855
3,2940.0,-0.16673789436697334,0.1243198415161954,-6.292733578912939
3,2941.0,-0.1667378883662527,0.12431988149403377,-6.292732913062123
3,2942.0,-0.16673788238702683,0.12431992132866738,-6.292732249596406
3,2943.0,-0.16673787642929574,0.12431996102009629,-6.292731588515788
3,2944.0,-0.16673787049305946,0.12432000056832046,-6.292730929820273
3,2945.0,-0.16673786460772838,0.1243200397774139,-6.292730276773294
3,2946.0,-0.16673785879065572,0.12432007853177662,-6.29272963130039
3,2947.0,-0.16673785298748983,0.12432011719348898,-6.292728987370605
3,2948.0,-0.16673784719823076,0.12432015576255101,-6.292728344983949
3,2949.0,-0.16673784142287848,0.12432019423896269,-6.292727704140413
3,2950.0,-0.16673783566143302,0.12432023262272401,-6.2927270648400055
3,2951.0,-0.16673782991389433,0.124320270913835,-6.292726427082717
3,2952.0,-0.16673782418026245,0.12432030911229563,-6.292725790868554
3,2953.0,-0.16673781846053737,0.12432034721810592,-6.2927251561975135
3,2954.0,-0.1667378127547191,0.12432038523126586,-6.2927245230696
3,2955.0,-0.1667378070628076,0.12432042315177547,-6.292723891484804
3,2956.0,-0.16673780138480293,0.12432046097963471,-6.292723261443136
3,2957.0,-0.16673779572070507,0.12432049871484362,-6.292722632944591
3,2958.0,-0.16673779007051398,0.12432053635740217,-6.292722005989169
3,2959.0,-0.1667377844342297,0.12432057390731038,-6.2927213805768725
3,2960.0,-0.16673777881185223,0.12432061136456825,-6.2927207567076975
3,2961.0,-0.16673777320338154,0.12432064872917577,-6.2927201343816455
3,2962.0,-0.16673776760881764,0.12432068600113293,-6.292719513598716
3,2963.0,-0.16673776202816057,0.12432072318043975,-6.292718894358915
3,2964.0,-0.16673775646141029,0.12432076026709624,-6.292718276662234
3,2965.0,-0.1667377509085668,0.12432079726110236,-6.292717660508678
3,2966.0,-0.16673774536963012,0.12432083416245815,-6.292717045898246
3,2967.0,-0.16673773984460025,0.12432087097116358,-6.2927164328309395
3,2968.0,-0.16673773433347716,0.12432090768721868,-6.292715821306753
3,2969.0,-0.16673772883626087,0.12432094431062342,-6.292715211325689
3,2970.0,-0.1667377233529514,0.12432098084137781,-6.292714602887754
3,2971.0,-0.1667377178835487,0.12432101727948186,-6.292713995992937
3,2972.0,-0.1667377124280528,0.12432105362493558,-6.292713390641245
3,2973.0,-0.16673770698646373,0.12432108987773893,-6.292712786832679
3,2974.0,-0.16673770155878143,0.12432112603789194,-6.292712184567235
3,2975.0,-0.16673769614500594,0.12432116210539461,-6.292711583844915
3,2976.0,-0.16673769074513725,0.12432119808024693,-6.29271098466572
3,2977.0,-0.16673768535917538,0.12432123396244889,-6.292710387029649
3,2978.0,-0.16673767998712027,0.12432126975200052,-6.292709790936696
3,2979.0,-0.166737674628972,0.1243213054489018,-6.292709196386872
3,2980.0,-0.1667376692847305,0.12432134105315273,-6.292708603380169
3,2981.0,-0.16673766395439582,0.12432137656475331,-6.292708011916592
3,2982.0,-0.1667376586379679,0.12432141198370356,-6.292707421996136
3,2983.0,-0.16673765333544682,0.12432144731000344,-6.292706833618807
3,2984.0,-0.16673764804683255,0.124321482543653,-6.292706246784603
3,2985.0,-0.16673764277212505,0.12432151768465219,-6.2927056614935175
3,2986.0,-0.16673763751132437,0.12432155273300104,-6.292705077745558
3,2987.0,-0.16673763226443047,0.12432158768869954,-6.29270449554072
3,2988.0,-0.16673762703144338,0.12432162255174771,-6.292703914879008
3,2989.0,-0.16673762181236307,0.12432165732214552,-6.292703335760418
3,2990.0,-0.16673761660718958,0.12432169199989299,-6.292702758184954
3,2991.0,-0.1667376114159229,0.1243217265849901,-6.292702182152612
3,2992.0,-0.16673760623856299,0.12432176107743688,-6.292701607663393
3,2993.0,-0.1667376010751099,0.12432179547723331,-6.2927010347173
3,2994.0,-0.16673759592556361,0.12432182978437938,-6.292700463314329
3,2995.0,-0.16673759078992412,0.12432186399887511,-6.292699893454481
3,2996.0,-0.1667375856681914,0.1243218981207205,-6.292699325137758
3,2997.0,-0.16673758056036553,0.12432193214991553,-6.292698758364159
3,2998.0,-0.16673757546644644,0.12432196608646023,-6.292698193133684
3,2999.0,-0.16673757038643414,0.12432199993035457,-6.29269762944633
3,3000.0,-0.16673756532032863,0.12432203368159858,-6.292697067302102
4,0.0,0.17752770430072393,-0.04884515888788091,31.907599916481647
4,1.0,0.16938898787087972,-0.04684793394526385,31.004513221070663
4,2.0,0.1617147827132689,-0.04489110991324461,30.15296953658018
4,3.0,0.15446702789909472,-0.04297283459741856,29.348745553510792
4,4.0,0.147611641368973,-0.0410913639251347,28.588059464909577
4,5.0,0.1411179489503431,-0.0392450511467325,27.867507609109364
4,6.0,0.1349583612931425,-0.03743234711169018,27.18402862192686
4,7.0,0.12910835870886106,-0.035651815501327025,26.534901754376612
4,8.0,0.12354530021567361,-0.033902076369974124,25.91761472216497
4,9.0,0.11824888665293479,-0.032181843321082516,25.329915093711975
4,10.0,0.11320097668040591,-0.030489926650426782,24.769789873092815
4,11.0,0.10838448118358922,-0.0288251651989163,24.235342821254033
4,12.0,0.10378410838720194,-0.027186484548655555,23.72487713515228
4,13.0,0.0993859607615701,-0.02557287766788265,23.23685071975872
4,14.0,0.09517725153784257,-0.023983389979858476,22.769844732074425
4,15.0,0.09114622482365817,-0.02241711838794308,22.322554717020306
4,16.0,0.08728206654607784,-0.02087320850719004,21.893780725503827
4,17.0,0.08357482156310196,-0.01935085268233137,21.48241811696302
4,18.0,0.08001531978740548,-0.017849287261805197,21.087449361922513
4,19.0,0.0765950997848021,-0.01636779007996067,20.707935564340957
4,20.0,0.07330634289607105,-0.014905677490381904,20.34300915164972
4,21.0,0.07014180625754887,-0.01346230151677471,19.991866442596677
4,22.0,0.06709476194757531,-0.012037046508610035,19.65376089482573
4,23.0,0.06415893926061968,-0.010629325995445832,19.32799669950948
4,24.0,0.06132846828544158,-0.009238578942125245,19.01392252067988
4,25.0,0.05859783048993169,-0.007864266293690006,18.710926012032804
4,26.0,0.05596222812054488,-0.006505912715142361,18.418474806157278
4,27.0,0.05341699520850463,-0.005163044132249631,18.136051158718598
4,28.0,0.05095754773216577,-0.0038351866199421566,17.863146418383973
4,29.0,0.048579532168706425,-0.00252188059784105,17.599277510386955
4,30.0,0.04627960553420379,-0.0012227711605573423,17.344073491185064
4,31.0,0.04405398389452722,6.255679171440371e-5,17.09711448860324
4,32.0,0.04189886226185873,0.0013345267815691119,16.857978294311163
4,33.0,0.03981163164189558,0.0025934283944931366,16.62637540958217
4,34.0,0.03778910587764963,0.0038396306673609284,16.401952292674114
4,35.0,0.0358280492410602,0.005073510400761291,16.18434990134897
4,36.0,0.03392654102049323,0.006295291963896903,15.973355109969866
4,37.0,0.03208144229083021,0.007505356408916326,15.768619617728335
4,38.0,0.03029069127388551,0.008703950304397183,15.569914645987796
4,39.0,0.028552122502586343,0.009891345250432811,15.376999910605209
4,40.0,0.02686321653057712,0.011067855635311569,15.189595849256081
4,41.0,0.02522262045571253,0.01223365341776514,15.007552341471396
4,42.0,0.023627687829294884,0.013389081282563024,14.830575732517069
4,43.0,0.022077449293683882,0.014534263207183316,14.65855846071608
4,44.0,0.02056937414425771,0.015669537731220953,14.491219714506343
4,45.0,0.019102689280315815,0.01679500424071975,14.328473709235832
4,46.0,0.017675045788839872,0.017910986313057056,14.1700598052676
4,47.0,0.016285807183738572,0.019017566520508143,14.01590737695375
4,48.0,0.014932795464705977,0.02011505271505623,13.865774749441028
4,49.0,0.013615495541541879,0.02120351272335748,13.71960476738918
4,50.0,0.012331878871989912,0.022283239633807454,13.57717234008045
4,51.0,0.011081529251442504,0.023354289758402265,13.438431284698805
4,52.0,0.009862575142868748,0.02441693847592142,13.30317393211027
4,53.0,0.008674640838851626,0.02547123921688169,13.171358593140326
4,54.0,0.007516066145466998,0.026517439793363577,13.04280104966838
4,55.0,0.006386411260057112,0.027555606858265812,12.917452500396072
4,56.0,0.0052843326795189065,0.028585942586270164,12.795163867789109
4,57.0,0.004209175595582269,0.02960855104745381,12.675862493137497
4,58.0,0.003160065327226139,0.03062356246209707,12.559451320253126
4,59.0,0.002135986514596563,0.031631142217589364,12.445817682970137
4,60.0,0.0011365873828692967,0.03263133888382915,12.33492254771777
4,61.0,0.00016056341105933,0.033624366559954606,12.226621162488081
4,62.0,-0.0007922119576111008,0.03461024158000827,12.120899484312101
4,63.0,-0.001722973159974387,0.03558916624695044,12.017620537846199
4,64.0,-0.0026319361201061547,0.03656117629592214,11.916760363764412
4,65.0,-0.0035199854114129707,0.037526415118450965,11.818220808201634
4,66.0,-0.0043877106526559045,0.038484985794697155,11.721936445993702
4,67.0,-0.005235404937305459,0.03943693086366666,11.62787475495901
4,68.0,-0.0060640781923728794,0.04038242735085778,11.535923671769762
4,69.0,-0.006873774962763334,0.04132147942566037,11.446078253642709
4,70.0,-0.0076654320027986405,0.04225424879880418,11.358234556624012
4,71.0,-0.00843928787450497,0.04318077899375051,11.272366109439764
4,72.0,-0.009195798510846327,0.04410114432156795,11.18842232094364
4,73.0,-0.009935654789117856,0.045015471959988444,11.106326530141393
4,74.0,-0.010658902850986302,0.04592376583148009,11.026073617070224
4,75.0,-0.011366369292482177,0.04682617484848413,10.94757186113954
4,76.0,-0.012058196931899754,0.04772272611148094,10.870805414973091
4,77.0,-0.012734777244909425,0.0486134853057514,10.795730839722442
4,78.0,-0.013396696619313399,0.04949856430453748,10.722283068736468
4,79.0,-0.014043965812720093,0.05037796150193188,10.65046090833148
4,80.0,-0.01467726925873998,0.05125180316501717,10.580188412516138
4,81.0,-0.01529679509457314,0.05212012668521221,10.511444705246438
4,82.0,-0.015902708090659152,0.05298295671751472,10.44421150329639
4,83.0,-0.016495647299084423,0.053840417728628125,10.37841789629064
4,84.0,-0.01707559850127669,0.054692505545414584,10.314065461947692
4,85.0,-0.017643010824941956,0.05553930210249809,10.251104364244949
4,86.0,-0.018198216115427344,0.05638087422780263,10.189497781022496
4,87.0,-0.018741222151632014,0.057217219860657795,10.129244849119614
4,88.0,-0.019272579007207077,0.05804844460984271,10.07028453136906
4,89.0,-0.019792426584729735,0.058874577610279186,10.012601303927836
4,90.0,-0.020300834018106874,0.05969562722886504,9.956187495572586
4,91.0,-0.020798334621212316,0.06051169957652355,9.900983928831279
4,92.0,-0.021284971494369885,0.06132280400064319,9.84698582121403
4,93.0,-0.021760870908639363,0.06212895901271392,9.79417916145566
4,94.0,-0.02222650329057646,0.06293026128851953,9.742511750174693
4,95.0,-0.022681854918818137,0.06372670755427826,9.69198510991839
4,96.0,-0.02312712935531671,0.06451833272175549,9.642576653084348
4,97.0,-0.02356269031171266,0.06530521249551452,9.594246021571092
4,98.0,-0.023988520109882793,0.06608734255317707,9.54699517697515
4,99.0,-0.024404834778221047,0.06686476082912433,9.500800148395209
4,100.0,-0.024811947592240584,0.0676375330137358,9.455626174213704
4,101.0,-0.025209843858914907,0.0684056555397808,9.411474884795433
4,102.0,-0.025598702595329058,0.06916915876648161,9.368326416080855
4,103.0,-0.02597883281782472,0.06992810754290096,9.326146479057787
4,104.0,-0.02635023208637496,0.07068250129688217,9.284935344476025
4,105.0,-0.02671299243254867,0.07143235219882231,9.244682800346235
4,106.0,-0.02706746197585451,0.0721777328011912,9.205350218698094
4,107.0,-0.027413640716292483,0.07291864310398885,9.166937599531604
4,108.0,-0.02775155643746828,0.073655083657374,9.129441859927622
4,109.0,-0.028081556212400962,0.07438712406190989,9.092824488036213
4,110.0,-0.028403669649245383,0.07511477094480909,9.057082198482963
4,111.0,-0.028717882534520383,0.075838018571399,9.022216568421443
4,112.0,-0.029024483849127213,0.07655692114086828,8.988195532008183
4,113.0,-0.029323572174260383,0.07727149965506822,8.955008150495528
4,114.0,-0.02961513330993866,0.07798175068601848,8.922655999539089
4,115.0,-0.02989929824516769,0.07868769383518245,8.89112454436188
4,116.0,-0.030176294314391602,0.07938937508435943,8.8603885595228
4,117.0,-0.03044612151761039,0.08008679443354941,8.830448045021855
4,118.0,-0.03070877200248204,0.08077994672983935,8.801303872169113
4,119.0,-0.030964510691455532,0.08146887957464254,8.772926644690475
4,120.0,-0.031213397071924085,0.0821536052978675,8.745309761757198
4,121.0,-0.03145542773719126,0.08283412315370868,8.718453601382478
4,122.0,-0.031690654788840276,0.08351043612489338,8.69235238228041
4,123.0,-0.03191931994994192,0.08418258923787388,8.666979282421853
4,124.0,-0.03214142322049618,0.08485058249265016,8.642334301806812
4,125.0,-0.03235694586648583,0.08551441141384845,8.618419519195722
4,126.0,-0.032566030159343055,0.08617409464463216,8.595219147893147
4,127.0,-0.03276881802409194,0.08682965755057293,8.57271743964171
4,128.0,-0.032965309460732485,0.08748110013167072,8.550914394441419
4,129.0,-0.03315548481854233,0.08812841746290169,8.52981219277196
4,130.0,-0.03333950311279385,0.08877162911052305,8.50939319001111
4,131.0,-0.03351746641283862,0.08941075194750833,8.489646060359004
4,132.0,-0.03368937471867664,0.0900457859738575,8.47057080381564
4,133.0,-0.03385520942251661,0.09067672705867479,8.4521694851352
4,134.0,-0.03401510688565146,0.0913035881685685,8.434426973421983
4,135.0,-0.034169167426283384,0.09192638362042307,8.417332137186833
4,136.0,-0.034317391044412365,0.09254511341423849,8.400884976429749
4,137.0,-0.03445976511539459,0.09315977550271312,8.385086892004045
4,138.0,-0.034596368297946475,0.09377037233466391,8.369929155796278
4,139.0,-0.03472732972240098,0.09437691795989263,8.355397439271144
4,140.0,-0.03485264938875811,0.09497941237839926,8.341491742428646
4,141.0,-0.03497232729701785,0.0955778555901838,8.328212065268787
4,142.0,-0.03508636622077754,0.09617224300973234,8.315558100028184
4,143.0,-0.035194927410829295,0.09676258392120261,8.303511954027297
4,144.0,-0.0352980195090621,0.09734887914217065,8.292072668346492
4,145.0,-0.03539564251547594,0.09793112867263645,8.28124024298577
4,146.0,-0.035487782701191385,0.09850933053985071,8.271016201326427
4,147.0,-0.03557455158837451,0.09908348210192575,8.261388168667203
4,148.0,-0.03565600221801567,0.09965358455452886,8.252350259483876
4,149.0,-0.035732134590114845,0.10021963789766003,8.243902473776451
4,150.0,-0.03580294818936946,0.10078164214089472,8.236044868723829
4,151.0,-0.03586845484399924,0.10133959221115876,8.228776131845356
4,152.0,-0.035928773479757606,0.1018934811354839,8.222083066924334
4,153.0,-0.035983904096644544,0.10244330891387009,8.215965673960767
4,154.0,-0.03603384669466007,0.10298907554631735,8.210423952954653
4,155.0,-0.03607859181214673,0.10353078103579293,8.205458953788614
4,156.0,-0.03611822310247509,0.10406841035675717,8.201061394133351
4,157.0,-0.03615277796744388,0.10460195849176636,8.19722712381763
4,158.0,-0.0361822564070531,0.10513142544082052,8.193956142841444
4,159.0,-0.03620665842130275,0.10565681120391962,8.191248451204803
4,160.0,-0.036225991743686584,0.10617811086727194,8.189103190785248
4,161.0,-0.036240343942518495,0.10669530211850686,8.187510644844286
4,162.0,-0.036249715429129484,0.10720838486832812,8.186470767739884
4,163.0,-0.03625410620351955,0.1077173591167357,8.185983559472046
4,164.0,-0.036253509680414304,0.10822222660512357,8.186049750754725
4,165.0,-0.036247986560321,0.10872296239878057,8.186662606149849
4,166.0,-0.036237565506641374,0.10921955579609535,8.187818945114518
4,167.0,-0.03622224651937542,0.10971200679706788,8.189518767648737
4,168.0,-0.036202029598523144,0.1102003154016982,8.1917620737525
4,169.0,-0.03617692093687056,0.1106844770986795,8.194548176263071
4,170.0,-0.036146986090506955,0.11116445710155624,8.197869800958216
4,171.0,-0.03611222595535007,0.11164025495468041,8.201726848425281
4,172.0,-0.0360726405313999,0.11211187065805202,8.20611931866426
4,173.0,-0.036028225078400346,0.1125793073537347,8.211047737662552
4,174.0,-0.035979026386084856,0.1130425328356926,8.216506913546702
4,175.0,-0.03592506761109757,0.11350153131416306,8.222494276813592
4,176.0,-0.03586634875343849,0.11395630278914606,8.229009827463225
4,177.0,-0.03580286981310762,0.11440684726064161,8.236053565495599
4,178.0,-0.03573463628905971,0.11485316087068068,8.243624880736748
4,179.0,-0.03566170186007409,0.11529519934648194,8.25171781689223
4,180.0,-0.03558406773625924,0.11573296167096535,8.260332239686223
4,181.0,-0.03550173391761514,0.11616644784413091,8.269468149118723
4,182.0,-0.03541469650975425,0.11659566203820333,8.27912597731802
4,183.0,-0.03532299633884755,0.11702056750637091,8.28930119413834
4,184.0,-0.03522665461062162,0.11744114424513245,8.299991446553904
4,185.0,-0.03512567132507645,0.11785739225448794,8.311196734564716
4,186.0,-0.03502004648221205,0.11826931153443737,8.322917058170773
4,187.0,-0.03490978538150437,0.11867689906809432,8.335151829332643
4,188.0,-0.034794939512510954,0.11908010447562335,8.347895334675885
4,189.0,-0.034675510503188595,0.11947892607483698,8.361147393559476
4,190.0,-0.03455149835353728,0.11987336386573522,8.374908005983412
4,191.0,-0.03442289904159756,0.12026342263786681,8.389177618231592
4,192.0,-0.03428975453366433,0.12064906399289725,8.40395157364803
4,193.0,-0.03415208808003656,0.1210302649611217,8.4192272923375
4,194.0,-0.034009899680714245,0.12140702554254014,8.435004774299998
4,195.0,-0.03386318933569739,0.1217793457371526,8.451284019535528
4,196.0,-0.033711962339347604,0.1221472234856436,8.46806444057215
4,197.0,-0.03355627739871613,0.12251060617876723,8.485339523169273
4,198.0,-0.03339613694992674,0.12286949148418762,8.503108997010203
4,199.0,-0.03323154099297943,0.12322387940190477,8.521372862094934
4,200.0,-0.03306248444479047,0.12357377488126141,8.540131682451632
4,201.0,-0.03288901672512901,0.12391914093296225,8.559379974373327
4,202.0,-0.03271116760115463,0.12425995332850014,8.579114434842156
4,203.0,-0.032528937072867324,0.12459621206787508,8.599335063858115
4,204.0,-0.03234232514026709,0.12492791715108706,8.62004186142121
4,205.0,-0.0321513370221716,0.12525506750942095,8.641234248441986
4,206.0,-0.031956047704436406,0.1255776127239828,8.662903904354293
4,207.0,-0.03175646111754653,0.12589554997786928,8.685050393024396
4,208.0,-0.031552577261501964,0.12620887927108043,8.707673714452302
4,209.0,-0.03134438913339311,0.1265176052172588,8.730774645693522
4,210.0,-0.031131959018177793,0.12682169542128208,8.754346275496484
4,211.0,-0.030915328082920152,0.1271211266281537,8.778384035889292
4,212.0,-0.030694496327620193,0.12741589883787366,8.80288792687195
4,213.0,-0.030469463752277912,0.12770601205044196,8.827857948444452
4,214.0,-0.030240235197140627,0.12799146612432616,8.853293563524202
4,215.0,-0.03000691035579686,0.1282722177549427,8.879183709930306
4,216.0,-0.0297694956267389,0.12854826398914676,8.905527677674486
4,217.0,-0.029527991009966757,0.1288196048269383,8.932325466756742
4,218.0,-0.029282386852631848,0.12908624403021826,8.959578148274609
4,219.0,-0.029032762575395214,0.12934815699715568,8.987276909567894
4,220.0,-0.02877917584439895,0.1296053242287458,9.015415351897168
4,221.0,-0.02852162665964306,0.1298577457249886,9.043993475262432
4,222.0,-0.028260115021127543,0.13010542148588408,9.073011279663687
4,223.0,-0.027994644895790396,0.1303483521272922,9.102468324922317
4,224.0,-0.0277253479902428,0.13058650674946126,9.132349996634526
4,225.0,-0.02745223439103521,0.130819882819698,9.162655175578438
4,226.0,-0.027175304098167635,0.13104848033800243,9.193383861754048
4,227.0,-0.026894544274415053,0.13127230170669338,9.224537479603068
4,228.0,-0.02661005428638547,0.1314913331567099,9.256105003226946
4,229.0,-0.02632191327417884,0.13170556224254396,9.288077651097051
4,230.0,-0.026030121237795172,0.1319149889641955,9.320455423213387
4,231.0,-0.025734678177234457,0.1321196133216646,9.353238319575953
4,232.0,-0.025435586557841578,0.13231943640941085,9.386426066625619
4,233.0,-0.025133015630947005,0.1325144451406458,9.419999883928638
4,234.0,-0.024826980550545334,0.13270463817891323,9.453958089970357
4,235.0,-0.02451748131663657,0.13289001552421312,9.48830068475078
4,236.0,-0.024204501639612415,0.13307057775867578,9.523029475794301
4,237.0,-0.023888161850022304,0.13324632459921415,9.558131111005519
4,238.0,-0.023568566928173617,0.13341725435130325,9.593593941579652
4,239.0,-0.023245716874066357,0.13358336701494308,9.629417967516694
4,240.0,-0.02291961168770052,0.13374466259013368,9.66560318881665
4,241.0,-0.022590251650622,0.13390114227085093,9.702149574238678
4,242.0,-0.022257846591488512,0.13405281595054197,9.739033840815406
4,243.0,-0.021922418129375596,0.13419968447053332,9.776253589655107
4,244.0,-0.021583966264283255,0.134341747830825,9.81380882075778
4,245.0,-0.02124247131331025,0.1344790044259467,9.851701718173748
4,246.0,-0.0208980735348044,0.13461146946820898,9.889916718583056
4,247.0,-0.02055090691060669,0.13473915590362281,9.928438955118295
4,248.0,-0.020200971440717135,0.13486206373218823,9.967268427779466
4,249.0,-0.01984826712513573,0.13498019295390518,10.006405136566567
4,250.0,-0.01949279142467916,0.13509354440589932,10.045849363231971
4,251.0,-0.019134794600491976,0.13520215544203218,10.085573338346439
4,252.0,-0.018774305959583022,0.13530603022327278,10.125573809951259
4,253.0,-0.0184113255019523,0.1354051687496211,10.165850778046432
4,254.0,-0.018045830572030682,0.1354995670007845,10.206406756534884
4,255.0,-0.017677978163312277,0.1355892567965276,10.247224325134558
4,256.0,-0.017307932576520878,0.13567426950417427,10.288285252739978
4,257.0,-0.01693569381165649,0.13575460512372448,10.32958953935114
4,258.0,-0.01656126186871911,0.13583026365517825,10.371137184968042
4,259.0,-0.016184630905918155,0.1359012450832547,10.412928837806337
4,260.0,-0.01580608781422038,0.13596761752677364,10.454932663925458
4,261.0,-0.01542567040780174,0.1360293896865492,10.497144467396046
4,262.0,-0.015043378686662242,0.13608656156258142,10.5395642482181
4,263.0,-0.01465918779774724,0.1361391266727821,10.582194764131517
4,264.0,-0.014273266255212897,0.13618713345368255,10.625017316500738
4,265.0,-0.013885807575171475,0.13623063499073026,10.66801043242794
4,266.0,-0.013496811757622974,0.1362696312839252,10.71117411191312
4,267.0,-0.013106278802567393,0.13630412233326739,10.754508354956283
4,268.0,-0.012714199343454946,0.13633410678720898,10.798014200886726
4,269.0,-0.01232088931056459,0.1363596851951005,10.841656593509287
4,270.0,-0.011926395207860856,0.13638087197955986,10.885430372659943
4,271.0,-0.01153071703534375,0.13639766714058707,10.929335538338702
4,272.0,-0.011133828814056973,0.13641006189192584,10.973374973217535
4,273.0,-0.010735903756740632,0.13641812008269436,11.017529457297515
4,274.0,-0.01033716068255724,0.13642191891963934,11.061774710008601
4,275.0,-0.009937599591506795,0.13642145840276082,11.106110731350784
4,276.0,-0.0095372204835893,0.1364167385320588,11.150537521324068
4,277.0,-0.009136010584856701,0.13640775620550014,11.195056497348833
4,278.0,-0.008734303822208581,0.13639464407210744,11.239630606292335
4,279.0,-0.008332154742201817,0.13637742327890695,11.284253795569962
4,280.0,-0.007929563344836407,0.13635609382589864,11.328926065181719
4,281.0,-0.0075265037838878465,0.13633064498596428,11.373650283071418
4,282.0,-0.007123146221564144,0.13630115362484824,11.418407567732695
4,283.0,-0.006719727981255344,0.1362677221944192,11.463171585332946
4,284.0,-0.006316249062961447,0.13623035069467718,11.507942335872167
4,285.0,-0.005912709466682453,0.1361890391256222,11.552719819350365
4,286.0,-0.0055090935036280495,0.13614378234655888,11.597505776624086
4,287.0,-0.005105739441640078,0.13609474260529797,11.642262672881778
4,288.0,-0.0047027082871423905,0.13604194844919593,11.686983738740311
4,289.0,-0.004300000040134988,0.13598539987825267,11.731668974199685
4,290.0,-0.003897590284416845,0.13592508476715412,11.77632108852573
4,291.0,-0.003495638324068613,0.13586108958253032,11.820922405049515
4,292.0,-0.0030943906158398256,0.13579354157183107,11.865445576484367
4,293.0,-0.0026938471597304833,0.13572244073505635,11.909890602830272
4,294.0,-0.002294007955740585,0.13564778707220615,11.954257484087236
4,295.0,-0.0018948788396593293,0.13556958247253692,11.998545572705531
4,296.0,-0.001496754900217165,0.13548799752067284,12.042722125105911
4,297.0,-0.0010996872769857586,0.13540306228103677,12.086781466749002
4,298.0,-0.0007036759699651092,0.13531477675362868,12.130723597634805
4,299.0,-0.00030871043369106187,0.13522313713592235,12.174549687907101
4,300.0,8.493249321614783e-5,0.1351283145319844,12.21822901905187
4,301.0,0.00047719092921894154,0.1350303460363365,12.26175472458178
4,302.0,0.0008680648743173187,0.13492923164897863,12.305126804496831
4,303.0,0.0012575688050393487,0.13482496420445497,12.348346865138764
4,304.0,0.0016454441941207872,0.13471771714922653,12.391386219854738
4,305.0,0.002031617814454189,0.1346075381208651,12.434236743232473
4,306.0,0.002416089666039554,0.13449442711937062,12.476898435271968
4,307.0,0.002798877060611319,0.13437837402685698,12.51937321691458
4,308.0,0.003179743742135054,0.13425955128734263,12.561634872763427
4,309.0,0.0035586057851048547,0.13413801814956344,12.603674090292573
4,310.0,0.0039354631895207205,0.1340137746135195,12.64549086950202
4,311.0,0.004310334648724471,0.13388680825810145,12.687087284638787
4,312.0,0.004683009083213736,0.13375728737434742,12.728439913939509
4,313.0,0.005053393093723684,0.13362528374121,12.769538393652839
4,314.0,0.005421486680254315,0.13349079735868918,12.810382723778773
4,315.0,0.005787308583522606,0.1333538142541377,12.850974983821168
4,316.0,0.0061506749672757466,0.1332144954388697,12.891294774976902
4,317.0,0.0065114846466412316,0.13307292594457865,12.931330869589512
4,318.0,0.00686973762161906,0.13292910577126446,12.971083267659006
4,319.0,0.007225451522249154,0.13278302021711824,13.010553925446496
4,320.0,0.007578470905364579,0.1326348200052293,13.049725594697026
4,321.0,0.007928688928037365,0.13248460391290795,13.088586419926072
4,322.0,0.008276105590267514,0.13233237194015415,13.127136401133626
4,323.0,0.008620736477106076,0.13217810951521786,13.165377267665153
4,324.0,0.008962454728600262,0.13202195427311117,13.203294942910832
4,325.0,0.009301150369419043,0.1318640189733599,13.240877223809024
4,326.0,0.009636823399562417,0.131704303615964,13.27812411035973
4,327.0,0.009969486684827753,0.13154279462086543,13.315037030175096
4,328.0,0.01029904117283779,0.13137961402671705,13.351604992224186
4,329.0,0.010625376622774968,0.13121488853649946,13.387815763986492
4,330.0,0.010948493034639286,0.13104861815021263,13.423669345462017
4,331.0,0.011268400164496432,0.13088079110997233,13.459166819201451
4,332.0,0.011585025056243014,0.13071151171377884,13.494300089863609
4,333.0,0.011898260341805446,0.1305409202831221,13.529057243692856
4,334.0,0.012208106021183725,0.13036901681800214,13.563438280689184
4,335.0,0.012514568644614676,0.13019579215068838,13.597443927678722
4,336.0,0.012817598769172087,0.13002133111769673,13.631068698384952
4,337.0,0.013117095229033319,0.12984578704565303,13.664301367265214
4,338.0,0.013413058024198371,0.12966915993455733,13.697141934319509
4,339.0,0.013705490694954003,0.12949144388434913,13.729590792384464
4,340.0,0.01399436395032655,0.12931270301744482,13.761644691280656
4,341.0,0.014279586260839422,0.12913310277008747,13.79329347473182
4,342.0,0.014561157626492616,0.1289526431422771,13.824537142737949
4,343.0,0.01483907905089045,0.12877132206505548,13.8553758066608
4,344.0,0.015113337373909987,0.12858918219133644,13.885808006229329
4,345.0,0.015383854151397949,0.12840639990370317,13.915825037138404
4,346.0,0.015650629383354337,0.12822297520215561,13.945426899388028
4,347.0,0.015913663069779153,0.12803890808669383,13.974613592978196
4,348.0,0.016172951213758013,0.12785422607418376,14.003384674404069
4,349.0,0.01642843425462209,0.1276691085055442,14.031733534706097
4,350.0,0.01668011138456852,0.12748355757367882,14.059660084249021
4,351.0,0.01692798260359731,0.1272975732785877,14.08716432303284
4,352.0,0.017172047977326275,0.127111175324972,14.11424625833862
4,353.0,0.017412270225985477,0.12692453732313677,14.140901753535665
4,354.0,0.017648647673305165,0.1267376660127978,14.167130622622057
4,355.0,0.01788118031928534,0.126550561393955,14.192932865597784
4,356.0,0.01810987051122676,0.12636323650613474,14.218308742923595
4,357.0,0.018334702869966017,0.12617585702229456,14.243256548099696
4,358.0,0.018555675970199647,0.1259884343605585,14.267776122971842
4,359.0,0.018772789811927648,0.1258009685209266,14.291867467540024
4,360.0,0.018986047568092544,0.1256134670180685,14.315530933879693
4,361.0,0.01919545468155157,0.12542608569938513,14.338767125940125
4,362.0,0.01940101122817392,0.12523884063758806,14.361576052139906
4,363.0,0.0196027172079596,0.12505173183267726,14.383957712479042
4,364.0,0.019800575490508027,0.1248647623757441,14.405912425373463
4,365.0,0.01999461065062527,0.1246780767490937,14.427442917688108
4,366.0,0.020184825598354553,0.12449169550386674,14.448549512326629
4,367.0,0.020371220333695886,0.12430561864006322,14.469232209289034
4,368.0,0.020553796611290035,0.12411984585999598,14.489491203273435
4,369.0,0.020732595936103278,0.12393450910730572,14.509331099745953
4,370.0,0.020907625420082343,0.12374963309076478,14.528752687861067
4,371.0,0.021078885063227235,0.12356521781037315,14.547755967618775
4,372.0,0.021246374991291433,0.12338126052584628,14.566340952972912
4,373.0,0.021410151033406988,0.12319787983970439,14.584513838824943
4,374.0,0.02157022585967365,0.12301510416457036,14.602276031072059
4,375.0,0.021726599470091413,0.12283293350044418,14.619627529714254
4,376.0,0.02187927011772757,0.12265136350526891,14.63656814090872
4,377.0,0.022028305056005122,0.12247049900317636,14.653105327216908
4,378.0,0.022173723815246335,0.12229037153873368,14.669241255758708
4,379.0,0.02231552639545121,0.12211098111194088,14.68497592653411
4,380.0,0.02245370917006505,0.12193232250298049,14.700308937134055
4,381.0,0.022588347731761323,0.12175448666991368,14.71524867545831
4,382.0,0.02271946968108546,0.1215775076164843,14.729798204113314
4,383.0,0.022847075018037462,0.12140138534269236,14.74395752309907
4,384.0,0.022971158429485532,0.12122611435167072,14.757726042860867
4,385.0,0.023091800680477628,0.12105177197361933,14.771112725234499
4,386.0,0.023209038527573483,0.12087839391669843,14.78412164879432
4,387.0,0.023322871970773103,0.12070598018090802,14.796752813540326
4,388.0,0.023433294364823748,0.1205345254677638,14.80900548210326
4,389.0,0.02354038849334833,0.12036409401360264,14.82088884030364
4,390.0,0.02364420120468481,0.12019472241395539,14.832408086517788
4,391.0,0.023744732498833188,0.12002641066882207,14.843563220745706
4,392.0,0.023841974875727548,0.11985915403022826,14.85435341076651
4,393.0,0.023936010081075577,0.11969300443561644,14.864787727231773
4,394.0,0.024026895821471595,0.11952799850840097,14.87487257336958
4,395.0,0.024114632096915604,0.11936413624858189,14.884607949179927
4,396.0,0.02419921111556027,0.11920141369281478,14.89399299006535
4,397.0,0.02428071069806776,0.11903987149768393,14.90303633114726
4,398.0,0.02435919999371864,0.11887954543192114,14.91174564535491
4,399.0,0.024434679002512914,0.11872043549552644,14.920120932688306
4,400.0,0.024507140255009833,0.11856253863387575,14.92816136432477
4,401.0,0.02457665498812561,0.11840588542431746,14.935874844841397
4,402.0,0.02464330418962789,0.11825050989361777,14.943270360787343
4,403.0,0.02470708785951668,0.11809641204177668,14.950347912162623
4,404.0,0.024767999484928117,0.11794358974696452,14.957106776288077
4,405.0,0.024826101334676148,0.11779206485278544,14.96355386262393
4,406.0,0.024881486441276957,0.11764186876898731,14.969699494226438
4,407.0,0.024934154804730543,0.11749300149557017,14.975543671095606
4,408.0,0.02498410149567728,0.11734546177899711,14.98108584626077
4,409.0,0.02503137773792582,0.11719926417968679,14.986331703608387
4,410.0,0.025076088629569053,0.11705443664277085,14.991292905012935
4,411.0,0.025118234170606973,0.11691097916824929,14.995969450474414
4,412.0,0.02515781161189504,0.11676889123010972,15.00036103494277
4,413.0,0.025194859383860266,0.11662818162426919,15.004471922727697
4,414.0,0.025229494493944998,0.11648887402439327,15.008315097186625
4,415.0,0.025261716942149234,0.11635096843048195,15.01189055831955
4,416.0,0.02529152670740167,0.11621446483969572,15.015198303788369
4,417.0,0.025318948017016597,0.11607936783591492,15.018241021899684
4,418.0,0.025344109466364787,0.11594569606648489,15.021032981828435
4,419.0,0.025367011055446243,0.1158134495314056,15.023574183574624
4,420.0,0.02538765278426096,0.11568262823067704,15.025864627138244
4,421.0,0.02540605318122358,0.11555323488628226,15.027906368465693
4,422.0,0.02542234238272902,0.11542528163045626,15.029713847726734
4,423.0,0.025436523580391723,0.11529876872823226,15.031287419068676
4,424.0,0.025448596774211688,0.11517369617961028,15.032627082491514
4,425.0,0.025458575350540327,0.1150500655010652,15.03373432336902
4,426.0,0.02546658908441771,0.11492788255783115,15.034623541774355
4,427.0,0.025472644791126917,0.11480714758880423,15.03529549394366
4,428.0,0.025476742470667946,0.11468786059398439,15.035750179876935
4,429.0,0.025478890936632484,0.11457002240161437,15.035988577546254
4,430.0,0.025479217888119007,0.11445363302144329,15.036024856674548
4,431.0,0.025477734094720105,0.11433869234507764,15.035860212275296
4,432.0,0.02547443955643578,0.11422520037251739,15.035494644348494
4,433.0,0.025469339128773808,0.11411315764223727,15.034928691670068
4,434.0,0.025462556873518186,0.11400255884618403,15.034176120359955
4,435.0,0.02545410776142357,0.11389340319107148,15.033238591600169
4,436.0,0.025443991792489965,0.11378569067689961,15.032116105390724
4,437.0,0.025432210498328316,0.11367942184442928,15.030808831681924
4,438.0,0.025418882915456388,0.11357458670433282,15.029329978981085
4,439.0,0.025404028378230675,0.11347118343405166,15.027681692663373
4,440.0,0.02538764688665118,0.11336921203358577,15.025863972728798
4,441.0,0.025369737280590162,0.11326867324423341,15.023876690447471
4,442.0,0.025350412369455896,0.1131695531052841,15.02173236335538
4,443.0,0.025329695930973988,0.11307184842232175,15.019433629871962
4,444.0,0.025307587965144443,0.11297555919534641,15.01698048999722
4,445.0,0.025284085232771664,0.11288068648311414,15.014372584304153
4,446.0,0.025259293306562493,0.11278721311345243,15.011621627331253
4,447.0,0.025233240408361723,0.11269513418672837,15.008730750625473
4,448.0,0.025205926538169356,0.112604449702942,15.005699954186802
4,449.0,0.02517734695721064,0.11251516108596385,15.002528712192232
4,450.0,0.025147599184741447,0.11242724874111189,14.999227845554769
4,451.0,0.02511671581360168,0.11234070574569546,14.995800970834884
4,452.0,0.025084696843791335,0.11225553209971459,14.99224808803257
4,453.0,0.025051536572963464,0.11217172958200278,14.988568564405101
4,454.0,0.025017323839025433,0.11208927697478316,14.98477225756736
4,455.0,0.024982095465051733,0.11200816503517307,14.980863253474286
4,456.0,0.02494585145104236,0.11192839376317248,14.976841552125885
4,457.0,0.02490858561630413,0.11184996523531342,14.972706467701263
4,458.0,0.024870377670697226,0.11177285740446702,14.968466844950672
4,459.0,0.02483126846611384,0.111697058435273,14.964127216873958
4,460.0,0.024791258002553967,0.11162256832773133,14.95968758347112
4,461.0,0.024750339976750628,0.11154938938859063,14.95514724532026
4,462.0,0.024708584778072914,0.11147749948741234,14.950514012953073
4,463.0,0.024666037218772453,0.11140688388501854,14.94579285881806
4,464.0,0.024622697298849243,0.11133754258140921,14.94098378291522
4,465.0,0.024578558986322097,0.11126947798002745,14.936086115925004
4,466.0,0.024533681866089677,0.11120266911073075,14.931106469495544
4,467.0,0.024488116039124517,0.111137097496126,14.926050402921371
4,468.0,0.024441861505426613,0.11107276313621323,14.920917916202473
4,469.0,0.02439491332317414,0.11100966816972292,14.915708460985378
4,470.0,0.024347316870689986,0.11094779499966376,14.910427072530856
4,471.0,0.024299130272913874,0.11088711981409509,14.905080200487355
4,472.0,0.0242503535298458,0.1108276426130169,14.89966784485487
4,473.0,0.024200984417607933,0.11076936444056784,14.894189758867896
4,474.0,0.02415104863045482,0.11071227467215997,14.888648793607391
4,475.0,0.02410061626664009,0.11065634163069202,14.883052727302367
4,476.0,0.02404968732616374,0.11060156531616396,14.877401559952819
4,477.0,0.02399826180902577,0.1105479457285758,14.871695291558748
4,478.0,0.023946347654115983,0.11049547978010373,14.865934803033726
4,479.0,0.023894022141772414,0.11044412928436258,14.860128669543835
4,480.0,0.023841288692160355,0.11039389250014638,14.854277270596805
4,481.0,0.023788147305279804,0.11034476942745511,14.848380606192633
4,482.0,0.023734597093806962,0.1102967611295817,14.842438577872263
4,483.0,0.023680708981133697,0.11024982956326866,14.836459055423543
4,484.0,0.02362649668596111,0.11020396715557274,14.830443561098356
4,485.0,0.02357196020828921,0.11015917390649389,14.824392094896696
4,486.0,0.02351709449096225,0.11011545311827581,14.818304095667424
4,487.0,0.023461952620696277,0.11007277409408528,14.812185454008569
4,488.0,0.023406565471371127,0.110031118352454,14.80603959574167
4,489.0,0.023350933042986802,0.10999048589338195,14.799866520866734
4,490.0,0.02329505366556611,0.10995087783915793,14.793666044080073
4,491.0,0.02323894570239334,0.10991228334129208,14.78744020300492
4,492.0,0.023182666542605798,0.10987466513424402,14.781195365643752
4,493.0,0.023126216186203488,0.10983802321801373,14.77493153199657
4,494.0,0.02306959463318641,0.10980235759260122,14.768648702063372
4,495.0,0.023012800150328853,0.10976767009811036,14.762346683522301
4,496.0,0.022955891267204903,0.10973391995198435,14.756031970920755
4,497.0,0.022898880479580073,0.10970109819128498,14.749705950811482
4,498.0,0.022841767787454365,0.10966920481601225,14.743368623194476
4,499.0,0.02278454975787942,0.10963824260554224,14.737019607143576
4,500.0,0.022727253604028268,0.10960819168568463,14.730661922281694
4,501.0,0.022669920082171047,0.10957902052799433,14.724300090998268
4,502.0,0.022612549192307766,0.10955072913247134,14.717934113293303
4,503.0,0.02255514093443842,0.10952331749911567,14.7115639891668
4,504.0,0.022497693004309583,0.10949678820743805,14.705189462934628
4,505.0,0.022440255439947425,0.10947109984529763,14.698816086906676
4,506.0,0.022382840328293966,0.1094462420945326,14.692445202271887
4,507.0,0.022325447669349217,0.10942221495514298,14.68607680903027
4,508.0,0.02226807731156092,0.10939901857137475,14.67971089036531
4,509.0,0.022210736287745045,0.10937664775948598,14.673348226650981
4,510.0,0.022153472867830624,0.1093550580650496,14.666994174005922
4,511.0,0.022096287051817654,0.10933424948806561,14.660648732430131
4,512.0,0.022039178839706138,0.10931422202853402,14.654311901923599
4,513.0,0.021982144642860506,0.10929497956705221,14.647983284284846
4,514.0,0.021925211731493158,0.1092764958271972,14.64166590546595
4,515.0,0.021868406958345844,0.10925874354684012,14.635362745095717
4,516.0,0.021811730323418568,0.10924172272598097,14.629073803174139
4,517.0,0.021755181826711323,0.10922543336461973,14.622799079701217
4,518.0,0.021698758014149562,0.10920987982774451,14.616538191406589
4,519.0,0.02164249249192595,0.10919502588765473,14.610294867294181
4,520.0,0.02158640108449954,0.1091808537587752,14.604070863274588
4,521.0,0.02153048379187033,0.10916736344110593,14.597866179347815
4,522.0,0.02147474061403832,0.10915455493464694,14.591680815513852
4,523.0,0.02141916877792325,0.10914243237255034,14.585514464066707
4,524.0,0.02136380143003394,0.10913095603330611,14.579370803002947
4,525.0,0.021308649680905595,0.10912011203559552,14.573251065167648
4,526.0,0.021253713530538208,0.10910990037941856,14.56715525056082
4,527.0,0.02119899297893178,0.10910032106477524,14.56108335918246
4,528.0,0.021144485356666035,0.10909137852055815,14.555035094828858
4,529.0,0.021090219922535885,0.10908303379626588,14.549013704108827
4,530.0,0.02103620714922942,0.10907527228691875,14.543020349090776
4,531.0,0.020982447036746642,0.10906809399251673,14.5370550297747
4,532.0,0.020928939585087545,0.10906149891305984,14.531117746160604
4,533.0,0.020875682032212888,0.10905549192322964,14.525208191767621
4,534.0,0.020822696730439426,0.10905004007213379,14.519328846849238
4,535.0,0.020769996805368483,0.10904512281329033,14.513481167845926
4,536.0,0.020717582257000055,0.10904074014669926,14.507665154757678
4,537.0,0.020665453085334143,0.10903689207236057,14.501880807584499
4,538.0,0.020613607621656743,0.10903358177524478,14.496127941162865
4,539.0,0.02056205675650637,0.10903079221151858,14.490407763926617
4,540.0,0.020510819718039204,0.10902848927901607,14.484722409466759
4,541.0,0.020459896506255244,0.10902667297773722,14.47907187778328
4,542.0,0.020409287121154494,0.10902534330768203,14.473456168876183
4,543.0,0.020358991562736947,0.10902450026885052,14.467875282745462
4,544.0,0.0203090095769066,0.10902414628910576,14.462329191196176
4,545.0,0.02025936331261841,0.10902423686386281,14.456820351916422
4,546.0,0.020210055143598863,0.10902476692622931,14.451349028299179
4,547.0,0.020161085069847966,0.10902573647620527,14.445915220344459
4,548.0,0.020112453091365712,0.10902714551379065,14.440518928052251
4,549.0,0.020064157580189198,0.10902899862870885,14.43515997078085
4,550.0,0.020016209583386776,0.10903127165741895,14.429839574332942
4,551.0,0.019968619857690134,0.1090339380022227,14.424558932294927
4,552.0,0.01992138840309927,0.10903699766312008,14.419318044666811
4,553.0,0.019874515219614183,0.10904045064011111,14.414116911448591
4,554.0,0.01982800030723487,0.10904429693319578,14.408955532640265
4,555.0,0.019781842763952406,0.10904854135426134,14.403833808153294
4,556.0,0.019736056404987826,0.10905314434308927,14.398753270949587
4,557.0,0.01969064449327574,0.10905809560344355,14.39371428309028
4,558.0,0.019645607028816146,0.10906339513532418,14.388716844575361
4,559.0,0.019600944011609046,0.10906904293873115,14.383760955404831
4,560.0,0.019556655441654434,0.10907503901366447,14.378846615578702
4,561.0,0.019512741626402038,0.10908138617163604,14.373973859212137
4,562.0,0.01946921369657898,0.10908804148354356,14.369143921390755
4,563.0,0.019426072488667484,0.10909500130569251,14.364356894932145
4,564.0,0.019383318002667547,0.10910226563808291,14.35961277983629
4,565.0,0.01934095023857917,0.10910983448071473,14.354911576103204
4,566.0,0.019298969196402352,0.10911770783358801,14.35025328373288
4,567.0,0.019257375529131354,0.10912588827097551,14.345637975182747
4,568.0,0.019216176692371016,0.10913433342993822,14.341066477740195
4,569.0,0.019175373055522544,0.10914304078021217,14.336538832394654
4,570.0,0.019134964618585937,0.10915201032179737,14.332055039146129
4,571.0,0.019094951381561195,0.10916124205469381,14.327615097994617
4,572.0,0.019055333344448318,0.10917073597890148,14.323219008940113
4,573.0,0.019016110992814285,0.10918049663856369,14.318866825862013
4,574.0,0.018977288222039965,0.10919048495385572,14.31455898099882
4,575.0,0.01893886544629154,0.10920069474677496,14.310295520307168
4,576.0,0.018900842665569018,0.10921112601732141,14.306076443787052
4,577.0,0.018863219879872394,0.1092217787654951,14.301901751438475
4,578.0,0.01882599708920167,0.10923265299129599,14.297771443261434
4,579.0,0.018789174741536015,0.10924375427325539,14.29368556896451
4,580.0,0.018752753821681154,0.10925505524365293,14.289644237823527
4,581.0,0.018716734135173274,0.10926653875059622,14.285647428260427
4,582.0,0.018681115682012375,0.10927820479408522,14.281695140275216
4,583.0,0.018645898462198454,0.10929005337411994,14.277787373867888
4,584.0,0.01861108247573151,0.10930208449070039,14.273924129038445
4,585.0,0.01857666772261155,0.10931429814382657,14.270105405786882
4,586.0,0.01854265570637634,0.10932669690299923,14.266331370948482
4,587.0,0.01850904283587062,0.10933924190567713,14.26260162604215
4,588.0,0.018475829023151796,0.10935193244792392,14.258916161309623
4,589.0,0.018443014268219874,0.10936476852973959,14.255274976750897
4,590.0,0.018410598571074854,0.10937775015112412,14.251678072365973
4,591.0,0.018378581931716736,0.10939087731207754,14.248125448154854
4,592.0,0.018346965420224425,0.10940415425536844,14.244617222855432
4,593.0,0.018315747151715307,0.10941756490972565,14.241153187317718
4,594.0,0.018284922516767704,0.10943108622457218,14.237732830071948
4,595.0,0.018254491515381607,0.109444718199908,14.234356151118122
4,596.0,0.01822445414755702,0.10945846083573314,14.23102315045624
4,597.0,0.018194810413293943,0.10947231413204758,14.2277338280863
4,598.0,0.018165560312592376,0.10948627808885132,14.224488184008305
4,599.0,0.01813670576578718,0.1095003577479818,14.22128643130608
4,600.0,0.01810824158947119,0.10951453220428731,14.218127994819396
4,601.0,0.018080162567224556,0.10952878473184875,14.215012295724867
4,602.0,0.018052468699047277,0.10954311533066613,14.211939334022498
4,603.0,0.01802515998493935,0.10955752400073945,14.208909109712282
4,604.0,0.017998236424900785,0.10957201074206871,14.205921622794225
4,605.0,0.017971698018931573,0.1095865755546539,14.202976873268327
4,606.0,0.017945546946732945,0.10960122283912724,14.200075102998179
4,607.0,0.017919777460616588,0.1096159360623243,14.19721567420988
4,608.0,0.017894381820549005,0.10963069722062072,14.194397728055328
4,609.0,0.017869360026530196,0.1096455063140165,14.191621264534517
4,610.0,0.01784471207856016,0.10966036334251164,14.188886283647442
4,611.0,0.017820437976638896,0.10967526830610615,14.18619278539411
4,612.0,0.017796537720766406,0.10969022120480001,14.183540769774524
4,613.0,0.01777301222765711,0.10970522355156957,14.180930338508961
4,614.0,0.017749861271510105,0.10972027242313742,14.178361466542157
4,615.0,0.017727070287736672,0.10973534169173779,14.175832537761002
4,616.0,0.017704639276336812,0.10975043135737068,14.173343552165488
4,617.0,0.01768256823731052,0.10976554142003608,14.170894509755628
4,618.0,0.0176608571706578,0.109780671879734,14.168485410531408
4,619.0,0.017639506076378653,0.10979582273646445,14.16611625449284
4,620.0,0.017618514954473072,0.10981099399022741,14.16378704163992
4,621.0,0.017597887872249775,0.10982619023890257,14.161498223288577
4,622.0,0.017577609255119274,0.10984138837821003,14.159248071254192
4,623.0,0.017557674468846998,0.10985658209041811,14.157036071313714
4,624.0,0.017538083513432938,0.10987177137552682,14.15486222346715
4,625.0,0.0175188363888771,0.10988695623353614,14.152726527714494
4,626.0,0.017499933095179485,0.1099021366644461,14.150628984055748
4,627.0,0.017481373632340088,0.10991731266825669,14.148569592490908
4,628.0,0.017463158959381886,0.1099324852534925,14.146548459434904
4,629.0,0.017445289527113633,0.10994765326603245,14.144565634910286
4,630.0,0.017427745843052768,0.10996279481773648,14.142618955995934
4,631.0,0.017410527907199286,0.10997790990860458,14.140708422691848
4,632.0,0.017393635719553192,0.10999299853863675,14.138834034998032
4,633.0,0.017377069280114486,0.11000806070783299,14.13699579291448
4,634.0,0.017360828588883163,0.1100230964161933,14.135193696441192
4,635.0,0.017344913645859227,0.11003810566371769,14.13342774557818
4,636.0,0.017329328030725705,0.11005309137912067,14.131698337533528
4,637.0,0.01731406214527934,0.11006804363190167,14.130004407273256
4,638.0,0.017299102329509895,0.1100829502105446,14.128344439057923
4,639.0,0.017284448583417378,0.11009781111504942,14.126718432887518
4,640.0,0.01727010090700178,0.11011262634541617,14.125126388762048
4,641.0,0.017256059300263107,0.11012739590164483,14.123568306681515
4,642.0,0.017242323763201357,0.1101421197837354,14.122044186645914
4,643.0,0.017228894295816526,0.11015679799168789,14.120554028655253
4,644.0,0.017215775502461752,0.11017143348668741,14.119098343616871
4,645.0,0.017202953141262304,0.11018601496267312,14.117675551226597
4,646.0,0.017190415926459996,0.1102005343530916,14.116284399196289
4,647.0,0.01717816385805483,0.11021499165794288,14.114924887525948
4,648.0,0.017166196936046804,0.11022938687722694,14.113597016215573
4,649.0,0.01715451516043592,0.1102437200109438,14.112300785265163
4,650.0,0.017143118531222176,0.11025799105909344,14.111036194674721
4,651.0,0.017132007048405572,0.11027220002167587,14.109803244444246
4,652.0,0.017121185496394617,0.1102863493455874,14.108602465460354
4,653.0,0.017110639248072167,0.11030042973315228,14.10743223467168
4,654.0,0.017100356322629153,0.11031443436126581,14.106291222665973
4,655.0,0.017090336720065578,0.110328363229928,14.105179429443238
4,656.0,0.017080580440381438,0.11034221633913885,14.104096855003473
4,657.0,0.017071087483576736,0.11035599368889834,14.103043499346674
4,658.0,0.01706185784965147,0.11036969527920648,14.102019362472847
4,659.0,0.01705289153860564,0.11038332111006328,14.101024444381993
4,660.0,0.017044192583459242,0.11039687282063336,14.100059192585295
4,661.0,0.017035750507948866,0.11041034486992116,14.099122444617631
4,662.0,0.01702754935919059,0.11042373011993306,14.098212430318137
4,663.0,0.017019589137184415,0.11043702857066905,14.097329149686816
4,664.0,0.017011869841930344,0.11045024022212913,14.096472602723669
4,665.0,0.017004391473428374,0.11046336507431329,14.095642789428695
4,666.0,0.016997154031678504,0.11047640312722155,14.09483970980189
4,667.0,0.01699015751668074,0.11048935438085392,14.094063363843263
4,668.0,0.016983403372399907,0.11050221928961185,14.09331391177776
4,669.0,0.01697689155576141,0.11051499706959611,14.092591348825744
4,670.0,0.016970598000865592,0.11052767951042237,14.091893004591459
4,671.0,0.01696452270771245,0.11054026661209064,14.09121887907491
4,672.0,0.016958665676301988,0.11055275837460089,14.090568972276092
4,673.0,0.016953026906634205,0.11056515479795315,14.089943284195012
4,674.0,0.0169476063987091,0.1105774558821474,14.089341814831661
4,675.0,0.016942404152526673,0.11058966162718364,14.088764564186047
4,676.0,0.016937420168086924,0.11060177203306189,14.088211532258166
4,677.0,0.016932660371527502,0.11061378807872209,14.08768337662297
4,678.0,0.0169281007895131,0.11062570364642225,14.087177437155814
4,679.0,0.016923736811422542,0.11063751767900923,14.086693202253834
4,680.0,0.016919568437255835,0.11064923017648302,14.086230671917034
4,681.0,0.016915595667012975,0.11066084113884365,14.085789846145405
4,682.0,0.016911818500693964,0.1106723505660911,14.085370724938949
4,683.0,0.0169082369382988,0.11068375845822535,14.084973308297675
4,684.0,0.016904850979827486,0.11069506481524645,14.08459759622157
4,685.0,0.016901664672957346,0.11070627012173737,14.084244037848244
4,686.0,0.016898667954769478,0.11071737229076384,14.083911516578004
4,687.0,0.016895844437208086,0.11072836890252705,14.083598213962542
4,688.0,0.016893194120273177,0.11073925995702696,14.083304130001867
4,689.0,0.016890717003964748,0.1107500454542636,14.083029264695966
4,690.0,0.0168884130882828,0.11076072539423697,14.082773618044843
4,691.0,0.016886282373227333,0.11077129977694704,14.082537190048503
4,692.0,0.016884324858798344,0.11078176860239385,14.082319980706938
4,693.0,0.016882540544995838,0.11079213187057736,14.082121990020157
4,694.0,0.016880935340367473,0.11080238959263422,14.081943873611285
4,695.0,0.01687948584466038,0.11081253997491544,14.08178303494595
4,696.0,0.01687818762016574,0.11082258277366391,14.081638981607945
4,697.0,0.016877040666883555,0.11083251798887964,14.081511713597283
4,698.0,0.016876044984813827,0.11084234562056261,14.081401230913952
4,699.0,0.01687520057395656,0.11085206566871283,14.08130753355796
4,700.0,0.016874507434311743,0.11086167813333031,14.081230621529295
4,701.0,0.016873965565879383,0.11087118301441502,14.081170494827976
4,702.0,0.016873576292016204,0.1108805802668745,14.081127300296044
4,703.0,0.016873340202122233,0.11088986936088058,14.081101103334397
4,704.0,0.016873234121187873,0.1108990506599509,14.08108933240206
4,705.0,0.016873258049213122,0.11090812416408548,14.081091987499015
4,706.0,0.01687341198619798,0.11091708987328429,14.081109068625276
4,707.0,0.016873695932142444,0.11092594778754736,14.081140575780843
4,708.0,0.01687410988704652,0.11093469790687467,14.081186508965715
4,709.0,0.016874653850910203,0.11094334023126623,14.081246868179885
4,710.0,0.016875327823733497,0.11095187476072203,14.08132165342336
4,711.0,0.016876135337819707,0.11096030107387866,14.081411256646904
4,712.0,0.01687706861173704,0.11096861944766137,14.08151481440877
4,713.0,0.016878111469112732,0.11097683144914038,14.081630531749374
4,714.0,0.016879263909946776,0.11098493707831568,14.081758408668717
4,715.0,0.016880525934239173,0.11099293633518727,14.081898445166802
4,716.0,0.016881897541989925,0.11100082921975515,14.082050641243633
4,717.0,0.016883378733199027,0.11100861573201934,14.082214996899198
4,718.0,0.016884969507866485,0.11101629587197982,14.082391512133505
4,719.0,0.016886669865992295,0.11102386963963659,14.082580186946554
4,720.0,0.016888483658152646,0.11103133626738956,14.082781448605239
4,721.0,0.01689040171672502,0.11103869691728259,14.08299427985359
4,722.0,0.016892409918427102,0.11104595407298104,14.08321711354665
4,723.0,0.016894508263258903,0.11105310773448492,14.083449949684432
4,724.0,0.016896696751220415,0.11106015790179422,14.083692788266918
4,725.0,0.01689897538231164,0.11106710457490895,14.083945629294123
4,726.0,0.01690134415653258,0.11107394775382912,14.08420847276604
4,727.0,0.016903803073883235,0.1110806874385547,14.084481318682665
4,728.0,0.0169063521343636,0.11108732362908573,14.084764167044012
4,729.0,0.016908994012677866,0.11109385559125058,14.08505731464008
4,730.0,0.016911724256353056,0.11110028401493743,14.085360267416423
4,731.0,0.016914526317699553,0.11110661310289328,14.085671189211471
4,732.0,0.01691740019671736,0.11111284285511816,14.085990080025226
4,733.0,0.016920345893406477,0.11111897327161205,14.086316939857678
4,734.0,0.0169233634077669,0.11112500435237495,14.086651768708839
4,735.0,0.01692645273979863,0.11113093609740686,14.086994566578698
4,736.0,0.01692961388950167,0.1111367685067078,14.087345333467265
4,737.0,0.016932846856876016,0.11114250158027773,14.087704069374533
4,738.0,0.016936151641921672,0.1111481353181167,14.088070774300506
4,739.0,0.01693953331351859,0.11115366763250198,14.088446010697277
4,740.0,0.016942970774391122,0.11115910550601713,14.088827437572965
4,741.0,0.016946462955399647,0.11116444931143044,14.089214936293919
4,742.0,0.01695000985654417,0.11116969904874191,14.089608506860134
4,743.0,0.016953611477824693,0.11117485471795154,14.090008149271611
4,744.0,0.01695726781924121,0.11117991631905932,14.09041386352835
4,745.0,0.016960978880793724,0.11118488385206528,14.09082564963035
4,746.0,0.016964744662482236,0.11118975731696938,14.091243507577609
4,747.0,0.016968565164306743,0.11119453671377165,14.09166743737013
4,748.0,0.016972444262508667,0.11119922027638506,14.092097869122679
4,749.0,0.016976372298908197,0.11120381171317502,14.092533731146137
4,750.0,0.016980339284025103,0.11120831529141052,14.092973914989729
4,751.0,0.016984345217859385,0.1112127310110916,14.093418420653444
4,752.0,0.016988390100411047,0.11121705887221822,14.093867248137284
4,753.0,0.016992473931680085,0.11122129887479042,14.094320397441253
4,754.0,0.0169965967116665,0.11122545101880817,14.094777868565346
4,755.0,0.017000758440370294,0.11122951530427147,14.095239661509565
4,756.0,0.017004959117791464,0.11123349173118033,14.095705776273912
4,757.0,0.017009198743930014,0.11123738029953475,14.096176212858381
4,758.0,0.017013481928347084,0.11124117836770668,14.096651482748221
4,759.0,0.017017794249189255,0.11124489316028915,14.097129985668492
4,760.0,0.01702213115819758,0.1112485270821488,14.097611216936146
4,761.0,0.017026492655372056,0.11125208013328562,14.09809517655119
4,762.0,0.01703087874071269,0.1112555523136996,14.098581864513624
4,763.0,0.017035289414219477,0.11125894362339075,14.099071280823447
4,764.0,0.01703972467589242,0.11126225406235907,14.099563425480657
4,765.0,0.017044184525731518,0.11126548363060454,14.100058298485257
4,766.0,0.017048668963736767,0.1112686323281272,14.100555899837243
4,767.0,0.017053177989908175,0.111271700154927,14.101056229536619
4,768.0,0.017057715864826743,0.11127468418314582,14.101559760345161
4,769.0,0.017062269782475752,0.11127759217872736,14.102065071284086
4,770.0,0.01706683541098189,0.11128042690908914,14.102571681680901
4,771.0,0.01707141275034515,0.11128318837423114,14.103079591535604
4,772.0,0.017076001800565538,0.11128587657415338,14.103588800848192
4,773.0,0.01708060256164305,0.11128849150885585,14.104099309618672
4,774.0,0.017085215033577683,0.11129103317833856,14.104611117847037
4,775.0,0.017089839216369446,0.1112935015826015,14.105124225533288
4,776.0,0.01709447511001833,0.11129589672164468,14.105638632677428
4,777.0,0.017099122714524337,0.11129821859546808,14.106154339279456
4,778.0,0.017103784669338973,0.1113004650958008,14.106671638217687
4,779.0,0.017108455757381683,0.11130263972610223,14.10718995059542
4,780.0,0.017113127222917253,0.11130474915596446,14.107708304860447
4,781.0,0.017117799065945682,0.11130679338538747,14.108226701012764
4,782.0,0.017122471286466975,0.11130877241437129,14.10874513905237
4,783.0,0.01712714388448113,0.11131068624291589,14.109263618979268
4,784.0,0.017131816859988144,0.11131253487102127,14.109782140793454
4,785.0,0.017136490212988024,0.11131431829868746,14.110300704494934
4,786.0,0.017141163943480763,0.11131603652591443,14.110819310083706
4,787.0,0.017145838051466362,0.1113176895527022,14.111337957559762
4,788.0,0.017150512536944825,0.11131927737905074,14.111856646923117
4,789.0,0.017155190888147456,0.11132079650766676,14.112375765234214
4,790.0,0.01715986316451161,0.11132225573509616,14.112894209470245
4,791.0,0.017164526078295297,0.11132365812894403,14.113411614817414
4,792.0,0.017169179629498512,0.11132500368921035,14.113927981275722
4,793.0,0.017173823818121253,0.11132629241589512,14.114443308845164
4,794.0,0.017178458644163525,0.11132752430899834,14.114957597525741
4,795.0,0.017183084107625327,0.11132869936852002,14.115470847317459
4,796.0,0.017187700208506657,0.11132981759446015,14.115983058220314
4,797.0,0.017192306946807515,0.11133087898681873,14.116494230234306
4,798.0,0.017196904322527903,0.11133188354559578,14.117004363359435
4,799.0,0.01720149233566782,0.11133283127079127,14.117513457595697
4,800.0,0.017206073840288567,0.11133371865059856,14.118021829634905
4,801.0,0.01721064140575596,0.11133455365570558,14.118528654960445
4,802.0,0.017215191499685513,0.11133534033886404,14.119033541612545
4,803.0,0.01721972412207723,0.11133607870007398,14.119536489591203
4,804.0,0.017224239272931114,0.11133676873933537,14.120037498896425
4,805.0,0.01722873695224716,0.11133741045664823,14.12053656952821
4,806.0,0.017233217160025373,0.11133800385201255,14.121033701486555
4,807.0,0.017237679896265748,0.11133854892542833,14.121528894771458
4,808.0,0.017242125160968288,0.11133904567689556,14.122022149382927
4,809.0,0.01724655295413299,0.11133949410641428,14.122513465320955
4,810.0,0.017250963275759857,0.11133989421398444,14.123002842585542
4,811.0,0.017255356480432103,0.1113402454662097,14.123490320521888
4,812.0,0.017259734032331026,0.11134054501780169,14.123976061598196
4,813.0,0.017264087660277764,0.11134080474478684,14.124459148029496
4,814.0,0.017268417364272322,0.11134102464716517,14.124939579815795
4,815.0,0.017272723144314692,0.11134120472493664,14.125417356957085
4,816.0,0.01727700500040488,0.11134134497810129,14.125892479453372
4,817.0,0.017281262932542882,0.11134144540665909,14.126364947304655
4,818.0,0.017285496940728704,0.11134150601061008,14.126834760510928
4,819.0,0.017289707024962343,0.11134152678995421,14.127301919072199
4,820.0,0.017293893185243794,0.11134150774469151,14.127766422988463
4,821.0,0.017298055421573064,0.11134144887482196,14.128228272259726
4,822.0,0.01730219373395015,0.11134135018034559,14.128687466885982
4,823.0,0.017306308122375054,0.11134121166126239,14.12914400686723
4,824.0,0.017310400492933257,0.11134102862514399,14.12959810370617
4,825.0,0.017314464171176786,0.11134081405036533,14.130049016793976
4,826.0,0.017318499140466858,0.11134056797120395,14.130496744284383
4,827.0,0.01732250540080347,0.11134029038765984,14.130941286177386
4,828.0,0.017326482952186622,0.11133998129973299,14.131382642472992
4,829.0,0.017330431794616314,0.11133964070742343,14.131820813171188
4,830.0,0.01733435192809255,0.11133926861073112,14.132255798271993
4,831.0,0.017338243352615322,0.11133886500965608,14.13268759777539
4,832.0,0.017342106068184635,0.11133842990419832,14.133116211681388
4,833.0,0.01734594007480049,0.11133796329435781,14.133541639989984
4,834.0,0.017349745372462887,0.11133746518013458,14.133963882701183
4,835.0,0.017353521961171823,0.11133693556152863,14.134382939814973
4,836.0,0.017357270530139204,0.1113363720134356,14.134798887807564
4,837.0,0.017360989786733266,0.11133577708757744,14.1352115832462
4,838.0,0.017364677208889574,0.11133515863112195,14.13562074627804
4,839.0,0.017368332796608123,0.11133451664406911,14.13602637690309
4,840.0,0.017371956549888923,0.11133385112641894,14.136428475121345
4,841.0,0.017375548468731968,0.11133316207817144,14.136827040932808
4,842.0,0.017379108553137255,0.1113324494993266,14.137222074337485
4,843.0,0.017382636803104787,0.11133171338988442,14.137613575335365
4,844.0,0.017386133218634567,0.11133095374984489,14.138001543926455
4,845.0,0.017389597799726594,0.11133017057920803,14.138385980110755
4,846.0,0.017393030546380864,0.11132936387797383,14.138766883888263
4,847.0,0.01739643145859738,0.11132853364614231,14.13914425525898
4,848.0,0.01739980053637614,0.11132767988371343,14.139518094222902
4,849.0,0.017403137779717148,0.11132680259068724,14.13988840078004
4,850.0,0.01740644334191785,0.11132589694442066,14.140255191940538
4,851.0,0.017409715609005515,0.11132497482696516,14.140618288615078
4,852.0,0.017412954540495133,0.11132403662812644,14.140977686311366
4,853.0,0.0174161601363867,0.11132308234790454,14.141333385029398
4,854.0,0.017419332396680216,0.11132211198629943,14.141685384769177
4,855.0,0.01742247132137568,0.11132112554331113,14.142033685530706
4,856.0,0.017425576910473098,0.11132012301893962,14.142378287313981
4,857.0,0.01742864916397246,0.11131910441318492,14.142719190119006
4,858.0,0.01743168808187378,0.11131806972604702,14.143056393945775
4,859.0,0.01743469366417704,0.11131701895752592,14.143389898794284
4,860.0,0.017437665910882257,0.11131595210762162,14.143719704664548
4,861.0,0.01744060482198942,0.11131486917633412,14.144045811556557
4,862.0,0.017443510397498536,0.11131377016366342,14.14436821947031
4,863.0,0.017446382637409597,0.11131265506960954,14.144686928405816
4,864.0,0.017449220750879697,0.11131151951926224,14.145001850609702
4,865.0,0.017452025404560756,0.11131037312590573,14.145313060054884
4,866.0,0.01745479676808105,0.11130921738978428,14.145620575563614
4,867.0,0.017457534841440577,0.11130805231089784,14.145924397135891
4,868.0,0.017460239624639336,0.11130687788924645,14.14622452477172
4,869.0,0.017462911117677327,0.1113056941248301,14.146520958471099
4,870.0,0.017465549320554552,0.1113045010176488,14.146813698234025
4,871.0,0.017468154233271013,0.11130329856770252,14.147102744060508
4,872.0,0.017470725855826704,0.11130208677499129,14.147388095950536
4,873.0,0.01747326418822163,0.11130086563951509,14.147669753904113
4,874.0,0.01747576923045579,0.11129963516127393,14.147947717921243
4,875.0,0.017478240982529182,0.11129839534026781,14.14822198800192
4,876.0,0.01748067944444181,0.11129714617649673,14.14849256414615
4,877.0,0.017483084616193665,0.1112958876699607,14.14875944635393
4,878.0,0.017485456497784758,0.11129461982065969,14.149022634625258
4,879.0,0.017487793178483514,0.11129333854050573,14.149281916941904
4,880.0,0.01749009770010101,0.11129205292730936,14.14953763082873
4,881.0,0.017492370381687293,0.11129076381586477,14.149789811688107
4,882.0,0.017494611223242362,0.11128947120617193,14.150038459520024
4,883.0,0.01749682022476622,0.11128817509823086,14.150283574324495
4,884.0,0.017498997386258857,0.11128687549204157,14.150525156101514
4,885.0,0.017501142707720286,0.11128557238760403,14.15076320485108
4,886.0,0.0175032561891505,0.11128426578491826,14.15099772057319
4,887.0,0.0175053378305495,0.11128295568398426,14.151228703267854
4,888.0,0.017507387631917285,0.11128164208480204,14.151456152935065
4,889.0,0.017509405593253854,0.11128032498737157,14.151680069574823
4,890.0,0.017511391714559215,0.11127900439169287,14.151900453187128
4,891.0,0.01751334599583336,0.11127768029776595,14.152117303771982
4,892.0,0.01751526843707629,0.11127635270559079,14.152330621329384
4,893.0,0.017517159038288006,0.11127502161516739,14.152540405859332
4,894.0,0.017519017154748084,0.11127368616572733,14.152746585822488
4,895.0,0.017520841396666514,0.11127234524237747,14.152949007005232
4,896.0,0.01752263642949752,0.11127100561735229,14.153148187094803
4,897.0,0.017524402253241093,0.11126966729065178,14.153344126091202
4,898.0,0.01752613886789724,0.11126833026227595,14.153536823994438
4,899.0,0.017527846273465965,0.11126699453222479,14.153726280804497
4,900.0,0.017529524469947256,0.1112656601004983,14.153912496521386
4,901.0,0.017531173457341124,0.1112643269670965,14.154095471145105
4,902.0,0.017532793235647565,0.11126299513201936,14.154275204675653
4,903.0,0.017534383804866577,0.11126166459526689,14.154451697113027
4,904.0,0.01753594516499816,0.11126033535683909,14.154624948457235
4,905.0,0.01753747731604232,0.11125900741673597,14.154794958708267
4,906.0,0.017538980257999052,0.11125768077495753,14.154961727866132
4,907.0,0.017540453990868357,0.11125635543150375,14.155125255930827
4,908.0,0.017541898514650232,0.11125503138637466,14.155285542902348
4,909.0,0.01754331382934468,0.11125370863957022,14.1554425887807
4,910.0,0.017544699934951703,0.11125238719109047,14.155596393565876
4,911.0,0.017546053767863716,0.11125106478361207,14.155746617314453
4,912.0,0.017547380040410086,0.11124974580006022,14.155893782915003
4,913.0,0.017548680617012598,0.11124843177682708,14.156038097247148
4,914.0,0.01754995549767125,0.11124712271391266,14.156179560310886
4,915.0,0.01755120468238605,0.11124581861131692,14.156318172106218
4,916.0,0.017552428171156993,0.11124451946903989,14.156453932633145
4,917.0,0.01755362596398408,0.11124322528708157,14.156586841891666
4,918.0,0.01755479806086731,0.11124193606544196,14.156716899881783
4,919.0,0.017555944461806687,0.11124065180412104,14.156844106603492
4,920.0,0.017557065166802204,0.11123937250311883,14.156968462056795
4,921.0,0.01755816017585387,0.11123809816243532,14.157089966241692
4,922.0,0.017559229488961676,0.11123682878207053,14.157208619158176
4,923.0,0.017560273106125627,0.11123556436202443,14.157324420806264
4,924.0,0.01756129102734572,0.11123430490229703,14.15743737118594
4,925.0,0.01756228325262196,0.11123305040288836,14.157547470297215
4,926.0,0.01756324978195434,0.11123180086379837,14.157654718140078
4,927.0,0.017564190615342867,0.1112305562850271,14.15775911471454
4,928.0,0.017565102568924493,0.11122931529387753,14.157860306733392
4,929.0,0.017565990187697934,0.11122808048168929,14.157958798517914
4,930.0,0.01756685617223156,0.11122685315993622,14.158054889728056
4,931.0,0.017567700522525383,0.11122563332861832,14.15814858036382
4,932.0,0.01756852323857939,0.11122442098773559,14.158239870425206
4,933.0,0.01756932432039359,0.11122321613728803,14.158328759912216
4,934.0,0.017570103767967984,0.11122201877727564,14.158415248824843
4,935.0,0.017570861581302565,0.11122082890769841,14.15849933716309
4,936.0,0.01757159776039734,0.11121964652855636,14.15858102492696
4,937.0,0.017572312305252302,0.11121847163984946,14.158660312116451
4,938.0,0.017573005215867455,0.11121730424157775,14.158737198731567
4,939.0,0.017573676492242802,0.11121614433374119,14.158811684772298
4,940.0,0.017574326134378336,0.11121499191633981,14.158883770238655
4,941.0,0.01757495414227406,0.1112138469893736,14.158953455130629
4,942.0,0.017575560515929976,0.11121270955284256,14.159020739448227
4,943.0,0.017576145255346086,0.11121157960674669,14.15908562319145
4,944.0,0.017576708360522383,0.11121045715108598,14.159148106360286
4,945.0,0.017577249818911376,0.11120934218296834,14.159208187562454
4,946.0,0.01757776510905667,0.11120823390665958,14.159265365088975
4,947.0,0.017578263054905754,0.11120713460151145,14.159320618061017
4,948.0,0.017578743656458628,0.11120604426752397,14.15937394647858
4,949.0,0.017579206913715294,0.11120496290469713,14.159425350341662
4,950.0,0.01757965282667575,0.11120389051303092,14.159474829650271
4,951.0,0.017580081395339998,0.11120282709252535,14.1595223844044
4,952.0,0.017580492619708038,0.11120177264318042,14.159568014604053
4,953.0,0.017580886499779867,0.11120072716499613,14.159611720249226
4,954.0,0.01758126303555549,0.11119969065797247,14.159653501339921
4,955.0,0.0175816222270349,0.11119866312210946,14.15969335787614
4,956.0,0.017581964074218102,0.11119764455740709,14.159731289857884
4,957.0,0.017582288577105094,0.11119663496386535,14.159767297285146
4,958.0,0.01758259573569588,0.11119563434148426,14.159801380157932
4,959.0,0.017582885549990455,0.1111946426902638,14.15983353847624
4,960.0,0.01758315801998882,0.11119366001020398,14.15986377224007
4,961.0,0.01758341314569098,0.1111926863013048,14.159892081449424
4,962.0,0.017583650927096926,0.11119172156356626,14.159918466104301
4,963.0,0.017583871364206666,0.11119076579698836,14.159942926204698
4,964.0,0.017584070338895606,0.11118981899388966,14.159965004796065
4,965.0,0.017584255178295705,0.11118888168441614,14.159985514910213
4,966.0,0.01758442691629164,0.11118795391194591,14.160004571268864
4,967.0,0.017584585552883406,0.11118703567647902,14.160022173872012
4,968.0,0.017584731088071008,0.11118612697801541,14.160038322719652
4,969.0,0.017584863521854444,0.11118522781655511,14.16005301781179
4,970.0,0.017584982854233714,0.11118433819209814,14.16006625914843
4,971.0,0.01758508908520882,0.11118345810464446,14.160078046729565
4,972.0,0.017585182214779758,0.11118258755419409,14.160088380555202
4,973.0,0.017585262242946532,0.11118172654074704,14.160097260625331
4,974.0,0.01758532916970914,0.1111808750643033,14.160104686939958
4,975.0,0.01758538299506758,0.11118003312486287,14.160110659499082
4,976.0,0.017585423719021855,0.11117920072242574,14.160115178302707
4,977.0,0.017585451341571964,0.11117837785699192,14.16011824335083
4,978.0,0.01758546586271791,0.11117756452856141,14.160119854643444
4,979.0,0.017585467282459685,0.11117676073713421,14.160120012180561
4,980.0,0.017585455600797297,0.11117596648271032,14.160118715962174
4,981.0,0.017585430817730743,0.11117518176528973,14.160115965988284
4,982.0,0.01758539217087102,0.11117440669152998,14.16011167766283
4,983.0,0.017585337390408892,0.11117364178572245,14.160105599123671
4,984.0,0.017585273485219745,0.11117288622769622,14.1600985080883
4,985.0,0.01758520045530358,0.11117214001745133,14.160090404556714
4,986.0,0.017585118300660393,0.11117140315498776,14.160081288528916
4,987.0,0.01758502702129019,0.1111706756403055,14.160071160004902
4,988.0,0.01758492661719297,0.11116995747340457,14.160060018984673
4,989.0,0.01758481708836873,0.11116924865428494,14.160047865468238
4,990.0,0.017584698434817473,0.11116854918294665,14.16003469945558
4,991.0,0.017584570656539195,0.11116785905938967,14.160020520946713
4,992.0,0.017584433753533902,0.11116717828361401,14.16000532994163
4,993.0,0.017584287725801586,0.11116650685561968,14.159989126440339
4,994.0,0.017584132573342254,0.11116584477540667,14.159971910442827
4,995.0,0.017583968296155907,0.11116519204297497,14.159953681949105
4,996.0,0.017583794894242537,0.11116454865832459,14.15993444095917
4,997.0,0.01758361236760215,0.11116391462145554,14.159914187473015
4,998.0,0.017583420716234744,0.1111632899323678,14.159892921490652
4,999.0,0.01758321994014032,0.11116267459106138,14.159870643012079
4,1000.0,0.017583010039318878,0.11116206859753629,14.159847352037286
4,1001.0,0.017582791013770416,0.11116147195179252,14.15982304856628
4,1002.0,0.017582559662520387,0.11116088573213061,14.159797377413135
4,1003.0,0.0175823210497883,0.11116030859293073,14.159770900512811
4,1004.0,0.01758207685825156,0.1111597400242144,14.159743804578229
4,1005.0,0.01758182708791016,0.1111591800259816,14.159716089609388
4,1006.0,0.01758157173876411,0.11115862859823233,14.159687755606297
4,1007.0,0.017581310810813405,0.1111580857409666,14.159658802568952
4,1008.0,0.017581044304058047,0.1111575514541844,14.159629230497352
4,1009.0,0.017580772218498037,0.11115702573788576,14.159599039391493
4,1010.0,0.01758049455413337,0.11115650859207063,14.159568229251384
4,1011.0,0.017580211310964048,0.11115600001673905,14.15953680007702
4,1012.0,0.017579922488990072,0.11115550001189099,14.159504751868399
4,1013.0,0.017579628088211445,0.11115500857752648,14.159472084625529
4,1014.0,0.017579328108628164,0.11115452571364551,14.159438798348399
4,1015.0,0.017579022550240225,0.11115405142024806,14.159404893037017
4,1016.0,0.017578711413047635,0.11115358569733416,14.159370368691375
4,1017.0,0.01757839469705039,0.11115312854490379,14.159335225311482
4,1018.0,0.01757807240224849,0.11115267996295695,14.159299462897334
4,1019.0,0.01757774452864194,0.11115223995149366,14.159263081448936
4,1020.0,0.01757741107623073,0.1111518085105139,14.159226080966276
4,1021.0,0.01757707204501487,0.11115138564001767,14.159188461449363
4,1022.0,0.01757672535558497,0.1111509724310212,14.15914999216317
4,1023.0,0.01757637326387298,0.11115056797906216,14.159110923429989
4,1024.0,0.01757601859211062,0.1111501708962666,14.159071568409749
4,1025.0,0.017575661340297897,0.11114978118263452,14.159031927102454
4,1026.0,0.017575301508434806,0.11114939883816594,14.158991999508102
4,1027.0,0.01757493909652135,0.11114902386286084,14.158951785626696
4,1028.0,0.017574574104557525,0.11114865625671921,14.158911285458236
4,1029.0,0.017574206532543334,0.11114829601974109,14.158870499002719
4,1030.0,0.01757383638047878,0.11114794315192644,14.15882942626015
4,1031.0,0.017573463648363857,0.11114759765327528,14.158788067230525
4,1032.0,0.017573088336198566,0.11114725952378761,14.158746421913841
4,1033.0,0.017572710443982908,0.11114692876346341,14.158704490310102
4,1034.0,0.017572329971716885,0.1111466053723027,14.158662272419313
4,1035.0,0.017571946919400495,0.11114628935030549,14.158619768241467
4,1036.0,0.01757156128703374,0.11114598069747175,14.158576977776567
4,1037.0,0.017571173074616614,0.11114567941380149,14.15853390102461
4,1038.0,0.017570782282149127,0.11114538549929473,14.158490537985596
4,1039.0,0.01757038890963127,0.11114509895395144,14.158446888659531
4,1040.0,0.017569992957063046,0.11114481977777166,14.158402953046405
4,1041.0,0.017569594424444456,0.11114454797075535,14.15835873114623
4,1042.0,0.0175691933117755,0.11114428353290251,14.158314222958998
4,1043.0,0.01756878877248875,0.1111440271159941,14.158269334548054
4,1044.0,0.017568380278541417,0.11114377934824249,14.158224007320824
4,1045.0,0.017567971580576606,0.11114353748078547,14.158178657455442
4,1046.0,0.017567562678594318,0.11114330151362303,14.158133284951914
4,1047.0,0.01756715357259455,0.11114307144675517,14.158087889810236
4,1048.0,0.017566744262577302,0.1111428472801819,14.158042472030411
4,1049.0,0.017566334748542578,0.1111426290139032,14.157997031612437
4,1050.0,0.017565925030490374,0.1111424166479191,14.157951568556314
4,1051.0,0.01756551510842069,0.11114221018222957,14.157906082862045
4,1052.0,0.01756510498233353,0.11114200961683462,14.157860574529622
4,1053.0,0.017564694652228888,0.11114181495173425,14.157815043559056
4,1054.0,0.017564284118106767,0.11114162618692848,14.157769489950338
4,1055.0,0.01756387337996717,0.11114144332241728,14.157723913703476
4,1056.0,0.017563462437810092,0.11114126635820065,14.157678314818464
4,1057.0,0.017563051291635535,0.11114109529427862,14.1576326932953
4,1058.0,0.0175626399414435,0.11114093013065117,14.15758704913399
4,1059.0,0.017562228387233987,0.1111407708673183,14.15754138233453
4,1060.0,0.017561816629006993,0.11114061750428,14.157495692896925
4,1061.0,0.01756140466676252,0.11114047004153631,14.157449980821168
4,1062.0,0.01756099250050057,0.11114032847908718,14.157404246107264
4,1063.0,0.017560580130221142,0.11114019281693263,14.15735848875521
4,1064.0,0.017560167555924232,0.11114006305507268,14.157312708765014
4,1065.0,0.017559754777609845,0.1111399391935073,14.157266906136662
4,1066.0,0.017559340357378765,0.11113982298761862,14.157220921318268
4,1067.0,0.017558926228612014,0.1111397124831849,14.157174968841279
4,1068.0,0.01755851360823024,0.11113960629052871,14.157129183737421
4,1069.0,0.017558102496233435,0.11113950440965009,14.157083566006682
4,1070.0,0.017557692892621605,0.11113940684054903,14.157038115649069
4,1071.0,0.017557284797394747,0.11113931358322553,14.156992832664583
4,1072.0,0.01755687821055286,0.11113922463767957,14.156947717053221
4,1073.0,0.01755647313209595,0.11113914000391119,14.156902768814982
4,1074.0,0.017556069562024008,0.11113905968192035,14.156857987949868
4,1075.0,0.01755566750033704,0.11113898367170708,14.156813374457883
4,1076.0,0.017555266947035044,0.11113891197327137,14.156768928339018
4,1077.0,0.01755486790211802,0.1111388445866132,14.156724649593281
4,1078.0,0.017554470365585974,0.1111387815117326,14.156680538220666
4,1079.0,0.017554074337438896,0.11113872274862957,14.156636594221178
4,1080.0,0.01755367981767679,0.11113866829730408,14.156592817594817
4,1081.0,0.01755328680629966,0.11113861815775615,14.156549208341577
4,1082.0,0.0175528953033075,0.1111385723299858,14.15650576646146
4,1083.0,0.017552505308700315,0.11113853081399298,14.15646249195447
4,1084.0,0.017552116822478103,0.11113849360977772,14.156419384820607
4,1085.0,0.01755172984464086,0.11113846071734003,14.156376445059863
4,1086.0,0.017551344375188592,0.11113843213667988,14.156333672672249
4,1087.0,0.017550960414121297,0.11113840786779731,14.15629106765776
4,1088.0,0.017550577961438975,0.11113838791069229,14.156248630016393
4,1089.0,0.017550197017141625,0.11113837226536483,14.15620635974815
4,1090.0,0.017549817198445783,0.11113836177351558,14.156164214378691
4,1091.0,0.017549438454581946,0.11113835699898784,14.15612218827453
4,1092.0,0.017549062258358783,0.11113835496870302,14.156080444861187
4,1093.0,0.017548688609776295,0.1111383556826611,14.156038984138664
4,1094.0,0.017548317508834482,0.11113835914086209,14.155997806106958
4,1095.0,0.017547948955533348,0.11113836534330601,14.155956910766069
4,1096.0,0.017547582949872888,0.11113837428999282,14.155916298115994
4,1097.0,0.017547219491853103,0.11113838598092256,14.15587596815674
4,1098.0,0.017546858581473996,0.1111384004160952,14.1558359208883
4,1099.0,0.017546500218735564,0.11113841759551077,14.155796156310679
4,1100.0,0.017546144403637807,0.11113843751916923,14.155756674423875
4,1101.0,0.017545791136180725,0.11113846018707062,14.155717475227888
4,1102.0,0.017545440416364317,0.11113848559921491,14.15567855872272
4,1103.0,0.017545092244188588,0.11113851375560212,14.155639924908368
4,1104.0,0.017544746619653533,0.11113854465623223,14.155601573784834
4,1105.0,0.017544403542759154,0.11113857830110525,14.155563505352115
4,1106.0,0.017544063013505452,0.1111386146902212,14.155525719610212
4,1107.0,0.017543725031892422,0.11113865382358006,14.155488216559133
4,1108.0,0.01754338959792007,0.11113869570118182,14.155450996198866
4,1109.0,0.017543056711588394,0.1111387403230265,14.155414058529416
4,1110.0,0.017542726372897395,0.11113878768911409,14.155377403550787
4,1111.0,0.017542398581847068,0.11113883779944458,14.15534103126297
4,1112.0,0.01754207333843742,0.111138890654018,14.155304941665975
4,1113.0,0.017541750642668445,0.11113894625283433,14.155269134759795
4,1114.0,0.01754143049454015,0.11113900459589356,14.155233610544435
4,1115.0,0.017541112894052524,0.11113906568319572,14.155198369019889
4,1116.0,0.017540797841205578,0.11113912951474077,14.155163410186162
4,1117.0,0.017540485279548625,0.11113919781169045,14.155128727779381
4,1118.0,0.01754017554367407,0.11113926881908329,14.155094358926526
4,1119.0,0.017539868745852373,0.11113934116082781,14.15506031608533
4,1120.0,0.01753956488608354,0.11113941483692404,14.155026599255795
4,1121.0,0.017539263964367564,0.11113948984737197,14.154993208437919
4,1122.0,0.01753896598070445,0.11113956619217158,14.154960143631703
4,1123.0,0.017538670935094196,0.1111396438713229,14.154927404837146
4,1124.0,0.0175383788275368,0.11113972288482592,14.154894992054246
4,1125.0,0.017538089658032264,0.11113980323268062,14.154862905283004
4,1126.0,0.01753780342658059,0.11113988491488702,14.15483114452343
4,1127.0,0.017537520133181776,0.11113996793144512,14.154799709775505
4,1128.0,0.01753723977783582,0.11114005228235492,14.154768601039246
4,1129.0,0.017536962360542724,0.1111401379676164,14.154737818314644
4,1130.0,0.01753668788130249,0.11114022498722959,14.154707361601702
4,1131.0,0.017536416340115116,0.11114031334119447,14.154677230900418
4,1132.0,0.0175361477369806,0.11114040302951105,14.154647426210797
4,1133.0,0.017535882071898944,0.11114049405217932,14.154617947532833
4,1134.0,0.01753561934487015,0.11114058640919929,14.154588794866527
4,1135.0,0.017535359555894216,0.11114068010057095,14.15455996821188
4,1136.0,0.01753510270497114,0.1111407751262943,14.154531467568892
4,1137.0,0.017534848792100925,0.11114087148636936,14.15450329293757
4,1138.0,0.01753459781728357,0.11114096918079612,14.1544754443179
4,1139.0,0.017534349780519074,0.11114106820957456,14.15444792170989
4,1140.0,0.01753410468180744,0.1111411685727047,14.154420725113543
4,1141.0,0.017533862521148663,0.11114127027018654,14.154393854528854
4,1142.0,0.017533623298542748,0.11114137330202008,14.15436730995582
4,1143.0,0.017533387013989692,0.1111414776682053,14.154341091394452
4,1144.0,0.017533153667489497,0.11114158336874223,14.154315198844738
4,1145.0,0.01753292325904216,0.11114169040363085,14.154289632306687
4,1146.0,0.017532695796017038,0.11114179878890562,14.154264392598014
4,1147.0,0.017532472380477136,0.11114191056010492,14.154239602005617
4,1148.0,0.017532251720093418,0.11114202254737089,14.154215117130333
4,1149.0,0.01753203381486588,0.11114213475070356,14.154190937972166
4,1150.0,0.017531818664794523,0.1111422471701029,14.154167064531112
4,1151.0,0.01753160626987935,0.11114235980556894,14.154143496807169
4,1152.0,0.017531396630120356,0.11114247265710166,14.154120234800336
4,1153.0,0.017531189745517543,0.11114258572470105,14.154097278510621
4,1154.0,0.017530985616070915,0.11114269900836714,14.154074627938018
4,1155.0,0.017530784241780468,0.1111428125080999,14.154052283082526
4,1156.0,0.0175305856226462,0.11114292622389935,14.154030243944149
4,1157.0,0.017530389758668115,0.11114304015576548,14.154008510522885
4,1158.0,0.017530196649846213,0.11114315430369831,14.153987082818736
4,1159.0,0.01753000629618049,0.1111432686676978,14.153965960831696
4,1160.0,0.01752981869767095,0.11114338324776399,14.15394514456177
4,1161.0,0.017529633854317595,0.11114349804389687,14.153924634008959
4,1162.0,0.01752945176612042,0.11114361305609642,14.153904429173263
4,1163.0,0.017529272433079425,0.11114372828436266,14.153884530054677
4,1164.0,0.01752909585519461,0.11114384372869558,14.153864936653202
4,1165.0,0.01752892203246598,0.11114395938909519,14.153845648968845
4,1166.0,0.01752875096489353,0.11114407526556147,14.1538266670016
4,1167.0,0.01752858265247726,0.11114419135809445,14.153807990751465
4,1168.0,0.017528417095217175,0.1111443076666941,14.153789620218447
4,1169.0,0.01752825429311327,0.11114442419136043,14.153771555402539
4,1170.0,0.017528094246165547,0.11114454093209346,14.153753796303748
4,1171.0,0.017527936954374008,0.11114465788889316,14.153736342922066
4,1172.0,0.017527782417738648,0.11114477506175956,14.153719195257498
4,1173.0,0.017527630636259468,0.11114489245069263,14.153702353310045
4,1174.0,0.017527481609936474,0.1111450100556924,14.153685817079705
4,1175.0,0.01752733533876966,0.11114512787675883,14.153669586566476
4,1176.0,0.017527191822759025,0.11114524591389197,14.15365366177036
4,1177.0,0.017527051061904574,0.11114536416709177,14.15363804269136
4,1178.0,0.017526913056206305,0.11114548263635826,14.153622729329472
4,1179.0,0.017526777857221693,0.11114560135739256,14.153607727405607
4,1180.0,0.01752664728682763,0.11114572143302723,14.153593239078521
4,1181.0,0.017526518878817336,0.11114584100397962,14.153578990693452
4,1182.0,0.01752639263319081,0.1111459600702497,14.153564982250389
4,1183.0,0.017526268549948057,0.1111460786318375,14.153551213749349
4,1184.0,0.017526146629089072,0.11114619668874301,14.153537685190319
4,1185.0,0.017526026870613855,0.11114631424096622,14.153524396573305
4,1186.0,0.017525909274522408,0.11114643128850714,14.153511347898304
4,1187.0,0.017525793840814728,0.11114654783136577,14.15349853916532
4,1188.0,0.017525680569490817,0.11114666386954211,14.153485970374343
4,1189.0,0.01752556946055068,0.11114677940303615,14.153473641525384
4,1190.0,0.01752546051399431,0.1111468944318479,14.153461552618442
4,1191.0,0.017525353729821707,0.11114700895597737,14.153449703653513
4,1192.0,0.017525249108032874,0.11114712297542453,14.153438094630593
4,1193.0,0.017525146648627813,0.11114723649018941,14.153426725549693
4,1194.0,0.017525046351606517,0.111147349500272,14.1534155964108
4,1195.0,0.017524948216968993,0.1111474620056723,14.153404707213928
4,1196.0,0.017524852244715238,0.11114757400639029,14.15339405795907
4,1197.0,0.01752475843484525,0.111147685502426,14.15338364864622
4,1198.0,0.017524666787359037,0.11114779649377941,14.153373479275391
4,1199.0,0.017524577302256587,0.11114790698045054,14.153363549846572
4,1200.0,0.01752448997953791,0.11114801696243938,14.153353860359767
4,1201.0,0.017524404819203,0.11114812643974592,14.15334441081498
4,1202.0,0.01752432182125186,0.11114823541237016,14.153335201212204
4,1203.0,0.01752424098568449,0.11114834388031213,14.153326231551445
4,1204.0,0.01752416231250089,0.11114845184357179,14.153317501832698
4,1205.0,0.017524085801701055,0.11114855930214916,14.153309012055962
4,1206.0,0.017524011453284992,0.11114866625604425,14.153300762221246
4,1207.0,0.017523939267252698,0.11114877270525703,14.153292752328536
4,1208.0,0.017523869243604176,0.11114887864978754,14.153284982377848
4,1209.0,0.01752380138233942,0.11114898408963574,14.153277452369169
4,1210.0,0.017523735683458434,0.11114908902480165,14.15327016230251
4,1211.0,0.017523672146961218,0.11114919345528526,14.15326311217786
4,1212.0,0.01752361077284777,0.1111492973810866,14.153256301995226
4,1213.0,0.01752355156111809,0.11114940080220563,14.153249731754604
4,1214.0,0.01752349451177218,0.11114950371864238,14.153243401456
4,1215.0,0.017523440173343462,0.11114960621323251,14.15323737196567
4,1216.0,0.01752338943705421,0.1111497083013823,14.153231742175246
4,1217.0,0.017523340096478757,0.1111498095742125,14.153226267255754
4,1218.0,0.0175232921516171,0.11114991003172311,14.153220947207188
4,1219.0,0.01752324560246924,0.11115000967391414,14.153215782029546
4,1220.0,0.01752320044903518,0.1111501085007856,14.153210771722836
4,1221.0,0.017523156691314917,0.11115020651233748,14.153205916287053
4,1222.0,0.017523114329308448,0.11115030370856976,14.153201215722193
4,1223.0,0.01752307336301578,0.11115040008948247,14.153196670028265
4,1224.0,0.017523033792436908,0.11115049565507559,14.15319227920526
4,1225.0,0.017522995617571833,0.11115059040534914,14.153188043253188
4,1226.0,0.017522958838420557,0.1111506843403031,14.15318396217204
4,1227.0,0.01752292345498308,0.11115077745993748,14.15318003596182
4,1228.0,0.017522889467259394,0.11115086976425227,14.153176264622527
4,1229.0,0.01752285687524951,0.11115096125324748,14.153172648154161
4,1230.0,0.017522825678953424,0.11115105192692312,14.153169186556722
4,1231.0,0.017522795878371137,0.11115114178527917,14.153165879830214
4,1232.0,0.017522767473502645,0.11115123082831564,14.153162727974628
4,1233.0,0.01752274046434795,0.11115131905603252,14.153159730989971
4,1234.0,0.01752271485090705,0.11115140646842983,14.153156888876245
4,1235.0,0.017522690633179953,0.11115149306550755,14.153154201633445
4,1236.0,0.01752266781116665,0.11115157884726569,14.15315166926157
4,1237.0,0.017522646384867148,0.11115166381370425,14.153149291760624
4,1238.0,0.01752262635428144,0.11115174796482323,14.153147069130606
4,1239.0,0.01752260771940953,0.11115183130062262,14.153145001371515
4,1240.0,0.01752259048025142,0.11115191382110243,14.153143088483349
4,1241.0,0.017522574636807106,0.11115199552626266,14.153141330466113
4,1242.0,0.017522560189076587,0.11115207641610331,14.153139727319802
4,1243.0,0.01752254713705987,0.11115215649062438,14.153138279044422
4,1244.0,0.017522535480756947,0.11115223574982586,14.153136985639966
4,1245.0,0.017522525220167822,0.11115231419370776,14.15313584710644
4,1246.0,0.017522516355292495,0.11115239182227007,14.153134863443839
4,1247.0,0.017522508886130966,0.11115246863551281,14.153134034652163
4,1248.0,0.017522502812683232,0.11115254463343596,14.153133360731422
4,1249.0,0.0175224981349493,0.11115261981603954,14.153132841681604
4,1250.0,0.01752249485292916,0.11115269418332353,14.153132477502709
4,1251.0,0.01752249296662282,0.11115276773528794,14.15313226819475
4,1252.0,0.017522492476030282,0.11115284047193276,14.153132213757711
4,1253.0,0.017522493820496587,0.11115291229887875,14.153132362942124
4,1254.0,0.01752249791084223,0.11115298293462339,14.153132816814278
4,1255.0,0.01752250266967021,0.1111530527678983,14.153133344862438
4,1256.0,0.017522508096980527,0.11115312179870351,14.153133947086605
4,1257.0,0.01752251419277318,0.11115319002703898,14.153134623486782
4,1258.0,0.017522520957048166,0.11115325745290473,14.153135374062968
4,1259.0,0.01752252838980549,0.11115332407630077,14.153136198815167
4,1260.0,0.017522536491045147,0.11115338989722708,14.15313709774337
4,1261.0,0.01752254526076714,0.11115345491568367,14.153138070847584
4,1262.0,0.01752255469897147,0.11115351913167053,14.15313911812781
4,1263.0,0.01752256480565814,0.11115358254518767,14.15314023958404
4,1264.0,0.01752257558082714,0.1111536451562351,14.153141435216282
4,1265.0,0.017522587024478474,0.1111537069648128,14.153142705024534
4,1266.0,0.01752259913661215,0.11115376797092077,14.153144049008793
4,1267.0,0.017522611917228155,0.11115382817455903,14.153145467169058
4,1268.0,0.0175226253663265,0.11115388757572757,14.153146959505339
4,1269.0,0.01752263948390718,0.11115394617442638,14.153148526017622
4,1270.0,0.017522654269970194,0.11115400397065547,14.15315016670592
4,1271.0,0.017522669724515546,0.11115406096441484,14.153151881570226
4,1272.0,0.017522685847543233,0.11115411715570449,14.15315367061054
4,1273.0,0.017522702639053256,0.11115417254452442,14.153155533826862
4,1274.0,0.01752272009904561,0.11115422713087462,14.153157471219192
4,1275.0,0.017522738227520304,0.1111542809147551,14.153159482787533
4,1276.0,0.017522757024477333,0.11115433389616586,14.153161568531882
4,1277.0,0.0175227764899167,0.1111543860751069,14.15316372845224
4,1278.0,0.0175227966238384,0.11115443745157821,14.153165962548607
4,1279.0,0.017522817426242437,0.11115448802557981,14.153168270820986
4,1280.0,0.017522838897128808,0.11115453779711168,14.15317065326937
4,1281.0,0.017522861036497514,0.11115458676617383,14.153173109893766
4,1282.0,0.01752288384434856,0.11115463493276626,14.153175640694169
4,1283.0,0.017522907320681937,0.11115468229688896,14.153178245670581
4,1284.0,0.017522931465497653,0.11115472885854195,14.153180924823006
4,1285.0,0.0175229562787957,0.11115477461772522,14.153183678151436
4,1286.0,0.017522981760576088,0.11115481957443876,14.153186505655878
4,1287.0,0.017523007910838807,0.11115486372868258,14.153189407336324
4,1288.0,0.017523034729583865,0.11115490708045667,14.153192383192785
4,1289.0,0.01752306221681126,0.11115494962976105,14.15319543322525
4,1290.0,0.017523090372520988,0.11115499137659571,14.153198557433726
4,1291.0,0.01752311919671305,0.11115503232096063,14.153201755818213
4,1292.0,0.01752314868938745,0.11115507246285584,14.153205028378707
4,1293.0,0.017523178850544184,0.11115511180228133,14.15320837511521
4,1294.0,0.017523210197702442,0.1111551500118658,14.153211853452586
4,1295.0,0.01752324290844491,0.11115518688782786,14.153215483095735
4,1296.0,0.01752327573755858,0.11115522317158602,14.153219125873564
4,1297.0,0.017523308685043454,0.11115525886314027,14.153222781786077
4,1298.0,0.017523341750899524,0.11115529396249062,14.153226450833273
4,1299.0,0.0175233749351268,0.11115532846963705,14.15323013301515
4,1300.0,0.017523408237725278,0.11115536238457958,14.153233828331713
4,1301.0,0.017523441658694953,0.11115539570731822,14.153237536782957
4,1302.0,0.017523475198035834,0.11115542843785294,14.153241258368881
4,1303.0,0.017523508855747914,0.11115546057618375,14.153244993089487
4,1304.0,0.017523542631831198,0.11115549212231067,14.15324874094478
4,1305.0,0.01752357652628568,0.11115552307623366,14.153252501934755
4,1306.0,0.01752361053911137,0.11115555343795276,14.153256276059409
4,1307.0,0.017523644670308255,0.11115558320746796,14.153260063318752
4,1308.0,0.017523678919876343,0.11115561238477924,14.153263863712773
4,1309.0,0.017523713287815636,0.11115564096988662,14.153267677241477
4,1310.0,0.017523747774126127,0.1111556689627901,14.153271503904865
4,1311.0,0.01752378237880782,0.11115569636348967,14.153275343702935
4,1312.0,0.017523817101860715,0.11115572317198533,14.153279196635685
4,1313.0,0.01752385194328481,0.11115574938827708,14.153283062703123
4,1314.0,0.01752388690308011,0.11115577501236493,14.153286941905238
4,1315.0,0.01752392198124661,0.11115580004424887,14.15329083424204
4,1316.0,0.01752395717778431,0.1111558244839289,14.15329473971352
4,1317.0,0.017523992492693215,0.11115584833140503,14.153298658319688
4,1318.0,0.01752402792597332,0.11115587158667725,14.153302590060536
4,1319.0,0.017524063477624627,0.11115589424974558,14.153306534936064
4,1320.0,0.017524099147647135,0.11115591632060999,14.153310492946277
4,1321.0,0.017524134936040842,0.1111559377992705,14.153314464091173
4,1322.0,0.017524170842805754,0.11115595868572709,14.15331844837075
4,1323.0,0.017524206867941868,0.11115597897997978,14.153322445785014
4,1324.0,0.01752424301144918,0.11115599868202856,14.153326456333955
4,1325.0,0.017524279273327698,0.11115601779187345,14.153330480017583
4,1326.0,0.017524315653577417,0.11115603630951443,14.15333451683589
4,1327.0,0.017524352152198334,0.11115605423495149,14.153338566788884
4,1328.0,0.017524388769190456,0.11115607156818465,14.15334262987656
4,1329.0,0.017524425504553777,0.1111560883092139,14.153346706098914
4,1330.0,0.0175244623582883,0.11115610445803926,14.153350795455955
4,1331.0,0.017524499330394027,0.1111561200146607,14.153354897947679
4,1332.0,0.017524536420870953,0.11115613497907824,14.15335901357408
4,1333.0,0.01752457362971908,0.11115614935129187,14.15336314233517
4,1334.0,0.01752461095693841,0.1111561631313016,14.153367284230939
4,1335.0,0.017524648402528945,0.11115617631910742,14.153371439261392
4,1336.0,0.017524685966490677,0.11115618891470933,14.153375607426527
4,1337.0,0.017524723648823612,0.11115620091810734,14.153379788726342
4,1338.0,0.017524761449527748,0.11115621232930144,14.153383983160847
4,1339.0,0.017524799653030262,0.11115622269487666,14.153388222290584
4,1340.0,0.017524838223406242,0.11115623192699382,14.153392502129261
4,1341.0,0.01752487660270173,0.11115624085005937,14.153396760765308
4,1342.0,0.01752491479091673,0.11115624946407329,14.153400998198713
4,1343.0,0.01752495278805124,0.11115625776903557,14.153405214429485
4,1344.0,0.017524990594105262,0.11115626576494621,14.153409409457616
4,1345.0,0.017525028209078794,0.11115627345180522,14.153413583283111
4,1346.0,0.017525065632971838,0.11115628082961258,14.153417735905972
4,1347.0,0.017525102865784393,0.11115628789836833,14.153421867326195
4,1348.0,0.017525139907516456,0.11115629465807243,14.153425977543783
4,1349.0,0.017525176758168032,0.11115630110872492,14.153430066558732
4,1350.0,0.01752521341773912,0.11115630725032576,14.153434134371047
4,1351.0,0.017525249886229718,0.11115631308287495,14.153438180980723
4,1352.0,0.01752528616363983,0.11115631860637253,14.153442206387762
4,1353.0,0.017525322249969447,0.11115632382081846,14.153446210592165
4,1354.0,0.017525358145218578,0.11115632872621277,14.153450193593935
4,1355.0,0.01752539384938722,0.11115633332255544,14.153454155393062
4,1356.0,0.017525429362475375,0.11115633760984647,14.153458095989555
4,1357.0,0.017525464684483037,0.11115634158808586,14.153462015383413
4,1358.0,0.017525499815410215,0.11115634525727364,14.153465913574633
4,1359.0,0.0175255347552569,0.11115634861740976,14.153469790563216
4,1360.0,0.017525569504023095,0.11115635166849426,14.153473646349163
4,1361.0,0.017525604061708805,0.11115635441052713,14.153477480932475
4,1362.0,0.017525638428314023,0.11115635684350836,14.153481294313146
4,1363.0,0.017525672603838752,0.11115635896743796,14.153485086491182
4,1364.0,0.017525706588282994,0.11115636078231592,14.153488857466582
4,1365.0,0.017525740381646747,0.11115636228814224,14.153492607239345
4,1366.0,0.01752577398393001,0.11115636348491693,14.153496335809471
4,1367.0,0.01752580739513278,0.11115636437264,14.153500043176962
4,1368.0,0.017525840615255067,0.11115636495131143,14.153503729341816
4,1369.0,0.017525873644296863,0.11115636522093122,14.153507394304032
4,1370.0,0.01752590648225817,0.11115636518149938,14.153511038063614
4,1371.0,0.01752593912913899,0.1111563648330159,14.153514660620557
4,1372.0,0.017525971584939317,0.11115636417548079,14.153518261974863
4,1373.0,0.017526003849659157,0.11115636320889405,14.153521842126532
4,1374.0,0.017526035923298506,0.11115636193325566,14.153525401075568
4,1375.0,0.01752606780585737,0.11115636034856566,14.153528938821966
4,1376.0,0.017526099497335742,0.11115635845482401,14.153532455365722
4,1377.0,0.017526130997733626,0.11115635625203073,14.153535950706846
4,1378.0,0.017526162307051018,0.11115635374018581,14.153539424845334
4,1379.0,0.017526193425287925,0.11115635091928927,14.153542877781186
4,1380.0,0.01752622435244434,0.11115634778934108,14.1535463095144
4,1381.0,0.01752625508852027,0.11115634435034126,14.153549720044973
4,1382.0,0.017526285633515708,0.11115634060228982,14.153553109372913
4,1383.0,0.017526315987430655,0.11115633654518674,14.153556477498219
4,1384.0,0.017526346150265115,0.11115633217903201,14.153559824420887
4,1385.0,0.017526376122019086,0.11115632750382566,14.153563150140915
4,1386.0,0.01752640590269257,0.11115632251956767,14.153566454658309
4,1387.0,0.017526435492285563,0.11115631722625806,14.153569737973067
4,1388.0,0.017526464890798066,0.1111563116238968,14.153573000085185
4,1389.0,0.01752649409823008,0.1111563057124839,14.153576240994669
4,1390.0,0.017526523114581607,0.11115629949201938,14.153579460701517
4,1391.0,0.01752655174767212,0.11115629214896271,14.153582637881028
4,1392.0,0.017526580094028542,0.11115628459220532,14.153585783244003
4,1393.0,0.017526608180372036,0.1111562769728534,14.153588899755476
4,1394.0,0.017526636006702605,0.11115626929090691,14.153591987415446
4,1395.0,0.01752666357302025,0.1111562615463659,14.153595046223911
4,1396.0,0.01752669087932497,0.11115625373923034,14.153598076180872
4,1397.0,0.017526717925616764,0.11115624586950025,14.153601077286325
4,1398.0,0.017526744711895637,0.1111562379371756,14.153604049540277
4,1399.0,0.01752677123816158,0.11115622994225643,14.153606992942724
4,1400.0,0.0175267975044146,0.11115622188474271,14.153609907493667
4,1401.0,0.017526823510654693,0.11115621376463444,14.153612793193103
4,1402.0,0.017526849256881864,0.11115620558193164,14.153615650041038
4,1403.0,0.017526874743096107,0.11115619733663429,14.153618478037467
4,1404.0,0.017526899969297426,0.1111561890287424,14.153621277182392
4,1405.0,0.01752692493548582,0.11115618065825598,14.153624047475814
4,1406.0,0.01752694964166129,0.11115617222517502,14.153626788917727
4,1407.0,0.017526974087823832,0.11115616372949949,14.15362950150814
4,1408.0,0.01752699827397345,0.11115615517122944,14.153632185247044
4,1409.0,0.017527022200110143,0.11115614655036485,14.15363484013445
4,1410.0,0.017527045866233913,0.11115613786690572,14.153637466170343
4,1411.0,0.017527069272344757,0.11115612912085204,14.15364006335474
4,1412.0,0.017527092418442674,0.11115612031220382,14.15364263168763
4,1413.0,0.017527115304527666,0.11115611144096106,14.15364517116901
4,1414.0,0.017527137930599734,0.11115610250712377,14.153647681798892
4,1415.0,0.017527160296658878,0.11115609351069192,14.15365016357727
4,1416.0,0.017527182402705097,0.11115608445166554,14.153652616504136
4,1417.0,0.01752720424873839,0.11115607533004461,14.153655040579507
4,1418.0,0.017527225834758756,0.11115606614582914,14.153657435803371
4,1419.0,0.017527247160766198,0.11115605689901914,14.153659802175724
4,1420.0,0.017527268226760716,0.11115604758961459,14.15366213969658
4,1421.0,0.01752728903274231,0.1111560382176155,14.153664448365928
4,1422.0,0.017527309578710976,0.11115602878302186,14.153666728183774
4,1423.0,0.017527329864666718,0.1111560192858337,14.153668979150114
4,1424.0,0.017527349890609535,0.11115600972605098,14.153671201264949
4,1425.0,0.017527369656539428,0.11115600010367373,14.153673394528278
4,1426.0,0.017527389162456393,0.11115599041870193,14.153675558940108
4,1427.0,0.017527408408360437,0.11115598067113559,14.153677694500427
4,1428.0,0.017527427394251553,0.1111559708609747,14.153679801209247
4,1429.0,0.017527446120129745,0.11115596098821928,14.15368187906656
4,1430.0,0.01752746458599501,0.11115595105286932,14.153683928072368
4,1431.0,0.017527482791847352,0.11115594105492482,14.15368594822667
4,1432.0,0.017527500737686767,0.11115593099438577,14.153687939529474
4,1433.0,0.017527518423513258,0.11115592087125219,14.153689901980767
4,1434.0,0.017527535849326824,0.11115591068552406,14.153691835580558
4,1435.0,0.017527553015127467,0.11115590043720139,14.153693740328844
4,1436.0,0.01752756992091518,0.11115589012628418,14.153695616225628
4,1437.0,0.017527586566689974,0.11115587975277243,14.153697463270907
4,1438.0,0.01752760295245184,0.11115586931666613,14.153699281464679
4,1439.0,0.01752761907820078,0.1111558588179653,14.153701070806948
4,1440.0,0.017527634943936794,0.11115584825666992,14.153702831297712
4,1441.0,0.017527650549659886,0.11115583763278,14.15370456293697
4,1442.0,0.01752766589537005,0.11115582694629554,14.153706265724729
4,1443.0,0.01752768098106729,0.11115581619721654,14.153707939660979
4,1444.0,0.017527695806751606,0.111155805385543,14.153709584745727
4,1445.0,0.017527710372422997,0.11115579451127491,14.153711200978966
4,1446.0,0.01752772467808146,0.11115578357441229,14.153712788360707
4,1447.0,0.017527738723727,0.11115577257495513,14.153714346890938
4,1448.0,0.017527752509359614,0.11115576151290342,14.15371587656967
4,1449.0,0.017527766034979304,0.11115575038825717,14.153717377396891
4,1450.0,0.01752777930058607,0.11115573920101639,14.153718849372613
4,1451.0,0.017527792306179908,0.11115572795118105,14.153720292496825
4,1452.0,0.017527805051760822,0.11115571663875118,14.153721706769538
4,1453.0,0.017527817004392515,0.11115570507489632,14.153723033055167
4,1454.0,0.017527828418317546,0.11115569342288832,14.153724299564933
4,1455.0,0.017527839671278182,0.11115568183496484,14.1537255482138
4,1456.0,0.017527850763274417,0.11115567031112589,14.153726779001765
4,1457.0,0.017527861694306254,0.11115565885137145,14.153727991928825
4,1458.0,0.017527872464373692,0.11115564745570154,14.153729186994992
4,1459.0,0.01752788307347673,0.11115563612411614,14.153730364200252
4,1460.0,0.01752789352161537,0.11115562485661526,14.153731523544614
4,1461.0,0.017527903808789613,0.1111556136531989,14.153732665028073
4,1462.0,0.01752791393499946,0.11115560251386707,14.153733788650632
4,1463.0,0.017527923900244904,0.11115559143861975,14.153734894412292
4,1464.0,0.01752793370452595,0.11115558042745695,14.153735982313048
4,1465.0,0.0175279433478426,0.11115556948037866,14.153737052352904
4,1466.0,0.01752795283019485,0.1111555585973849,14.15373810453186
4,1467.0,0.0175279621515827,0.11115554777847565,14.153739138849916
4,1468.0,0.017527971312006153,0.11115553702365093,14.153740155307071
4,1469.0,0.017527980311465206,0.11115552633291073,14.153741153903326
4,1470.0,0.017527989149959865,0.11115551570625504,14.15374213463868
4,1471.0,0.01752799782749012,0.11115550514368387,14.153743097513132
4,1472.0,0.01752800634405598,0.11115549464519722,14.153744042526682
4,1473.0,0.01752801469965744,0.1111554842107951,14.153744969679332
4,1474.0,0.0175280228942945,0.1111554738404775,14.15374587897108
4,1475.0,0.017528030927967165,0.11115546353424441,14.153746770401934
4,1476.0,0.017528038800675428,0.11115545329209583,14.153747643971881
4,1477.0,0.017528046512419296,0.11115544311403178,14.15374849968093
4,1478.0,0.017528054063198763,0.11115543300005225,14.153749337529076
4,1479.0,0.017528061453013832,0.11115542295015723,14.15375015751632
4,1480.0,0.017528068681864503,0.11115541296434675,14.153750959642668
4,1481.0,0.017528075749750776,0.11115540304262077,14.153751743908114
4,1482.0,0.01752808265667265,0.11115539318497931,14.153752510312652
4,1483.0,0.017528089402630124,0.11115538339142238,14.153753258856296
4,1484.0,0.0175280959876232,0.11115537366194997,14.153753989539041
4,1485.0,0.01752810241165188,0.11115536399656208,14.15375470236088
4,1486.0,0.01752810867471616,0.11115535439525868,14.15375539732182
4,1487.0,0.01752811477681604,0.11115534485803984,14.15375607442186
4,1488.0,0.017528120717951522,0.11115533538490549,14.153756733660996
4,1489.0,0.017528126498122604,0.11115532597585567,14.153757375039234
4,1490.0,0.01752813211732929,0.11115531663089037,14.153757998556573
4,1491.0,0.01752813757557158,0.11115530735000959,14.153758604213007
4,1492.0,0.017528142872849466,0.11115529813321333,14.153759192008543
4,1493.0,0.017528148009162955,0.11115528898050159,14.153759761943176
4,1494.0,0.017528152984512047,0.11115527989187436,14.153760314016914
4,1495.0,0.01752815779889674,0.11115527086733165,14.15376084822975
4,1496.0,0.017528162452317034,0.11115526190687347,14.15376136458168
4,1497.0,0.01752816694477293,0.1111552530104998,14.15376186307271
4,1498.0,0.017528171276264427,0.11115524417821065,14.153762343702839
4,1499.0,0.017528175446791527,0.11115523541000603,14.153762806472072
4,1500.0,0.017528179456354227,0.11115522670588593,14.153763251380402
4,1501.0,0.017528183304952528,0.11115521806585034,14.153763678427831
4,1502.0,0.01752818699258643,0.11115520948989926,14.153764087614357
4,1503.0,0.017528190519255936,0.11115520097803272,14.153764478939983
4,1504.0,0.017528193884961043,0.11115519253025068,14.15376485240471
4,1505.0,0.01752819708970175,0.11115518414655318,14.153765208008531
4,1506.0,0.01752820013347806,0.11115517582694018,14.153765545751458
4,1507.0,0.01752820301628997,0.11115516757141171,14.153765865633481
4,1508.0,0.01752820573813748,0.11115515937996776,14.153766167654606
4,1509.0,0.017528208299020593,0.11115515125260832,14.153766451814827
4,1510.0,0.017528210698939308,0.1111551431893334,14.153766718114152
4,1511.0,0.017528212937893625,0.111155135190143,14.15376696655257
4,1512.0,0.017528215015883544,0.11115512725503712,14.153767197130088
4,1513.0,0.017528216932909062,0.11115511938401576,14.153767409846708
4,1514.0,0.017528218688970185,0.11115511157707893,14.153767604702429
4,1515.0,0.017528220284066906,0.11115510383422661,14.153767781697242
4,1516.0,0.01752822171819923,0.11115509615545881,14.15376794083116
4,1517.0,0.017528222991367155,0.11115508854077552,14.153768082104179
4,1518.0,0.017528224103570682,0.11115508099017676,14.15376820551629
4,1519.0,0.01752822505480981,0.11115507350366252,14.153768311067504
4,1520.0,0.01752822584508454,0.1111550660812328,14.15376839875782
4,1521.0,0.01752822647439487,0.1111550587228876,14.153768468587229
4,1522.0,0.017528226942740803,0.1111550514286269,14.153768520555744
4,1523.0,0.017528227250122336,0.11115504419845074,14.153768554663355
4,1524.0,0.017528227396539472,0.1111550370323591,14.153768570910062
4,1525.0,0.01752822738199221,0.11115502993035196,14.153768569295872
4,1526.0,0.01752822720648055,0.11115502289242936,14.15376854982078
4,1527.0,0.01752822687000449,0.11115501591859127,14.15376851248479
4,1528.0,0.01752822592281619,0.11115500919640321,14.153768407383062
4,1529.0,0.017528224720034628,0.11115500262494024,14.153768273920246
4,1530.0,0.01752822348206258,0.11115499612090005,14.153768136552628
4,1531.0,0.017528222208900046,0.11115498968428261,14.15376799528021
4,1532.0,0.017528220900547026,0.11115498331508794,14.15376785010299
4,1533.0,0.017528219557003524,0.11115497701331604,14.153767701020977
4,1534.0,0.017528218178269536,0.11115497077896691,14.153767548034159
4,1535.0,0.017528216764345066,0.11115496461204054,14.153767391142543
4,1536.0,0.01752821531523011,0.11115495851253693,14.153767230346125
4,1537.0,0.017528213830924667,0.11115495248045609,14.153767065644908
4,1538.0,0.01752821231142874,0.11115494651579803,14.153766897038892
4,1539.0,0.017528210756742327,0.11115494061856272,14.153766724528074
4,1540.0,0.01752820916686543,0.11115493478875019,14.15376654811246
4,1541.0,0.01752820754179805,0.11115492902636041,14.153766367792043
4,1542.0,0.017528205881540186,0.11115492333139342,14.153766183566828
4,1543.0,0.017528204186091835,0.11115491770384918,14.153765995436812
4,1544.0,0.017528202455453,0.1111549121437277,14.153765803401999
4,1545.0,0.017528200689623682,0.111154906651029,14.153765607462386
4,1546.0,0.017528198888603876,0.11115490122575307,14.15376540761797
4,1547.0,0.01752819705239359,0.1111548958678999,14.153765203868756
4,1548.0,0.017528195180992814,0.11115489057746948,14.153764996214738
4,1549.0,0.017528193274401555,0.11115488535446184,14.153764784655925
4,1550.0,0.017528191332619812,0.11115488019887698,14.153764569192314
4,1551.0,0.017528189355647584,0.11115487511071487,14.153764349823893
4,1552.0,0.01752818734348487,0.11115487008997553,14.153764126550682
4,1553.0,0.017528185296131673,0.11115486513665895,14.153763899372668
4,1554.0,0.01752818321358799,0.11115486025076515,14.153763668289853
4,1555.0,0.01752818109585382,0.11115485543229411,14.153763433302242
4,1556.0,0.01752817894292917,0.11115485068124584,14.15376319440983
4,1557.0,0.017528176754814034,0.11115484599762032,14.153762951612615
4,1558.0,0.01752817453150841,0.11115484138141758,14.153762704910601
4,1559.0,0.017528172273012305,0.1111548368326376,14.153762454303788
4,1560.0,0.017528169979325714,0.1111548323512804,14.153762199792174
4,1561.0,0.017528167650448637,0.11115482793734596,14.153761941375764
4,1562.0,0.017528165286381077,0.11115482359083428,14.15376167905455
4,1563.0,0.01752816288712303,0.11115481931174537,14.15376141282854
4,1564.0,0.017528160452674503,0.11115481510007923,14.153761142697727
4,1565.0,0.01752815798303549,0.11115481095583585,14.153760868662115
4,1566.0,0.01752815547820599,0.11115480687901524,14.153760590721703
4,1567.0,0.017528152938186003,0.1111548028696174,14.153760308876494
4,1568.0,0.017528150362975534,0.11115479892764232,14.15376002312648
4,1569.0,0.01752814775257458,0.11115479505309,14.15375973347167
4,1570.0,0.017528145106983143,0.11115479124596046,14.153759439912058
4,1571.0,0.01752814242620122,0.11115478750625368,14.153759142447647
4,1572.0,0.01752813971022881,0.11115478383396968,14.15375884107844
4,1573.0,0.01752813695906592,0.11115478022910842,14.153758535804428
4,1574.0,0.01752813417271254,0.11115477669166994,14.153758226625614
4,1575.0,0.01752813135116868,0.11115477322165424,14.153757913542009
4,1576.0,0.01752812849443433,0.11115476981906129,14.153757596553595
4,1577.0,0.0175281256025095,0.11115476648389111,14.153757275660384
4,1578.0,0.017528122675394185,0.11115476321614369,14.153756950862379
4,1579.0,0.017528119713088382,0.11115476001581905,14.153756622159564
4,1580.0,0.017528116715592096,0.11115475688291716,14.153756289551955
4,1581.0,0.017528113682905324,0.11115475381743806,14.153755953039548
4,1582.0,0.01752811061502807,0.1111547508193817,14.153755612622339
4,1583.0,0.01752810751196033,0.11115474788874811,14.15375526830033
4,1584.0,0.017528104373702103,0.11115474502553731,14.15375492007352
4,1585.0,0.017528101200253395,0.11115474222974926,14.153754567941911
4,1586.0,0.0175280979916142,0.11115473950138398,14.153754211905504
4,1587.0,0.01752809474778452,0.11115473684044146,14.153753851964293
4,1588.0,0.017528091468764356,0.11115473424692171,14.153753488118287
4,1589.0,0.017528088154553707,0.11115473172082473,14.153753120367476
4,1590.0,0.017528084805152576,0.1111547292621505,14.153752748711875
4,1591.0,0.017528081420560955,0.11115472687089906,14.15375237315146
4,1592.0,0.01752807800077885,0.11115472454707037,14.153751993686255
4,1593.0,0.017528074545806266,0.11115472229066445,14.15375161031625
4,1594.0,0.017528071055643194,0.1111547201016813,14.153751223041441
4,1595.0,0.017528067530289636,0.11115471798012092,14.153750831861837
4,1596.0,0.017528063969745593,0.11115471592598329,14.153750436777427
4,1597.0,0.017528060374011067,0.11115471393926844,14.15375003778822
4,1598.0,0.017528056743086055,0.11115471201997636,14.153749634894215
4,1599.0,0.01752805307697056,0.11115471016810705,14.153749228095407
4,1600.0,0.01752804937566458,0.11115470838366048,14.153748817391804
4,1601.0,0.017528045639168113,0.1111547066666367,14.153748402783398
4,1602.0,0.01752804186748116,0.11115470501703568,14.153747984270192
4,1603.0,0.017528038060603726,0.11115470343485742,14.153747561852184
4,1604.0,0.017528034218535805,0.11115470192010193,14.15374713552938
4,1605.0,0.017528030341277402,0.11115470047276922,14.153746705301774
4,1606.0,0.017528026428828513,0.11115469909285926,14.153746271169368
4,1607.0,0.017528022481189138,0.11115469778037207,14.153745833132165
4,1608.0,0.01752801849835928,0.11115469653530766,14.15374539119016
4,1609.0,0.017528014428924446,0.11115469550564276,14.153744939638312
4,1610.0,0.01752801027362695,0.11115469477176428,14.153744478558984
4,1611.0,0.017528006141646093,0.11115469405807715,14.153744020066917
4,1612.0,0.01752800203298187,0.11115469336458138,14.1537435641621
4,1613.0,0.017527997947634287,0.11115469269127697,14.153743110844545
4,1614.0,0.017527993885603343,0.11115469203816392,14.153742660114244
4,1615.0,0.017527989846889035,0.11115469140524223,14.153742211971199
4,1616.0,0.017527985831491365,0.11115469079251189,14.153741766415413
4,1617.0,0.01752798183941033,0.11115469019997291,14.153741323446878
4,1618.0,0.017527977870645934,0.11115468962762529,14.153740883065606
4,1619.0,0.017527973925198177,0.11115468907546902,14.153740445271584
4,1620.0,0.017527970003067057,0.11115468854350412,14.153740010064821
4,1621.0,0.017527966104252574,0.11115468803173056,14.153739577445315
4,1622.0,0.017527962228754728,0.11115468754014837,14.153739147413063
4,1623.0,0.01752795837657352,0.11115468706875754,14.15373871996807
4,1624.0,0.01752795454770895,0.11115468661755806,14.153738295110331
4,1625.0,0.017527950742161014,0.11115468618654994,14.153737872839853
4,1626.0,0.017527946959929718,0.11115468577573319,14.153737453156626
4,1627.0,0.01752794320101506,0.11115468538510778,14.153737036060656
4,1628.0,0.017527939465417038,0.11115468501467374,14.153736621551944
4,1629.0,0.017527935753135656,0.11115468466443106,14.15373620963049
4,1630.0,0.017527932064170908,0.11115468433437972,14.153735800296289
4,1631.0,0.0175279283985228,0.11115468402451975,14.153735393549342
4,1632.0,0.01752792475619133,0.11115468373485114,14.153734989389655
4,1633.0,0.017527921137176494,0.11115468346537388,14.153734587817222
4,1634.0,0.017527917541478297,0.11115468321608798,14.153734188832047
4,1635.0,0.01752791396909674,0.11115468298699344,14.153733792434128
4,1636.0,0.017527910420031816,0.11115468277809026,14.153733398623462
4,1637.0,0.017527906894283532,0.11115468258937843,14.153733007400058
4,1638.0,0.017527903391851885,0.11115468242085796,14.15373261876391
4,1639.0,0.017527899912736875,0.11115468227252885,14.153732232715013
4,1640.0,0.017527896456938506,0.1111546821443911,14.153731849253376
4,1641.0,0.01752789302445677,0.1111546820364447,14.153731468378995
4,1642.0,0.017527889615291673,0.11115468194868966,14.153731090091869
4,1643.0,0.017527886229443214,0.11115468188112598,14.153730714392001
4,1644.0,0.01752788286691139,0.11115468183375367,14.15373034127939
4,1645.0,0.017527879527696206,0.1111546818065727,14.15372997075403
4,1646.0,0.01752787621179766,0.11115468179958309,14.153729602815929
4,1647.0,0.017527872919215752,0.11115468181278484,14.153729237465088
4,1648.0,0.017527869649950477,0.11115468184617795,14.153728874701498
4,1649.0,0.017527866404001842,0.11115468189976242,14.153728514525168
4,1650.0,0.017527863181369847,0.11115468197353824,14.15372815693609
4,1651.0,0.017527859982054486,0.11115468206750542,14.153727801934272
4,1652.0,0.017527856806055765,0.11115468218166397,14.15372744951971
4,1653.0,0.017527853653373678,0.11115468231601386,14.153727099692402
4,1654.0,0.01752785052400823,0.11115468247055511,14.153726752452357
4,1655.0,0.01752784741795942,0.11115468264528772,14.153726407799562
4,1656.0,0.01752784433522725,0.1111546828402117,14.153726065734023
4,1657.0,0.017527841275811713,0.11115468305532702,14.153725726255741
4,1658.0,0.017527838239712816,0.1111546832906337,14.153725389364718
4,1659.0,0.017527835226930556,0.11115468354613174,14.153725055060946
4,1660.0,0.017527832237464933,0.11115468382182114,14.153724723344434
4,1661.0,0.017527829271315947,0.11115468411770191,14.15372439421518
4,1662.0,0.0175278263284836,0.11115468443377402,14.15372406767318
4,1663.0,0.01752782340896789,0.1111546847700375,14.153723743718436
4,1664.0,0.017527820512768817,0.11115468512649232,14.153723422350946
4,1665.0,0.01752781763988638,0.1111546855031385,14.153723103570716
4,1666.0,0.017527814790320582,0.11115468589997606,14.153722787377745
4,1667.0,0.01752781196407142,0.11115468631700497,14.153722473772024
4,1668.0,0.0175278091611389,0.11115468675422523,14.153722162753564
4,1669.0,0.01752780638152301,0.11115468721163685,14.153721854322356
4,1670.0,0.017527803625223763,0.11115468768923982,14.153721548478407
4,1671.0,0.017527800892241152,0.11115468818703415,14.153721245221714
4,1672.0,0.01752779818257518,0.11115468870501985,14.153720944552274
4,1673.0,0.017527795496225844,0.1111546892431969,14.153720646470092
4,1674.0,0.017527792833193147,0.1111546898015653,14.153720350975167
4,1675.0,0.017527790193477083,0.11115469038012507,14.153720058067499
4,1676.0,0.01752778757707766,0.11115469097887619,14.15371976774709
4,1677.0,0.017527784983994876,0.11115469159781867,14.153719480013931
4,1678.0,0.017527782414228726,0.11115469223695251,14.15371919486803
4,1679.0,0.017527779867779213,0.1111546928962777,14.153718912309389
4,1680.0,0.01752777734464634,0.11115469357579426,14.153718632338
4,1681.0,0.017527774844830105,0.11115469427550217,14.153718354953869
4,1682.0,0.017527772368330505,0.11115469499540144,14.153718080156994
4,1683.0,0.017527769915147543,0.11115469573549207,14.153717807947379
4,1684.0,0.01752776748528122,0.11115469649577404,14.153717538325017
4,1685.0,0.017527765078731532,0.11115469727624738,14.15371727128991
4,1686.0,0.017527762695498484,0.11115469807691208,14.15371700684206
4,1687.0,0.017527760335582072,0.11115469889776815,14.153716744981464
4,1688.0,0.017527757998982298,0.11115469973881556,14.153716485708129
4,1689.0,0.017527755685699163,0.11115470060005433,14.153716229022047
4,1690.0,0.017527753395732662,0.11115470148148446,14.153715974923223
4,1691.0,0.0175277511290828,0.11115470238310594,14.153715723411658
4,1692.0,0.017527748885749577,0.11115470330491879,14.153715474487342
4,1693.0,0.01752774666573299,0.111154704246923,14.15371522815029
4,1694.0,0.01752774446903304,0.11115470520911856,14.15371498440049
4,1695.0,0.017527742295649726,0.11115470619150547,14.153714743237943
4,1696.0,0.017527740145583053,0.11115470719408375,14.15371450466266
4,1697.0,0.017527738018833016,0.11115470821685339,14.153714268674626
4,1698.0,0.017527735915399616,0.11115470925981438,14.15371403527385
4,1699.0,0.017527733835282854,0.11115471032296673,14.153713804460333
4,1700.0,0.017527731778482727,0.11115471140631043,14.153713576234072
4,1701.0,0.01752772974499924,0.1111547125098455,14.153713350595067
4,1702.0,0.017527727734832393,0.11115471363357192,14.153713127543316
4,1703.0,0.017527725747982177,0.1111547147774897,14.153712907078823
4,1704.0,0.017527723784448605,0.11115471594159883,14.15371268920159
4,1705.0,0.017527721844231667,0.11115471712589933,14.153712473911606
4,1706.0,0.017527719927331365,0.11115471833039119,14.153712261208883
4,1707.0,0.017527718033747704,0.11115471955507439,14.153712051093413
4,1708.0,0.01752771616348068,0.11115472079994895,14.153711843565201
4,1709.0,0.01752771431653029,0.11115472206501488,14.153711638624246
4,1710.0,0.01752771249289654,0.11115472335027217,14.153711436270548
4,1711.0,0.017527710692579426,0.11115472465572081,14.153711236504105
4,1712.0,0.01752770902015994,0.11115472600409723,14.153711050929413
4,1713.0,0.017527707598350546,0.11115472740559139,14.15371089316287
4,1714.0,0.017527706190226974,0.11115472879999563,14.153710736914935
4,1715.0,0.01752770479578922,0.11115473018730997,14.153710582185596
4,1716.0,0.017527703415037284,0.11115473156753437,14.153710428974867
4,1717.0,0.01752770204797117,0.11115473294066887,14.153710277282737
4,1718.0,0.017527700694590875,0.11115473430671345,14.15371012710921
4,1719.0,0.017527699354896394,0.11115473566566811,14.153709978454287
4,1720.0,0.017527698028887737,0.11115473701753285,14.153709831317968
4,1721.0,0.017527696716564897,0.11115473836230769,14.153709685700257
4,1722.0,0.017527695417927876,0.1111547396999926,14.15370954160114
4,1723.0,0.017527694132976675,0.11115474103058759,14.153709399020629
4,1724.0,0.01752769286171129,0.11115474235409266,14.153709257958726
4,1725.0,0.01752769160413173,0.11115474367050783,14.153709118415422
4,1726.0,0.017527690360237984,0.11115474497983306,14.153708980390723
4,1727.0,0.017527689130030055,0.1111547462820684,14.153708843884624
4,1728.0,0.01752768791350795,0.1111547475772138,14.153708708897133
4,1729.0,0.01752768671067166,0.1111547488652693,14.153708575428244
4,1730.0,0.017527685521521192,0.11115475014623488,14.153708443477957
4,1731.0,0.017527684346056543,0.11115475142011054,14.153708313046273
4,1732.0,0.017527683184277713,0.11115475268689629,14.153708184133192
4,1733.0,0.0175276820361847,0.1111547539465921,14.153708056738715
4,1734.0,0.017527680901777507,0.11115475519919801,14.15370793086284
4,1735.0,0.017527679781056134,0.11115475644471401,14.15370780650557
4,1736.0,0.017527678674020577,0.11115475768314008,14.153707683666903
4,1737.0,0.017527677580670843,0.11115475891447624,14.153707562346836
4,1738.0,0.017527676501006926,0.11115476013872248,14.153707442545379
4,1739.0,0.01752767543502883,0.11115476135587882,14.153707324262518
4,1740.0,0.017527674382736547,0.11115476256594523,14.153707207498265
4,1741.0,0.017527673344130086,0.11115476376892171,14.153707092252613
4,1742.0,0.017527672319209448,0.11115476496480829,14.153706978525566
4,1743.0,0.017527671307974623,0.11115476615360495,14.15370686631712
4,1744.0,0.01752767031042562,0.1111547673353117,14.15370675562728
4,1745.0,0.017527669326562436,0.11115476850992852,14.153706646456042
4,1746.0,0.017527668356385074,0.11115476967745543,14.153706538803409
4,1747.0,0.017527667399893525,0.11115477083789242,14.153706432669376
4,1748.0,0.0175276664570878,0.11115477199123949,14.153706328053945
4,1749.0,0.01752766552796789,0.11115477313749665,14.15370622495712
4,1750.0,0.017527664612533803,0.11115477427666388,14.153706123378898
4,1751.0,0.01752766371078553,0.11115477540874122,14.15370602331928
4,1752.0,0.01752766282272308,0.11115477653372863,14.153705924778262
4,1753.0,0.017527661948346446,0.11115477765162611,14.15370582775585
4,1754.0,0.017527661087655636,0.11115477876243368,14.15370573225204
4,1755.0,0.017527660240650642,0.11115477986615134,14.153705638266834
4,1756.0,0.017527659407331465,0.11115478096277909,14.15370554580023
4,1757.0,0.01752765858769811,0.11115478205231691,14.153705454852235
4,1758.0,0.017527657781750573,0.11115478313476482,14.153705365422836
4,1759.0,0.017527656989488855,0.11115478421012281,14.153705277512042
4,1760.0,0.017527656210912953,0.11115478527839089,14.153705191119853
4,1761.0,0.017527655446022875,0.11115478633956904,14.153705106246264
4,1762.0,0.017527654694818613,0.11115478739365728,14.15370502289128
4,1763.0,0.01752765395730017,0.1111547884406556,14.153704941054901
4,1764.0,0.017527653233467548,0.11115478948056401,14.153704860737129
4,1765.0,0.017527652523320742,0.11115479051338249,14.153704781937952
4,1766.0,0.017527651826859756,0.11115479153911108,14.15370470465738
4,1767.0,0.01752765114408459,0.11115479255774972,14.153704628895412
4,1768.0,0.017527650474995243,0.11115479356929847,14.153704554652048
4,1769.0,0.017527649819591713,0.11115479457375729,14.153704481927289
4,1770.0,0.017527649177874007,0.1111547955711262,14.153704410721131
4,1771.0,0.017527648549842116,0.11115479656140519,14.153704341033576
4,1772.0,0.017527647935496042,0.11115479754459426,14.153704272864625
4,1773.0,0.01752764733483579,0.11115479852069342,14.153704206214277
4,1774.0,0.017527646747861357,0.11115479948970265,14.153704141082532
4,1775.0,0.017527646174572743,0.11115480045162197,14.15370407746939
4,1776.0,0.017527645614969948,0.11115480140645138,14.153704015374853
4,1777.0,0.01752764506905297,0.11115480235419087,14.153703954798916
4,1778.0,0.017527644536821815,0.11115480329484044,14.153703895741588
4,1779.0,0.017527644018276476,0.1111548042284001,14.153703838202855
4,1780.0,0.017527643513416954,0.11115480515486983,14.15370378218273
4,1781.0,0.017527643022243255,0.11115480607424966,14.15370372768121
4,1782.0,0.017527642544755372,0.11115480698653955,14.15370367469829
4,1783.0,0.01752764208095331,0.11115480789173955,14.153703623233977
4,1784.0,0.017527641630837067,0.11115480878984962,14.15370357328826
4,1785.0,0.017527641194406644,0.11115480968086977,14.153703524861154
4,1786.0,0.017527640771662037,0.1111548105648,14.153703477952648
4,1787.0,0.01752764036260325,0.11115481144164033,14.153703432562743
4,1788.0,0.017527639967230283,0.11115481231139074,14.153703388691442
4,1789.0,0.017527639585543132,0.11115481317405122,14.153703346338744
4,1790.0,0.017527639217541805,0.1111548140296218,14.153703305504653
4,1791.0,0.017527638863226294,0.11115481487810244,14.153703266189165
4,1792.0,0.017527638522596603,0.11115481571949318,14.153703228392278
4,1793.0,0.01752763819565273,0.111154816553794,14.153703192113992
4,1794.0,0.017527637882394673,0.11115481738100491,14.153703157354315
4,1795.0,0.017527637582822442,0.1111548182011259,14.153703124113237
4,1796.0,0.017527637296936023,0.11115481901415697,14.153703092390762
4,1797.0,0.017527637024735428,0.11115481982009812,14.15370306218689
4,1798.0,0.01752763676622065,0.11115482061894935,14.153703033501625
4,1799.0,0.01752763652139169,0.11115482141071067,14.153703006334963
4,1800.0,0.01752763629024855,0.11115482219538207,14.153702980686901
4,1801.0,0.01752763607279123,0.11115482297296356,14.153702956557442
4,1802.0,0.017527635869019727,0.11115482374345513,14.153702933946589
4,1803.0,0.017527635678934044,0.11115482450685678,14.153702912854337
4,1804.0,0.01752763550253418,0.11115482526316851,14.15370289328069
4,1805.0,0.017527635339820137,0.11115482601239034,14.153702875225642
4,1806.0,0.01752763519079191,0.11115482675452223,14.153702858689202
4,1807.0,0.017527635055449502,0.11115482748956422,14.153702843671365
4,1808.0,0.017527634933792915,0.1111548282175163,14.15370283017213
4,1809.0,0.017527634825822147,0.11115482893837844,14.153702818191494
4,1810.0,0.017527634731537196,0.11115482965215068,14.15370280772947
4,1811.0,0.017527634650938068,0.111154830358833,14.153702798786044
4,1812.0,0.017527634584024756,0.1111548310584254,14.153702791361223
4,1813.0,0.01752763453079726,0.11115483175092788,14.153702785455003
4,1814.0,0.01752763449125559,0.11115483243634044,14.153702781067386
4,1815.0,0.017527634465399733,0.1111548331146631,14.153702778198374
4,1816.0,0.017527634453229697,0.11115483378589584,14.153702776847966
4,1817.0,0.017527634454745478,0.11115483445003865,14.153702777016159
4,1818.0,0.01752763446994708,0.11115483510709155,14.153702778702959
4,1819.0,0.017527634498834502,0.11115483575705454,14.153702781908356
4,1820.0,0.017527634541407742,0.11115483639992761,14.153702786632358
4,1821.0,0.017527634597666802,0.11115483703571076,14.15370279287497
4,1822.0,0.017527634667611678,0.111154837664404,14.153702800636179
4,1823.0,0.017527634751242374,0.11115483828600731,14.153702809915991
4,1824.0,0.01752763484855889,0.1111548389005207,14.153702820714408
4,1825.0,0.017527634959561226,0.11115483950794419,14.15370283303143
4,1826.0,0.01752763508424938,0.11115484010827775,14.153702846867048
4,1827.0,0.017527635222623354,0.1111548407015214,14.153702862221278
4,1828.0,0.017527635374683145,0.11115484128767514,14.153702879094107
4,1829.0,0.017527635540428757,0.11115484186673896,14.15370289748554
4,1830.0,0.017527635719860185,0.11115484243871286,14.153702917395574
4,1831.0,0.017527635912977433,0.11115484300359683,14.153702938824214
4,1832.0,0.0175276361197805,0.11115484356139091,14.153702961771454
4,1833.0,0.01752763634026939,0.11115484411209506,14.1537029862373
4,1834.0,0.017527636574444096,0.11115484465570928,14.15370301222175
4,1835.0,0.01752763682230462,0.1111548451922336,14.153703039724803
4,1836.0,0.017527637083850963,0.111154845721668,14.153703068746458
4,1837.0,0.017527637359083127,0.11115484624401248,14.153703099286714
4,1838.0,0.017527637648001106,0.11115484675926705,14.15370313134558
4,1839.0,0.01752763795060491,0.1111548472674317,14.153703164923044
4,1840.0,0.01752763826689453,0.11115484776850643,14.153703200019114
4,1841.0,0.017527638596869965,0.11115484826249124,14.153703236633786
4,1842.0,0.017527638940531224,0.11115484874938614,14.153703274767057
4,1843.0,0.0175276392978783,0.11115484922919112,14.153703314418935
4,1844.0,0.017527639668911195,0.11115484970190619,14.153703355589418
4,1845.0,0.01752764005362991,0.11115485016753134,14.153703398278502
4,1846.0,0.017527640452034445,0.11115485062606657,14.15370344248619
4,1847.0,0.017527640864124797,0.11115485107751188,14.153703488212479
4,1848.0,0.017527641289900968,0.11115485152186728,14.153703535457376
4,1849.0,0.01752764172936296,0.11115485195913276,14.153703584220871
4,1850.0,0.01752764218251077,0.11115485238930832,14.153703634502971
4,1851.0,0.017527642649344397,0.11115485281239397,14.153703686303675
4,1852.0,0.017527643129863844,0.11115485322838971,14.153703739622982
4,1853.0,0.01752764362406911,0.11115485363729552,14.153703794460892
4,1854.0,0.017527644131960198,0.1111548540391114,14.153703850817406
4,1855.0,0.0175276446535371,0.1111548544338374,14.153703908692524
4,1856.0,0.017527645188799824,0.11115485482147346,14.153703968086242
4,1857.0,0.017527645737748367,0.1111548552020196,14.153704028998568
4,1858.0,0.01752764635253776,0.11115485544447792,14.15370409721671
4,1859.0,0.017527646969294958,0.1111548556737557,14.153704165653204
4,1860.0,0.01752764758334607,0.11115485590025546,14.153704233789426
4,1861.0,0.017527648194691093,0.11115485612397719,14.153704301625375
4,1862.0,0.01752764880333003,0.1111548563449209,14.153704369161055
4,1863.0,0.01752764940926288,0.11115485656308656,14.15370443639646
4,1864.0,0.017527650012489644,0.11115485677847421,14.153704503331591
4,1865.0,0.017527650613010322,0.11115485699108382,14.153704569966452
4,1866.0,0.01752765121082491,0.1111548572009154,14.153704636301041
4,1867.0,0.017527651805933412,0.11115485740796896,14.153704702335354
4,1868.0,0.01752765239833583,0.11115485761224449,14.153704768069398
4,1869.0,0.017527652988032157,0.11115485781374199,14.153704833503172
4,1870.0,0.0175276535750224,0.11115485801246146,14.153704898636668
4,1871.0,0.017527654159306554,0.1111548582084029,14.153704963469893
4,1872.0,0.01752765474088462,0.11115485840156632,14.153705028002848
4,1873.0,0.017527655319756603,0.1111548585919517,14.15370509223553
4,1874.0,0.017527655895922496,0.11115485877955907,14.153705156167941
4,1875.0,0.017527656469382303,0.1111548589643884,14.153705219800079
4,1876.0,0.017527657040136025,0.11115485914643969,14.153705283131943
4,1877.0,0.017527657608183658,0.11115485932571297,14.153705346163536
4,1878.0,0.017527658173525203,0.11115485950220821,14.153705408894858
4,1879.0,0.01752765873616066,0.11115485967592542,14.153705471325905
4,1880.0,0.017527659296090035,0.11115485984686461,14.153705533456682
4,1881.0,0.01752765985331332,0.11115486001502577,14.153705595287187
4,1882.0,0.017527660407830516,0.11115486018040889,14.153705656817415
4,1883.0,0.01752766095964163,0.111154860343014,14.153705718047375
4,1884.0,0.017527661508746652,0.11115486050284107,14.15370577897706
4,1885.0,0.017527662055145592,0.11115486065989011,14.153705839606477
4,1886.0,0.01752766259883844,0.11115486081416112,14.153705899935618
4,1887.0,0.017527663139825206,0.1111548609656541,14.153705959964489
4,1888.0,0.01752766367810588,0.11115486111436906,14.153706019693086
4,1889.0,0.01752766421368047,0.11115486126030599,14.153706079121411
4,1890.0,0.017527664746548974,0.1111548614034649,14.153706138249461
4,1891.0,0.017527665276711388,0.11115486154384577,14.153706197077243
4,1892.0,0.017527665804167716,0.11115486168144861,14.153706255604751
4,1893.0,0.01752766632891796,0.11115486181627343,14.153706313831991
4,1894.0,0.017527666850962114,0.11115486194832021,14.15370637175895
4,1895.0,0.01752766737030018,0.11115486207758897,14.15370642938564
4,1896.0,0.01752766788693216,0.1111548622040797,14.153706486712062
4,1897.0,0.017527668400858055,0.1111548623277924,14.153706543738208
4,1898.0,0.01752766891207786,0.11115486244872708,14.153706600464082
4,1899.0,0.01752766942059158,0.11115486256688371,14.153706656889687
4,1900.0,0.017527669926399213,0.11115486268226234,14.153706713015014
4,1901.0,0.01752767042950076,0.11115486279486292,14.153706768840074
4,1902.0,0.01752767092989622,0.11115486290468547,14.153706824364857
4,1903.0,0.01752767142758559,0.11115486301173,14.153706879589372
4,1904.0,0.017527671922568877,0.11115486311599651,14.153706934513611
4,1905.0,0.017527672414846075,0.11115486321748498,14.153706989137579
4,1906.0,0.017527672904417185,0.11115486331619542,14.153707043461276
4,1907.0,0.01752767339128221,0.11115486341212784,14.1537070974847
4,1908.0,0.017527673875441147,0.11115486350528223,14.153707151207849
4,1909.0,0.017527674356893997,0.11115486359565858,14.153707204630729
4,1910.0,0.01752767483564076,0.1111548636832569,14.153707257753336
4,1911.0,0.017527675311681437,0.1111548637680772,14.153707310575669
4,1912.0,0.017527675785016027,0.11115486385011948,14.153707363097734
4,1913.0,0.01752767625564453,0.11115486392938373,14.153707415319523
4,1914.0,0.017527676723566945,0.11115486400586994,14.153707467241041
4,1915.0,0.017527677188783272,0.11115486407957813,14.153707518862285
4,1916.0,0.017527677651293514,0.11115486415050828,14.153707570183258
4,1917.0,0.017527678111097667,0.11115486421866042,14.153707621203958
4,1918.0,0.017527678568195735,0.11115486428403451,14.153707671924384
4,1919.0,0.017527679022587717,0.11115486434663059,14.153707722344542
4,1920.0,0.01752767947427361,0.11115486440644863,14.153707772464426
4,1921.0,0.017527679923253416,0.11115486446348864,14.153707822284039
4,1922.0,0.017527680369527135,0.11115486451775063,14.153707871803375
4,1923.0,0.01752768081309477,0.11115486456923458,14.153707921022445
4,1924.0,0.017527681253956314,0.11115486461794052,14.153707969941237
4,1925.0,0.017527681692111774,0.11115486466386842,14.153708018559762
4,1926.0,0.017527682127561145,0.1111548647070183,14.15370806687801
4,1927.0,0.01752768256030443,0.11115486474739013,14.15370811489599
4,1928.0,0.017527682990341627,0.11115486478498394,14.153708162613693
4,1929.0,0.01752768341767274,0.11115486481979973,14.153708210031125
4,1930.0,0.017527683842297765,0.1111548648518375,14.153708257148287
4,1931.0,0.0175276842642167,0.11115486488109723,14.153708303965173
4,1932.0,0.01752768468342955,0.11115486490757892,14.153708350481791
4,1933.0,0.017527685099936314,0.1111548649312826,14.153708396698134
4,1934.0,0.017527685513736988,0.11115486495220823,14.153708442614207
4,1935.0,0.01752768592483158,0.11115486497035586,14.153708488230006
4,1936.0,0.01752768633322008,0.11115486498572544,14.153708533545533
4,1937.0,0.017527686738902495,0.111154864998317,14.153708578560789
4,1938.0,0.017527687141878825,0.11115486500813053,14.15370862327577
4,1939.0,0.017527687542149065,0.11115486501516603,14.153708667690479
4,1940.0,0.01752768793971322,0.11115486501942351,14.153708711804919
4,1941.0,0.017527688334571287,0.11115486502090295,14.153708755619082
4,1942.0,0.017527688726723268,0.11115486501960437,14.153708799132977
4,1943.0,0.01752768911616916,0.11115486501552775,14.153708842346594
4,1944.0,0.017527689502908967,0.11115486500867311,14.153708885259945
4,1945.0,0.01752768988694269,0.11115486499904044,14.153708927873021
4,1946.0,0.01752769026827032,0.11115486498662974,14.153708970185825
4,1947.0,0.017527690646891865,0.11115486497144102,14.153709012198354
4,1948.0,0.017527691022807323,0.11115486495347425,14.153709053910614
4,1949.0,0.017527691396016697,0.11115486493272947,14.153709095322604
4,1950.0,0.01752769176651998,0.11115486490920666,14.153709136434315
4,1951.0,0.01752769213431718,0.11115486488290581,14.15370917724576
4,1952.0,0.01752769249940829,0.11115486485382695,14.15370921775693
4,1953.0,0.017527692861793315,0.11115486482197004,14.153709257967828
4,1954.0,0.01752769322147225,0.11115486478733512,14.153709297878454
4,1955.0,0.0175276935784451,0.11115486474992216,14.153709337488806
4,1956.0,0.017527693932711863,0.11115486470973118,14.153709376798888
4,1957.0,0.01752769428427254,0.11115486466676217,14.153709415808695
4,1958.0,0.017527694633127127,0.11115486462101512,14.15370945451823
4,1959.0,0.01752769497927563,0.11115486457249005,14.153709492927495
4,1960.0,0.017527695322718046,0.11115486452118696,14.153709531036485
4,1961.0,0.017527695663454374,0.11115486446710583,14.153709568845205
4,1962.0,0.017527696001484613,0.11115486441024668,14.153709606353651
4,1963.0,0.017527696336808767,0.11115486435060949,14.153709643561825
4,1964.0,0.017527696669426836,0.11115486428819428,14.15370968046973
4,1965.0,0.017527696999338815,0.11115486422300103,14.153709717077358
4,1966.0,0.01752769732654471,0.11115486415502976,14.15370975338472
4,1967.0,0.017527697651044515,0.11115486408428046,14.153709789391803
4,1968.0,0.017527697972838235,0.11115486401075314,14.153709825098613
4,1969.0,0.017527698291925867,0.11115486393444778,14.153709860505156
4,1970.0,0.017527698608307413,0.1111548638553644,14.153709895611426
4,1971.0,0.017527698921982873,0.11115486377350298,14.153709930417422
4,1972.0,0.01752769923295224,0.11115486368886354,14.153709964923145
4,1973.0,0.017527699541215528,0.11115486360144607,14.153709999128594
4,1974.0,0.017527699846772726,0.11115486351125058,14.153710033033777
4,1975.0,0.017527700149623834,0.11115486341827704,14.153710066638684
4,1976.0,0.01752770044976886,0.11115486332252549,14.153710099943318
4,1977.0,0.017527700747207796,0.11115486322399591,14.15371013294768
4,1978.0,0.017527701041940645,0.1111548631226883,14.15371016565177
4,1979.0,0.01752770133396741,0.11115486301860265,14.153710198055592
4,1980.0,0.017527701623288084,0.11115486291173898,14.153710230159131
4,1981.0,0.017527701909902674,0.11115486280209728,14.153710261962408
4,1982.0,0.017527702193811175,0.11115486268967756,14.153710293465405
4,1983.0,0.01752770247501359,0.1111548625744798,14.153710324668138
4,1984.0,0.017527702753509917,0.11115486245650402,14.153710355570592
4,1985.0,0.017527703029300158,0.1111548623357502,14.153710386172774
4,1986.0,0.017527703302384314,0.11115486221221836,14.153710416474686
4,1987.0,0.01752770357276238,0.1111548620859085,14.153710446476326
4,1988.0,0.01752770384043436,0.11115486195682059,14.153710476177695
4,1989.0,0.017527704105400253,0.11115486182495467,14.153710505578788
4,1990.0,0.01752770436766006,0.11115486169031072,14.153710534679611
4,1991.0,0.01752770462721378,0.11115486155288873,14.15371056348016
4,1992.0,0.017527704884061412,0.11115486141268871,14.153710591980438
4,1993.0,0.017527705138202957,0.11115486126971068,14.153710620180444
4,1994.0,0.017527705389638416,0.1111548611239546,14.153710648080178
4,1995.0,0.017527705638367787,0.1111548609754205,14.153710675679637
4,1996.0,0.017527705884391072,0.11115486082410837,14.15371070297883
4,1997.0,0.017527706127708268,0.11115486067001823,14.153710729977746
4,1998.0,0.01752770636831938,0.11115486051315004,14.153710756676388
4,1999.0,0.0175277066062244,0.11115486035350383,14.15371078307476
4,2000.0,0.017527706841423338,0.11115486019107959,14.153710809172857
4,2001.0,0.01752770707391619,0.11115486002587732,14.153710834970683
4,2002.0,0.01752770730370295,0.11115485985789701,14.153710860468244
4,2003.0,0.017527707530783625,0.11115485968713869,14.153710885665523
4,2004.0,0.017527707755158217,0.11115485951360234,14.153710910562532
4,2005.0,0.017527707976826717,0.11115485933728796,14.153710935159271
4,2006.0,0.01752770819578913,0.11115485915819553,14.153710959455738
4,2007.0,0.01752770841204546,0.1111548589763251,14.153710983451928
4,2008.0,0.0175277086255957,0.11115485879167662,14.15371100714785
4,2009.0,0.017527708836439854,0.11115485860425013,14.153711030543501
4,2010.0,0.01752770904457792,0.1111548584140456,14.153711053638876
4,2011.0,0.0175277092500099,0.11115485822106305,14.15371107643398
4,2012.0,0.017527709452735796,0.11115485802530246,14.153711098928811
4,2013.0,0.017527709652755602,0.11115485782676385,14.15371112112337
4,2014.0,0.01752770985006932,0.11115485762544722,14.15371114301766
4,2015.0,0.01752771004467695,0.11115485742135255,14.153711164611677
4,2016.0,0.0175277102365785,0.11115485721447985,14.153711185905413
4,2017.0,0.017527710425773956,0.11115485700482912,14.153711206898887
4,2018.0,0.017527710612263325,0.11115485679240036,14.153711227592085
4,2019.0,0.017527710796046612,0.11115485657719358,14.153711247985013
4,2020.0,0.017527710977123807,0.11115485635920877,14.153711268077663
4,2021.0,0.017527711155494917,0.11115485613844593,14.153711287870046
4,2022.0,0.01752771133115994,0.11115485591490505,14.153711307362151
4,2023.0,0.01752771150411888,0.11115485568858616,14.153711326553989
4,2024.0,0.017527711674371727,0.11115485545948924,14.153711345445553
4,2025.0,0.01752771184191849,0.11115485522761427,14.153711364036845
4,2026.0,0.017527712006759167,0.1111548549929613,14.153711382327863
4,2027.0,0.017527712086098723,0.11115485478791717,14.153711391131525
4,2028.0,0.01752771213064315,0.1111548545965,14.153711396074257
4,2029.0,0.01752771217472676,0.11115485440593566,14.15371140096585
4,2030.0,0.01752771221834956,0.11115485421622413,14.153711405806316
4,2031.0,0.01752771226151155,0.11115485402736543,14.153711410595651
4,2032.0,0.017527712304212722,0.11115485383935957,14.15371141533385
4,2033.0,0.017527712346453082,0.11115485365220652,14.153711420020917
4,2034.0,0.017527712388232627,0.11115485346590631,14.153711424656853
4,2035.0,0.01752771242955136,0.11115485328045892,14.153711429241655
4,2036.0,0.017527712470409282,0.11115485309586436,14.15371143377532
4,2037.0,0.017527712510806388,0.11115485291212263,14.153711438257854
4,2038.0,0.01752771255074268,0.11115485272923371,14.153711442689259
4,2039.0,0.01752771259021816,0.11115485254719763,14.15371144706953
4,2040.0,0.017527712629232826,0.11115485236601438,14.153711451398669
4,2041.0,0.01752771266778668,0.11115485218568397,14.153711455676673
4,2042.0,0.01752771270587972,0.11115485200620637,14.153711459903544
4,2043.0,0.017527712743511947,0.11115485182758159,14.153711464079283
4,2044.0,0.017527712780683363,0.11115485164980965,14.153711468203895
4,2045.0,0.017527712817393962,0.11115485147289053,14.153711472277369
4,2046.0,0.017527712853643747,0.11115485129682423,14.15371147629971
4,2047.0,0.017527712889432723,0.11115485112161078,14.153711480270918
4,2048.0,0.017527712924760883,0.11115485094725014,14.153711484190994
4,2049.0,0.01752771295962823,0.11115485077374232,14.153711488059942
4,2050.0,0.01752771299403476,0.11115485060108735,14.153711491877749
4,2051.0,0.017527713027980483,0.11115485042928519,14.153711495644428
4,2052.0,0.01752771306146539,0.11115485025833585,14.153711499359977
4,2053.0,0.017527713094489483,0.11115485008823936,14.15371150302439
4,2054.0,0.01752771312705276,0.11115484991899569,14.153711506637668
4,2055.0,0.01752771315915523,0.11115484975060483,14.153711510199818
4,2056.0,0.017527713190796882,0.11115484958306682,14.15371151371083
4,2057.0,0.017527713221977725,0.11115484941638161,14.153711517170716
4,2058.0,0.017527713252697752,0.11115484925054925,14.153711520579463
4,2059.0,0.017527713282956964,0.1111548490855697,14.153711523937082
4,2060.0,0.017527713312755364,0.11115484892144299,14.153711527243564
4,2061.0,0.01752771334209295,0.11115484875816911,14.153711530498919
4,2062.0,0.017527713370969724,0.11115484859574805,14.153711533703133
4,2063.0,0.017527713399385685,0.11115484843417982,14.153711536856223
4,2064.0,0.017527713427340833,0.11115484827346442,14.153711539958175
4,2065.0,0.017527713454835166,0.11115484811360184,14.153711543008995
4,2066.0,0.017527713481868688,0.11115484795459209,14.153711546008683
4,2067.0,0.017527713508441393,0.11115484779643516,14.153711548957242
4,2068.0,0.017527713534553287,0.11115484763913107,14.153711551854665
4,2069.0,0.01752771356020437,0.11115484748267979,14.153711554700951
4,2070.0,0.017527713585394636,0.11115484732708135,14.153711557496111
4,2071.0,0.01752771361012409,0.11115484717233573,14.153711560240136
4,2072.0,0.01752771363439273,0.11115484701844294,14.153711562933028
4,2073.0,0.017527713658200557,0.11115484686540299,14.153711565574788
4,2074.0,0.017527713681547572,0.11115484671321585,14.153711568165416
4,2075.0,0.017527713704433772,0.11115484656188154,14.15371157070491
4,2076.0,0.01752771372685916,0.11115484641140005,14.15371157319327
4,2077.0,0.017527713748823733,0.1111548462617714,14.1537115756305
4,2078.0,0.017527713770327493,0.11115484611299557,14.153711578016598
4,2079.0,0.01752771379137044,0.11115484596507258,14.153711580351562
4,2080.0,0.017527713811952575,0.1111548458180024,14.15371158263539
4,2081.0,0.017527713832073896,0.11115484567178506,14.153711584868088
4,2082.0,0.017527713851734402,0.11115484552642053,14.153711587049651
4,2083.0,0.017527713870934096,0.11115484538190884,14.153711589180089
4,2084.0,0.017527713889672978,0.11115484523824998,14.153711591259386
4,2085.0,0.017527713907951045,0.11115484509544395,14.153711593287555
4,2086.0,0.0175277139257683,0.11115484495349073,14.153711595264587
4,2087.0,0.017527713943124742,0.11115484481239034,14.153711597190494
4,2088.0,0.01752771396002037,0.11115484467214279,14.153711599065263
4,2089.0,0.01752771397645518,0.11115484453274806,14.153711600888899
4,2090.0,0.017527713992429184,0.11115484439420616,14.153711602661403
4,2091.0,0.01752771400794237,0.11115484425651707,14.153711604382774
4,2092.0,0.017527714022994745,0.11115484411968082,14.153711606053012
4,2093.0,0.017527714037586305,0.1111548439836974,14.153711607672118
4,2094.0,0.017527714051717054,0.1111548438485668,14.153711609240089
4,2095.0,0.017527714065386987,0.11115484371428903,14.153711610756933
4,2096.0,0.01752771407859611,0.1111548435808641,14.153711612222638
4,2097.0,0.017527714091344418,0.11115484344829199,14.153711613637215
4,2098.0,0.017527714103631912,0.1111548433165727,14.153711615000656
4,2099.0,0.01752771411545859,0.11115484318570623,14.153711616312968
4,2100.0,0.01752771412682446,0.1111548430556926,14.153711617574146
4,2101.0,0.017527714137729515,0.1111548429265318,14.15371161878419
4,2102.0,0.017527714148173754,0.11115484279822381,14.1537116199431
4,2103.0,0.01752771415815718,0.11115484267076867,14.153711621050881
4,2104.0,0.017527714167679797,0.11115484254416634,14.153711622107528
4,2105.0,0.017527714176741597,0.11115484241841685,14.153711623113038
4,2106.0,0.017527714185342585,0.11115484229352017,14.153711624067421
4,2107.0,0.01752771419348276,0.11115484216947633,14.153711624970668
4,2108.0,0.01752771420116212,0.11115484204628531,14.153711625822787
4,2109.0,0.01752771420838067,0.11115484192394712,14.153711626623771
4,2110.0,0.017527714215138403,0.11115484180246175,14.153711627373621
4,2111.0,0.017527714221435325,0.11115484168182921,14.153711628072339
4,2112.0,0.017527714227271434,0.11115484156204951,14.153711628719924
4,2113.0,0.017527714232646728,0.11115484144312263,14.153711629316376
4,2114.0,0.01752771423756121,0.11115484132504856,14.153711629861697
4,2115.0,0.017527714242014877,0.11115484120782734,14.153711630355883
4,2116.0,0.01752771424600773,0.11115484109145894,14.153711630798936
4,2117.0,0.017527714249539774,0.11115484097594336,14.153711631190859
4,2118.0,0.017527714252611,0.11115484086128061,14.153711631531646
4,2119.0,0.017527714255221417,0.11115484074747069,14.153711631821304
4,2120.0,0.017527714257371017,0.1111548406345136,14.153711632059826
4,2121.0,0.017527714259059808,0.11115484052240933,14.153711632247216
4,2122.0,0.01752771426028778,0.11115484041115789,14.153711632383477
4,2123.0,0.01752771426105494,0.11115484030075928,14.1537116324686
4,2124.0,0.01752771426136129,0.1111548401912135,14.153711632502596
4,2125.0,0.017527714261206827,0.11115484008252054,14.153711632485455
4,2126.0,0.017527714260591548,0.1111548399746804,14.153711632417181
4,2127.0,0.017527714259515454,0.1111548398676931,14.153711632297776
4,2128.0,0.01752771425797855,0.11115483976155863,14.15371163212724
4,2129.0,0.017527714255980834,0.11115483965627697,14.153711631905567
4,2130.0,0.0175277142535223,0.11115483955184814,14.153711631632767
4,2131.0,0.017527714250602955,0.11115483944827215,14.153711631308829
4,2132.0,0.017527714247222798,0.11115483934554898,14.153711630933762
4,2133.0,0.017527714243381825,0.11115483924367864,14.153711630507562
4,2134.0,0.01752771423908004,0.11115483914266112,14.153711630030227
4,2135.0,0.017527714234317444,0.11115483904249643,14.15371162950176
4,2136.0,0.01752771422909403,0.11115483894318456,14.15371162892216
4,2137.0,0.017527714223409804,0.11115483884472553,14.15371162829143
4,2138.0,0.01752771421726477,0.11115483874711933,14.153711627609562
4,2139.0,0.017527714210658917,0.11115483865036595,14.153711626876568
4,2140.0,0.01752771420359225,0.1111548385544654,14.15371162609244
4,2141.0,0.017527714196064772,0.11115483845941766,14.153711625257177
4,2142.0,0.01752771418807648,0.11115483836522276,14.15371162437078
4,2143.0,0.017527714179627375,0.11115483827188069,14.153711623433253
4,2144.0,0.017527714170717457,0.11115483817939144,14.153711622444593
4,2145.0,0.017527714161346727,0.11115483808775503,14.153711621404799
4,2146.0,0.017527714151515182,0.11115483799697143,14.153711620313873
4,2147.0,0.017527714141222825,0.11115483790704067,14.153711619171816
4,2148.0,0.017527714130469652,0.11115483781796273,14.153711617978622
4,2149.0,0.017527714119255668,0.11115483772973762,14.153711616734293
4,2150.0,0.01752771410758087,0.11115483764236533,14.153711615438842
4,2151.0,0.01752771409544526,0.11115483755584588,14.153711614092254
4,2152.0,0.017527714082848835,0.11115483747017925,14.153711612694531
4,2153.0,0.017527714069791596,0.11115483738536544,14.153711611245676
4,2154.0,0.017527714056273545,0.11115483730140446,14.153711609745686
4,2155.0,0.01752771404229468,0.11115483721829632,14.153711608194568
4,2156.0,0.017527714027855003,0.11115483713604099,14.153711606592314
4,2157.0,0.017527714012954512,0.11115483705463851,14.153711604938929
4,2158.0,0.017527713997593206,0.11115483697408883,14.153711603234408
4,2159.0,0.01752771398177109,0.111154836894392,14.15371160147876
4,2160.0,0.01752771396548816,0.11115483681554798,14.153711599671977
4,2161.0,0.017527713948744413,0.11115483673755679,14.15371159781406
4,2162.0,0.017527713931539856,0.11115483666041844,14.153711595905014
4,2163.0,0.017527713913874487,0.1111548365841329,14.153711593944832
4,2164.0,0.017527713895748302,0.11115483650870019,14.153711591933515
4,2165.0,0.017527713877161302,0.11115483643412032,14.153711589871067
4,2166.0,0.017527713858113494,0.11115483636039326,14.15371158775749
4,2167.0,0.017527713838604866,0.11115483628751903,14.153711585592779
4,2168.0,0.01752771381863543,0.11115483621549764,14.153711583376932
4,2169.0,0.01752771379820518,0.11115483614432907,14.153711581109956
4,2170.0,0.017527713777314116,0.11115483607401332,14.153711578791844
4,2171.0,0.017527713755962238,0.11115483600455041,14.153711576422602
4,2172.0,0.017527713734149547,0.11115483593594032,14.153711574002225
4,2173.0,0.01752771371187604,0.11115483586818305,14.153711571530717
4,2174.0,0.017527713689141723,0.1111548358012786,14.153711569008076
4,2175.0,0.017527713665946593,0.111154835735227,14.153711566434302
4,2176.0,0.01752771364229065,0.11115483567002822,14.153711563809397
4,2177.0,0.01752771361817389,0.11115483560568226,14.153711561133356
4,2178.0,0.01752771359359632,0.11115483554218913,14.153711558406187
4,2179.0,0.017527713568557937,0.11115483547954884,14.153711555627881
4,2180.0,0.01752771354305874,0.11115483541776136,14.153711552798443
4,2181.0,0.01752771351709873,0.11115483535682671,14.153711549917874
4,2182.0,0.017527713490677905,0.11115483529674489,14.153711546986171
4,2183.0,0.01752771346379627,0.1111548352375159,14.153711544003338
4,2184.0,0.017527713436453818,0.11115483517913974,14.15371154096937
4,2185.0,0.017527713408650555,0.11115483512161639,14.153711537884268
4,2186.0,0.017527713380386476,0.11115483506494588,14.153711534748034
4,2187.0,0.017527713351661586,0.11115483500912819,14.15371153156067
4,2188.0,0.017527713322475883,0.11115483495416334,14.153711528322171
4,2189.0,0.017527713292829365,0.1111548349000513,14.153711525032543
4,2190.0,0.017527713262722032,0.1111548348467921,14.153711521691777
4,2191.0,0.01752771323215389,0.11115483479438572,14.153711518299879
4,2192.0,0.017527713201124933,0.11115483474283216,14.153711514856848
4,2193.0,0.01752771316963516,0.11115483469213144,14.153711511362689
4,2194.0,0.01752771313768458,0.11115483464228355,14.153711507817397
4,2195.0,0.017527713105273183,0.11115483459328848,14.153711504220968
4,2196.0,0.01752771307240097,0.11115483454514624,14.153711500573408
4,2197.0,0.017527713039067947,0.11115483449785682,14.153711496874715
4,2198.0,0.01752771300527411,0.11115483445142023,14.15371149312489
4,2199.0,0.01752771297101946,0.11115483440583647,14.15371148932393
4,2200.0,0.017527712936303997,0.11115483436110554,14.153711485471838
4,2201.0,0.01752771290112772,0.11115483431722743,14.153711481568617
4,2202.0,0.017527712865490628,0.11115483427420216,14.15371147761426
4,2203.0,0.017527712829392725,0.1111548342320297,14.153711473608773
4,2204.0,0.017527712792834008,0.11115483419071007,14.15371146955215
4,2205.0,0.017527712755814478,0.11115483415024327,14.153711465444395
4,2206.0,0.017527712718334133,0.11115483411062929,14.153711461285509
4,2207.0,0.017527712680392975,0.11115483407186814,14.153711457075492
4,2208.0,0.017527712641991006,0.11115483403395983,14.153711452814338
4,2209.0,0.017527712603128222,0.11115483399690435,14.153711448502055
4,2210.0,0.017527712563804625,0.11115483396070168,14.153711444138636
4,2211.0,0.017527712524020217,0.11115483392535183,14.153711439724088
4,2212.0,0.017527712483774993,0.11115483389085483,14.153711435258405
4,2213.0,0.017527712443068957,0.11115483385721064,14.153711430741586
4,2214.0,0.017527712401902106,0.11115483382441929,14.153711426173638
4,2215.0,0.017527712360274443,0.11115483379248076,14.15371142155456
4,2216.0,0.017527712318185965,0.11115483376139505,14.153711416884347
4,2217.0,0.017527712275636674,0.11115483373116218,14.153711412163002
4,2218.0,0.01752771223262657,0.11115483370178213,14.153711407390517
4,2219.0,0.017527712189155657,0.1111548336732549,14.153711402566907
4,2220.0,0.017527712145223924,0.11115483364558051,14.153711397692163
4,2221.0,0.017527712100831382,0.11115483361875894,14.15371139276629
4,2222.0,0.017527712055978025,0.1111548335927902,14.153711387789278
4,2223.0,0.017527712010663856,0.11115483356767429,14.153711382761138
4,2224.0,0.01752771196488887,0.1111548335434112,14.15371137768186
4,2225.0,0.017527711918653075,0.11115483352000094,14.153711372551454
4,2226.0,0.017527711871956467,0.11115483349744351,14.153711367369915
4,2227.0,0.017527711824799043,0.1111548334757389,14.153711362137239
4,2228.0,0.017527711777180807,0.11115483345488712,14.153711356853437
4,2229.0,0.017527711729101756,0.11115483343488818,14.153711351518497
4,2230.0,0.017527711680561893,0.11115483341574205,14.153711346132424
4,2231.0,0.017527711631561218,0.11115483339744875,14.15371134069522
4,2232.0,0.017527711582099727,0.11115483338000828,14.153711335206886
4,2233.0,0.017527711532177425,0.11115483336342064,14.153711329667413
4,2234.0,0.017527711481794307,0.11115483334768582,14.153711324076813
4,2235.0,0.017527711430950377,0.11115483333280382,14.15371131843508
4,2236.0,0.017527711379645636,0.11115483331877467,14.153711312742212
4,2237.0,0.01752771132788008,0.11115483330559832,14.153711306998213
4,2238.0,0.01752771127565371,0.11115483329327482,14.15371130120308
4,2239.0,0.017527711222966525,0.11115483328180413,14.153711295356818
4,2240.0,0.01752771116981853,0.11115483327118628,14.153711289459416
4,2241.0,0.01752771111620972,0.11115483326142125,14.15371128351089
4,2242.0,0.017527711062140097,0.11115483325250905,14.153711277511224
4,2243.0,0.01752771100760966,0.11115483324444968,14.153711271460429
4,2244.0,0.017527710952618413,0.11115483323724312,14.153711265358499
4,2245.0,0.01752771089716635,0.11115483323088941,14.15371125920544
4,2246.0,0.01752771084125347,0.11115483322538851,14.153711253001244
4,2247.0,0.017527710784879785,0.11115483322074045,14.153711246745917
4,2248.0,0.01752771072804528,0.1111548332169452,14.15371124043946
4,2249.0,0.017527710670749964,0.1111548332140028,14.153711234081864
4,2250.0,0.017527710612993835,0.11115483321191322,14.153711227673144
4,2251.0,0.017527710554776893,0.11115483321067646,14.153711221213287
4,2252.0,0.017527710496099136,0.11115483321029253,14.153711214702296
4,2253.0,0.017527710436960567,0.11115483321076142,14.153711208140171
4,2254.0,0.017527710377361182,0.11115483321208314,14.153711201526919
4,2255.0,0.01752771031730099,0.11115483321425769,14.153711194862531
4,2256.0,0.017527710256779978,0.11115483321728507,14.153711188147009
4,2257.0,0.017527710195798157,0.11115483322116528,14.153711181380357
4,2258.0,0.017527710134355518,0.1111548332258983,14.153711174562572
4,2259.0,0.01752771007245207,0.11115483323148416,14.153711167693652
4,2260.0,0.017527710010087807,0.11115483323792284,14.153711160773602
4,2261.0,0.017527709947262732,0.11115483324521436,14.153711153802416
4,2262.0,0.017527709883976842,0.11115483325335869,14.153711146780099
4,2263.0,0.01752770982023014,0.11115483326235585,14.15371113970665
4,2264.0,0.017527709756022625,0.11115483327220585,14.153711132582066
4,2265.0,0.017527709691354296,0.11115483328290868,14.153711125406351
4,2266.0,0.017527709626225154,0.11115483329446432,14.153711118179503
4,2267.0,0.017527709560635197,0.11115483330687279,14.153711110901524
4,2268.0,0.017527709494584428,0.1111548333201341,14.153711103572414
4,2269.0,0.017527709428072847,0.11115483333424822,14.153711096192167
4,2270.0,0.01752770936110045,0.11115483334921518,14.15371108876079
4,2271.0,0.017527709293667242,0.11115483336503496,14.15371108127828
4,2272.0,0.01752770922577322,0.11115483338170756,14.153711073744637
4,2273.0,0.017527709157418383,0.111154833399233,14.153711066159858
4,2274.0,0.017527709088602735,0.11115483341761126,14.153711058523948
4,2275.0,0.017527709019326272,0.11115483343684235,14.153711050836908
4,2276.0,0.017527708949588997,0.11115483345692627,14.153711043098731
4,2277.0,0.017527708879390907,0.11115483347786301,14.153711035309426
4,2278.0,0.017527708808732004,0.11115483349965258,14.153711027468987
4,2279.0,0.01752770873761229,0.11115483352229498,14.153711019577417
4,2280.0,0.01752770866603176,0.1111548335457902,14.153711011634707
4,2281.0,0.01752770859399042,0.11115483357013825,14.153711003640874
4,2282.0,0.017527708521488262,0.11115483359533913,14.1537109955959
4,2283.0,0.017527708448525293,0.11115483362139283,14.153710987499798
4,2284.0,0.017527708375101512,0.11115483364829937,14.153710979352562
4,2285.0,0.017527708301216915,0.11115483367605873,14.153710971154192
4,2286.0,0.017527708226871507,0.11115483370467091,14.153710962904693
4,2287.0,0.017527708152065287,0.11115483373413593,14.15371095460406
4,2288.0,0.01752770807679825,0.11115483376445377,14.153710946252296
4,2289.0,0.0175277080010704,0.11115483379562444,14.153710937849393
4,2290.0,0.01752770792488174,0.11115483382764793,14.153710929395363
4,2291.0,0.017527707848232266,0.11115483386052426,14.153710920890196
4,2292.0,0.017527707771121975,0.1111548338942534,14.153710912333901
4,2293.0,0.017527707693550873,0.11115483392883538,14.153710903726472
4,2294.0,0.01752770761551896,0.11115483396427017,14.153710895067908
4,2295.0,0.01752770753702623,0.11115483400055781,14.153710886358214
4,2296.0,0.017527707458072687,0.11115483403769826,14.15371087759739
4,2297.0,0.017527707378658334,0.11115483407569154,14.153710868785428
4,2298.0,0.017527707298783165,0.11115483411453765,14.153710859922333
4,2299.0,0.017527707218447184,0.11115483415423659,14.153710851008107
4,2300.0,0.017527707137650388,0.11115483419478836,14.15371084204275
4,2301.0,0.01752770705639278,0.11115483423619295,14.153710833026256
4,2302.0,0.017527706974674356,0.11115483427845037,14.153710823958631
4,2303.0,0.017527706892495123,0.1111548343215606,14.153710814839878
4,2304.0,0.017527706809855072,0.11115483436552369,14.153710805669988
4,2305.0,0.017527706726754213,0.11115483441033958,14.153710796448966
4,2306.0,0.017527706643192538,0.11115483445600831,14.153710787176811
4,2307.0,0.017527706559170048,0.11115483450252986,14.153710777853522
4,2308.0,0.017527706474686745,0.11115483454990424,14.153710768479101
4,2309.0,0.01752770638974263,0.11115483459813144,14.153710759053553
4,2310.0,0.017527706304337705,0.11115483464721149,14.153710749576867
4,2311.0,0.017527706218471963,0.11115483469714434,14.153710740049048
4,2312.0,0.017527706132145406,0.11115483474793003,14.153710730470097
4,2313.0,0.017527706045358037,0.11115483479956854,14.153710720840012
4,2314.0,0.017527705958109856,0.11115483485205989,14.153710711158798
4,2315.0,0.017527705870400864,0.11115483490540405,14.153710701426448
4,2316.0,0.017527705782231055,0.11115483495960105,14.15371069164297
4,2317.0,0.01752770569360043,0.11115483501465087,14.153710681808352
4,2318.0,0.017527705604509,0.11115483507055353,14.153710671922605
4,2319.0,0.01752770551495675,0.111154835127309,14.153710661985725
4,2320.0,0.01752770542494369,0.11115483518491731,14.153710651997716
4,2321.0,0.017527705334469814,0.11115483524337844,14.15371064195857
4,2322.0,0.017527705243535124,0.11115483530269239,14.153710631868291
4,2323.0,0.017527705152139625,0.11115483536285918,14.153710621726882
4,2324.0,0.017527705109970638,0.11115483541787244,14.153710617047734
4,2325.0,0.01752770506980713,0.11115483547250304,14.153710612591121
4,2326.0,0.01752770502982793,0.11115483552695417,14.153710608154954
4,2327.0,0.01752770499003304,0.11115483558122582,14.153710603739244
4,2328.0,0.017527704950422458,0.111154835635318,14.153710599343977
4,2329.0,0.017527704910996183,0.11115483568923071,14.153710594969168
4,2330.0,0.01752770487175422,0.11115483574296393,14.15371059061481
4,2331.0,0.01752770483269656,0.11115483579651768,14.153710586280901
4,2332.0,0.017527704793823214,0.11115483584989196,14.153710581967445
4,2333.0,0.017527704755134172,0.11115483590308677,14.153710577674437
4,2334.0,0.01752770471662944,0.11115483595610208,14.153710573401883
4,2335.0,0.017527704678309018,0.11115483600893793,14.153710569149784
4,2336.0,0.017527704640172906,0.1111548360615943,14.153710564918129
4,2337.0,0.017527704602221097,0.1111548361140712,14.153710560706926
4,2338.0,0.017527704564453604,0.11115483616636862,14.15371055651618
4,2339.0,0.017527704526870413,0.11115483621848657,14.153710552345881
4,2340.0,0.017527704489471534,0.11115483627042505,14.153710548196033
4,2341.0,0.017527704452256963,0.11115483632218404,14.153710544066636
4,2342.0,0.0175277044152267,0.11115483637376355,14.153710539957691
4,2343.0,0.017527704378380745,0.1111548364251636,14.1537105358692
4,2344.0,0.0175277043417191,0.11115483647638418,14.153710531801156
4,2345.0,0.017527704305241764,0.11115483652742526,14.153710527753566
4,2346.0,0.017527704268948736,0.11115483657828688,14.153710523726422
4,2347.0,0.017527704232840016,0.11115483662896902,14.153710519719736
4,2348.0,0.017527704196915603,0.1111548366794717,14.153710515733495
4,2349.0,0.0175277041611755,0.11115483672979488,14.15371051176771
4,2350.0,0.017527704125619707,0.11115483677993859,14.153710507822376
4,2351.0,0.017527704090248224,0.11115483682990283,14.153710503897493
4,2352.0,0.017527704055061044,0.1111548368796876,14.15371049999306
4,2353.0,0.017527704020058175,0.11115483692929289,14.15371049610908
4,2354.0,0.017527703985239618,0.1111548369787187,14.153710492245546
4,2355.0,0.017527703950605367,0.11115483702796504,14.153710488402469
4,2356.0,0.017527703916155424,0.1111548370770319,14.15371048457984
4,2357.0,0.01752770388188979,0.11115483712591928,14.153710480777661
4,2358.0,0.017527703847808464,0.1111548371746272,14.15371047699594
4,2359.0,0.017527703813911447,0.11115483722315563,14.153710473234662
4,2360.0,0.017527703780198738,0.11115483727150459,14.153710469493841
4,2361.0,0.01752770374667034,0.11115483731967407,14.153710465773468
4,2362.0,0.017527703713326247,0.11115483736766409,14.15371046207355
4,2363.0,0.017527703680166467,0.1111548374154746,14.15371045839408
4,2364.0,0.01752770364719099,0.11115483746310567,14.15371045473506
4,2365.0,0.017527703614399825,0.11115483751055726,14.153710451096492
4,2366.0,0.01752770358179297,0.11115483755782936,14.153710447478375
4,2367.0,0.017527703549370423,0.11115483760492198,14.153710443880712
4,2368.0,0.017527703517132183,0.11115483765183513,14.153710440303497
4,2369.0,0.01752770348507825,0.11115483769856882,14.153710436746739
4,2370.0,0.01752770345320863,0.11115483774512303,14.153710433210428
4,2371.0,0.017527703421523315,0.11115483779149775,14.153710429694568
4,2372.0,0.017527703390022308,0.111154837837693,14.153710426199158
4,2373.0,0.017527703358705612,0.11115483788370878,14.153710422724203
4,2374.0,0.017527703327573224,0.11115483792954507,14.153710419269695
4,2375.0,0.017527703296625143,0.1111548379752019,14.153710415835642
4,2376.0,0.017527703265861373,0.11115483802067924,14.153710412422036
4,2377.0,0.01752770323528191,0.11115483806597712,14.153710409028886
4,2378.0,0.017527703204886756,0.11115483811109551,14.15371040565618
4,2379.0,0.01752770317467591,0.11115483815603444,14.153710402303933
4,2380.0,0.017527703144649374,0.11115483820079389,14.153710398972136
4,2381.0,0.017527703114807145,0.11115483824537387,14.153710395660788
4,2382.0,0.017527703085149227,0.11115483828977435,14.15371039236989
4,2383.0,0.017527703055675616,0.11115483833399538,14.153710389099443
4,2384.0,0.017527703026386312,0.11115483837803691,14.153710385849452
4,2385.0,0.01752770299728132,0.111154838421899,14.153710382619906
4,2386.0,0.017527702968360634,0.11115483846558158,14.153710379410816
4,2387.0,0.017527702939624256,0.1111548385090847,14.153710376222177
4,2388.0,0.01752770291107219,0.11115483855240835,14.15371037305399
4,2389.0,0.01752770288270443,0.1111548385955525,14.15371036990625
4,2390.0,0.017527702854520977,0.1111548386385172,14.153710366778963
4,2391.0,0.017527702826521836,0.11115483868130241,14.153710363672127
4,2392.0,0.017527702798707002,0.11115483872390815,14.153710360585741
4,2393.0,0.017527702771076476,0.11115483876633442,14.15371035751981
4,2394.0,0.01752770274363026,0.11115483880858121,14.15371035447433
4,2395.0,0.017527702716368353,0.11115483885064852,14.153710351449297
4,2396.0,0.017527702689290752,0.11115483889253636,14.15371034844472
4,2397.0,0.017527702662397462,0.11115483893424472,14.153710345460588
4,2398.0,0.01752770263568848,0.1111548389757736,14.153710342496911
4,2399.0,0.017527702609163805,0.11115483901712302,14.153710339553689
4,2400.0,0.01752770258282344,0.11115483905829295,14.153710336630912
4,2401.0,0.01752770255666738,0.1111548390992834,14.15371033372859
4,2402.0,0.017527702530695636,0.11115483914009439,14.153710330846716
4,2403.0,0.017527702504908194,0.1111548391807259,14.153710327985294
4,2404.0,0.017527702479305064,0.11115483922117793,14.153710325144326
4,2405.0,0.017527702453886244,0.11115483926145049,14.153710322323809
4,2406.0,0.017527702428651728,0.11115483930154356,14.153710319523741
4,2407.0,0.017527702403601523,0.11115483934145717,14.153710316744123
4,2408.0,0.017527702378735625,0.1111548393811913,14.153710313984963
4,2409.0,0.01752770235405404,0.11115483942074596,14.153710311246245
4,2410.0,0.01752770232955676,0.11115483946012113,14.153710308527982
4,2411.0,0.017527702305243788,0.11115483949931684,14.153710305830174
4,2412.0,0.017527702281115127,0.11115483953833306,14.15371030315281
4,2413.0,0.017527702257170773,0.11115483957716982,14.153710300495904
4,2414.0,0.017527702233410727,0.11115483961582709,14.153710297859448
4,2415.0,0.01752770220983499,0.1111548396543049,14.153710295243439
4,2416.0,0.01752770218644356,0.11115483969260322,14.153710292647881
4,2417.0,0.01752770216323644,0.11115483973072207,14.153710290072778
4,2418.0,0.01752770214021363,0.11115483976866145,14.153710287518125
4,2419.0,0.01752770211737513,0.11115483980642134,14.153710284983925
4,2420.0,0.017527702094720935,0.11115483984400176,14.153710282470175
4,2421.0,0.01752770207225105,0.1111548398814027,14.153710279976876
4,2422.0,0.017527702049965475,0.11115483991862418,14.153710277504029
4,2423.0,0.017527702027864207,0.11115483995566618,14.153710275051633
4,2424.0,0.017527702005947245,0.11115483999252869,14.153710272619687
4,2425.0,0.017527701984214595,0.11115484002921174,14.153710270208194
4,2426.0,0.017527701962666252,0.11115484006571531,14.153710267817148
4,2427.0,0.01752770194130222,0.1111548401020394,14.15371026544656
4,2428.0,0.017527701920122495,0.11115484013818401,14.153710263096414
4,2429.0,0.017527701899127078,0.11115484017414916,14.153710260766728
4,2430.0,0.017527701878315968,0.11115484020993482,14.153710258457489
4,2431.0,0.01752770185768917,0.11115484024554102,14.153710256168702
4,2432.0,0.017527701837246678,0.11115484028096773,14.153710253900366
4,2433.0,0.017527701816988497,0.11115484031621498,14.153710251652482
4,2434.0,0.017527701796914624,0.11115484035128273,14.153710249425046
4,2435.0,0.01752770177702506,0.11115484038617102,14.153710247218065
4,2436.0,0.0175277017573198,0.11115484042087984,14.153710245031537
4,2437.0,0.017527701737798853,0.11115484045540917,14.153710242865456
4,2438.0,0.017527701718462213,0.11115484048975903,14.153710240719827
4,2439.0,0.017527701699309884,0.11115484052392942,14.153710238594648
4,2440.0,0.017527701680341862,0.11115484055792033,14.153710236489925
4,2441.0,0.017527701661558148,0.11115484059173177,14.15371023440565
4,2442.0,0.01752770164295874,0.11115484062536372,14.153710232341826
4,2443.0,0.017527701624543646,0.1111548406588162,14.153710230298456
4,2444.0,0.017527701606312857,0.11115484069208921,14.15371022827553
4,2445.0,0.01752770158826638,0.11115484072518275,14.15371022627306
4,2446.0,0.017527701570404206,0.1111548407580968,14.153710224291043
4,2447.0,0.017527701552726347,0.11115484079083139,14.153710222329472
4,2448.0,0.017527701535232792,0.11115484082338649,14.153710220388358
4,2449.0,0.017527701517923547,0.11115484085576212,14.153710218467694
4,2450.0,0.01752770150079861,0.11115484088795827,14.153710216567477
4,2451.0,0.01752770148385798,0.11115484091997495,14.153710214687719
4,2452.0,0.017527701467101663,0.11115484095181216,14.153710212828406
4,2453.0,0.01752770145052965,0.11115484098346988,14.153710210989546
4,2454.0,0.01752770143414195,0.11115484101494813,14.153710209171138
4,2455.0,0.017527701417938555,0.11115484104624691,14.153710207373178
4,2456.0,0.017527701401919473,0.11115484107736621,14.153710205595672
4,2457.0,0.017527701386084695,0.11115484110830604,14.153710203838617
4,2458.0,0.017527701370434228,0.11115484113906639,14.153710202102015
4,2459.0,0.01752770135496807,0.11115484116964726,14.153710200385857
4,2460.0,0.017527701339686216,0.11115484120004866,14.153710198690156
4,2461.0,0.017527701324588675,0.11115484123027058,14.153710197014906
4,2462.0,0.01752770130967544,0.11115484126031303,14.153710195360109
4,2463.0,0.017527701294946515,0.111154841290176,14.15371019372576
4,2464.0,0.0175277012804019,0.11115484131985949,14.15371019211186
4,2465.0,0.01752770126604159,0.11115484134936351,14.153710190518414
4,2466.0,0.017527701251865594,0.11115484137868806,14.153710188945421
4,2467.0,0.0175277012378739,0.11115484140783313,14.15371018739288
4,2468.0,0.01752770122406652,0.11115484143679873,14.153710185860785
4,2469.0,0.017527701210443447,0.11115484146558484,14.153710184349146
4,2470.0,0.01752770119700468,0.11115484149419148,14.153710182857958
4,2471.0,0.017527701183750227,0.11115484152261865,14.15371018138722
4,2472.0,0.017527701170680077,0.11115484155086634,14.153710179936931
4,2473.0,0.01752770115779424,0.11115484157893456,14.153710178507096
4,2474.0,0.01752770114509271,0.11115484160682329,14.15371017709771
4,2475.0,0.017527701132575485,0.11115484163453256,14.153710175708776
4,2476.0,0.017527701120242573,0.11115484166206234,14.153710174340295
4,2477.0,0.017527701108093968,0.11115484168941266,14.15371017299226
4,2478.0,0.01752770109612967,0.11115484171658349,14.153710171664681
4,2479.0,0.017527701084349683,0.11115484174357486,14.153710170357554
4,2480.0,0.017527701072754004,0.11115484177038674,14.153710169070873
4,2481.0,0.017527701061342632,0.11115484179701915,14.15371016780465
4,2482.0,0.01752770105011557,0.11115484182347209,14.153710166558874
4,2483.0,0.017527701039072818,0.11115484184974554,14.15371016533355
4,2484.0,0.01752770102821437,0.11115484187583953,14.153710164128675
4,2485.0,0.017527701017540236,0.11115484190175404,14.153710162944257
4,2486.0,0.01752770100705041,0.11115484192748906,14.153710161780287
4,2487.0,0.017527700996744888,0.11115484195304462,14.153710160636768
4,2488.0,0.01752770098662368,0.11115484197842071,14.153710159513698
4,2489.0,0.017527700976686777,0.1111548420036173,14.153710158411084
4,2490.0,0.017527700966934182,0.11115484202863445,14.153710157328916
4,2491.0,0.0175277009573659,0.11115484205347209,14.153710156267204
4,2492.0,0.017527700947981922,0.11115484207813027,14.15371015522594
4,2493.0,0.017527700938782254,0.11115484210260898,14.153710154205129
4,2494.0,0.017527700929766896,0.11115484212690821,14.153710153204768
4,2495.0,0.017527700920935845,0.11115484215102796,14.15371015222486
4,2496.0,0.017527700912289102,0.11115484217496824,14.153710151265399
4,2497.0,0.017527700903826667,0.11115484219872904,14.153710150326393
4,2498.0,0.017527700895548542,0.11115484222231035,14.153710149407836
4,2499.0,0.017527700887454728,0.1111548422457122,14.153710148509733
4,2500.0,0.017527700879545218,0.11115484226893459,14.153710147632081
4,2501.0,0.01752770087182002,0.11115484229197747,14.153710146774877
4,2502.0,0.01752770086427913,0.11115484231484091,14.153710145938126
4,2503.0,0.017527700856922547,0.11115484233752485,14.153710145121826
4,2504.0,0.017527700849750274,0.11115484236002932,14.15371014432598
4,2505.0,0.017527700842762308,0.11115484238235432,14.15371014355058
4,2506.0,0.017527700835958653,0.11115484240449984,14.153710142795635
4,2507.0,0.017527700829339306,0.11115484242646588,14.15371014206114
4,2508.0,0.017527700822904266,0.11115484244825245,14.153710141347096
4,2509.0,0.017527700816653537,0.11115484246985954,14.153710140653503
4,2510.0,0.017527700810587115,0.11115484249128715,14.153710139980364
4,2511.0,0.017527700804705,0.1111548425125353,14.153710139327675
4,2512.0,0.017527700799007194,0.11115484253360397,14.153710138695436
4,2513.0,0.017527700793493698,0.11115484255449316,14.153710138083646
4,2514.0,0.017527700788164513,0.11115484257520288,14.153710137492311
4,2515.0,0.017527700783019632,0.11115484259573312,14.153710136921424
4,2516.0,0.017527700778059062,0.11115484261608388,14.153710136370993
4,2517.0,0.0175277007732828,0.11115484263625516,14.153710135841008
4,2518.0,0.017527700768690847,0.11115484265624698,14.153710135331476
4,2519.0,0.017527700764283203,0.11115484267605931,14.153710134842395
4,2520.0,0.017527700760059866,0.11115484269569217,14.15371013437377
4,2521.0,0.017527700756020836,0.11115484271514556,14.15371013392559
4,2522.0,0.017527700752166118,0.11115484273441947,14.153710133497864
4,2523.0,0.01752770074849571,0.11115484275351391,14.153710133090591
4,2524.0,0.017527700745009606,0.11115484277242886,14.153710132703766
4,2525.0,0.017527700741707813,0.11115484279116435,14.15371013233739
4,2526.0,0.017527700738590328,0.11115484280972036,14.15371013199147
4,2527.0,0.017527700735657153,0.11115484282809689,14.153710131666001
4,2528.0,0.017527700732908283,0.11115484284629394,14.153710131360981
4,2529.0,0.017527700730343727,0.11115484286431153,14.153710131076412
4,2530.0,0.017527700727963474,0.11115484288214963,14.153710130812293
4,2531.0,0.017527700725767533,0.11115484289980826,14.15371013056863
4,2532.0,0.0175277007237559,0.11115484291728742,14.153710130345415
4,2533.0,0.017527700721928576,0.11115484293458709,14.15371013014265
4,2534.0,0.01752770072028556,0.1111548429517073,14.153710129960338
4,2535.0,0.017527700718826852,0.11115484296864803,14.15371012979848
4,2536.0,0.01752770071755245,0.11115484298540929,14.153710129657071
4,2537.0,0.017527700716462362,0.11115484300199105,14.15371012953611
4,2538.0,0.01752770071555658,0.11115484301839336,14.153710129435602
4,2539.0,0.017527700714835108,0.11115484303461617,14.15371012935555
4,2540.0,0.01752770071429794,0.11115484305065954,14.153710129295943
4,2541.0,0.017527700713945087,0.1111548430665234,14.15371012925679
4,2542.0,0.017527700713776538,0.1111548430822078,14.153710129238085
4,2543.0,0.0175277007137923,0.11115484309771273,14.153710129239835
4,2544.0,0.01752770071399237,0.11115484311303817,14.153710129262036
4,2545.0,0.017527700714376745,0.11115484312818415,14.153710129304686
4,2546.0,0.017527700714945433,0.11115484314315063,14.15371012936779
4,2547.0,0.017527700715698428,0.11115484315793765,14.153710129451342
4,2548.0,0.017527700716635734,0.1111548431725452,14.15371012955535
4,2549.0,0.017527700717757347,0.11115484318697327,14.153710129679803
4,2550.0,0.017527700719063267,0.11115484320122186,14.153710129824711
4,2551.0,0.017527700720553496,0.11115484321529098,14.15371012999007
4,2552.0,0.017527700722228035,0.11115484322918062,14.15371013017588
4,2553.0,0.01752770072408688,0.1111548432428908,14.15371013038214
4,2554.0,0.017527700726130035,0.11115484325642148,14.153710130608856
4,2555.0,0.0175277007283575,0.1111548432697727,14.153710130856016
4,2556.0,0.01752770073076927,0.11115484328294443,14.15371013112363
4,2557.0,0.017527700733365355,0.1111548432959367,14.1537101314117
4,2558.0,0.017527700736145742,0.11115484330874949,14.153710131720214
4,2559.0,0.017527700739110443,0.1111548433213828,14.153710132049182
4,2560.0,0.01752770074225945,0.11115484333383664,14.1537101323986
4,2561.0,0.017527700745592765,0.111154843346111,14.153710132768472
4,2562.0,0.01752770074911039,0.11115484335820588,14.153710133158798
4,2563.0,0.01752770075281232,0.1111548433701213,14.153710133569568
4,2564.0,0.01752770075669856,0.11115484338185723,14.153710134000793
4,2565.0,0.01752770076076911,0.1111548433934137,14.153710134452465
4,2566.0,0.017527700765023968,0.11115484340479068,14.153710134924596
4,2567.0,0.017527700769463136,0.11115484341598818,14.153710135417173
4,2568.0,0.01752770077408661,0.11115484342700621,14.153710135930199
4,2569.0,0.017527700778894397,0.11115484343784478,14.153710136463683
4,2570.0,0.017527700783886487,0.11115484344850385,14.153710137017615
4,2571.0,0.017527700789062888,0.11115484345898347,14.153710137591997
4,2572.0,0.0175277007944236,0.11115484346928359,14.153710138186831
4,2573.0,0.017527700799968616,0.11115484347940424,14.153710138802118
4,2574.0,0.017527700805697943,0.11115484348934543,14.15371013943785
4,2575.0,0.01752770081161158,0.11115484349910712,14.153710140094038
4,2576.0,0.017527700817709522,0.11115484350868936,14.153710140770677
4,2577.0,0.017527700823991774,0.1111548435180921,14.15371014146777
4,2578.0,0.017527700830458338,0.11115484352731538,14.153710142185309
4,2579.0,0.01752770083710921,0.11115484353635918,14.153710142923304
4,2580.0,0.017527700843944387,0.11115484354522351,14.153710143681748
4,2581.0,0.017527700850963873,0.11115484355390835,14.153710144460641
4,2582.0,0.01752770085816767,0.11115484356241373,14.153710145259986
4,2583.0,0.017527700865555773,0.11115484357073963,14.153710146079785
4,2584.0,0.017527700873128185,0.11115484357888605,14.153710146920035
4,2585.0,0.017527700880884907,0.111154843586853,14.153710147780735
4,2586.0,0.017527700888825937,0.11115484359464047,14.153710148661883
4,2587.0,0.017527700896951274,0.11115484360224846,14.153710149563485
4,2588.0,0.017527700905260922,0.11115484360967698,14.153710150485542
4,2589.0,0.017527700913754874,0.11115484361692603,14.153710151428044
4,2590.0,0.01752770092243314,0.1111548436239956,14.153710152391001
4,2591.0,0.01752770093129571,0.1111548436308857,14.15371015337441
4,2592.0,0.017527700940342592,0.11115484363759631,14.153710154378263
4,2593.0,0.017527700949573784,0.11115484364412745,14.153710155402576
4,2594.0,0.01752770095898928,0.11115484365047912,14.153710156447337
4,2595.0,0.017527700968589088,0.1111548436566513,14.153710157512549
4,2596.0,0.017527700978373206,0.11115484366264403,14.15371015859821
4,2597.0,0.017527700988341628,0.11115484366845726,14.153710159704326
4,2598.0,0.01752770099849436,0.11115484367409102,14.153710160830888
4,2599.0,0.0175277010088314,0.11115484367954531,14.153710161977907
4,2600.0,0.017527701019352752,0.11115484368482013,14.153710163145377
4,2601.0,0.01752770103005841,0.11115484368991546,14.153710164333296
4,2602.0,0.017527701040948376,0.11115484369483133,14.153710165541666
4,2603.0,0.017527701052022653,0.11115484369956771,14.153710166770487
4,2604.0,0.017527701063281238,0.11115484370412462,14.15371016801976
4,2605.0,0.01752770107472413,0.11115484370850207,14.153710169289482
4,2606.0,0.017527701086351332,0.11115484371270001,14.153710170579659
4,2607.0,0.017527701098162842,0.11115484371671851,14.153710171890285
4,2608.0,0.01752770111015866,0.1111548437205575,14.153710173221365
4,2609.0,0.017527701122338785,0.11115484372421704,14.153710174572895
4,2610.0,0.01752770113470322,0.1111548437276971,14.153710175944875
4,2611.0,0.017527701147251967,0.11115484373099768,14.153710177337304
4,2612.0,0.017527701159985018,0.11115484373411878,14.153710178750186
4,2613.0,0.01752770117290238,0.11115484373706042,14.15371018018352
4,2614.0,0.01752770118600405,0.11115484373982257,14.153710181637305
4,2615.0,0.01752770119929003,0.11115484374240525,14.153710183111544
4,2616.0,0.017527701212760316,0.11115484374480845,14.15371018460623
4,2617.0,0.01752770122641491,0.11115484374703218,14.153710186121367
4,2618.0,0.017527701240253817,0.11115484374907643,14.153710187656957
4,2619.0,0.017527701254277026,0.1111548437509412,14.153710189213001
4,2620.0,0.01752770126848455,0.1111548437526265,14.153710190789491
4,2621.0,0.01752770128287638,0.11115484375413233,14.153710192386434
4,2622.0,0.017527701297452517,0.11115484375545868,14.15371019400383
4,2623.0,0.017527701312212964,0.11115484375660556,14.153710195641674
4,2624.0,0.01752770132715772,0.11115484375757295,14.153710197299974
4,2625.0,0.017527701342286785,0.11115484375836088,14.153710198978722
4,2626.0,0.017527701357600158,0.11115484375896932,14.15371020067792
4,2627.0,0.017527701373097837,0.1111548437593983,14.153710202397574
4,2628.0,0.017527701388779827,0.11115484375964779,14.153710204137672
4,2629.0,0.017527701404646125,0.1111548437597178,14.153710205898227
4,2630.0,0.017527701420696734,0.11115484375960835,14.15371020767923
4,2631.0,0.01752770143693165,0.11115484375931943,14.153710209480685
4,2632.0,0.017527701453350874,0.11115484375885101,14.153710211302593
4,2633.0,0.017527701469954405,0.11115484375820314,14.15371021314495
4,2634.0,0.017527701486742247,0.11115484375737578,14.15371021500776
4,2635.0,0.017527701503714396,0.11115484375636894,14.153710216891023
4,2636.0,0.017527701520870857,0.11115484375518264,14.153710218794734
4,2637.0,0.017527701538211624,0.11115484375381685,14.153710220718896
4,2638.0,0.0175277015557367,0.1111548437522716,14.153710222663511
4,2639.0,0.017527701573446082,0.11115484375054685,14.153710224628574
4,2640.0,0.017527701591339775,0.11115484374864265,14.153710226614091
4,2641.0,0.017527701609417776,0.11115484374655896,14.15371022862006
4,2642.0,0.017527701627680088,0.1111548437442958,14.153710230646476
4,2643.0,0.017527701646126707,0.11115484374185315,14.153710232693347
4,2644.0,0.017527701664757634,0.11115484373923104,14.153710234760666
4,2645.0,0.017527701683572868,0.11115484373642945,14.153710236848443
4,2646.0,0.017527701702572413,0.11115484373344839,14.153710238956666
4,2647.0,0.017527701721756266,0.11115484373028785,14.153710241085344
4,2648.0,0.01752770174112443,0.11115484372694782,14.15371024323447
4,2649.0,0.017527701760676896,0.11115484372342833,14.153710245404046
4,2650.0,0.017527701780413674,0.11115484371972938,14.153710247594072
4,2651.0,0.017527701800334763,0.11115484371585092,14.153710249804552
4,2652.0,0.01752770182044016,0.111154843711793,14.153710252035486
4,2653.0,0.017527701840729864,0.11115484370755561,14.153710254286871
4,2654.0,0.017527701861203875,0.11115484370313874,14.1537102565587
4,2655.0,0.017527701881862198,0.1111548436985424,14.153710258850985
4,2656.0,0.017527701902704827,0.11115484369376658,14.15371026116372
4,2657.0,0.017527701923731764,0.11115484368881128,14.153710263496908
4,2658.0,0.017527701944943012,0.11115484368367651,14.153710265850545
4,2659.0,0.017527701966338568,0.11115484367836226,14.153710268224637
4,2660.0,0.017527701987918434,0.11115484367286854,14.153710270619175
4,2661.0,0.017527702009682605,0.11115484366719534,14.15371027303417
4,2662.0,0.01752770203163109,0.11115484366134266,14.153710275469614
4,2663.0,0.017527702053763878,0.11115484365531052,14.153710277925505
4,2664.0,0.017527702076080977,0.11115484364909889,14.15371028040185
4,2665.0,0.017527702098582384,0.11115484364270778,14.153710282898647
4,2666.0,0.0175277021212681,0.1111548436361372,14.153710285415896
4,2667.0,0.017527702144138124,0.11115484362938716,14.153710287953597
4,2668.0,0.017527702167192457,0.11115484362245763,14.153710290511746
4,2669.0,0.017527702190431097,0.11115484361534862,14.153710293090349
4,2670.0,0.017527702213854048,0.11115484360806015,14.1537102956894
4,2671.0,0.017527702237461307,0.11115484360059219,14.153710298308905
4,2672.0,0.017527702261252873,0.11115484359294475,14.153710300948863
4,2673.0,0.01752770228522875,0.11115484358511785,14.153710303609268
4,2674.0,0.017527702309388934,0.11115484357711147,14.153710306290126
4,2675.0,0.017527702333733425,0.1111548435689256,14.153710308991432
4,2676.0,0.017527702358262228,0.11115484356056028,14.153710311713194
4,2677.0,0.017527702382975338,0.11115484355201546,14.153710314455406
4,2678.0,0.01752770240787276,0.11115484354329118,14.153710317218067
4,2679.0,0.017527702432954484,0.11115484353438743,14.153710320001181
4,2680.0,0.01752770245822052,0.11115484352530419,14.153710322804747
4,2681.0,0.017527702483670866,0.11115484351604148,14.153710325628762
4,2682.0,0.017527702509305517,0.1111548435065993,14.15371032847323
4,2683.0,0.01752770253512448,0.11115484349697763,14.153710331338146
4,2684.0,0.01752770256112775,0.11115484348717648,14.153710334223518
4,2685.0,0.017527702587315327,0.11115484347719587,14.15371033712934
4,2686.0,0.017527702613687215,0.11115484346703579,14.153710340055614
4,2687.0,0.017527702640243413,0.11115484345669621,14.153710343002338
4,2688.0,0.017527702666983915,0.11115484344617718,14.153710345969511
4,2689.0,0.017527702693908728,0.11115484343547866,14.153710348957139
4,2690.0,0.017527702721017852,0.11115484342460066,14.153710351965213
4,2691.0,0.01752770274831128,0.1111548434135432,14.153710354993743
4,2692.0,0.01752770277578902,0.11115484340230626,14.153710358042723
4,2693.0,0.017527702803451065,0.11115484339088984,14.153710361112154
4,2694.0,0.017527702831297422,0.11115484337929395,14.153710364202036
4,2695.0,0.017527702859328087,0.11115484336751857,14.153710367312366
4,2696.0,0.01752770288754306,0.11115484335556373,14.153710370443152
4,2697.0,0.017527702915942342,0.11115484334342941,14.153710373594388
4,2698.0,0.017527702944525932,0.11115484333111561,14.153710376766075
4,2699.0,0.01752770297329383,0.11115484331862234,14.153710379958211
4,2700.0,0.01752770300224604,0.11115484330594959,14.1537103831708
4,2701.0,0.017527703031382555,0.11115484329309737,14.153710386403842
4,2702.0,0.01752770306070338,0.11115484328006567,14.153710389657336
4,2703.0,0.017527703090208513,0.1111548432668545,14.153710392931277
4,2704.0,0.017527703119897955,0.11115484325346385,14.153710396225673
4,2705.0,0.017527703149771704,0.11115484323989372,14.153710399540516
4,2706.0,0.01752770317982976,0.11115484322614412,14.153710402875815
4,2707.0,0.01752770321007213,0.11115484321221504,14.153710406231562
4,2708.0,0.017527703240498807,0.11115484319810649,14.153710409607763
4,2709.0,0.01752770327110979,0.11115484318381846,14.15371041300441
4,2710.0,0.017527703301905083,0.11115484316935095,14.153710416421514
4,2711.0,0.017527703332884684,0.11115484315470398,14.153710419859065
4,2712.0,0.017527703364048595,0.11115484313987752,14.153710423317069
4,2713.0,0.017527703395396815,0.11115484312487159,14.153710426795524
4,2714.0,0.01752770342692934,0.11115484310968618,14.153710430294431
4,2715.0,0.01752770345864618,0.1111548430943213,14.153710433813789
4,2716.0,0.01752770349054732,0.11115484307877695,14.153710437353595
4,2717.0,0.017527703522632776,0.11115484306305311,14.153710440913857
4,2718.0,0.017527703554902536,0.1111548430471498,14.153710444494568
4,2719.0,0.017527703587356606,0.11115484303106701,14.15371044809573
4,2720.0,0.017527703618503053,0.11115484301503784,14.153710451551795
4,2721.0,0.01752770362820148,0.11115484300230109,14.153710452627951
4,2722.0,0.017527703637875005,0.11115484298959097,14.153710453701343
4,2723.0,0.017527703647523634,0.11115484297690743,14.153710454771971
4,2724.0,0.017527703657147363,0.11115484296425052,14.153710455839837
4,2725.0,0.01752770366674619,0.11115484295162019,14.15371045690494
4,2726.0,0.017527703676320124,0.11115484293901648,14.153710457967284
4,2727.0,0.01752770368586916,0.11115484292643936,14.153710459026861
4,2728.0,0.017527703695393294,0.11115484291388886,14.153710460083675
4,2729.0,0.01752770370489253,0.11115484290136494,14.153710461137726
4,2730.0,0.017527703714366866,0.11115484288886765,14.153710462189016
4,2731.0,0.017527703723816304,0.11115484287639696,14.153710463237546
4,2732.0,0.017527703733240845,0.11115484286395286,14.153710464283305
4,2733.0,0.017527703742640486,0.11115484285153537,14.15371046532631
4,2734.0,0.01752770375201523,0.1111548428391445,14.153710466366546
4,2735.0,0.017527703761365074,0.1111548428267802,14.153710467404022
4,2736.0,0.017527703770690017,0.11115484281444253,14.153710468438735
4,2737.0,0.017527703779990064,0.11115484280213146,14.153710469470683
4,2738.0,0.017527703789265214,0.111154842789847,14.15371047049987
4,2739.0,0.017527703798515464,0.11115484277758912,14.1537104715263
4,2740.0,0.017527703807740814,0.11115484276535786,14.15371047254996
4,2741.0,0.017527703816941267,0.11115484275315321,14.153710473570857
4,2742.0,0.01752770382611682,0.11115484274097516,14.153710474588994
4,2743.0,0.017527703835267475,0.11115484272882371,14.153710475604369
4,2744.0,0.017527703844393235,0.11115484271669887,14.153710476616977
4,2745.0,0.01752770385349409,0.11115484270460063,14.153710477626825
4,2746.0,0.01752770386257005,0.111154842692529,14.15371047863391
4,2747.0,0.01752770387162111,0.11115484268048396,14.153710479638233
4,2748.0,0.017527703880647272,0.11115484266846554,14.153710480639791
4,2749.0,0.017527703889648538,0.11115484265647371,14.153710481638589
4,2750.0,0.017527703898624902,0.11115484264450849,14.153710482634619
4,2751.0,0.017527703907576367,0.11115484263256988,14.153710483627894
4,2752.0,0.017527703916502935,0.11115484262065786,14.1537104846184
4,2753.0,0.017527703925404602,0.11115484260877245,14.153710485606148
4,2754.0,0.017527703934281373,0.11115484259691365,14.15371048659113
4,2755.0,0.017527703943133247,0.11115484258508146,14.153710487573347
4,2756.0,0.017527703951960218,0.11115484257327586,14.153710488552804
4,2757.0,0.017527703960762295,0.11115484256149687,14.153710489529502
4,2758.0,0.017527703969539468,0.11115484254974448,14.15371049050343
4,2759.0,0.017527703978291745,0.1111548425380187,14.153710491474598
4,2760.0,0.017527703987019125,0.11115484252631952,14.153710492443006
4,2761.0,0.017527703995721605,0.11115484251464694,14.153710493408648
4,2762.0,0.017527704004399187,0.11115484250300098,14.153710494371527
4,2763.0,0.01752770401305187,0.1111548424913816,14.153710495331644
4,2764.0,0.017527704021679653,0.11115484247978884,14.153710496289
4,2765.0,0.01752770403028254,0.11115484246822269,14.15371049724359
4,2766.0,0.017527704038860524,0.11115484245668313,14.153710498195421
4,2767.0,0.017527704047413613,0.11115484244517018,14.153710499144488
4,2768.0,0.0175277040559418,0.11115484243368383,14.15371050009079
4,2769.0,0.017527704064445093,0.11115484242222409,14.15371050103433
4,2770.0,0.017527704072923485,0.11115484241079095,14.153710501975105
4,2771.0,0.01752770408137698,0.11115484239938442,14.153710502913125
4,2772.0,0.017527704089805574,0.11115484238800448,14.153710503848377
4,2773.0,0.017527704098209272,0.11115484237665116,14.153710504780866
4,2774.0,0.01752770410658807,0.11115484236532444,14.15371050571059
4,2775.0,0.017527704114941967,0.11115484235402431,14.153710506637553
4,2776.0,0.017527704123270968,0.1111548423427508,14.153710507561756
4,2777.0,0.01752770413157507,0.1111548423315039,14.153710508483194
4,2778.0,0.017527704139854272,0.11115484232028358,14.153710509401867
4,2779.0,0.01752770414810858,0.11115484230908988,14.153710510317781
4,2780.0,0.017527704156337982,0.11115484229792279,14.153710511230933
4,2781.0,0.017527704164542492,0.1111548422867823,14.153710512141322
4,2782.0,0.0175277041727221,0.11115484227566841,14.153710513048944
4,2783.0,0.017527704180876808,0.11115484226458112,14.153710513953802
4,2784.0,0.01752770418900662,0.11115484225352043,14.153710514855904
4,2785.0,0.017527704197111534,0.11115484224248635,14.153710515755238
4,2786.0,0.01752770420519155,0.11115484223147888,14.153710516651811
4,2787.0,0.017527704213246665,0.11115484222049801,14.153710517545624
4,2788.0,0.01752770422127688,0.11115484220954375,14.153710518436666
4,2789.0,0.0175277042292822,0.11115484219861609,14.153710519324955
4,2790.0,0.017527704237262617,0.11115484218771503,14.153710520210474
4,2791.0,0.01752770424521814,0.11115484217684057,14.153710521093235
4,2792.0,0.01752770425314876,0.11115484216599272,14.15371052197323
4,2793.0,0.017527704261054485,0.11115484215517148,14.153710522850467
4,2794.0,0.01752770426893531,0.11115484214437683,14.153710523724934
4,2795.0,0.017527704276791237,0.11115484213360881,14.153710524596642
4,2796.0,0.017527704284622265,0.11115484212286737,14.153710525465586
4,2797.0,0.017527704292428396,0.11115484211215254,14.15371052633177
4,2798.0,0.017527704300209626,0.11115484210146431,14.153710527195187
4,2799.0,0.017527704307965956,0.11115484209080269,14.153710528055848
4,2800.0,0.01752770431569739,0.11115484208016768,14.153710528913741
4,2801.0,0.017527704323403923,0.11115484206955926,14.153710529768869
4,2802.0,0.01752770433108556,0.11115484205897745,14.153710530621236
4,2803.0,0.0175277043387423,0.11115484204842224,14.153710531470846
4,2804.0,0.017527704346374136,0.11115484203789365,14.153710532317687
4,2805.0,0.01752770435398108,0.11115484202739165,14.153710533161766
4,2806.0,0.017527704361563118,0.11115484201691626,14.153710534003082
4,2807.0,0.017527704369120264,0.11115484200646747,14.15371053484164
4,2808.0,0.017527704376652506,0.11115484199604528,14.153710535677428
4,2809.0,0.01752770438415985,0.1111548419856497,14.15371053651046
4,2810.0,0.0175277043916423,0.11115484197528072,14.153710537340725
4,2811.0,0.01752770439909985,0.11115484196493836,14.153710538168227
4,2812.0,0.017527704406532497,0.11115484195462258,14.15371053899297
4,2813.0,0.017527704413940248,0.11115484194433342,14.153710539814945
4,2814.0,0.017527704421323103,0.11115484193407087,14.153710540634158
4,2815.0,0.017527704428681054,0.1111548419238349,14.153710541450613
4,2816.0,0.017527704436014112,0.11115484191362555,14.153710542264301
4,2817.0,0.017527704443322266,0.1111548419034428,14.153710543075226
4,2818.0,0.017527704450605527,0.11115484189328666,14.153710543883388
4,2819.0,0.017527704457863884,0.11115484188315712,14.15371054468879
4,2820.0,0.017527704465097344,0.11115484187305419,14.153710545491425
4,2821.0,0.017527704472305908,0.11115484186297785,14.153710546291302
4,2822.0,0.01752770447948957,0.11115484185292812,14.153710547088414
4,2823.0,0.017527704486648334,0.111154841842905,14.153710547882765
4,2824.0,0.0175277044937822,0.11115484183290848,14.153710548674354
4,2825.0,0.01752770450089117,0.11115484182293857,14.153710549463177
4,2826.0,0.01752770450797524,0.11115484181299524,14.153710550249235
4,2827.0,0.01752770451503441,0.11115484180307854,14.153710551032535
4,2828.0,0.01752770452206868,0.11115484179318844,14.153710551813074
4,2829.0,0.017527704529078054,0.11115484178332494,14.153710552590843
4,2830.0,0.01752770453606253,0.11115484177348804,14.153710553365855
4,2831.0,0.017527704543022105,0.11115484176367775,14.153710554138101
4,2832.0,0.017527704549956783,0.11115484175389406,14.153710554907589
4,2833.0,0.01752770455686656,0.11115484174413698,14.153710555674307
4,2834.0,0.01752770456375144,0.1111548417344065,14.153710556438265
4,2835.0,0.01752770457061142,0.11115484172470262,14.153710557199464
4,2836.0,0.017527704577446505,0.11115484171502535,14.153710557957895
4,2837.0,0.01752770458425669,0.11115484170537468,14.153710558713566
4,2838.0,0.017527704591041974,0.11115484169575063,14.153710559466472
4,2839.0,0.01752770459780236,0.11115484168615317,14.153710560216616
4,2840.0,0.01752770460453785,0.11115484167658231,14.153710560963999
4,2841.0,0.01752770461124844,0.11115484166703805,14.15371056170862
4,2842.0,0.01752770461793413,0.1111548416575204,14.153710562450472
4,2843.0,0.017527704624594923,0.11115484164802937,14.153710563189568
4,2844.0,0.017527704631230816,0.11115484163856493,14.153710563925902
4,2845.0,0.017527704637841812,0.11115484162912709,14.15371056465947
4,2846.0,0.01752770464442791,0.11115484161971587,14.15371056539027
4,2847.0,0.017527704650989104,0.11115484161033123,14.153710566118315
4,2848.0,0.017527704657525404,0.1111548416009732,14.153710566843595
4,2849.0,0.017527704664036806,0.1111548415916418,14.153710567566113
4,2850.0,0.017527704670523305,0.11115484158233697,14.153710568285863
4,2851.0,0.01752770467698491,0.11115484157305877,14.153710569002858
4,2852.0,0.017527704683421616,0.11115484156380716,14.153710569717084
4,2853.0,0.01752770468983342,0.11115484155458216,14.15371057042855
4,2854.0,0.01752770469622033,0.11115484154538376,14.153710571137253
4,2855.0,0.017527704702582338,0.11115484153621197,14.153710571843192
4,2856.0,0.017527704708919446,0.11115484152706677,14.153710572546371
4,2857.0,0.017527704715231657,0.11115484151794819,14.153710573246785
4,2858.0,0.01752770472151897,0.11115484150885621,14.153710573944437
4,2859.0,0.017527704727781385,0.11115484149979082,14.153710574639325
4,2860.0,0.0175277047340189,0.11115484149075205,14.153710575331452
4,2861.0,0.017527704740231517,0.11115484148173989,14.153710576020812
4,2862.0,0.017527704746419237,0.11115484147275431,14.153710576707415
4,2863.0,0.017527704752582057,0.11115484146379535,14.153710577391251
4,2864.0,0.017527704758719977,0.111154841454863,14.153710578072328
4,2865.0,0.017527704764833,0.11115484144595725,14.15371057875064
4,2866.0,0.017527704770921124,0.11115484143707809,14.153710579426185
4,2867.0,0.01752770477698435,0.11115484142822554,14.153710580098974
4,2868.0,0.017527704783022676,0.1111548414193996,14.153710580769
4,2869.0,0.017527704789036102,0.11115484141060027,14.153710581436258
4,2870.0,0.01752770479502463,0.11115484140182753,14.153710582100757
4,2871.0,0.017527704800988263,0.1111548413930814,14.153710582762494
4,2872.0,0.017527704806926996,0.11115484138436188,14.153710583421464
4,2873.0,0.017527704812840827,0.11115484137566896,14.153710584077674
4,2874.0,0.017527704818729763,0.11115484136700264,14.153710584731122
4,2875.0,0.0175277048245938,0.11115484135836293,14.153710585381805
4,2876.0,0.017527704830432936,0.11115484134974982,14.153710586029726
4,2877.0,0.017527704836247177,0.11115484134116331,14.153710586674883
4,2878.0,0.017527704842036515,0.11115484133260341,14.153710587317281
4,2879.0,0.01752770484780096,0.11115484132407011,14.153710587956914
4,2880.0,0.0175277048535405,0.11115484131556341,14.153710588593786
4,2881.0,0.017527704859255144,0.11115484130708332,14.15371058922789
4,2882.0,0.01752770486494489,0.11115484129862983,14.153710589859237
4,2883.0,0.01752770487060974,0.11115484129020296,14.153710590487819
4,2884.0,0.01752770487624969,0.11115484128180268,14.153710591113636
4,2885.0,0.017527704881864736,0.111154841273429,14.153710591736694
4,2886.0,0.01752770488745489,0.11115484126508193,14.153710592356985
4,2887.0,0.017527704893020142,0.11115484125676148,14.153710592974518
4,2888.0,0.017527704898560495,0.11115484124846761,14.153710593589283
4,2889.0,0.01752770490407595,0.11115484124020035,14.15371059420129
4,2890.0,0.017527704909566507,0.1111548412319597,14.153710594810532
4,2891.0,0.017527704915032166,0.11115484122374565,14.15371059541701
4,2892.0,0.017527704920472925,0.11115484121555821,14.153710596020726
4,2893.0,0.017527704925888787,0.11115484120739737,14.15371059662168
4,2894.0,0.01752770493127975,0.11115484119926314,14.153710597219874
4,2895.0,0.01752770493664581,0.1111548411911555,14.1537105978153
4,2896.0,0.017527704941986976,0.11115484118307448,14.153710598407963
4,2897.0,0.017527704947303244,0.11115484117502004,14.153710598997865
4,2898.0,0.01752770495259461,0.11115484116699223,14.153710599585006
4,2899.0,0.01752770495786108,0.111154841158991,14.153710600169383
4,2900.0,0.01752770496310265,0.1111548411510164,14.153710600750998
4,2901.0,0.017527704968319322,0.11115484114306838,14.15371060132985
4,2902.0,0.017527704973511096,0.11115484113514698,14.153710601905937
4,2903.0,0.01752770497867797,0.11115484112725219,14.153710602479265
4,2904.0,0.017527704983819947,0.11115484111938399,14.153710603049825
4,2905.0,0.017527704988937024,0.11115484111154239,14.153710603617625
4,2906.0,0.0175277049940292,0.1111548411037274,14.153710604182663
4,2907.0,0.01752770499909648,0.11115484109593902,14.153710604744939
4,2908.0,0.017527705004138864,0.11115484108817725,14.15371060530445
4,2909.0,0.017527705009156347,0.11115484108044206,14.153710605861201
4,2910.0,0.01752770501414893,0.11115484107273349,14.153710606415189
4,2911.0,0.017527705019116616,0.11115484106505152,14.153710606966406
4,2912.0,0.0175277050240594,0.11115484105739616,14.15371060751487
4,2913.0,0.01752770502897729,0.1111548410497674,14.15371060806057
4,2914.0,0.01752770503387028,0.11115484104216525,14.1537106086035
4,2915.0,0.01752770503873837,0.1111548410345897,14.153710609143676
4,2916.0,0.017527705043581563,0.11115484102704075,14.153710609681083
4,2917.0,0.017527705048399858,0.1111548410195184,14.153710610215729
4,2918.0,0.017527705053193253,0.11115484101202266,14.153710610747614
4,2919.0,0.01752770505796175,0.11115484100455353,14.153710611276734
4,2920.0,0.01752770506270535,0.111154840997111,14.153710611803092
4,2921.0,0.017527705067424047,0.11115484098969507,14.15371061232669
4,2922.0,0.017527705072117847,0.11115484098230574,14.15371061284752
4,2923.0,0.017527705076786748,0.11115484097494302,14.153710613365593
4,2924.0,0.017527705081430752,0.11115484096760692,14.153710613880898
4,2925.0,0.017527705086049856,0.1111548409602974,14.153710614393443
4,2926.0,0.017527705090644063,0.11115484095301449,14.153710614903225
4,2927.0,0.01752770509521337,0.11115484094575818,14.153710615410242
4,2928.0,0.01752770509975778,0.1111548409385285,14.1537106159145
4,2929.0,0.01752770510427729,0.1111548409313254,14.153710616415992
4,2930.0,0.017527705108771902,0.1111548409241489,14.15371061691472
4,2931.0,0.017527705113241615,0.11115484091699901,14.153710617410692
4,2932.0,0.017527705117686428,0.11115484090987574,14.153710617903894
4,2933.0,0.017527705122106343,0.11115484090277905,14.153710618394337
4,2934.0,0.017527705126501363,0.11115484089570898,14.153710618882016
4,2935.0,0.01752770513087148,0.11115484088866551,14.153710619366931
4,2936.0,0.0175277051352167,0.11115484088164865,14.153710619849086
4,2937.0,0.017527705139537022,0.11115484087465838,14.153710620328475
4,2938.0,0.017527705143832444,0.11115484086769473,14.153710620805105
4,2939.0,0.01752770514810297,0.11115484086075766,14.15371062127897
4,2940.0,0.017527705152348593,0.11115484085384722,14.153710621750072
4,2941.0,0.01752770515656932,0.11115484084696337,14.153710622218407
4,2942.0,0.01752770516076515,0.11115484084010613,14.153710622683988
4,2943.0,0.017527705164936076,0.11115484083327548,14.1537106231468
4,2944.0,0.017527705169082107,0.11115484082647145,14.153710623606852
4,2945.0,0.01752770517320324,0.11115484081969403,14.153710624064137
4,2946.0,0.017527705177299475,0.11115484081294319,14.153710624518666
4,2947.0,0.01752770518137081,0.11115484080621897,14.15371062497043
4,2948.0,0.017527705185417245,0.11115484079952136,14.153710625419428
4,2949.0,0.01752770518943878,0.11115484079285035,14.153710625865664
4,2950.0,0.01752770519343542,0.11115484078620592,14.153710626309138
4,2951.0,0.01752770519740716,0.11115484077958812,14.153710626749849
4,2952.0,0.017527705201354004,0.11115484077299692,14.153710627187799
4,2953.0,0.017527705205275947,0.11115484076643233,14.153710627622985
4,2954.0,0.017527705209172992,0.11115484075989433,14.153710628055407
4,2955.0,0.017527705213045138,0.11115484075338294,14.15371062848507
4,2956.0,0.017527705216892384,0.11115484074689816,14.153710628911966
4,2957.0,0.017527705220714732,0.11115484074043998,14.153710629336102
4,2958.0,0.017527705224512184,0.1111548407340084,14.153710629757475
4,2959.0,0.017527705228284732,0.11115484072760343,14.15371063017608
4,2960.0,0.017527705232032387,0.11115484072122506,14.153710630591926
4,2961.0,0.017527705235755142,0.11115484071487329,14.153710631005012
4,2962.0,0.017527705239452997,0.11115484070854813,14.153710631415331
4,2963.0,0.017527705243125954,0.11115484070224957,14.153710631822893
4,2964.0,0.017527705246774012,0.11115484069597761,14.153710632227686
4,2965.0,0.01752770525039717,0.11115484068973226,14.15371063262972
4,2966.0,0.017527705253995433,0.11115484068351351,14.15371063302899
4,2967.0,0.017527705257568794,0.11115484067732137,14.153710633425494
4,2968.0,0.017527705261117257,0.11115484067115584,14.153710633819237
4,2969.0,0.017527705264640824,0.11115484066501691,14.153710634210219
4,2970.0,0.01752770526813949,0.11115484065890457,14.153710634598438
4,2971.0,0.017527705271613257,0.11115484065281885,14.153710634983893
4,2972.0,0.017527705275062127,0.11115484064675973,14.153710635366586
4,2973.0,0.017527705278486096,0.11115484064072721,14.153710635746517
4,2974.0,0.01752770528188517,0.1111548406347213,14.153710636123686
4,2975.0,0.01752770528525934,0.111154840628742,14.153710636498088
4,2976.0,0.017527705288608617,0.11115484062278928,14.153710636869727
4,2977.0,0.017527705291932993,0.11115484061686319,14.153710637238609
4,2978.0,0.01752770529523247,0.11115484061096369,14.153710637604725
4,2979.0,0.01752770529850705,0.1111548406050908,14.153710637968079
4,2980.0,0.01752770530175673,0.1111548405992445,14.15371063832867
4,2981.0,0.01752770530498151,0.11115484059342483,14.153710638686496
4,2982.0,0.017527705308181395,0.11115484058763174,14.15371063904156
4,2983.0,0.01752770531135638,0.11115484058186527,14.15371063939386
4,2984.0,0.017527705314506464,0.11115484057612539,14.153710639743403
4,2985.0,0.01752770531763165,0.11115484057041213,14.153710640090177
4,2986.0,0.01752770532073194,0.11115484056472547,14.153710640434193
4,2987.0,0.01752770532380733,0.1111548405590654,14.153710640775444
4,2988.0,0.01752770532685782,0.11115484055343194,14.153710641113932
4,2989.0,0.017527705329883413,0.1111548405478251,14.153710641449655
4,2990.0,0.017527705332884107,0.11115484054224484,14.153710641782617
4,2991.0,0.0175277053358599,0.1111548405366912,14.153710642112816
4,2992.0,0.017527705338810796,0.11115484053116416,14.153710642440252
4,2993.0,0.017527705341736796,0.11115484052566373,14.153710642764928
4,2994.0,0.017527705344637896,0.11115484052018988,14.153710643086837
4,2995.0,0.017527705347514095,0.11115484051474266,14.153710643405987
4,2996.0,0.017527705350365397,0.11115484050932203,14.153710643722372
4,2997.0,0.0175277053531918,0.11115484050392802,14.153710644035995
4,2998.0,0.017527705355993305,0.1111548404985606,14.153710644346853
4,2999.0,0.01752770535876991,0.11115484049321979,14.153710644654954
4,3000.0,0.01752770536152162,0.11115484048790558,14.153710644960286
