traj_id,time,S_N,S_T,q
1,0.0,-0.1276253291339754,0.3034500072229973,-0.7907791820058553
1,1.0,-0.12837155110796417,0.3044361214533414,-0.8576719648641171
1,2.0,-0.1291099653912414,0.3054018193918098,-0.9238648512068693
1,3.0,-0.12984058714459848,0.30634721110658303,-0.9893592000768114
1,4.0,-0.13056343094842476,0.30727240944791145,-1.054156318488283
1,5.0,-0.13127851494986018,0.30817753206960974,-1.1182578331860464
1,6.0,-0.13198586314323665,0.309062716168593,-1.1816658950684853
1,7.0,-0.1326854934633742,0.30992806791471383,-1.2443821118475977
1,8.0,-0.13337743236454863,0.310773725320677,-1.3064088549358976
1,9.0,-0.1340617109644947,0.31159984443236727,-1.3677489137873915
1,10.0,-0.13473835235923887,0.3124065348260173,-1.428404358774612
1,11.0,-0.13540738879191677,0.313193949431265,-1.4883780802346873
1,12.0,-0.1360688594971463,0.3139622585239249,-1.5476735952347402
1,13.0,-0.13672278841644142,0.31471156829498753,-1.606293049938447
1,14.0,-0.13736922031002174,0.31544207033844274,-1.6642404567385767
1,15.0,-0.13800819009854093,0.31615389833560964,-1.7215189459901497
1,16.0,-0.13863973480790098,0.31684721018524425,-1.7781318367667245
1,17.0,-0.13926390321808743,0.3175221922932251,-1.8340835018006696
1,18.0,-0.13988072595823978,0.3181789628618635,-1.8893766867473625
1,19.0,-0.14049026187371488,0.31881774490900705,-1.944016666618556
1,20.0,-0.14109254049315267,0.31943864527273574,-1.9980060884187123
1,21.0,-0.1416876213572783,0.3200418859241038,-2.0513502894937425
1,22.0,-0.14227554459611197,0.32062760373979493,-2.1040528671763687
1,23.0,-0.14285636081093214,0.3211959852874013,-2.156118357463189
1,24.0,-0.14343012544396452,0.32174721928296135,-2.2075517303026793
1,25.0,-0.14399687821326998,0.3222814460695729,-2.2583565460987347
1,26.0,-0.14455668798425367,0.32279889847318705,-2.308538978079634
1,27.0,-0.1451095876026996,0.32329968833942313,-2.3581019706050674
1,28.0,-0.14565565325423235,0.3237840705110956,-2.40705235310196
1,29.0,-0.14619491693939884,0.32425214892123394,-2.455392994161306
1,30.0,-0.14672745736523168,0.32470418411638263,-2.5031309492339324
1,31.0,-0.14725330886756663,0.3251402840238915,-2.5502692962506486
1,32.0,-0.14777254873089748,0.3255607016679124,-2.5968149631431485
1,33.0,-0.14828521755624144,0.32596556132936355,-2.6427715894652364
1,34.0,-0.14879138698794478,0.326355095402976,-2.688145597554859
1,35.0,-0.14929110809921697,0.32672945919870733,-2.73294156571342
1,36.0,-0.1497844430702077,0.3270888514454362,-2.777165067889955
1,37.0,-0.15027145448487308,0.3274334617431051,-2.820821714231485
1,38.0,-0.15075219578585966,0.3277634583681429,-2.8639162954403425
1,39.0,-0.1512267384684709,0.32807905666902226,-2.906455220493987
1,40.0,-0.1516951298242397,0.328380403212847,-2.948442728697009
1,41.0,-0.1521574480933929,0.32866773184804826,-2.9898858336548613
1,42.0,-0.15261373598461417,0.328941173104683,-3.030788363856656
1,43.0,-0.1530640764423788,0.32920097281932365,-3.0711577546057853
1,44.0,-0.15350850919603448,0.32944725075736586,-3.110997567317914
1,45.0,-0.1539471204403683,0.3296802601483051,-3.1503155286606823
1,46.0,-0.15437994791147222,0.3299001134499941,-3.189115021370449
1,47.0,-0.15480707966952795,0.3301070670546544,-3.2274039393324387
1,48.0,-0.1552285525671458,0.33030122965244096,-3.2651855860860044
1,49.0,-0.15564445533837634,0.33048285724303783,-3.3024679159232835
1,50.0,-0.15605482489437938,0.3306520577992784,-3.3392542376321184
1,51.0,-0.15645974923456066,0.3308090828459352,-3.375552439649656
1,52.0,-0.1568592666784211,0.330954043675916,-3.4113659570101698
1,53.0,-0.15725346281810976,0.3310871825984738,-3.446702462359657
1,54.0,-0.15764237908807108,0.3312086192308475,-3.481565669961956
1,55.0,-0.15802609633315176,0.33131858015130794,-3.5159628269056857
1,56.0,-0.15840466166013425,0.33141720052779466,-3.549898155934055
1,57.0,-0.15877814801443535,0.33150468254450566,-3.5833781960154836
1,58.0,-0.15914661169559935,0.33158118671182507,-3.6164079939501526
1,59.0,-0.1595101133558843,0.3316468788854908,-3.6489929867239326
1,60.0,-0.1598687233475254,0.33170195817736925,-3.6811394808474227
1,61.0,-0.160222484430388,0.3317465391077887,-3.712851309397768
1,62.0,-0.16057148329068674,0.3317808648529996,-3.7441362430951175
1,63.0,-0.16091574930404193,0.3318050129852083,-3.7749969152269665
1,64.0,-0.16125537838562928,0.33181924936009205,-3.805441923815409
1,65.0,-0.16159039147065585,0.3318236291677752,-3.835473145532952
1,66.0,-0.16192088905351817,0.33181842791015204,-3.865099588891912
1,67.0,-0.16224688939794032,0.3318036944960822,-3.894322891087886
1,68.0,-0.16256849033964593,0.33177969427016313,-3.923151822304604
1,69.0,-0.1628857160761785,0.33174649330408384,-3.951588551656724
1,70.0,-0.16319865153824537,0.3317043192436943,-3.9796406924973327
1,71.0,-0.1635073386833584,0.3316532869993496,-4.007312005979041
1,72.0,-0.1638118358437668,0.33159355022264664,-4.034607721117633
1,73.0,-0.16411221387145017,0.3315253015340986,-4.061534189221773
1,74.0,-0.164408500066556,0.33144861087143057,-4.088093857529549
1,75.0,-0.16470078936549312,0.33136373330057467,-4.114295236324497
1,76.0,-0.16498909440385315,0.3312707009407825,-4.140139458285523
1,77.0,-0.16527351250553507,0.331169772026575,-4.165635247715404
1,78.0,-0.16555406224521813,0.3310609961468579,-4.190784269684358
1,79.0,-0.1658308219275899,0.33094457822128504,-4.215593543576225
1,80.0,-0.16610383919314503,0.3308206458679921,-4.240067339977201
1,81.0,-0.16637314916280632,0.33068928818062554,-4.26420880719482
1,82.0,-0.16663883911506258,0.33055073656772177,-4.288025769041844
1,83.0,-0.16690091856502698,0.3304050141294677,-4.311519078471437
1,84.0,-0.16715948264436892,0.3302523694245574,-4.334697263270679
1,85.0,-0.1674145472815111,0.33009284445478865,-4.357561751294225
1,86.0,-0.16766618164317365,0.3299266169880174,-4.380118742780814
1,87.0,-0.1679144391545632,0.32975382775126083,-4.402373026869429
1,88.0,-0.168159340682625,0.3295745282430436,-4.424326474113454
1,89.0,-0.16840097811390686,0.3293889573179595,-4.445987321400979
1,90.0,-0.1686393571027374,0.32919712902040676,-4.4673560755969675
1,91.0,-0.16887455813509092,0.3289992492803126,-4.4884399516200295
1,92.0,-0.16910661834633695,0.3287954151584909,-4.5092422783566
1,93.0,-0.16933556384558496,0.3285856908715324,-4.529765396277815
1,94.0,-0.16956148118645448,0.3283702997521534,-4.550017064217747
1,95.0,-0.16978437282938566,0.3281492472781837,-4.569997502735014
1,96.0,-0.1700043179762053,0.3279227342647936,-4.589713811634753
1,97.0,-0.17022135128309718,0.32769085045126367,-4.609169097564388
1,98.0,-0.17043549375056202,0.327453646704543,-4.628365243049476
1,99.0,-0.17064683151146862,0.3272113428790005,-4.647309969207177
1,100.0,-0.17085536686573477,0.326963944472133,-4.666003482206577
1,101.0,-0.17106116645096336,0.3267116181714801,-4.684451755571445
1,102.0,-0.17126427546060607,0.32645447969459623,-4.702658840530311
1,103.0,-0.1714647023306843,0.32619254847527906,-4.720625493304471
1,104.0,-0.17166253242871404,0.32592603939353637,-4.738359366403377
1,105.0,-0.17185777920716427,0.32565498700870177,-4.755861665732399
1,106.0,-0.17205047437111692,0.3253794679696213,-4.773135233396483
1,107.0,-0.17224069192865102,0.32509966948099883,-4.790186703623154
1,108.0,-0.1724284298547411,0.3248155857056233,-4.807015894885208
1,109.0,-0.17261375410576377,0.3245273795980388,-4.823628719639972
1,110.0,-0.17279670396761349,0.3242351504546529,-4.840028699551106
1,111.0,-0.172977283526785,0.32393890692403465,-4.85621620093991
1,112.0,-0.17315557174460225,0.3236388447065939,-4.872198302052382
1,113.0,-0.17333158653944297,0.3233350091313728,-4.887976609126596
1,114.0,-0.17350534209751045,0.3230274331329853,-4.9035523938412915
1,115.0,-0.1736769169207239,0.3227163114803087,-4.918932693260529
1,116.0,-0.17384631698802822,0.32240165934984794,-4.9341180433485095
1,117.0,-0.17401356739495705,0.3220835358388781,-4.949110693717467
1,118.0,-0.17417873918122667,0.32176211739619726,-4.963917012505141
1,119.0,-0.17434183049016522,0.3214373992179482,-4.978536833275869
1,120.0,-0.17450288180040593,0.3211094782422016,-4.9929737846127304
1,121.0,-0.17466194862455528,0.3207784919615895,-5.007232842773264
1,122.0,-0.17481902834367435,0.32044443352409985,-5.021313772990721
1,123.0,-0.17497416898579995,0.3201074181579747,-5.0352208805913286
1,124.0,-0.1751274166735106,0.31976755971053605,-5.048958300092341
1,125.0,-0.17527876871600037,0.3194248511113824,-5.0625257902847105
1,126.0,-0.17542827477632938,0.31907941116790844,-5.075927803061318
1,127.0,-0.17557597697242672,0.31873134342920634,-5.0891681139548925
1,128.0,-0.17572187261950117,0.31838064091878354,-5.1022464822955484
1,129.0,-0.17586600812794753,0.3180274139783579,-5.115167068400954
1,130.0,-0.17600842639721517,0.31767176758217763,-5.127933717860828
1,131.0,-0.17614912515036327,0.3173136959347006,-5.140546226565785
1,132.0,-0.17628814220793657,0.31695328795445404,-5.153007984822699
1,133.0,-0.17642552616716964,0.31659066191172597,-5.165323348981788
1,134.0,-0.17656127663219656,0.31622581681949685,-5.177492283556866
1,135.0,-0.17669541556796392,0.31585880280384065,-5.189516757528278
1,136.0,-0.1768280030473809,0.31548976518239896,-5.201402155947941
1,137.0,-0.17695903907044744,0.31511870395517166,-5.2131484788158495
1,138.0,-0.1770885333984123,0.31474564038187464,-5.224756601149246
1,139.0,-0.1772165506308962,0.314370729043581,-5.2362323137832325
1,140.0,-0.17734309553985947,0.31399398163805514,-5.247576044485574
1,141.0,-0.17746816885348415,0.31361539859155607,-5.258787858531919
1,142.0,-0.17759183068991935,0.3132351219830155,-5.269873145029577
1,143.0,-0.1777140968204069,0.3128531899545367,-5.280833317743207
1,144.0,-0.17783496443658675,0.3124695953511373,-5.291668124925978
1,145.0,-0.1779544745856086,0.31208443334448793,-5.302381246123877
1,146.0,-0.17807266312900424,0.3116977897088913,-5.312975896034064
1,147.0,-0.17818953006677374,0.3113096644443473,-5.32345207465654
1,148.0,-0.17830508472637183,0.3109200773831243,-5.333810618122419
1,149.0,-0.17841938599623433,0.3105291675118416,-5.344056805305122
1,150.0,-0.17853243724552692,0.31013694298892514,-5.354190938223192
1,151.0,-0.1786442360648987,0.30974339733171224,-5.364212800897742
1,152.0,-0.17875482978425286,0.309348639889956,-5.374126636072951
1,153.0,-0.17886424255867878,0.30895272801009693,-5.383934609057814
1,154.0,-0.17897247438817643,0.3085556616921351,-5.393636719852325
1,155.0,-0.17907953323242592,0.30815745737643835,-5.4032336819776265
1,156.0,-0.17918547447105942,0.307758244369792,-5.41273045977119
1,157.0,-0.17929030134060017,0.30735803043157006,-5.422127343361229
1,158.0,-0.1793940110220291,0.3069568085567092,-5.43142408004541
1,159.0,-0.17949663771674906,0.30655465600394166,-5.440623735703725
1,160.0,-0.17959821413164956,0.3061516493823493,-5.449729242245081
1,161.0,-0.17969874026673058,0.3057477886919322,-5.4587405996694836
1,162.0,-0.1797982148901815,0.30534306992964527,-5.467657697555038
1,163.0,-0.1798966857681149,0.30493760203744397,-5.476484817748581
1,164.0,-0.1799941679857163,0.3045314203646656,-5.4852233125153536
1,165.0,-0.1800906615429857,0.30412452491131015,-5.493873181855359
1,166.0,-0.18018616907005763,0.3037169199688061,-5.502434661538948
1,167.0,-0.18028074061032623,0.3033087197963349,-5.510912237552883
1,168.0,-0.18037438266015554,0.3028999396318946,-5.519306492243818
1,169.0,-0.18046709521954563,0.30249057947548535,-5.527617425611761
1,170.0,-0.1805588835414189,0.30208064921202155,-5.535845508538846
1,171.0,-0.1806497960647417,0.3016702591727171,-5.543995083187825
1,172.0,-0.18073983584141778,0.30125941651040555,-5.552066423137256
1,173.0,-0.18082900287144718,0.3008481212250869,-5.560059528387145
1,174.0,-0.18091730212319224,0.3004363824449424,-5.567974844311115
1,175.0,-0.18100478027639175,0.3000243057927779,-5.575816555371347
1,176.0,-0.18109144002733535,0.2996118975515857,-5.583584903268468
1,177.0,-0.181177281376023,0.29919915772136574,-5.591279888002475
1,178.0,-0.1812623062591302,0.2987860888458774,-5.598901683180708
1,179.0,-0.18134655952281584,0.29837279121106836,-5.606454308899698
1,180.0,-0.18143004635902008,0.2979592767750317,-5.613938230575015
1,181.0,-0.18151276676774292,0.2975455455377673,-5.621353448206663
1,182.0,-0.18159471887113457,0.2971315921142948,-5.628699793460545
1,183.0,-0.18167594208787013,0.2967175030856642,-5.635980799903039
1,184.0,-0.18175644851505857,0.29630330588984616,-5.643197551942412
1,185.0,-0.1818362381526999,0.2958890005268407,-5.650350049578674
1,186.0,-0.18191530826475305,0.2954745805292528,-5.657438047547801
1,187.0,-0.18199368218483727,0.29506009528118665,-5.664463637520608
1,188.0,-0.18207138665211953,0.29464560444163573,-5.671429216447807
1,189.0,-0.18214842166659975,0.29423110801060015,-5.678334784329392
1,190.0,-0.18222478722827795,0.2938166059880798,-5.68518034116536
1,191.0,-0.18230048391545622,0.29340209784304827,-5.691965938795835
1,192.0,-0.18237555137868092,0.292987669830063,-5.698695131572577
1,193.0,-0.18244999446308383,0.2925733328407418,-5.7053683538225775
1,194.0,-0.1825238131686649,0.2921590868750845,-5.71198560554584
1,195.0,-0.18259700525524547,0.29174492678153846,-5.7185466859284055
1,196.0,-0.18266958775193068,0.2913308871367447,-5.725053121492237
1,197.0,-0.1827415887220875,0.29091702926960067,-5.7315074278919
1,198.0,-0.18281300816571597,0.2905033531801063,-5.737909605127395
1,199.0,-0.182883846082816,0.2900898588682616,-5.7442596531987125
1,200.0,-0.18295409929198092,0.28967653869313076,-5.750557286918404
1,201.0,-0.1830237956725135,0.2892634505640549,-5.756805005441153
1,202.0,-0.18309295120073354,0.28885062920560006,-5.763004240915211
1,203.0,-0.183161565876641,0.2884380746177662,-5.769154993340569
1,204.0,-0.18322963970023592,0.2880257868005534,-5.775257262717236
1,205.0,-0.1832971696288034,0.2876137582784155,-5.781310776290351
1,206.0,-0.18336418493418902,0.28720204935758464,-5.787318158044841
1,207.0,-0.18343069792938574,0.28679068653920875,-5.79328051174124
1,208.0,-0.18349670861439352,0.28637966982328783,-5.799197837379546
1,209.0,-0.1835622169892124,0.28596899920982183,-5.805070134959762
1,210.0,-0.1836272197642301,0.28555866702574895,-5.810897109594669
1,211.0,-0.1836917416291271,0.2851487228494439,-5.816680974515041
1,212.0,-0.1837557976420391,0.2847391985446627,-5.822423079561323
1,213.0,-0.183819387802966,0.2843300941114053,-5.82812342473351
1,214.0,-0.18388251211190787,0.28392140954967177,-5.8337820100316025
1,215.0,-0.18394516878752407,0.2835131409818587,-5.83939867577278
1,216.0,-0.18400736823191524,0.2831053072721336,-5.844974354421482
1,217.0,-0.1840691362486911,0.2826979617355405,-5.850511359063261
1,218.0,-0.18413047283785158,0.2822911043720794,-5.856009689698109
1,219.0,-0.18419137799939675,0.2818847351817502,-5.86146934632603
1,220.0,-0.18425185173332656,0.28147885416455304,-5.866890328947021
1,221.0,-0.18431189121558422,0.2810734542131209,-5.8722723844071645
1,222.0,-0.18437152445756388,0.28066859040069203,-5.877618023702071
1,223.0,-0.18443075871406486,0.2802642776857982,-5.882927897166011
1,224.0,-0.18448959398508724,0.2798605160684395,-5.888202004798985
1,225.0,-0.18454803027063094,0.27945730554861575,-5.893440346600987
1,226.0,-0.184606067570696,0.2790546461263271,-5.898642922572022
1,227.0,-0.18466370547221883,0.2786525346344028,-5.903809695684267
1,228.0,-0.18472097372685972,0.27825102945999514,-5.908943332934171
1,229.0,-0.18477787350838815,0.2778501330128866,-5.914043939540697
1,230.0,-0.18483440481680413,0.2774498452930772,-5.9191115155038565
1,231.0,-0.18489056765210768,0.27705016630056695,-5.924146060823637
1,232.0,-0.18494636201429876,0.2766510960353558,-5.9291475755000445
1,233.0,-0.1850017872621044,0.2762526308095914,-5.9341160020481265
1,234.0,-0.18505687190945466,0.2758548251879931,-5.939053896511794
1,235.0,-0.1851116167187719,0.2754576807006208,-5.94396132723606
1,236.0,-0.18516602169005614,0.27506119734747453,-5.948838294220929
1,237.0,-0.18522008682330737,0.27466537512855427,-5.953684797466397
1,238.0,-0.1852738121185256,0.27427021404386,-5.95850083697247
1,239.0,-0.18532719432930728,0.27387570648876414,-5.963286121725244
1,240.0,-0.185380257944673,0.27348189666340444,-5.968042846967946
1,241.0,-0.18543300853016395,0.27308879521207413,-5.972771511606477
1,242.0,-0.1854854460857801,0.27269640213477325,-5.977472115640821
1,243.0,-0.18553757061152146,0.2723047174315017,-5.982144659070988
1,244.0,-0.18558938210738804,0.2719137411022596,-5.986789141896974
1,245.0,-0.1856408790599847,0.2715234702519602,-5.991405428455112
1,246.0,-0.18569206647257697,0.2711339112067923,-5.995993967247808
1,247.0,-0.18574296588140665,0.27074510264150836,-6.000556688825489
1,248.0,-0.18579357728647378,0.2703570445561084,-6.005093593188152
1,249.0,-0.18584390068777834,0.2699697369505923,-6.009604680335804
1,250.0,-0.18589393608532034,0.2695831798249602,-6.014089950268441
1,251.0,-0.18594368347909979,0.2691973731792121,-6.018549402986061
1,252.0,-0.1859931405382674,0.2688123126999613,-6.022982829546826
1,253.0,-0.18604231523629022,0.2684280094349251,-6.027390944707759
1,254.0,-0.1860912252088916,0.2680444936255555,-6.031775329369255
1,255.0,-0.1861398704560715,0.2676617652718524,-6.036135983531311
1,256.0,-0.18618825097782996,0.267279824373816,-6.040472907193928
1,257.0,-0.18623636677416694,0.26689867093144604,-6.044786100357108
1,258.0,-0.18628421784508248,0.2665183049447427,-6.049075563020851
1,259.0,-0.18633180419057654,0.2661387264137059,-6.0533412951851515
1,260.0,-0.18637912310274263,0.26575992868989506,-6.057583054108029
1,261.0,-0.18642619790284412,0.26538194866526205,-6.061802930352697
1,262.0,-0.18647302952381165,0.26500478791132,-6.066001007548866
1,263.0,-0.18651961796564515,0.26462844642806876,-6.070177285696524
1,264.0,-0.18656596322834468,0.26425292421550844,-6.074331764795684
1,265.0,-0.1866120653119102,0.263878221273639,-6.07846444484634
1,266.0,-0.18665792421634178,0.26350433760246045,-6.08257532584849
1,267.0,-0.18670353743652507,0.26313126914217305,-6.086664183238843
1,268.0,-0.18674891244183475,0.26275902455610717,-6.0907316865866035
1,269.0,-0.18679406407049806,0.26238762583534603,-6.094779166019201
1,270.0,-0.18683899232251505,0.2620170729798896,-6.098806621536636
1,271.0,-0.1868836971978857,0.26164736598973787,-6.102814053138913
1,272.0,-0.18692817869661002,0.2612785048648909,-6.106801460826025
1,273.0,-0.186972436818688,0.2609104896053487,-6.110768844597976
1,274.0,-0.18701647156411966,0.26054332021111115,-6.114716204454768
1,275.0,-0.18706028116276818,0.2601769941459602,-6.118643381717908
1,276.0,-0.18710386956202438,0.25981151442669975,-6.12255073023915
1,277.0,-0.18714725260259987,0.2594469018931136,-6.126439670010564
1,278.0,-0.1871904302844947,0.25908315654520175,-6.1303102010321515
1,279.0,-0.18723340260770882,0.25872027838296413,-6.13416232330391
1,280.0,-0.18727616957224227,0.25835826740640083,-6.13799603682584
1,281.0,-0.18731873117809503,0.2579971236155118,-6.1418113415979425
1,282.0,-0.18736108742526708,0.257636847010297,-6.145608237620215
1,283.0,-0.1874032383137585,0.2572774375907565,-6.149386724892666
1,284.0,-0.18744518025685972,0.25691889020291886,-6.153146481895702
1,285.0,-0.18748692955020513,0.25656122204306964,-6.156888969401549
1,286.0,-0.18752848967020191,0.25620443714580854,-6.160614499042076
1,287.0,-0.18756986061685008,0.2558485355111354,-6.164323070817286
1,288.0,-0.18761104239014958,0.2554935171390504,-6.168014684727174
1,289.0,-0.18765203499010044,0.25513938202955333,-6.171689340771745
1,290.0,-0.18769283841670267,0.2547861301826444,-6.175347038950997
1,291.0,-0.18773345266995625,0.2544337615983235,-6.1789877792649275
1,292.0,-0.18777387771860626,0.2540822762469503,-6.1826115589117885
1,293.0,-0.1878141111011166,0.2537316705086468,-6.18621815723471
1,294.0,-0.18785416965598895,0.25338195907477695,-6.189809083669598
1,295.0,-0.18789405338322335,0.25303314194534077,-6.19338433821646
1,296.0,-0.18793376228281974,0.25268521912033826,-6.196943920875281
1,297.0,-0.1879732963547782,0.25233819059976936,-6.200487831646071
1,298.0,-0.18801265559909866,0.25199205638363414,-6.204016070528827
1,299.0,-0.18805184001578115,0.25164681647193254,-6.207528637523551
1,300.0,-0.18809084960482567,0.2513024708646647,-6.211025532630239
1,301.0,-0.1881296836949896,0.2509590191098154,-6.214506695677408
1,302.0,-0.18816834236007723,0.2506164601458831,-6.217972133281011
1,303.0,-0.18820683877583075,0.25027480190467577,-6.2214230265401
1,304.0,-0.1882451729422501,0.24993404438619327,-6.224859375454666
1,305.0,-0.1882833448593353,0.24959418759043564,-6.2282811800247115
1,306.0,-0.18832135452708637,0.24925523151740292,-6.231688440250241
1,307.0,-0.1883592019455033,0.24891717616709505,-6.235081156131248
1,308.0,-0.18839688711458608,0.24858002153951206,-6.238459327667738
1,309.0,-0.1884344100343347,0.24824376763465392,-6.241822954859706
1,310.0,-0.18847177027335552,0.24790841430195987,-6.245171999036191
1,311.0,-0.18850896732349945,0.2475739605795247,-6.248506414645724
1,312.0,-0.18854601308424696,0.24724040992476418,-6.251827268380782
1,313.0,-0.188582907555598,0.24690776233767836,-6.255134560241356
1,314.0,-0.18861965073755263,0.24657601781826727,-6.258428290227454
1,315.0,-0.18865624263011083,0.24624517636653084,-6.261708458339078
1,316.0,-0.18869268323327257,0.24591523798246911,-6.264975064576218
1,317.0,-0.18872897254703788,0.24558620266608205,-6.268228108938877
1,318.0,-0.18876511057140677,0.24525807041736972,-6.2714675914270614
1,319.0,-0.1888010973063792,0.24493084123633208,-6.274693512040765
1,320.0,-0.18883693098427656,0.24460451464601654,-6.277905712321855
1,321.0,-0.18887262288361015,0.24427908998683356,-6.281105203297921
1,322.0,-0.18890817302707535,0.2439545672584715,-6.284291987003427
1,323.0,-0.18894358141467213,0.2436309464609304,-6.287466063438368
1,324.0,-0.1889788480464005,0.24330822759421017,-6.290627432602745
1,325.0,-0.18901397292226046,0.24298641065831086,-6.293776094496556
1,326.0,-0.18904895604225203,0.24266549565323248,-6.296912049119804
1,327.0,-0.18908379740637518,0.24234548257897504,-6.30003529647249
1,328.0,-0.18911849701462993,0.24202637143553848,-6.303145836554611
1,329.0,-0.18915305317595138,0.24170816259029942,-6.306243517775837
1,330.0,-0.18918747548980022,0.24139085177806427,-6.309329200650414
1,331.0,-0.18922176436482882,0.24107443883285862,-6.31240292181073
1,332.0,-0.18925591980103718,0.2407589237546824,-6.315464681256786
1,333.0,-0.1892899417984253,0.24044430654353566,-6.318514478988582
1,334.0,-0.18932383035699313,0.2401305871994184,-6.321552315006114
1,335.0,-0.18935758547674073,0.2398177657223306,-6.32457818930939
1,336.0,-0.1893912071576681,0.23950584211227227,-6.3275921018984045
1,337.0,-0.18942469539977522,0.23919481636924342,-6.330594052773157
1,338.0,-0.18945804861807514,0.23888468963166187,-6.3335838998523535
1,339.0,-0.18949127496364024,0.2385754548575984,-6.336562373813898
1,340.0,-0.18952437516681467,0.238267111437659,-6.339529540127263
1,341.0,-0.18955734922759848,0.2379596593718436,-6.342485398792449
1,342.0,-0.18959019714599165,0.23765309866015227,-6.3454299498094535
1,343.0,-0.18962291892199415,0.23734742930258496,-6.348363193178276
1,344.0,-0.18965551455560603,0.2370426512991417,-6.351285128898918
1,345.0,-0.18968798404682727,0.2367387646498225,-6.354195756971383
1,346.0,-0.18972032739565786,0.23643576935462732,-6.357095077395666
1,347.0,-0.18975254313947135,0.2361336672237227,-6.359982959059097
1,348.0,-0.18978463818112848,0.23583244918569066,-6.362860020747486
1,349.0,-0.1898166135208946,0.23553211394444357,-6.365726352126555
1,350.0,-0.1898484691587697,0.23523266149998137,-6.368581953196303
1,351.0,-0.18988020509475378,0.2349340918523041,-6.3714268239567255
1,352.0,-0.18991182132884685,0.23463640500141178,-6.374260964407828
1,353.0,-0.1899433178610489,0.23433960094730438,-6.37708437454961
1,354.0,-0.18997469469135994,0.2340436796899819,-6.379897054382071
1,355.0,-0.19000595181977994,0.23374864122944436,-6.3826990039052065
1,356.0,-0.1900370879134889,0.23345448793043097,-6.385490103642454
1,357.0,-0.1900681087983914,0.23316120936447446,-6.388270875839179
1,358.0,-0.19009901570377696,0.23286880333659088,-6.3910414306912795
1,359.0,-0.19012980862964557,0.2325772698467802,-6.393801768198747
1,360.0,-0.19016048757599724,0.23228660889504246,-6.396551888361592
1,361.0,-0.19019105254283195,0.23199682048137765,-6.399291791179803
1,362.0,-0.19022150353014972,0.23170790460578575,-6.402021476653387
1,363.0,-0.19025184053795052,0.23141986126826675,-6.404740944782345
1,364.0,-0.1902820635662344,0.2311326904688207,-6.407450195566673
1,365.0,-0.190312171413784,0.23084639499915233,-6.410149121326927
1,366.0,-0.19034216897450765,0.23056096367689283,-6.412838160762523
1,367.0,-0.19037205767513035,0.23027639322380905,-6.4155174417678555
1,368.0,-0.1904018375156521,0.22999268363990097,-6.418186964342923
1,369.0,-0.1904315084960729,0.2297098349251686,-6.420846728487727
1,370.0,-0.19046107061639275,0.22942784707961192,-6.423496734202269
1,371.0,-0.19049052387661167,0.22914672010323098,-6.426136981486545
1,372.0,-0.19051986827672962,0.2288664539960257,-6.428767470340558
1,373.0,-0.19054910381674664,0.22858704875799618,-6.431388200764306
1,374.0,-0.190578229425481,0.2283085074752723,-6.433999076734989
1,375.0,-0.19060724918629185,0.2280308187510962,-6.436600464292827
1,376.0,-0.19063616469959396,0.22775397806451905,-6.4391925069020965
1,377.0,-0.19066497596538737,0.22747798541554082,-6.441775204562806
1,378.0,-0.19069368298367204,0.2272028408041615,-6.444348557274947
1,379.0,-0.190722285754448,0.22692854423038114,-6.446912565038526
1,380.0,-0.19075078427771522,0.2266550956941997,-6.4494672278535425
1,381.0,-0.1907791785534737,0.2263824951956172,-6.452012545719991
1,382.0,-0.19080746858172348,0.22611074273463364,-6.454548518637874
1,383.0,-0.19083565341799003,0.22583984155834447,-6.457075061942672
1,384.0,-0.19086373643580773,0.2255697805370208,-6.459592478044536
1,385.0,-0.1908917193920382,0.2253005537697401,-6.462100924431946
1,386.0,-0.1909196022866814,0.22503216125650233,-6.464600401104893
1,387.0,-0.19094738511973736,0.22476460299730752,-6.467090908063388
1,388.0,-0.19097506789120602,0.22449787899215567,-6.46957244530742
1,389.0,-0.19100265060108743,0.2242319892410468,-6.472045012836993
1,390.0,-0.1910301332493816,0.22396693374398086,-6.47450861065211
1,391.0,-0.19105751583608846,0.22370271250095788,-6.476963238752767
1,392.0,-0.19108479753944066,0.22343932878855302,-6.479408823474143
1,393.0,-0.19111198110584146,0.22317677217265344,-6.481845611009148
1,394.0,-0.19113906843665768,0.2229150352549254,-6.484273771799985
1,395.0,-0.19116605953188937,0.2226541180353689,-6.486693305846654
1,396.0,-0.1911929543915365,0.22239402051398394,-6.489104213149158
1,397.0,-0.1912197530155991,0.22213474269077055,-6.491506493707498
1,398.0,-0.19124645540407714,0.2218762845657287,-6.493900147521674
1,399.0,-0.19127306155697063,0.2216186461388584,-6.496285174591682
1,400.0,-0.19129957147427956,0.22136182741015967,-6.498661574917522
1,401.0,-0.19132598445298096,0.22110583155822733,-6.501029285478856
1,402.0,-0.19135230267953798,0.2208506492252133,-6.503388502274474
1,403.0,-0.19137852819212353,0.22059627141564764,-6.505739408010142
1,404.0,-0.19140466099073758,0.22034269812953033,-6.508082002685858
1,405.0,-0.1914307010753801,0.22008992936686142,-6.510416286301619
1,406.0,-0.19145664844605115,0.21983796512764087,-6.512742258857429
1,407.0,-0.1914825031027507,0.21958680541186867,-6.515059920353288
1,408.0,-0.19150826504547874,0.21933645021954484,-6.517369270789198
1,409.0,-0.1915339342742353,0.21908689955066937,-6.51967031016515
1,410.0,-0.19155951020124826,0.2188381563638463,-6.521962985792124
1,411.0,-0.19158499450705424,0.21859021271468085,-6.524247448316678
1,412.0,-0.19161038936225422,0.2183430579267058,-6.526523892315675
1,413.0,-0.1916356947668482,0.2180966919999211,-6.528792317789127
1,414.0,-0.1916609107208362,0.21785111493432677,-6.53105272473703
1,415.0,-0.19168603722421818,0.2176063267299228,-6.533305113159385
1,416.0,-0.19171107427699416,0.21736232738670924,-6.535549483056189
1,417.0,-0.19173602187916416,0.21711911690468602,-6.537785834427449
1,418.0,-0.19176088003072816,0.21687669528385317,-6.540014167273158
1,419.0,-0.19178564825637348,0.21663506514722072,-6.542234438985368
1,420.0,-0.19181032777364804,0.21639422026162736,-6.544446758707433
1,421.0,-0.19183492088373522,0.2161541481999986,-6.546651332721888
1,422.0,-0.19185942758663502,0.2159148489623344,-6.548848161028732
1,423.0,-0.1918838478823475,0.21567632254863484,-6.551037243627971
1,424.0,-0.19190818177087257,0.21543856895889982,-6.553218580519599
1,425.0,-0.1919324292522103,0.21520158819312943,-6.555392171703619
1,426.0,-0.19195659032636064,0.2149653802513236,-6.557558017180029
1,427.0,-0.19198066499332364,0.21472994513348237,-6.559716116948833
1,428.0,-0.19200465288824997,0.21449528501844045,-6.5618664383042296
1,429.0,-0.19202855479943542,0.2142613956462776,-6.564009051910579
1,430.0,-0.19205237315866389,0.21402826278254958,-6.5661441757576995
1,431.0,-0.19207610796593536,0.21379588642725633,-6.5682718098455934
1,432.0,-0.19209975922124983,0.2135642665803979,-6.570391954174258
1,433.0,-0.19212332692460732,0.21333340324197428,-6.572504608743693
1,434.0,-0.1921468110760078,0.21310329641198544,-6.574609773553898
1,435.0,-0.1921702116754513,0.2128739460904314,-6.576707448604876
1,436.0,-0.19219352872293782,0.21264535227731216,-6.578797633896626
1,437.0,-0.19221676196241821,0.21241751660916325,-6.580880306476404
1,438.0,-0.1922399117779834,0.21219043703650767,-6.582955500774871
1,439.0,-0.19226298073662942,0.2119640974506551,-6.585023446902517
1,440.0,-0.19228596883835625,0.21173849785160556,-6.587084144859341
1,441.0,-0.19230887608316388,0.2115136382393591,-6.589137594645344
1,442.0,-0.19233170247105236,0.21128951861391565,-6.591183796260529
1,443.0,-0.19235444800202164,0.21106613897527526,-6.593222749704892
1,444.0,-0.19237711267607174,0.2108434993234379,-6.595254454978436
1,445.0,-0.19239969649320268,0.21062159965840357,-6.597278912081159
1,446.0,-0.19242219932227422,0.21040044086861948,-6.599296109257402
1,447.0,-0.19244462110052335,0.210180023736208,-6.601306040880959
1,448.0,-0.1924669645815245,0.20996032991217553,-6.603308953787585
1,449.0,-0.19248922976527766,0.20974135939652208,-6.605304847977266
1,450.0,-0.1925114166517828,0.20952311218924763,-6.607293723450011
1,451.0,-0.19253352524103995,0.2093055882903522,-6.609275580205817
1,452.0,-0.19255555553304912,0.2090887876998358,-6.611250418244688
1,453.0,-0.19257750752781028,0.2088727104176984,-6.613218237566615
1,454.0,-0.1925993812253234,0.20865735644394,-6.615179038171605
1,455.0,-0.19262117662558856,0.20844272577856063,-6.617132820059658
1,456.0,-0.1926428932032881,0.20822882246001326,-6.619079536140284
1,457.0,-0.19266453388929924,0.2080156259337939,-6.621019449142992
1,458.0,-0.19268609872234696,0.20780313592420027,-6.622952562539163
1,459.0,-0.19270758770243124,0.20759135243123236,-6.624878876328798
1,460.0,-0.19272900082955208,0.20738027545489018,-6.626798390511896
1,461.0,-0.19275033810370948,0.20716990499517368,-6.628711105088458
1,462.0,-0.19277159952490347,0.20696024105208294,-6.630617020058483
1,463.0,-0.19279278509313402,0.20675128362561787,-6.632516135421972
1,464.0,-0.19281389480840114,0.20654303271577854,-6.634408451178924
1,465.0,-0.1928349280934485,0.2063354928429585,-6.636293915582965
1,466.0,-0.1928558875887507,0.20612864471326775,-6.638172765331351
1,467.0,-0.19287677357616748,0.20592248623334936,-6.640045025690536
1,468.0,-0.19289758605569882,0.20571701740320333,-6.641910696660516
1,469.0,-0.19291832502734474,0.20551223822282966,-6.6437697782412934
1,470.0,-0.19293899049110524,0.20530814869222835,-6.64562227043287
1,471.0,-0.1929595824469803,0.2051047488113994,-6.647468173235239
1,472.0,-0.19298010089496995,0.2049020385803428,-6.649307486648411
1,473.0,-0.19300054583507414,0.20470001799905857,-6.651140210672376
1,474.0,-0.1930209166834257,0.20449869172675503,-6.6529662929681495
1,475.0,-0.19304121564059584,0.20429804314163577,-6.6547859307992026
1,476.0,-0.19306144334888653,0.20409806729865831,-6.6565991817427195
1,477.0,-0.19308159980829778,0.20389876419782269,-6.658406045798707
1,478.0,-0.19310168501882954,0.20370013383912886,-6.660206522967162
1,479.0,-0.19312169898048187,0.20350217622257682,-6.662000613248082
1,480.0,-0.19314164169325473,0.2033048913481666,-6.66378831664147
1,481.0,-0.19316151315714816,0.20310827921589816,-6.665569633147324
1,482.0,-0.1931813133721621,0.20291233982577156,-6.667344562765645
1,483.0,-0.19320104183876896,0.20271707724027704,-6.669113060717809
1,484.0,-0.19322070006735656,0.20252247979029636,-6.670875262397907
1,485.0,-0.19324028923069944,0.20232853816474072,-6.6726312729357184
1,486.0,-0.19325980932879755,0.20213525236361013,-6.674381092331235
1,487.0,-0.19327926036165094,0.20194262238690458,-6.676124720584472
1,488.0,-0.19329864232925956,0.20175064823462407,-6.6778621576954125
1,489.0,-0.19331795523162346,0.20155932990676864,-6.679593403664068
1,490.0,-0.1933371990687426,0.20136866740333823,-6.681318458490436
1,491.0,-0.19335637384061705,0.20117866072433285,-6.6830373221745205
1,492.0,-0.19337547928875157,0.20098931201104292,-6.684749971544306
1,493.0,-0.19339451584075176,0.20080061810044264,-6.68645644493119
1,494.0,-0.19341348544448458,0.2006125631143338,-6.688156916945734
1,495.0,-0.19343238809995003,0.2004251470527163,-6.689851387587942
1,496.0,-0.19345122380714813,0.20023836991559021,-6.6915398568578155
1,497.0,-0.19346999256607886,0.20005223170295552,-6.693222324755353
1,498.0,-0.1934886943767422,0.1998667324148122,-6.6948987912805515
1,499.0,-0.1935073292391382,0.19968187205116028,-6.696569256433413
1,500.0,-0.19352589715326682,0.19949765061199976,-6.69823372021394
1,501.0,-0.19354439811912807,0.19931406809733063,-6.699892182622129
1,502.0,-0.1935628315876729,0.19913112934577598,-6.70154459444016
1,503.0,-0.19358119993950804,0.19894881456577565,-6.703191169070232
1,504.0,-0.19359950340050205,0.19876712185331635,-6.7048319267596375
1,505.0,-0.19361774197065496,0.1985860512083981,-6.706466867508386
1,506.0,-0.19363591564996674,0.19840560263102086,-6.7080959913164655
1,507.0,-0.1936540244384374,0.19822577612118467,-6.709719298183886
1,508.0,-0.19367206833606695,0.19804657167888948,-6.711336788110641
1,509.0,-0.19369004734285541,0.19786798930413532,-6.712948461096733
1,510.0,-0.19370796145880273,0.1976900289969222,-6.714554317142163
1,511.0,-0.1937258101981543,0.1975126950081227,-6.716154312702943
1,512.0,-0.1937435949843527,0.19733597542883569,-6.717748575379223
1,513.0,-0.1937613168833646,0.19715986112617034,-6.71933720072632
1,514.0,-0.19377897589519,0.19698435210012674,-6.720920188744233
1,515.0,-0.19379657201982886,0.19680944835070482,-6.722497539432959
1,516.0,-0.19381410525728118,0.19663514987790462,-6.724069252792498
1,517.0,-0.19383157560754702,0.19646145668172613,-6.725635328822858
1,518.0,-0.19384898307062634,0.19628836876216932,-6.727195767524031
1,519.0,-0.19386632764651912,0.19611588611923425,-6.728750568896018
1,520.0,-0.19388360931089502,0.195944008966944,-6.730299730757799
1,521.0,-0.1939008276439206,0.19577274124727453,-6.731843215474692
1,522.0,-0.19391798504434052,0.19560206210034162,-6.733381238074813
1,523.0,-0.19393508151215472,0.19543197152614528,-6.734913798558157
1,524.0,-0.1939521170473632,0.19526246952468548,-6.736440896924726
1,525.0,-0.193969091649966,0.1950935560959623,-6.737962533174519
1,526.0,-0.19398600531996313,0.19492523123997565,-6.739478707307541
1,527.0,-0.1940028580573545,0.1947574949567256,-6.7409894193237845
1,528.0,-0.19401964986214024,0.19459034724621208,-6.742494669223254
1,529.0,-0.19403638073432022,0.19442378810843514,-6.743994457005947
1,530.0,-0.19405305018920252,0.19425782192843652,-6.745488739223137
1,531.0,-0.1940696596221764,0.19409243658489506,-6.7469776409602185
1,532.0,-0.19408621003185217,0.19392762321654014,-6.748461251734556
1,533.0,-0.19410270141822988,0.19376338182337183,-6.749939571546151
1,534.0,-0.1941191337813095,0.1935997124053901,-6.751412600395002
1,535.0,-0.194135507121091,0.19343661496259493,-6.752880338281111
1,536.0,-0.19415182143757442,0.19327408949498637,-6.754342785204475
1,537.0,-0.19416807673075978,0.19311213600256438,-6.755799941165098
1,538.0,-0.19418427300064703,0.19295075448532897,-6.757251806162976
1,539.0,-0.19420041024723617,0.19278994494328014,-6.758698380198108
1,540.0,-0.19421648792429752,0.19262971249411942,-6.76013961430541
1,541.0,-0.19423250826374203,0.1924700371867748,-6.761575708557699
1,542.0,-0.19424847144699,0.19231091738108363,-6.763006679217844
1,543.0,-0.1942643774740415,0.19215235307704598,-6.764432526285849
1,544.0,-0.19428022634489647,0.1919943442746618,-6.765853249761712
1,545.0,-0.19429601805955496,0.19183689097393114,-6.767268849645434
1,546.0,-0.19431175261801695,0.19167999317485393,-6.768679325937017
1,547.0,-0.1943274300202824,0.19152365087743023,-6.770084678636454
1,548.0,-0.19434305026635137,0.19136786408166004,-6.771484907743753
1,549.0,-0.1943586131080073,0.19121263507060118,-6.772879991008296
1,550.0,-0.1943741188914321,0.19105796094464142,-6.774269959462506
1,551.0,-0.19438956934601406,0.19090382598711694,-6.775654968132096
1,552.0,-0.19440496447175323,0.19075023019802773,-6.777035017017069
1,553.0,-0.19442030426864956,0.19059717357737377,-6.778410106117421
1,554.0,-0.19443558873670308,0.1904446561251551,-6.779780235433156
1,555.0,-0.19445081787591378,0.19029267784137172,-6.781145404964275
1,556.0,-0.19446599168628168,0.1901412387260236,-6.782505614710774
1,557.0,-0.19448111016780673,0.18999033877911073,-6.783860864672654
1,558.0,-0.194496173320489,0.18983997800063312,-6.785211154849919
1,559.0,-0.19451118070009227,0.18969016054038804,-6.7865564454203735
1,560.0,-0.19452613344936723,0.18954087610961476,-6.787896838822402
1,561.0,-0.19454103265936606,0.1893921146693557,-6.789232432860039
1,562.0,-0.19455587833008878,0.1892438762196109,-6.790563227533278
1,563.0,-0.1945706704615354,0.18909616076038027,-6.791889222842128
1,564.0,-0.19458540905370586,0.18894896829166385,-6.79321041878658
1,565.0,-0.19460009410660023,0.18880229881346167,-6.79452681536664
1,566.0,-0.19461472562021845,0.18865615232577368,-6.795838412582305
1,567.0,-0.19462930359456057,0.1885105288285999,-6.797145210433579
1,568.0,-0.19464382802962657,0.18836542832194034,-6.798447208920458
1,569.0,-0.1946582984078616,0.1882208557025584,-6.799744361648324
1,570.0,-0.19467271625438773,0.18807679699866098,-6.801036805332071
1,571.0,-0.19468708231496665,0.1879332452764856,-6.802324606823224
1,572.0,-0.1947013965895984,0.18779020053603232,-6.803607766121786
1,573.0,-0.19471565907828298,0.1876476627773011,-6.804886283227759
1,574.0,-0.19472986978102036,0.18750563200029197,-6.806160158141134
1,575.0,-0.1947440286978106,0.18736410820500488,-6.807429390861923
1,576.0,-0.19475813582865364,0.18722309139143983,-6.808693981390117
1,577.0,-0.1947721911735495,0.1870825815595969,-6.80995392972572
1,578.0,-0.1947861947324982,0.186942578709476,-6.8112092358687315
1,579.0,-0.19480014596950293,0.18680308795741318,-6.81245985177136
1,580.0,-0.19481404651753872,0.18666409418609914,-6.8137059238166495
1,581.0,-0.19482789699793354,0.1865255915695801,-6.814947507701644
1,582.0,-0.19484169741068746,0.18638758010785608,-6.816184603426351
1,583.0,-0.19485544775580046,0.18625005980092707,-6.817417210990764
1,584.0,-0.19486914803327254,0.1861130306487931,-6.818645330394885
1,585.0,-0.19488279824310367,0.1859764926514541,-6.819868961638713
1,586.0,-0.19489639838529388,0.18584044580891013,-6.821088104722248
1,587.0,-0.1949099484598432,0.18570489012116115,-6.8223027596454955
1,588.0,-0.19492344846675155,0.1855698255882072,-6.823512926408449
1,589.0,-0.19493689788319077,0.18543525722408227,-6.824718558143773
1,590.0,-0.19495029822548018,0.1853011709013697,-6.825919790777277
1,591.0,-0.19496365018435258,0.18516756010014945,-6.827116686227582
1,592.0,-0.1949769537598079,0.18503442482042154,-6.828309244494678
1,593.0,-0.1949902089518462,0.18490176506218595,-6.82949746557858
1,594.0,-0.19500341576046745,0.18476958082544268,-6.830681349479276
1,595.0,-0.1950165741856717,0.18463787211019173,-6.831860896196776
1,596.0,-0.19502968422745887,0.18450663891643312,-6.83303610573107
1,597.0,-0.195042745885829,0.18437588124416682,-6.8342069780821655
1,598.0,-0.1950557591607821,0.18424559909339286,-6.835373513250059
1,599.0,-0.19506872359641572,0.18411579684387036,-6.8365356703667715
1,600.0,-0.19508164032729236,0.18398646391108495,-6.837693551136686
1,601.0,-0.19509451032561306,0.1838575910709414,-6.838847242709788
1,602.0,-0.1951073335913778,0.18372917832343974,-6.8399967450860695
1,603.0,-0.1951201101245866,0.18360122566857992,-6.841142058265537
1,604.0,-0.19513283992523944,0.183473733106362,-6.842283182248187
1,605.0,-0.19514552299333635,0.18334670063678593,-6.843420117034023
1,606.0,-0.19515815932887728,0.18322012825985173,-6.8445528626230425
1,607.0,-0.1951707489318623,0.1830940159755594,-6.845681419015244
1,608.0,-0.19518329180229133,0.18296836378390896,-6.846805786210629
1,609.0,-0.1951957876737474,0.18284317424565302,-6.847925940327063
1,610.0,-0.1952082368999278,0.18271844416845803,-6.849041913070652
1,611.0,-0.19522064101159092,0.1825941589694893,-6.850153841661546
1,612.0,-0.19523300000873675,0.18247031864874683,-6.85126172609974
1,613.0,-0.1952453138913653,0.1823469232062306,-6.852365566385239
1,614.0,-0.19525758265947654,0.18222397264194068,-6.853465362518042
1,615.0,-0.1952698063130705,0.182101466955877,-6.854561114498146
1,616.0,-0.19528198485214715,0.18197940614803962,-6.855652822325551
1,617.0,-0.19529411827670654,0.1818577902184285,-6.856740486000262
1,618.0,-0.1953062065867486,0.18173661916704362,-6.857824105522273
1,619.0,-0.19531824978227338,0.181615892993885,-6.8589036808915855
1,620.0,-0.19533024729398582,0.1814956172879995,-6.859979161075491
1,621.0,-0.19534220111503517,0.1813757730251451,-6.861050724743746
1,622.0,-0.19535411140718226,0.18125635864971176,-6.862118386396906
1,623.0,-0.19536597817042706,0.18113737416169948,-6.863182146034968
1,624.0,-0.1953778014047696,0.18101881956110827,-6.864242003657935
1,625.0,-0.19538958111020982,0.1809006948479381,-6.865297959265803
1,626.0,-0.19540131728674778,0.18078300002218903,-6.866350012858575
1,627.0,-0.19541300993438343,0.180665735083861,-6.867398164436247
1,628.0,-0.19542465905311684,0.18054890003295404,-6.868442413998826
1,629.0,-0.19543626464294794,0.18043249486946814,-6.869482761546305
1,630.0,-0.19544782626787996,0.18031652383295882,-6.870519167995087
1,631.0,-0.19545934492449757,0.18020097748246539,-6.871551722680956
1,632.0,-0.19547082160569057,0.1800858462606299,-6.872580514608476
1,633.0,-0.1954822563114589,0.17997113016745236,-6.87360554377764
1,634.0,-0.19549364904180266,0.1798568292029328,-6.874626810188455
1,635.0,-0.19550499979672176,0.17974294336707117,-6.875644313840918
1,636.0,-0.19551630857621624,0.1796294726598675,-6.876658054735028
1,637.0,-0.1955275753802861,0.1795164170813218,-6.877668032870787
1,638.0,-0.1955388002089313,0.17940377663143406,-6.878674248248194
1,639.0,-0.1955499830621519,0.17929155131020427,-6.879676700867247
1,640.0,-0.19556112393994787,0.17917974111763244,-6.8806753907279505
1,641.0,-0.1955722222670972,0.17906835172813695,-6.881670266266284
1,642.0,-0.19558327996903394,0.17895736460871078,-6.88266150008189
1,643.0,-0.19559429721708607,0.17884677809894334,-6.883649107532939
1,644.0,-0.19560527401125366,0.17873659219883462,-6.884633088619433
1,645.0,-0.19561621035153665,0.17862680690838462,-6.885613443341371
1,646.0,-0.19562710623793508,0.17851742222759334,-6.886590171698757
1,647.0,-0.19563796167044892,0.1784084381564608,-6.887563273691587
1,648.0,-0.1956487766490782,0.17829985469498696,-6.888532749319861
1,649.0,-0.1956595511738229,0.1781916718431719,-6.88949859858358
1,650.0,-0.195670285244683,0.1780838896010155,-6.8904608214827405
1,651.0,-0.19568097862584197,0.17797651026848793,-6.891419396878294
1,652.0,-0.1956916315245548,0.17786953197912167,-6.89237434334898
1,653.0,-0.19570224545911905,0.1777629400272371,-6.89332579699793
1,654.0,-0.19571282042953478,0.17765673441283417,-6.89427375782515
1,655.0,-0.19572335643580194,0.1775509151359129,-6.895218225830635
1,656.0,-0.19573385347792058,0.1774454821964733,-6.896159201014391
1,657.0,-0.19574431155589064,0.17734043559451532,-6.897096683376411
1,658.0,-0.19575473066971216,0.17723577533003904,-6.898030672916697
1,659.0,-0.19576511081938514,0.17713150140304437,-6.898961169635252
1,660.0,-0.19577545200490956,0.17702761381353138,-6.899888173532077
1,661.0,-0.19578575422628544,0.17692411256150006,-6.900811684607167
1,662.0,-0.19579601707433625,0.1768210016589807,-6.901731666181148
1,663.0,-0.19580624139054578,0.17671827305018895,-6.902648193686259
1,664.0,-0.19581642820062414,0.17661591675994692,-6.90356135906914
1,665.0,-0.1958265775045713,0.17651393278825467,-6.9044711623297825
1,666.0,-0.19583668930238726,0.17641232113511218,-6.905377603468193
1,667.0,-0.19584676359407208,0.17631108180051944,-6.906280682484376
1,668.0,-0.19585680037962566,0.17621021478447643,-6.90718039937832
1,669.0,-0.1958667996590481,0.1761097200869832,-6.908076754150037
1,670.0,-0.19587676143233934,0.17600959770803973,-6.90896974679952
1,671.0,-0.19588668569949938,0.17590984764764597,-6.90985937732677
1,672.0,-0.19589657246052827,0.175810469905802,-6.9107456457317875
1,673.0,-0.19590642125571578,0.17571146900584594,-6.911628510805261
1,674.0,-0.1959162331261479,0.1756128349085243,-6.912508065872154
1,675.0,-0.19592600891679865,0.17551455936989002,-6.913384386677575
1,676.0,-0.195935748627668,0.17541664238994314,-6.914257473221521
1,677.0,-0.19594545225875595,0.17531908396868362,-6.91512732550399
1,678.0,-0.19595511981006253,0.17522188410611148,-6.915993943524985
1,679.0,-0.19596475128158772,0.1751250428022267,-6.916857327284506
1,680.0,-0.1959743466733315,0.17502856005702933,-6.917717476782553
1,681.0,-0.19598390598529392,0.1749324358705193,-6.918574392019126
1,682.0,-0.19599342921747492,0.17483667024269667,-6.91942807299422
1,683.0,-0.19600291636987455,0.1747412631735614,-6.920278519707843
1,684.0,-0.19601236701409655,0.17464621888442722,-6.921125693757724
1,685.0,-0.1960217820441758,0.17455152874425217,-6.921969675286878
1,686.0,-0.19603116238918494,0.1744571836672219,-6.922810547579177
1,687.0,-0.1960405080491239,0.17436318365333645,-6.923648310634614
1,688.0,-0.1960498190239927,0.1742695287025958,-6.924482964453196
1,689.0,-0.19605909531379137,0.17417621881499992,-6.925314509034915
1,690.0,-0.1960683369185199,0.1740832539905489,-6.926142944379781
1,691.0,-0.1960775438381783,0.17399063422924266,-6.926968270487791
1,692.0,-0.1960867160727665,0.1738983595310812,-6.927790487358936
1,693.0,-0.1960958536222846,0.1738064298960646,-6.928609594993229
1,694.0,-0.19610495648673254,0.17371484532419276,-6.929425593390663
1,695.0,-0.19611402438000416,0.1736236086346712,-6.930238456904124
1,696.0,-0.1961230576504819,0.17353271652414415,-6.931048216763298
1,697.0,-0.1961320575989787,0.1734421562502438,-6.931854989575566
1,698.0,-0.1961410242254945,0.1733519278129702,-6.932658775340929
1,699.0,-0.19614995753002937,0.1732620312123233,-6.9334595740593885
1,700.0,-0.19615885751258325,0.17317246644830311,-6.934257385730944
1,701.0,-0.1961677241731562,0.17308323352090965,-6.9350522103555985
1,702.0,-0.19617655751174815,0.1729943324301429,-6.935844047933346
1,703.0,-0.19618535752835914,0.17290576317600284,-6.936632898464187
1,704.0,-0.19619412422298918,0.1728175257584895,-6.937418761948127
1,705.0,-0.19620285759563827,0.17272962017760288,-6.938201638385167
1,706.0,-0.19621155764630638,0.172642046433343,-6.9389815277753
1,707.0,-0.1962202237861643,0.1725548104009254,-6.939758377334735
1,708.0,-0.1962288578694711,0.1724678939023279,-6.940532353282854
1,709.0,-0.19623745996227626,0.17238129628704352,-6.941303461540447
1,710.0,-0.1962460300645797,0.17229501755507223,-6.9420717021075165
1,711.0,-0.19625456817638148,0.17220905770641406,-6.942837074984066
1,712.0,-0.19626307429768156,0.172123416741069,-6.943599580170092
1,713.0,-0.19627154842848,0.17203809465903708,-6.944359217665598
1,714.0,-0.1962799905687767,0.17195309146031826,-6.945115987470576
1,715.0,-0.1962884007185718,0.17186840714491255,-6.945869889585039
1,716.0,-0.19629677887786515,0.17178404171281994,-6.946620924008974
1,717.0,-0.19630512504665684,0.17169999516404047,-6.947369090742389
1,718.0,-0.1963134387720739,0.17161627198722967,-6.948114349188873
1,719.0,-0.19632172101084333,0.17153286285455416,-6.948856785111284
1,720.0,-0.1963299725589944,0.17144975992876366,-6.949596469867233
1,721.0,-0.19633819341652708,0.17136696320985814,-6.950333403456717
1,722.0,-0.19634638358344145,0.17128447269783761,-6.9510675858797395
1,723.0,-0.19635454305973746,0.17120228839270207,-6.951799017136299
1,724.0,-0.1963626718454151,0.17112041029445152,-6.952527697226391
1,725.0,-0.1963707699404744,0.17103883840308595,-6.95325362615002
1,726.0,-0.19637883734491532,0.17095757271860537,-6.953976803907187
1,727.0,-0.1963868740587379,0.17087661324100978,-6.954697230497888
1,728.0,-0.19639488008194214,0.17079595997029917,-6.95541490592213
1,729.0,-0.196402855414528,0.17071561290647355,-6.956129830179902
1,730.0,-0.19641079946737158,0.17063557793134806,-6.956841950461002
1,731.0,-0.19641871395680005,0.17055583816104675,-6.95755142062032
1,732.0,-0.19642659902391874,0.17047639220128702,-6.958258253306813
1,733.0,-0.19643445466872758,0.1703972400520689,-6.95896244852047
1,734.0,-0.19644228089122664,0.17031838171339236,-6.959664006261304
1,735.0,-0.1964500776914159,0.17023981718525744,-6.960362926529304
1,736.0,-0.19645784506929534,0.1701615464676641,-6.961059209324476
1,737.0,-0.196465583024865,0.17008356956061238,-6.96175285464682
1,738.0,-0.19647329155812482,0.17000588646410222,-6.962443862496332
1,739.0,-0.19648097066907486,0.1699284971781337,-6.963132232873018
1,740.0,-0.19648862035771508,0.16985140170270677,-6.9638179657768715
1,741.0,-0.19649624046756292,0.1697746015887493,-6.964501047180497
1,742.0,-0.1965038308890149,0.16969809800473204,-6.965181467258824
1,743.0,-0.1965113931249233,0.16962187611773544,-6.965859360730439
1,744.0,-0.19651892717528816,0.16954593592775952,-6.966534727595348
1,745.0,-0.19652643304010944,0.16947027743480428,-6.96720756785355
1,746.0,-0.19653391071938717,0.1693949006388697,-6.967877881505041
1,747.0,-0.19654136021312135,0.16931980553995576,-6.96854566854983
1,748.0,-0.19654878152131197,0.16924499213806252,-6.969210928987908
1,749.0,-0.19655617464395903,0.16917046043318992,-6.9698736628192774
1,750.0,-0.1965635395810625,0.169096210425338,-6.970533870043938
1,751.0,-0.19657087633262244,0.16902224211450678,-6.971191550661891
1,752.0,-0.19657818489863882,0.1689485555006962,-6.971846704673138
1,753.0,-0.19658546503430788,0.1688751530151159,-6.972499310132993
1,754.0,-0.19659271691147115,0.16880203303822966,-6.973149382445666
1,755.0,-0.1965999418083618,0.1687291829299597,-6.9737970361944495
1,756.0,-0.1966071397249798,0.16865660269030602,-6.974442271379346
1,757.0,-0.19661431066132518,0.1685842923192686,-6.975085088000354
1,758.0,-0.1966214546173979,0.16851225181684748,-6.975725486057473
1,759.0,-0.196628571593198,0.16844048118304267,-6.976363465550704
1,760.0,-0.19663566158872545,0.1683689804178541,-6.976999026480047
1,761.0,-0.19664272460398025,0.16829774952128182,-6.977632168845499
1,762.0,-0.19664976063896242,0.16822678849332584,-6.978262892647064
1,763.0,-0.19665676969367196,0.16815609733398612,-6.97889119788474
1,764.0,-0.19666375176810885,0.16808567604326272,-6.979517084558528
1,765.0,-0.1966707066855151,0.1680155263781465,-6.9801405368235
1,766.0,-0.19667763439210165,0.16794564894690625,-6.980761549857894
1,767.0,-0.1966845362922551,0.16787602984286204,-6.981380249553651
1,768.0,-0.1966914123859755,0.16780666906601385,-6.9819966359107735
1,769.0,-0.19669826267326285,0.1677375666163617,-6.982610708929261
1,770.0,-0.1967050871541171,0.16766872249390558,-6.983222468609112
1,771.0,-0.1967118858285383,0.16760013669864549,-6.9838319149503265
1,772.0,-0.1967186586965264,0.1675318092305814,-6.984439047952901
1,773.0,-0.19672540575808148,0.16746374008971338,-6.9850438676168425
1,774.0,-0.19673212701320344,0.16739592927604136,-6.98564637394215
1,775.0,-0.19673882246189234,0.16732837678956536,-6.986246566928815
1,776.0,-0.19674549210414818,0.1672610826302854,-6.986844446576849
1,777.0,-0.19675213593997093,0.1671940467982015,-6.987440012886241
1,778.0,-0.19675875337549673,0.16712727524550405,-6.98803321262189
1,779.0,-0.1967653460586359,0.1670607516462623,-6.988624193505669
1,780.0,-0.1967719140778331,0.1669944751212375,-6.989212963465925
1,781.0,-0.1967784574330883,0.16692844567042964,-6.989799522502656
1,782.0,-0.1967849761244015,0.16686266329383875,-6.990383870615861
1,783.0,-0.19679147015177267,0.1667971279914648,-6.990966007805544
1,784.0,-0.19679793951520186,0.1667318397633078,-6.9915459340717
1,785.0,-0.19680438421468904,0.16666679860936778,-6.992123649414332
1,786.0,-0.1968108042502342,0.1666020045296447,-6.992699153833438
1,787.0,-0.19681719962183739,0.16653745752413857,-6.993272447329022
1,788.0,-0.19682357032949857,0.16647315759284942,-6.993843529901081
1,789.0,-0.19682991637321773,0.1664091047357772,-6.9944124015496145
1,790.0,-0.19683623730267963,0.16634530345014653,-6.994979021907492
1,791.0,-0.19684253399619633,0.16628174506647944,-6.995543469708305
1,792.0,-0.19684880713701672,0.1662184227935533,-6.9961058061998145
1,793.0,-0.1968550567251408,0.1661553366313681,-6.996666031382012
1,794.0,-0.19686128276056855,0.1660924865799239,-6.997224145254899
1,795.0,-0.19686748524329997,0.16602987263922062,-6.997780147818475
1,796.0,-0.1968736641733351,0.1659674948092583,-6.998334039072744
1,797.0,-0.19687981955067388,0.1659053530900369,-6.998885819017703
1,798.0,-0.19688595137531634,0.16584344748155647,-6.99943548765335
1,799.0,-0.1968920596472625,0.165781777983817,-6.99998304497969
1,800.0,-0.19689814436651232,0.16572034459681848,-7.000528490996718
1,801.0,-0.19690420553306584,0.16565914732056092,-7.00107182570444
1,802.0,-0.19691024314692301,0.1655981861550443,-7.001613049102851
1,803.0,-0.19691625661423992,0.16553746706064495,-7.002152107958629
1,804.0,-0.19692224753141352,0.16547697417673993,-7.002689145375892
1,805.0,-0.1969282159760154,0.16541670673028422,-7.003224168308304
1,806.0,-0.19693416194804558,0.16535666472127783,-7.0037571767558715
1,807.0,-0.19694008544750405,0.16529684814972076,-7.004288170718592
1,808.0,-0.19694598647439082,0.16523725701561304,-7.004817150196464
1,809.0,-0.19695186502870587,0.1651778913189546,-7.005344115189488
1,810.0,-0.19695772111044924,0.16511875105974552,-7.005869065697665
1,811.0,-0.19696355471962088,0.16505983623798576,-7.006392001720996
1,812.0,-0.19696936585622082,0.16500114685367534,-7.00691292325948
1,813.0,-0.19697515452024908,0.16494268290681424,-7.007431830313114
1,814.0,-0.19698092071170561,0.16488444439740246,-7.0079487228819035
1,815.0,-0.1969866642601989,0.16482643302697092,-7.008463585691614
1,816.0,-0.19699238507839734,0.1647686497223347,-7.008976410913679
1,817.0,-0.19699808447317368,0.16471108147235586,-7.009487315698697
1,818.0,-0.197003762444528,0.16465372827703437,-7.009996300046679
1,819.0,-0.19700941899246024,0.16459659013637026,-7.010503363957618
1,820.0,-0.1970150541169704,0.16453966705036352,-7.011008507431512
1,821.0,-0.1970206678180585,0.16448295901901414,-7.011511730468366
1,822.0,-0.19702626009572452,0.16442646604232214,-7.012013033068175
1,823.0,-0.19703183094996848,0.1643701881202875,-7.012512415230947
1,824.0,-0.19703738038079038,0.16431412525291023,-7.013009876956671
1,825.0,-0.19704290838819022,0.16425827744019034,-7.013505418245359
1,826.0,-0.19704841497216796,0.1642026446821278,-7.013999039097001
1,827.0,-0.19705390013272367,0.16414722697872264,-7.014490739511602
1,828.0,-0.19705936366560792,0.1640920263719932,-7.014980501179852
1,829.0,-0.19706480558625414,0.16403704276101713,-7.015468325485231
1,830.0,-0.19707022710182118,0.16398226411236858,-7.015954320639795
1,831.0,-0.19707562821230903,0.16392769042604752,-7.0164384866435485
1,832.0,-0.19708100891771768,0.16387332170205393,-7.016920823496484
1,833.0,-0.19708636921804715,0.16381915794038784,-7.017401331198604
1,834.0,-0.1970917091132974,0.16376519914104926,-7.017880009749909
1,835.0,-0.19709702860346848,0.16371144530403814,-7.018356859150401
1,836.0,-0.19710232768856034,0.16365789642935455,-7.018831879400076
1,837.0,-0.19710760636857305,0.16360455251699843,-7.019305070498944
1,838.0,-0.19711286464350652,0.16355141356696978,-7.019776432446986
1,839.0,-0.19711810251336084,0.16349847957926866,-7.020245965244222
1,840.0,-0.19712331997813595,0.16344575055389501,-7.0207136688906395
1,841.0,-0.19712851699028086,0.16339322696640557,-7.021179539123681
1,842.0,-0.19713369308955303,0.16334091345935559,-7.021643534686307
1,843.0,-0.19713884977147242,0.1632887951123893,-7.022105789639828
1,844.0,-0.19714398703603903,0.16323687192550673,-7.0225663039842425
1,845.0,-0.19714910488325285,0.16318514389870786,-7.023025077719552
1,846.0,-0.1971542033131139,0.16313361103199273,-7.023482110845756
1,847.0,-0.19715928232562216,0.16308227332536127,-7.023937403362849
1,848.0,-0.1971643419207776,0.16303113077881354,-7.024390955270838
1,849.0,-0.19716938209858031,0.16298018339234951,-7.024842766569718
1,850.0,-0.1971744028590302,0.16292943116596922,-7.025292837259494
1,851.0,-0.19717940420212732,0.1628788740996726,-7.025741167340164
1,852.0,-0.19718438612787165,0.16282851219345973,-7.0261877568117255
1,853.0,-0.19718934863626317,0.16277834544733055,-7.026632605674176
1,854.0,-0.19719429172730193,0.16272837386128508,-7.027075713927528
1,855.0,-0.19719921488978806,0.16267860256779165,-7.027517035746825
1,856.0,-0.19720411919971687,0.16262902084675426,-7.027956667586374
1,857.0,-0.19720900504961528,0.16257962477293958,-7.02839464463305
1,858.0,-0.19721387243948324,0.16253041434634766,-7.028830966886847
1,859.0,-0.19721872136932078,0.16248138956697847,-7.029265634347769
1,860.0,-0.19722355183912793,0.162432550434832,-7.029698647015818
1,861.0,-0.19722836384890463,0.16238389694990832,-7.030130004890988
1,862.0,-0.19723315739865094,0.16233542911220733,-7.030559707973282
1,863.0,-0.19723793248836682,0.16228714692172908,-7.030987756262701
1,864.0,-0.19724268911805226,0.16223905037847358,-7.031414149759246
1,865.0,-0.1972474272877073,0.16219113948244082,-7.031838888462912
1,866.0,-0.19725214699733193,0.16214341423363077,-7.032261972373704
1,867.0,-0.19725684824692613,0.16209587463204347,-7.032683401491618
1,868.0,-0.19726153093054713,0.16204852173934176,-7.033103166319742
1,869.0,-0.19726619476051338,0.16200135847519007,-7.033521241069744
1,870.0,-0.19727084105760165,0.16195437163376628,-7.0339377441386075
1,871.0,-0.197275469821812,0.16190756121507038,-7.034352675526343
1,872.0,-0.1972800810531444,0.16186092721910236,-7.034766035232946
1,873.0,-0.19728467475159886,0.16181446964586227,-7.035177823258413
1,874.0,-0.19728925091717536,0.16176818849535007,-7.03558803960275
1,875.0,-0.1972938095498739,0.16172208376756575,-7.035996684265951
1,876.0,-0.19729835064969456,0.16167615546250932,-7.036403757248025
1,877.0,-0.19730287421663723,0.16163040358018083,-7.0368092585489626
1,878.0,-0.19730738025070196,0.1615848281205802,-7.037213188168768
1,879.0,-0.19731186875188875,0.16153942908370747,-7.0376155461074426
1,880.0,-0.1973163397201976,0.16149420646956264,-7.038016332364984
1,881.0,-0.1973207931556285,0.1614491602781457,-7.0384155469413905
1,882.0,-0.1973252287790522,0.16140429331089015,-7.03881316481498
1,883.0,-0.19732964683061532,0.16135960320178394,-7.039209207512957
1,884.0,-0.1973340482465387,0.16131508057795776,-7.039603758959971
1,885.0,-0.19733843302682227,0.16127072543941162,-7.039996819156016
1,886.0,-0.1973428011714661,0.16122653778614554,-7.0403883881011025
1,887.0,-0.19734715268047018,0.16118251761815952,-7.040778465795223
1,888.0,-0.1973514875538345,0.16113866493545353,-7.041167052238379
1,889.0,-0.19735580579155904,0.16109497973802758,-7.041554147430569
1,890.0,-0.19736010739364385,0.1610514620258817,-7.041939751371799
1,891.0,-0.19736439236008887,0.16100811179901584,-7.042323864062062
1,892.0,-0.19736866069089415,0.16096492905743,-7.042706485501361
1,893.0,-0.19737291238605964,0.16092191380112425,-7.043087615689693
1,894.0,-0.1973771474455854,0.16087906603009855,-7.043467254627067
1,895.0,-0.1973813658694714,0.16083638574435288,-7.0438454023134724
1,896.0,-0.19738556740155352,0.16079387551653385,-7.044222035785869
1,897.0,-0.197389752207568,0.1607515337214799,-7.044597169901171
1,898.0,-0.19739392124554303,0.16070935075969653,-7.0449708905388775
1,899.0,-0.19739807451547867,0.1606673266311837,-7.045343197699001
1,900.0,-0.19740221201737487,0.16062546133594144,-7.045714091381532
1,901.0,-0.19740633375123165,0.16058375487396975,-7.046083571586473
1,902.0,-0.19741043971704902,0.1605422072452686,-7.046451638313825
1,903.0,-0.19741452991482697,0.16050081844983805,-7.046818291563588
1,904.0,-0.1974186043445655,0.16045958848767802,-7.047183531335763
1,905.0,-0.1974226630062646,0.1604185173587886,-7.047547357630348
1,906.0,-0.19742670589992428,0.1603776050631697,-7.047909770447341
1,907.0,-0.19743073302554456,0.16033685160082137,-7.048270769786749
1,908.0,-0.1974347443831254,0.16029625697174363,-7.0486303556485606
1,909.0,-0.1974387399726668,0.16025582117593642,-7.048988528032786
1,910.0,-0.19744271977265213,0.160215544429488,-7.0493452850106255
1,911.0,-0.19744668325413803,0.16017543207002274,-7.049700579166576
1,912.0,-0.19745063180584377,0.1601354701753698,-7.050054534988115
1,913.0,-0.1974545654277694,0.1600956587455292,-7.05040715247526
1,914.0,-0.19745848411991487,0.16005599778050092,-7.050758431627995
1,915.0,-0.19746238788228024,0.16001648728028497,-7.051108372446329
1,916.0,-0.19746627671486544,0.15997712724488133,-7.0514569749302565
1,917.0,-0.19747015061767054,0.15993791767429005,-7.0518042390797815
1,918.0,-0.1974740095906955,0.1598988585685111,-7.052150164894907
1,919.0,-0.19747785363394033,0.15985994992754446,-7.052494752375625
1,920.0,-0.19748168274740502,0.15982119175139017,-7.05283800152194
1,921.0,-0.19748549693108958,0.1597825840400482,-7.053179912333853
1,922.0,-0.197489296184994,0.15974412679351857,-7.053520484811359
1,923.0,-0.1974930805091183,0.15970582001180125,-7.053859718954464
1,924.0,-0.19749684990346245,0.15966766369489627,-7.054197614763163
1,925.0,-0.1975006039657024,0.15962966189202937,-7.054534136172349
1,926.0,-0.19750434332870692,0.15959180827718034,-7.054869339913608
1,927.0,-0.19750806857116612,0.15955409704008172,-7.055203277861838
1,928.0,-0.19751177969307998,0.15951652818073359,-7.05553595001704
1,929.0,-0.19751547669444852,0.15947910169913587,-7.055867356379212
1,930.0,-0.19751915957527172,0.15944181759528858,-7.056197496948352
1,931.0,-0.1975228283355496,0.15940467586919177,-7.056526371724466
1,932.0,-0.19752648297528214,0.15936767652084538,-7.05685398070755
1,933.0,-0.19753012349446936,0.15933081955024944,-7.057180323897609
1,934.0,-0.19753374989311123,0.15929410495740393,-7.057505401294636
1,935.0,-0.1975373621712078,0.1592575327423089,-7.0578292128986355
1,936.0,-0.19754096032875904,0.15922110290496427,-7.058151758709606
1,937.0,-0.19754454436576493,0.15918481544537008,-7.05847303872755
1,938.0,-0.1975481142822255,0.15914867036352637,-7.058793052952458
1,939.0,-0.19755167007814073,0.15911266765943308,-7.0591118013843435
1,940.0,-0.1975552112430102,0.15907681247877264,-7.059429238260952
1,941.0,-0.1975587387986641,0.15904109457391827,-7.059745455181118
1,942.0,-0.19756225301431862,0.1590055112387377,-7.0600604762779104
1,943.0,-0.19756575388997374,0.158970062473231,-7.060374301551319
1,944.0,-0.1975692414256295,0.15893474827739815,-7.060686931001353
1,945.0,-0.19757271562128587,0.15889956865123914,-7.060998364628008
1,946.0,-0.19757617647694287,0.15886452359475395,-7.061308602431284
1,947.0,-0.19757962399260046,0.15882961310794264,-7.061617644411181
1,948.0,-0.19758305816825866,0.15879483719080514,-7.0619254905677
1,949.0,-0.1975864790039175,0.1587601958433415,-7.062232140900838
1,950.0,-0.19758988649957696,0.15872568906555168,-7.062537595410603
1,951.0,-0.197593280655237,0.15869131685743573,-7.062841854096985
1,952.0,-0.1975966614708977,0.1586570792189936,-7.063144916959987
1,953.0,-0.19760002894655898,0.15862297615022533,-7.0634467839996145
1,954.0,-0.1976033830822209,0.1585890076511309,-7.06374745521586
1,955.0,-0.19760672338510205,0.15855517869068178,-7.064046886434851
1,956.0,-0.197610050801273,0.15852147977485775,-7.064345162464185
1,957.0,-0.19761336562965567,0.15848790789695977,-7.064642310099802
1,958.0,-0.19761666787025003,0.15845446305698782,-7.064938329341692
1,959.0,-0.19761995752305606,0.15842114525494194,-7.065233220189862
1,960.0,-0.1976232345880738,0.15838795449082207,-7.065526982644314
1,961.0,-0.19762649906530322,0.15835489076462825,-7.065819616705043
1,962.0,-0.19762975095474433,0.15832195407636046,-7.0661111223720505
1,963.0,-0.19763299025639716,0.1582891444260187,-7.066401499645338
1,964.0,-0.19763621697026165,0.15825646181360303,-7.066690748524906
1,965.0,-0.19763943109633783,0.15822390623911337,-7.0669788690107485
1,966.0,-0.19764263263462573,0.15819147770254974,-7.067265861102873
1,967.0,-0.1976458215851253,0.15815917620391215,-7.0675517248012785
1,968.0,-0.19764899794783655,0.1581270017432006,-7.067836460105957
1,969.0,-0.1976521617227595,0.1580949543204151,-7.068120067016917
1,970.0,-0.19765531258527771,0.15806303720738668,-7.068402516434908
1,971.0,-0.19765845090673068,0.15803124669059845,-7.068683841647527
1,972.0,-0.19766157736464318,0.1579995759534258,-7.068964103389404
1,973.0,-0.1976646919590152,0.15796802499586882,-7.0692433016605385
1,974.0,-0.1976677946898468,0.1579365938179274,-7.069521436460932
1,975.0,-0.19767088555713794,0.15790528241960158,-7.069798507790585
1,976.0,-0.1976739645608886,0.1578740908008914,-7.070074515649494
1,977.0,-0.19767703170109882,0.1578430189617968,-7.070349460037668
1,978.0,-0.19768008697776857,0.15781206690231783,-7.070623340955095
1,979.0,-0.19768313039089788,0.15778123462245444,-7.070896158401784
1,980.0,-0.19768616194048672,0.1577505221222067,-7.071167912377731
1,981.0,-0.19768918162653512,0.15771992940157453,-7.07143860288294
1,982.0,-0.19769218944904304,0.157689456460558,-7.0717082299174026
1,983.0,-0.1976951854080105,0.15765910329915706,-7.0719767934811255
1,984.0,-0.19769816950343752,0.1576288699173717,-7.0722442935741086
1,985.0,-0.19770114173532408,0.157598756315202,-7.072510730196348
1,986.0,-0.1977041015850022,0.15756876772940004,-7.07277605685345
1,987.0,-0.1977070500871113,0.15753889375546204,-7.073040366292487
1,988.0,-0.19770998742235318,0.15750913257315033,-7.073303674711916
1,989.0,-0.19771291359072782,0.15747948418246493,-7.073565982111743
1,990.0,-0.19771582859223522,0.15744994858340589,-7.073827288491967
1,991.0,-0.19771873242687535,0.15742052577597312,-7.0740875938525845
1,992.0,-0.19772162509464827,0.15739121576016668,-7.074346898193598
1,993.0,-0.19772450659555396,0.15736201853598658,-7.0746052015150065
1,994.0,-0.1977273769295924,0.15733293410343277,-7.074862503816812
1,995.0,-0.19773023609676363,0.15730396246250528,-7.075118805099011
1,996.0,-0.19773308409706758,0.15727510361320413,-7.075374105361607
1,997.0,-0.19773592093050432,0.15724635755552926,-7.075628404604598
1,998.0,-0.1977387465970738,0.15721772428948072,-7.075881702827982
1,999.0,-0.19774156109677607,0.15718920381505852,-7.0761340000317645
1,1000.0,-0.19774436442961107,0.1571607961322626,-7.076385296215942
1,1001.0,-0.19774715659557887,0.15713250124109301,-7.076635591380515
1,1002.0,-0.19774993704846325,0.15710432466076543,-7.076884836561606
1,1003.0,-0.19775270693090366,0.15707625488776783,-7.077133134187634
1,1004.0,-0.1977554663159803,0.1570482911853968,-7.07738049080964
1,1005.0,-0.19775821520369316,0.1570204335536523,-7.07762690642763
1,1006.0,-0.19776095359404222,0.1569926819925344,-7.077872381041601
1,1007.0,-0.19776368148702753,0.1569650365020431,-7.078116914651554
1,1008.0,-0.19776639888264902,0.15693749708217836,-7.078360507257489
1,1009.0,-0.19776910578090676,0.15691006373294017,-7.078603158859408
1,1010.0,-0.19777180218180068,0.15688273645432857,-7.078844869457301
1,1011.0,-0.19777448808533085,0.15685551524634353,-7.0790856390511845
1,1012.0,-0.19777716349149724,0.15682840010898508,-7.079325467641044
1,1013.0,-0.19777982840029984,0.15680139104225319,-7.079564355226888
1,1014.0,-0.19778248281173866,0.15677448804614788,-7.079802301808712
1,1015.0,-0.19778512672581366,0.15674769112066914,-7.080039307386517
1,1016.0,-0.19778776014252492,0.15672100026581695,-7.080275371960305
1,1017.0,-0.19779038306187238,0.15669441548159135,-7.080510495530073
1,1018.0,-0.19779299501763004,0.15666794147776583,-7.080744636302422
1,1019.0,-0.19779559683952927,0.15664156990288042,-7.080977868656075
1,1020.0,-0.1977981888068188,0.15661529794107493,-7.081210217623432
1,1021.0,-0.19780077091949855,0.15658912559234936,-7.081441683204481
1,1022.0,-0.19780334317756856,0.15656305285670372,-7.0816722653992334
1,1023.0,-0.1978059055810288,0.156537079734138,-7.081901964207677
1,1024.0,-0.19780845812987935,0.15651120622465223,-7.082130779629824
1,1025.0,-0.19781100082412012,0.15648543232824635,-7.08235871166567
1,1026.0,-0.19781353366375115,0.1564597580449204,-7.082585760315212
1,1027.0,-0.19781605664877241,0.15643418337467438,-7.082811925578452
1,1028.0,-0.19781856977918394,0.15640870831750828,-7.083037207455388
1,1029.0,-0.19782107305498575,0.15638333287342207,-7.083261605946028
1,1030.0,-0.19782356647617777,0.15635805704241582,-7.083485121050363
1,1031.0,-0.19782605004276008,0.15633288082448948,-7.0837077527683965
1,1032.0,-0.19782852375473262,0.15630780421964308,-7.083929501100127
1,1033.0,-0.19783098761209542,0.1562828272278766,-7.084150366045557
1,1034.0,-0.19783344146944679,0.15625795131709624,-7.084370334570598
1,1035.0,-0.19783588517267642,0.1562331780581425,-7.084589392860498
1,1036.0,-0.19783831963773607,0.15620849821444324,-7.084807623022955
1,1037.0,-0.19784074486462566,0.1561839117859985,-7.085025025057955
1,1038.0,-0.19784316085334527,0.1561594187728082,-7.085241598965508
1,1039.0,-0.19784556760389485,0.1561350191748724,-7.085457344745611
1,1040.0,-0.1978479651162744,0.1561107129921911,-7.085672262398259
1,1041.0,-0.19785035339048393,0.15608650022476428,-7.0858863519234605
1,1042.0,-0.19785273242652346,0.15606238087259192,-7.086099613321208
1,1043.0,-0.19785510222439295,0.15603835493567406,-7.086312046591504
1,1044.0,-0.19785746278409244,0.1560144224140107,-7.086523651734352
1,1045.0,-0.1978598141056219,0.1559905833076018,-7.086734428749749
1,1046.0,-0.19786215618898134,0.1559668376164474,-7.086944377637694
1,1047.0,-0.19786448903417078,0.15594318534054746,-7.087153498398189
1,1048.0,-0.1978668126411902,0.15591962647990204,-7.087361791031233
1,1049.0,-0.19786912701003959,0.1558961610345111,-7.087569255536826
1,1050.0,-0.19787143214071895,0.15587278900437462,-7.087775891914967
1,1051.0,-0.19787372780233928,0.15584951272200112,-7.087981679468318
1,1052.0,-0.19787601408751054,0.1558263312675762,-7.08818662649862
1,1053.0,-0.19787829172508636,0.15580323728638348,-7.088390798341718
1,1054.0,-0.19788056071506677,0.15578023077842298,-7.088594194997614
1,1055.0,-0.19788282105745175,0.1557573117436947,-7.088796816466313
1,1056.0,-0.1978850727522413,0.15573448018219865,-7.088998662747807
1,1057.0,-0.19788731579943541,0.15571173609393485,-7.089199733842105
1,1058.0,-0.19788955019903412,0.15568907947890323,-7.0894000297492
1,1059.0,-0.19789177595103738,0.15566651033710385,-7.089599550469091
1,1060.0,-0.1978939930554452,0.15564402866853672,-7.089798296001783
1,1061.0,-0.1978962015122576,0.1556216344732018,-7.089996266347273
1,1062.0,-0.19789840132147457,0.15559932775109908,-7.090193461505564
1,1063.0,-0.1979005924830961,0.15557710850222858,-7.090389881476654
1,1064.0,-0.19790277499712222,0.15555497672659033,-7.090585526260544
1,1065.0,-0.1979049488635529,0.15553293242418428,-7.090780395857231
1,1066.0,-0.19790711408238815,0.15551097559501048,-7.090974490266716
1,1067.0,-0.19790927065362798,0.1554891062390689,-7.091167809489002
1,1068.0,-0.19791141851562177,0.15546732497925572,-7.091360347997607
1,1069.0,-0.19791355729146135,0.15544563563447786,-7.0915520720057525
1,1070.0,-0.19791568798487752,0.15542402807261763,-7.091743071489811
1,1071.0,-0.19791781059587027,0.15540250229367503,-7.091933346449781
1,1072.0,-0.1979199251244396,0.15538105829765003,-7.092122896885668
1,1073.0,-0.19792203157058552,0.15535969608454264,-7.092311722797466
1,1074.0,-0.19792412993430802,0.1553384156543529,-7.092499824185175
1,1075.0,-0.19792622021560713,0.1553172170070808,-7.0926872010488
1,1076.0,-0.19792830241448278,0.1552961001427263,-7.092873853388333
1,1077.0,-0.19793037653093504,0.1552750650612894,-7.093059781203783
1,1078.0,-0.19793244256496387,0.15525411176277018,-7.093244984495144
1,1079.0,-0.1979345005165693,0.15523324024716853,-7.093429463262418
1,1080.0,-0.1979365503857513,0.15521245051448454,-7.093613217505604
1,1081.0,-0.1979385921725099,0.15519174256471815,-7.093796247224705
1,1082.0,-0.19794062587684508,0.1551711163978694,-7.093978552419718
1,1083.0,-0.1979426514987568,0.15515057201393828,-7.09416013309064
1,1084.0,-0.19794466903824515,0.15513010941292477,-7.094340989237477
1,1085.0,-0.19794667849531009,0.15510972859482888,-7.094521120860232
1,1086.0,-0.1979486795470561,0.155089432825231,-7.0947004990139195
1,1087.0,-0.19795067255954613,0.15506921841737115,-7.094879156513128
1,1088.0,-0.19795265802985731,0.15504908034955894,-7.095057137916823
1,1089.0,-0.19795463595798968,0.15502901862179438,-7.095234443225002
1,1090.0,-0.19795660634394324,0.15500903323407747,-7.095411072437665
1,1091.0,-0.19795856918771798,0.15498912418640823,-7.095587025554812
1,1092.0,-0.19796052448931387,0.15496929147878663,-7.0957623025764445
1,1093.0,-0.19796247224873098,0.15494953511121268,-7.0959369035025635
1,1094.0,-0.19796441246596924,0.15492985508368637,-7.096110828333163
1,1095.0,-0.19796634514102868,0.15491025139620773,-7.096284077068249
1,1096.0,-0.1979682702739093,0.15489072404877674,-7.0964566497078225
1,1097.0,-0.19797018786461112,0.15487127304139342,-7.096628546251878
1,1098.0,-0.1979720979131341,0.15485189837405772,-7.0967997667004195
1,1099.0,-0.1979740004194783,0.1548326000467697,-7.096970311053445
1,1100.0,-0.19797589538364363,0.1548133780595293,-7.097140179310952
1,1101.0,-0.19797778280563016,0.15479423241233659,-7.097309371472949
1,1102.0,-0.19797966268543787,0.1547751631051915,-7.0974778875394255
1,1103.0,-0.19798153502306676,0.15475617013809406,-7.09764572751039
1,1104.0,-0.19798339949619911,0.15473725677205805,-7.097812862492655
1,1105.0,-0.19798525647068396,0.15471841931958127,-7.097979325281634
1,1106.0,-0.1979871064187943,0.1546996530073042,-7.098145158212796
1,1107.0,-0.19798894934053016,0.15468095783522687,-7.098310361286141
1,1108.0,-0.1979907852358915,0.15466233380334923,-7.09847493450167
1,1109.0,-0.19799261410487837,0.1546437809116713,-7.098638877859383
1,1110.0,-0.19799443594749075,0.1546252991601931,-7.09880219135928
1,1111.0,-0.19799625076372862,0.1546068885489146,-7.098964875001359
1,1112.0,-0.197998058553592,0.1545885490778358,-7.09912692878562
1,1113.0,-0.1979998593170809,0.15457028074695672,-7.099288352712065
1,1114.0,-0.1980016530541953,0.15455208355627736,-7.099449146780693
1,1115.0,-0.19800343976493517,0.1545339575057977,-7.0996093109915055
1,1116.0,-0.19800521944930058,0.15451590259551778,-7.099768845344501
1,1117.0,-0.1980069921072915,0.15449791882543756,-7.099927749839681
1,1118.0,-0.19800875773890791,0.15448000619555705,-7.100086024477044
1,1119.0,-0.19801051634414985,0.15446216470587623,-7.10024366925659
1,1120.0,-0.19801226792301727,0.15444439435639515,-7.100400684178318
1,1121.0,-0.1980140124755102,0.15442669514711377,-7.10055706924223
1,1122.0,-0.19801574993398052,0.1544090677623974,-7.100712818384216
1,1123.0,-0.19801747995585084,0.15439151567588258,-7.100867900894977
1,1124.0,-0.19801920344320922,0.15437402976816772,-7.101022397639433
1,1125.0,-0.19802092039605562,0.15435661003925286,-7.101176308617581
1,1126.0,-0.1980226308143901,0.15433925648913796,-7.101329633829426
1,1127.0,-0.1980243346982126,0.15432196911782303,-7.101482373274963
1,1128.0,-0.19802603204752314,0.1543047479253081,-7.101634526954194
1,1129.0,-0.19802772286232173,0.1542875929115931,-7.101786094867116
1,1130.0,-0.19802940714260836,0.15427050407667814,-7.101937077013734
1,1131.0,-0.19803108488838303,0.1542534814205631,-7.102087473394044
1,1132.0,-0.19803275609964574,0.15423652494324808,-7.102237284008048
1,1133.0,-0.19803442077639652,0.15421963464473304,-7.10238650885575
1,1134.0,-0.1980360789186353,0.15420281052501797,-7.1025351479371395
1,1135.0,-0.19803773052636217,0.15418605258410287,-7.102683201252229
1,1136.0,-0.19803937559957704,0.15416936082198773,-7.102830668801006
1,1137.0,-0.19804101413827999,0.1541527352386726,-7.102977550583481
1,1138.0,-0.19804264614247097,0.15413617583415742,-7.1031238465996465
1,1139.0,-0.19804427161215,0.15411968260844225,-7.103269556849508
1,1140.0,-0.19804589054731705,0.15410325556152704,-7.103414681333061
1,1141.0,-0.19804750276391658,0.15408689655642835,-7.103559203551212
1,1142.0,-0.19804910824096725,0.15407060581426613,-7.103703121623149
1,1143.0,-0.19805070765193583,0.15405437652323586,-7.103846495919742
1,1144.0,-0.19805230099682236,0.15403820868333762,-7.103989326440991
1,1145.0,-0.1980538882756268,0.1540221022945714,-7.104131613186897
1,1146.0,-0.19805546948834918,0.15400605735693712,-7.104273356157456
1,1147.0,-0.1980570446349895,0.15399007387043487,-7.104414555352674
1,1148.0,-0.1980586137155477,0.15397415183506463,-7.104555210772542
1,1149.0,-0.19806017673002385,0.15395829125082636,-7.1046953224170695
1,1150.0,-0.19806173367841792,0.1539424921177201,-7.104834890286251
1,1151.0,-0.1980632845607299,0.15392675443574583,-7.104973914380088
1,1152.0,-0.19806482937695985,0.15391107820490355,-7.1051123946985815
1,1153.0,-0.1980663681271077,0.15389546342519328,-7.10525033124173
1,1154.0,-0.19806790081117348,0.153879910096615,-7.105387724009536
1,1155.0,-0.19806942742915717,0.1538644182191687,-7.105524573001992
1,1156.0,-0.1980709479810588,0.15384898779285444,-7.1056608782191075
1,1157.0,-0.19807246246687835,0.15383361881767216,-7.105796639660876
1,1158.0,-0.19807397088661582,0.15381831129362186,-7.105931857327304
1,1159.0,-0.19807547324027122,0.15380306522070358,-7.106066531218382
1,1160.0,-0.19807696952784454,0.15378788059891726,-7.106200661334119
1,1161.0,-0.19807845924306403,0.15377276255898154,-7.106334202291329
1,1162.0,-0.19807994333666867,0.15375770148201146,-7.106467239316097
1,1163.0,-0.19808142180970756,0.15374269735738663,-7.106599772502466
1,1164.0,-0.1980828946621807,0.15372775018510704,-7.106731801850441
1,1165.0,-0.19808436189408807,0.15371285996517273,-7.10686332736001
1,1166.0,-0.19808582350542972,0.15369802669758367,-7.106994349031186
1,1167.0,-0.19808727949620558,0.15368325038233988,-7.107124866863959
1,1168.0,-0.1980887298664157,0.15366853101944133,-7.1072548808583385
1,1169.0,-0.1980901746160601,0.15365386860888808,-7.107384391014315
1,1170.0,-0.19809161374513873,0.15363926315068005,-7.1075133973319
1,1171.0,-0.1980930472536516,0.15362471464481728,-7.107641899811079
1,1172.0,-0.1980944751415987,0.1536102230912998,-7.107769898451859
1,1173.0,-0.19809589740898007,0.15359578849012756,-7.107897393254242
1,1174.0,-0.1980973140557957,0.15358141084130056,-7.108024384218229
1,1175.0,-0.19809872508204554,0.15356709014481884,-7.108150871343816
1,1176.0,-0.19810013048772965,0.15355282640068238,-7.108276854631004
1,1177.0,-0.19810153027284802,0.15353861960889117,-7.108402334079794
1,1178.0,-0.19810292443740063,0.15352446976944523,-7.108527309690185
1,1179.0,-0.19810431298138748,0.15351037688234453,-7.108651781462176
1,1180.0,-0.19810569573503292,0.1534963426671874,-7.10877573417675
1,1181.0,-0.198107072649295,0.15348236762754403,-7.108899163437693
1,1182.0,-0.1981084443661226,0.15346844526536316,-7.10902212679054
1,1183.0,-0.19810981088551569,0.1534545755806448,-7.109144624235295
1,1184.0,-0.1981111722074743,0.15344075857338893,-7.109266655771959
1,1185.0,-0.1981125283319984,0.15342699424359557,-7.109388221400529
1,1186.0,-0.19811387925908805,0.15341328259126472,-7.109509321121006
1,1187.0,-0.19811522498874318,0.15339962361639636,-7.109629954933391
1,1188.0,-0.19811656552096382,0.15338601731899051,-7.109750122837681
1,1189.0,-0.19811790085574998,0.1533724636990472,-7.109869824833879
1,1190.0,-0.19811923099310164,0.15335896275656635,-7.109989060921983
1,1191.0,-0.19812055593301883,0.153345514491548,-7.110107831101997
1,1192.0,-0.1981218756755015,0.15333211890399218,-7.110226135373915
1,1193.0,-0.1981231902205497,0.15331877599389884,-7.110343973737743
1,1194.0,-0.1981244995681634,0.153305485761268,-7.110461346193473
1,1195.0,-0.19812580371834262,0.15329224820609968,-7.110578252741117
1,1196.0,-0.19812710267108732,0.15327906332839386,-7.1106946933806645
1,1197.0,-0.19812839642639757,0.15326593112815054,-7.110810668112118
1,1198.0,-0.1981296849842733,0.15325285160536975,-7.1109261769354815
1,1199.0,-0.19813096834471455,0.15323982476005144,-7.111041219850749
1,1200.0,-0.19813224648984304,0.1532268507733041,-7.111155795255284
1,1201.0,-0.19813351897637127,0.15321393414026555,-7.1112698634119305
1,1202.0,-0.19813478666674847,0.1532010661286147,-7.111383501632313
1,1203.0,-0.19813604956097464,0.15318824673835152,-7.111496709916426
1,1204.0,-0.19813730765904977,0.15317547596947603,-7.111609488264275
1,1205.0,-0.1981385609609739,0.15316275382198827,-7.1117218366758586
1,1206.0,-0.19813980946674697,0.15315008029588817,-7.111833755151173
1,1207.0,-0.19814105317636904,0.1531374553911758,-7.111945243690224
1,1208.0,-0.19814229208984008,0.15312487910785108,-7.112056302293008
1,1209.0,-0.19814352620716008,0.1531123514459141,-7.112166930959527
1,1210.0,-0.19814475552832908,0.15309987240536477,-7.112277129689781
1,1211.0,-0.19814598005334702,0.15308744198620317,-7.112386898483764
1,1212.0,-0.19814719978221396,0.15307506018842923,-7.112496237341484
1,1213.0,-0.19814841471492983,0.15306272701204302,-7.112605146262937
1,1214.0,-0.1981496248514947,0.1530504424570445,-7.112713625248125
1,1215.0,-0.19815083019190857,0.15303820652343364,-7.112821674297049
1,1216.0,-0.19815203073617138,0.1530260192112105,-7.1129292934097
1,1217.0,-0.19815322648428316,0.15301388052037507,-7.113036482586089
1,1218.0,-0.19815441743624393,0.1530017904509273,-7.113143241826214
1,1219.0,-0.19815560359205367,0.15298974900286724,-7.113249571130069
1,1220.0,-0.19815678495171238,0.15297775617619488,-7.11335547049766
1,1221.0,-0.1981579613461326,0.1529658136845628,-7.113460924771656
1,1222.0,-0.19815913273694002,0.15295392192231017,-7.113565930512115
1,1223.0,-0.19816029971157756,0.15294207493897097,-7.113670540378547
1,1224.0,-0.19816146227004516,0.15293027273454524,-7.113774754370959
1,1225.0,-0.19816262041234287,0.15291851530903297,-7.113878572489345
1,1226.0,-0.19816377413847064,0.15290680266243417,-7.11398199473371
1,1227.0,-0.19816492344842848,0.1528951347947488,-7.1140850211040485
1,1228.0,-0.1981660683422164,0.15288351170597692,-7.114187651600361
1,1229.0,-0.1981672088198344,0.1528719333961185,-7.114289886222652
1,1230.0,-0.19816834488128252,0.15286039986517352,-7.114391724970922
1,1231.0,-0.19816947652656067,0.152848911113142,-7.114493167845165
1,1232.0,-0.19817060375566892,0.15283746714002394,-7.114594214845385
1,1233.0,-0.19817172656860726,0.15282606794581935,-7.114694865971581
1,1234.0,-0.19817284496537566,0.15281471353052822,-7.114795121223751
1,1235.0,-0.19817395894597417,0.15280340389415054,-7.1148949806019015
1,1236.0,-0.19817506851040273,0.15279213903668634,-7.114994444106026
1,1237.0,-0.1981761736586614,0.1527809189581356,-7.115093511736126
1,1238.0,-0.1981772743907501,0.15276974365849827,-7.115192183492204
1,1239.0,-0.1981783707066689,0.15275861313777445,-7.115290459374253
1,1240.0,-0.1981794626064178,0.15274752739596406,-7.115388339382283
1,1241.0,-0.19818055008999677,0.15273648643306714,-7.1154858235162886
1,1242.0,-0.19818163315740583,0.1527254902490837,-7.115582911776271
1,1243.0,-0.19818271134557378,0.15271454354091177,-7.115679562651631
1,1244.0,-0.19818378545922466,0.15270363815564314,-7.115775848279392
1,1245.0,-0.1981848555159374,0.1526927739151031,-7.115871770235359
1,1246.0,-0.19818592151571202,0.15268195081929167,-7.115967328519538
1,1247.0,-0.19818698345854846,0.1526711688682088,-7.116062523131922
1,1248.0,-0.19818804134444679,0.15266042806185456,-7.116157354072515
1,1249.0,-0.19818909517340697,0.1526497284002289,-7.116251821341318
1,1250.0,-0.198190144945429,0.1526390698833318,-7.116345924938329
1,1251.0,-0.1981911906605129,0.15262845251116333,-7.116439664863549
1,1252.0,-0.19819223231865865,0.15261787628372345,-7.116533041116974
1,1253.0,-0.19819326991986627,0.15260734120101213,-7.116626053698613
1,1254.0,-0.19819430346413575,0.15259684726302944,-7.116718702608459
1,1255.0,-0.1981953329514671,0.15258639446977532,-7.116810987846511
1,1256.0,-0.19819635838186028,0.1525759828212498,-7.116902909412771
1,1257.0,-0.19819737975531534,0.15256561231745283,-7.1169944673072445
1,1258.0,-0.19819839707183226,0.1525552829583845,-7.1170856615299245
1,1259.0,-0.19819941033141103,0.15254499474404476,-7.1171764920808105
1,1260.0,-0.19820041953405168,0.1525347476744336,-7.11726695895991
1,1261.0,-0.19820142467975416,0.15252454174955102,-7.117357062167213
1,1262.0,-0.19820242576851851,0.15251437696939704,-7.117446801702728
1,1263.0,-0.19820342280034473,0.15250425333397166,-7.117536177566448
1,1264.0,-0.19820441571661784,0.15249417143757193,-7.11762518450402
1,1265.0,-0.19820540420562924,0.15248413444403466,-7.117713794573279
1,1266.0,-0.198206388976745,0.15247413516392233,-7.117802071363173
1,1267.0,-0.1982073700299652,0.15246417359723494,-7.117890014873709
1,1268.0,-0.19820834736528972,0.1524542497439725,-7.117977625104875
1,1269.0,-0.19820932098271868,0.152444363604135,-7.118064902056684
1,1270.0,-0.19821029088225198,0.1524345151777224,-7.118151845729124
1,1271.0,-0.1982112570638897,0.15242470446473477,-7.118238456122207
1,1272.0,-0.1982122195276318,0.15241493146517207,-7.118324733235926
1,1273.0,-0.19821317827347826,0.15240519617903434,-7.118410677070279
1,1274.0,-0.19821413330142915,0.1523954986063215,-7.118496287625274
1,1275.0,-0.19821508461148438,0.15238583874703363,-7.118581564900902
1,1276.0,-0.19821603220364403,0.15237621660117068,-7.118666508897171
1,1277.0,-0.19821697607790803,0.15236663216873267,-7.118751119614073
1,1278.0,-0.19821791623427645,0.15235708544971963,-7.118835397051615
1,1279.0,-0.19821885267274925,0.1523475764441315,-7.118919341209794
1,1280.0,-0.19821978539332644,0.1523381051519683,-7.119002952088608
1,1281.0,-0.198220714396008,0.15232867157323005,-7.119086229688061
1,1282.0,-0.19822163968079393,0.15231927570791676,-7.11916917400815
1,1283.0,-0.19822256124768428,0.15230991755602838,-7.11925178504888
1,1284.0,-0.198223479096679,0.15230059711756494,-7.119334062810246
1,1285.0,-0.1982243932277781,0.15229131439252644,-7.119416007292244
1,1286.0,-0.1982253036409816,0.1522820693809129,-7.119497618494884
1,1287.0,-0.1982262100241494,0.1522728652491336,-7.1195788684373165
1,1288.0,-0.19822711274436555,0.1522636982785089,-7.119659790025675
1,1289.0,-0.19822801206610585,0.15225456578738925,-7.119740406968072
1,1290.0,-0.19822890798937035,0.1522454677757747,-7.119820719264516
1,1291.0,-0.198229800514159,0.15223640424366516,-7.119900726915009
1,1292.0,-0.1982306896404718,0.15222737519106072,-7.119980429919543
1,1293.0,-0.19823157536830877,0.15221838061796134,-7.120059828278119
1,1294.0,-0.19823245769766992,0.152209420524367,-7.120138921990745
1,1295.0,-0.19823333662855522,0.15220049491027773,-7.120217711057412
1,1296.0,-0.19823421216096468,0.15219160377569355,-7.120296195478126
1,1297.0,-0.1982350842948983,0.15218274712061441,-7.120374375252883
1,1298.0,-0.1982359530303561,0.15217392494504034,-7.120452250381685
1,1299.0,-0.19823681836733806,0.15216513724897135,-7.12052982086453
1,1300.0,-0.19823768030584416,0.15215638403240742,-7.120607086701421
1,1301.0,-0.19823853884587445,0.15214766529534854,-7.120684047892358
1,1302.0,-0.1982393939874289,0.15213898103779472,-7.12076070443734
1,1303.0,-0.1982402457305075,0.15213033125974598,-7.120837056336363
1,1304.0,-0.19824109407511029,0.1521217159612023,-7.120913103589433
1,1305.0,-0.1982419390212372,0.15211313514216368,-7.120988846196547
1,1306.0,-0.1982427805688883,0.15210458880263011,-7.121064284157706
1,1307.0,-0.1982436187180636,0.15209607694260163,-7.121139417472912
1,1308.0,-0.19824445346876302,0.1520875995620782,-7.121214246142163
1,1309.0,-0.1982452848209866,0.15207915666105984,-7.121288770165455
1,1310.0,-0.198246112528372,0.15207075073901782,-7.121362967458394
1,1311.0,-0.19824693678517474,0.15206237982902515,-7.121436855434421
1,1312.0,-0.19824775794387114,0.1520540403564211,-7.121510465690197
1,1313.0,-0.1982485760044612,0.1520457323212056,-7.121583798225719
1,1314.0,-0.19824939096694486,0.15203745572337873,-7.121656853040984
1,1315.0,-0.19825020283132216,0.15202921056294044,-7.121729630135996
1,1316.0,-0.19825101159759312,0.1520209968398908,-7.121802129510757
1,1317.0,-0.1982518172657577,0.15201281455422969,-7.1218743511652605
1,1318.0,-0.19825261983581594,0.15200466370595722,-7.121946295099514
1,1319.0,-0.1982534193077678,0.15199654429507334,-7.12201796131351
1,1320.0,-0.19825421568161328,0.15198845632157806,-7.122089349807252
1,1321.0,-0.19825500895735243,0.15198039978547137,-7.12216046058074
1,1322.0,-0.1982557991349852,0.1519723746867533,-7.122231293633975
1,1323.0,-0.1982565862145116,0.1519643810254238,-7.122301848966956
1,1324.0,-0.19825737019593165,0.15195641880148292,-7.122372126579683
1,1325.0,-0.19825815107924533,0.15194848801493063,-7.122442126472156
1,1326.0,-0.19825892886445265,0.15194058866576693,-7.122511848644374
1,1327.0,-0.19825970355155362,0.15193272075399186,-7.1225812930963395
1,1328.0,-0.1982604751405482,0.15192488427960535,-7.122650459828048
1,1329.0,-0.19826124363143643,0.15191707924260747,-7.1227193488395075
1,1330.0,-0.1982620090242183,0.15190930564299818,-7.122787960130709
1,1331.0,-0.1982627713188938,0.1519015634807775,-7.1228562937016555
1,1332.0,-0.19826353051546294,0.15189385275594539,-7.122924349552351
1,1333.0,-0.19826428661392573,0.1518861734685019,-7.1229921276827906
1,1334.0,-0.19826503930006026,0.1518785288072786,-7.123059599925516
1,1335.0,-0.19826578895729086,0.15187091488514515,-7.123126800651431
1,1336.0,-0.1982665357983121,0.15186332954443063,-7.123193748926883
1,1337.0,-0.198267279823124,0.15185577278513504,-7.123260444751877
1,1338.0,-0.19826802103172655,0.15184824460725835,-7.12332688812641
1,1339.0,-0.19826875942411978,0.15184074501080058,-7.123393079050489
1,1340.0,-0.1982694950003037,0.15183327399576174,-7.123459017524107
1,1341.0,-0.19827022776027825,0.1518258315621418,-7.123524703547266
1,1342.0,-0.19827095770404346,0.1518184177099408,-7.123590137119964
1,1343.0,-0.19827168483159935,0.15181103243915872,-7.123655318242206
1,1344.0,-0.1982724091429459,0.15180367574979553,-7.12372024691399
1,1345.0,-0.19827313063808308,0.1517963476418513,-7.123784923135312
1,1346.0,-0.19827384931701095,0.15178904811532595,-7.123849346906176
1,1347.0,-0.1982745651797295,0.15178177717021957,-7.123913518226586
1,1348.0,-0.19827527822623867,0.15177453480653205,-7.12397743709653
1,1349.0,-0.19827598845653854,0.1517673210242635,-7.124041103516021
1,1350.0,-0.19827669587062904,0.15176013582341386,-7.124104517485048
1,1351.0,-0.19827740046851022,0.15175297920398312,-7.12416767900362
1,1352.0,-0.19827810225018208,0.1517458511659713,-7.124230588071735
1,1353.0,-0.1982788012156446,0.1517387517093784,-7.1242932446893885
1,1354.0,-0.19827949736489775,0.15173168083420444,-7.124355648856582
1,1355.0,-0.1982801906979416,0.15172463854044937,-7.124417800573317
1,1356.0,-0.19828088121477608,0.15171762482811324,-7.124479699839594
1,1357.0,-0.19828156891540122,0.15171063969719603,-7.12454134665541
1,1358.0,-0.1982822537388147,0.151703683766748,-7.124602735552402
1,1359.0,-0.19828293541793626,0.15169675974909103,-7.124663842588977
1,1360.0,-0.19828361454485582,0.15168986163730397,-7.124724720841224
1,1361.0,-0.19828429111957332,0.15168298943138686,-7.124785370309134
1,1362.0,-0.1982849651420888,0.1516761431313397,-7.124845790992712
1,1363.0,-0.19828563661240226,0.1516693227371625,-7.124905982891956
1,1364.0,-0.19828630553051366,0.1516625282488552,-7.124965946006871
1,1365.0,-0.19828697189642303,0.15165575966641787,-7.125025680337449
1,1366.0,-0.1982876357101304,0.15164901698985048,-7.125085185883697
1,1367.0,-0.1982882969716357,0.15164230021915304,-7.125144462645613
1,1368.0,-0.19828895568093896,0.15163560935432552,-7.125203510623192
1,1369.0,-0.1982896118380402,0.15162894439536795,-7.125262329816439
1,1370.0,-0.19829026544293943,0.15162230534228033,-7.1253209202253585
1,1371.0,-0.1982909164956366,0.15161569219506263,-7.12537928184994
1,1372.0,-0.19829156499613174,0.15160910495371488,-7.125437414690189
1,1373.0,-0.19829221094442484,0.15160254361823708,-7.125495318746106
1,1374.0,-0.1982928543405159,0.15159600818862923,-7.125552994017689
1,1375.0,-0.19829349518440495,0.1515894986648913,-7.12561044050494
1,1376.0,-0.19829413347609195,0.15158301504702335,-7.125667658207861
1,1377.0,-0.19829476921557693,0.15157655733502529,-7.125724647126447
1,1378.0,-0.19829540240285987,0.1515701255288972,-7.1257814072607
1,1379.0,-0.19829603303794077,0.15156371962863904,-7.12583793861062
1,1380.0,-0.19829666112081965,0.15155733963425083,-7.125894241176207
1,1381.0,-0.19829728665149648,0.15155098554573257,-7.125950314957462
1,1382.0,-0.1982979096299713,0.15154465736308426,-7.126006159954386
1,1383.0,-0.19829853005624407,0.15153835508630586,-7.1260617761669725
1,1384.0,-0.1982991475844048,0.1515320822271663,-7.126117132587189
1,1385.0,-0.1982997626957519,0.15152583390272184,-7.126172272359547
1,1386.0,-0.19830037550160162,0.15151960898323,-7.126227205462657
1,1387.0,-0.19830098600195398,0.15151340746869074,-7.126281931896517
1,1388.0,-0.19830159419680898,0.15150722935910407,-7.126336451661129
1,1389.0,-0.1983022000861666,0.15150107465447,-7.126390764756494
1,1390.0,-0.19830280367002687,0.15149494335478852,-7.126444871182609
1,1391.0,-0.19830340494838974,0.15148883546005965,-7.126498770939474
1,1392.0,-0.19830400392125527,0.15148275097028335,-7.1265524640270925
1,1393.0,-0.19830460058862343,0.15147668988545965,-7.12660595044546
1,1394.0,-0.1983051949504942,0.15147065220558856,-7.12665923019458
1,1395.0,-0.19830578700686763,0.15146463793067005,-7.126712303274451
1,1396.0,-0.19830637675774368,0.15145864706070417,-7.126765169685073
1,1397.0,-0.19830696420312235,0.15145267959569084,-7.1268178294264475
1,1398.0,-0.19830754934300368,0.15144673553563012,-7.1268702824985715
1,1399.0,-0.19830813217738763,0.15144081488052202,-7.1269225289014475
1,1400.0,-0.1983087127062742,0.15143491763036648,-7.126974568635073
1,1401.0,-0.19830929092966343,0.15142904378516356,-7.127026401699452
1,1402.0,-0.19830986684755528,0.15142319334491322,-7.127078028094584
1,1403.0,-0.19831044045994978,0.15141736630961547,-7.127129447820465
1,1404.0,-0.19831101176684687,0.15141156267927033,-7.1271806608770945
1,1405.0,-0.19831158076824662,0.15140578245387779,-7.127231667264478
1,1406.0,-0.19831214746414902,0.15140002563343782,-7.127282466982617
1,1407.0,-0.198312711854554,0.15139429221795048,-7.1273330600315
1,1408.0,-0.19831327393946166,0.15138858220741572,-7.127383446411137
1,1409.0,-0.19831383371887196,0.15138289560183354,-7.127433626121527
1,1410.0,-0.1983143909038069,0.15137723533525155,-7.1274835732581225
1,1411.0,-0.19831494582885845,0.1513715980130177,-7.127533317814392
1,1412.0,-0.19831549867840562,0.15136598176360444,-7.127582876318433
1,1413.0,-0.19831604945244846,0.15136038658701176,-7.127632248770246
1,1414.0,-0.19831659815098696,0.15135481248323965,-7.127681435169827
1,1415.0,-0.19831714477402113,0.15134925945228814,-7.127730435517185
1,1416.0,-0.19831768932155094,0.1513437274941572,-7.127779249812309
1,1417.0,-0.1983182317935764,0.15133821660884683,-7.127827878055206
1,1418.0,-0.19831877219009753,0.15133272679635706,-7.127876320245874
1,1419.0,-0.19831931051111432,0.15132725805668784,-7.127924576384318
1,1420.0,-0.19831984675662676,0.15132181038983922,-7.127972646470525
1,1421.0,-0.19832038092663487,0.1513163837958112,-7.12802053050451
1,1422.0,-0.1983209130211386,0.1513109782746037,-7.128068228486263
1,1423.0,-0.19832144304013802,0.15130559382621683,-7.128115740415789
1,1424.0,-0.19832197098363308,0.15130023045065052,-7.128163066293084
1,1425.0,-0.19832249685162381,0.15129488814790482,-7.128210206118154
1,1426.0,-0.1983230206441102,0.15128956691797965,-7.128257159890994
1,1427.0,-0.19832354236109223,0.15128426676087509,-7.128303927611603
1,1428.0,-0.19832406200256994,0.15127898767659112,-7.1283505092799855
1,1429.0,-0.19832457956854327,0.1512737296651277,-7.128396904896137
1,1430.0,-0.19832509505901227,0.15126849272648488,-7.128443114460059
1,1431.0,-0.19832560847397696,0.15126327686066263,-7.128489137971758
1,1432.0,-0.19832611981343726,0.15125808206766095,-7.128534975431223
1,1433.0,-0.19832662907739323,0.15125290834747987,-7.128580626838463
1,1434.0,-0.1983271362658449,0.15124775570011936,-7.128626092193472
1,1435.0,-0.19832764137879216,0.15124262412557943,-7.128671371496253
1,1436.0,-0.1983281444162351,0.1512375136238601,-7.128716464746806
1,1437.0,-0.19832864510272546,0.15123242699200679,-7.1287613472534135
1,1438.0,-0.1983291437446281,0.15122736112114973,-7.128806046479219
1,1439.0,-0.1983296405249021,0.15122231415386972,-7.1288505788250305
1,1440.0,-0.19833013544354752,0.15121728609016674,-7.128894944290851
1,1441.0,-0.19833062850056435,0.15121227693004083,-7.128939142876677
1,1442.0,-0.19833111969595257,0.15120728667349195,-7.128983174582509
1,1443.0,-0.1983316090297122,0.15120231532052011,-7.129027039408352
1,1444.0,-0.19833209650184322,0.15119736287112534,-7.1290707373542
1,1445.0,-0.19833258211234564,0.1511924293253076,-7.129114268420055
1,1446.0,-0.1983330658612195,0.1511875146830669,-7.129157632605919
1,1447.0,-0.19833354774846473,0.15118261894440327,-7.129200829911792
1,1448.0,-0.19833402777408135,0.15117774210931667,-7.129243860337668
1,1449.0,-0.1983345059380694,0.15117288417780714,-7.129286723883553
1,1450.0,-0.19833498224042886,0.1511680451498746,-7.129329420549448
1,1451.0,-0.1983354566811597,0.15116322502551915,-7.129371950335347
1,1452.0,-0.19833592926026195,0.15115842380474076,-7.129414313241253
1,1453.0,-0.1983363999777356,0.15115364148753938,-7.129456509267171
1,1454.0,-0.19833686883358065,0.15114887807391508,-7.129498538413092
1,1455.0,-0.1983373358277971,0.1511441335638678,-7.129540400679021
1,1456.0,-0.19833780096038497,0.15113940795739758,-7.129582096064959
1,1457.0,-0.19833826423134424,0.1511347012545044,-7.129623624570902
1,1458.0,-0.1983387256406749,0.15113001345518826,-7.129664986196853
1,1459.0,-0.19833918518837698,0.15112534455944918,-7.129706180942814
1,1460.0,-0.19833964287445044,0.15112069456728713,-7.129747208808779
1,1461.0,-0.19834009869889532,0.15111606347870213,-7.1297880697947535
1,1462.0,-0.1983405526617116,0.1511114512936942,-7.129828763900735
1,1463.0,-0.1983410047628993,0.15110685801226328,-7.129869291126723
1,1464.0,-0.19834145500245837,0.15110228363440945,-7.129909651472721
1,1465.0,-0.1983419030968347,0.15109773103988816,-7.1299498195203785
1,1466.0,-0.19834234938112966,0.1510931968273026,-7.12998982530884
1,1467.0,-0.19834279400215177,0.15108867950599755,-7.1300296819983
1,1468.0,-0.19834323695990103,0.15108417907597302,-7.130069389588764
1,1469.0,-0.1983436782543774,0.151079695537229,-7.130108948080222
1,1470.0,-0.19834411788558093,0.15107522888976552,-7.130148357472681
1,1471.0,-0.19834455585351157,0.15107077913358252,-7.130187617766138
1,1472.0,-0.19834499215816936,0.15106634626868007,-7.130226728960598
1,1473.0,-0.19834542679955428,0.1510619302950581,-7.130265691056054
1,1474.0,-0.19834585977766633,0.15105753121271667,-7.130304504052509
1,1475.0,-0.19834629109250554,0.15105314902165576,-7.130343167949969
1,1476.0,-0.19834672074407186,0.15104878372187536,-7.130381682748422
1,1477.0,-0.19834714873236534,0.15104443531337547,-7.130420048447877
1,1478.0,-0.19834757505738593,0.1510401037961561,-7.130458265048332
1,1479.0,-0.19834799971913367,0.15103578917021723,-7.130496332549784
1,1480.0,-0.19834842271760855,0.1510314914355589,-7.1305342509522385
1,1481.0,-0.19834884405281056,0.15102721059218108,-7.13057202025569
1,1482.0,-0.19834926372473968,0.15102294664008378,-7.130609640460141
1,1483.0,-0.19834968173339598,0.15101869957926697,-7.130647111565594
1,1484.0,-0.1983500980787794,0.1510144694097307,-7.130684433572045
1,1485.0,-0.19835051276088994,0.15101025613147495,-7.130721606479494
1,1486.0,-0.19835092577972763,0.15100605974449968,-7.130758630287945
1,1487.0,-0.19835133713529246,0.15100188024880495,-7.130795504997394
1,1488.0,-0.1983517468275844,0.15099771764439074,-7.13083223060784
1,1489.0,-0.1983521548566035,0.15099357193125706,-7.13086880711929
1,1490.0,-0.19835256122234973,0.15098944310940388,-7.130905234531735
1,1491.0,-0.19835296592482313,0.1509853311788312,-7.130941512845186
1,1492.0,-0.1983533689640236,0.15098123613953904,-7.130977642059629
1,1493.0,-0.19835377033995125,0.15097715799152742,-7.1310136221750735
1,1494.0,-0.19835416976343034,0.1509730996720078,-7.131049427269251
1,1495.0,-0.19835456759193026,0.15096905755172899,-7.131085089386407
1,1496.0,-0.19835496394059274,0.15096503046140086,-7.131120618848068
1,1497.0,-0.1983553588094178,0.1509610184010235,-7.131156015654237
1,1498.0,-0.19835575219840537,0.15095702137059686,-7.131191279804907
1,1499.0,-0.1983561441075555,0.15095303937012094,-7.131226411300084
1,1500.0,-0.1983565345368682,0.15094907239959576,-7.131261410139766
1,1501.0,-0.19835692348634346,0.15094512045902134,-7.1312962763239565
1,1502.0,-0.19835731095598125,0.1509411835483976,-7.131331009852649
1,1503.0,-0.19835769694578162,0.15093726166772461,-7.131365610725851
1,1504.0,-0.19835808145574452,0.15093335481700237,-7.131400078943555
1,1505.0,-0.19835846448586997,0.15092946299623086,-7.131434414505764
1,1506.0,-0.198358846036158,0.15092558620541005,-7.131468617412481
1,1507.0,-0.19835922610660855,0.15092172444454,-7.131502687663702
1,1508.0,-0.1983596046972217,0.15091787771362067,-7.131536625259431
1,1509.0,-0.19835998180799735,0.15091404601265207,-7.131570430199658
1,1510.0,-0.1983603574389356,0.1509102293416342,-7.131604102484398
1,1511.0,-0.1983607315900364,0.15090642770056706,-7.131637642113645
1,1512.0,-0.19836110426129971,0.15090264108945067,-7.13167104908739
1,1513.0,-0.19836147545272562,0.150898869508285,-7.131704323405649
1,1514.0,-0.19836184516431407,0.15089511295707006,-7.131737465068406
1,1515.0,-0.19836221339606505,0.15089137143580583,-7.13177047407567
1,1516.0,-0.1983625801479786,0.15088764494449236,-7.131803350427443
1,1517.0,-0.19836294542005473,0.15088393348312962,-7.131836094123722
1,1518.0,-0.19836330921229336,0.1508802370517176,-7.131868705164502
1,1519.0,-0.19836367152469458,0.15087655565025632,-7.131901183549788
1,1520.0,-0.19836403235725836,0.15087288927874576,-7.131933529279582
1,1521.0,-0.19836439170998468,0.15086923793718593,-7.131965742353882
1,1522.0,-0.19836474958287356,0.15086560162557686,-7.131997822772686
1,1523.0,-0.198365105975925,0.15086198034391848,-7.132029770535997
1,1524.0,-0.19836546061886068,0.1508583768377395,-7.13206156141554
1,1525.0,-0.1983658138288177,0.15085478788684378,-7.132093223840104
1,1526.0,-0.19836616572805407,0.15085121224952247,-7.1321247687691285
1,1527.0,-0.19836651631656976,0.1508476499257755,-7.132156196202616
1,1528.0,-0.19836686559436478,0.15084410091560296,-7.132187506140561
1,1529.0,-0.1983672135614391,0.15084056521900477,-7.132218698582964
1,1530.0,-0.19836756021779278,0.15083704283598098,-7.132249773529833
1,1531.0,-0.1983679055634258,0.15083353376653158,-7.132280730981159
1,1532.0,-0.19836824959833813,0.1508300380106566,-7.13231157093695
1,1533.0,-0.19836859232252976,0.15082655556835595,-7.132342293397197
1,1534.0,-0.19836893373600076,0.1508230864396297,-7.132372898361906
1,1535.0,-0.19836927383875108,0.15081963062447784,-7.1324033858310765
1,1536.0,-0.1983696126307807,0.15081618812290037,-7.132433755804708
1,1537.0,-0.1983699501120897,0.1508127589348973,-7.1324640082828
1,1538.0,-0.198370286282678,0.1508093430604686,-7.132494143265352
1,1539.0,-0.1983706211425456,0.15080594049961427,-7.132524160752365
1,1540.0,-0.19837095469169258,0.15080255125233433,-7.132554060743839
1,1541.0,-0.19837128693011888,0.1507991753186288,-7.132583843239776
1,1542.0,-0.19837161785782448,0.15079581269849765,-7.132613508240171
1,1543.0,-0.19837194747480943,0.15079246339194086,-7.132643055745028
1,1544.0,-0.1983722757810737,0.15078912739895847,-7.132672485754344
1,1545.0,-0.1983726027766173,0.15078580471955047,-7.132701798268122
1,1546.0,-0.19837292846144025,0.15078249535371688,-7.132730993286364
1,1547.0,-0.1983732528355425,0.15077919930145764,-7.132760070809061
1,1548.0,-0.1983735758989241,0.1507759165627728,-7.13278903083622
1,1549.0,-0.198373897651585,0.15077264713766234,-7.1328178733678405
1,1550.0,-0.19837421809352526,0.15076939102612627,-7.1328465984039235
1,1551.0,-0.19837453722474482,0.1507661482281646,-7.1328752059444644
1,1552.0,-0.19837485504524374,0.15076291874377729,-7.132903695989468
1,1553.0,-0.19837517155502196,0.1507597025729644,-7.132932068538932
1,1554.0,-0.19837548675407954,0.15075649971572586,-7.132960323592857
1,1555.0,-0.19837580044056538,0.1507533122226209,-7.132988443056924
1,1556.0,-0.1983761127690541,0.15075013852430766,-7.133016440787495
1,1557.0,-0.19837642394222338,0.15074697656210564,-7.133044334952998
1,1558.0,-0.1983767339600733,0.15074382633601482,-7.133072125553436
1,1559.0,-0.19837704282260382,0.15074068784603528,-7.133099812588806
1,1560.0,-0.19837735052981498,0.15073756109216693,-7.13312739605911
1,1561.0,-0.1983776570817067,0.1507344460744098,-7.133154875964344
1,1562.0,-0.19837796247827907,0.15073134279276393,-7.133182252304511
1,1563.0,-0.19837826671953201,0.15072825124722927,-7.133209525079609
1,1564.0,-0.1983785698054656,0.15072517143780584,-7.133236694289643
1,1565.0,-0.19837887173607976,0.15072210336449363,-7.1332637599346045
1,1566.0,-0.19837917251137455,0.15071904702729266,-7.133290722014503
1,1567.0,-0.19837947213134993,0.1507160024262029,-7.133317580529331
1,1568.0,-0.19837977059600595,0.15071296956122437,-7.133344335479092
1,1569.0,-0.19838006790534254,0.15070994843235708,-7.1333709868637865
1,1570.0,-0.19838036405935977,0.15070693903960103,-7.1333975346834135
1,1571.0,-0.1983806590580576,0.15070394138295617,-7.13342397893797
1,1572.0,-0.19838095290143604,0.15070095546242257,-7.133450319627461
1,1573.0,-0.19838124558949508,0.15069798127800016,-7.1334765567518845
1,1574.0,-0.19838153712223475,0.150695018829689,-7.133502690311241
1,1575.0,-0.198381827499655,0.15069206811748906,-7.1335287203055255
1,1576.0,-0.19838211672175587,0.15068912914140037,-7.133554646734748
1,1577.0,-0.19838240478853736,0.15068620190142287,-7.133580469598901
1,1578.0,-0.19838269169999945,0.15068328639755663,-7.133606188897988
1,1579.0,-0.19838297745614214,0.1506803826298016,-7.133631804632004
1,1580.0,-0.19838326205696544,0.1506774905981578,-7.133657316800955
1,1581.0,-0.19838354550246937,0.15067461030262524,-7.133682725404838
1,1582.0,-0.19838382779265387,0.15067174174320389,-7.133708030443651
1,1583.0,-0.198384108927519,0.15066888491989378,-7.133733231917399
1,1584.0,-0.19838438890706475,0.1506660398326949,-7.13375832982608
1,1585.0,-0.1983846677312911,0.15066320648160722,-7.133783324169691
1,1586.0,-0.19838494540019805,0.15066038486663078,-7.1338082149482345
1,1587.0,-0.19838522187056676,0.15065757542683003,-7.133832998287489
1,1588.0,-0.1983854969239921,0.15065478038151953,-7.133857654609198
1,1589.0,-0.198385770964388,0.15065199562770867,-7.133882220120983
1,1590.0,-0.19838604399175447,0.15064922116539745,-7.1339066948228504
1,1591.0,-0.1983863160060915,0.15064645699458584,-7.133931078714795
1,1592.0,-0.19838658700739908,0.15064370311527386,-7.133955371796819
1,1593.0,-0.19838685699567726,0.15064095952746154,-7.1339795740689285
1,1594.0,-0.19838712597092598,0.1506382262311488,-7.134003685531113
1,1595.0,-0.19838739393314525,0.15063550322633573,-7.134027706183372
1,1596.0,-0.1983876608823351,0.15063279051302228,-7.134051636025716
1,1597.0,-0.1983879268184955,0.15063008809120845,-7.134075475058141
1,1598.0,-0.19838819174162647,0.15062739596089425,-7.13409922328064
1,1599.0,-0.19838845565172802,0.15062471412207967,-7.134122880693224
1,1600.0,-0.1983887185488001,0.15062204257476472,-7.134146447295885
1,1601.0,-0.19838898043284278,0.1506193813189494,-7.134169923088626
1,1602.0,-0.198389241303856,0.15061673035463372,-7.134193308071444
1,1603.0,-0.1983895011618398,0.15061408968181766,-7.1342166022443445
1,1604.0,-0.19838976000679412,0.15061145930050124,-7.134239805607321
1,1605.0,-0.19839001783871904,0.15060883921068444,-7.134262918160381
1,1606.0,-0.19839027465761452,0.15060622941236726,-7.13428593990352
1,1607.0,-0.19839053046348057,0.1506036299055497,-7.134308870836737
1,1608.0,-0.19839078525631718,0.15060104069023178,-7.134331710960034
1,1609.0,-0.19839103903612432,0.1505984617664135,-7.13435446027341
1,1610.0,-0.19839129180290205,0.15059589313409483,-7.1343771187768645
1,1611.0,-0.19839154355665034,0.1505933347932758,-7.134399686470399
1,1612.0,-0.1983917942973692,0.1505907867439564,-7.1344221633540155
1,1613.0,-0.1983920440250586,0.15058824898613662,-7.134444549427709
1,1614.0,-0.19839229273971862,0.15058572151981647,-7.134466844691483
1,1615.0,-0.19839254044134916,0.15058320434499597,-7.134489049145336
1,1616.0,-0.19839278712995026,0.15058069746167507,-7.134511162789268
1,1617.0,-0.19839303280552192,0.15057820086985382,-7.1345331856232805
1,1618.0,-0.19839327746806415,0.15057571456953217,-7.1345551176473725
1,1619.0,-0.19839352111757697,0.15057323856071017,-7.134576958861544
1,1620.0,-0.19839376375406031,0.1505707728433878,-7.134598709265792
1,1621.0,-0.19839400526290424,0.15056831858202688,-7.134620358586263
1,1622.0,-0.19839424560828006,0.15056587614117772,-7.134641903611196
1,1623.0,-0.1983944850704098,0.15056344267399088,-7.13466336946024
1,1624.0,-0.19839472364929348,0.15056101818046635,-7.134684756133396
1,1625.0,-0.19839496134493104,0.15055860266060414,-7.134706063630661
1,1626.0,-0.19839519815732254,0.15055619611440424,-7.13472729195204
1,1627.0,-0.19839543408646795,0.15055379854186662,-7.134748441097526
1,1628.0,-0.19839566913236728,0.15055140994299135,-7.134769511067126
1,1629.0,-0.19839590329502052,0.15054903031777836,-7.134790501860836
1,1630.0,-0.19839613657442767,0.1505466596662277,-7.134811413478652
1,1631.0,-0.19839636897058874,0.15054429798833935,-7.134832245920583
1,1632.0,-0.19839660048350374,0.1505419452841133,-7.134852999186623
1,1633.0,-0.19839683111317266,0.15053960155354956,-7.1348736732767755
1,1634.0,-0.19839706085959546,0.15053726679664814,-7.134894268191037
1,1635.0,-0.1983972897227722,0.150534941013409,-7.134914783929408
1,1636.0,-0.19839751770270286,0.1505326242038322,-7.134935220491892
1,1637.0,-0.19839774479938746,0.1505303163679177,-7.134955577878484
1,1638.0,-0.19839797101282594,0.15052801750566552,-7.1349758560891905
1,1639.0,-0.19839819634301836,0.15052572761707564,-7.134996055124006
1,1640.0,-0.19839842078996467,0.15052344670214807,-7.135016174982928
1,1641.0,-0.19839864435366492,0.1505211747608828,-7.135036215665965
1,1642.0,-0.19839886703411908,0.15051891179327986,-7.135056177173113
1,1643.0,-0.19839908883132715,0.15051665779933923,-7.13507605950437
1,1644.0,-0.19839930974528913,0.1505144127790609,-7.135095862659736
1,1645.0,-0.19839952977600506,0.15051217673244488,-7.135115586639216
1,1646.0,-0.19839974892347487,0.1505099496594912,-7.1351352314428045
1,1647.0,-0.19839996718769862,0.15050773156019978,-7.135154797070505
1,1648.0,-0.19840018456867628,0.15050552243457072,-7.135174283522317
1,1649.0,-0.19840040106640786,0.15050332228260394,-7.135193690798237
1,1650.0,-0.19840061668089334,0.15050113110429947,-7.135213018898268
1,1651.0,-0.19840083141213274,0.15049894889965731,-7.135232267822409
1,1652.0,-0.19840104526012609,0.15049677566867747,-7.135251437570665
1,1653.0,-0.1984012582248733,0.15049461141135992,-7.1352705281430255
1,1654.0,-0.19840147030637448,0.1504924561277047,-7.135289539539501
1,1655.0,-0.19840168150462956,0.15049030981771178,-7.135308471760086
1,1656.0,-0.1984018917942238,0.15048817273961376,-7.135327322526553
1,1657.0,-0.1984021009408431,0.15048604727454268,-7.135346070834536
1,1658.0,-0.19840230932209824,0.15048392958598,-7.13536475053379
1,1659.0,-0.19840251693798922,0.15048181967392577,-7.135383361624319
1,1660.0,-0.198402723788516,0.15047971753837996,-7.135401904106121
1,1661.0,-0.19840292987367864,0.15047762317934257,-7.135420377979198
1,1662.0,-0.19840313519347708,0.15047553659681362,-7.135438783243545
1,1663.0,-0.19840333974791136,0.1504734577907931,-7.135457119899169
1,1664.0,-0.19840354353698147,0.15047138676128102,-7.135475387946063
1,1665.0,-0.19840374656068743,0.15046932350827738,-7.135493587384237
1,1666.0,-0.1984039488190292,0.15046726803178215,-7.13551171821368
1,1667.0,-0.19840415031200678,0.15046522033179535,-7.135529780434394
1,1668.0,-0.1984043510396202,0.150463180408317,-7.135547774046384
1,1669.0,-0.19840455100186946,0.15046114826134707,-7.135565699049649
1,1670.0,-0.19840475019875456,0.15045912389088556,-7.135583555444186
1,1671.0,-0.19840494863027547,0.15045710729693249,-7.135601343229998
1,1672.0,-0.19840514629643222,0.15045509847948785,-7.135619062407083
1,1673.0,-0.19840534319722478,0.15045309743855162,-7.135636712975441
1,1674.0,-0.19840553933265317,0.15045110417412386,-7.135654294935071
1,1675.0,-0.1984057347027174,0.1504491186862045,-7.135671808285979
1,1676.0,-0.19840592930741746,0.1504471409747936,-7.135689253028156
1,1677.0,-0.19840612314675335,0.1504451710398911,-7.135706629161607
1,1678.0,-0.19840631622072508,0.15044320888149704,-7.135723936686334
1,1679.0,-0.19840650852933261,0.1504412544996114,-7.135741175602333
1,1680.0,-0.198406700072576,0.1504393078942342,-7.135758345909607
1,1681.0,-0.19840689085045518,0.15043736906536545,-7.1357754476081485
1,1682.0,-0.1984070808629702,0.1504354380130051,-7.135792480697969
1,1683.0,-0.19840727011012108,0.15043351473715322,-7.135809445179062
1,1684.0,-0.19840745859190775,0.15043159923780974,-7.1358263410514295
1,1685.0,-0.19840764630833027,0.1504296915149747,-7.135843168315069
1,1686.0,-0.19840783325938863,0.15042779156864808,-7.135859926969983
1,1687.0,-0.1984080194450828,0.1504258993988299,-7.13587661701617
1,1688.0,-0.1984082048654128,0.15042401500552013,-7.135893238453631
1,1689.0,-0.19840838952037862,0.15042213838871882,-7.135909791282363
1,1690.0,-0.1984085734099803,0.15042026954842594,-7.135926275502373
1,1691.0,-0.19840875653421777,0.15041840848464147,-7.135942691113652
1,1692.0,-0.1984089388930911,0.15041655519736544,-7.135959038116209
1,1693.0,-0.19840912041534894,0.1504147104106217,-7.135975310122932
1,1694.0,-0.19840930098725792,0.15041287528042774,-7.135991496938542
1,1695.0,-0.19840948090038849,0.15041104684417134,-7.136007624699981
1,1696.0,-0.19840966015474062,0.15040922510185248,-7.136023693407243
1,1697.0,-0.19840983875031434,0.1504074100534712,-7.136039703060334
1,1698.0,-0.19841001668710967,0.15040560169902747,-7.136055653659255
1,1699.0,-0.19841019396512657,0.1504038000385213,-7.136071545204002
1,1700.0,-0.1984103705843651,0.1504020050719527,-7.136087377694576
1,1701.0,-0.19841054654482518,0.15040021679932167,-7.136103151130978
1,1702.0,-0.19841072184650685,0.1503984352206282,-7.1361188655132075
1,1703.0,-0.19841089648941013,0.1503966603358723,-7.136134520841266
1,1704.0,-0.19841107047353498,0.15039489214505394,-7.13615011711515
1,1705.0,-0.19841124379888142,0.15039313064817314,-7.136165654334864
1,1706.0,-0.19841141646544946,0.15039137584522994,-7.1361811325004005
1,1707.0,-0.1984115884732391,0.15038962773622425,-7.136196551611767
1,1708.0,-0.1984117598222503,0.15038788632115616,-7.13621191166896
1,1709.0,-0.1984119305124831,0.1503861516000256,-7.136227212671982
1,1710.0,-0.1984121005439375,0.15038442357283263,-7.136242454620831
1,1711.0,-0.19841226991661345,0.15038270223957723,-7.136257637515508
1,1712.0,-0.19841243863051103,0.1503809876002594,-7.136272761356011
1,1713.0,-0.19841260668563018,0.1503792796548791,-7.136287826142343
1,1714.0,-0.19841277408197092,0.15037757840343635,-7.136302831874502
1,1715.0,-0.19841294081953326,0.1503758838459312,-7.136317778552489
1,1716.0,-0.19841310689831718,0.1503741959823636,-7.136332666176302
1,1717.0,-0.1984132723183227,0.15037251481273356,-7.1363474947459435
1,1718.0,-0.1984134370795498,0.1503708403370411,-7.136362264261414
1,1719.0,-0.1984136011819985,0.15036917255528617,-7.13637697472271
1,1720.0,-0.19841376462566876,0.15036751146746882,-7.13639162612983
1,1721.0,-0.19841392741056063,0.15036585707358902,-7.136406218482784
1,1722.0,-0.1984140895366741,0.1503642093736468,-7.136420751781563
1,1723.0,-0.19841425100400914,0.15036256836764214,-7.136435226026168
1,1724.0,-0.19841441181256578,0.15036093405557502,-7.136449641216601
1,1725.0,-0.19841457196234402,0.1503593064374455,-7.136463997352863
1,1726.0,-0.19841473145334382,0.15035768551325351,-7.136478294434952
1,1727.0,-0.19841489028556522,0.1503560712829991,-7.136492532462868
1,1728.0,-0.19841504845900823,0.15035446374668224,-7.136506711436612
1,1729.0,-0.1984152059736728,0.15035286290430294,-7.136520831356182
1,1730.0,-0.19841536282955896,0.15035126875586122,-7.136534892221581
1,1731.0,-0.19841551902666674,0.15034968130135706,-7.136548894032807
1,1732.0,-0.19841567438782756,0.1503481023412555,-7.13656282090813
1,1733.0,-0.19841582906145028,0.15034653036771004,-7.1365766861512085
1,1734.0,-0.19841598317218753,0.15034496411402648,-7.13659050093614
1,1735.0,-0.1984161367200393,0.15034340358020476,-7.13660426526293
1,1736.0,-0.19841628970500558,0.15034184876624496,-7.136617979131572
1,1737.0,-0.19841644212708637,0.150340299672147,-7.1366316425420715
1,1738.0,-0.19841659398628167,0.15033875629791094,-7.1366452554944235
1,1739.0,-0.19841674528259148,0.15033721864353675,-7.136658817988629
1,1740.0,-0.1984168960160158,0.15033568670902442,-7.136672330024692
1,1741.0,-0.19841704618655465,0.15033416049437398,-7.136685791602609
1,1742.0,-0.198417195794208,0.15033263999958543,-7.136699202722382
1,1743.0,-0.19841734483897586,0.15033112522465875,-7.136712563384009
1,1744.0,-0.19841749332085823,0.15032961616959392,-7.136725873587487
1,1745.0,-0.1984176412398551,0.150328112834391,-7.136739133332823
1,1746.0,-0.1984177885959665,0.15032661521904994,-7.1367523426200155
1,1747.0,-0.19841793538919242,0.15032512332357076,-7.13676550144906
1,1748.0,-0.19841808161953284,0.15032363714795346,-7.136778609819963
1,1749.0,-0.1984182272869878,0.15032215669219803,-7.1367916677327194
1,1750.0,-0.19841837239155724,0.15032068195630446,-7.136804675187328
1,1751.0,-0.1984185169332412,0.1503192129402728,-7.136817632183793
1,1752.0,-0.19841866091203966,0.150317749644103,-7.136830538722114
1,1753.0,-0.19841880432795267,0.1503162920677951,-7.1368433948022885
1,1754.0,-0.19841894718098016,0.15031484021134905,-7.13685620042432
1,1755.0,-0.1984190894711222,0.15031339407476488,-7.136868955588204
1,1756.0,-0.1984192311983787,0.1503119536580426,-7.136881660293941
1,1757.0,-0.19841937236274973,0.15031051896118217,-7.136894314541536
1,1758.0,-0.1984195129642353,0.15030908998418363,-7.136906918330988
1,1759.0,-0.19841965300283534,0.15030766672704698,-7.1369194716622895
1,1760.0,-0.19841979247854993,0.1503062491897722,-7.136931974535448
1,1761.0,-0.198419931391379,0.15030483737235928,-7.136944426950462
1,1762.0,-0.19842006974132262,0.15030343127480825,-7.13695682890733
1,1763.0,-0.19842020752838074,0.1503020308971191,-7.136969180406055
1,1764.0,-0.19842034475255335,0.15030063623929182,-7.136981481446632
1,1765.0,-0.1984204814138405,0.1502992473013264,-7.136993732029066
1,1766.0,-0.19842061751224216,0.1502978640832229,-7.137005932153355
1,1767.0,-0.1984207530477583,0.15029648658498124,-7.1370180818194955
1,1768.0,-0.19842088802038899,0.1502951148066015,-7.1370301810274945
1,1769.0,-0.19842102243013418,0.15029374874808357,-7.1370422297773475
1,1770.0,-0.1984211562769939,0.15029238840942757,-7.137054228069055
1,1771.0,-0.19842128956096808,0.1502910337906334,-7.137066175902613
1,1772.0,-0.198421422249708,0.15028968522045014,-7.13707807037822
1,1773.0,-0.19842155416596324,0.15028834450038034,-7.137089895606809
1,1774.0,-0.19842168560513493,0.15028700862851235,-7.1371016780686976
1,1775.0,-0.19842181656722307,0.15028567760484612,-7.137113417763897
1,1776.0,-0.19842194705222765,0.15028435142938168,-7.137125114692399
1,1777.0,-0.1984220770601487,0.15028303010211902,-7.137136768854212
1,1778.0,-0.19842220659098617,0.15028171362305812,-7.137148380249326
1,1779.0,-0.19842233564474007,0.15028040199219903,-7.13715994887775
1,1780.0,-0.19842246422141044,0.1502790952095417,-7.137171474739477
1,1781.0,-0.19842259232099727,0.15027779327508617,-7.137182957834514
1,1782.0,-0.19842271994350053,0.1502764961888324,-7.1371943981628565
1,1783.0,-0.19842284708892022,0.15027520395078042,-7.137205795724502
1,1784.0,-0.19842297375725637,0.1502739165609302,-7.13721715051946
1,1785.0,-0.19842309994850896,0.1502726340192818,-7.137228462547719
1,1786.0,-0.198423225662678,0.15027135632583513,-7.137239731809287
1,1787.0,-0.19842335089976348,0.1502700834805903,-7.137250958304158
1,1788.0,-0.1984234756597654,0.1502688154835472,-7.137262142032336
1,1789.0,-0.19842359994268377,0.1502675523347059,-7.137273282993822
1,1790.0,-0.1984237237485186,0.15026629403406636,-7.137284381188615
1,1791.0,-0.19842384707726987,0.15026504058162862,-7.137295436616713
1,1792.0,-0.19842396992893757,0.15026379197739267,-7.137306449278114
1,1793.0,-0.19842409230352173,0.15026254822135848,-7.137317419172827
1,1794.0,-0.19842421420102233,0.15026130931352608,-7.1373283463008415
1,1795.0,-0.19842433562143938,0.15026007525389545,-7.1373392306621675
1,1796.0,-0.19842445656477287,0.15025884604246662,-7.137350072256796
1,1797.0,-0.19842457703102281,0.15025762167923956,-7.137360871084732
1,1798.0,-0.1984246970201892,0.15025640216421426,-7.137371627145974
1,1799.0,-0.198424816532272,0.15025518749739078,-7.137382340440519
1,1800.0,-0.19842493556727128,0.15025397767876905,-7.137393010968375
1,1801.0,-0.19842505412518702,0.1502527727083491,-7.137403638729537
1,1802.0,-0.19842517220601918,0.15025157258613095,-7.137414223724001
1,1803.0,-0.19842528980976779,0.15025037731211457,-7.137424765951776
1,1804.0,-0.19842540693643285,0.15024918688629996,-7.137435265412855
1,1805.0,-0.19842552358601434,0.15024800130868715,-7.13744572210724
1,1806.0,-0.1984256397585123,0.1502468205792761,-7.137456136034935
1,1807.0,-0.19842575545392668,0.15024564469806684,-7.137466507195929
1,1808.0,-0.1984258706722575,0.15024447366505936,-7.137476835590235
1,1809.0,-0.19842598541350479,0.15024330748025366,-7.137487121217845
1,1810.0,-0.19842609967766853,0.15024214614364972,-7.1374973640787625
1,1811.0,-0.1984262134647487,0.1502409896552476,-7.137507564172986
1,1812.0,-0.1984263267747453,0.15023983801504723,-7.137517721500514
1,1813.0,-0.19842643960765838,0.15023869122304864,-7.1375278360613486
1,1814.0,-0.19842655196348788,0.15023754927925184,-7.137537907855494
1,1815.0,-0.19842666371666362,0.15023641345986113,-7.137547925626582
1,1816.0,-0.19842677491857127,0.15023528324282168,-7.137557893980933
1,1817.0,-0.1984268857197061,0.1502341570986745,-7.137567826409234
1,1818.0,-0.19842699612006817,0.15023303502741955,-7.13757772291149
1,1819.0,-0.19842710611965744,0.15023191702905692,-7.137587583487694
1,1820.0,-0.19842721571847394,0.15023080310358652,-7.137597408137849
1,1821.0,-0.19842732491651763,0.15022969325100838,-7.137607196861955
1,1822.0,-0.19842743371378854,0.1502285874713225,-7.137616949660012
1,1823.0,-0.19842754211028665,0.1502274857645289,-7.137626666532021
1,1824.0,-0.198427650106012,0.15022638813062758,-7.137636347477981
1,1825.0,-0.19842775770096455,0.1502252945696185,-7.137645992497892
1,1826.0,-0.1984278648951443,0.1502242050815017,-7.137655601591756
1,1827.0,-0.19842797168855128,0.15022311966627716,-7.1376651747595705
1,1828.0,-0.19842807808118545,0.15022203832394487,-7.137674712001333
1,1829.0,-0.19842818407304685,0.15022096105450486,-7.137684213317052
1,1830.0,-0.19842828966413548,0.15021988785795712,-7.137693678706719
1,1831.0,-0.1984283948544513,0.15021881873430162,-7.137703108170337
1,1832.0,-0.19842849964399434,0.1502177536835384,-7.137712501707907
1,1833.0,-0.19842860403276458,0.15021669270566743,-7.137721859319426
1,1834.0,-0.19842870802076204,0.15021563580068875,-7.1377311810049
1,1835.0,-0.1984288116079867,0.15021458296860232,-7.1377404667643205
1,1836.0,-0.19842891479443858,0.15021353420940814,-7.137749716597698
1,1837.0,-0.1984290175801177,0.15021248952310626,-7.137758930505023
1,1838.0,-0.198429119965024,0.15021144890969662,-7.1377681084862985
1,1839.0,-0.19842922194915752,0.15021041236917923,-7.137777250541528
1,1840.0,-0.19842932353251824,0.1502093799015541,-7.137786356670707
1,1841.0,-0.1984294247151062,0.15020835150682127,-7.137795426873837
1,1842.0,-0.19842952549692136,0.1502073271849807,-7.13780446115092
1,1843.0,-0.19842962587796373,0.15020630693603237,-7.1378134595019525
1,1844.0,-0.19842972585823332,0.15020529075997632,-7.137822421926937
1,1845.0,-0.1984298254377301,0.15020427865681255,-7.137831348425872
1,1846.0,-0.19842992461645412,0.150203270626541,-7.137840238998758
1,1847.0,-0.19843002339440535,0.15020226666916175,-7.137849093645598
1,1848.0,-0.19843012177158378,0.15020126678467477,-7.1378579123663854
1,1849.0,-0.1984302197479894,0.15020027097308003,-7.137866695161125
1,1850.0,-0.1984303173236223,0.15019927923437756,-7.1378754420298165
1,1851.0,-0.19843041449848234,0.15019829156856737,-7.137884152972458
1,1852.0,-0.19843051127256964,0.15019730797564942,-7.137892827989054
1,1853.0,-0.19843060764588413,0.15019632845562375,-7.137901467079599
1,1854.0,-0.19843070361842582,0.15019535300849035,-7.137910070244092
1,1855.0,-0.19843079919019477,0.1501943816342492,-7.137918637482542
1,1856.0,-0.19843089436119088,0.15019341433290032,-7.13792716879494
1,1857.0,-0.19843098913141424,0.1501924511044437,-7.137935664181291
1,1858.0,-0.1984310835008648,0.15019149194887935,-7.13794412364159
1,1859.0,-0.19843117746954256,0.15019053686620726,-7.137952547175842
1,1860.0,-0.19843127091049154,0.1501895871467649,-7.137960923403464
1,1861.0,-0.1984313638910208,0.15018864210659819,-7.137969258358171
1,1862.0,-0.1984314565381942,0.15018770045432026,-7.1379775634302085
1,1863.0,-0.19843154885201167,0.1501867621899311,-7.1379858386195805
1,1864.0,-0.19843164083247325,0.15018582731343075,-7.137994083926284
1,1865.0,-0.19843173247957893,0.15018489582481914,-7.138002299350319
1,1866.0,-0.19843182379332874,0.1501839677240963,-7.138010484891687
1,1867.0,-0.19843191477372266,0.15018304301126226,-7.138018640550387
1,1868.0,-0.19843200542076064,0.15018212168631698,-7.138026766326415
1,1869.0,-0.19843209573444276,0.1501812037492605,-7.1380348622197785
1,1870.0,-0.198432185714769,0.15018028920009277,-7.138042928230479
1,1871.0,-0.19843227536173932,0.15017937803881382,-7.138050964358502
1,1872.0,-0.19843236467535375,0.15017847026542364,-7.138058970603862
1,1873.0,-0.1984324536556123,0.15017756587992223,-7.138066946966554
1,1874.0,-0.19843254230251495,0.15017666488230963,-7.13807489344658
1,1875.0,-0.1984326306160617,0.15017576727258578,-7.138082810043937
1,1876.0,-0.19843271859625256,0.1501748730507507,-7.138090696758622
1,1877.0,-0.1984328062430875,0.1501739822168044,-7.138098553590643
1,1878.0,-0.1984328935565666,0.1501730947707469,-7.138106380539997
1,1879.0,-0.19843298053668976,0.15017221071257814,-7.13811417760668
1,1880.0,-0.19843306718345705,0.15017133004229816,-7.138121944790696
1,1881.0,-0.19843315349686844,0.15017045275990695,-7.138129682092047
1,1882.0,-0.19843323947692393,0.15016957886540452,-7.138137389510727
1,1883.0,-0.19843332512362352,0.1501687083587909,-7.1381450670467395
1,1884.0,-0.19843341043696724,0.15016784124006602,-7.138152714700085
1,1885.0,-0.19843349541695504,0.15016697750922992,-7.13816033247076
1,1886.0,-0.19843358006358697,0.1501661171662826,-7.13816792035877
1,1887.0,-0.198433664376863,0.15016526021122406,-7.138175478364113
1,1888.0,-0.19843374835678312,0.15016440664405428,-7.138183006486788
1,1889.0,-0.19843383200334735,0.15016355646477328,-7.138190504726789
1,1890.0,-0.1984339153165557,0.15016270967338105,-7.138197973084127
1,1891.0,-0.19843399829640815,0.15016186626987763,-7.138205411558799
1,1892.0,-0.1984340809429047,0.15016102625426295,-7.138212820150801
1,1893.0,-0.19843416325604535,0.15016018962653704,-7.138220198860132
1,1894.0,-0.19843424523583011,0.15015935638669992,-7.138227547686799
1,1895.0,-0.198434326882259,0.1501585265347516,-7.138234866630799
1,1896.0,-0.19843440819533198,0.150157700070692,-7.138242155692128
1,1897.0,-0.19843448917504905,0.1501568769945212,-7.138249414870789
1,1898.0,-0.19843456982141025,0.15015605730623918,-7.138256644166782
1,1899.0,-0.19843465013441555,0.15015524100584596,-7.138263843580109
1,1900.0,-0.19843473011406496,0.15015442809334148,-7.138271013110769
1,1901.0,-0.19843480976035846,0.15015361856872578,-7.13827815275876
1,1902.0,-0.19843488907329607,0.15015281243199885,-7.138285262524081
1,1903.0,-0.1984349680528778,0.15015200968316073,-7.138292342406738
1,1904.0,-0.1984350466991036,0.15015121032221135,-7.138299392406722
1,1905.0,-0.19843512501197355,0.15015041434915075,-7.138306412524042
1,1906.0,-0.1984352029914876,0.15014962176397892,-7.138313402758694
1,1907.0,-0.19843528063764573,0.1501488325666959,-7.138320363110676
1,1908.0,-0.1984353577462042,0.1501480488332618,-7.138327275271181
1,1909.0,-0.19843543457576765,0.15014726793534341,-7.138334162422037
1,1910.0,-0.1984355111310924,0.15014648982459916,-7.138341024989602
1,1911.0,-0.1984355874121784,0.15014571450102907,-7.138347862973875
1,1912.0,-0.19843566341902566,0.15014494196463313,-7.138354676374855
1,1913.0,-0.1984357391516342,0.15014417221541132,-7.138361465192546
1,1914.0,-0.198435814610004,0.15014340525336367,-7.1383682294269475
1,1915.0,-0.19843588979413507,0.15014264107849018,-7.138374969078053
1,1916.0,-0.1984359647040274,0.15014187969079082,-7.138381684145871
1,1917.0,-0.19843603933968101,0.15014112109026562,-7.138388374630398
1,1918.0,-0.1984361137010959,0.15014036527691454,-7.138395040531632
1,1919.0,-0.19843618778827204,0.15013961225073763,-7.1384016818495795
1,1920.0,-0.19843626160120945,0.15013886201173485,-7.138408298584231
1,1921.0,-0.19843633513990813,0.15013811455990622,-7.138414890735594
1,1922.0,-0.19843640840436805,0.15013736989525175,-7.138421458303662
1,1923.0,-0.19843648139458928,0.15013662801777142,-7.138428001288445
1,1924.0,-0.19843655411057173,0.15013588892746524,-7.138434519689931
1,1925.0,-0.19843662655231548,0.15013515262433322,-7.13844101350813
1,1926.0,-0.1984366987198205,0.15013441910837533,-7.138447482743035
1,1927.0,-0.19843677061308676,0.15013368837959157,-7.13845392739465
1,1928.0,-0.1984368422321143,0.150132960437982,-7.138460347462973
1,1929.0,-0.19843691357690313,0.15013223528354652,-7.138466742948009
1,1930.0,-0.1984369846474532,0.15013151291628524,-7.138473113849749
1,1931.0,-0.19843705544376455,0.15013079333619808,-7.1384794601682
1,1932.0,-0.19843712596583715,0.15013007654328508,-7.138485781903358
1,1933.0,-0.19843719621367104,0.15012936253754622,-7.13849207905523
1,1934.0,-0.19843726618726618,0.1501286513189815,-7.138498351623806
1,1935.0,-0.1984373358866226,0.15012794288759093,-7.138504599609095
1,1936.0,-0.19843740531174028,0.1501272372433745,-7.138510823011089
1,1937.0,-0.19843747446261922,0.15012653438633225,-7.138517021829791
1,1938.0,-0.19843754333925945,0.15012583431646412,-7.138523196065205
1,1939.0,-0.19843761194166093,0.15012513703377015,-7.1385293457173296
1,1940.0,-0.19843768026982367,0.15012444253825033,-7.138535470786159
1,1941.0,-0.1984377483237477,0.15012375082990465,-7.138541571271699
1,1942.0,-0.19843781610343297,0.1501230619087331,-7.138547647173949
1,1943.0,-0.1984378836088795,0.15012237577473572,-7.138553698492903
1,1944.0,-0.19843795084008733,0.15012169242791248,-7.138559725228571
1,1945.0,-0.19843801779705642,0.15012101186826338,-7.138565727380946
1,1946.0,-0.19843808447978675,0.15012033409578843,-7.13857170495003
1,1947.0,-0.19843815088827838,0.15011965911048764,-7.138577657935823
1,1948.0,-0.19843821702253125,0.15011898691236097,-7.138583586338326
1,1949.0,-0.19843828288254542,0.15011831750140847,-7.138589490157537
1,1950.0,-0.19843834846832084,0.1501176508776301,-7.1385953693934585
1,1951.0,-0.19843841377985752,0.15011698704102588,-7.138601224046085
1,1952.0,-0.19843847881715546,0.15011632599159583,-7.138607054115421
1,1953.0,-0.19843854358021468,0.1501156677293399,-7.138612859601467
1,1954.0,-0.19843860806903518,0.15011501225425813,-7.138618640504227
1,1955.0,-0.19843867228361692,0.15011435956635052,-7.138624396823689
1,1956.0,-0.19843873622395994,0.15011370966561705,-7.13863012855986
1,1957.0,-0.19843879989006424,0.1501130625520577,-7.138635835712745
1,1958.0,-0.1984388631744113,0.1501124193185141,-7.138641508644171
1,1959.0,-0.1984389261259559,0.15011177946748452,-7.1386471517425365
1,1960.0,-0.19843898885466957,0.1501111418812207,-7.138652774865909
1,1961.0,-0.19843905136055223,0.15011050655972266,-7.138658378014281
1,1962.0,-0.19843911364360398,0.15010987350299035,-7.1386639611876515
1,1963.0,-0.19843917570382472,0.15010924271102377,-7.138669524386023
1,1964.0,-0.19843923754121454,0.15010861418382296,-7.138675067609397
1,1965.0,-0.19843929915577338,0.15010798792138788,-7.138680590857775
1,1966.0,-0.19843936054750125,0.15010736392371857,-7.138686094131148
1,1967.0,-0.19843942171639817,0.150106742190815,-7.138691577429526
1,1968.0,-0.19843948266246414,0.15010612272267715,-7.138697040752908
1,1969.0,-0.19843954338569914,0.15010550551930507,-7.138702484101288
1,1970.0,-0.19843960388610318,0.15010489058069876,-7.138707907474669
1,1971.0,-0.19843966416367628,0.15010427790685815,-7.138713310873052
1,1972.0,-0.1984397242184184,0.15010366749778334,-7.138718694296438
1,1973.0,-0.19843978405032955,0.15010305935347423,-7.138724057744819
1,1974.0,-0.19843984365940975,0.1501024534739309,-7.138729401218207
1,1975.0,-0.198439903045659,0.1501018498591533,-7.138734724716597
1,1976.0,-0.19843996220907728,0.15010124850914147,-7.138740028239982
1,1977.0,-0.1984400211496646,0.15010064942389537,-7.138745311788375
1,1978.0,-0.19844007986742096,0.15010005260341502,-7.138750575361764
1,1979.0,-0.19844013836234636,0.15009945804770042,-7.138755818960158
1,1980.0,-0.1984401966344408,0.15009886575675158,-7.1387610425835515
1,1981.0,-0.19844025468370427,0.15009827573056847,-7.138766246231944
1,1982.0,-0.1984403125101368,0.15009768796915113,-7.138771429905339
1,1983.0,-0.19844037011373836,0.15009710247249952,-7.138776593603736
1,1984.0,-0.19844042749450896,0.15009651924061365,-7.138781737327137
1,1985.0,-0.1984404846524486,0.15009593827349355,-7.138786861075538
1,1986.0,-0.19844054158755728,0.15009535957113918,-7.138791964848937
1,1987.0,-0.198440598299835,0.15009478313355057,-7.1387970486473415
1,1988.0,-0.19844065478928177,0.1500942089607277,-7.138802112470745
1,1989.0,-0.19844071105589756,0.15009363705267056,-7.138807156319145
1,1990.0,-0.1984407670996824,0.1500930674093792,-7.138812180192553
1,1991.0,-0.19844082292063628,0.1500925000308536,-7.138817184090959
1,1992.0,-0.1984408785187592,0.15009193491709372,-7.138822168014366
1,1993.0,-0.19844093389405115,0.15009137206809958,-7.138827131962776
1,1994.0,-0.19844098904651214,0.1500908114838712,-7.138832075936186
1,1995.0,-0.19844104397614218,0.15009025316440858,-7.138836999934597
1,1996.0,-0.19844109868294127,0.15008969710971168,-7.138841903958013
1,1997.0,-0.19844115316690938,0.15008914331978054,-7.1388467880064255
1,1998.0,-0.19844120742804655,0.15008859179461517,-7.1388516520798415
1,1999.0,-0.19844126146635274,0.15008804253421554,-7.138856496178256
1,2000.0,-0.19844131528182798,0.15008749553858164,-7.138861320301675
1,2001.0,-0.19844136887447225,0.1500869508077135,-7.138866124450094
1,2002.0,-0.19844142224428557,0.1500864083416111,-7.138870908623514
1,2003.0,-0.1984414753912679,0.15008586814027444,-7.138875672821934
1,2004.0,-0.1984415283154193,0.15008533020370354,-7.138880417045357
1,2005.0,-0.19844158101673975,0.1500847945318984,-7.138885141293779
1,2006.0,-0.19844163349522922,0.150084261124859,-7.138889845567205
1,2007.0,-0.19844168575088775,0.15008372998258535,-7.138894529865631
1,2008.0,-0.1984417377837153,0.15008320110507745,-7.138899194189058
1,2009.0,-0.1984417895937119,0.15008267449233528,-7.138903838537485
1,2010.0,-0.19844184118087754,0.15008215014435886,-7.138908462910917
1,2011.0,-0.19844189254521222,0.1500816280611482,-7.138913067309348
1,2012.0,-0.19844194354060465,0.15008110972785024,-7.138917638635082
1,2013.0,-0.19844199431659196,0.15008059362457238,-7.138922190292916
1,2014.0,-0.19844204491403247,0.150080079336018,-7.138926725945469
1,2015.0,-0.19844209533292625,0.1500795668621871,-7.138931245592745
1,2016.0,-0.19844214557327325,0.1500790562030797,-7.138935749234745
1,2017.0,-0.1984421956350735,0.15007854735869577,-7.138940236871468
1,2018.0,-0.19844224551832698,0.15007804032903535,-7.138944708502912
1,2019.0,-0.1984422952230337,0.15007753511409844,-7.1389491641290785
1,2020.0,-0.19844234474919367,0.15007703171388498,-7.13895360374997
1,2021.0,-0.19844239409680686,0.15007653012839503,-7.138958027365582
1,2022.0,-0.1984424432658733,0.15007603035762856,-7.138962434975917
1,2023.0,-0.198442492256393,0.15007553240158558,-7.138966826580974
1,2024.0,-0.1984425410683659,0.15007503626026608,-7.138971202180752
1,2025.0,-0.19844258970179204,0.1500745419336701,-7.138975561775256
1,2026.0,-0.19844263815667146,0.15007404942179758,-7.13897990536448
1,2027.0,-0.19844268643300408,0.15007355872464856,-7.13898423294843
1,2028.0,-0.19844273453078995,0.15007306984222304,-7.1389885445270975
1,2029.0,-0.19844278245002905,0.15007258277452099,-7.138992840100489
1,2030.0,-0.1984428301907214,0.15007209752154244,-7.138997119668604
1,2031.0,-0.198442877752867,0.15007161408328737,-7.139001383231445
1,2032.0,-0.19844292513646583,0.1500711324597558,-7.139005630789007
1,2033.0,-0.1984429723415179,0.1500706526509477,-7.139009862341288
1,2034.0,-0.1984430193680232,0.15007017465686312,-7.139014077888294
1,2035.0,-0.19844306621598173,0.150069698477502,-7.139018277430021
1,2036.0,-0.1984431128853935,0.15006922411286439,-7.139022460966471
1,2037.0,-0.19844315937625853,0.15006875156295027,-7.1390266284976445
1,2038.0,-0.1984432056885768,0.15006828082775964,-7.139030780023539
1,2039.0,-0.1984432518223483,0.1500678119072925,-7.139034915544157
1,2040.0,-0.19844329777757302,0.15006734480154882,-7.139039035059499
1,2041.0,-0.198443343554251,0.15006687951052866,-7.139043138569562
1,2042.0,-0.19844338915238222,0.150066416034232,-7.139047226074348
1,2043.0,-0.19844343457196667,0.1500659543726588,-7.139051297573857
1,2044.0,-0.19844347981300434,0.15006549452580908,-7.139055353068086
1,2045.0,-0.19844352487549527,0.15006503649368286,-7.139059392557039
1,2046.0,-0.19844356975943944,0.15006458027628014,-7.139063416040717
1,2047.0,-0.19844361446483685,0.1500641258736009,-7.139067423519116
1,2048.0,-0.1984436589916875,0.15006367328564515,-7.1390714149922365
1,2049.0,-0.19844370333999137,0.1500632225124129,-7.13907539046008
1,2050.0,-0.1984437475097485,0.15006277355390413,-7.139079349922644
1,2051.0,-0.19844379150095887,0.15006232641011885,-7.139083293379936
1,2052.0,-0.19844383531362245,0.15006188108105709,-7.139087220831945
1,2053.0,-0.1984438789477393,0.15006143756671877,-7.139091132278678
1,2054.0,-0.19844392240330938,0.15006099586710397,-7.139095027720137
1,2055.0,-0.19844396568033268,0.15006055598221266,-7.139098907156313
1,2056.0,-0.19844400877880924,0.15006011791204482,-7.139102770587217
1,2057.0,-0.19844405169873902,0.15005968165660047,-7.139106618012839
1,2058.0,-0.19844409444012207,0.15005924721587963,-7.139110449433185
1,2059.0,-0.19844413700295832,0.15005881458988227,-7.139114264848255
1,2060.0,-0.19844417938724784,0.1500583837786084,-7.139118064258048
1,2061.0,-0.19844422159299058,0.150057954782058,-7.139121847662561
1,2062.0,-0.19844426362018658,0.1500575276002311,-7.139125615061796
1,2063.0,-0.1984443054688358,0.15005710223312768,-7.139129366455758
1,2064.0,-0.19844434713893827,0.1500566786807478,-7.139133101844441
1,2065.0,-0.19844438863049396,0.15005625694309135,-7.139136821227843
1,2066.0,-0.1984444299435029,0.1500558370201584,-7.139140524605969
1,2067.0,-0.1984444710779651,0.15005541891194896,-7.139144211978819
1,2068.0,-0.1984445120338805,0.150055002618463,-7.139147883346392
1,2069.0,-0.1984445527456383,0.150054588806607,-7.139151532827202
1,2070.0,-0.1984445931954013,0.15005417765772783,-7.139155158822291
1,2071.0,-0.19844463350435862,0.15005376794000733,-7.1391587721952865
1,2072.0,-0.19844467367251029,0.1500533596534455,-7.139162372946192
1,2073.0,-0.19844471369985625,0.1500529527980423,-7.139165961074999
1,2074.0,-0.19844475358639657,0.15005254737379775,-7.139169536581717
1,2075.0,-0.1984447933321312,0.15005214338071188,-7.139173099466337
1,2076.0,-0.19844483293706017,0.15005174081878467,-7.139176649728868
1,2077.0,-0.19844487240118344,0.15005133968801612,-7.139180187369304
1,2078.0,-0.19844491172450107,0.1500509399884062,-7.1391837123876485
1,2079.0,-0.19844495090701303,0.15005054171995497,-7.139187224783898
1,2080.0,-0.19844498994871929,0.15005014488266238,-7.139190724558056
1,2081.0,-0.1984450288496199,0.15004974947652844,-7.139194211710119
1,2082.0,-0.19844506760971484,0.15004935550155318,-7.13919768624009
1,2083.0,-0.1984451062290041,0.15004896295773656,-7.13920114814797
1,2084.0,-0.19844514470748767,0.1500485718450786,-7.139204597433753
1,2085.0,-0.1984451830451656,0.1500481821635793,-7.139208034097446
1,2086.0,-0.19844522124203784,0.15004779391323866,-7.139211458139047
1,2087.0,-0.19844525929810442,0.15004740709405667,-7.13921486955855
1,2088.0,-0.19844529721336532,0.15004702170603335,-7.139218268355963
1,2089.0,-0.19844533498782055,0.15004663774916868,-7.139221654531284
1,2090.0,-0.1984453726214701,0.15004625522346265,-7.13922502808451
1,2091.0,-0.198445410114314,0.1500458741289153,-7.139228389015644
1,2092.0,-0.1984454474663522,0.15004549446552662,-7.139231737324682
1,2093.0,-0.19844548467758474,0.15004511623329655,-7.1392350730116325
1,2094.0,-0.1984455217480116,0.15004473943222518,-7.139238396076483
1,2095.0,-0.1984455586776328,0.15004436406231245,-7.139241706519244
1,2096.0,-0.19844559546644835,0.1500439901235584,-7.139245004339916
1,2097.0,-0.1984456321144582,0.150043617615963,-7.139248289538488
1,2098.0,-0.19844566862166238,0.15004324653952622,-7.139251562114969
1,2099.0,-0.19844570498806088,0.15004287689424814,-7.139254822069357
1,2100.0,-0.19844574121365374,0.1500425086801287,-7.139258069401656
1,2101.0,-0.1984457772984409,0.1500421418971679,-7.139261304111857
1,2102.0,-0.19844581324242241,0.1500417765453658,-7.139264526199968
1,2103.0,-0.19844584904559823,0.15004141262472231,-7.139267735665982
1,2104.0,-0.19844588470796837,0.15004105013523752,-7.1392709325099055
1,2105.0,-0.19844592022953286,0.15004068907691137,-7.139274116731736
1,2106.0,-0.19844595561029166,0.15004032944974388,-7.1392772883314715
1,2107.0,-0.1984459908502448,0.15003997125373505,-7.139280447309117
1,2108.0,-0.19844602594939229,0.15003961448888486,-7.139283593664668
1,2109.0,-0.19844606090773406,0.15003925915519334,-7.139286727398125
1,2110.0,-0.1984460957252702,0.15003890525266048,-7.139289848509488
1,2111.0,-0.19844613040200063,0.15003855278128628,-7.139292956998761
1,2112.0,-0.1984461649379254,0.15003820174107074,-7.13929605286594
1,2113.0,-0.19844619933304453,0.15003785213201384,-7.139299136111025
1,2114.0,-0.19844623358735797,0.1500375039541156,-7.139302206734018
1,2115.0,-0.19844626770086574,0.15003715720737604,-7.139305264734915
1,2116.0,-0.1984463016735678,0.15003681189179513,-7.139308310113721
1,2117.0,-0.19844633550546423,0.15003646800737286,-7.139311342870434
1,2118.0,-0.19844636919655498,0.15003612555410925,-7.139314363005055
1,2119.0,-0.19844640274684006,0.1500357845320043,-7.139317370517582
1,2120.0,-0.19844643615631946,0.15003544494105803,-7.139320365408015
1,2121.0,-0.1984464694249932,0.15003510678127038,-7.139323347676355
1,2122.0,-0.19844650255286125,0.15003477005264143,-7.139326317322603
1,2123.0,-0.19844653553992364,0.15003443475517111,-7.139329274346755
1,2124.0,-0.19844656838618036,0.15003410088885946,-7.1393322187488195
1,2125.0,-0.1984466010916314,0.15003376845370645,-7.139335150528785
1,2126.0,-0.19844663365627677,0.15003343744971212,-7.139338069686659
1,2127.0,-0.1984466660801165,0.15003310787687643,-7.139340976222443
1,2128.0,-0.19844669836315051,0.1500327797351994,-7.139343870136131
1,2129.0,-0.19844673050537887,0.15003245302468102,-7.139346751427728
1,2130.0,-0.19844676250680154,0.15003212774532132,-7.139349620097229
1,2131.0,-0.1984467942571763,0.15003180501770608,-7.139352466262307
1,2132.0,-0.19844682585164092,0.15003148387481818,-7.139355298451299
1,2133.0,-0.19844685733707207,0.15003116384017412,-7.139358120866325
1,2134.0,-0.1984468887134697,0.1500308449137738,-7.13936093350737
1,2135.0,-0.19844691998083383,0.15003052709561732,-7.1393637363744435
1,2136.0,-0.19844695113916444,0.1500302103857046,-7.139366529467539
1,2137.0,-0.19844698218846157,0.15002989478403567,-7.139369312786663
1,2138.0,-0.1984470131287252,0.15002958029061053,-7.139372086331813
1,2139.0,-0.1984470439599553,0.1500292669054292,-7.139374850102985
1,2140.0,-0.19844707468215192,0.15002895462849164,-7.1393776041001855
1,2141.0,-0.19844710529531503,0.15002864345979788,-7.139380348323412
1,2142.0,-0.19844713579944465,0.15002833339934793,-7.139383082772664
1,2143.0,-0.19844716619454075,0.15002802444714175,-7.139385807447941
1,2144.0,-0.19844719648060336,0.15002771660317937,-7.139388522349244
1,2145.0,-0.19844722665763245,0.15002740986746077,-7.139391227476572
1,2146.0,-0.19844725672562807,0.15002710423998597,-7.139393922829928
1,2147.0,-0.19844728668459016,0.15002679972075497,-7.1393966084093075
1,2148.0,-0.19844731653451875,0.15002649630976775,-7.139399284214711
1,2149.0,-0.19844734627541386,0.1500261940070243,-7.139401950246143
1,2150.0,-0.19844737590727543,0.15002589281252468,-7.139404606503599
1,2151.0,-0.19844740543010353,0.15002559272626884,-7.139407252987085
1,2152.0,-0.1984474348438981,0.15002529374825677,-7.13940988969659
1,2153.0,-0.1984474641486592,0.1500249958784885,-7.139412516632126
1,2154.0,-0.19844749334438677,0.15002469911696403,-7.139415133793685
1,2155.0,-0.19844752243108085,0.15002440346368334,-7.139417741181271
1,2156.0,-0.19844755140874143,0.15002410891864645,-7.1394203387948805
1,2157.0,-0.19844758027736847,0.15002381548185337,-7.139422926634517
1,2158.0,-0.19844760903696207,0.15002352315330406,-7.139425504700184
1,2159.0,-0.19844763768752213,0.15002323193299855,-7.139428072991869
1,2160.0,-0.1984476662290487,0.1500229418209368,-7.139430631509582
1,2161.0,-0.19844769466154175,0.15002265281711888,-7.139433180253322
1,2162.0,-0.1984477229850013,0.15002236492154475,-7.139435719223087
1,2163.0,-0.19844775119942737,0.1500220781342144,-7.1394382484188785
1,2164.0,-0.1984477793048199,0.1500217924551278,-7.139440767840694
1,2165.0,-0.19844780730117895,0.15002150788428506,-7.139443277488534
1,2166.0,-0.1984478351885045,0.15002122442168608,-7.139445777362403
1,2167.0,-0.19844786296679656,0.15002094206733088,-7.139448267462299
1,2168.0,-0.19844789063605509,0.15002066082121948,-7.1394507477882145
1,2169.0,-0.19844791819628013,0.15002038068335188,-7.13945321834016
1,2170.0,-0.19844794564747167,0.1500201016537281,-7.139455679118132
1,2171.0,-0.1984479729896297,0.15001982373234804,-7.139458130122129
1,2172.0,-0.19844800022275425,0.15001954691921182,-7.139460571352151
1,2173.0,-0.19844802734684527,0.15001927121431938,-7.139463002808198
1,2174.0,-0.1984480543619028,0.15001899661767074,-7.139465424490269
1,2175.0,-0.19844808126792682,0.15001872312926587,-7.139467836398371
1,2176.0,-0.19844810806491733,0.1500184507491048,-7.139470238532493
1,2177.0,-0.19844813475287434,0.15001817947718754,-7.1394726308926435
1,2178.0,-0.19844816133179788,0.15001790931351405,-7.1394750134788225
1,2179.0,-0.19844818780168788,0.15001764025808437,-7.139477386291022
1,2180.0,-0.19844821416254438,0.15001737231089846,-7.139479749329248
1,2181.0,-0.1984482404143674,0.15001710547195635,-7.139482102593501
1,2182.0,-0.19844826655715692,0.150016839741258,-7.139484446083781
1,2183.0,-0.1984482925909129,0.15001657511880348,-7.139486779800085
1,2184.0,-0.1984483185156354,0.15001631160459275,-7.139489103742413
1,2185.0,-0.1984483443313244,0.15001604919862582,-7.1394914179107705
1,2186.0,-0.1984483700379799,0.15001578790090264,-7.139493722305152
1,2187.0,-0.1984483956356019,0.1500155277114233,-7.139496016925557
1,2188.0,-0.1984484211241904,0.15001526863018771,-7.13949830177199
1,2189.0,-0.19844844650374538,0.15001501065719594,-7.1395005768444495
1,2190.0,-0.19844847177426686,0.15001475379244794,-7.139502842142934
1,2191.0,-0.19844849693575484,0.15001449803594374,-7.139505097667442
1,2192.0,-0.1984485219882093,0.15001424338768335,-7.139507343417978
1,2193.0,-0.19844854693163028,0.15001398984766673,-7.139509579394535
1,2194.0,-0.19844857176601777,0.1500137374158939,-7.1395118055971265
1,2195.0,-0.19844859649137173,0.15001348609236487,-7.139514022025736
1,2196.0,-0.1984486211076922,0.15001323587707963,-7.139516228680376
1,2197.0,-0.1984486455863145,0.15001298706140884,-7.139518422991483
1,2198.0,-0.1984486698564137,0.15001274036528908,-7.1395205986101775
1,2199.0,-0.19844869404384952,0.15001249450939338,-7.139522766818762
1,2200.0,-0.1984487181486219,0.15001224949372177,-7.139524927617237
1,2201.0,-0.19844874217073086,0.15001200531827424,-7.139527081005609
1,2202.0,-0.1984487661101764,0.1500117619830508,-7.139529226983864
1,2203.0,-0.1984487899669585,0.15001151948805141,-7.139531365552013
1,2204.0,-0.1984488137410772,0.15001127783327614,-7.139533496710054
1,2205.0,-0.19844883743253247,0.15001103701872492,-7.139535620457986
1,2206.0,-0.1984488610413243,0.15001079704439776,-7.139537736795805
1,2207.0,-0.19844888456745274,0.15001055791029472,-7.139539845723517
1,2208.0,-0.19844890801091777,0.15001031961641573,-7.139541947241124
1,2209.0,-0.19844893137171934,0.15001008216276085,-7.139544041348617
1,2210.0,-0.19844895464985754,0.15000984554933,-7.139546128046003
1,2211.0,-0.19844897784533228,0.15000960977612326,-7.139548207333279
1,2212.0,-0.1984490009581436,0.1500093748431406,-7.139550279210446
1,2213.0,-0.1984490239882915,0.15000914075038202,-7.139552343677502
1,2214.0,-0.198449046935776,0.1500089074978475,-7.139554400734451
1,2215.0,-0.19844906980059707,0.15000867508553709,-7.139556450381291
1,2216.0,-0.19844909258275473,0.15000844351345072,-7.139558492618025
1,2217.0,-0.19844911528224896,0.15000821278158846,-7.139560527444645
1,2218.0,-0.19844913789907975,0.15000798288995026,-7.139562554861156
1,2219.0,-0.19844916043324715,0.15000775383853615,-7.139564574867561
1,2220.0,-0.1984491828847511,0.1500075256273461,-7.139566587463853
1,2221.0,-0.19844920525359164,0.15000729825638015,-7.13956859265004
1,2222.0,-0.19844922753976876,0.15000707172563826,-7.139570590426116
1,2223.0,-0.19844924974328246,0.15000684603512046,-7.1395725807920805
1,2224.0,-0.19844927186413275,0.15000662118482674,-7.13957456374794
1,2225.0,-0.1984492939023196,0.15000639717475708,-7.13957653929369
1,2226.0,-0.19844931585784303,0.15000617400491154,-7.139578507429327
1,2227.0,-0.19844933773070306,0.15000595167529004,-7.139580468154856
1,2228.0,-0.19844935952089968,0.15000573018589264,-7.1395824214702825
1,2229.0,-0.19844938122843284,0.1500055095367193,-7.13958436737559
1,2230.0,-0.1984494028533026,0.15000528972777005,-7.139586305870795
1,2231.0,-0.19844942439550894,0.15000507075904487,-7.139588236955888
1,2232.0,-0.19844944585505186,0.15000485263054378,-7.139590160630875
1,2233.0,-0.19844946723193135,0.15000463534226677,-7.139592076895749
1,2234.0,-0.1984494885261474,0.15000441889421381,-7.139593985750515
1,2235.0,-0.19844950973770006,0.15000420328638495,-7.139595887195172
1,2236.0,-0.1984495308665893,0.1500039885187802,-7.139597781229722
1,2237.0,-0.19844955191281513,0.15000377459139946,-7.13959966785416
1,2238.0,-0.19844957287637752,0.15000356150424285,-7.1396015470684935
1,2239.0,-0.19844959375727647,0.1500033492573103,-7.1396034188727135
1,2240.0,-0.19844961455551202,0.15000313785060185,-7.139605283266825
1,2241.0,-0.19844963527108417,0.15000292728411746,-7.139607140250826
1,2242.0,-0.19844965590399288,0.15000271755785713,-7.1396089898247235
1,2243.0,-0.19844967645423817,0.1500025086718209,-7.139610831988506
1,2244.0,-0.19844969692182002,0.15000230062600875,-7.139612666742178
1,2245.0,-0.19844971730673847,0.15000209342042067,-7.1396144940857456
1,2246.0,-0.1984497376089935,0.15000188705505668,-7.139616314019204
1,2247.0,-0.19844975782858512,0.15000168152991677,-7.139618126542555
1,2248.0,-0.1984497779655133,0.15000147684500093,-7.139619931655793
1,2249.0,-0.19844979801977805,0.15000127300030916,-7.139621729358921
1,2250.0,-0.1984498179913794,0.15000106999584148,-7.139623519651941
1,2251.0,-0.19844983788031734,0.15000086783159788,-7.1396253025348555
1,2252.0,-0.19844985768659182,0.15000066650757835,-7.139627078007656
1,2253.0,-0.19844987741020292,0.1500004660237829,-7.139628846070352
1,2254.0,-0.19844989705115057,0.15000026638021155,-7.139630606722935
1,2255.0,-0.1984499166094348,0.15000006757686424,-7.139632359965409
1,2256.0,-0.19844993608505562,0.14999986961374104,-7.139634105797773
1,2257.0,-0.19844995547801303,0.1499996724908419,-7.139635844220034
1,2258.0,-0.198449974788307,0.14999947620816684,-7.1396375752321815
1,2259.0,-0.19844999401593758,0.14999928076571586,-7.139639298834222
1,2260.0,-0.19845001316090471,0.14999908616348898,-7.13964101502615
1,2261.0,-0.19845003222320842,0.14999889240148614,-7.139642723807971
1,2262.0,-0.19845005120284873,0.14999869947970743,-7.139644425179681
1,2263.0,-0.1984500700998256,0.14999850739815276,-7.139646119141285
1,2264.0,-0.19845008891413904,0.14999831615682216,-7.13964780569278
1,2265.0,-0.19845010764578908,0.14999812575571567,-7.139649484834161
1,2266.0,-0.19845012629477568,0.14999793619483323,-7.139651156565435
1,2267.0,-0.19845014486109888,0.1499977474741749,-7.139652820886602
1,2268.0,-0.19845016334475865,0.14999755959374061,-7.1396544777976585
1,2269.0,-0.19845018174446652,0.14999737256662773,-7.139656127183104
1,2270.0,-0.1984501999443904,0.14999718757026217,-7.139657758659528
1,2271.0,-0.19845021808317703,0.1499970031953271,-7.139659384655487
1,2272.0,-0.19845023616082647,0.14999681944182255,-7.139661005170993
1,2273.0,-0.19845025417733872,0.14999663630974852,-7.139662620206041
1,2274.0,-0.19845027213271374,0.14999645379910498,-7.139664229760629
1,2275.0,-0.19845029002695158,0.14999627190989193,-7.139665833834762
1,2276.0,-0.1984503078600522,0.1499960906421094,-7.1396674324284355
1,2277.0,-0.19845032563201562,0.14999590999575735,-7.139669025541653
1,2278.0,-0.19845034334284184,0.14999572997083582,-7.139670613174413
1,2279.0,-0.19845036099253086,0.1499955505673448,-7.139672195326718
1,2280.0,-0.19845037858108266,0.14999537178528427,-7.139673771998563
1,2281.0,-0.19845039610849724,0.14999519362465424,-7.139675343189949
1,2282.0,-0.19845041357477464,0.14999501608545474,-7.139676908900879
1,2283.0,-0.19845043097991483,0.14999483916768572,-7.139678469131355
1,2284.0,-0.19845044832391784,0.14999466287134722,-7.139680023881372
1,2285.0,-0.19845046560678362,0.1499944871964392,-7.139681573150927
1,2286.0,-0.1984504828285122,0.14999431214296172,-7.139683116940029
1,2287.0,-0.19845049998910355,0.14999413771091472,-7.139684655248672
1,2288.0,-0.19845051708855774,0.14999396390029823,-7.139686188076858
1,2289.0,-0.1984505341268747,0.14999379071111224,-7.139687715424584
1,2290.0,-0.19845055110405443,0.14999361814335677,-7.139689237291855
1,2291.0,-0.198450568020097,0.14999344619703178,-7.139690753678671
1,2292.0,-0.19845058487500236,0.1499932748721373,-7.139692264585027
1,2293.0,-0.1984506016687705,0.1499931041686733,-7.1396937700109255
1,2294.0,-0.19845061840140144,0.14999293408663986,-7.139695269956368
1,2295.0,-0.19845063507289518,0.1499927646260369,-7.13969676442135
1,2296.0,-0.19845065168325168,0.14999259578686444,-7.139698253405874
1,2297.0,-0.198450668232471,0.14999242756912248,-7.139699736909946
1,2298.0,-0.19845068472055313,0.14999225997281102,-7.139701214933557
1,2299.0,-0.19845070114749805,0.14999209299793007,-7.139702687476709
1,2300.0,-0.19845071751330576,0.14999192664447963,-7.139704154539407
1,2301.0,-0.19845073381797626,0.1499917609124597,-7.1397056161216454
1,2302.0,-0.19845075006150958,0.14999159580187024,-7.1397070722234295
1,2303.0,-0.19845076624390567,0.1499914313127113,-7.139708522844753
1,2304.0,-0.19845078236516456,0.1499912674449829,-7.1397099679856195
1,2305.0,-0.19845079842528626,0.14999110419868494,-7.139711407646033
1,2306.0,-0.19845081442427073,0.14999094157381754,-7.139712841825981
1,2307.0,-0.198450830362118,0.14999077957038062,-7.139714270525476
1,2308.0,-0.19845084623882808,0.1499906181883742,-7.139715693744514
1,2309.0,-0.19845086205440096,0.1499904574277983,-7.139717111483095
1,2310.0,-0.1984508778088366,0.14999029728865287,-7.139718523741216
1,2311.0,-0.19845089350213507,0.14999013777093798,-7.13971993051888
1,2312.0,-0.19845090913429633,0.14998997887465357,-7.139721331816089
1,2313.0,-0.1984509247053204,0.14998982059979968,-7.139722727632839
1,2314.0,-0.19845094021520723,0.1499896629463763,-7.139724117969133
1,2315.0,-0.19845095566395687,0.1499895059143834,-7.139725502824966
1,2316.0,-0.1984509710515693,0.14998934950382103,-7.139726882200346
1,2317.0,-0.19845098637804454,0.14998919371468913,-7.139728256095267
1,2318.0,-0.19845100164338256,0.14998903854698778,-7.1397296245097275
1,2319.0,-0.19845101684758337,0.1499888840007169,-7.139730987443734
1,2320.0,-0.19845103199064698,0.14998873007587651,-7.139732344897279
1,2321.0,-0.1984510470725734,0.14998857677246666,-7.139733696870373
1,2322.0,-0.1984510620933626,0.1499884240904873,-7.139735043363005
1,2323.0,-0.1984510770530146,0.14998827202993845,-7.13973638437518
1,2324.0,-0.1984510919515294,0.1499881205908201,-7.139737719906899
1,2325.0,-0.198451106788907,0.14998796977313225,-7.139739049958162
1,2326.0,-0.19845112156514738,0.1499878195768749,-7.139740374528965
1,2327.0,-0.19845113628025057,0.14998767000204805,-7.13974169361931
1,2328.0,-0.19845115093421656,0.1499875210486517,-7.1397430072292005
1,2329.0,-0.1984511655270453,0.14998737271668588,-7.139744315358629
1,2330.0,-0.19845118005873688,0.14998722500615055,-7.139745618007605
1,2331.0,-0.19845119452929125,0.14998707791704574,-7.139746915176119
1,2332.0,-0.1984512089387084,0.14998693144937142,-7.139748206864179
1,2333.0,-0.19845122328698836,0.1499867856031276,-7.139749493071781
1,2334.0,-0.1984512375741311,0.14998664037831427,-7.139750773798925
1,2335.0,-0.19845125180013667,0.14998649577493148,-7.1397520490456134
1,2336.0,-0.198451265965005,0.14998635179297914,-7.139753318811842
1,2337.0,-0.19845128006873614,0.14998620843245736,-7.1397545830976155
1,2338.0,-0.19845129411133008,0.14998606569336606,-7.13975584190293
1,2339.0,-0.1984513080927868,0.14998592357570525,-7.139757095227785
1,2340.0,-0.1984513220131063,0.14998578207947497,-7.1397583430721845
1,2341.0,-0.19845133587228864,0.1499856412046752,-7.139759585436128
1,2342.0,-0.19845134967033376,0.1499855009513059,-7.139760822319615
1,2343.0,-0.19845136340724165,0.14998536131936713,-7.139762053722638
1,2344.0,-0.19845137708301236,0.14998522230885886,-7.1397632796452095
1,2345.0,-0.19845139069764586,0.14998508391978108,-7.139764500087321
1,2346.0,-0.19845140425114216,0.1499849461521338,-7.139765715048977
1,2347.0,-0.19845141774350122,0.14998480900591704,-7.139766924530171
1,2348.0,-0.19845143115782304,0.14998467265291882,-7.139768127015959
1,2349.0,-0.1984514444265164,0.14998453778020412,-7.139769316447329
1,2350.0,-0.19845145765130306,0.14998440335378482,-7.139770501942814
1,2351.0,-0.19845147083218298,0.14998426937366086,-7.139771683502413
1,2352.0,-0.19845148396915613,0.14998413583983225,-7.139772861126129
1,2353.0,-0.19845149706222256,0.14998400275229903,-7.139774034813959
1,2354.0,-0.19845151011138223,0.14998387011106118,-7.139775204565903
1,2355.0,-0.1984515231166352,0.1499837379161187,-7.1397763703819646
1,2356.0,-0.1984515360779814,0.14998360616747156,-7.139777532262138
1,2357.0,-0.1984515489954209,0.1499834748651198,-7.139778690206427
1,2358.0,-0.1984515618689536,0.14998334400906338,-7.139779844214832
1,2359.0,-0.1984515746985796,0.14998321359930236,-7.139780994287352
1,2360.0,-0.19845158748429886,0.14998308363583668,-7.139782140423987
1,2361.0,-0.19845160022611136,0.14998295411866638,-7.139783282624735
1,2362.0,-0.19845161292401714,0.14998282504779145,-7.139784420889599
1,2363.0,-0.19845162557801618,0.14998269642321188,-7.139785555218579
1,2364.0,-0.19845163818810846,0.14998256824492767,-7.1397866856116705
1,2365.0,-0.19845165075429402,0.14998244051293882,-7.139787812068879
1,2366.0,-0.19845166327657285,0.14998231322724534,-7.139788934590204
1,2367.0,-0.1984516757549449,0.14998218638784724,-7.13979005317564
1,2368.0,-0.19845168818941025,0.14998205999474448,-7.139791167825196
1,2369.0,-0.19845170057996886,0.1499819340479371,-7.139792278538862
1,2370.0,-0.1984517129266207,0.1499818085474251,-7.139793385316644
1,2371.0,-0.19845172522936583,0.14998168349320845,-7.139794488158544
1,2372.0,-0.19845173748820422,0.14998155888528716,-7.139795587064554
1,2373.0,-0.19845174970313587,0.14998143472366127,-7.139796682034685
1,2374.0,-0.19845176187416075,0.1499813110083307,-7.139797773068923
1,2375.0,-0.19845177400127892,0.14998118773929553,-7.139798860167283
1,2376.0,-0.19845178608449035,0.1499810649165557,-7.139799943329756
1,2377.0,-0.19845179812379501,0.14998094254011124,-7.139801022556338
1,2378.0,-0.19845181011919297,0.14998082060996215,-7.139802097847042
1,2379.0,-0.19845182207068418,0.14998069912610842,-7.139803169201859
1,2380.0,-0.19845183397826865,0.1499805780885501,-7.139804236620792
1,2381.0,-0.19845184584194636,0.14998045749728708,-7.139805300103836
1,2382.0,-0.19845185766171736,0.14998033735231944,-7.139806359650998
1,2383.0,-0.1984518694375816,0.1499802176536472,-7.139807415262275
1,2384.0,-0.1984518811695391,0.1499800984012703,-7.139808466937664
1,2385.0,-0.19845189285758988,0.14997997959518877,-7.139809514677171
1,2386.0,-0.19845190450173392,0.1499798612354026,-7.13981055848079
1,2387.0,-0.19845191610197122,0.1499797433219118,-7.139811598348526
1,2388.0,-0.19845192765830175,0.1499796258547164,-7.139812634280376
1,2389.0,-0.19845193917072557,0.1499795088338163,-7.139813666276342
1,2390.0,-0.19845195063924265,0.1499793922592116,-7.139814694336422
1,2391.0,-0.198451962063853,0.14997927613090226,-7.139815718460618
1,2392.0,-0.19845197344455656,0.1499791604488883,-7.139816738648927
1,2393.0,-0.19845198478135342,0.14997904521316968,-7.13981775490135
1,2394.0,-0.19845199607424355,0.14997893042374646,-7.139818767217892
1,2395.0,-0.19845200732322693,0.14997881608061858,-7.139819775598546
1,2396.0,-0.19845201852830355,0.14997870218378606,-7.139820780043313
1,2397.0,-0.19845202968947345,0.14997858873324893,-7.139821780552198
1,2398.0,-0.19845204080673662,0.14997847572900716,-7.1398227771251985
1,2399.0,-0.19845205188009304,0.14997836317106072,-7.139823769762314
1,2400.0,-0.1984520629095427,0.14997825105940968,-7.139824758463539
1,2401.0,-0.19845207389508565,0.149978139394054,-7.139825743228881
1,2402.0,-0.19845208483672186,0.1499780281749937,-7.1398267240583415
1,2403.0,-0.19845209573445133,0.14997791740222874,-7.139827700951915
1,2404.0,-0.19845210658827406,0.14997780707575917,-7.139828673909603
1,2405.0,-0.19845211739819002,0.14997769719558493,-7.1398296429314065
1,2406.0,-0.19845212816419927,0.14997758776170608,-7.139830608017323
1,2407.0,-0.19845213888630178,0.1499774787741226,-7.139831569167359
1,2408.0,-0.19845214956449755,0.14997737023283447,-7.139832526381506
1,2409.0,-0.19845216019878656,0.1499772621378417,-7.139833479659766
1,2410.0,-0.19845217078916885,0.14997715448914434,-7.139834429002142
1,2411.0,-0.1984521813356444,0.1499770472867423,-7.139835374408635
1,2412.0,-0.19845219183821322,0.14997694053063565,-7.139836315879242
1,2413.0,-0.1984522022968753,0.14997683422082433,-7.139837253413965
1,2414.0,-0.1984522127116306,0.1499767283573084,-7.1398381870128
1,2415.0,-0.1984522230824792,0.14997662294008784,-7.139839116675751
1,2416.0,-0.19845223340942106,0.14997651796916264,-7.139840042402819
1,2417.0,-0.19845224369245618,0.14997641344453283,-7.139840964194002
1,2418.0,-0.19845225393158455,0.14997630936619835,-7.139841882049297
1,2419.0,-0.1984522641268062,0.14997620573415926,-7.139842795968707
1,2420.0,-0.19845227427812107,0.1499761025484155,-7.1398437059522335
1,2421.0,-0.19845228438552923,0.14997599980896714,-7.139844611999874
1,2422.0,-0.19845229444903065,0.14997589751581414,-7.139845514111631
1,2423.0,-0.19845230446862533,0.1499757956689565,-7.1398464122875
1,2424.0,-0.19845231444431327,0.14997569426839422,-7.139847306527486
1,2425.0,-0.19845232437609445,0.14997559331412733,-7.139848196831583
1,2426.0,-0.1984523342639689,0.14997549280615577,-7.139849083199802
1,2427.0,-0.19845234410793663,0.1499753927444796,-7.1398499656321315
1,2428.0,-0.19845235390799762,0.1499752931290988,-7.139850844128575
1,2429.0,-0.19845236366415187,0.14997519396001335,-7.139851718689135
1,2430.0,-0.19845237337639937,0.14997509523722327,-7.139852589313811
1,2431.0,-0.1984523830447401,0.14997499696072855,-7.139853456002598
1,2432.0,-0.19845239266917414,0.1499748991305292,-7.139854318755504
1,2433.0,-0.19845240224970143,0.14997480174662522,-7.139855177572523
1,2434.0,-0.19845241178632197,0.1499747048090166,-7.139856032453655
1,2435.0,-0.19845242124712525,0.1499746086420724,-7.139856880538383
1,2436.0,-0.19845243061086537,0.14997451346176138,-7.1398577199221815
1,2437.0,-0.19845243994416964,0.14997441859082128,-7.139858556577652
1,2438.0,-0.19845244924703812,0.14997432402925207,-7.139859390504797
1,2439.0,-0.19845245851947074,0.1499742297770538,-7.139860221703615
1,2440.0,-0.19845246776146758,0.1499741358342264,-7.139861050174106
1,2441.0,-0.1984524769730286,0.1499740422007699,-7.139861875916276
1,2442.0,-0.19845248615415378,0.14997394887668433,-7.139862698930116
1,2443.0,-0.19845249530484313,0.14997385586196965,-7.139863519215631
1,2444.0,-0.19845250442509668,0.1499737631566259,-7.139864336772824
1,2445.0,-0.19845251351491444,0.14997367076065304,-7.139865151601688
1,2446.0,-0.19845252257429635,0.1499735786740511,-7.1398659637022295
1,2447.0,-0.19845253160324244,0.14997348689682002,-7.139866773074441
1,2448.0,-0.1984525406017527,0.14997339542895988,-7.139867579718328
1,2449.0,-0.1984525495698272,0.14997330427047065,-7.139868383633891
1,2450.0,-0.19845255850746582,0.1499732134213523,-7.1398691848211255
1,2451.0,-0.19845256741466866,0.1499731228816049,-7.139869983280038
1,2452.0,-0.19845257629143565,0.14997303265122836,-7.1398707790106215
1,2453.0,-0.19845258513776684,0.14997294273022274,-7.13987157201288
1,2454.0,-0.19845259395366222,0.14997285311858805,-7.139872362286815
1,2455.0,-0.19845260273912177,0.14997276381632424,-7.139873149832424
1,2456.0,-0.1984526114941455,0.14997267482343135,-7.139873934649703
1,2457.0,-0.19845262021873342,0.14997258613990935,-7.13987471673866
1,2458.0,-0.1984526289128855,0.14997249776575824,-7.139875496099291
1,2459.0,-0.19845263757660178,0.14997240970097808,-7.139876272731598
1,2460.0,-0.19845264620988223,0.1499723219455688,-7.139877046635576
1,2461.0,-0.1984526548127269,0.14997223449953043,-7.139877817811231
1,2462.0,-0.1984526633851357,0.14997214736286296,-7.139878586258558
1,2463.0,-0.19845267192710872,0.14997206053556641,-7.139879351977561
1,2464.0,-0.1984526804386459,0.14997197401764076,-7.139880114968236
1,2465.0,-0.19845268891974727,0.149971887809086,-7.1398808752305865
1,2466.0,-0.19845269737041282,0.14997180190990217,-7.139881632764612
1,2467.0,-0.19845270579064256,0.1499717163200892,-7.139882387570314
1,2468.0,-0.19845271418043647,0.1499716310396472,-7.139883139647687
1,2469.0,-0.19845272253979457,0.14997154606857607,-7.139883888996734
1,2470.0,-0.19845273086871684,0.14997146140687584,-7.139884635617458
1,2471.0,-0.1984527391672033,0.14997137705454652,-7.139885379509853
1,2472.0,-0.19845274743525393,0.14997129301158812,-7.139886120673924
1,2473.0,-0.19845275567286874,0.14997120927800062,-7.139886859109667
1,2474.0,-0.19845276388004776,0.14997112585378403,-7.139887594817089
1,2475.0,-0.19845277205679093,0.14997104273893833,-7.139888327796182
1,2476.0,-0.1984527802030983,0.14997095993346354,-7.139889058046952
1,2477.0,-0.19845278831896984,0.14997087743735965,-7.139889785569391
1,2478.0,-0.19845279640440558,0.14997079525062668,-7.139890510363511
1,2479.0,-0.1984528044594055,0.14997071337326462,-7.139891232429303
1,2480.0,-0.1984528124839696,0.14997063180527345,-7.139891951766768
1,2481.0,-0.19845282047809787,0.14997055054665318,-7.139892668375905
1,2482.0,-0.19845282844179032,0.14997046959740384,-7.139893382256722
1,2483.0,-0.19845283637504696,0.14997038895752537,-7.139894093409208
1,2484.0,-0.19845284427786777,0.14997030862701785,-7.13989480183337
1,2485.0,-0.1984528521502528,0.14997022860588122,-7.13989550752921
1,2486.0,-0.19845285999220197,0.14997014889411547,-7.13989621049672
1,2487.0,-0.19845286780371532,0.14997006949172065,-7.139896910735904
1,2488.0,-0.19845287558479288,0.14996999039869674,-7.139897608246765
1,2489.0,-0.1984528833354346,0.14996991161504372,-7.1398983030293
1,2490.0,-0.1984528910556405,0.14996983314076162,-7.139898995083507
1,2491.0,-0.1984528987454106,0.1499697549758504,-7.139899684409392
1,2492.0,-0.1984529064047449,0.14996967712031012,-7.139900371006949
1,2493.0,-0.19845291403364335,0.14996959957414072,-7.139901054876181
1,2494.0,-0.19845292163210598,0.14996952233734223,-7.1399017360170856
1,2495.0,-0.1984529292001328,0.14996944540991466,-7.139902414429666
1,2496.0,-0.1984529367377238,0.149969368791858,-7.139903090113921
1,2497.0,-0.19845294424487897,0.1499692924831722,-7.139903763069847
1,2498.0,-0.19845295172159833,0.14996921648385736,-7.139904433297449
1,2499.0,-0.1984529591678819,0.14996914079391338,-7.139905100796726
1,2500.0,-0.1984529665837296,0.14996906541334035,-7.13990576556768
1,2501.0,-0.19845297396914152,0.1499689903421382,-7.139906427610306
1,2502.0,-0.19845298132411762,0.14996891558030695,-7.139907086924606
1,2503.0,-0.19845298864865787,0.1499688411278466,-7.139907743510578
1,2504.0,-0.19845299594276233,0.1499687669847572,-7.13990839736823
1,2505.0,-0.19845300320643097,0.14996869315103867,-7.139909048497552
1,2506.0,-0.1984530104396638,0.14996861962669106,-7.139909696898551
1,2507.0,-0.1984530176424608,0.14996854641171434,-7.139910342571221
1,2508.0,-0.19845302481482197,0.14996847350610853,-7.1399109855155665
1,2509.0,-0.19845303195674732,0.14996840090987362,-7.139911625731587
1,2510.0,-0.19845303906823689,0.14996832862300963,-7.139912263219282
1,2511.0,-0.1984530461492906,0.14996825664551652,-7.139912897978652
1,2512.0,-0.1984530531999085,0.14996818497739436,-7.139913530009695
1,2513.0,-0.1984530602200906,0.14996811361864307,-7.139914159312413
1,2514.0,-0.19845306720983688,0.1499680425692627,-7.1399147858868055
1,2515.0,-0.19845307416914731,0.14996797182925323,-7.13991540973287
1,2516.0,-0.19845308109802196,0.14996790139861466,-7.1399160308506096
1,2517.0,-0.19845308799646078,0.149967831277347,-7.1399166492400274
1,2518.0,-0.19845309486446377,0.14996776146545027,-7.139917264901114
1,2519.0,-0.19845310170203095,0.14996769196292442,-7.139917877833876
1,2520.0,-0.1984531085091623,0.14996762276976947,-7.139918488038315
1,2521.0,-0.19845311528585785,0.14996755388598546,-7.139919095514428
1,2522.0,-0.19845312203211757,0.1499674853115723,-7.139919700262212
1,2523.0,-0.1984531287479415,0.14996741704653008,-7.139920302281675
1,2524.0,-0.19845313543332957,0.14996734909085876,-7.139920901572809
1,2525.0,-0.19845314208828183,0.14996728144455837,-7.1399214981356165
1,2526.0,-0.1984531487127983,0.14996721410762887,-7.139922091970101
1,2527.0,-0.19845315530687893,0.14996714708007025,-7.13992268307626
1,2528.0,-0.19845316187052373,0.14996708036188255,-7.13992327145409
1,2529.0,-0.19845316840373273,0.14996701395306578,-7.139923857103596
1,2530.0,-0.1984531749065059,0.1499669478536199,-7.139924440024778
1,2531.0,-0.19845318137884327,0.14996688206354492,-7.139925020217633
1,2532.0,-0.1984531877530139,0.14996681727132444,-7.139925591610634
1,2533.0,-0.19845319409797063,0.14996675277605823,-7.139926160384842
1,2534.0,-0.198453200422725,0.14996668848614406,-7.1399267273480715
1,2535.0,-0.19845320672727698,0.1499666244015819,-7.139927292500322
1,2536.0,-0.19845321301162663,0.14996656052237176,-7.139927855841593
1,2537.0,-0.19845321927577395,0.14996649684851363,-7.139928417371889
1,2538.0,-0.1984532255197189,0.14996643338000754,-7.1399289770912056
1,2539.0,-0.19845323174346147,0.14996637011685346,-7.139929534999545
1,2540.0,-0.1984532379470017,0.1499663070590514,-7.139930091096902
1,2541.0,-0.19845324413033957,0.14996624420660135,-7.139930645383285
1,2542.0,-0.1984532502934751,0.14996618155950334,-7.139931197858691
1,2543.0,-0.1984532564364083,0.14996611911775734,-7.139931748523116
1,2544.0,-0.1984532625591391,0.14996605688136336,-7.139932297376564
1,2545.0,-0.19845326866166757,0.1499659948503214,-7.139932844419034
1,2546.0,-0.19845327474399366,0.14996593302463143,-7.139933389650523
1,2547.0,-0.19845328080611743,0.14996587140429352,-7.139933933071037
1,2548.0,-0.1984532868480388,0.1499658099893076,-7.139934474680569
1,2549.0,-0.19845329286975788,0.14996574877967372,-7.1399350144791285
1,2550.0,-0.19845329887127455,0.14996568777539185,-7.139935552466706
1,2551.0,-0.1984533048525889,0.149965626976462,-7.13993608864331
1,2552.0,-0.19845331081370088,0.14996556638288416,-7.13993662300893
1,2553.0,-0.1984533167546105,0.14996550599465835,-7.139937155563574
1,2554.0,-0.1984533226753178,0.1499654458117846,-7.139937686307241
1,2555.0,-0.1984533285758227,0.1499653858342628,-7.139938215239927
1,2556.0,-0.19845333445612529,0.14996532606209306,-7.13993874236164
1,2557.0,-0.1984533403162255,0.14996526649527533,-7.1399392676723705
1,2558.0,-0.19845334615612334,0.14996520713380962,-7.1399397911721225
1,2559.0,-0.19845335197581884,0.14996514797769592,-7.139940312860897
1,2560.0,-0.198453357775312,0.14996508902693423,-7.139940832738695
1,2561.0,-0.1984533635546028,0.14996503028152458,-7.139941350805514
1,2562.0,-0.19845336931369123,0.14996497174146695,-7.139941867061352
1,2563.0,-0.19845337505257732,0.14996491340676132,-7.139942381506217
1,2564.0,-0.19845338077126107,0.14996485527740774,-7.139942894140101
1,2565.0,-0.19845338646974245,0.14996479735340615,-7.139943404963006
1,2566.0,-0.19845339214802146,0.1499647396347566,-7.139943913974936
1,2567.0,-0.19845339780609814,0.14996468212145905,-7.139944421175887
1,2568.0,-0.19845340344397244,0.14996462481351355,-7.139944926565857
1,2569.0,-0.1984534090616444,0.14996456771092004,-7.13994543014485
1,2570.0,-0.198453414659114,0.14996451081367856,-7.139945931912865
1,2571.0,-0.19845342023638127,0.1499644541217891,-7.139946431869905
1,2572.0,-0.1984534257934462,0.14996439763525166,-7.139946930015966
1,2573.0,-0.1984534313303087,0.14996434135406625,-7.1399474263510445
1,2574.0,-0.19845343684696892,0.14996428527823283,-7.139947920875149
1,2575.0,-0.19845344234342674,0.14996422940775145,-7.139948413588272
1,2576.0,-0.19845344781968224,0.14996417374262208,-7.13994890449042
1,2577.0,-0.19845345327573535,0.14996411828284473,-7.1399493935815865
1,2578.0,-0.19845345871158612,0.14996406302841941,-7.139949880861775
1,2579.0,-0.19845346412723455,0.14996400797934611,-7.139950366330991
1,2580.0,-0.19845346952268061,0.14996395313562483,-7.1399508499892255
1,2581.0,-0.19845347489792434,0.14996389849725555,-7.13995133183648
1,2582.0,-0.1984534802529657,0.1499638440642383,-7.139951811872755
1,2583.0,-0.1984534855878047,0.14996378983657307,-7.139952290098058
1,2584.0,-0.19845349090244135,0.14996373581425987,-7.13995276651238
1,2585.0,-0.19845349619687563,0.14996368199729868,-7.139953241115722
1,2586.0,-0.19845350147110757,0.1499636283856895,-7.139953713908087
1,2587.0,-0.19845350672513717,0.14996357497943236,-7.139954184889473
1,2588.0,-0.1984535119589644,0.1499635217785272,-7.139954654059883
1,2589.0,-0.19845351717258927,0.1499634687829741,-7.1399551214193115
1,2590.0,-0.1984535223660118,0.14996341599277302,-7.139955586967766
1,2591.0,-0.19845352753923198,0.14996336340792393,-7.13995605070524
1,2592.0,-0.19845353269224977,0.1499633110284269,-7.139956512631736
1,2593.0,-0.19845353782506525,0.14996325885428183,-7.139956972747254
1,2594.0,-0.19845354293767836,0.14996320688548884,-7.139957431051795
1,2595.0,-0.1984535480300891,0.14996315512204783,-7.139957887545355
1,2596.0,-0.1984535531022975,0.14996310356395884,-7.1399583422279385
1,2597.0,-0.19845355815430354,0.1499630522112219,-7.1399587950995445
1,2598.0,-0.19845356318610724,0.14996300106383695,-7.1399592461601715
1,2599.0,-0.19845356819770857,0.14996295012180402,-7.1399596954098214
1,2600.0,-0.19845357318910756,0.14996289938512314,-7.139960142848492
1,2601.0,-0.19845357816030418,0.14996284885379424,-7.139960588476183
1,2602.0,-0.19845358311129846,0.14996279852781738,-7.139961032292897
1,2603.0,-0.19845358804209037,0.14996274840719254,-7.139961474298636
1,2604.0,-0.19845359295267995,0.14996269849191973,-7.139961914493396
1,2605.0,-0.19845359784306715,0.14996264878199891,-7.139962352877174
1,2606.0,-0.19845360271325202,0.14996259927743014,-7.139962789449977
1,2607.0,-0.19845360756323452,0.14996254997821337,-7.139963224211802
1,2608.0,-0.19845361239301468,0.14996250088434862,-7.139963657162647
1,2609.0,-0.19845361720259247,0.14996245199583588,-7.139964088302515
1,2610.0,-0.1984536219919679,0.14996240331267519,-7.139964517631403
1,2611.0,-0.19845362676114098,0.1499623548348665,-7.139964945149315
1,2612.0,-0.19845363151011172,0.14996230656240983,-7.139965370856247
1,2613.0,-0.1984536362388801,0.14996225849530517,-7.139965794752203
1,2614.0,-0.1984536409474461,0.14996221063355256,-7.139966216837178
1,2615.0,-0.19845364563580978,0.14996216297715192,-7.139966637111176
1,2616.0,-0.1984536503039711,0.14996211552610333,-7.139967055574198
1,2617.0,-0.19845365495193007,0.14996206828040679,-7.139967472226242
1,2618.0,-0.19845365957968666,0.14996202124006222,-7.139967887067303
1,2619.0,-0.19845366418724092,0.1499619744050697,-7.139968300097389
1,2620.0,-0.19845366877459283,0.1499619277754292,-7.1399687113165
1,2621.0,-0.19845367334174238,0.1499618813511407,-7.139969120724632
1,2622.0,-0.19845367788868956,0.1499618351322042,-7.139969528321779
1,2623.0,-0.1984536824154344,0.14996178911861974,-7.139969934107955
1,2624.0,-0.19845368692197687,0.1499617433103873,-7.13997033808315
1,2625.0,-0.198453691408317,0.1499616977075069,-7.139970740247365
1,2626.0,-0.19845369587445477,0.1499616523099785,-7.139971140600606
1,2627.0,-0.1984537003203902,0.14996160711780213,-7.139971539142866
1,2628.0,-0.19845370474612326,0.14996156213097775,-7.139971935874149
1,2629.0,-0.19845370915165397,0.1499615173495054,-7.139972330794453
1,2630.0,-0.19845371353698232,0.1499614727733851,-7.139972723903777
1,2631.0,-0.19845371790210833,0.1499614284026168,-7.139973115202126
1,2632.0,-0.19845372224703198,0.1499613842372005,-7.139973504689498
1,2633.0,-0.19845372657175328,0.14996134027713626,-7.139973892365892
1,2634.0,-0.19845373087627222,0.14996129652242401,-7.139974278231302
1,2635.0,-0.19845373516058878,0.14996125297306379,-7.139974662285738
1,2636.0,-0.198453739424703,0.14996120962905557,-7.139975044529195
1,2637.0,-0.1984537436686149,0.1499611664903994,-7.139975424961673
1,2638.0,-0.19845374789232442,0.14996112355709523,-7.139975803583177
1,2639.0,-0.1984537520958316,0.14996108082914308,-7.139976180393702
1,2640.0,-0.19845375624448508,0.14996103865877278,-7.139976552287035
1,2641.0,-0.1984537603496173,0.1499609969307926,-7.139976920279033
1,2642.0,-0.19845376444204835,0.14996095533191683,-7.139977287132479
1,2643.0,-0.1984537685217783,0.1499609138621455,-7.139977652847371
1,2644.0,-0.1984537725888071,0.14996087252147855,-7.139978017423708
1,2645.0,-0.19845377664313477,0.14996083130991605,-7.139978380861494
1,2646.0,-0.19845378068476133,0.14996079022745795,-7.139978743160727
1,2647.0,-0.19845378471368674,0.14996074927410427,-7.139979104321403
1,2648.0,-0.19845378872991107,0.149960708449855,-7.139979464343528
1,2649.0,-0.19845379273343422,0.14996066775471015,-7.139979823227096
1,2650.0,-0.19845379672425628,0.1499606271886697,-7.139980180972114
1,2651.0,-0.1984538007023772,0.1499605867517337,-7.1399805375785785
1,2652.0,-0.198453804667797,0.1499605464439021,-7.139980893046486
1,2653.0,-0.19845380862051568,0.1499605062651749,-7.139981247375845
1,2654.0,-0.1984538125605332,0.14996046621555215,-7.139981600566647
1,2655.0,-0.19845381648784963,0.14996042629503378,-7.139981952618896
1,2656.0,-0.19845382040246493,0.14996038650361984,-7.139982303532592
1,2657.0,-0.19845382430437908,0.14996034684131032,-7.139982653307733
1,2658.0,-0.1984538281935921,0.14996030730810522,-7.13998300194432
1,2659.0,-0.19845383207010403,0.14996026790400455,-7.139983349442356
1,2660.0,-0.1984538359339148,0.14996022862900826,-7.1399836958018374
1,2661.0,-0.19845383978502446,0.1499601894831164,-7.139984041022765
1,2662.0,-0.198453843623433,0.14996015046632896,-7.13998438510514
1,2663.0,-0.19845384744914038,0.14996011157864594,-7.139984728048958
1,2664.0,-0.19845385126214665,0.14996007282006735,-7.139985069854224
1,2665.0,-0.1984538550624518,0.14996003419059314,-7.139985410520937
1,2666.0,-0.19845385885005581,0.1499599956902234,-7.139985750049098
1,2667.0,-0.19845386262495873,0.14995995731895803,-7.139986088438704
1,2668.0,-0.19845386638716048,0.14995991907679707,-7.139986425689754
1,2669.0,-0.19845387013666113,0.14995988096374055,-7.139986761802254
1,2670.0,-0.19845387387346064,0.14995984297978843,-7.139987096776197
1,2671.0,-0.19845387759755903,0.14995980512494075,-7.139987430611589
1,2672.0,-0.19845388130895628,0.14995976739919747,-7.139987763308427
1,2673.0,-0.19845388500765243,0.14995972980255862,-7.1399880948667125
1,2674.0,-0.19845388869364744,0.14995969233502415,-7.139988425286445
1,2675.0,-0.1984538923669413,0.14995965499659414,-7.139988754567619
1,2676.0,-0.19845389602753405,0.14995961778726852,-7.13998908271024
1,2677.0,-0.19845389967542568,0.14995958070704732,-7.13998940971431
1,2678.0,-0.1984539033106162,0.14995954375593054,-7.139989735579828
1,2679.0,-0.19845390693310555,0.14995950693391819,-7.139990060306792
1,2680.0,-0.1984539105428938,0.14995947024101022,-7.139990383895201
1,2681.0,-0.19845391413998092,0.1499594336772067,-7.139990706345055
1,2682.0,-0.1984539177243669,0.1499593972425076,-7.139991027656356
1,2683.0,-0.19845392129605177,0.1499593609369129,-7.139991347829104
1,2684.0,-0.19845392485503552,0.1499593247604226,-7.1399916668633
1,2685.0,-0.19845392840131812,0.14995928871303674,-7.139991984758939
1,2686.0,-0.1984539319348996,0.14995925279475528,-7.139992301516028
1,2687.0,-0.19845393545577997,0.14995921700557824,-7.13999261713456
1,2688.0,-0.19845393896395921,0.14995918134550562,-7.139992931614542
1,2689.0,-0.19845394245943732,0.14995914581453743,-7.139993244955968
1,2690.0,-0.1984539459422143,0.14995911041267365,-7.139993557158841
1,2691.0,-0.19845394941229014,0.14995907513991427,-7.1399938682231605
1,2692.0,-0.19845395286966486,0.1499590399962593,-7.139994178148927
1,2693.0,-0.19845395631433846,0.14995900498170878,-7.1399944869361365
1,2694.0,-0.19845395974631094,0.14995897009626266,-7.139994794584796
1,2695.0,-0.19845396316558228,0.14995893533992097,-7.139995101094903
1,2696.0,-0.1984539665721525,0.14995890071268367,-7.139995406466454
1,2697.0,-0.19845396996602158,0.1499588662145508,-7.13999571069945
1,2698.0,-0.19845397334718956,0.14995883184552233,-7.139996013793895
1,2699.0,-0.19845397671565637,0.1499587976055983,-7.1399963157497846
1,2700.0,-0.1984539800714221,0.14995876349477869,-7.139996616567124
1,2701.0,-0.19845398341448667,0.14995872951306347,-7.139996916245906
1,2702.0,-0.19845398674485012,0.14995869566045267,-7.139997214786134
1,2703.0,-0.19845399006251246,0.1499586619369463,-7.1399975121878105
1,2704.0,-0.19845399336747366,0.14995862834254434,-7.139997808450934
1,2705.0,-0.19845399665973373,0.1499585948772468,-7.139998103575501
1,2706.0,-0.1984539999392927,0.14995856154105366,-7.139998397561518
1,2707.0,-0.19845400320615053,0.14995852833396497,-7.139998690408983
1,2708.0,-0.19845400646030723,0.14995849525598068,-7.1399989821178895
1,2709.0,-0.19845400970176277,0.1499584623071008,-7.139999272688241
1,2710.0,-0.19845401293051723,0.14995842948732532,-7.139999562120045
1,2711.0,-0.19845401614657054,0.1499583967966543,-7.139999850413291
1,2712.0,-0.19845401934992274,0.14995836423508765,-7.140000137567985
1,2713.0,-0.1984540225405738,0.14995833180262544,-7.140000423584125
1,2714.0,-0.19845402571852372,0.14995829949926764,-7.14000070846171
1,2715.0,-0.19845402888377253,0.14995826732501427,-7.140000992200744
1,2716.0,-0.19845403203632023,0.1499582352798653,-7.140001274801225
1,2717.0,-0.19845403517616678,0.14995820336382076,-7.140001556263151
1,2718.0,-0.1984540383033122,0.14995817157688063,-7.140001836586523
1,2719.0,-0.1984540414177565,0.1499581399190449,-7.14000211577134
1,2720.0,-0.1984540445194997,0.1499581083903136,-7.140002393817607
1,2721.0,-0.19845404760854174,0.14995807699068672,-7.140002670725319
1,2722.0,-0.19845405068488264,0.14995804572016425,-7.140002946494475
1,2723.0,-0.19845405374852243,0.14995801457874622,-7.140003221125077
1,2724.0,-0.1984540567994611,0.14995798356643256,-7.140003494617126
1,2725.0,-0.19845405983769865,0.14995795268322334,-7.140003766970625
1,2726.0,-0.19845406286323505,0.14995792192911855,-7.140004038185567
1,2727.0,-0.19845406587607034,0.14995789130411816,-7.140004308261957
1,2728.0,-0.1984540688762045,0.14995786080822218,-7.140004577199797
1,2729.0,-0.19845407186363753,0.14995783044143063,-7.140004844999078
1,2730.0,-0.19845407483836947,0.1499578002037435,-7.140005111659809
1,2731.0,-0.19845407780040022,0.1499577700951608,-7.140005377181982
1,2732.0,-0.1984540807497299,0.14995774011568247,-7.140005641565603
1,2733.0,-0.19845408368635842,0.14995771026530857,-7.140005904810673
1,2734.0,-0.19845408661028582,0.1499576805440391,-7.140006166917188
1,2735.0,-0.19845408952151208,0.14995765095187405,-7.140006427885147
1,2736.0,-0.19845409242003723,0.14995762148881342,-7.1400066877145525
1,2737.0,-0.19845409530586125,0.14995759215485718,-7.140006946405406
1,2738.0,-0.19845409817898416,0.14995756295000537,-7.140007203957708
1,2739.0,-0.19845410103940592,0.149957533874258,-7.140007460371454
1,2740.0,-0.19845410388712656,0.149957504927615,-7.1400077156466475
1,2741.0,-0.19845410672214606,0.14995747611007645,-7.1400079697832854
1,2742.0,-0.19845410954446444,0.14995744742164233,-7.140008222781371
1,2743.0,-0.1984541123540817,0.1499574188623126,-7.1400084746409025
1,2744.0,-0.19845411515099784,0.14995739043208728,-7.140008725361884
1,2745.0,-0.19845411793521284,0.1499573621309664,-7.140008974944308
1,2746.0,-0.19845412070672672,0.1499573339589499,-7.14000922338818
1,2747.0,-0.19845412346553948,0.14995730591603784,-7.140009470693497
1,2748.0,-0.1984541262116511,0.1499572780022302,-7.14000971686026
1,2749.0,-0.1984541289450616,0.14995725021752696,-7.1400099618884685
1,2750.0,-0.19845413166577097,0.14995722256192814,-7.140010205778128
1,2751.0,-0.1984541343737792,0.14995719503543375,-7.140010448529233
1,2752.0,-0.19845413706908632,0.14995716763804376,-7.14001069014178
1,2753.0,-0.19845413975169232,0.1499571403697582,-7.140010930615777
1,2754.0,-0.1984541424215972,0.14995711323057706,-7.140011169951223
1,2755.0,-0.19845414507880094,0.14995708622050033,-7.140011408148112
1,2756.0,-0.19845414772330353,0.14995705933952802,-7.140011645206443
1,2757.0,-0.19845415035510502,0.1499570325876601,-7.140011881126226
1,2758.0,-0.19845415297420538,0.1499570059648966,-7.140012115907453
1,2759.0,-0.1984541555806046,0.14995697947123757,-7.140012349550128
1,2760.0,-0.1984541581743027,0.14995695310668292,-7.140012582054247
1,2761.0,-0.1984541607552997,0.14995692687123266,-7.140012813419819
1,2762.0,-0.19845416332359553,0.14995690076488685,-7.140013043646828
1,2763.0,-0.19845416586992104,0.14995687488186651,-7.140013271904378
1,2764.0,-0.19845416836465712,0.14995684952324947,-7.140013495537354
1,2765.0,-0.19845417085194592,0.14995682424033255,-7.140013718502739
1,2766.0,-0.19845417333178747,0.1499567990331157,-7.140013940800536
1,2767.0,-0.19845417580418176,0.14995677390159895,-7.14001416243075
1,2768.0,-0.1984541782691288,0.14995674884578228,-7.140014383393377
1,2769.0,-0.1984541807266286,0.1499567238656657,-7.140014603688417
1,2770.0,-0.19845418317668112,0.14995669896124922,-7.140014823315868
1,2771.0,-0.19845418561928638,0.14995667413253283,-7.140015042275735
1,2772.0,-0.1984541880544444,0.14995664937951653,-7.140015260568015
1,2773.0,-0.19845419048215518,0.1499566247022003,-7.140015478192709
1,2774.0,-0.19845419290241867,0.14995660010058418,-7.140015695149819
1,2775.0,-0.19845419531523492,0.14995657557466816,-7.14001591143934
1,2776.0,-0.19845419772060394,0.1499565511244522,-7.140016127061275
1,2777.0,-0.19845420011852566,0.14995652674993634,-7.140016342015623
1,2778.0,-0.19845420250900014,0.14995650245112058,-7.140016556302385
1,2779.0,-0.1984542048920274,0.1499564782280049,-7.140016769921562
1,2780.0,-0.19845420726760737,0.14995645408058933,-7.140016982873153
1,2781.0,-0.1984542096357401,0.14995643000887382,-7.140017195157154
1,2782.0,-0.19845421199642554,0.14995640601285842,-7.14001740677357
1,2783.0,-0.19845421434966376,0.1499563820925431,-7.140017617722401
1,2784.0,-0.1984542166954547,0.14995635824792788,-7.1400178280036455
1,2785.0,-0.19845421903379842,0.14995633447901274,-7.140018037617305
1,2786.0,-0.19845422136469484,0.14995631078579771,-7.140018246563373
1,2787.0,-0.19845422368814405,0.14995628716828274,-7.1400184548418615
1,2788.0,-0.19845422600414597,0.14995626362646788,-7.140018662452757
1,2789.0,-0.19845422831270065,0.1499562401603531,-7.140018869396071
1,2790.0,-0.19845423061380807,0.14995621676993845,-7.140019075671792
1,2791.0,-0.19845423290746825,0.14995619345522385,-7.140019281279933
1,2792.0,-0.19845423519368116,0.14995617021620933,-7.140019486220487
1,2793.0,-0.1984542374724468,0.14995614705289492,-7.140019690493452
1,2794.0,-0.19845423974376522,0.1499561239652806,-7.140019894098835
1,2795.0,-0.19845424200763637,0.14995610095336637,-7.140020097036626
1,2796.0,-0.19845424426406025,0.14995607801715222,-7.140020299306832
1,2797.0,-0.1984542465130369,0.14995605515663818,-7.140020500909453
1,2798.0,-0.19845424875456627,0.1499560323718242,-7.140020701844488
1,2799.0,-0.19845425098864838,0.14995600966271033,-7.140020902111935
1,2800.0,-0.19845425321528326,0.14995598702929655,-7.1400211017118
1,2801.0,-0.19845425543447087,0.14995596447158285,-7.140021300644074
1,2802.0,-0.19845425764621125,0.14995594198956927,-7.140021498908766
1,2803.0,-0.19845425985050433,0.14995591958325574,-7.1400216965058645
1,2804.0,-0.19845426204735017,0.14995589725264233,-7.140021893435381
1,2805.0,-0.19845426423674878,0.149955874997729,-7.140022089697312
1,2806.0,-0.19845426641870012,0.14995585281851576,-7.140022285291657
1,2807.0,-0.1984542685932042,0.1499558307150026,-7.140022480218413
1,2808.0,-0.19845427076026104,0.14995580868718955,-7.140022674477581
1,2809.0,-0.19845427291987058,0.14995578673507656,-7.140022868069166
1,2810.0,-0.19845427507203292,0.1499557648586637,-7.1400230609931645
1,2811.0,-0.19845427721674797,0.1499557430579509,-7.140023253249574
1,2812.0,-0.19845427935401577,0.1499557213329382,-7.140023444838402
1,2813.0,-0.19845428148383631,0.1499556996836256,-7.14002363575964
1,2814.0,-0.19845428360620962,0.14995567811001306,-7.140023826013291
1,2815.0,-0.19845428572113566,0.14995565661210064,-7.140024015599358
1,2816.0,-0.19845428782861443,0.1499556351898883,-7.140024204517837
1,2817.0,-0.19845428992864597,0.14995561384337605,-7.14002439276873
1,2818.0,-0.19845429202123024,0.14995559257256388,-7.140024580352036
1,2819.0,-0.19845429410636728,0.1499555713774518,-7.140024767267759
1,2820.0,-0.19845429618405702,0.14995555025803983,-7.1400249535158915
1,2821.0,-0.19845429825429953,0.14995552921432795,-7.14002513909644
1,2822.0,-0.1984543003170948,0.14995550824631615,-7.140025324009401
1,2823.0,-0.1984543023724428,0.14995548735400444,-7.1400255082547766
1,2824.0,-0.19845430442034354,0.1499554665373928,-7.140025691832564
1,2825.0,-0.198454306460797,0.1499554457964813,-7.140025874742766
1,2826.0,-0.19845430849380324,0.14995542513126983,-7.140026056985382
1,2827.0,-0.19845431051936221,0.14995540454175849,-7.1400262385604085
1,2828.0,-0.19845431253747395,0.14995538402794722,-7.140026419467855
1,2829.0,-0.19845431454813842,0.14995536358983605,-7.140026599707712
1,2830.0,-0.19845431655135562,0.149955343227425,-7.14002677927998
1,2831.0,-0.19845431854712556,0.14995532294071398,-7.140026958184661
1,2832.0,-0.19845432053544826,0.1499553027297031,-7.14002713642176
1,2833.0,-0.19845432251632372,0.14995528259439228,-7.140027313991272
1,2834.0,-0.1984543244897519,0.14995526253478156,-7.140027490893194
1,2835.0,-0.19845432645573283,0.14995524255087092,-7.140027667127534
1,2836.0,-0.19845432841426652,0.1499552226426604,-7.140027842694287
1,2837.0,-0.19845433036535293,0.14995520281014996,-7.140028017593452
1,2838.0,-0.1984543323089921,0.14995518305333957,-7.140028191825028
1,2839.0,-0.19845433424518402,0.1499551633722293,-7.140028365389023
1,2840.0,-0.19845433617392866,0.14995514376681915,-7.140028538285428
1,2841.0,-0.19845433809522606,0.14995512423710905,-7.140028710514246
1,2842.0,-0.19845434000907622,0.14995510478309906,-7.140028882075482
1,2843.0,-0.19845434191547912,0.14995508540478913,-7.140029052969129
1,2844.0,-0.19845434381443475,0.14995506610217932,-7.140029223195191
1,2845.0,-0.1984543457059431,0.1499550468752696,-7.140029392753663
1,2846.0,-0.19845434759000424,0.14995502772405997,-7.140029561644551
1,2847.0,-0.1984543494666181,0.1499550086485504,-7.1400297298678534
1,2848.0,-0.19845435133578473,0.14995498964874096,-7.140029897423569
1,2849.0,-0.1984543531975041,0.1499549707246316,-7.140030064311697
1,2850.0,-0.1984543550517762,0.14995495187622232,-7.140030230532239
1,2851.0,-0.19845435689860103,0.14995493310351313,-7.140030396085193
1,2852.0,-0.19845435873797862,0.14995491440650402,-7.140030560970564
1,2853.0,-0.19845436056990898,0.14995489578519502,-7.140030725188348
1,2854.0,-0.19845436239439204,0.1499548772395861,-7.1400308887385435
1,2855.0,-0.19845436421142787,0.14995485876967726,-7.140031051621152
1,2856.0,-0.19845436602101646,0.14995484037546852,-7.140031213836179
1,2857.0,-0.19845436782315776,0.1499548220569599,-7.140031375383615
1,2858.0,-0.19845436961785182,0.14995480381415133,-7.140031536263468
1,2859.0,-0.19845437140509864,0.14995478564704287,-7.140031696475731
1,2860.0,-0.19845437318489817,0.1499547675556345,-7.140031856020409
1,2861.0,-0.19845437495725046,0.14995474953992619,-7.1400320148975
1,2862.0,-0.19845437672215552,0.149954731599918,-7.1400321731070076
1,2863.0,-0.1984543784796133,0.1499547137356099,-7.140032330648927
1,2864.0,-0.19845438022962383,0.1499546959470019,-7.140032487523259
1,2865.0,-0.1984543819721871,0.14995467823409395,-7.140032643730005
1,2866.0,-0.19845438370730312,0.1499546605968861,-7.140032799269167
1,2867.0,-0.19845438543497188,0.14995464303537837,-7.1400329541407395
1,2868.0,-0.1984543871551934,0.1499546255495707,-7.140033108344726
1,2869.0,-0.19845438886796765,0.14995460813946315,-7.140033261881128
1,2870.0,-0.19845439057329464,0.14995459080505566,-7.140033414749942
1,2871.0,-0.19845439227117437,0.14995457354634828,-7.140033566951168
1,2872.0,-0.19845439396160686,0.14995455636334099,-7.140033718484811
1,2873.0,-0.19845439564459208,0.14995453925603378,-7.140033869350866
1,2874.0,-0.19845439732013007,0.14995452222442668,-7.140034019549334
1,2875.0,-0.1984543989882208,0.14995450526851964,-7.1400341690802165
1,2876.0,-0.19845440064886424,0.1499544883883127,-7.140034317943513
1,2877.0,-0.19845440230206046,0.14995447158380587,-7.140034466139224
1,2878.0,-0.19845440394780942,0.14995445485499911,-7.140034613667347
1,2879.0,-0.1984544055861111,0.14995443820189244,-7.140034760527883
1,2880.0,-0.19845440721696556,0.14995442162448586,-7.140034906720834
1,2881.0,-0.19845440884037274,0.14995440512277938,-7.140035052246199
1,2882.0,-0.1984544104563327,0.149954388696773,-7.1400351971039795
1,2883.0,-0.19845441206484535,0.1499543723464667,-7.14003534129417
1,2884.0,-0.19845441366591077,0.14995435607186047,-7.140035484816771
1,2885.0,-0.19845441525952895,0.14995433987295434,-7.140035627671791
1,2886.0,-0.19845441684569987,0.14995432374974832,-7.140035769859225
1,2887.0,-0.19845441842442352,0.14995430770224236,-7.140035911379071
1,2888.0,-0.1984544199956999,0.1499542917304365,-7.14003605223133
1,2889.0,-0.19845442155952905,0.14995427583433074,-7.140036192416002
1,2890.0,-0.19845442311591094,0.14995426001392506,-7.140036331933089
1,2891.0,-0.19845442466484559,0.1499542442692195,-7.140036470782588
1,2892.0,-0.19845442620633297,0.14995422860021398,-7.140036608964503
1,2893.0,-0.19845442774037308,0.1499542130069086,-7.14003674647883
1,2894.0,-0.19845442926696596,0.14995419748930328,-7.140036883325574
1,2895.0,-0.19845443078611158,0.14995418204739805,-7.140037019504729
1,2896.0,-0.19845443229780993,0.14995416668119294,-7.140037155016294
1,2897.0,-0.19845443380206104,0.14995415139068788,-7.140037289860279
1,2898.0,-0.1984544352988649,0.14995413617588293,-7.140037424036673
1,2899.0,-0.19845443678822147,0.14995412103677805,-7.14003755754548
1,2900.0,-0.19845443827013082,0.1499541059733733,-7.140037690386706
1,2901.0,-0.1984544397445929,0.14995409098566861,-7.140037822560342
1,2902.0,-0.1984544412116077,0.149954076073664,-7.1400379540663925
1,2903.0,-0.1984544426711753,0.14995406123735952,-7.140038084904855
1,2904.0,-0.1984544441232956,0.1499540464767551,-7.140038215075732
1,2905.0,-0.19845444556796865,0.14995403179185077,-7.140038344579023
1,2906.0,-0.19845444699263096,0.149954017310354,-7.140038472288509
1,2907.0,-0.1984544483865637,0.14995400314122062,-7.140038597243339
1,2908.0,-0.19845444977651583,0.14995398901255,-7.140038721841342
1,2909.0,-0.19845445116248728,0.14995397492434215,-7.140038846082506
1,2910.0,-0.19845445254447808,0.14995396087659701,-7.140038969966835
1,2911.0,-0.19845445392248823,0.14995394686931465,-7.1400390934943365
1,2912.0,-0.19845445529651773,0.14995393290249504,-7.140039216665
1,2913.0,-0.19845445666656655,0.14995391897613816,-7.140039339478831
1,2914.0,-0.19845445803263476,0.14995390509024403,-7.140039461935829
1,2915.0,-0.19845445939472228,0.14995389124481265,-7.1400395840359945
1,2916.0,-0.19845446075282916,0.14995387743984404,-7.140039705779325
1,2917.0,-0.1984544621069554,0.14995386367533814,-7.140039827165824
1,2918.0,-0.19845446345710097,0.14995384995129502,-7.140039948195486
1,2919.0,-0.1984544648032659,0.14995383626771464,-7.140040068868315
1,2920.0,-0.19845446614545015,0.149953822624597,-7.140040189184312
1,2921.0,-0.19845446748365378,0.1499538090219421,-7.140040309143479
1,2922.0,-0.19845446881787673,0.14995379545974996,-7.140040428745807
1,2923.0,-0.19845447014811904,0.14995378193802059,-7.140040547991302
1,2924.0,-0.1984544714743807,0.14995376845675396,-7.140040666879966
1,2925.0,-0.1984544727966617,0.14995375501595004,-7.140040785411798
1,2926.0,-0.19845447411496203,0.1499537416156089,-7.140040903586791
1,2927.0,-0.19845447542928174,0.1499537282557305,-7.140041021404954
1,2928.0,-0.19845447673962077,0.14995371493631487,-7.140041138866285
1,2929.0,-0.19845447804597915,0.14995370165736197,-7.140041255970781
1,2930.0,-0.19845447934835692,0.14995368841887183,-7.140041372718445
1,2931.0,-0.19845448064675397,0.14995367522084443,-7.14004148910927
1,2932.0,-0.1984544819411704,0.14995366206327976,-7.140041605143265
1,2933.0,-0.1984544832316062,0.14995364894617788,-7.140041720820427
1,2934.0,-0.1984544845180613,0.14995363586953872,-7.140041836140758
1,2935.0,-0.19845448580053576,0.1499536228333623,-7.140041951104251
1,2936.0,-0.1984544870790296,0.14995360983764866,-7.140042065710914
1,2937.0,-0.19845448835354276,0.14995359688239773,-7.140042179960741
1,2938.0,-0.19845448962407525,0.14995358396760958,-7.140042293853735
1,2939.0,-0.1984544908906271,0.14995357109328417,-7.140042407389897
1,2940.0,-0.19845449215319833,0.1499535582594215,-7.140042520569223
1,2941.0,-0.19845449341178886,0.1499535454660216,-7.14004263339172
1,2942.0,-0.19845449466639875,0.14995353271308443,-7.14004274585738
1,2943.0,-0.198454495917028,0.14995352000061002,-7.140042857966204
1,2944.0,-0.19845449716367658,0.14995350732859833,-7.140042969718199
1,2945.0,-0.19845449840634452,0.1499534946970494,-7.140043081113359
1,2946.0,-0.1984544996450318,0.14995348210596324,-7.140043192151688
1,2947.0,-0.19845450087973843,0.14995346955533984,-7.140043302833179
1,2948.0,-0.19845450211046442,0.14995345704517915,-7.1400434131578425
1,2949.0,-0.19845450333720974,0.14995344457548124,-7.1400435231256685
1,2950.0,-0.1984545045599744,0.14995343214624604,-7.140043632736659
1,2951.0,-0.19845450577875842,0.14995341975747362,-7.1400437419908185
1,2952.0,-0.19845450699356176,0.14995340740916394,-7.1400438508881425
1,2953.0,-0.19845450820438448,0.149953395101317,-7.1400439594286365
1,2954.0,-0.19845450941122653,0.14995338283393284,-7.140044067612295
1,2955.0,-0.19845451061408795,0.1499533706070114,-7.1400441754391215
1,2956.0,-0.1984545118129687,0.1499533584205527,-7.140044282909113
1,2957.0,-0.1984545130078688,0.14995334627455678,-7.140044390022272
1,2958.0,-0.1984545141987882,0.1499533341690236,-7.140044496778595
1,2959.0,-0.198454515385727,0.14995332210395315,-7.1400446031780875
1,2960.0,-0.19845451656868515,0.14995331007934545,-7.140044709220747
1,2961.0,-0.19845451774766262,0.1499532980952005,-7.140044814906572
1,2962.0,-0.19845451892265945,0.14995328615151832,-7.14004492023556
1,2963.0,-0.19845452009367562,0.14995327424829888,-7.140045025207718
1,2964.0,-0.19845452126071114,0.14995326238554216,-7.140045129823042
1,2965.0,-0.19845452242376602,0.1499532505632482,-7.1400452340815335
1,2966.0,-0.19845452358284024,0.14995323878141703,-7.140045337983191
1,2967.0,-0.1984545247379338,0.14995322704004857,-7.140045441528015
1,2968.0,-0.1984545258890467,0.14995321533914285,-7.1400455447160045
1,2969.0,-0.19845452703617894,0.1499532036786999,-7.140045647547162
1,2970.0,-0.19845452817933054,0.1499531920587197,-7.140045750021484
1,2971.0,-0.1984545293185015,0.14995318047920225,-7.140045852138973
1,2972.0,-0.1984545304536918,0.14995316894014754,-7.140045953899631
1,2973.0,-0.19845453158490145,0.14995315744155557,-7.140046055303455
1,2974.0,-0.19845453271213043,0.14995314598342638,-7.140046156350445
1,2975.0,-0.19845453383537875,0.1499531345657599,-7.1400462570405985
1,2976.0,-0.19845453495464643,0.1499531231885562,-7.1400463573739215
1,2977.0,-0.19845453606993346,0.14995311185181523,-7.14004645735041
1,2978.0,-0.19845453718123984,0.149953100555537,-7.1400465569700655
1,2979.0,-0.19845453828856557,0.14995308929972154,-7.1400466562328875
1,2980.0,-0.19845453939191063,0.1499530780843688,-7.1400467551388775
1,2981.0,-0.19845454049127506,0.14995306690947885,-7.140046853688034
1,2982.0,-0.19845454158665882,0.14995305577505164,-7.140046951880356
1,2983.0,-0.19845454267806192,0.14995304468108714,-7.140047049715844
1,2984.0,-0.19845454376548438,0.1499530336275854,-7.1400471471945
1,2985.0,-0.19845454484892616,0.14995302261454643,-7.140047244316316
1,2986.0,-0.19845454592838732,0.14995301164197022,-7.140047341081305
1,2987.0,-0.1984545470038678,0.14995300070985673,-7.140047437489459
1,2988.0,-0.19845454807536766,0.149952989818206,-7.1400475335407805
1,2989.0,-0.19845454914288685,0.149952978967018,-7.14004762923527
1,2990.0,-0.19845455020642538,0.14995296815629278,-7.140047724572921
1,2991.0,-0.19845455126598327,0.1499529573860303,-7.140047819553744
1,2992.0,-0.19845455232156048,0.14995294665623057,-7.140047914177731
1,2993.0,-0.19845455337315707,0.14995293596689357,-7.140048008444883
1,2994.0,-0.19845455442077298,0.14995292531801935,-7.140048102355203
1,2995.0,-0.19845455546440824,0.14995291470960784,-7.140048195908687
1,2996.0,-0.19845455650406288,0.1499529041416591,-7.1400482891053425
1,2997.0,-0.19845455753973681,0.1499528936141731,-7.140048381945162
1,2998.0,-0.19845455857143013,0.14995288312714986,-7.140048474428147
1,2999.0,-0.1984545595991428,0.14995287268058935,-7.140048566554302
1,3000.0,-0.19845456062287478,0.14995286227449162,-7.14004865832362
2,0.0,0.19237467086602467,0.3034500072229973,27.89464051988813
2,1.0,0.1936556027135952,0.2979140144569147,28.00946573131652
2,2.0,0.1947758461696055,0.29247101273371395,28.109886524141373
2,3.0,0.19573948117748463,0.28712345857923127,28.196268632392783
2,4.0,0.19655087497927676,0.2818734816485021,28.269003544105047
2,5.0,0.19721458091342595,0.2767228861894513,28.32849942935413
2,6.0,0.19773546954952484,0.27167320891908275,28.375192895430516
2,7.0,0.19811840113319423,0.2667256529597259,28.409519624163853
2,8.0,0.19836856299787867,0.2618811872492337,28.43194461816973
2,9.0,0.19849104002360282,0.2571404886020166,28.442923695940777
2,10.0,0.1984911151035696,0.25250400331017864,28.442930426254403
2,11.0,0.19837407978867508,0.2479719411473535,28.43243915398037
2,12.0,0.19814511734094387,0.24354429707021366,28.41191451676429
2,13.0,0.1978096049362423,0.23922085794550832,28.381838535064112
2,14.0,0.19737271905858797,0.23500122927055428,28.34267523893179
2,15.0,0.19683955864696695,0.23088485273118586,28.294881707132465
2,16.0,0.196215325165076,0.22687098584457127,28.238924208944912
2,17.0,0.19550498603851238,0.2229587607724079,28.175248034019432
2,18.0,0.19471337895854374,0.21914718881426565,28.104286842369774
2,19.0,0.19384533280174956,0.21543514038310907,28.02647350384397
2,20.0,0.19290554860882042,0.21182137552763686,27.94222942883341
2,21.0,0.1918985183383618,0.2083045816284929,27.851957285206485
2,22.0,0.19082860453120157,0.20488336306788346,27.756048139571348
2,23.0,0.18970005382170876,0.20155624434782426,27.65488266845675
2,24.0,0.18851702945854432,0.19832165857569883,27.548834073535073
2,25.0,0.18728346238917754,0.19517801596787143,27.438254732550003
2,26.0,0.18600313908165272,0.1921236800445552,27.323484071829796
2,27.0,0.18467969986329769,0.18915697534497075,27.204848417365856
2,28.0,0.18331663795912073,0.18627619476943397,27.082660908612798
2,29.0,0.1819172916211684,0.18347961166993068,26.957220792948828
2,30.0,0.18048489432983933,0.18076545548320774,26.82881792581873
2,31.0,0.17902249018402405,0.17813196755235539,26.697725186142165
2,32.0,0.17753298120724334,0.1755773825064835,26.564202716927504
2,33.0,0.1760191298738576,0.17309993312202057,26.42849815172612
2,34.0,0.17448356198087256,0.1706978548154696,26.290846872066655
2,35.0,0.17292876986267866,0.1683693897416956,26.15147229563044
2,36.0,0.17135711595922823,0.16611279046840868,26.010586196109827
2,37.0,0.16977083663629663,0.16392632326917872,25.8683890456638
2,38.0,0.16817204623312085,0.16180827102992293,25.725070377756115
2,39.0,0.16656274126674073,0.15975693580066375,25.580809164040634
2,40.0,0.1649448047582998,0.15777064099999735,25.435774202179243
2,41.0,0.16332001062668444,0.1558477333006423,25.290124509696234
2,42.0,0.16169002811587999,0.15398658420974123,25.144009720855077
2,43.0,0.1600564262119887,0.1521855913717539,24.997570482608403
2,44.0,0.15842067802211124,0.15044317961034673,24.850938847129502
2,45.0,0.1567841650796969,0.14875780173744807,24.704238657752196
2,46.0,0.15514818155621357,0.1471279391465145,24.557585926513124
2,47.0,0.15351393835191243,0.14555210221807352,24.4110892008558
2,48.0,0.15188255943063736,0.14402884196871238,24.2648492350758
2,49.0,0.15025508470557092,0.14255675354384656,24.118959249004693
2,50.0,0.14863250167898626,0.14113443561981612,23.973507764258596
2,51.0,0.14701572530645826,0.13976052389173516,23.828576799227122
2,52.0,0.14540560633685304,0.13843368329048428,23.684242616686163
2,53.0,0.1438029345182474,0.13715260757957487,23.540576011182726
2,54.0,0.14220844161571114,0.13591601889526975,23.397642579554773
2,55.0,0.14062279373344808,0.13472269043795543,23.2555020326731
2,56.0,0.13904659094143965,0.1335714577136412,23.11420816197292
2,57.0,0.13748041383293422,0.13246112654429684,22.973813012957365
2,58.0,0.13592479292536072,0.13139053766486397,22.834364142236154
2,59.0,0.13438021442575282,0.13035855725169027,22.695905134349356
2,60.0,0.13284711488045509,0.12936409938294624,22.55847512215671
2,61.0,0.13132587057677345,0.12840617151952652,22.42210783678101
2,62.0,0.12981685446679564,0.12748371644601109,22.28683671036966
2,63.0,0.1283204024927313,0.1265957062514812,22.152691857432902
2,64.0,0.12683681518788706,0.12574113934273753,22.01970021835834
2,65.0,0.12536633523711108,0.12491915388623004,21.88788354788575
2,66.0,0.12390920355865596,0.12412880780798194,21.757263442393842
2,67.0,0.12246563737591636,0.12336916728495383,21.627859374208388
2,68.0,0.12103582254804894,0.12263933814969666,21.49968800410411
2,69.0,0.11961990252918536,0.12193856960373546,21.372762191587185
2,70.0,0.11821802164407638,0.12126599752212207,21.247094874207765
2,71.0,0.11683030225668098,0.1206207703916029,21.122697020908102
2,72.0,0.11545683619205767,0.12000215826139127,20.999576863064263
2,73.0,0.11409769841613794,0.11940944693521496,20.877741120767528
2,74.0,0.1127529562720634,0.11884183318158115,20.757195830787516
2,75.0,0.11142265522998884,0.11829860007836546,20.637945069156967
2,76.0,0.11010682381157616,0.11777914656650444,20.519991392612887
2,77.0,0.10880548115109274,0.1172827231604475,20.403336516388052
2,78.0,0.10751863126788987,0.11680865431650626,20.287980800784904
2,79.0,0.10624626986943925,0.11635640994510897,20.17392386101289
2,80.0,0.10498837564195428,0.11592529019334534,20.061163786462902
2,81.0,0.10374491944729763,0.11551468304190368,19.949697965135883
2,82.0,0.10251587104652131,0.11512410389173768,19.839523686353978
2,83.0,0.10130117456341255,0.11475288908244195,19.73063594126526
2,84.0,0.10010078011675247,0.11440052148403088,19.623030258420677
2,85.0,0.09891463168888635,0.11406652099174487,19.516701616289172
2,86.0,0.09774264418975781,0.11375026009745924,19.411642387233314
2,87.0,0.09658476376534977,0.1134513519565427,19.30784774367471
2,88.0,0.09544089866299235,0.11316925641774471,19.205309460726358
2,89.0,0.09431095419019954,0.11290344916941418,19.104019049970432
2,90.0,0.09319486355809133,0.11265358354548474,19.00397052432238
2,91.0,0.09209250345902413,0.11241909099978603,18.905152830246244
2,92.0,0.09100379944229901,0.11219962526672328,18.80755929383719
2,93.0,0.08992863981777754,0.11199473904478559,18.711179902974912
2,94.0,0.08886690469243916,0.11180396333422021,18.616003910216865
2,95.0,0.0878185166192174,0.11162700972126773,18.52202437305803
2,96.0,0.08678332530761552,0.11146336233541873,18.429227819167238
2,97.0,0.08576125795328533,0.11131276498337173,18.337607722221723
2,98.0,0.08475216875964786,0.11117476786604683,18.247151012733795
2,99.0,0.08375595059028329,0.1110490345268847,18.15784808678731
2,100.0,0.08277249435629842,0.11093525327219983,18.069689165442618
2,101.0,0.08180165224673515,0.1108330070702062,17.9826609986392
2,102.0,0.08084334431046358,0.11074207773654629,17.896756419402934
2,103.0,0.0798973989229862,0.1106620219221446,17.811960042981493
2,104.0,0.07896374734896877,0.11059265814013222,17.728265707806422
2,105.0,0.07804221138372362,0.11053356085096114,17.6456574392644
2,106.0,0.07713271997952252,0.11048454885530311,17.564128868499484
2,107.0,0.07623510255902945,0.11044524320896186,17.483664704628932
2,108.0,0.07534927172424483,0.11041543417398936,17.40425711312682
2,109.0,0.07447507848312379,0.11039481035332051,17.32589273805771
2,110.0,0.07361240967599227,0.11038312105268301,17.248561435569272
2,111.0,0.07276114215210512,0.11038012060046742,17.172252166190226
2,112.0,0.07192114243722837,0.11038553217610586,17.09695296503175
2,113.0,0.07109230475461836,0.11039915376931331,17.022654350061714
2,114.0,0.07027448349797913,0.11042069933850075,16.949343268849752
2,115.0,0.0694675836727273,0.11044999495254451,16.87701120589746
2,116.0,0.06867145410496737,0.1104867571396534,16.805644609684087
2,117.0,0.06788600508029209,0.11053082843876814,16.73523543803642
2,118.0,0.06711108567226978,0.11058193699124193,16.665770161616845
2,119.0,0.06634660611462208,0.11063993193616016,16.597240733602334
2,120.0,0.0655924217798922,0.11070456142626894,16.52963418930759
2,121.0,0.06484843666404319,0.11077567108987174,16.4629419227448
2,122.0,0.06411451980193868,0.11085303870410324,16.397152193945534
2,123.0,0.0633905608124165,0.11093649428839909,16.33225510812865
2,124.0,0.06267645220465075,0.1110258577027207,16.26824102960835
2,125.0,0.061972057976434486,0.11112092774611085,16.20509776688343
2,126.0,0.06127730754981337,0.11122158308801515,16.142818993209378
2,127.0,0.06059203293577497,0.1113275824838829,16.0813896497258
2,128.0,0.05991619123729636,0.11143885075049131,16.020805891060487
2,129.0,0.05924959836339436,0.11155512715787923,15.961051214941206
2,130.0,0.058592226016124974,0.11167636349790132,15.902123084685451
2,131.0,0.057943886998228514,0.11180229791765221,15.844004719568346
2,132.0,0.05730455229194648,0.11193288699366619,15.786693518381822
2,133.0,0.056674050261752734,0.11206789277457588,15.730174095384934
2,134.0,0.05605232825483797,0.11220724592898995,15.674441730677891
2,135.0,0.05543925766886039,0.11235076707636514,15.619484896097726
2,136.0,0.05483473186337847,0.11249832261253581,15.565294032188746
2,137.0,0.05423869671913603,0.112649829981326,15.511864287596016
2,138.0,0.053650982074607535,0.11280507845382177,15.459180408710859
2,139.0,0.05307157265868029,0.11296404114217884,15.407241026601165
2,140.0,0.052500289898123643,0.11312649495449605,15.356030133616718
2,141.0,0.05193710812926051,0.113292407588615,15.305545429215796
2,142.0,0.05138188994733087,0.11346160475074452,15.255774596169626
2,143.0,0.050834546816975856,0.11363398496483165,15.206709697997184
2,144.0,0.05029503380091058,0.11380948354978275,15.158346706433226
2,145.0,0.049763183091634175,0.11398790811181794,15.110670578888401
2,146.0,0.04923898942154614,0.1141692474468265,15.063680843164803
2,147.0,0.0487222911922109,0.11435331209181616,15.017363013265717
2,148.0,0.04821304050559471,0.11454005040779881,14.97171279551865
2,149.0,0.04771116680626429,0.11472937215391137,14.92672386519791
2,150.0,0.047216527953793865,0.11492112455121119,14.88238348056048
2,151.0,0.046729120524935115,0.11511529789073434,14.838691334739748
2,152.0,0.046248783774055655,0.1153117138311421,14.795633018185933
2,153.0,0.0457754770516433,0.1155103310865231,14.753204886998038
2,154.0,0.04530914168578971,0.11571107614315712,14.711401681712578
2,155.0,0.044849632100683476,0.11591379990036615,14.670210352631909
2,156.0,0.04439695126889155,0.1161185010513056,14.629631166222675
2,157.0,0.04395095491008466,0.11632502492217485,14.589651188916761
2,158.0,0.04351158529092097,0.11653331531829789,14.5502652453856
2,159.0,0.04307881715449325,0.11674333794617402,14.511471071551115
2,160.0,0.04265249139900002,0.11695493355824055,14.473254405219707
2,161.0,0.042232603096156174,0.11716809680692725,14.435614804610358
2,162.0,0.041819062089548956,0.11738272993362941,14.398544187927634
2,163.0,0.041411760844881886,0.11759873116159293,14.36203291558895
2,164.0,0.041010702680873014,0.11781609958053138,14.326081285090622
2,165.0,0.04061575009942272,0.11803469789355539,14.29067697083672
2,166.0,0.040226849348583164,0.11825447743598692,14.255815154398551
2,167.0,0.039843989678027505,0.11847542152833675,14.221494872095997
2,168.0,0.03946701959023423,0.11869738670074063,14.187702543397839
2,169.0,0.039095917088942306,0.11892035406798038,14.154436196516645
2,170.0,0.03873065295653177,0.11914428816794513,14.121693212328383
2,171.0,0.03837108087031613,0.11936905705173334,14.089460474184065
2,172.0,0.0380171986107049,0.11959465876303393,14.057737783115309
2,173.0,0.037668951033265424,0.11982103500498853,14.026520195868374
2,174.0,0.03732621349477913,0.12004807781115263,13.99579653918377
2,175.0,0.03698899182100339,0.12027579117253648,13.965567335293667
2,176.0,0.036657209318627745,0.1205041002745668,13.9358257092612
2,177.0,0.03633076346680332,0.1207329188484338,13.90656247091893
2,178.0,0.036009660941405945,0.12096225119174275,13.877778218705302
2,179.0,0.03569381724288884,0.1211920181525172,13.849465377917296
2,180.0,0.03538314032596586,0.12142214433786513,13.821615697437213
2,181.0,0.03507763680192304,0.12165263394249191,13.794229769913539
2,182.0,0.034777225291345845,0.12188341241179847,13.767300300337954
2,183.0,0.03448181415077848,0.12211440649676703,13.740819073613611
2,184.0,0.03419140879590071,0.12234561972044104,13.714786575212528
2,185.0,0.03390594197416896,0.12257699050234648,13.689196776486463
2,186.0,0.03362531250033165,0.12280843973954755,13.664040606993511
2,187.0,0.033349521834959775,0.12303996841429243,13.639318197662083
2,188.0,0.03307853075535288,0.12327153803620876,13.615026032493354
2,189.0,0.0328122173184457,0.12350305522891585,13.591153180274802
2,190.0,0.032550581524238224,0.1237345199924137,13.567699641006431
2,191.0,0.032293606964955826,0.12396591366406437,13.544663943863538
2,192.0,0.03204116182332931,0.12419713580974605,13.522034272490847
2,193.0,0.03179323786010206,0.12442818076205614,13.49980988830544
2,194.0,0.031549834719146484,0.12465904433375544,13.477990759383347
2,195.0,0.03131082740626035,0.1248896313161241,13.456565681002221
2,196.0,0.031076187970066848,0.1251199223228569,13.435532147546512
2,197.0,0.030845923874767197,0.12534992092684505,13.414890828121678
2,198.0,0.03061994056477013,0.1255795542473832,13.3946332465814
2,199.0,0.030398174912934887,0.12580877867023213,13.37475374408653
2,200.0,0.0301806270472429,0.12603759427339556,13.355252332109572
2,201.0,0.029967269898384535,0.12626597581405852,13.336126584105193
2,202.0,0.029757983192908635,0.1264938412896665,13.31736571852831
2,203.0,0.029552766930815204,0.12672119070021953,13.298969735378922
2,204.0,0.029351623198598374,0.12694802235892277,13.280938821694406
2,205.0,0.029154435826854688,0.12717425560062975,13.263262563824467
2,206.0,0.028961174608996665,0.12739987127427965,13.2459382539921
2,207.0,0.02877184466747983,0.12762487215993318,13.228966351384146
2,208.0,0.028586391538589846,0.12784921777683905,13.212341973767778
2,209.0,0.028404723122637143,0.12807284991054094,13.196056865148458
2,210.0,0.028226839419621723,0.12829576856103878,13.180111025526198
2,211.0,0.02805274211697825,0.1285179719509875,13.164504606165897
2,212.0,0.027882317978767245,0.12873938740637203,13.149227456378659
2,213.0,0.027715539886596675,0.12895999898671875,13.1342771452193
2,214.0,0.027552409973863465,0.1291798078065091,13.11965386392966
2,215.0,0.02739289455572716,0.12939878896825438,13.1053545929354
2,216.0,0.027236889218689355,0.1296168813315444,13.091369972408323
2,217.0,0.02708439396275005,0.1298340848963791,13.077700002348427
2,218.0,0.026935415869564567,0.13005040219979866,13.06434531756901
2,219.0,0.026789862554495402,0.13026577755009894,13.051297636532256
2,220.0,0.026647685987649973,0.13048018459897154,13.038552653745585
2,221.0,0.026508886169028283,0.13069362334641643,13.026110369208988
2,222.0,0.02637345990433557,0.13090608925189315,13.01397049657971
2,223.0,0.026241295190555746,0.13111752062249293,13.002122995690474
2,224.0,0.026112376455983737,0.13132790956509566,12.990566470663488
2,225.0,0.025986704430084568,0.13153725641364009,12.97930098688941
2,226.0,0.025864255201144538,0.13174554509978445,12.968324400875916
2,227.0,0.0257449236789338,0.1319527225645644,12.95762729213129
2,228.0,0.025628709863452358,0.13215878880797988,12.947209660655526
2,229.0,0.02551562055190554,0.13236374651647687,12.93707211576328
2,230.0,0.025405591975378,0.1325675619320712,12.927208941085485
2,231.0,0.025298555262265657,0.13277020262081554,12.917613962838177
2,232.0,0.025194510412568517,0.1329716685827099,12.908287181021358
2,233.0,0.025093464406967463,0.13317196192783953,12.899229221396775
2,234.0,0.024995331714703944,0.1333710418798567,12.890432416821598
2,235.0,0.024900067403366605,0.13356888883738258,12.881892739467466
2,236.0,0.02480767147295544,0.13376550280041716,12.873610189334366
2,237.0,0.02471814825177836,0.13396088423349736,12.86558515442021
2,238.0,0.024631401691351428,0.13415499140632525,12.85780902475289
2,239.0,0.024547402320204692,0.13434781249808908,12.850279158452766
2,240.0,0.02446615013833815,0.13453934750878882,12.84299555551984
2,241.0,0.024387645997610913,0.13472959524817704,12.835958292316414
2,242.0,0.024311789838644658,0.13491851616591513,12.829158399326031
2,243.0,0.02423856189616535,0.13510610303222373,12.822594104751268
2,244.0,0.024167962170172988,0.1352923558471029,12.816265408592114
2,245.0,0.02409998842964298,0.1354772722595998,12.810172110855207
2,246.0,0.02403454001535573,0.13566081629995141,12.804305188253164
2,247.0,0.023971602989739757,0.13584298336116518,12.79866339139509
2,248.0,0.023911177352795063,0.13602377344324115,12.793246720280989
2,249.0,0.023853258819257515,0.13620318367145445,12.788054790771481
2,250.0,0.023797747673574343,0.1363811821320454,12.783078664171311
2,251.0,0.023744633158529222,0.1365577656462749,12.77831737618277
2,252.0,0.02369391527412216,0.1367329342141429,12.773770926805868
2,253.0,0.023645588937075156,0.1369066850064322,12.76943886036572
2,254.0,0.023599555936700198,0.1370789902233351,12.76531237306605
2,255.0,0.023555806803247634,0.13724984739698132,12.761390616020172
2,256.0,0.023514341536717463,0.1374192565273708,12.757673589228084
2,257.0,0.023475155469034673,0.1375872152298753,12.754160874234497
2,258.0,0.023438152087761614,0.13775369974647755,12.7508438194776
2,259.0,0.023403321729612223,0.1379187078961321,12.747721558721716
2,260.0,0.023370664394586498,0.13808223967883893,12.74479409196685
2,261.0,0.023340176830371897,0.13824429335389893,12.742061127669398
2,262.0,0.0233117644613263,0.13840484913698123,12.739514187885652
2,263.0,0.0232854161197836,0.13856390489978104,12.737152271524401
2,264.0,0.023261131805743802,0.13872146064229834,12.734975378585636
2,265.0,0.023238910369969206,0.13887751528365938,12.732983406049474
2,266.0,0.023218659728945892,0.13903205298212587,12.731168099371388
2,267.0,0.023200365900557813,0.1391850715700565,12.729528205167432
2,268.0,0.02318402888480497,0.1393365710474513,12.728063723437598
2,269.0,0.023169649952107227,0.13948655086872244,12.726774768064784
2,270.0,0.023157140563764337,0.13963499910966662,12.725653402268444
2,271.0,0.023146482492499384,0.13978191360243297,12.72469799212017
2,272.0,0.023137675738312366,0.1399272943470215,12.72390853761996
2,273.0,0.02313072390235287,0.14007114112555868,12.723285361581846
2,274.0,0.02312554366889679,0.1402134458416573,12.722820995422968
2,275.0,0.023122110922342023,0.1403542065119504,12.722513277374052
2,276.0,0.023120425662688564,0.14049342313643803,12.722362207435092
2,277.0,0.023120493300513915,0.1406310955995486,12.722368270620741
2,278.0,0.02312223815160733,0.14076721938165007,12.722524682451779
2,279.0,0.023125628279754812,0.14090179304646053,12.722828580104135
2,280.0,0.023130663684956358,0.14103481659397996,12.72327996357781
2,281.0,0.023137350604208497,0.141166289838204,12.723879391969247
2,282.0,0.023145624225458523,0.14129621130694509,12.724621055400531
2,283.0,0.02315544249893622,0.14142458069852493,12.725501184448829
2,284.0,0.023166805424641588,0.14155139801294359,12.726519779114144
2,285.0,0.023179718581908742,0.14167666295012193,12.727677339538783
2,286.0,0.023194132219182297,0.14180037614065819,12.728969405896981
2,287.0,0.02320999144453613,0.141922539291008,12.730391057570172
2,288.0,0.02322729625797024,0.14204315240117144,12.731942294558362
2,289.0,0.02324604954274114,0.14216221522735523,12.733623375322248
2,290.0,0.02326622187635001,0.14227972898164534,12.735431662372049
2,291.0,0.0232877422821323,0.14239569861470155,12.737360793222111
2,292.0,0.023310610760088016,0.1425101241265239,12.739410767872432
2,293.0,0.02333482731021715,0.14262300551711232,12.741581586323013
2,294.0,0.023360381921411332,0.14273434317296912,12.743872351158714
2,295.0,0.02338719111116075,0.14284414609939178,12.746275578845683
2,296.0,0.02341525240511867,0.14295241459049068,12.748791047578687
2,297.0,0.023444565803285085,0.1430591486462659,12.751418757357722
2,298.0,0.023475129871728725,0.1431643479930266,12.754158579642423
2,299.0,0.023506862838862424,0.14326802450285886,12.757003184269346
2,300.0,0.023539753502311918,0.14337017991485765,12.759951567035982
2,301.0,0.02357380186207721,0.14347081422902305,12.763003727942321
2,302.0,0.02360901207555445,0.14356992635584695,12.766160039665406
2,303.0,0.023645311273906608,0.14366752960500975,12.769413970101576
2,304.0,0.023682675345384034,0.1437636286293525,12.772763357826893
2,305.0,0.02372110428998673,0.1438582234288752,12.77620820284136
2,306.0,0.02376060395176365,0.14395131251018523,12.77974902901684
2,307.0,0.02380111941626979,0.1440429078972742,12.783380913716138
2,308.0,0.02384260855248722,0.14413301935091405,12.78710008023322
2,309.0,0.023885071360415948,0.14422164687110478,12.790906528568087
2,310.0,0.023928510410882856,0.14430878972926725,12.794800489174628
2,311.0,0.023972899921649717,0.14439445425984904,12.798779650883098
2,312.0,0.024018173573788652,0.14447865844794466,12.802838068736355
2,313.0,0.024064331367299664,0.1445614022935541,12.806975742734409
2,314.0,0.024111373302182753,0.14464268579667736,12.811192672877254
2,315.0,0.02415929571658008,0.14472250962229,12.815488530908866
2,316.0,0.024208021343333046,0.14480089768553583,12.81985639045151
2,317.0,0.024257543313387798,0.14487785217594049,12.824295635749902
2,318.0,0.024307861626744334,0.14495337309350392,12.82880626680404
2,319.0,0.024358980742438335,0.1450274586051025,12.833388683330513
2,320.0,0.024410834052413514,0.1451001318501012,12.838036914454172
2,321.0,0.024463397712528635,0.14517140134696635,12.842748822740013
2,322.0,0.024516671722783705,0.14524126709569793,12.847524408188047
2,323.0,0.024570660805072902,0.1453097271428535,12.852364094078
2,324.0,0.024625326021388238,0.1453767963544481,12.857264389931439
2,325.0,0.02468061748314207,0.1454424945707692,12.862220823638753
2,326.0,0.024736535190334398,0.1455068217918168,12.867233395199937
2,327.0,0.024793079142965222,0.14556977801759083,12.872302104614997
2,328.0,0.024850244648388226,0.14563136482642083,12.87742653122603
2,329.0,0.024907958910562387,0.14569161411665857,12.882600149454934
2,330.0,0.02496621729576877,0.14575052796186017,12.887822543926186
2,331.0,0.02502501980400737,0.1458081063620256,12.893093714639773
2,332.0,0.02508437141361709,0.14586434668671297,12.898414107863644
2,333.0,0.02514421265701468,0.145919277318298,12.903778392808464
2,334.0,0.025204517986750184,0.14597291071725588,12.909184279351354
2,335.0,0.025265287402823595,0.1460252468835866,12.914631767492304
2,336.0,0.02532652292048184,0.1460762847230868,12.920121037881959
2,337.0,0.02538820479986068,0.14612603413040023,12.925650321000658
2,338.0,0.025450272926818007,0.14617452703948766,12.93121422810029
2,339.0,0.02551272730135383,0.14622176345034907,12.936812759180848
2,340.0,0.025575567923468146,0.14626774336298443,12.942445914242342
2,341.0,0.025638797880624554,0.14631246469288733,12.94811397005098
2,342.0,0.02570235453206369,0.14635596332797027,12.953811311367785
2,343.0,0.0257662219104262,0.14639824857555722,12.959536506847751
2,344.0,0.025830400015712088,0.14643932043564822,12.96528955649087
2,345.0,0.025894891950405178,0.14647917691378534,12.9710707384098
2,346.0,0.0259596729951321,0.1465178329692745,12.976877836712047
2,347.0,0.026024691691450195,0.14655532097268623,12.982706238563155
2,348.0,0.026089948039359455,0.14659164092402055,12.98855594396312
2,349.0,0.02615544203885989,0.14662679282327745,12.994426952911953
2,350.0,0.0262211772856092,0.14666077394071567,13.000319587731365
2,351.0,0.026287096125082402,0.14669362314839896,13.006228680158086
2,352.0,0.026353182119418287,0.1467253517060469,13.012152756670405
2,353.0,0.026419435268616856,0.14675595961365948,13.018091817268317
2,354.0,0.026485856119985544,0.14678544646195155,13.024045911013534
2,355.0,0.02655243464004783,0.14681381904783908,13.030014138485775
2,356.0,0.026619112535152933,0.14684112028744564,13.035991274129303
2,357.0,0.02668588980530085,0.14686735018077124,13.041977317944113
2,358.0,0.026752766450491586,0.14689250872781587,13.04797226993021
2,359.0,0.026819747500980297,0.14691659176631514,13.053976581009406
2,360.0,0.02688679055594011,0.14693963251212733,13.059986450289466
2,361.0,0.026953868065247324,0.14696165294498875,13.065999408123952
2,362.0,0.027020980028901933,0.14698265306489933,13.072015454512858
2,363.0,0.027088126446903945,0.1470026328718591,13.078034589456193
2,364.0,0.02715530923147346,0.14702159035847695,13.084056984369063
2,365.0,0.02722247434040562,0.14703957164674178,13.090077794803571
2,366.0,0.02728961198707422,0.14705658520524084,13.09609614346759
2,367.0,0.02735672217147926,0.1470726310339742,13.102112030361123
2,368.0,0.027423804893620746,0.14708770913294178,13.108125455484165
2,369.0,0.02749085548330662,0.1471018232525582,13.114136000191662
2,370.0,0.027557820588846045,0.147115022887918,13.120138881934723
2,371.0,0.027624699466037753,0.14712730873894006,13.126134034001712
2,372.0,0.02769149211488174,0.14713868080562428,13.132121456392618
2,373.0,0.027758201571331582,0.14714913597501308,13.138101421256211
2,374.0,0.027824807263564736,0.14715869430937645,13.14407208449447
2,375.0,0.027891271258490453,0.1471673939712808,13.150030045711683
2,376.0,0.02795759355610873,0.14717523496072624,13.155975304907853
2,377.0,0.028023774156419573,0.14718221727771272,13.161907862082977
2,378.0,0.028089817189070353,0.14718833629142752,13.167828087426646
2,379.0,0.028155694071832348,0.14719362257542243,13.173733418772525
2,380.0,0.028221377230789053,0.1471981062610555,13.179621384341333
2,381.0,0.028286866665940474,0.14720178734832676,13.185491984133078
2,382.0,0.0283521623772866,0.14720466583723615,13.191345218147758
2,383.0,0.02841726854993462,0.1472067365896771,13.197181461546485
2,384.0,0.028482155014228794,0.14720803483261885,13.20299800986289
2,385.0,0.028546799313226547,0.14720858730062072,13.208792850013156
2,386.0,0.028611201446927883,0.14720839399368274,13.214565981997284
2,387.0,0.0286753614153328,0.14720745491180484,13.220317405815269
2,388.0,0.02873928315048537,0.14720576477570976,13.22604747394316
2,389.0,0.028802939340604003,0.14720335842731186,13.231753738099957
2,390.0,0.028866308647043627,0.14720026365497266,13.237434285448202
2,391.0,0.028929391069804255,0.14719648045869216,13.243089115987894
2,392.0,0.028992186608885882,0.14719200883847036,13.248718229719032
2,393.0,0.02905469852555148,0.147186844002006,13.25432191898754
2,394.0,0.029116906389252992,0.14718101444687479,13.259898352359526
2,395.0,0.029178786505773883,0.14717455411574676,13.265445405839534
2,396.0,0.029240338875114152,0.14716746300862182,13.270963079427576
2,397.0,0.029301563497273798,0.14715974112550007,13.276451373123635
2,398.0,0.029362461764831083,0.14715138621233476,13.281910411761134
2,399.0,0.02942302494370302,0.1471424113101492,13.287339412399952
2,400.0,0.029483223490410215,0.14713286333699804,13.292735726705391
2,401.0,0.029543057404952666,0.14712274229288122,13.298099354677442
2,402.0,0.029602526687330377,0.14711204817779872,13.303430296316115
2,403.0,0.02966163133754334,0.14710078099175058,13.308728551621405
2,404.0,0.029720372034042028,0.14708893882397447,13.313994181410925
2,405.0,0.029778718154154622,0.14707657595863252,13.31922444060907
2,406.0,0.02983666684884091,0.14706369753541365,13.324419073822362
2,407.0,0.029894218118100887,0.1470503035543179,13.329578081050798
2,408.0,0.029951371961934554,0.14703639401534524,13.334701462294376
2,409.0,0.03000813123337943,0.147021962755535,13.339789473304906
2,410.0,0.030064475111785446,0.14700705126717317,13.344840247678997
2,411.0,0.030120392963503058,0.14699168128391052,13.34985283219571
2,412.0,0.03017588478853227,0.14697585280574704,13.354827226855043
2,413.0,0.030230950586873084,0.14695956583268271,13.359763431656999
2,414.0,0.030285590536584413,0.14694281993300123,13.364661462563124
2,415.0,0.03033980272249454,0.1469256184128176,13.369521147893717
2,416.0,0.030393564556945488,0.14690801474351117,13.374340462847373
2,417.0,0.030446876039937256,0.14689000892508203,13.379119407424085
2,418.0,0.030499737171469848,0.1468716009575301,13.383857981623864
2,419.0,0.03055214795154326,0.14685279084085542,13.388556185446708
2,420.0,0.030604110454708223,0.14683357218074217,13.393214204859355
2,421.0,0.030655610652340914,0.14681398369322493,13.397830782308809
2,422.0,0.030706640515667433,0.14679404840959118,13.402405198080219
2,423.0,0.03075720004468778,0.146773766329841,13.40693745217359
2,424.0,0.03080728923940195,0.14675313745397428,13.411427544588923
2,425.0,0.03085690809980995,0.1467321617819911,13.415875475326212
2,426.0,0.030906057470733394,0.14671083493761564,13.420281320116912
2,427.0,0.030954722943458732,0.14668920789179626,13.424643787336027
2,428.0,0.031002902483549193,0.1466672881268566,13.428962694612709
2,429.0,0.031050596091004776,0.14664507564279664,13.433238041946964
2,430.0,0.03109780376582548,0.14662257043961638,13.437469829338784
2,431.0,0.031144525508011306,0.14659977251731585,13.441658056788171
2,432.0,0.031190760895999738,0.14657668124528456,13.445802686505449
2,433.0,0.031236499284068797,0.1465533490829305,13.449902764187476
2,434.0,0.0312817405411171,0.14652977671289802,13.453958278082075
2,435.0,0.031326484667144626,0.14650596413518713,13.457969228189246
2,436.0,0.031370731662151395,0.14648191134979782,13.461935614508985
2,437.0,0.031414481673842115,0.14645761700914015,13.465857450281831
2,438.0,0.03145773348223056,0.14643308616248554,13.469734626145858
2,439.0,0.03150048134452533,0.14640836576036054,13.47356662730612
2,440.0,0.03154272526072642,0.1463834558027651,13.47735345376262
2,441.0,0.03158446523083383,0.14635835628969923,13.481095105515355
2,442.0,0.03162570125484756,0.14633306722116293,13.48479158256433
2,443.0,0.03166643333845074,0.14630758836972765,13.488442885418982
2,444.0,0.03170666083823521,0.14628191976162438,13.492048956402966
2,445.0,0.03174638190614648,0.14625611009646533,13.495609629853101
2,446.0,0.031785596542184553,0.14623015937425043,13.499124905769378
2,447.0,0.03182430474634944,0.14620406759497975,13.502594784151805
2,448.0,0.03186250651864112,0.14617783475865323,13.506019265000377
2,449.0,0.031900201859059604,0.14615146086527092,13.509398348315097
2,450.0,0.0319373900156648,0.14612494167916273,13.512731966690597
2,451.0,0.03197407319053291,0.14609832279710097,13.516020317525253
2,452.0,0.032010251680124405,0.14607160891182217,13.519263427394357
2,453.0,0.03204592548443929,0.1460448000233263,13.522461296297905
2,454.0,0.032081094603477564,0.1460178961316134,13.525613924235898
2,455.0,0.032115759037239226,0.14599089723668343,13.528721311208342
2,456.0,0.03214991754183404,0.14596379712809623,13.531783345710505
2,457.0,0.03218357468680998,0.14593662945125638,13.53480043736551
2,458.0,0.032216732980489916,0.14590941009977482,13.537772811024285
2,459.0,0.03224939242287384,0.14588213907365158,13.540700466686822
2,460.0,0.03228155301396176,0.14585481637288666,13.54358340435313
2,461.0,0.03231321475375367,0.14582744199748002,13.546421624023202
2,462.0,0.032344377150682425,0.14580001421247868,13.54921508163201
2,463.0,0.032375040747021064,0.14577253820028263,13.551963825789958
2,464.0,0.03240521521629365,0.14574505085417025,13.554668723650476
2,465.0,0.032434900558500186,0.14571755217414153,13.557329775213566
2,466.0,0.03246409677364066,0.1456900421601965,13.559946980479227
2,467.0,0.03249280386171508,0.1456625208123351,13.562520339447458
2,468.0,0.03252102182272345,0.14563498813055736,13.565049852118259
2,469.0,0.03254874815117676,0.1456074385100259,13.567535293894748
2,470.0,0.03257599313989393,0.14557990045360647,13.569977587445136
2,471.0,0.03260276236476533,0.14555238818107238,13.572377232603046
2,472.0,0.03262905582579096,0.14552490169242366,13.574734229368467
2,473.0,0.03265487352297083,0.1454974409876603,13.577048577741412
2,474.0,0.03268021545630492,0.14547000606678226,13.579320277721868
2,475.0,0.03270508162579325,0.1454425969297896,13.581549329309837
2,476.0,0.03272946916514388,0.14541520953024173,13.583735475565371
2,477.0,0.032753395515173464,0.14538787770651934,13.585880279917033
2,478.0,0.032776862799283345,0.14536060536403728,13.587983932710648
2,479.0,0.032799871017473524,0.14533339250279553,13.5900464339462
2,480.0,0.032822420169744,0.14530623912279408,13.592067783623703
2,481.0,0.03284451025609478,0.14527914522403296,13.594047981743149
2,482.0,0.03286614123131543,0.1452521107439655,13.59598702425179
2,483.0,0.03288731087754495,0.14522513406950693,13.597884712336274
2,484.0,0.03290804113805676,0.1451982470026844,13.59974301303412
2,485.0,0.03292833201285087,0.14517144954349787,13.601561926345331
2,486.0,0.03294818350192727,0.1451447416919473,13.60334145226991
2,487.0,0.032967595605285956,0.14511812344803274,13.605081590807844
2,488.0,0.03298656832292694,0.14509159481175415,13.60678234195915
2,489.0,0.03300510071105421,0.1450651547748869,13.608443621120117
2,490.0,0.033023193504353385,0.14503880555267412,13.610065494149387
2,491.0,0.033040869182569724,0.14501257239747511,13.61164997617486
2,492.0,0.03305812774570323,0.14498645530928989,13.613197067196534
2,493.0,0.03307496919375389,0.14496045428811846,13.614706767214413
2,494.0,0.03309139352672172,0.14493456933396082,13.616179076228496
2,495.0,0.03310740074460672,0.14490880044681698,13.617613994238777
2,496.0,0.033122990354676224,0.14488314721409587,13.619011477075754
2,497.0,0.03313816103826446,0.14485760971369652,13.620371406531671
2,498.0,0.03315293904848294,0.14483221103528238,13.621696135986282
2,499.0,0.033167324385331674,0.14480695117885342,13.622985665439593
2,500.0,0.03318131704881066,0.14478183014440965,13.624239994891601
2,501.0,0.03319491703891989,0.1447568479319511,13.625459124342301
2,502.0,0.033208124355659376,0.14473200454147772,13.626643053791701
2,503.0,0.03322093899902911,0.14470729997298953,13.627791783239799
2,504.0,0.03323335666242475,0.14468273221778755,13.628904926634235
2,505.0,0.03324540592638711,0.14465832110281357,13.629985045990049
2,506.0,0.03325708869658828,0.14463406788196667,13.631032312135364
2,507.0,0.03326840497302826,0.14460997255524685,13.63204672507019
2,508.0,0.03327935475570704,0.14458603512265408,13.633028284794516
2,509.0,0.03328993804462464,0.14456225558418842,13.633976991308355
2,510.0,0.03330015483978105,0.1445386339398498,13.634892844611695
2,511.0,0.03330999961659168,0.14451516784230856,13.635775349470086
2,512.0,0.03331949787394113,0.1444918712708645,13.636626791652915
2,513.0,0.033328657121843505,0.1444687480598971,13.637447844372396
2,514.0,0.03333747736029881,0.14444579820940642,13.638238507628525
2,515.0,0.03334595858930704,0.14442302171939245,13.638998781421302
2,516.0,0.03335410080886819,0.14440041858985517,13.639728665750729
2,517.0,0.03336190401898227,0.1443779888207946,13.640428160616805
2,518.0,0.03336936371633817,0.14435573086874262,13.641096862334004
2,519.0,0.033376494582589775,0.14433365128044712,13.641736086994207
2,520.0,0.03338331480765263,0.14431175703914775,13.642347465176671
2,521.0,0.03338982439152674,0.14429004814484458,13.642930996881406
2,522.0,0.0333960233342121,0.14426852459753758,13.6434866821084
2,523.0,0.03340191163570871,0.14424718639722675,13.64401452085765
2,524.0,0.03340748929601657,0.1442260335439121,13.644514513129165
2,525.0,0.03341275631513568,0.14420506603759364,13.64498665892295
2,526.0,0.0334177079484945,0.14418428336948555,13.645430532926406
2,527.0,0.03342237645359945,0.14416369438612506,13.645849026764898
2,528.0,0.033426763171418135,0.14414329942292767,13.646242260645343
2,529.0,0.033430868101950534,0.14412309847989344,13.64661023456775
2,530.0,0.033434691245196664,0.1441030915570223,13.646952948532107
2,531.0,0.03343823260115651,0.14408327865431433,13.647270402538426
2,532.0,0.03344149216983009,0.14406365977176946,13.647562596586702
2,533.0,0.03344446451230232,0.1440442342715322,13.647829043122059
2,534.0,0.03344716903517021,0.14402500598559947,13.64807148178943
2,535.0,0.0334496207416309,0.14400597727753583,13.648291257504464
2,536.0,0.03345181963168438,0.1439871481473413,13.648488370267156
2,537.0,0.03345376570533065,0.14396851859501586,13.648662820077515
2,538.0,0.03345545896256971,0.14395008862055952,13.648814606935531
2,539.0,0.03345689940340157,0.14393185822397228,13.648943730841214
2,540.0,0.03345808702782621,0.14391382740525416,13.649050191794556
2,541.0,0.03345901641419319,0.14389599641210313,13.64913350378831
2,542.0,0.033459718976502975,0.14387836751968455,13.64919648283432
2,543.0,0.033460197475602915,0.14386094086786383,13.649239376420281
2,544.0,0.033460451911493015,0.14384371645664099,13.649262184546206
2,545.0,0.033460482284173275,0.14382669428601597,13.649264907212082
2,546.0,0.03346028859364368,0.14380987435598877,13.649247544417912
2,547.0,0.033459870839904246,0.14379325666655945,13.649210096163703
2,548.0,0.033459225817257354,0.14377684138578245,13.649152275084505
2,549.0,0.03345836133796283,0.1437606289979569,13.649074781486421
2,550.0,0.03345730103227982,0.14374461885366333,13.64897973363164
2,551.0,0.03345604490020832,0.14372881095290166,13.648867131520165
2,552.0,0.03345459294174833,0.1437132052956719,13.648736975151996
2,553.0,0.03345294515689985,0.14369780188197406,13.648589264527129
2,554.0,0.03345110154566289,0.14368260071180816,13.64842399964557
2,555.0,0.033449062108037435,0.14366760178517418,13.648241180507313
2,556.0,0.03344682143561985,0.14365280593277516,13.648040322292585
2,557.0,0.03344439837323797,0.14363821157100573,13.647823114288249
2,558.0,0.03344180694231114,0.1436238170391507,13.647590813401482
2,559.0,0.03343904714283936,0.14360962233721003,13.647343419632291
2,560.0,0.03343611897482262,0.14359562746518376,13.647080932980671
2,561.0,0.03343302243826093,0.14358183242307188,13.646803353446629
2,562.0,0.03342975753315428,0.14356823721087436,13.646510681030156
2,563.0,0.033426324259502684,0.14355484182859124,13.646202915731259
2,564.0,0.03342271678315212,0.14354164774348888,13.645879534565069
2,565.0,0.03341895833634423,0.1435286507717673,13.645542620114721
2,566.0,0.03341505797195257,0.14351584904582998,13.645192983897331
2,567.0,0.03341101568997715,0.14350324256567693,13.644830625912897
2,568.0,0.03340683149041795,0.14349083133130813,13.644455546161424
2,569.0,0.03340250537327498,0.14347861534272363,13.644067744642902
2,570.0,0.033398037338548237,0.14346659459992336,13.643667221357346
2,571.0,0.033393427386237726,0.14345476910290736,13.643253976304742
2,572.0,0.033388669790820856,0.14344314080476192,13.642827496238164
2,573.0,0.03338378801325016,0.14343170343705441,13.64238988424283
2,574.0,0.03337878956689152,0.1434204548053427,13.641941813831409
2,575.0,0.03337367445174491,0.1434093949096268,13.641483285003899
2,576.0,0.03336844266781034,0.14339852374990666,13.641014297760295
2,577.0,0.03336309421508782,0.14338784132618235,13.640534852100606
2,578.0,0.03335762909357733,0.14337734763845383,13.640044948024821
2,579.0,0.0333520473032789,0.1433670426867211,13.639544585532953
2,580.0,0.03334634342544047,0.14335692874821698,13.639033278877564
2,581.0,0.03334053779223885,0.14334699873220302,13.638512850674365
2,582.0,0.03333463937161091,0.14333724925757177,13.63798410482658
2,583.0,0.033328648163556636,0.14332768032432325,13.637447041334214
2,584.0,0.03332256416807605,0.14331829193245746,13.63690166019726
2,585.0,0.033316387385169136,0.14330908408197437,13.636347961415721
2,586.0,0.0333101178148359,0.14330005677287402,13.635785944989598
2,587.0,0.033303755457076346,0.1432912100051564,13.63521561091889
2,588.0,0.033297296058800246,0.1432825458852038,13.634636577948353
2,589.0,0.033290752397019646,0.14327405907727014,13.634049991434091
2,590.0,0.033284138323706226,0.14326574316619267,13.633457093093673
2,591.0,0.03327745383886,0.1432575981519714,13.632857882927091
2,592.0,0.03327069894248096,0.1432496240346063,13.632252360934357
2,593.0,0.03326387363456911,0.14324182081409745,13.631640527115467
2,594.0,0.03325697791512445,0.14323418849044475,13.63102238147041
2,595.0,0.03325001178414698,0.14322672706364828,13.630397923999201
2,596.0,0.03324297467174859,0.1432194368613226,13.629767103615961
2,597.0,0.033235864429133885,0.14321231967333442,13.62912972769851
2,598.0,0.03322870453183688,0.14320536251562768,13.628487900639172
2,599.0,0.03322149497985757,0.14319856538820236,13.627841622437957
2,600.0,0.03321423577319595,0.14319192829105845,13.62719089309486
2,601.0,0.033206926911852036,0.143185451224196,13.626535712609877
2,602.0,0.03319956839582581,0.14317913418761496,13.62587608098302
2,603.0,0.03319216022511728,0.14317297718131533,13.625211998214276
2,604.0,0.03318470239972645,0.14316698020529717,13.624543464303654
2,605.0,0.033177190397237974,0.14316114647921382,13.62387007385308
2,606.0,0.033169639618660506,0.14315546634302023,13.623193207438797
2,607.0,0.03316205823147618,0.14314993436877313,13.622513597209718
2,608.0,0.03315444623568501,0.14314455055647252,13.621831243165845
2,609.0,0.03314680363128699,0.1431393149061184,13.621146145307183
2,610.0,0.03313913041828212,0.14313422741771079,13.620458303633724
2,611.0,0.033131426596670406,0.14312928809124964,13.619767718145471
2,612.0,0.033123692166451835,0.143124496926735,13.619074388842424
2,613.0,0.03311592712762642,0.14311985392416687,13.618378315724591
2,614.0,0.03310812720169689,0.14311536288951934,13.617679115259174
2,615.0,0.033100312153545614,0.14311100876292823,13.616978559208516
2,616.0,0.033092483759806224,0.1431067901408483,13.6162768068335
2,617.0,0.033084642020478734,0.1431027070232795,13.615573858134116
2,618.0,0.03307678693556314,0.14309875941022185,13.614869713110375
2,619.0,0.033068918505059434,0.14309494730167535,13.61416437176227
2,620.0,0.033061036728967624,0.14309127069764002,13.6134578340898
2,621.0,0.03305314160728771,0.1430877295981158,13.61275010009297
2,622.0,0.03304523314001969,0.14308432400310275,13.612041169771777
2,623.0,0.03303730775726722,0.14308105779255154,13.611330723113797
2,624.0,0.033029384440366724,0.1430779138579664,13.610620461642794
2,625.0,0.03302146320291081,0.1430748921866959,13.609910386577225
2,626.0,0.03301354404489948,0.14307199277874,13.6092004979171
2,627.0,0.03300562696633274,0.14306921563409875,13.608490795662414
2,628.0,0.032997711967210575,0.1430665607527721,13.607781279813166
2,629.0,0.032989799047533,0.14306402813476007,13.607071950369354
2,630.0,0.03298188820730001,0.14306161778006268,13.60636280733099
2,631.0,0.032973979446511606,0.1430593296886799,13.605653850698058
2,632.0,0.03296606921417835,0.14305716823721598,13.604944762153002
2,633.0,0.03295817363571803,0.1430551164823597,13.60423698720949
2,634.0,0.03295029368439634,0.14305317336448792,13.603530613112948
2,635.0,0.032942429360213285,0.1430513388836007,13.602825639863378
2,636.0,0.03293458066316887,0.143049613039698,13.602122067460778
2,637.0,0.03292674759326309,0.1430479958327798,13.601419895905146
2,638.0,0.03291893015049594,0.14304648726284613,13.600719125196486
2,639.0,0.03291112833486743,0.143045087329897,13.600019755334797
2,640.0,0.03290334214637755,0.1430437960339324,13.599321786320077
2,641.0,0.03289556846488249,0.1430426176429678,13.598624938456593
2,642.0,0.032887817240708675,0.1430415402058087,13.597930103710876
2,643.0,0.032880093288847966,0.14304055758694179,13.597237713708124
2,644.0,0.03287239660930036,0.1430396697863671,13.59654776844833
2,645.0,0.03286472720206585,0.14303887680408456,13.595860267931492
2,646.0,0.03285708506714446,0.14303817864009422,13.595175212157626
2,647.0,0.03284947020453616,0.14303757529439606,13.594492601126714
2,648.0,0.03284188261424096,0.14303706676699013,13.593812434838766
2,649.0,0.03283432229625887,0.14303665305787636,13.593134713293779
2,650.0,0.03282678925058988,0.14303633416705477,13.592459436491747
2,651.0,0.032819280827152866,0.1430361149528893,13.591786366874281
2,652.0,0.03281180910585673,0.14303597720626474,13.591116587307798
2,653.0,0.032804374387548324,0.14303592045487729,13.590450124760789
2,654.0,0.03279697667222764,0.1430359446987269,13.58978697923326
2,655.0,0.03278961595989468,0.14303604993781366,13.589127150725211
2,656.0,0.03278229225054945,0.14303623617213754,13.58847063923664
2,657.0,0.032775005544191944,0.1430365034016985,13.58781744476755
2,658.0,0.032767755840822164,0.14303685162649654,13.587167567317936
2,659.0,0.032760543140440114,0.14303728084653172,13.586521006887802
2,660.0,0.032753367217936154,0.14303779150745297,13.585877743297882
2,661.0,0.03274622672228977,0.14303838723524281,13.58523765544008
2,662.0,0.03273913104660689,0.14303905031537356,13.584601585330608
2,663.0,0.03273208019088751,0.1430397807478452,13.583969532969459
2,664.0,0.03272507415513162,0.14304057853265775,13.583341498356633
2,665.0,0.03271811293933924,0.14304144366981122,13.582717481492132
2,666.0,0.03271119654351036,0.14304237615930557,13.582097482375955
2,667.0,0.03270432496764498,0.1430433760011408,13.581481501008104
2,668.0,0.032697498211743094,0.14304444319531698,13.58086953738858
2,669.0,0.032690716275804714,0.14304557774183402,13.580261591517383
2,670.0,0.032683979159829825,0.14304677964069198,13.579657663394508
2,671.0,0.03267728514354349,0.14304805411093616,13.579057598811179
2,672.0,0.03267064066083999,0.14304938576385212,13.578461974514145
2,673.0,0.03266404691529356,0.14305077148890466,13.57787089839412
2,674.0,0.0326575039069042,0.14305221128609377,13.577284370451116
2,675.0,0.032651011635671905,0.14305370515541946,13.576702390685128
2,676.0,0.03264457010159668,0.14305525309688172,13.576124959096152
2,677.0,0.032638179304678515,0.14305685511048058,13.575552075684193
2,678.0,0.03263183924491742,0.14305851119621601,13.574983740449245
2,679.0,0.0326255499223134,0.14306022135408805,13.574419953391319
2,680.0,0.03261931133686644,0.14306198558409666,13.573860714510408
2,681.0,0.03261312319384814,0.14306380508821648,13.573305997386482
2,682.0,0.03260698560800457,0.14306568148505092,13.572755812305612
2,683.0,0.03260090280520225,0.1430675992186758,13.572210538082649
2,684.0,0.03259487478544121,0.1430695582890911,13.571670174717596
2,685.0,0.03258890154872143,0.14307155869629687,13.571134722210454
2,686.0,0.03258298309504292,0.14307360044029307,13.570604180561222
2,687.0,0.03257711942440567,0.14307568352107974,13.570078549769898
2,688.0,0.03257131053680969,0.14307780793865685,13.569557829836489
2,689.0,0.03256555643225498,0.14307997369302441,13.569042020760984
2,690.0,0.032559857110741525,0.14308218078418242,13.568531122543392
2,691.0,0.03255421257226934,0.14308442921213085,13.56802513518371
2,692.0,0.032548622800160694,0.14308671912629864,13.567524057186914
2,693.0,0.03254308768164423,0.1430890555340004,13.567027878443966
2,694.0,0.032537609566931365,0.14309142127122715,13.566536809632359
2,695.0,0.032532188456022085,0.14309381633797896,13.566050850752099
2,696.0,0.032526824348916406,0.1430962407342558,13.565570001803186
2,697.0,0.03252151724561431,0.14309869446005768,13.565094262785616
2,698.0,0.032516267146115815,0.14310117751538456,13.564623633699394
2,699.0,0.03251107405042091,0.1431036899002365,13.56415811454452
2,700.0,0.032505937958529595,0.14310623161461347,13.56369770532099
2,701.0,0.03250085887044188,0.14310880265851547,13.563242406028804
2,702.0,0.03249583678615775,0.1431114030319425,13.562792216667964
2,703.0,0.032490871705677216,0.14311403273489456,13.56234713723847
2,704.0,0.03248596385913638,0.1431166954831706,13.561907188370169
2,705.0,0.03248111364841715,0.14311938440922262,13.561472406088534
2,706.0,0.03247632090672785,0.1431220915704075,13.561042775442033
2,707.0,0.03247158563406848,0.14312481696672522,13.560618296430668
2,708.0,0.03246690783043905,0.14312756059817575,13.560198969054436
2,709.0,0.03246228749583954,0.14313032246475912,13.559784793313344
2,710.0,0.03245772463026996,0.14313310256647535,13.559375769207389
2,711.0,0.03245321923373032,0.14313590090332443,13.558971896736562
2,712.0,0.0324487713062206,0.14313871747530632,13.558573175900877
2,713.0,0.03244438084774082,0.14314155228242104,13.558179606700325
2,714.0,0.03244004785829096,0.1431444053246686,13.55779118913491
2,715.0,0.03243577233787103,0.143147276602049,13.55740792320463
2,716.0,0.032431554941804934,0.14315016894414023,13.557029867653988
2,717.0,0.03242739553603506,0.14315307852902462,13.556657010465802
2,718.0,0.032423292410945,0.1431559963517262,13.556289198386745
2,719.0,0.032419245566534756,0.14315892241224495,13.555926431416825
2,720.0,0.03241525500280433,0.14316185671058093,13.555568709556026
2,721.0,0.03241132071975372,0.14316479924673406,13.55521603280436
2,722.0,0.03240744271738293,0.1431677500207044,13.55486840116183
2,723.0,0.03240362099569197,0.14317070903249188,13.554525814628423
2,724.0,0.03239985555468081,0.1431736762820966,13.554188273204149
2,725.0,0.03239614639434948,0.14317665176951846,13.553855776889005
2,726.0,0.03239249351469796,0.14317963549475754,13.553528325682992
2,727.0,0.03238889691572626,0.1431826274578138,13.553205919586109
2,728.0,0.03238535659743438,0.14318562765868723,13.552888558598358
2,729.0,0.03238187454938189,0.14318864023556105,13.552576421067707
2,730.0,0.03237844749847521,0.143191655774212,13.552269213587712
2,731.0,0.03237507403266816,0.14319467082672524,13.551966809579824
2,732.0,0.03237175415196072,0.1431976853931008,13.551669209044032
2,733.0,0.03236848785635291,0.14320069947333863,13.55137641198034
2,734.0,0.03236527514584471,0.14320371306743876,13.551088418388755
2,735.0,0.032362116020436135,0.1432067261754012,13.550805228269265
2,736.0,0.03235901048012719,0.14320973879722596,13.550526841621881
2,737.0,0.032355958524917856,0.143212750932913,13.550253258446597
2,738.0,0.032352960154808146,0.14321576258246235,13.549984478743415
2,739.0,0.03235001536979806,0.143218773745874,13.549720502512333
2,740.0,0.032347124169887595,0.14322178442314795,13.54946132975335
2,741.0,0.03234428655507675,0.1432247946142842,13.549206960466472
2,742.0,0.03234150453462672,0.14322780702013072,13.548957574765756
2,743.0,0.032338775740239196,0.14323081707140412,13.548712960352361
2,744.0,0.03233609653025507,0.14323381933793541,13.548472790780913
2,745.0,0.03233346690467435,0.14323681381972458,13.548237066051405
2,746.0,0.03233088686349702,0.1432398005167716,13.548005786163847
2,747.0,0.03232835640672309,0.14324277942907654,13.547778951118227
2,748.0,0.03232587553435256,0.14324575055663932,13.547556560914556
2,749.0,0.032323444246385426,0.14324871389945998,13.547338615552825
2,750.0,0.03232106254282169,0.14325166945753853,13.54712511503304
2,751.0,0.03231873042366135,0.14325461723087496,13.546916059355198
2,752.0,0.03231644788890442,0.14325755721946926,13.546711448519304
2,753.0,0.03231421493855088,0.14326048942332142,13.546511282525351
2,754.0,0.03231203157260074,0.14326341384243146,13.546315561373342
2,755.0,0.032309897791054,0.1432663304767994,13.546124285063279
2,756.0,0.03230781694080747,0.14326924209900574,13.545937753617471
2,757.0,0.03230578317555356,0.14327214254314388,13.545755442961585
2,758.0,0.03230379394930089,0.14327502943255208,13.545577124868025
2,759.0,0.03230184926204945,0.14327790276723026,13.545402799336783
2,760.0,0.03229994911379925,0.1432807625471785,13.545232466367867
2,761.0,0.032298093504550277,0.14328360877239676,13.545066125961275
2,762.0,0.03229628243430254,0.14328644144288505,13.544903778117007
2,763.0,0.03229451590305604,0.14328926055864338,13.544745422835064
2,764.0,0.03229279391081078,0.14329206611967174,13.54459106011544
2,765.0,0.03229111645756675,0.14329485812597012,13.544440689958146
2,766.0,0.032289483543323956,0.14329763657753852,13.544294312363169
2,767.0,0.03228789516808239,0.14330040147437698,13.54415192733052
2,768.0,0.032286351331842066,0.14330315281648545,13.54401353486019
2,769.0,0.032284852034602976,0.14330589060386395,13.543879134952185
2,770.0,0.03228339976529231,0.14330861617639254,13.543748950718763
2,771.0,0.03228199211623057,0.1433113274823681,13.543622766330857
2,772.0,0.03228062322068568,0.14331402102357366,13.543500055883252
2,773.0,0.03227929307865765,0.14331669680000925,13.54338081937595
2,774.0,0.03227800169014647,0.14331935481167482,13.543265056808943
2,775.0,0.03227674905515214,0.1433219950585704,13.54315276818224
2,776.0,0.032275535173674666,0.143324617540696,13.543043953495836
2,777.0,0.032274360045714046,0.1433272222580516,13.54293861274973
2,778.0,0.032273223671270286,0.14332980921063723,13.542836745943923
2,779.0,0.032272126050343374,0.14333237839845284,13.542738353078418
2,780.0,0.032271067182933315,0.14333492982149845,13.542643434153215
2,781.0,0.03227004706904011,0.14333746347977408,13.5425519891683
2,782.0,0.03226906570866376,0.14333997937327972,13.542464018123695
2,783.0,0.03226812310180426,0.14334247750201537,13.542379521019388
2,784.0,0.03226721924846162,0.143344957865981,13.542298497855379
2,785.0,0.032266358154834994,0.1433474215528776,13.542221307755124
2,786.0,0.03226553289917953,0.14334986584798212,13.542147330239999
2,787.0,0.0322647401914533,0.14335228967853778,13.542076270384289
2,788.0,0.03226398003165631,0.14335469304454454,13.542008128187986
2,789.0,0.03226325241978854,0.14335707594600247,13.54194290365109
2,790.0,0.03226255735585001,0.14335943838291149,13.5418805967736
2,791.0,0.032261894839840724,0.14336178035527167,13.541821207555524
2,792.0,0.03226126487176066,0.143364101863083,13.541764735996846
2,793.0,0.03226066745160984,0.14336640290634542,13.541711182097583
2,794.0,0.03226010257938825,0.143368683485059,13.541660545857724
2,795.0,0.0322595702550959,0.1433709435992237,13.541612827277277
2,796.0,0.032259070478732776,0.14337318324883952,13.541568026356234
2,797.0,0.03225860325029889,0.1433754024339065,13.5415261430946
2,798.0,0.032258168569794236,0.1433776011544246,13.541487177492376
2,799.0,0.03225776643721882,0.14337977941039384,13.541451129549557
2,800.0,0.0322574002953186,0.1433819374788618,13.541418307880564
2,801.0,0.03225706525375028,0.14338407436158615,13.54138827410555
2,802.0,0.032256756438662784,0.1433861894695652,13.541360591323063
2,803.0,0.03225647385005613,0.14338828280279894,13.541335259533112
2,804.0,0.03225621748793031,0.1433903543612874,13.54131227873569
2,805.0,0.032255987352285326,0.14339240414503054,13.5412916489308
2,806.0,0.032255783443121175,0.1433944321540284,13.541273370118441
2,807.0,0.03225560576043786,0.14339643838828092,13.541257442298615
2,808.0,0.03225545430423538,0.14339842284778817,13.541243865471321
2,809.0,0.032255329074513735,0.14340038553255013,13.541232639636556
2,810.0,0.03225523007127293,0.14340232644256679,13.541223764794324
2,811.0,0.03225515729451296,0.14340424557783815,13.541217240944624
2,812.0,0.032255110744233824,0.14340614293836418,13.541213068087455
2,813.0,0.03225509042043552,0.14340801852414495,13.541211246222813
2,814.0,0.03225509632311806,0.1434098723351804,13.541211775350707
2,815.0,0.03225512845228143,0.14341170437147055,13.541214655471133
2,816.0,0.03225519190777287,0.14341351396651905,13.541220343744273
2,817.0,0.032255275530653923,0.14341530168763006,13.54122783986127
2,818.0,0.03225537920957921,0.14341706754330488,13.541237133840916
2,819.0,0.03225550294454874,0.14341881153354355,13.541248225683203
2,820.0,0.03225564673556252,0.14342053365834603,13.541261115388142
2,821.0,0.03225581058262053,0.1434222339177124,13.541275802955722
2,822.0,0.032255994485722785,0.14342391231164256,13.541292288385948
2,823.0,0.03225619844486929,0.14342556884013657,13.541310571678824
2,824.0,0.032256422460060025,0.14342720350319443,13.541330652834342
2,825.0,0.032256666531295004,0.1434288163008161,13.541352531852507
2,826.0,0.032256930658574226,0.14343040723300166,13.541376208733315
2,827.0,0.03225721484189769,0.14343197629975102,13.54140168347677
2,828.0,0.032257519081265396,0.14343352350106423,13.541428956082871
2,829.0,0.03225784337667734,0.14343504883694128,13.54145802655162
2,830.0,0.032258187728133526,0.14343655230738214,13.541488894883013
2,831.0,0.032258552649626744,0.14343803378346756,13.541521607152358
2,832.0,0.0322589416017271,0.14343949211805773,13.541556473571868
2,833.0,0.032259344810509676,0.14344092951891396,13.54159261798798
2,834.0,0.032259762275974484,0.14344234598603628,13.541630040400696
2,835.0,0.032260193998121516,0.14344374151942466,13.541668740810014
2,836.0,0.03226063997695077,0.14344511611907912,13.541708719215936
2,837.0,0.03226110021246226,0.14344646978499967,13.541749975618465
2,838.0,0.03226157470465596,0.14344780251718628,13.541792510017594
2,839.0,0.0322620634535319,0.14344911431563895,13.541836322413332
2,840.0,0.03226256645909006,0.1434504051803577,13.541881412805665
2,841.0,0.032263083721330445,0.14345167511134252,13.541927781194609
2,842.0,0.032263615240253056,0.14345292410859342,13.541975427580157
2,843.0,0.03226416101585789,0.1434541521721104,13.542024351962302
2,844.0,0.03226472104814495,0.14345535930189346,13.542074554341056
2,845.0,0.03226529533711424,0.14345654549794257,13.542126034716413
2,846.0,0.03226588388276575,0.14345771076025776,13.542178793088377
2,847.0,0.032266486685099495,0.14345885508883904,13.542232829456939
2,848.0,0.032267107485560866,0.14345997677848563,13.542288479212521
2,849.0,0.032267739564954434,0.14346107833693414,13.542345140033426
2,850.0,0.03226838064538124,0.14346216070877105,13.542402607724378
2,851.0,0.0322690307268413,0.14346322389399638,13.542460882285386
2,852.0,0.0322696898093346,0.14346426789261008,13.542519963716442
2,853.0,0.03227035789286114,0.14346529270461217,13.542579852017552
2,854.0,0.03227103497742093,0.14346629833000266,13.54264054718871
2,855.0,0.032271721063013965,0.14346728476878154,13.54270204922992
2,856.0,0.03227241614964025,0.14346825202094884,13.542764358141188
2,857.0,0.03227312023729977,0.14346920008650452,13.542827473922502
2,858.0,0.03227383332599255,0.14347012896544858,13.542891396573866
2,859.0,0.03227455541571856,0.14347103865778107,13.54295612609528
2,860.0,0.032275286506477825,0.14347192916350193,13.54302166248675
2,861.0,0.03227602659827033,0.14347280048261118,13.543088005748269
2,862.0,0.03227677569109608,0.14347365261510883,13.543155155879836
2,863.0,0.03227753378495508,0.1434744855609949,13.543223112881458
2,864.0,0.032278300879847316,0.14347529932026934,13.54329187675313
2,865.0,0.032279080665563634,0.1434760914490204,13.54336177825485
2,866.0,0.03227986589307288,0.14347686612207677,13.543432167569424
2,867.0,0.03228065553874603,0.14347762396521138,13.54350295293677
2,868.0,0.0322814496025831,0.14347836497842428,13.543574134356883
2,869.0,0.032282248084584075,0.14347908916171545,13.543645711829763
2,870.0,0.03228305098474896,0.1434797965150849,13.54371768535542
2,871.0,0.032283858303077756,0.14348048703853264,13.543790054933837
2,872.0,0.03228467003957046,0.14348116073205866,13.543862820565026
2,873.0,0.03228548619422708,0.14348181759566295,13.543935982248986
2,874.0,0.03228630676704761,0.1434824576293455,13.54400953998571
2,875.0,0.032287131758032044,0.14348308083310635,13.544083493775211
2,876.0,0.03228796116718039,0.14348368720694546,13.544157843617475
2,877.0,0.03228879499449265,0.14348427675086287,13.54423258951251
2,878.0,0.03228963323996882,0.14348484946485854,13.54430773146031
2,879.0,0.0322904759036089,0.14348540534893248,13.544383269460885
2,880.0,0.032291322985412894,0.1434859444030847,13.544459203514227
2,881.0,0.0322921744853808,0.1434864666273152,13.544535533620337
2,882.0,0.032293032117026464,0.14348697052683443,13.544612413381918
2,883.0,0.03229389444610238,0.14348745696582985,13.544689714230241
2,884.0,0.03229475737400977,0.14348792934240526,13.54476706875898
2,885.0,0.03229562090074861,0.14348838765656066,13.544844476968127
2,886.0,0.032296485026318926,0.1434888319082961,13.544921938857689
2,887.0,0.032297349750720704,0.1434892620976115,13.544999454427662
2,888.0,0.032298215073953945,0.14348967822450692,13.545077023678049
2,889.0,0.03229908099601865,0.14349008028898236,13.545154646608848
2,890.0,0.03229994751691482,0.14349046829103781,13.545232323220057
2,891.0,0.03230081463664245,0.14349084223067327,13.545310053511674
2,892.0,0.03230168235520155,0.1434912021078887,13.545387837483709
2,893.0,0.03230255067259211,0.14349154792268418,13.545465675136159
2,894.0,0.032303419588814136,0.14349187967505964,13.545543566469012
2,895.0,0.03230428910386763,0.14349219736501512,13.545621511482286
2,896.0,0.03230515921775258,0.14349250099255062,13.545699510175966
2,897.0,0.032306029930469,0.1434927905576661,13.545777562550063
2,898.0,0.032306901242016885,0.14349306606036158,13.54585566860457
2,899.0,0.03230777315239623,0.1434933275006371,13.545933828339486
2,900.0,0.03230864627130511,0.14349357415206518,13.546012096409335
2,901.0,0.03230952163488381,0.14349380444384371,13.546090565695732
2,902.0,0.03231039459888405,0.1434940236623587,13.546168819879265
2,903.0,0.03231126516330582,0.1434942318076101,13.546246858959943
2,904.0,0.03231213332814911,0.14349442887959793,13.546324682937753
2,905.0,0.03231299909341393,0.1434946148783222,13.546402291812706
2,906.0,0.03231386245910028,0.14349478980378294,13.546479685584794
2,907.0,0.03231472342520816,0.14349495365598008,13.546556864254025
2,908.0,0.032315581991737556,0.14349510643491367,13.546633827820393
2,909.0,0.03231643815868849,0.1434952481405837,13.546710576283902
2,910.0,0.032317291926060955,0.14349537877299018,13.54678710964455
2,911.0,0.03231814329385494,0.14349549833213307,13.546863427902336
2,912.0,0.03231899226207046,0.1434956068180124,13.54693953105726
2,913.0,0.0323198388307075,0.14349570423062818,13.547015419109321
2,914.0,0.03232068299976607,0.1434957905699804,13.54709109205852
2,915.0,0.03232152476924617,0.14349586583606905,13.54716654990486
2,916.0,0.032322364139147804,0.14349593002889413,13.54724179264834
2,917.0,0.032323201109470956,0.14349598314845566,13.54731682028896
2,918.0,0.03232403568021564,0.1434960251947536,13.547391632826717
2,919.0,0.032324867899326946,0.14349605608431304,13.547466234559502
2,920.0,0.03232569954715495,0.14349607235593487,13.547540785081347
2,921.0,0.03232652664545951,0.14349608058592092,13.547614927775104
2,922.0,0.032327349194240615,0.14349608077427123,13.54768866264076
2,923.0,0.032328167193498285,0.1434960729209858,13.547761989678333
2,924.0,0.03232898064323251,0.14349605702606458,13.547834908887808
2,925.0,0.03232978954344329,0.14349603308950762,13.54790742026919
2,926.0,0.03233059389413062,0.1434960011113149,13.547979523822486
2,927.0,0.03233139369529451,0.14349596109148643,13.54805121954769
2,928.0,0.03233218894693496,0.1434959130300222,13.548122507444795
2,929.0,0.03233297964905196,0.14349585692692224,13.548193387513813
2,930.0,0.032333765801645514,0.1434957927821865,13.548263859754734
2,931.0,0.03233454740471563,0.14349572059581503,13.548333924167572
2,932.0,0.0323353244582623,0.1434956403678078,13.548403580752309
2,933.0,0.032336096962285524,0.14349555209816478,13.548472829508958
2,934.0,0.03233686491678531,0.14349545578688602,13.548541670437517
2,935.0,0.03233762832176164,0.14349535143397152,13.54861010353798
2,936.0,0.03233838717721453,0.14349523903942127,13.548678128810355
2,937.0,0.03233914148314398,0.14349511860323524,13.548745746254635
2,938.0,0.03233989123954998,0.14349499012541347,13.548812955870822
2,939.0,0.03234063644643254,0.14349485360595596,13.548879757658922
2,940.0,0.03234137795980067,0.14349470603190081,13.548946228353227
2,941.0,0.032342114100635075,0.14349455185475435,13.549012217443213
2,942.0,0.03234284438972859,0.14349439253933904,13.549077681971811
2,943.0,0.03234356882708121,0.14349422808565485,13.549142621939023
2,944.0,0.032344287412692935,0.1434940584937018,13.549207037344846
2,945.0,0.03234500014656377,0.14349388376347988,13.549270928189287
2,946.0,0.03234570702869371,0.14349370389498908,13.549334294472338
2,947.0,0.03234640805908275,0.1434935188882294,13.54939713619401
2,948.0,0.0323471032377309,0.14349332874320084,13.549459453354288
2,949.0,0.032347792564638156,0.14349313345990344,13.549521245953184
2,950.0,0.03234847603980452,0.14349293303833716,13.549582513990693
2,951.0,0.03234915366322999,0.14349272747850197,13.549643257466817
2,952.0,0.03234982543491457,0.14349251678039796,13.549703476381554
2,953.0,0.03235049135485825,0.14349230094402504,13.549763170734902
2,954.0,0.03235115142306103,0.14349207996938326,13.54982234052687
2,955.0,0.03235180563952293,0.14349185385647262,13.549880985757447
2,956.0,0.03235245400424393,0.1434916226052931,13.549939106426642
2,957.0,0.03235309651722403,0.1434913862158447,13.549996702534449
2,958.0,0.03235373317846325,0.14349114468812746,13.550053774080869
2,959.0,0.032354363987961564,0.14349089802214132,13.550110321065906
2,960.0,0.03235498894571899,0.14349064621788632,13.550166343489554
2,961.0,0.03235560805819676,0.1434903891123103,13.550221841931016
2,962.0,0.03235622125070518,0.143490123593571,13.550276809694958
2,963.0,0.03235682810504065,0.1434898555476659,13.550331209292807
2,964.0,0.032357428621203145,0.14348958497459496,13.550385040724553
2,965.0,0.03235802279919268,0.14348931187435818,13.550438303990198
2,966.0,0.03235861063900925,0.14348903624695555,13.550490999089748
2,967.0,0.03235919214065286,0.14348875809238712,13.5505431260232
2,968.0,0.0323597673041235,0.14348847741065285,13.550594684790552
2,969.0,0.03236033612942118,0.1434881942017527,13.550645675391806
2,970.0,0.0323608986165459,0.14348790846568676,13.55069609782696
2,971.0,0.03236145476549765,0.14348762020245498,13.550745952096017
2,972.0,0.03236200457627644,0.14348732941205739,13.550795238198972
2,973.0,0.032362548048882264,0.14348703609449392,13.550843956135832
2,974.0,0.03236308518331513,0.14348674024976463,13.550892105906591
2,975.0,0.03236361597957503,0.14348644187786952,13.550939687511251
2,976.0,0.03236414043766196,0.14348614097880857,13.550986700949812
2,977.0,0.032364658557575934,0.14348583755258176,13.551033146222277
2,978.0,0.03236517033931694,0.14348553159918914,13.551079023328638
2,979.0,0.03236567578288499,0.14348522311863068,13.551124332268904
2,980.0,0.032366174888280065,0.14348491211090642,13.551169073043068
2,981.0,0.03236666765550219,0.14348459857601628,13.55121324565114
2,982.0,0.03236715408455134,0.1434842825139603,13.551256850093111
2,983.0,0.03236763417542753,0.14348396392473853,13.55129988636898
2,984.0,0.03236810792813076,0.1434836428083509,13.551342354478752
2,985.0,0.03236857463381318,0.14348331711655585,13.551384190879931
2,986.0,0.0323690347087858,0.1434829891841954,13.551425432891444
2,987.0,0.03236948870070935,0.1434826608867731,13.551466129606657
2,988.0,0.03236993660958384,0.14348233222428897,13.551506281025572
2,989.0,0.032370378435409256,0.143482003196743,13.551545887148187
2,990.0,0.0323708141781856,0.1434816738041352,13.551584947974506
2,991.0,0.032371243837912886,0.14348134404646556,13.551623463504525
2,992.0,0.0323716674145911,0.1434810139237341,13.551661433738246
2,993.0,0.032372084908220244,0.14348068343594078,13.55169885867567
2,994.0,0.03237249631880033,0.14348035258308564,13.551735738316792
2,995.0,0.03237290164633134,0.14348002136516863,13.551772072661613
2,996.0,0.03237330089081328,0.1434796897821898,13.55180786171014
2,997.0,0.03237369405224615,0.14347935783414914,13.55184310546237
2,998.0,0.032374081130629964,0.14347902552104663,13.551877803918295
2,999.0,0.032374462125964704,0.14347869284288228,13.551911957077927
2,1000.0,0.03237483703825038,0.1434783597996561,13.551945564941256
2,1001.0,0.03237520586748699,0.14347802639136809,13.551978627508293
2,1002.0,0.03237556861367453,0.1434776926180182,13.552011144779023
2,1003.0,0.032375925276812996,0.14347735847960652,13.552043116753458
2,1004.0,0.0323762758569024,0.143477023976133,13.552074543431592
2,1005.0,0.03237662035394274,0.14347668910759762,13.552105424813433
2,1006.0,0.032376958767934005,0.1434763538740004,13.55213576089897
2,1007.0,0.03237729109887621,0.14347601827534134,13.552165551688216
2,1008.0,0.03237761734676934,0.14347568231162047,13.552194797181153
2,1009.0,0.03237793751161341,0.14347534598283773,13.552223497377797
2,1010.0,0.0323782512799359,0.14347500893503154,13.55225162417786
2,1011.0,0.03237855723244454,0.14347466990815574,13.552279050353233
2,1012.0,0.03237885795930791,0.14347433209391844,13.552306008091643
2,1013.0,0.03237915346052599,0.14347399549231957,13.552332497393092
2,1014.0,0.03237944373609881,0.14347366010335919,13.552358518257574
2,1015.0,0.03237972878602634,0.14347332592703724,13.552384070685099
2,1016.0,0.0323800086103086,0.14347299296335378,13.552409154675656
2,1017.0,0.03238028320894558,0.14347266121230876,13.552433770229255
2,1018.0,0.03238055258193728,0.14347233067390222,13.55245791734589
2,1019.0,0.03238081672928371,0.14347200134813412,13.552481596025565
2,1020.0,0.03238107565098486,0.14347167323500448,13.552504806268276
2,1021.0,0.03238132934704074,0.14347134633451333,13.552527548074025
2,1022.0,0.03238157781745133,0.14347102064666062,13.55254982144281
2,1023.0,0.03238182106221665,0.1434706961714464,13.552571626374633
2,1024.0,0.03238205908133669,0.1434703729088706,13.552592962869495
2,1025.0,0.03238229187481146,0.14347005085893327,13.552613830927394
2,1026.0,0.03238251944264095,0.14346973002163443,13.55263423054833
2,1027.0,0.032382741784825156,0.14346941039697403,13.5526541617323
2,1028.0,0.03238295890136409,0.14346909198495209,13.552673624479313
2,1029.0,0.032383170792257755,0.1434687747855686,13.552692618789361
2,1030.0,0.032383377457506135,0.1434684587988236,13.55271114466245
2,1031.0,0.03238357889710924,0.14346814402471705,13.552729202098572
2,1032.0,0.03238377511106706,0.14346783046324896,13.552746791097736
2,1033.0,0.032383966099379616,0.14346751811441935,13.552763911659932
2,1034.0,0.03238415186204689,0.14346720697822818,13.552780563785168
2,1035.0,0.032384332399068884,0.14346689705467547,13.552796747473442
2,1036.0,0.032384507710445605,0.14346658834376122,13.552812462724754
2,1037.0,0.03238467779617705,0.14346628084548543,13.552827709539105
2,1038.0,0.032384840796525594,0.14346597381275972,13.552842321206011
2,1039.0,0.03238499843610477,0.14346566828230653,13.55285645232317
2,1040.0,0.03238515209076662,0.14346536488751396,13.552870226224618
2,1041.0,0.03238530176051115,0.143465063628382,13.552883642910363
2,1042.0,0.03238544744533836,0.14346476450491066,13.552896702380403
2,1043.0,0.03238558914524825,0.14346446751709996,13.552909404634738
2,1044.0,0.03238572686024082,0.14346417266494987,13.552921749673365
2,1045.0,0.03238586059031607,0.1434638799484604,13.552933737496287
2,1046.0,0.032385990335474,0.14346358936763157,13.552945368103504
2,1047.0,0.0323861160957146,0.14346330092246332,13.552956641495017
2,1048.0,0.032386237871037886,0.1434630146129557,13.552967557670822
2,1049.0,0.03238635566144385,0.14346273043910873,13.55297811663092
2,1050.0,0.032386469466932494,0.14346244840092237,13.552988318375316
2,1051.0,0.03238657928750382,0.14346216849839663,13.552998162904005
2,1052.0,0.03238668512315782,0.1434618907315315,13.553007650216987
2,1053.0,0.0323867869738945,0.143461615100327,13.55301678031426
2,1054.0,0.03238688483971386,0.1434613416047831,13.553025553195834
2,1055.0,0.0323869787206159,0.14346107024489985,13.5530339688617
2,1056.0,0.032387068616600616,0.1434608010206772,13.553042027311859
2,1057.0,0.032387154527668015,0.1434605339321152,13.553049728546313
2,1058.0,0.032387236453818094,0.1434602689792138,13.553057072565062
2,1059.0,0.03238731439505085,0.14346000616197302,13.553064059368106
2,1060.0,0.03238738835136628,0.14345974548039286,13.553070688955446
2,1061.0,0.03238745832276439,0.14345948693447333,13.553076961327074
2,1062.0,0.032387524309245186,0.1434592305242144,13.553082876483002
2,1063.0,0.03238758631080866,0.1434589762496161,13.553088434423218
2,1064.0,0.032387644327454806,0.14345872411067842,13.553093635147734
2,1065.0,0.03238769835918364,0.14345847410740137,13.553098478656544
2,1066.0,0.03238774840599515,0.14345822623978494,13.553102964949643
2,1067.0,0.03238779314599129,0.14345798049775918,13.553106975529543
2,1068.0,0.03238783289331982,0.1434577370919134,13.553110538557045
2,1069.0,0.03238787002236529,0.14345749612912234,13.553113866876583
2,1070.0,0.0323879045331277,0.14345725760938596,13.553116960488156
2,1071.0,0.03238793642560704,0.14345702153270432,13.553119819391766
2,1072.0,0.03238796569980332,0.14345678789907737,13.553122443587412
2,1073.0,0.03238799235571654,0.14345655670850513,13.553124833075097
2,1074.0,0.032388016393346694,0.14345632796098762,13.553126987854812
2,1075.0,0.03238803781269379,0.14345610165652478,13.553128907926567
2,1076.0,0.032388056613757814,0.14345587779511668,13.553130593290357
2,1077.0,0.03238807279653878,0.1434556563767633,13.553132043946182
2,1078.0,0.03238808636103668,0.1434554374014646,13.55313325989404
2,1079.0,0.03238809730725153,0.14345522086922063,13.553134241133936
2,1080.0,0.0323881056351833,0.14345500678003137,13.553134987665869
2,1081.0,0.03238811134483202,0.1434547951338968,13.553135499489839
2,1082.0,0.03238811443619767,0.14345458593081697,13.55313577660584
2,1083.0,0.03238811490928026,0.14345437917079182,13.553135819013882
2,1084.0,0.03238811276407978,0.1434541748538214,13.553135626713958
2,1085.0,0.032388108000596244,0.1434539729799057,13.553135199706066
2,1086.0,0.03238810061882964,0.14345377354904468,13.553134537990214
2,1087.0,0.03238809061877998,0.1434535765612384,13.553133641566394
2,1088.0,0.032388078000447254,0.1434533820164868,13.553132510434615
2,1089.0,0.032388062763831466,0.14345318991478992,13.553131144594868
2,1090.0,0.032388044908932614,0.14345300025614777,13.553129544047158
2,1091.0,0.0323880244357507,0.14345281304056032,13.553127708791486
2,1092.0,0.032388001344285725,0.14345262826802757,13.553125638827845
2,1093.0,0.03238797563453768,0.14345244593854953,13.553123334156242
2,1094.0,0.03238794730650658,0.14345226605212621,13.553120794776673
2,1095.0,0.032387916360192406,0.1434520886087576,13.553118020689142
2,1096.0,0.03238788279559518,0.1434519136084437,13.553115011893645
2,1097.0,0.032387846612714884,0.1434517410511845,13.553111768390186
2,1098.0,0.032387805910223125,0.14345157159119057,13.553108119740005
2,1099.0,0.032387762755224106,0.14345140473495882,13.553104251242319
2,1100.0,0.03238771825104268,0.14345124014451166,13.553100261801308
2,1101.0,0.03238767239767884,0.14345107781984906,13.553096151416977
2,1102.0,0.032387625195132594,0.14345091776097105,13.553091920089319
2,1103.0,0.032387576643403936,0.14345075996787762,13.553087567818338
2,1104.0,0.032387526742492866,0.14345060444056876,13.553083094604036
2,1105.0,0.03238747549239938,0.14345045117904445,13.553078500446404
2,1106.0,0.032387422893123484,0.14345030018330476,13.553073785345452
2,1107.0,0.032387368944665186,0.14345015145334963,13.553068949301176
2,1108.0,0.03238731364702447,0.14345000498917906,13.553063992313572
2,1109.0,0.03238725700020134,0.14344986079079308,13.553058914382646
2,1110.0,0.0323871990041958,0.1434497188581917,13.553053715508396
2,1111.0,0.03238713965900786,0.14344957919137485,13.553048395690825
2,1112.0,0.032387078964637495,0.1434494417903426,13.553042954929927
2,1113.0,0.03238701692108473,0.14344930665509492,13.553037393225706
2,1114.0,0.03238695352834955,0.14344917378563182,13.553031710578159
2,1115.0,0.03238688878643195,0.1434490431819533,13.553025906987289
2,1116.0,0.03238682269533195,0.14344891484405936,13.55301998245309
2,1117.0,0.03238675525504953,0.14344878877195,13.553013936975574
2,1118.0,0.03238668646558471,0.1434486649656252,13.553007770554734
2,1119.0,0.03238661632693747,0.14344854342508498,13.553001483190567
2,1120.0,0.03238654483910782,0.14344842415032935,13.552995074883075
2,1121.0,0.03238647200209577,0.14344830714135828,13.55298854563226
2,1122.0,0.032386397815901295,0.1434481923981718,13.552981895438123
2,1123.0,0.03238632228052442,0.14344807992076988,13.552975124300659
2,1124.0,0.03238624539596512,0.14344796970915255,13.552968232219875
2,1125.0,0.03238616716222342,0.1434478617633198,13.552961219195758
2,1126.0,0.03238608757929931,0.14344775608327162,13.552954085228324
2,1127.0,0.03238600664719278,0.14344765266900802,13.552946830317564
2,1128.0,0.032385924365903845,0.143447551520529,13.552939454463482
2,1129.0,0.0323858407354325,0.14344745263783454,13.552931957666075
2,1130.0,0.03238575510957345,0.14344735647752735,13.552924281998246
2,1131.0,0.032385667019000794,0.14344726351484274,13.552916385388723
2,1132.0,0.0323855785972661,0.14344717232506327,13.552908459093189
2,1133.0,0.03238548984436936,0.14344708290818892,13.552900503111651
2,1134.0,0.03238540076031059,0.14344699526421972,13.552892517444102
2,1135.0,0.03238531134508976,0.14344690939315563,13.552884502090553
2,1136.0,0.032385221598706895,0.1434468252949967,13.55287645705099
2,1137.0,0.03238513152116198,0.14344674296974289,13.552868382325423
2,1138.0,0.03238504111245503,0.1434466624173942,13.55286027791385
2,1139.0,0.03238495037258603,0.14344658363795065,13.55285214381627
2,1140.0,0.032384859301554984,0.14344650663141226,13.55284398003268
2,1141.0,0.0323847678993619,0.14344643139777896,13.552835786563087
2,1142.0,0.03238467616600677,0.14344635793705082,13.552827563407485
2,1143.0,0.0323845841014896,0.1434462862492278,13.552819310565877
2,1144.0,0.032384491705810384,0.14344621633430993,13.552811028038258
2,1145.0,0.03238439897896912,0.1434461481922972,13.552802715824637
2,1146.0,0.03238430592096582,0.14344608182318958,13.552794373925005
2,1147.0,0.032384212531800474,0.1434460172269871,13.55278600233937
2,1148.0,0.03238411881147308,0.14344595440368976,13.552777601067728
2,1149.0,0.03238402475998365,0.14344589335329755,13.552769170110077
2,1150.0,0.03238393037733217,0.14344583407581046,13.552760709466424
2,1151.0,0.03238383566351865,0.1434457765712285,13.552752219136758
2,1152.0,0.032383740618543086,0.1434457208395517,13.552743699121088
2,1153.0,0.03238364524240548,0.14344566688078003,13.55273514941941
2,1154.0,0.032383549535105825,0.1434456146949135,13.552726570031727
2,1155.0,0.03238345349664413,0.14344556428195207,13.552717960958034
2,1156.0,0.03238335712702039,0.14344551564189578,13.552709322198337
2,1157.0,0.03238326042623461,0.14344546877474462,13.552700653752629
2,1158.0,0.03238316339428678,0.14344542368049862,13.55269195562092
2,1159.0,0.03238306603117691,0.14344538035915774,13.552683227803199
2,1160.0,0.032382968336905,0.143445338810722,13.552674470299475
2,1161.0,0.032382870311471044,0.14344529903519138,13.552665683109742
2,1162.0,0.032382771954875045,0.14344526103256589,13.552656866234
2,1163.0,0.032382673267116996,0.14344522480284555,13.552648019672253
2,1164.0,0.03238257424819691,0.14344519034603032,13.552639143424502
2,1165.0,0.03238247399399486,0.14344515890787374,13.552630156443678
2,1166.0,0.032382373476620215,0.1434451293976352,13.552621145871555
2,1167.0,0.03238227331105162,0.1434451010213449,13.55261216683601
2,1168.0,0.03238217349728907,0.1434450737790028,13.552603219337039
2,1169.0,0.032382074035332574,0.14344504767060895,13.552594303374644
2,1170.0,0.032381974925182126,0.1434450226961633,13.552585418948828
2,1171.0,0.03238187616683773,0.14344499885566586,13.55257656605958
2,1172.0,0.03238177776029937,0.14344497614911667,13.552567744706913
2,1173.0,0.032381679705567074,0.14344495457651565,13.552558954890817
2,1174.0,0.03238158200264082,0.1434449341378629,13.5525501966113
2,1175.0,0.03238148465152062,0.14344491483315835,13.552541469868359
2,1176.0,0.03238138765220646,0.143444896662402,13.552532774661994
2,1177.0,0.03238129100469835,0.1434448796255939,13.552524110992202
2,1178.0,0.032381194708996294,0.14344486372273402,13.552515478858988
2,1179.0,0.03238109876510028,0.14344484895382237,13.552506878262347
2,1180.0,0.03238100317301032,0.1434448353188589,13.552498309202278
2,1181.0,0.03238090793272641,0.14344482281784368,13.552489771678788
2,1182.0,0.032380813044248544,0.14344481145077667,13.552481265691878
2,1183.0,0.032380718507576726,0.14344480121765787,13.55247279124154
2,1184.0,0.032380624322710966,0.14344479211848732,13.552464348327776
2,1185.0,0.03238053048965125,0.14344478415326498,13.55245593695059
2,1186.0,0.03238043700839758,0.14344477732199085,13.552447557109977
2,1187.0,0.03238034387894996,0.14344477162466493,13.552439208805941
2,1188.0,0.032380251101308384,0.14344476706128725,13.55243089203848
2,1189.0,0.032380158675472864,0.1434447636318578,13.552422606807594
2,1190.0,0.032380066601443394,0.14344476133637654,13.552414353113285
2,1191.0,0.03237997487921997,0.1434447601748435,13.552406130955553
2,1192.0,0.03237988350880259,0.14344476014725868,13.552397940334393
2,1193.0,0.03237979249019127,0.1434447612536221,13.55238978124981
2,1194.0,0.03237970182338599,0.14344476349393373,13.5523816537018
2,1195.0,0.03237961150838676,0.1434447668681936,13.55237355769037
2,1196.0,0.03237952154519358,0.14344477137640166,13.552365493215513
2,1197.0,0.03237943193380644,0.14344477701855796,13.55235746027723
2,1198.0,0.03237934267422536,0.14344478379466247,13.552349458875524
2,1199.0,0.032379253766450324,0.1434447917047152,13.552341489010395
2,1200.0,0.03237916521048134,0.14344480074871616,13.552333550681842
2,1201.0,0.0323790770063184,0.14344481092666533,13.552325643889862
2,1202.0,0.032378989153961514,0.14344482223856272,13.552317768634461
2,1203.0,0.032378901303907436,0.14344483630644111,13.552309893585486
2,1204.0,0.03237881406756961,0.1434448511155054,13.552302073551223
2,1205.0,0.03237872750673304,0.1434448664274978,13.552294314070203
2,1206.0,0.03237864162139773,0.14344488224241833,13.552286615142421
2,1207.0,0.03237855641156368,0.143444898560267,13.55227897676788
2,1208.0,0.0323784718772309,0.14344491538104379,13.552271398946585
2,1209.0,0.03237838801839937,0.14344493270474867,13.55226388167853
2,1210.0,0.032378304835069115,0.1434449505313817,13.552256424963712
2,1211.0,0.03237822232724011,0.14344496886094285,13.552249028802139
2,1212.0,0.03237814049491237,0.14344498769343214,13.552241693193805
2,1213.0,0.032378059338085886,0.14344500702884952,13.552234418138717
2,1214.0,0.03237797885676067,0.14344502686719504,13.552227203636864
2,1215.0,0.03237789905093671,0.1434450472084687,13.552220049688255
2,1216.0,0.03237781992061401,0.14344506805267046,13.552212956292886
2,1217.0,0.03237774146579258,0.14344508939980036,13.552205923450762
2,1218.0,0.0323776636864724,0.14344511124985837,13.552198951161875
2,1219.0,0.03237758658265349,0.1434451336028445,13.552192039426233
2,1220.0,0.032377510154335834,0.14344515645875877,13.552185188243831
2,1221.0,0.03237743440151944,0.14344517981760116,13.552178397614668
2,1222.0,0.03237735932420431,0.14344520367937166,13.552171667538747
2,1223.0,0.03237728492239044,0.14344522804407028,13.55216499801607
2,1224.0,0.03237721119607783,0.14344525291169705,13.55215838904663
2,1225.0,0.03237713814526648,0.14344527828225193,13.552151840630433
2,1226.0,0.032377065769956394,0.14344530415573492,13.552145352767477
2,1227.0,0.03237699407014757,0.14344533053214606,13.55213892545776
2,1228.0,0.03237692304584,0.14344535741148529,13.552132558701286
2,1229.0,0.03237685269703369,0.14344538479375266,13.552126252498056
2,1230.0,0.03237678302372865,0.14344541267894817,13.552120006848064
2,1231.0,0.03237671402592487,0.14344544106707177,13.552113821751314
2,1232.0,0.03237664570362235,0.14344546995812352,13.552107697207806
2,1233.0,0.032376578056821086,0.14344549935210338,13.552101633217536
2,1234.0,0.03237651108552109,0.14344552924901138,13.552095629780508
2,1235.0,0.03237644478972235,0.14344555964884748,13.552089686896727
2,1236.0,0.032376379169424874,0.1434455905516117,13.552083804566184
2,1237.0,0.03237631422462865,0.14344562195730406,13.552077982788878
2,1238.0,0.0323762499553337,0.14344565386592456,13.552072221564817
2,1239.0,0.03237618636154,0.14344568627747317,13.552066520893993
2,1240.0,0.03237612344324757,0.1434457191919499,13.552060880776418
2,1241.0,0.0323760612004564,0.14344575260935474,13.552055301212077
2,1242.0,0.03237599963316649,0.1434457865296877,13.552049782200983
2,1243.0,0.032375938741377834,0.1434458209529488,13.552044323743125
2,1244.0,0.03237587852509044,0.14344585587913802,13.55203892583851
2,1245.0,0.032375819304322394,0.14344589209930383,13.552033617174176
2,1246.0,0.03237576103429262,0.1434459291339016,13.552028393735867
2,1247.0,0.032375703435752586,0.1434459661808766,13.55202323049119
2,1248.0,0.0323756465087023,0.1434460032402288,13.552018127440158
2,1249.0,0.03237559025314175,0.14344604031195826,13.552013084582772
2,1250.0,0.03237553466907095,0.14344607739606494,13.552008101919021
2,1251.0,0.03237547975648988,0.14344611449254885,13.552003179448914
2,1252.0,0.032375425515398557,0.14344615160141,13.551998317172446
2,1253.0,0.032375371945796975,0.1434461887226484,13.551993515089618
2,1254.0,0.03237531904768514,0.143446225856264,13.551988773200433
2,1255.0,0.032375266821063044,0.14344626300225682,13.551984091504886
2,1256.0,0.032375215265930686,0.1434463001606269,13.551979470002983
2,1257.0,0.032375164382288074,0.1434463373313742,13.551974908694717
2,1258.0,0.0323751141701352,0.14344637451449874,13.551970407580097
2,1259.0,0.03237506462947207,0.1434464117100005,13.551965966659116
2,1260.0,0.03237501576029868,0.1434464489178795,13.551961585931773
2,1261.0,0.032374967562615035,0.14344648613813574,13.551957265398073
2,1262.0,0.03237492003642113,0.1434465233707692,13.551953005058015
2,1263.0,0.032374873181716966,0.1434465606157799,13.551948804911598
2,1264.0,0.03237482699850254,0.14344659787316782,13.551944664958816
2,1265.0,0.03237478148677786,0.143446635142933,13.551940585199679
2,1266.0,0.032374736646542925,0.1434466724250754,13.551936565634184
2,1267.0,0.03237469247779773,0.143446709719595,13.551932606262332
2,1268.0,0.03237464898054227,0.14344674702649185,13.551928707084114
2,1269.0,0.03237460615477655,0.14344678434576594,13.551924868099542
2,1270.0,0.03237456400050058,0.14344682167741726,13.55192108930861
2,1271.0,0.03237452251771435,0.14344685902144583,13.551917370711319
2,1272.0,0.032374481706417865,0.1434468963778516,13.551913712307666
2,1273.0,0.032374441566611116,0.14344693374663461,13.551910114097655
2,1274.0,0.03237440209829411,0.14344697112779486,13.551906576081286
2,1275.0,0.03237436330146685,0.14344700852133233,13.551903098258556
2,1276.0,0.03237432517612933,0.14344704592724705,13.55189968062947
2,1277.0,0.03237428772228155,0.143447083345539,13.551896323194024
2,1278.0,0.03237425093992351,0.14344712077620816,13.551893025952216
2,1279.0,0.03237421482905521,0.14344715821925458,13.551889788904052
2,1280.0,0.032374179389676655,0.1434471956746782,13.551886612049525
2,1281.0,0.03237414462178784,0.14344723314247906,13.551883495388644
2,1282.0,0.032374110525388765,0.14344727062265716,13.5518804389214
2,1283.0,0.03237407710047944,0.1434473081152125,13.551877442647799
2,1284.0,0.03237404434705985,0.14344734562014508,13.551874506567836
2,1285.0,0.03237401226513,0.14344738313745486,13.551871630681516
2,1286.0,0.0323739808546899,0.1434474206671419,13.551868814988836
2,1287.0,0.032373950115739535,0.14344745820920615,13.5518660594898
2,1288.0,0.03237392004827891,0.14344749576364765,13.551863364184403
2,1289.0,0.03237389065230803,0.14344753333046636,13.551860729072642
2,1290.0,0.03237386192782689,0.14344757090966234,13.551858154154527
2,1291.0,0.03237383387483549,0.14344760850123553,13.551855639430054
2,1292.0,0.03237380649333384,0.14344764610518593,13.551853184899217
2,1293.0,0.032373779783321927,0.1434476837215136,13.551850790562023
2,1294.0,0.032373754519896214,0.14344772165318675,13.551848525899617
2,1295.0,0.03237373030258682,0.14344775961297654,13.551846355013106
2,1296.0,0.032373706528597265,0.14344779733079926,13.551844223866643
2,1297.0,0.03237368319792754,0.1434478348066549,13.551842132460227
2,1298.0,0.032373660310577666,0.1434478720405435,13.551840080793859
2,1299.0,0.03237363786654763,0.143447909032465,13.551838068867543
2,1300.0,0.032373615865837424,0.1434479457824194,13.551836096681276
2,1301.0,0.032373594308447065,0.14344798229040676,13.551834164235057
2,1302.0,0.03237357319437654,0.14344801855642703,13.551832271528887
2,1303.0,0.03237355252362586,0.14344805458048024,13.551830418562764
2,1304.0,0.03237353229619501,0.14344809036256637,13.551828605336693
2,1305.0,0.03237351251208401,0.1434481259026854,13.551826831850668
2,1306.0,0.03237349317129284,0.1434481612008374,13.551825098104691
2,1307.0,0.032373474273821506,0.14344819625702232,13.551823404098764
2,1308.0,0.032373455819670015,0.14344823107124013,13.551821749832891
2,1309.0,0.03237343780883837,0.1434482656434909,13.55182013530706
2,1310.0,0.032373420241326556,0.1434482999737746,13.55181856052128
2,1311.0,0.03237340311713458,0.1434483340620912,13.55181702547555
2,1312.0,0.03237338643626245,0.14344836790844073,13.551815530169868
2,1313.0,0.03237337019871015,0.1434484015128232,13.551814074604234
2,1314.0,0.032373354404477694,0.1434484348752386,13.551812658778651
2,1315.0,0.03237333905356508,0.14344846799568692,13.551811282693118
2,1316.0,0.0323733241459723,0.14344850087416816,13.551809946347632
2,1317.0,0.03237330968169936,0.14344853351068232,13.551808649742192
2,1318.0,0.03237329566074626,0.14344856590522942,13.551807392876805
2,1319.0,0.032373282083113,0.14344859805780943,13.551806175751464
2,1320.0,0.03237326894879958,0.1434486299684224,13.551804998366174
2,1321.0,0.032373256257805995,0.14344866163706826,13.551803860720932
2,1322.0,0.032373244010132245,0.14344869306374705,13.55180276281574
2,1323.0,0.03237323220577834,0.14344872424845878,13.551801704650595
2,1324.0,0.032373220844744276,0.14344875519120345,13.5518006862255
2,1325.0,0.03237320992703004,0.143448785891981,13.551799707540452
2,1326.0,0.032373199452635656,0.14344881635079154,13.551798768595456
2,1327.0,0.0323731894215611,0.14344884656763496,13.551797869390507
2,1328.0,0.032373179833806394,0.14344887654251132,13.551797009925606
2,1329.0,0.03237317068937152,0.1434489062754206,13.551796190200758
2,1330.0,0.03237316198825649,0.1434489357663628,13.551795410215957
2,1331.0,0.03237315373046129,0.14344896501533794,13.551794669971203
2,1332.0,0.03237314591598594,0.143448994022346,13.551793969466498
2,1333.0,0.03237313854483042,0.143449022787387,13.551793308701845
2,1334.0,0.03237313161699474,0.14344905131046093,13.551792687677239
2,1335.0,0.032373125132478905,0.14344907959156775,13.551792106392679
2,1336.0,0.032373119091282904,0.14344910763070753,13.551791564848171
2,1337.0,0.03237311349340674,0.1434491354278802,13.551791063043712
2,1338.0,0.03237310833885042,0.14344916298308583,13.551790600979299
2,1339.0,0.03237310362761393,0.14344919029632439,13.551790178654937
2,1340.0,0.03237309935969729,0.14344921736759586,13.551789796070626
2,1341.0,0.03237309553510048,0.14344924419690025,13.551789453226359
2,1342.0,0.032373092153823516,0.14344927078423758,13.551789150122143
2,1343.0,0.03237308921586639,0.14344929712960783,13.551788886757977
2,1344.0,0.0323730867212291,0.14344932323301102,13.55178866313386
2,1345.0,0.03237308466991165,0.14344934909444712,13.55178847924979
2,1346.0,0.03237308306191404,0.14344937471391614,13.55178833510577
2,1347.0,0.03237308189723627,0.1434494000914181,13.551788230701803
2,1348.0,0.03237308117587834,0.14344942522695298,13.55178816603788
2,1349.0,0.03237308089784024,0.1434494501205208,13.551788141114008
2,1350.0,0.032373081832177526,0.14344947452953366,13.551788224869808
2,1351.0,0.032373083432385125,0.14344949853910008,13.551788368315519
2,1352.0,0.03237308519678048,0.14344952228770846,13.551788526479333
2,1353.0,0.03237308712536358,0.14344954577535884,13.551788699361257
2,1354.0,0.03237308921813444,0.14344956900205122,13.551788886961292
2,1355.0,0.03237309147509306,0.14344959196778556,13.551789089279433
2,1356.0,0.03237309389623943,0.14344961467256187,13.551789306315683
2,1357.0,0.03237309648157355,0.14344963711638017,13.55178953807004
2,1358.0,0.03237309923109543,0.14344965929924045,13.551789784542505
2,1359.0,0.03237310214480506,0.14344968122114268,13.551790045733078
2,1360.0,0.032373105222702446,0.14344970288208694,13.55179032164176
2,1361.0,0.03237310846478758,0.14344972428207314,13.551790612268551
2,1362.0,0.03237311187106048,0.14344974542110134,13.55179091761345
2,1363.0,0.03237311544152112,0.14344976629917153,13.551791237676454
2,1364.0,0.03237311917616952,0.14344978691628366,13.551791572457574
2,1365.0,0.03237312307500568,0.1434498072724378,13.551791921956797
2,1366.0,0.03237312713802958,0.14344982736763393,13.551792286174125
2,1367.0,0.032373131365241246,0.143449847201872,13.551792665109565
2,1368.0,0.032373135756640664,0.14344986677515206,13.551793058763115
2,1369.0,0.032373140312227836,0.14344988608747414,13.551793467134772
2,1370.0,0.032373145032002754,0.14344990513883815,13.551793890224538
2,1371.0,0.03237314991596543,0.14344992392924416,13.551794328032406
2,1372.0,0.032373154964115865,0.14344994245869216,13.551794780558387
2,1373.0,0.03237316017645405,0.1434499607271821,13.551795247802476
2,1374.0,0.03237316555297999,0.14344997873471407,13.551795729764674
2,1375.0,0.032373171093693684,0.143449996481288,13.551796226444976
2,1376.0,0.03237317679859513,0.1434500139669039,13.551796737843393
2,1377.0,0.03237318266768433,0.1434500311915618,13.551797263959914
2,1378.0,0.032373188700961286,0.14345004815526166,13.551797804794544
2,1379.0,0.032373194898425994,0.1434500648580035,13.551798360347284
2,1380.0,0.032373201260078456,0.1434500812997873,13.551798930618128
2,1381.0,0.03237320778591868,0.14345009748061313,13.551799515607085
2,1382.0,0.03237321447594665,0.14345011340048092,13.551800115314148
2,1383.0,0.03237322133016237,0.14345012905939067,13.55180072973932
2,1384.0,0.03237322834856585,0.14345014445734242,13.551801358882596
2,1385.0,0.032373235531157084,0.14345015959433613,13.551802002743983
2,1386.0,0.03237324287793607,0.14345017447037184,13.551802661323482
2,1387.0,0.03237325038890281,0.14345018908544951,13.551803334621084
2,1388.0,0.0323732580640573,0.14345020343956918,13.551804022636802
2,1389.0,0.032373265903399555,0.14345021753273082,13.55180472537062
2,1390.0,0.03237327390692955,0.14345023136493443,13.551805442822548
2,1391.0,0.03237328207464731,0.14345024493618003,13.551806174992583
2,1392.0,0.03237329040655282,0.14345025824646762,13.551806921880727
2,1393.0,0.032373298902646085,0.14345027129579718,13.551807683486985
2,1394.0,0.0323733075629271,0.1434502840841687,13.551808459811344
2,1395.0,0.03237331638739587,0.14345029661158223,13.551809250853815
2,1396.0,0.0323733253760524,0.14345030887803772,13.551810056614391
2,1397.0,0.03237333452889668,0.1434503208835352,13.551810877093079
2,1398.0,0.03237334384592871,0.14345033262807466,13.551811712289876
2,1399.0,0.032373353327148496,0.14345034411165608,13.551812562204777
2,1400.0,0.03237336297255604,0.1434503553342795,13.551813426837787
2,1401.0,0.032373372782151334,0.1434503662959449,13.551814306188906
2,1402.0,0.032373382755934384,0.14345037699665228,13.551815200258131
2,1403.0,0.03237339289390519,0.14345038743640162,13.551816109045468
2,1404.0,0.032373403196063744,0.14345039761519296,13.551817032550911
2,1405.0,0.032373413662410054,0.14345040753302626,13.551817970774467
2,1406.0,0.03237342429294412,0.14345041718990156,13.551818923716127
2,1407.0,0.032373435087665936,0.14345042658581883,13.551819891375896
2,1408.0,0.03237344604657551,0.14345043572077806,13.55182087375377
2,1409.0,0.03237345716967283,0.1434504445947793,13.551821870849755
2,1410.0,0.032373468586680255,0.14345045305876622,13.551822894292412
2,1411.0,0.03237348063675924,0.14345046066063707,13.551823974484828
2,1412.0,0.03237349265995022,0.14345046811556222,13.551825052266949
2,1413.0,0.03237350465625321,0.1434504754235416,13.551826127638781
2,1414.0,0.032373516625668196,0.14345048258457527,13.551827200600322
2,1415.0,0.032373528568195184,0.14345048959866316,13.55182827115157
2,1416.0,0.03237354048383417,0.14345049646580532,13.551829339292523
2,1417.0,0.032373552372585164,0.14345050318600175,13.551830405023184
2,1418.0,0.03237356423444816,0.14345050975925241,13.551831468343554
2,1419.0,0.032373576069423156,0.14345051618555735,13.55183252925363
2,1420.0,0.03237358787751016,0.14345052246491655,13.55183358775342
2,1421.0,0.03237359965870916,0.14345052859732998,13.55183464384291
2,1422.0,0.03237361141302016,0.1434505345827977,13.551835697522113
2,1423.0,0.03237362314044317,0.14345054042131966,13.551836748791022
2,1424.0,0.032373634840978174,0.14345054611289587,13.551837797649641
2,1425.0,0.03237364651462519,0.14345055165752635,13.551838844097963
2,1426.0,0.0323736581613842,0.1434505570552111,13.551839888135998
2,1427.0,0.032373669781255214,0.14345056230595007,13.55184092976374
2,1428.0,0.032373681374238225,0.14345056740974335,13.551841968981186
2,1429.0,0.032373692940333244,0.14345057236659084,13.551843005788339
2,1430.0,0.032373704479540265,0.14345057717649262,13.551844040185204
2,1431.0,0.032373715991859287,0.14345058183944864,13.551845072171778
2,1432.0,0.03237372747729031,0.1434505863554589,13.551846101748053
2,1433.0,0.032373738935833334,0.14345059072452346,13.55184712891404
2,1434.0,0.032373750367488366,0.14345059494664225,13.551848153669738
2,1435.0,0.03237376177225539,0.14345059902181528,13.551849176015141
2,1436.0,0.03237377315013443,0.1434506029500426,13.551850195950252
2,1437.0,0.03237378450112546,0.14345060673132418,13.55185121347507
2,1438.0,0.0323737958252285,0.14345061036565998,13.551852228589595
2,1439.0,0.03237380712244354,0.14345061385305008,13.551853241293829
2,1440.0,0.03237381839277058,0.14345061719349442,13.551854251587773
2,1441.0,0.03237382963620962,0.143450620386993,13.551855259471418
2,1442.0,0.03237384085276066,0.14345062343354587,13.551856264944773
2,1443.0,0.03237385204242371,0.14345062633315298,13.551857268007845
2,1444.0,0.03237386320519876,0.14345062908581432,13.551858268660617
2,1445.0,0.03237387434108581,0.14345063169152994,13.551859266903094
2,1446.0,0.03237388545008486,0.14345063415029982,13.551860262735286
2,1447.0,0.03237389653219592,0.14345063646212397,13.551861256157181
2,1448.0,0.032373907587418975,0.14345063862700236,13.551862247168785
2,1449.0,0.03237391861575403,0.143450640644935,13.551863235770096
2,1450.0,0.03237392961720109,0.14345064251592193,13.551864221961115
2,1451.0,0.03237394059176016,0.1434506442399631,13.551865205741844
2,1452.0,0.03237395153943122,0.14345064581705852,13.551866187112278
2,1453.0,0.03237396246021429,0.1434506472472082,13.551867166072421
2,1454.0,0.03237397335410936,0.14345064853041214,13.55186814262227
2,1455.0,0.032373984221116425,0.14345064966667034,13.55186911676183
2,1456.0,0.0323739950612355,0.1434506506559828,13.551870088491098
2,1457.0,0.03237400587446658,0.1434506514983495,13.551871057810072
2,1458.0,0.032374016660809656,0.14345065219377048,13.551872024718753
2,1459.0,0.03237402742026473,0.14345065274224572,13.551872989217141
2,1460.0,0.03237403815283182,0.1434506531437752,13.551873951305243
2,1461.0,0.0323740488585109,0.14345065339835894,13.551874910983045
2,1462.0,0.032374059537301984,0.14345065350599692,13.55187586825056
2,1463.0,0.03237407018920507,0.1434506534666892,13.551876823107781
2,1464.0,0.03237408081422016,0.1434506532804357,13.55187777555471
2,1465.0,0.032374091412347254,0.14345065294723647,13.551878725591347
2,1466.0,0.03237410198358635,0.1434506524670915,13.551879673217686
2,1467.0,0.03237411252793744,0.14345065184000078,13.551880618433742
2,1468.0,0.03237412304540054,0.14345065106596433,13.551881561239501
2,1469.0,0.03237413353597564,0.14345065014498212,13.551882501634967
2,1470.0,0.03237414399966274,0.14345064907705418,13.551883439620143
2,1471.0,0.03237415443646185,0.1434506478621805,13.551884375195026
2,1472.0,0.032374164846372955,0.14345064650036107,13.551885308359621
2,1473.0,0.03237417522939606,0.1434506449915959,13.55188623911392
2,1474.0,0.03237418558553117,0.14345064333588498,13.551887167457926
2,1475.0,0.03237419591477828,0.1434506415332283,13.55188809339164
2,1476.0,0.032374206217137394,0.14345063958362592,13.55188901691506
2,1477.0,0.032374216492608514,0.1434506374870778,13.55188993802819
2,1478.0,0.032374226741191635,0.1434506352435839,13.55189085673103
2,1479.0,0.03237423692687594,0.14345063251270912,13.551891769795496
2,1480.0,0.032374247008230585,0.14345062939131265,13.551892673507647
2,1481.0,0.03237425700716348,0.14345062624852695,13.551893569831359
2,1482.0,0.03237426692367463,0.14345062308435205,13.551894458766622
2,1483.0,0.03237427675776402,0.14345061989878796,13.551895340313436
2,1484.0,0.03237428650943165,0.14345061669183465,13.551896214471812
2,1485.0,0.032374296178677535,0.14345061346349214,13.551897081241735
2,1486.0,0.03237430576550167,0.14345061021376043,13.551897940623217
2,1487.0,0.03237431526990404,0.1434506069426395,13.55189879261625
2,1488.0,0.032374324691884664,0.14345060365012938,13.55189963722084
2,1489.0,0.032374334031443526,0.14345060033623003,13.551900474436982
2,1490.0,0.032374343288580645,0.1434505970009415,13.551901304264682
2,1491.0,0.032374352463296,0.14345059364426374,13.551902126703935
2,1492.0,0.032374361555589606,0.1434505902661968,13.55190294175474
2,1493.0,0.03237437056546146,0.14345058686674064,13.5519037494171
2,1494.0,0.03237437949291156,0.14345058344589526,13.55190454969102
2,1495.0,0.03237438833793991,0.1434505800036607,13.551905342576488
2,1496.0,0.0323743971005465,0.14345057654003693,13.551906128073512
2,1497.0,0.032374405780731336,0.14345057305502393,13.551906906182092
2,1498.0,0.03237441437849442,0.14345056954862176,13.551907676902223
2,1499.0,0.03237442289383575,0.14345056602083037,13.551908440233909
2,1500.0,0.032374431326755326,0.14345056247164975,13.551909196177153
2,1501.0,0.03237443967725315,0.14345055890107994,13.55190994473195
2,1502.0,0.03237444794532922,0.14345055530912093,13.551910685898296
2,1503.0,0.03237445613098353,0.14345055169577273,13.551911419676204
2,1504.0,0.0323744642342161,0.1434505480610353,13.551912146065664
2,1505.0,0.032374472255026904,0.14345054440490868,13.551912865066676
2,1506.0,0.03237448019341596,0.14345054072739283,13.551913576679244
2,1507.0,0.03237448804938326,0.14345053702848778,13.551914280903368
2,1508.0,0.03237449582292881,0.14345053330819355,13.551914977739044
2,1509.0,0.032374503514052605,0.14345052956651008,13.551915667186275
2,1510.0,0.03237451112275464,0.14345052580343742,13.551916349245058
2,1511.0,0.03237451864903493,0.14345052201897557,13.5519170239154
2,1512.0,0.032374526092893464,0.1434505182131245,13.551917691197295
2,1513.0,0.032374533454330244,0.14345051438588421,13.551918351090745
2,1514.0,0.03237454073334527,0.14345051053725474,13.551919003595748
2,1515.0,0.03237454792993854,0.14345050666723605,13.551919648712307
2,1516.0,0.032374555044110055,0.14345050277582816,13.551920286440415
2,1517.0,0.03237456207585982,0.14345049886303107,13.551920916780086
2,1518.0,0.03237456902518783,0.14345049492884476,13.551921539731305
2,1519.0,0.03237457589209409,0.14345049097326926,13.551922155294081
2,1520.0,0.03237458267657859,0.14345048699630453,13.55192276346841
2,1521.0,0.032374589378641336,0.1434504829979506,13.551923364254295
2,1522.0,0.03237459599828233,0.14345047897820748,13.55192395765173
2,1523.0,0.032374602535501576,0.14345047493707513,13.551924543660723
2,1524.0,0.032374608990299064,0.1434504708745536,13.55192512228127
2,1525.0,0.032374615362674795,0.14345046679064286,13.551925693513375
2,1526.0,0.03237462165262878,0.1434504626853429,13.551926257357028
2,1527.0,0.03237462786016101,0.14345045855865374,13.551926813812237
2,1528.0,0.03237463398527148,0.14345045441057538,13.551927362879004
2,1529.0,0.0323746400279602,0.1434504502411078,13.551927904557322
2,1530.0,0.03237464598822717,0.14345044605025103,13.551928438847193
2,1531.0,0.03237465186607238,0.14345044183800507,13.551928965748624
2,1532.0,0.03237465766149584,0.14345043760436987,13.551929485261605
2,1533.0,0.03237466337449754,0.14345043334934549,13.551929997386143
2,1534.0,0.032374669005077496,0.14345042907293187,13.55193050212223
2,1535.0,0.03237467455323569,0.14345042477512907,13.551930999469878
2,1536.0,0.03237468001897213,0.14345042045593706,13.551931489429075
2,1537.0,0.03237468540228682,0.14345041611535583,13.55193197199983
2,1538.0,0.03237469070317976,0.1434504117533854,13.55193244718214
2,1539.0,0.032374695921650945,0.1434504073700258,13.551932914976003
2,1540.0,0.03237470105770037,0.14345040296527697,13.55193337538142
2,1541.0,0.03237470611132805,0.1434503985391389,13.55193382839839
2,1542.0,0.03237471108253397,0.14345039409161167,13.551934274026918
2,1543.0,0.032374715971318135,0.1434503896226952,13.551934712266997
2,1544.0,0.032374720777680555,0.14345038513238956,13.551935143118634
2,1545.0,0.03237472550162121,0.1434503806206947,13.55193556658182
2,1546.0,0.03237473014314012,0.14345037608761063,13.551935982656564
2,1547.0,0.03237473470223727,0.14345037153313736,13.551936391342862
2,1548.0,0.03237473917891267,0.14345036695727487,13.551936792640713
2,1549.0,0.03237474357316632,0.1434503623600232,13.55193718655012
2,1550.0,0.03237474788499821,0.1434503577413823,13.551937573071081
2,1551.0,0.03237475211440835,0.1434503531013522,13.551937952203597
2,1552.0,0.032374756261396735,0.1434503484399329,13.55193832394767
2,1553.0,0.03237476032596336,0.1434503437571244,13.551938688303292
2,1554.0,0.03237476430810824,0.14345033905292667,13.551939045270469
2,1555.0,0.03237476820783137,0.14345033432733975,13.551939394849203
2,1556.0,0.03237477202513273,0.14345032958036363,13.551939737039488
2,1557.0,0.03237477576001235,0.1434503248119983,13.551940071841331
2,1558.0,0.03237477941247022,0.14345032002224375,13.551940399254725
2,1559.0,0.032374782982506324,0.1434503152111,13.551940719279678
2,1560.0,0.03237478647012068,0.14345031037856706,13.551941031916185
2,1561.0,0.03237478987531328,0.1434503055246449,13.55194133716424
2,1562.0,0.03237479299348495,0.14345030062796382,13.55194161668319
2,1563.0,0.03237479567030256,0.14345029570530837,13.551941856638301
2,1564.0,0.03237479830780876,0.14345029081468375,13.551942093069467
2,1565.0,0.032374800906003524,0.14345028595608994,13.551942325976677
2,1566.0,0.03237480346488687,0.14345028112952693,13.551942555359933
2,1567.0,0.03237480598445879,0.14345027633499474,13.551942781219243
2,1568.0,0.03237480846471928,0.14345027157249338,13.551943003554598
2,1569.0,0.03237481090566835,0.1434502668420228,13.551943222365994
2,1570.0,0.032374813307305995,0.14345026214358303,13.551943437653446
2,1571.0,0.03237481566963221,0.1434502574771741,13.551943649416945
2,1572.0,0.032374817992647006,0.14345025284279597,13.551943857656486
2,1573.0,0.03237482027635037,0.14345024824044866,13.55194406237208
2,1574.0,0.032374822520742315,0.14345024367013215,13.551944263563719
2,1575.0,0.032374824725822836,0.14345023913184646,13.55194446123141
2,1576.0,0.03237482689159193,0.1434502346255916,13.551944655375143
2,1577.0,0.03237482901804959,0.1434502301513675,13.551944845994925
2,1578.0,0.03237483110519584,0.14345022570917426,13.551945033090757
2,1579.0,0.03237483315303065,0.1434502212990118,13.551945216662636
2,1580.0,0.032374835161554046,0.1434502169208802,13.551945396710561
2,1581.0,0.032374837130766006,0.14345021257477936,13.551945573234534
2,1582.0,0.03237483906066655,0.14345020826070937,13.551945746234557
2,1583.0,0.032374840951255666,0.14345020397867017,13.551945915710633
2,1584.0,0.03237484280253335,0.1434501997286618,13.551946081662749
2,1585.0,0.03237484461449962,0.14345019551068422,13.55194624409091
2,1586.0,0.03237484638715446,0.14345019132473746,13.551946402995124
2,1587.0,0.03237484812049787,0.14345018717082153,13.551946558375384
2,1588.0,0.032374849814529864,0.1434501830489364,13.551946710231693
2,1589.0,0.032374851469250426,0.14345017895908208,13.551946858564047
2,1590.0,0.032374853084659566,0.14345017490125855,13.55194700337245
2,1591.0,0.032374854660757284,0.14345017087546585,13.551947144656904
2,1592.0,0.03237485619754357,0.14345016688170398,13.551947282417403
2,1593.0,0.03237485769501843,0.14345016291997292,13.551947416653945
2,1594.0,0.032374859153181876,0.14345015899027266,13.551947547366545
2,1595.0,0.032374860572033884,0.14345015509260323,13.551947674555183
2,1596.0,0.03237486195157448,0.14345015122696458,13.551947798219874
2,1597.0,0.032374863291803634,0.14345014739335676,13.55194791836061
2,1598.0,0.032374864592721375,0.14345014359177977,13.551948034977396
2,1599.0,0.03237486585432769,0.14345013982223356,13.551948148070231
2,1600.0,0.03237486707662257,0.14345013608471818,13.551948257639111
2,1601.0,0.03237486825960603,0.1434501323792336,13.551948363684039
2,1602.0,0.03237486940327807,0.14345012870577983,13.551948466205017
2,1603.0,0.03237487050763868,0.1434501250643569,13.551948565202041
2,1604.0,0.03237487157268787,0.14345012145496477,13.55194866067511
2,1605.0,0.03237487259842563,0.14345011787760345,13.551948752624233
2,1606.0,0.032374873584851964,0.14345011433227295,13.551948841049397
2,1607.0,0.03237487453196687,0.14345011081897324,13.551948925950612
2,1608.0,0.032374875439770356,0.14345010733770436,13.551949007327874
2,1609.0,0.03237487630826242,0.1434501038884663,13.551949085181183
2,1610.0,0.03237487713744305,0.14345010047125903,13.551949159510544
2,1611.0,0.032374877927312265,0.14345009708608258,13.55194923031595
2,1612.0,0.03237487867787005,0.14345009373293693,13.551949297597401
2,1613.0,0.03237487938911641,0.14345009041182213,13.5519493613549
2,1614.0,0.03237488006105134,0.1434500871227381,13.551949421588452
2,1615.0,0.03237488069367485,0.14345008386568492,13.551949478298049
2,1616.0,0.032374881286986935,0.14345008064066253,13.551949531483691
2,1617.0,0.03237488184098759,0.14345007744767097,13.551949581145385
2,1618.0,0.03237488235567682,0.1434500742867102,13.551949627283124
2,1619.0,0.032374882831054635,0.14345007115778025,13.551949669896912
2,1620.0,0.03237488326712101,0.14345006806088112,13.551949708986744
2,1621.0,0.032374883663875975,0.1434500649960128,13.551949744552632
2,1622.0,0.03237488402131951,0.14345006196317528,13.55194977659456
2,1623.0,0.03237488433945161,0.14345005896236857,13.551949805112537
2,1624.0,0.032374884618272294,0.1434500559935927,13.55194983010656
2,1625.0,0.03237488485778155,0.1434500530568476,13.551949851576637
2,1626.0,0.032374885057979384,0.14345005015213336,13.551949869522758
2,1627.0,0.032374885218865786,0.1434500472794499,13.551949883944925
2,1628.0,0.03237488534044077,0.14345004443879728,13.551949894843144
2,1629.0,0.03237488542270432,0.14345004163017544,13.551949902217407
2,1630.0,0.03237488546565646,0.14345003885358443,13.55194990606772
2,1631.0,0.03237488546929716,0.14345003610902424,13.551949906394082
2,1632.0,0.03237488543362644,0.14345003339649484,13.551949903196487
2,1633.0,0.032374885358644294,0.14345003071599627,13.551949896474945
2,1634.0,0.032374885244350726,0.14345002806752852,13.551949886229446
2,1635.0,0.03237488509074573,0.14345002545109156,13.551949872459996
2,1636.0,0.03237488489782931,0.14345002286668543,13.551949855166598
2,1637.0,0.03237488466560146,0.1434500203143101,13.55194983434924
2,1638.0,0.03237488439406219,0.14345001779396557,13.551949810007933
2,1639.0,0.03237488408321149,0.14345001530565188,13.551949782142678
2,1640.0,0.03237488373304937,0.14345001284936898,13.551949750753463
2,1641.0,0.03237488334357583,0.1434500104251169,13.551949715840305
2,1642.0,0.032374882914790855,0.14345000803289565,13.551949677403185
2,1643.0,0.03237488244669445,0.1434500056727052,13.551949635442119
2,1644.0,0.032374881939286636,0.14345000334454555,13.5519495899571
2,1645.0,0.03237488139256738,0.14345000104841674,13.551949540948128
2,1646.0,0.032374880806536714,0.14344999878431872,13.551949488415204
2,1647.0,0.03237488018119462,0.14344999655225152,13.551949432358326
2,1648.0,0.03237487951654109,0.14344999435221512,13.551949372777498
2,1649.0,0.03237487881257614,0.14344999218420953,13.551949309672718
2,1650.0,0.03237487806929977,0.14344999004823478,13.551949243043984
2,1651.0,0.03237487728671197,0.14344998794429084,13.551949172891296
2,1652.0,0.03237487646481275,0.1434499858723777,13.551949099214658
2,1653.0,0.032374875603602096,0.14344998383249535,13.551949022014071
2,1654.0,0.03237487470308002,0.14344998182464386,13.551948941289528
2,1655.0,0.03237487376324652,0.14344997984882313,13.551948857041031
2,1656.0,0.032374872784101595,0.14344997790503325,13.551948769268584
2,1657.0,0.03237487176564525,0.14344997599327416,13.551948677972183
2,1658.0,0.03237487070787747,0.1434499741135459,13.551948583151834
2,1659.0,0.03237486961079827,0.14344997226584846,13.551948484807529
2,1660.0,0.032374868474407646,0.14344997045018182,13.551948382939273
2,1661.0,0.03237486729870559,0.14344996866654597,13.551948277547064
2,1662.0,0.03237486608369212,0.14344996691494097,13.551948168630902
2,1663.0,0.03237486482936722,0.14344996519536676,13.551948056190792
2,1664.0,0.03237486353573089,0.14344996350782338,13.551947940226723
2,1665.0,0.032374862202783135,0.1434499618523108,13.551947820738707
2,1666.0,0.03237486083052396,0.14344996022882903,13.551947697726733
2,1667.0,0.03237485941895336,0.14344995863737806,13.551947571190814
2,1668.0,0.032374857968071324,0.14344995707795793,13.551947441130936
2,1669.0,0.03237485647787788,0.14344995555056858,13.551947307547112
2,1670.0,0.032374854871718296,0.1434499541639272,13.551947163567856
2,1671.0,0.03237485311296164,0.1434499530022834,13.551947005909504
2,1672.0,0.032374851359891064,0.14344995185677017,13.551946848760862
2,1673.0,0.032374849612506564,0.1434499507273875,13.551946692121932
2,1674.0,0.03237484787080813,0.1434499496141354,13.551946535992712
2,1675.0,0.032374846134795784,0.14344994851701387,13.551946380373202
2,1676.0,0.032374844404469506,0.14344994743602288,13.551946225263405
2,1677.0,0.032374842679829305,0.14344994637116248,13.551946070663318
2,1678.0,0.03237484096087517,0.14344994532243263,13.55194591657294
2,1679.0,0.032374839247607125,0.14344994428983335,13.551945762992274
2,1680.0,0.032374837540025146,0.1434499432733646,13.55194560992132
2,1681.0,0.032374835838129244,0.14344994227302646,13.551945457360073
2,1682.0,0.03237483414191942,0.14344994128881886,13.55194530530854
2,1683.0,0.03237483245139566,0.14344994032074182,13.551945153766717
2,1684.0,0.032374830766557984,0.14344993936879535,13.551945002734605
2,1685.0,0.03237482908740638,0.14344993843297943,13.551944852212205
2,1686.0,0.032374827413940856,0.1434499375132941,13.551944702199512
2,1687.0,0.032374825746161406,0.14344993660973931,13.551944552696535
2,1688.0,0.03237482408406803,0.14344993572231507,13.551944403703265
2,1689.0,0.032374822427660724,0.14344993485102142,13.551944255219704
2,1690.0,0.0323748207769395,0.14344993399585831,13.551944107245859
2,1691.0,0.03237481913190434,0.1434499331568258,13.55194395978172
2,1692.0,0.03237481749255527,0.1434499323339238,13.551943812827297
2,1693.0,0.032374815858892264,0.1434499315271524,13.551943666382579
2,1694.0,0.03237481423091534,0.14344993073651158,13.551943520447576
2,1695.0,0.03237481260862448,0.1434499299620013,13.551943375022281
2,1696.0,0.032374810992019706,0.14344992920362157,13.551943230106701
2,1697.0,0.032374809381101,0.14344992846137242,13.55194308570083
2,1698.0,0.032374807775868375,0.1434499277352538,13.551942941804667
2,1699.0,0.032374806176321824,0.1434499270252658,13.551942798418214
2,1700.0,0.03237480458246134,0.14344992633140832,13.551942655541476
2,1701.0,0.03237480299428694,0.14344992565368142,13.551942513174444
2,1702.0,0.03237480141179861,0.14344992499208506,13.551942371317125
2,1703.0,0.03237479983499636,0.1434499243466193,13.551942229969518
2,1704.0,0.032374798263880185,0.14344992371728407,13.551942089131622
2,1705.0,0.03237479669845008,0.14344992310407942,13.551941948803439
2,1706.0,0.03237479513870605,0.14344992250700533,13.551941808984964
2,1707.0,0.0323747935846481,0.1434499219260618,13.5519416696762
2,1708.0,0.032374792036276225,0.14344992136124884,13.551941530877142
2,1709.0,0.03237479049359042,0.14344992081256644,13.551941392587802
2,1710.0,0.03237478895659069,0.1434499202800146,13.551941254808169
2,1711.0,0.03237478742527704,0.1434499197635933,13.551941117538247
2,1712.0,0.03237478589964946,0.1434499192633026,13.551940980778037
2,1713.0,0.032374784379707956,0.14344991877914245,13.551940844527538
2,1714.0,0.03237478286545253,0.14344991831111287,13.551940708786749
2,1715.0,0.032374781356883174,0.14344991785921382,13.55194057355567
2,1716.0,0.0323747798539999,0.14344991742344537,13.551940438834302
2,1717.0,0.03237477835680269,0.14344991700380746,13.551940304622647
2,1718.0,0.03237477686529157,0.14344991660030013,13.551940170920702
2,1719.0,0.032374775379466515,0.14344991621292336,13.551940037728464
2,1720.0,0.03237477389932753,0.14344991584167716,13.551939905045941
2,1721.0,0.03237477242487463,0.1434499154865615,13.551939772873126
2,1722.0,0.0323747709561078,0.1434499151475764,13.551939641210023
2,1723.0,0.03237476949302705,0.14344991482472189,13.551939510056629
2,1724.0,0.03237476803563237,0.14344991451799793,13.551939379412952
2,1725.0,0.03237476658392377,0.14344991422740452,13.551939249278979
2,1726.0,0.03237476513790124,0.1434499139529417,13.55193911965472
2,1727.0,0.032374763697564785,0.14344991369460944,13.55193899054017
2,1728.0,0.03237476226291441,0.1434499134524077,13.551938861935334
2,1729.0,0.032374760833950106,0.14344991322633657,13.551938733840206
2,1730.0,0.032374759410671874,0.14344991301639598,13.551938606254788
2,1731.0,0.03237475799307973,0.14344991282258596,13.551938479179084
2,1732.0,0.03237475658117365,0.1434499126449065,13.551938352613087
2,1733.0,0.03237475517495364,0.14344991248335762,13.551938226556802
2,1734.0,0.032374753774419715,0.14344991233793927,13.55193810101023
2,1735.0,0.03237475237957186,0.14344991220865153,13.551937975973367
2,1736.0,0.03237475099041008,0.14344991209549432,13.551937851446215
2,1737.0,0.03237474960693438,0.14344991199846766,13.551937727428774
2,1738.0,0.032374748229144754,0.1434499119175716,13.551937603921044
2,1739.0,0.0323747468570412,0.14344991185280606,13.551937480923025
2,1740.0,0.03237474549062372,0.1434499118041711,13.551937358434714
2,1741.0,0.032374744129892316,0.14344991177166672,13.55193723645612
2,1742.0,0.03237474277484699,0.1434499117552929,13.55193711498723
2,1743.0,0.032374741425487734,0.14344991175504962,13.551936994028052
2,1744.0,0.032374740081814554,0.1434499117709369,13.551936873578587
2,1745.0,0.03237473874382745,0.14344991180295477,13.551936753638833
2,1746.0,0.032374737411526425,0.1434499118511032,13.551936634208786
2,1747.0,0.03237473608491147,0.14344991191538217,13.551936515288455
2,1748.0,0.03237473476398259,0.14344991199579174,13.551936396877833
2,1749.0,0.032374733448739784,0.14344991209233185,13.55193627897692
2,1750.0,0.03237473213918306,0.14344991220500253,13.551936161585717
2,1751.0,0.03237473083531241,0.14344991233380375,13.55193604470423
2,1752.0,0.032374729537127826,0.14344991247873554,13.551935928332448
2,1753.0,0.03237472824462932,0.14344991263979792,13.551935812470377
2,1754.0,0.032374726957816895,0.14344991281699082,13.55193569711802
2,1755.0,0.03237472567669054,0.14344991301031432,13.551935582275371
2,1756.0,0.03237472440125026,0.14344991321976838,13.551935467942435
2,1757.0,0.03237472313149606,0.143449913445353,13.551935354119209
2,1758.0,0.03237472186742793,0.14344991368706816,13.551935240805697
2,1759.0,0.03237472060904587,0.1434499139449139,13.55193512800189
2,1760.0,0.0323747193563499,0.1434499142188902,13.551935015707796
2,1761.0,0.03237471810933999,0.14344991450899708,13.551934903923419
2,1762.0,0.032374716868016164,0.1434499148152345,13.551934792648744
2,1763.0,0.03237471563237841,0.14344991513760247,13.551934681883782
2,1764.0,0.03237471440242673,0.14344991547610103,13.55193457162853
2,1765.0,0.032374713178161124,0.14344991583073016,13.551934461882993
2,1766.0,0.032374711959581595,0.14344991620148984,13.55193435264716
2,1767.0,0.03237471074668814,0.14344991658838008,13.551934243921044
2,1768.0,0.03237470953948077,0.14344991699140086,13.55193413570464
2,1769.0,0.03237470833795946,0.14344991741055224,13.551934027997943
2,1770.0,0.03237470714212423,0.14344991784583416,13.551933920800955
2,1771.0,0.03237470595197508,0.14344991829724665,13.551933814113683
2,1772.0,0.032374704767511996,0.1434499187647897,13.551933707936115
2,1773.0,0.032374703588734996,0.14344991924846334,13.551933602268265
2,1774.0,0.032374702415644066,0.1434499197482675,13.55193349711012
2,1775.0,0.03237470124823921,0.14344992026420225,13.55193339246169
2,1776.0,0.032374700086520436,0.14344992079626756,13.551933288322969
2,1777.0,0.03237469893048773,0.14344992134446344,13.551933184693954
2,1778.0,0.0323746977801411,0.14344992190878986,13.551933081574658
2,1779.0,0.032374696635480545,0.14344992248924687,13.55193297896507
2,1780.0,0.03237469549650607,0.14344992308583443,13.55193287686519
2,1781.0,0.03237469436321766,0.14344992369855256,13.551932775275024
2,1782.0,0.032374693235615336,0.14344992432740122,13.55193267419457
2,1783.0,0.03237469211369908,0.14344992497238046,13.551932573623823
2,1784.0,0.0323746909974689,0.1434499256334903,13.551932473562784
2,1785.0,0.032374689886924796,0.14344992631073064,13.551932374011463
2,1786.0,0.032374688782066764,0.14344992700410159,13.55193227496985
2,1787.0,0.03237468768289481,0.1434499277136031,13.551932176437946
2,1788.0,0.03237468658940893,0.14344992843923515,13.551932078415755
2,1789.0,0.03237468550160913,0.14344992918099778,13.551931980903275
2,1790.0,0.0323746845301468,0.14344992998561168,13.551931893819507
2,1791.0,0.03237468366220568,0.14344993083204144,13.551931816015587
2,1792.0,0.032374682801244475,0.14344993167476816,13.551931738837357
2,1793.0,0.03237468194726318,0.14344993251379193,13.551931662284819
2,1794.0,0.03237468110026181,0.14344993334911266,13.551931586357977
2,1795.0,0.03237468026024035,0.1434499341807304,13.551931511056823
2,1796.0,0.032374679427198814,0.14344993500864514,13.55193143638137
2,1797.0,0.03237467860113719,0.14344993583285687,13.551931362331606
2,1798.0,0.03237467778205549,0.1434499366533656,13.55193128890754
2,1799.0,0.032374676969953706,0.14344993747017132,13.551931216109159
2,1800.0,0.032374676164831834,0.14344993828327407,13.551931143936473
2,1801.0,0.03237467536668988,0.14344993909267378,13.551931072389486
2,1802.0,0.03237467457552785,0.14344993989837052,13.55193100146819
2,1803.0,0.032374673791345725,0.14344994070036424,13.551930931172585
2,1804.0,0.032374673014143526,0.14344994149865495,13.551930861502672
2,1805.0,0.03237467224392124,0.14344994229324265,13.551930792458458
2,1806.0,0.03237467148067887,0.14344994308412737,13.551930724039932
2,1807.0,0.032374670724416424,0.14344994387130908,13.551930656247103
2,1808.0,0.032374669975133885,0.1434499446547878,13.551930589079968
2,1809.0,0.03237466923283127,0.1434499454345635,13.55193052253852
2,1810.0,0.03237466849750857,0.1434499462106362,13.55193045662277
2,1811.0,0.03237466776916579,0.14344994698300592,13.551930391332712
2,1812.0,0.032374667047802924,0.1434499477516726,13.551930326668348
2,1813.0,0.032374666333419976,0.1434499485166363,13.551930262629678
2,1814.0,0.03237466562601695,0.143449949277897,13.5519301992167
2,1815.0,0.032374664925593835,0.1434499500354547,13.551930136429416
2,1816.0,0.032374664232150636,0.1434499507893094,13.551930074267824
2,1817.0,0.032374663545687354,0.14344995153946108,13.551930012731928
2,1818.0,0.032374662866203996,0.14344995228590976,13.551929951821721
2,1819.0,0.03237466219370055,0.14344995302865546,13.551929891537213
2,1820.0,0.03237466152817702,0.14344995376769815,13.551929831878391
2,1821.0,0.03237466086963341,0.14344995450303782,13.551929772845268
2,1822.0,0.032374660218069715,0.1434499552346745,13.551929714437836
2,1823.0,0.03237465957348594,0.14344995596260818,13.5519296566561
2,1824.0,0.03237465893588208,0.14344995668683883,13.551929599500054
2,1825.0,0.03237465830525814,0.14344995740736652,13.551929542969704
2,1826.0,0.032374657681614114,0.14344995812419117,13.551929487065046
2,1827.0,0.032374657064950005,0.14344995883731285,13.55192943178608
2,1828.0,0.03237465645526581,0.1434499595467315,13.551929377132808
2,1829.0,0.03237465585256154,0.14344996025244716,13.55192932310523
2,1830.0,0.03237465525683718,0.14344996095445983,13.551929269703345
2,1831.0,0.032374654668092744,0.1434499616527695,13.551929216927155
2,1832.0,0.03237465408632822,0.14344996234737614,13.551929164776656
2,1833.0,0.03237465351154361,0.14344996303827978,13.55192911325185
2,1834.0,0.032374652943738924,0.14344996372548044,13.551929062352738
2,1835.0,0.03237465238291415,0.1434499644089781,13.55192901207932
2,1836.0,0.0323746518290693,0.14344996508877272,13.551928962431594
2,1837.0,0.03237465128220436,0.14344996576486438,13.551928913409563
2,1838.0,0.032374650742319336,0.14344996643725302,13.551928865013222
2,1839.0,0.032374650209414234,0.14344996710593866,13.551928817242578
2,1840.0,0.03237464968348905,0.14344996777092128,13.551928770097627
2,1841.0,0.03237464916454378,0.14344996843220092,13.551928723578365
2,1842.0,0.03237464865257843,0.14344996908977756,13.551928677684801
2,1843.0,0.03237464814759299,0.14344996974365118,13.55192863241693
2,1844.0,0.032374647649587474,0.14344997039382182,13.55192858777475
2,1845.0,0.03237464715856187,0.14344997104028945,13.551928543758264
2,1846.0,0.03237464667451619,0.14344997168305407,13.551928500367472
2,1847.0,0.032374646197450424,0.14344997232211568,13.551928457602372
2,1848.0,0.03237464572736457,0.1434499729574743,13.551928415462967
2,1849.0,0.03237464526425864,0.14344997358912992,13.551928373949254
2,1850.0,0.032374644808132624,0.14344997421708253,13.551928333061236
2,1851.0,0.03237464435898653,0.14344997484133215,13.551928292798909
2,1852.0,0.03237464391682034,0.14344997546187874,13.551928253162277
2,1853.0,0.03237464348163408,0.14344997607872234,13.551928214151333
2,1854.0,0.032374643053427736,0.14344997669186296,13.551928175766092
2,1855.0,0.03237464263220131,0.14344997730130057,13.551928138006536
2,1856.0,0.032374642217954795,0.14344997790703515,13.55192810087268
2,1857.0,0.0323746418106882,0.14344997850906677,13.551928064364512
2,1858.0,0.03237464141040152,0.14344997910739535,13.551928028482038
2,1859.0,0.03237464101709476,0.14344997970202095,13.55192799322526
2,1860.0,0.03237464063076791,0.14344998029294354,13.551927958594174
2,1861.0,0.032374640251420984,0.1434499808801631,13.55192792458878
2,1862.0,0.03237463987905398,0.1434499814636797,13.551927891209079
2,1863.0,0.032374639513666884,0.1434499820434933,13.551927858455073
2,1864.0,0.032374639155259705,0.14344998261960387,13.551927826326759
2,1865.0,0.03237463880383245,0.14344998319201147,13.551927794824138
2,1866.0,0.032374638459385104,0.14344998376071602,13.551927763947212
2,1867.0,0.03237463812191768,0.1434499843257176,13.551927733695978
2,1868.0,0.032374637791430176,0.14344998488701619,13.551927704070438
2,1869.0,0.03237463746792258,0.14344998544461174,13.551927675070589
2,1870.0,0.03237463715139491,0.1434499859985043,13.551927646696438
2,1871.0,0.03237463684184715,0.14344998654869387,13.551927618947978
2,1872.0,0.032374636539279314,0.14344998709518045,13.55192759182521
2,1873.0,0.03237463624369139,0.14344998763796402,13.551927565328135
2,1874.0,0.032374635955083386,0.14344998817704457,13.551927539456758
2,1875.0,0.0323746356734553,0.14344998871242212,13.551927514211068
2,1876.0,0.03237463539880713,0.14344998924409666,13.551927489591076
2,1877.0,0.032374635131138876,0.14344998977206821,13.551927465596773
2,1878.0,0.03237463487045054,0.14344999029633676,13.551927442228166
2,1879.0,0.03237463461674212,0.14344999081690232,13.551927419485256
2,1880.0,0.032374634370013616,0.14344999133376488,13.551927397368033
2,1881.0,0.032374634130265034,0.14344999184692442,13.551927375876502
2,1882.0,0.03237463389749636,0.14344999235638095,13.55192735501067
2,1883.0,0.03237463367170761,0.14344999286213447,13.551927334770529
2,1884.0,0.03237463345289878,0.143449993364185,13.551927315156084
2,1885.0,0.03237463324106986,0.14344999386253254,13.55192729616733
2,1886.0,0.03237463303622086,0.1434499943571771,13.551927277804264
2,1887.0,0.03237463283835178,0.1434499948481186,13.551927260066899
2,1888.0,0.03237463264746261,0.14344999533535713,13.551927242955225
2,1889.0,0.03237463246355336,0.14344999581889267,13.551927226469244
2,1890.0,0.03237463228662403,0.14344999629872518,13.551927210608955
2,1891.0,0.03237463211667462,0.1434499967748547,13.551927195374365
2,1892.0,0.03237463195370512,0.14344999724728122,13.551927180765459
2,1893.0,0.03237463179771554,0.14344999771600472,13.551927166782251
2,1894.0,0.032374631648705875,0.14344999818102525,13.551927153424737
2,1895.0,0.03237463150667613,0.14344999864234276,13.551927140692914
2,1896.0,0.0323746313716263,0.14344999909995726,13.551927128586788
2,1897.0,0.03237463124355639,0.14344999955386878,13.55192711710635
2,1898.0,0.0323746311224664,0.1434500000040773,13.551927106251613
2,1899.0,0.03237463100835632,0.1434500004505828,13.551927096022562
2,1900.0,0.03237463090122616,0.14345000089338528,13.551927086419207
2,1901.0,0.032374630801075915,0.14345000133248478,13.551927077441546
2,1902.0,0.03237463070790559,0.14345000176788128,13.551927069089576
2,1903.0,0.03237463062171518,0.14345000219957477,13.551927061363303
2,1904.0,0.03237463054250469,0.14345000262756524,13.551927054262721
2,1905.0,0.03237463047027411,0.14345000305185274,13.551927047787832
2,1906.0,0.032374630405023454,0.14345000347243722,13.551927041938635
2,1907.0,0.03237463034675271,0.1434500038893187,13.551927036715131
2,1908.0,0.03237463029546189,0.14345000430249719,13.551927032117327
2,1909.0,0.03237463025115098,0.14345000471197267,13.55192702814521
2,1910.0,0.03237463021381999,0.14345000511774514,13.551927024798788
2,1911.0,0.03237463018346892,0.14345000551981463,13.551927022078058
2,1912.0,0.03237463016009776,0.14345000591818108,13.551927019983024
2,1913.0,0.03237463014370653,0.14345000631284455,13.551927018513684
2,1914.0,0.03237463013429521,0.14345000670380503,13.551927017670032
2,1915.0,0.0323746301318638,0.14345000709106248,13.551927017452076
2,1916.0,0.03237463013641231,0.14345000747461695,13.551927017859812
2,1917.0,0.032374630147940744,0.1434500078544684,13.551927018893243
2,1918.0,0.03237463016644909,0.14345000823061688,13.551927020552366
2,1919.0,0.032374630191937356,0.1434500086030623,13.551927022837186
2,1920.0,0.03237463022440554,0.14345000897180477,13.551927025747698
2,1921.0,0.032374630263853635,0.14345000933684424,13.5519270292839
2,1922.0,0.03237463031028165,0.14345000969818067,13.551927033445796
2,1923.0,0.03237463036368959,0.14345001005581412,13.551927038233387
2,1924.0,0.032374630424077434,0.14345001040974456,13.551927043646673
2,1925.0,0.0323746304914452,0.14345001075997202,13.55192704968565
2,1926.0,0.032374630565792886,0.14345001110649644,13.551927056350317
2,1927.0,0.032374630647120484,0.14345001144931788,13.551927063640681
2,1928.0,0.032374630735428005,0.14345001178843633,13.551927071556742
2,1929.0,0.03237463083071544,0.14345001212385175,13.551927080098489
2,1930.0,0.03237463093298279,0.14345001245556419,13.55192708926593
2,1931.0,0.03237463104223006,0.1434500127835736,13.551927099059071
2,1932.0,0.03237463115845725,0.14345001310788003,13.5519271094779
2,1933.0,0.03237463128166435,0.14345001342848346,13.551927120522421
2,1934.0,0.03237463141185137,0.14345001374538388,13.551927132192642
2,1935.0,0.03237463154901831,0.1434500140585813,13.55192714448855
2,1936.0,0.032374631693165165,0.14345001436807572,13.551927157410153
2,1937.0,0.032374631844291936,0.14345001467386714,13.551927170957448
2,1938.0,0.03237463200239862,0.14345001497595555,13.551927185130438
2,1939.0,0.032374632167485234,0.14345001527434095,13.551927199929123
2,1940.0,0.032374632339551755,0.14345001556902337,13.5519272153535
2,1941.0,0.0323746325185982,0.14345001586000278,13.551927231403571
2,1942.0,0.032374632704624554,0.14345001614727917,13.55192724807933
2,1943.0,0.03237463289763083,0.14345001643085256,13.551927265380789
2,1944.0,0.03237463309761702,0.14345001671072297,13.551927283307938
2,1945.0,0.03237463330458313,0.14345001698689036,13.551927301860779
2,1946.0,0.03237463351852916,0.14345001725935475,13.551927321039315
2,1947.0,0.0323746337394551,0.14345001752811615,13.551927340843543
2,1948.0,0.032374633967360955,0.14345001779317454,13.551927361273469
2,1949.0,0.03237463420224673,0.14345001805452992,13.551927382329087
2,1950.0,0.03237463444411243,0.14345001831218232,13.551927404010392
2,1951.0,0.032374634692958044,0.14345001856613168,13.551927426317395
2,1952.0,0.03237463494878357,0.14345001881637806,13.551927449250092
2,1953.0,0.032374635211589016,0.14345001906292146,13.55192747280848
2,1954.0,0.03237463548137438,0.14345001930576182,13.551927496992562
2,1955.0,0.03237463575813966,0.1434500195448992,13.551927521802337
2,1956.0,0.032374636041884855,0.14345001978033356,13.55192754723781
2,1957.0,0.032374636332609966,0.14345002001206494,13.551927573298972
2,1958.0,0.032374636630315,0.1434500202400933,13.551927599985827
2,1959.0,0.03237463693499995,0.14345002046441865,13.551927627298376
2,1960.0,0.03237463724666481,0.14345002068504104,13.551927655236614
2,1961.0,0.032374637565309596,0.14345002090196038,13.551927683800551
2,1962.0,0.032374637890934296,0.14345002111517674,13.551927712990182
2,1963.0,0.03237463823258708,0.1434500212831867,13.5519277436166
2,1964.0,0.03237463859503075,0.14345002136006602,13.551927776106753
2,1965.0,0.0323746389559145,0.1434500214358677,13.551927808457068
2,1966.0,0.032374639315238325,0.14345002151059172,13.551927840667553
2,1967.0,0.03237463967300223,0.14345002158423809,13.551927872738197
2,1968.0,0.0323746400292062,0.14345002165680681,13.551927904669018
2,1969.0,0.03237464038385025,0.14345002172829788,13.551927936459991
2,1970.0,0.03237464073693438,0.14345002179871133,13.55192796811114
2,1971.0,0.03237464108845858,0.14345002186804712,13.55192799962245
2,1972.0,0.03237464143842286,0.14345002193630527,13.551928030993928
2,1973.0,0.03237464178682722,0.14345002200348575,13.551928062225567
2,1974.0,0.032374642133671645,0.1434500220695886,13.551928093317374
2,1975.0,0.03237464247895615,0.1434500221346138,13.551928124269345
2,1976.0,0.03237464282268073,0.14345002219856134,13.551928155081484
2,1977.0,0.03237464316484539,0.14345002226143128,13.551928185753786
2,1978.0,0.03237464350545012,0.1434500223232235,13.551928216286253
2,1979.0,0.03237464384449493,0.14345002238393814,13.551928246678886
2,1980.0,0.03237464418197981,0.1434500224435751,13.551928276931683
2,1981.0,0.03237464451790477,0.14345002250213443,13.551928307044648
2,1982.0,0.032374644852269804,0.1434500225596161,13.551928337017776
2,1983.0,0.032374645185074914,0.14345002261602013,13.551928366851069
2,1984.0,0.0323746455163201,0.14345002267134652,13.55192839654453
2,1985.0,0.03237464584600536,0.14345002272559523,13.551928426098154
2,1986.0,0.032374646174130696,0.14345002277876634,13.551928455511948
2,1987.0,0.0323746465006961,0.14345002283085978,13.5519284847859
2,1988.0,0.03237464682570159,0.14345002288187556,13.551928513920023
2,1989.0,0.03237464714914715,0.14345002293181372,13.55192854291431
2,1990.0,0.032374647471032796,0.14345002298067422,13.55192857176876
2,1991.0,0.032374647791358506,0.14345002302845708,13.55192860048338
2,1992.0,0.0323746481101243,0.14345002307516228,13.551928629058162
2,1993.0,0.03237464842733016,0.14345002312078983,13.55192865749311
2,1994.0,0.0323746487429761,0.14345002316533975,13.551928685788223
2,1995.0,0.03237464905706212,0.143450023208812,13.551928713943504
2,1996.0,0.03237464936958821,0.14345002325120665,13.551928741958948
2,1997.0,0.03237464968055438,0.14345002329252363,13.551928769834555
2,1998.0,0.03237464998996062,0.14345002333276294,13.55192879757033
2,1999.0,0.032374650297806944,0.1434500233719246,13.551928825166272
2,2000.0,0.032374650604093336,0.14345002341000865,13.551928852622375
2,2001.0,0.0323746509088198,0.14345002344701505,13.551928879938647
2,2002.0,0.03237465121198635,0.14345002348294378,13.551928907115084
2,2003.0,0.03237465151359297,0.14345002351779487,13.551928934151684
2,2004.0,0.03237465181363967,0.14345002355156833,13.55192896104845
2,2005.0,0.03237465211212644,0.14345002358426412,13.551928987805384
2,2006.0,0.03237465240905329,0.14345002361588227,13.551929014422482
2,2007.0,0.032374652704420206,0.1434500236464228,13.551929040899743
2,2008.0,0.032374652998227206,0.14345002367588564,13.551929067237173
2,2009.0,0.03237465329047428,0.14345002370427085,13.551929093434767
2,2010.0,0.032374653581161435,0.14345002373157842,13.551929119492526
2,2011.0,0.03237465387028866,0.14345002375780833,13.55192914541045
2,2012.0,0.03237465415785596,0.14345002378296062,13.551929171188538
2,2013.0,0.03237465444386334,0.14345002380703523,13.551929196826798
2,2014.0,0.03237465472831079,0.14345002383003222,13.551929222325217
2,2015.0,0.032374655011198315,0.14345002385195155,13.551929247683805
2,2016.0,0.032374655292525915,0.14345002387279324,13.551929272902553
2,2017.0,0.0323746555722936,0.1434500238925573,13.551929297981468
2,2018.0,0.03237465585050135,0.14345002391124367,13.551929322920552
2,2019.0,0.03237465612714918,0.14345002392885242,13.551929347719799
2,2020.0,0.032374656402237086,0.1434500239453835,13.55192937237921
2,2021.0,0.032374656675765064,0.14345002396083698,13.551929396898789
2,2022.0,0.03237465694773312,0.14345002397521278,13.55192942127853
2,2023.0,0.032374657218141256,0.14345002398851092,13.551929445518441
2,2024.0,0.032374657486989464,0.14345002400073145,13.551929469618512
2,2025.0,0.032374657754277746,0.14345002401187432,13.551929493578754
2,2026.0,0.0323746580200061,0.14345002402193952,13.55192951739916
2,2027.0,0.03237465828417454,0.1434500240309271,13.551929541079728
2,2028.0,0.03237465854678305,0.14345002403883703,13.551929564620467
2,2029.0,0.032374658807831636,0.1434500240456693,13.551929588021366
2,2030.0,0.032374659067320295,0.14345002405142393,13.55192961128243
2,2031.0,0.03237465932524903,0.1434500240561009,13.551929634403661
2,2032.0,0.032374659581617844,0.14345002405970025,13.551929657385058
2,2033.0,0.032374659836426734,0.14345002406222196,13.551929680226623
2,2034.0,0.0323746600896757,0.143450024063666,13.55192970292835
2,2035.0,0.032374660341364735,0.1434500240640324,13.551929725490242
2,2036.0,0.032374660591493847,0.14345002406332114,13.551929747912302
2,2037.0,0.03237466084006304,0.14345002406153226,13.551929770194524
2,2038.0,0.03237466108707231,0.14345002405866572,13.55192979233691
2,2039.0,0.03237466133252164,0.14345002405472151,13.551929814339468
2,2040.0,0.032374661576411064,0.14345002404969967,13.551929836202188
2,2041.0,0.032374661818740554,0.1434500240436002,13.551929857925069
2,2042.0,0.032374662059510124,0.14345002403642307,13.551929879508123
2,2043.0,0.03237466229871976,0.1434500240281683,13.551929900951338
2,2044.0,0.03237466253636948,0.1434500240188359,13.551929922254716
2,2045.0,0.032374662772459276,0.1434500240084258,13.551929943418264
2,2046.0,0.03237466300698915,0.1434500239969381,13.551929964441978
2,2047.0,0.03237466323995909,0.14345002398437273,13.551929985325854
2,2048.0,0.032374663471369115,0.14345002397072973,13.551930006069895
2,2049.0,0.03237466370121921,0.14345002395600906,13.551930026674105
2,2050.0,0.032374663929509384,0.14345002394021075,13.551930047138478
2,2051.0,0.03237466415623963,0.1434500239233348,13.551930067463019
2,2052.0,0.03237466438140996,0.14345002390538122,13.551930087647719
2,2053.0,0.03237466460502035,0.14345002388634998,13.551930107692588
2,2054.0,0.032374664827070826,0.1434500238662411,13.551930127597622
2,2055.0,0.032374665047561375,0.14345002384505454,13.551930147362823
2,2056.0,0.032374665266492006,0.14345002382279037,13.551930166988189
2,2057.0,0.032374665483862704,0.14345002379944854,13.551930186473719
2,2058.0,0.03237466569967348,0.14345002377502905,13.551930205819417
2,2059.0,0.032374665913924336,0.14345002374953195,13.551930225025275
2,2060.0,0.03237466612661526,0.14345002372295718,13.551930244091306
2,2061.0,0.032374666337746265,0.14345002369530474,13.551930263017496
2,2062.0,0.03237466654731735,0.1434500236665747,13.551930281803852
2,2063.0,0.0323746667553285,0.14345002363676698,13.551930300450376
2,2064.0,0.03237466696177973,0.14345002360588163,13.551930318957062
2,2065.0,0.032374667166671034,0.14345002357391862,13.551930337323917
2,2066.0,0.03237466737000241,0.14345002354087796,13.551930355550931
2,2067.0,0.032374667571773874,0.14345002350675967,13.55193037363812
2,2068.0,0.0323746677719854,0.14345002347156371,13.551930391585467
2,2069.0,0.03237466797063701,0.14345002343529015,13.551930409392984
2,2070.0,0.032374668167728694,0.14345002339793891,13.551930427060666
2,2071.0,0.03237466836326046,0.14345002335951001,13.55193044458851
2,2072.0,0.03237466855723229,0.14345002332000348,13.551930461976516
2,2073.0,0.0323746687496442,0.1434500232794193,13.551930479224696
2,2074.0,0.03237466894049618,0.1434500232377575,13.551930496333037
2,2075.0,0.032374669129788244,0.143450023195018,13.551930513301546
2,2076.0,0.03237466931752039,0.1434500231512009,13.55193053013022
2,2077.0,0.032374669503692596,0.14345002310630614,13.551930546819053
2,2078.0,0.03237466968830489,0.14345002306033372,13.551930563368058
2,2079.0,0.03237466987135725,0.14345002301328366,13.551930579777228
2,2080.0,0.03237467005284969,0.14345002296515597,13.55193059604656
2,2081.0,0.032374670232782204,0.1434500229159506,13.55193061217606
2,2082.0,0.03237467041115479,0.1434500228656676,13.551930628165724
2,2083.0,0.03237467058796746,0.14345002281430697,13.551930644015552
2,2084.0,0.032374670763220204,0.1434500227618687,13.55193065972555
2,2085.0,0.032374670936913014,0.14345002270835275,13.551930675295704
2,2086.0,0.03237467110904591,0.14345002265375917,13.551930690726035
2,2087.0,0.03237467127961888,0.14345002259808792,13.551930706016526
2,2088.0,0.032374671448631924,0.14345002254133904,13.551930721167183
2,2089.0,0.03237467161608504,0.14345002248351252,13.551930736178004
2,2090.0,0.03237467178197823,0.14345002242460836,13.55193075104899
2,2091.0,0.03237467194631151,0.14345002236462653,13.551930765780147
2,2092.0,0.03237467210908485,0.14345002230356707,13.551930780371462
2,2093.0,0.03237467227029827,0.14345002224142997,13.551930794822944
2,2094.0,0.03237467242995177,0.1434500221782152,13.551930809134593
2,2095.0,0.03237467258804534,0.1434500221139228,13.551930823306407
2,2096.0,0.03237467274457899,0.14345002204855276,13.551930837338386
2,2097.0,0.03237467289955272,0.14345002198210505,13.551930851230532
2,2098.0,0.03237467305296651,0.1434500219145797,13.551930864982841
2,2099.0,0.03237467320482039,0.14345002184597672,13.551930878595318
2,2100.0,0.03237467335511434,0.14345002177629607,13.551930892067958
2,2101.0,0.032374673503848365,0.14345002170553778,13.551930905400766
2,2102.0,0.032374673651022465,0.14345002163370185,13.551930918593737
2,2103.0,0.032374673796636645,0.1434500215607883,13.551930931646872
2,2104.0,0.03237467394069089,0.14345002148679706,13.551930944560176
2,2105.0,0.03237467408318522,0.1434500214117282,13.551930957333642
2,2106.0,0.032374674224119625,0.14345002133558166,13.551930969967279
2,2107.0,0.03237467436349411,0.14345002125835749,13.551930982461075
2,2108.0,0.03237467450130866,0.14345002118005568,13.551930994815036
2,2109.0,0.03237467463756329,0.14345002110067623,13.551931007029166
2,2110.0,0.032374674772258,0.14345002102021912,13.551931019103462
2,2111.0,0.03237467490539278,0.14345002093868436,13.551931031037919
2,2112.0,0.032374675036967636,0.14345002085607197,13.551931042832544
2,2113.0,0.03237467516698257,0.14345002077238192,13.551931054487335
2,2114.0,0.032374675295437576,0.14345002068761423,13.551931066002293
2,2115.0,0.03237467542233266,0.1434500206017689,13.551931077377413
2,2116.0,0.03237467554766782,0.1434500205148459,13.5519310886127
2,2117.0,0.03237467567144306,0.14345002042684526,13.55193109970815
2,2118.0,0.03237467579365837,0.143450020337767,13.55193111066377
2,2119.0,0.032374675914313755,0.14345002024761105,13.55193112147955
2,2120.0,0.03237467603340922,0.14345002015637748,13.551931132155499
2,2121.0,0.032374676150944755,0.14345002006406626,13.551931142691611
2,2122.0,0.032374676266920366,0.1434500199706774,13.55193115308789
2,2123.0,0.03237467638133605,0.1434500198762109,13.551931163344333
2,2124.0,0.03237467649419182,0.14345001978066674,13.551931173460943
2,2125.0,0.03237467660548766,0.14345001968404492,13.551931183437715
2,2126.0,0.03237467671522357,0.14345001958634548,13.551931193274656
2,2127.0,0.03237467682339956,0.1434500194875684,13.551931202971762
2,2128.0,0.03237467693001563,0.14345001938771362,13.551931212529034
2,2129.0,0.03237467703507177,0.14345001928678122,13.551931221946468
2,2130.0,0.03237467713856799,0.14345001918477118,13.551931231224069
2,2131.0,0.03237467724050428,0.1434500190816835,13.551931240361837
2,2132.0,0.03237467734088065,0.14345001897751816,13.551931249359768
2,2133.0,0.032374677439697096,0.14345001887227518,13.551931258217866
2,2134.0,0.03237467753695361,0.14345001876595456,13.551931266936126
2,2135.0,0.03237467763265021,0.1434500186585563,13.551931275514558
2,2136.0,0.03237467772678688,0.14345001855008038,13.55193128395315
2,2137.0,0.03237467781936362,0.1434500184405268,13.551931292251908
2,2138.0,0.03237467791038045,0.1434500183298956,13.551931300410834
2,2139.0,0.03237467799983734,0.14345001821818673,13.551931308429923
2,2140.0,0.03237467808773432,0.14345001810540023,13.551931316309176
2,2141.0,0.032374678174071365,0.14345001799153606,13.551931324048597
2,2142.0,0.03237467825884849,0.14345001787659428,13.551931331648184
2,2143.0,0.032374678342065685,0.1434500177605748,13.551931339107936
2,2144.0,0.03237467842372296,0.14345001764347773,13.551931346427851
2,2145.0,0.032374678503820316,0.14345001752530298,13.551931353607934
2,2146.0,0.03237467858235774,0.1434500174060506,13.551931360648181
2,2147.0,0.03237467865933524,0.14345001728572057,13.551931367548592
2,2148.0,0.03237467873475282,0.14345001716431288,13.551931374309168
2,2149.0,0.032374678808610474,0.14345001704182755,13.551931380929913
2,2150.0,0.032374678880908205,0.1434500169182646,13.551931387410823
2,2151.0,0.03237467895164601,0.14345001679362396,13.551931393751895
2,2152.0,0.03237467902082389,0.1434500166679057,13.551931399953137
2,2153.0,0.03237467908844184,0.14345001654110978,13.551931406014539
2,2154.0,0.032374679154499875,0.1434500164132362,13.55193141193611
2,2155.0,0.032374679218997976,0.143450016284285,13.551931417717842
2,2156.0,0.03237467928193616,0.14345001615425615,13.551931423359747
2,2157.0,0.032374679343314415,0.14345001602314966,13.551931428861812
2,2158.0,0.03237467940313275,0.1434500158909655,13.551931434224043
2,2159.0,0.03237467946139116,0.14345001575770372,13.55193143944644
2,2160.0,0.032374679518089644,0.14345001562336426,13.551931444529002
2,2161.0,0.032374679573228204,0.14345001548794717,13.551931449471727
2,2162.0,0.03237467962680684,0.14345001535145244,13.55193145427462
2,2163.0,0.03237467967882555,0.14345001521388007,13.551931458937675
2,2164.0,0.03237467972928434,0.14345001507523003,13.551931463460901
2,2165.0,0.032374679778183195,0.14345001493550236,13.551931467844291
2,2166.0,0.03237467982552213,0.14345001479469704,13.551931472087846
2,2167.0,0.032374679871301146,0.14345001465281407,13.551931476191564
2,2168.0,0.03237467991552024,0.14345001450985345,13.55193148015545
2,2169.0,0.0323746799581794,0.1434500143658152,13.551931483979498
2,2170.0,0.03237467999927864,0.14345001422069928,13.551931487663714
2,2171.0,0.03237468003881796,0.14345001407450572,13.551931491208093
2,2172.0,0.03237468007679735,0.14345001392723453,13.55193149461264
2,2173.0,0.032374680113216814,0.14345001377888567,13.551931497877352
2,2174.0,0.03237468014807635,0.1434500136294592,13.551931501002228
2,2175.0,0.03237468018137597,0.14345001347895503,13.551931503987271
2,2176.0,0.03237468021311567,0.14345001332737325,13.551931506832478
2,2177.0,0.032374680243295435,0.14345001317471381,13.551931509537852
2,2178.0,0.03237468027191528,0.14345001302097674,13.55193151210339
2,2179.0,0.0323746802989752,0.143450012866162,13.551931514529093
2,2180.0,0.03237468032447519,0.14345001271026964,13.551931516814964
2,2181.0,0.032374680348415265,0.14345001255329962,13.551931518960995
2,2182.0,0.03237468037079541,0.14345001239525193,13.551931520967198
2,2183.0,0.03237468039161563,0.1434500122361266,13.551931522833561
2,2184.0,0.03237468041087593,0.14345001207592364,13.55193152456009
2,2185.0,0.0323746804285763,0.14345001191464304,13.551931526146788
2,2186.0,0.03237468044471675,0.14345001175228478,13.55193152759365
2,2187.0,0.03237468040655701,0.14345001164861287,13.551931524172936
2,2188.0,0.032374680361283194,0.14345001155329795,13.551931520114502
2,2189.0,0.03237468031607722,0.1434500114583994,13.55193151606215
2,2190.0,0.032374680270939094,0.14345001136391713,13.551931512015882
2,2191.0,0.032374680225868806,0.1434500112698512,13.551931507975697
2,2192.0,0.03237468018086636,0.14345001117620163,13.551931503941592
2,2193.0,0.03237468013593176,0.14345001108296837,13.551931499913564
2,2194.0,0.03237468009106501,0.14345001099015145,13.551931495891619
2,2195.0,0.0323746800462661,0.14345001089775083,13.551931491875758
2,2196.0,0.03237468000153503,0.14345001080576658,13.55193148786598
2,2197.0,0.03237467995687181,0.14345001071419866,13.551931483862283
2,2198.0,0.03237467991227643,0.14345001062304705,13.551931479864669
2,2199.0,0.03237467986774889,0.14345001053231177,13.55193147587313
2,2200.0,0.0323746798232892,0.14345001044199282,13.551931471887677
2,2201.0,0.03237467977889735,0.14345001035209023,13.551931467908307
2,2202.0,0.03237467973457335,0.14345001026260393,13.551931463935018
2,2203.0,0.03237467969031719,0.14345001017353398,13.551931459967811
2,2204.0,0.03237467964612887,0.14345001008488037,13.551931456006681
2,2205.0,0.0323746796020084,0.1434500099966431,13.55193145205164
2,2206.0,0.03237467955795577,0.14345000990882212,13.551931448102676
2,2207.0,0.03237467951397098,0.1434500098214175,13.551931444159795
2,2208.0,0.03237467947005404,0.1434500097344292,13.551931440222997
2,2209.0,0.032374679426204936,0.14345000964785723,13.551931436292275
2,2210.0,0.032374679382423686,0.1434500095617016,13.551931432367642
2,2211.0,0.03237467933871027,0.1434500094759623,13.551931428449086
2,2212.0,0.032374679295064705,0.14345000939063932,13.551931424536612
2,2213.0,0.03237467925148698,0.14345000930573268,13.551931420630222
2,2214.0,0.032374679207977104,0.14345000922124237,13.551931416729913
2,2215.0,0.03237467916453507,0.14345000913716838,13.551931412835684
2,2216.0,0.032374679121160876,0.14345000905351074,13.551931408947535
2,2217.0,0.032374679077854525,0.1434500089702694,13.551931405065467
2,2218.0,0.03237467903461602,0.14345000888744444,13.551931401189488
2,2219.0,0.03237467899144536,0.14345000880503578,13.551931397319587
2,2220.0,0.03237467894834254,0.14345000872304345,13.551931393455765
2,2221.0,0.03237467890530757,0.14345000864146745,13.551931389598026
2,2222.0,0.03237467886234044,0.1434500085603078,13.551931385746373
2,2223.0,0.03237467881944115,0.14345000847956443,13.551931381900797
2,2224.0,0.03237467877660971,0.14345000839923744,13.551931378061303
2,2225.0,0.03237467873384611,0.14345000831932678,13.551931374227891
2,2226.0,0.032374678691150356,0.14345000823983242,13.55193137040056
2,2227.0,0.03237467864852245,0.1434500081607544,13.551931366579314
2,2228.0,0.03237467860596238,0.14345000808209274,13.551931362764146
2,2229.0,0.032374678563470156,0.14345000800384738,13.55193135895506
2,2230.0,0.03237467852104577,0.14345000792601836,13.551931355152057
2,2231.0,0.03237467847868924,0.14345000784860568,13.551931351355135
2,2232.0,0.032374678436400545,0.1434500077716093,13.551931347564295
2,2233.0,0.0323746783941797,0.14345000769502927,13.551931343779534
2,2234.0,0.032374678352026696,0.1434500076188656,13.551931340000863
2,2235.0,0.032374678309941535,0.1434500075431182,13.551931336228265
2,2236.0,0.032374678267924215,0.14345000746778716,13.55193133246175
2,2237.0,0.03237467822597474,0.14345000739287248,13.551931328701317
2,2238.0,0.03237467818409311,0.1434500073183741,13.55193132494697
2,2239.0,0.032374678142279324,0.14345000724429205,13.551931321198696
2,2240.0,0.032374678100533384,0.14345000717062634,13.55193131745651
2,2241.0,0.032374678058855286,0.14345000709737696,13.551931313720406
2,2242.0,0.03237467801724503,0.14345000702454389,13.551931309990383
2,2243.0,0.03237467797570262,0.14345000695212717,13.551931306266441
2,2244.0,0.032374677934228054,0.1434500068801268,13.551931302548578
2,2245.0,0.03237467789282133,0.14345000680854272,13.5519312988368
2,2246.0,0.032374677851482445,0.14345000673737499,13.551931295131102
2,2247.0,0.03237467781021141,0.1434500066666236,13.551931291431487
2,2248.0,0.03237467776900822,0.14345000659628854,13.551931287737952
2,2249.0,0.03237467772787287,0.1434500065263698,13.5519312840505
2,2250.0,0.03237467768680537,0.14345000645686737,13.55193128036913
2,2251.0,0.032374677645805705,0.1434500063877813,13.551931276693843
2,2252.0,0.032374677604873885,0.14345000631911156,13.551931273024636
2,2253.0,0.03237467756400991,0.14345000625085816,13.551931269361509
2,2254.0,0.03237467752321378,0.14345000618302106,13.551931265704463
2,2255.0,0.0323746774824855,0.1434500061156003,13.551931262053502
2,2256.0,0.03237467744182505,0.1434500060485959,13.551931258408622
2,2257.0,0.032374677401232455,0.1434500059820078,13.551931254769823
2,2258.0,0.032374677360707704,0.14345000591583604,13.551931251137106
2,2259.0,0.03237467732025079,0.1434500058500806,13.551931247510469
2,2260.0,0.03237467727986172,0.1434500057847415,13.551931243889914
2,2261.0,0.032374677239540496,0.14345000571981872,13.551931240275442
2,2262.0,0.03237467719928712,0.1434500056553123,13.55193123666705
2,2263.0,0.032374677159101584,0.14345000559122217,13.55193123306474
2,2264.0,0.03237467711898389,0.1434500055275484,13.551931229468513
2,2265.0,0.032374677078934044,0.14345000546429096,13.551931225878372
2,2266.0,0.032374677038952034,0.14345000540144984,13.551931222294302
2,2267.0,0.03237467699903788,0.14345000533902505,13.55193121871632
2,2268.0,0.03237467695919156,0.1434500052770166,13.551931215144421
2,2269.0,0.032374676919413085,0.14345000521542448,13.5519312115786
2,2270.0,0.032374676879702455,0.1434500051542487,13.551931208018864
2,2271.0,0.032374676840059666,0.14345000509348924,13.551931204465209
2,2272.0,0.032374676800484725,0.1434500050331461,13.55193120091763
2,2273.0,0.032374676760977626,0.1434500049732193,13.55193119737614
2,2274.0,0.03237467672153837,0.14345000491370882,13.551931193840728
2,2275.0,0.03237467668216696,0.14345000485461468,13.551931190311397
2,2276.0,0.03237467664286339,0.14345000479593686,13.551931186788151
2,2277.0,0.03237467660362767,0.14345000473767539,13.551931183270987
2,2278.0,0.03237467656445979,0.14345000467983024,13.5519311797599
2,2279.0,0.032374676525359754,0.14345000462240143,13.551931176254897
2,2280.0,0.03237467648632756,0.14345000456538895,13.551931172755975
2,2281.0,0.032374676447363214,0.14345000450879278,13.551931169263138
2,2282.0,0.03237467640846671,0.14345000445261297,13.551931165776379
2,2283.0,0.03237467636963805,0.14345000439684946,13.551931162295704
2,2284.0,0.032374676330877226,0.14345000434150232,13.551931158821107
2,2285.0,0.032374676292184254,0.14345000428657148,13.551931155352596
2,2286.0,0.03237467625355912,0.14345000423205698,13.551931151890159
2,2287.0,0.03237467621500184,0.1434500041779588,13.551931148433814
2,2288.0,0.03237467617651239,0.14345000412427697,13.551931144983547
2,2289.0,0.032374676138090794,0.14345000407101144,13.551931141539356
2,2290.0,0.03237467609973704,0.14345000401816227,13.551931138101253
2,2291.0,0.03237467606145113,0.14345000396572943,13.55193113466923
2,2292.0,0.03237467602323306,0.1434500039137129,13.551931131243286
2,2293.0,0.03237467598508284,0.1434500038621127,13.551931127823428
2,2294.0,0.032374675947000456,0.14345000381092887,13.55193112440965
2,2295.0,0.03237467590898592,0.14345000376016134,13.551931121001951
2,2296.0,0.03237467587103923,0.14345000370981015,13.551931117600336
2,2297.0,0.03237467583316038,0.14345000365987529,13.551931114204804
2,2298.0,0.032374675795349375,0.14345000361035673,13.551931110815353
2,2299.0,0.03237467575760621,0.14345000356125454,13.551931107431983
2,2300.0,0.0323746757199309,0.14345000351256867,13.551931104054693
2,2301.0,0.032374675682323426,0.14345000346429912,13.551931100683488
2,2302.0,0.032374675644783794,0.1434500034164459,13.551931097318363
2,2303.0,0.032374675607312005,0.14345000336900904,13.551931093959316
2,2304.0,0.032374675569908064,0.14345000332198848,13.551931090606354
2,2305.0,0.032374675532571964,0.14345000327538426,13.551931087259476
2,2306.0,0.03237467549530371,0.14345000322919638,13.551931083918678
2,2307.0,0.0323746754581033,0.14345000318342482,13.551931080583964
2,2308.0,0.03237467542097073,0.1434500031380696,13.551931077255327
2,2309.0,0.03237467538390601,0.1434500030931307,13.551931073932773
2,2310.0,0.032374675346909125,0.14345000304860814,13.551931070616302
2,2311.0,0.03237467530998009,0.1434500030045019,13.551931067305913
2,2312.0,0.0323746752731189,0.14345000296081198,13.551931064001602
2,2313.0,0.03237467523632555,0.14345000291753843,13.551931060703374
2,2314.0,0.03237467519960004,0.14345000287468118,13.55193105741123
2,2315.0,0.03237467516294238,0.14345000283224027,13.551931054125165
2,2316.0,0.032374675126352566,0.1434500027902157,13.551931050845184
2,2317.0,0.03237467508983059,0.14345000274860742,13.551931047571282
2,2318.0,0.03237467505337646,0.1434500027074155,13.551931044303464
2,2319.0,0.03237467501699017,0.14345000266663993,13.551931041041726
2,2320.0,0.03237467498067173,0.14345000262628066,13.55193103778607
2,2321.0,0.03237467494442113,0.14345000258633772,13.551931034536496
2,2322.0,0.03237467490823838,0.14345000254681115,13.551931031293009
2,2323.0,0.03237467487212347,0.14345000250770087,13.551931028055597
2,2324.0,0.0323746748360764,0.14345000246900694,13.551931024824267
2,2325.0,0.032374674800097175,0.14345000243072933,13.55193102159902
2,2326.0,0.0323746747641858,0.14345000239286806,13.551931018379852
2,2327.0,0.03237467472834226,0.1434500023554231,13.551931015166769
2,2328.0,0.032374674692566566,0.1434500023183945,13.551931011959764
2,2329.0,0.03237467465685872,0.14345000228178223,13.551931008758844
2,2330.0,0.032374674621218714,0.14345000224558627,13.551931005564006
2,2331.0,0.03237467458564655,0.14345000220980664,13.551931002375248
2,2332.0,0.03237467455014223,0.14345000217444334,13.551930999192571
2,2333.0,0.032374674514705756,0.1434500021394964,13.551930996015978
2,2334.0,0.032374674479337125,0.14345000210496578,13.551930992845467
2,2335.0,0.03237467444403634,0.14345000207085146,13.551930989681034
2,2336.0,0.0323746744088034,0.1434500020371535,13.551930986522686
2,2337.0,0.0323746743736383,0.14345000200387187,13.551930983370418
2,2338.0,0.03237467433854104,0.14345000197100655,13.551930980224233
2,2339.0,0.03237467430351163,0.1434500019385576,13.551930977084126
2,2340.0,0.03237467426855006,0.14345000190652493,13.551930973950103
2,2341.0,0.03237467423365634,0.1434500018749086,13.551930970822164
2,2342.0,0.03237467419883046,0.14345000184370865,13.551930967700306
2,2343.0,0.03237467416407242,0.143450001812925,13.551930964584527
2,2344.0,0.03237467412938223,0.14345000178255768,13.551930961474833
2,2345.0,0.03237467409475988,0.14345000175260667,13.551930958371218
2,2346.0,0.032374674060205375,0.143450001723072,13.551930955273686
2,2347.0,0.03237467402571872,0.1434500016939537,13.551930952182234
2,2348.0,0.032374673991299896,0.14345000166525168,13.551930949096864
2,2349.0,0.03237467395694892,0.14345000163696603,13.551930946017578
2,2350.0,0.03237467392266579,0.14345000160909668,13.55193094294437
2,2351.0,0.03237467388845051,0.14345000158164367,13.551930939877247
2,2352.0,0.032374673854303065,0.143450001554607,13.5519309368162
2,2353.0,0.032374673820223465,0.14345000152798665,13.551930933761241
2,2354.0,0.03237467378621171,0.14345000150178264,13.551930930712363
2,2355.0,0.032374673752267796,0.14345000147599496,13.551930927669563
2,2356.0,0.03237467371839173,0.1434500014506236,13.551930924632847
2,2357.0,0.03237467368458351,0.14345000142566858,13.551930921602215
2,2358.0,0.03237467365084313,0.14345000140112987,13.551930918577659
2,2359.0,0.03237467361717059,0.14345000137700753,13.55193091555919
2,2360.0,0.0323746735835659,0.1434500013533015,13.551930912546798
2,2361.0,0.03237467355002905,0.1434500013300118,13.55193090954049
2,2362.0,0.032374673516560044,0.14345000130713842,13.551930906540266
2,2363.0,0.03237467348315888,0.14345000128468138,13.551930903546118
2,2364.0,0.032374673449825565,0.14345000126264068,13.551930900558055
2,2365.0,0.03237467341656009,0.14345000124101628,13.551930897576073
2,2366.0,0.03237467338336246,0.14345000121980825,13.551930894600174
2,2367.0,0.03237467335023267,0.14345000119901655,13.551930891630358
2,2368.0,0.03237467331717073,0.14345000117864115,13.55193088866662
2,2369.0,0.03237467328417663,0.1434500011586821,13.551930885708968
2,2370.0,0.032374673251250374,0.14345000113913936,13.551930882757393
2,2371.0,0.032374673218391964,0.14345000112001297,13.5519308798119
2,2372.0,0.032374673185601395,0.1434500011013029,13.551930876872488
2,2373.0,0.032374673152878675,0.14345000108300918,13.551930873939162
2,2374.0,0.03237467312022379,0.14345000106513178,13.551930871011917
2,2375.0,0.03237467308763675,0.14345000104767072,13.55193086809075
2,2376.0,0.03237467305511756,0.14345000103062597,13.551930865175667
2,2377.0,0.03237467302266621,0.14345000101399757,13.551930862266666
2,2378.0,0.03237467299028271,0.1434500009977855,13.551930859363745
2,2379.0,0.032374672957967046,0.14345000098198973,13.551930856466905
2,2380.0,0.03237467292571923,0.1434500009666103,13.551930853576149
2,2381.0,0.03237467289353925,0.14345000095164723,13.551930850691473
2,2382.0,0.032374672861427124,0.14345000093710047,13.55193084781288
2,2383.0,0.03237467282938283,0.14345000092297006,13.551930844940369
2,2384.0,0.03237467279740639,0.14345000090925597,13.551930842073936
2,2385.0,0.0323746727654978,0.1434500008959582,13.551930839213588
2,2386.0,0.03237467273365704,0.14345000088307677,13.551930836359324
2,2387.0,0.03237467270188413,0.14345000087061166,13.551930833511136
2,2388.0,0.03237467267017906,0.14345000085856288,13.551930830669034
2,2389.0,0.03237467263854184,0.14345000084693044,13.551930827833012
2,2390.0,0.03237467260697245,0.14345000083571433,13.551930825003069
2,2391.0,0.03237467257547092,0.14345000082491455,13.55193082217921
2,2392.0,0.032374672544037225,0.1434500008145311,13.551930819361433
2,2393.0,0.03237467251267138,0.143450000804564,13.551930816549739
2,2394.0,0.03237467248137337,0.14345000079501322,13.551930813744129
2,2395.0,0.03237467245014321,0.14345000078587875,13.551930810944594
2,2396.0,0.03237467241898089,0.14345000077716064,13.551930808151143
2,2397.0,0.03237467238788642,0.14345000076885883,13.551930805363773
2,2398.0,0.032374672356859785,0.14345000076097336,13.55193080258249
2,2399.0,0.032374672325901,0.14345000075350423,13.551930799807282
2,2400.0,0.03237467229501006,0.14345000074645142,13.551930797038159
2,2401.0,0.03237467226418696,0.14345000073981495,13.551930794275115
2,2402.0,0.032374672233431705,0.14345000073359482,13.551930791518155
2,2403.0,0.03237467220274429,0.143450000727791,13.551930788767276
2,2404.0,0.032374672172124724,0.14345000072240352,13.55193078602248
2,2405.0,0.032374672141573,0.14345000071743236,13.55193078328376
2,2406.0,0.03237467211108912,0.14345000071287756,13.551930780551128
2,2407.0,0.03237467208067308,0.14345000070873906,13.551930777824575
2,2408.0,0.03237467205032489,0.1434500007050169,13.551930775104104
2,2409.0,0.032374672020044536,0.14345000070171107,13.551930772389715
2,2410.0,0.03237467198983203,0.14345000069882158,13.55193076968141
2,2411.0,0.03237467195968737,0.14345000069634842,13.551930766979185
2,2412.0,0.032374671929610556,0.1434500006942916,13.55193076428304
2,2413.0,0.03237467189960158,0.14345000069265107,13.551930761592978
2,2414.0,0.03237467186966045,0.1434500006914269,13.551930758908995
2,2415.0,0.032374671839787164,0.14345000069061906,13.551930756231098
2,2416.0,0.03237467180998172,0.14345000069022756,13.551930753559278
2,2417.0,0.03237467178024412,0.14345000069025238,13.55193075089354
2,2418.0,0.03237467175057436,0.14345000069069352,13.551930748233888
2,2419.0,0.03237467172097245,0.143450000691551,13.551930745580316
2,2420.0,0.032374671691438386,0.14345000069282482,13.551930742932825
2,2421.0,0.03237467166197216,0.14345000069451494,13.551930740291414
2,2422.0,0.03237467163257378,0.14345000069662142,13.551930737656086
2,2423.0,0.03237467160324324,0.14345000069914424,13.55193073502684
2,2424.0,0.03237467157398055,0.14345000070208336,13.551930732403678
2,2425.0,0.032374671544785696,0.1434500007054388,13.551930729786594
2,2426.0,0.0323746715156587,0.14345000070921063,13.551930727175593
2,2427.0,0.03237467148659953,0.14345000071339875,13.551930724570672
2,2428.0,0.032374671457608216,0.1434500007180032,13.551930721971834
2,2429.0,0.03237467142868474,0.143450000723024,13.55193071937908
2,2430.0,0.03237467139982911,0.14345000072846112,13.551930716792405
2,2431.0,0.03237467137104132,0.14345000073431455,13.55193071421181
2,2432.0,0.03237467134232138,0.14345000074058434,13.551930711637299
2,2433.0,0.03237467131366928,0.14345000074727043,13.55193070906887
2,2434.0,0.032374671285085026,0.1434500007543729,13.551930706506523
2,2435.0,0.032374671256568614,0.14345000076189166,13.551930703950257
2,2436.0,0.032374671228120044,0.14345000076982675,13.55193070140007
2,2437.0,0.03237467119973932,0.14345000077817818,13.551930698855966
2,2438.0,0.032374671171426436,0.14345000078694595,13.551930696317946
2,2439.0,0.032374671143181405,0.14345000079613004,13.551930693786009
2,2440.0,0.03237467111500421,0.14345000080573048,13.551930691260148
2,2441.0,0.03237467108689486,0.14345000081574721,13.551930688740372
2,2442.0,0.03237467105885335,0.1434500008261803,13.551930686226678
2,2443.0,0.032374671030879695,0.14345000083702972,13.551930683719064
2,2444.0,0.03237467100297387,0.14345000084829548,13.551930681217534
2,2445.0,0.0323746709751359,0.14345000085997756,13.551930678722082
2,2446.0,0.03237467094736577,0.14345000087207596,13.551930676232715
2,2447.0,0.032374670919663485,0.1434500008845907,13.551930673749427
2,2448.0,0.03237467089202904,0.14345000089752177,13.55193067127222
2,2449.0,0.03237467086446244,0.14345000091086918,13.551930668801097
2,2450.0,0.03237467083696369,0.1434500009246329,13.551930666336057
2,2451.0,0.032374670809532775,0.14345000093881297,13.551930663877096
2,2452.0,0.032374670782169705,0.14345000095340937,13.551930661424219
2,2453.0,0.03237467075487448,0.1434500009684221,13.55193065897742
2,2454.0,0.0323746707276471,0.14345000098385113,13.551930656536708
2,2455.0,0.032374670700487565,0.14345000099969651,13.551930654102074
2,2456.0,0.03237467067339587,0.14345000101595823,13.55193065167352
2,2457.0,0.03237467064637202,0.14345000103263628,13.551930649251053
2,2458.0,0.03237467061941601,0.14345000104973066,13.551930646834663
2,2459.0,0.032374670592527854,0.14345000106724137,13.551930644424356
2,2460.0,0.03237467056570753,0.14345000108516842,13.55193064202013
2,2461.0,0.03237467053895506,0.14345000110351178,13.551930639621988
2,2462.0,0.03237467051227043,0.14345000112227146,13.551930637229924
2,2463.0,0.032374670485653644,0.14345000114144751,13.551930634843945
2,2464.0,0.0323746704591047,0.14345000116103987,13.551930632464044
2,2465.0,0.0323746704326236,0.14345000118104856,13.55193063009023
2,2466.0,0.032374670406210344,0.14345000120147358,13.551930627722493
2,2467.0,0.03237467037986493,0.14345000122231494,13.551930625360841
2,2468.0,0.03237467035358736,0.14345000124357263,13.551930623005267
2,2469.0,0.03237467032737764,0.14345000126524662,13.551930620655778
2,2470.0,0.03237467030123576,0.14345000128733698,13.551930618312367
2,2471.0,0.03237467027516172,0.14345000130984364,13.551930615975042
2,2472.0,0.032374670249155524,0.14345000133276667,13.551930613643796
2,2473.0,0.032374670223217175,0.143450001356106,13.551930611318632
2,2474.0,0.032374670197346675,0.14345000137986166,13.55193060899955
2,2475.0,0.03237467017154401,0.14345000140403366,13.551930606686547
2,2476.0,0.03237467014580919,0.143450001428622,13.55193060437963
2,2477.0,0.03237467012014222,0.14345000145362666,13.551930602078796
2,2478.0,0.03237467009454309,0.14345000147904766,13.55193059978404
2,2479.0,0.0323746700690118,0.14345000150488496,13.55193059749536
2,2480.0,0.032374670043548354,0.14345000153113863,13.551930595212772
2,2481.0,0.03237467001815276,0.1434500015578086,13.55193059293626
2,2482.0,0.032374669992825,0.14345000158489493,13.551930590665831
2,2483.0,0.032374669967565085,0.14345000161239757,13.551930588401483
2,2484.0,0.03237466994237302,0.14345000164031654,13.551930586143218
2,2485.0,0.03237466991724879,0.14345000166865185,13.551930583891034
2,2486.0,0.03237466989219241,0.1434500016974035,13.551930581644932
2,2487.0,0.03237466986720388,0.14345000172657144,13.551930579404912
2,2488.0,0.03237466984228318,0.14345000175615574,13.55193057717097
2,2489.0,0.032374669817430334,0.14345000178615638,13.551930574943114
2,2490.0,0.032374669792645326,0.14345000181657333,13.551930572721337
2,2491.0,0.03237466976792817,0.14345000184740664,13.551930570505643
2,2492.0,0.03237466974327885,0.14345000187865625,13.55193056829603
2,2493.0,0.032374669718697374,0.1434500019103222,13.551930566092501
2,2494.0,0.03237466969418375,0.14345000194240448,13.551930563895052
2,2495.0,0.032374669669737954,0.1434500019749031,13.551930561703683
2,2496.0,0.03237466964536001,0.14345000200781804,13.551930559518397
2,2497.0,0.032374669621049915,0.1434500020411493,13.551930557339194
2,2498.0,0.03237466959680766,0.14345000207489692,13.551930555166072
2,2499.0,0.03237466957263325,0.14345000210906084,13.551930552999028
2,2500.0,0.03237466954852668,0.14345000214364112,13.55193055083807
2,2501.0,0.032374669524487955,0.1434500021786377,13.551930548683192
2,2502.0,0.032374669500517074,0.14345000221405063,13.551930546534395
2,2503.0,0.032374669476614035,0.1434500022498799,13.55193054439168
2,2504.0,0.032374669452778844,0.14345000228612548,13.551930542255048
2,2505.0,0.032374669429011495,0.1434500023227874,13.551930540124497
2,2506.0,0.03237466940531199,0.14345000235986566,13.551930538000025
2,2507.0,0.03237466938168032,0.14345000239736025,13.551930535881636
2,2508.0,0.032374669358116503,0.14345000243527115,13.551930533769333
2,2509.0,0.03237466933462053,0.1434500024735984,13.551930531663105
2,2510.0,0.0323746693111924,0.14345000251234197,13.551930529562963
2,2511.0,0.032374669287832114,0.14345000255150187,13.551930527468903
2,2512.0,0.03237466926453967,0.1434500025910781,13.551930525380923
2,2513.0,0.03237466924131507,0.14345000263107066,13.551930523299028
2,2514.0,0.03237466921815831,0.14345000267147956,13.551930521223209
2,2515.0,0.0323746691950694,0.1434500027123048,13.551930519153473
2,2516.0,0.032374669172048336,0.14345000275354636,13.551930517089822
2,2517.0,0.032374669149095106,0.14345000279520423,13.551930515032248
2,2518.0,0.032374669126209725,0.14345000283727846,13.551930512980759
2,2519.0,0.03237466910339219,0.143450002879769,13.551930510935353
2,2520.0,0.032374669080642494,0.14345000292267587,13.551930508896024
2,2521.0,0.032374669057960645,0.1434500029659991,13.55193050686278
2,2522.0,0.032374669035346644,0.14345000300973865,13.551930504835617
2,2523.0,0.03237466901280048,0.14345000305389452,13.551930502814535
2,2524.0,0.03237466899032216,0.1434500030984667,13.551930500799537
2,2525.0,0.032374668967911684,0.14345000314345524,13.551930498790618
2,2526.0,0.032374668945569056,0.14345000318886011,13.551930496787781
2,2527.0,0.03237466892329427,0.1434500032346813,13.551930494791026
2,2528.0,0.032374668901087325,0.14345000328091884,13.551930492800352
2,2529.0,0.03237466887894822,0.14345000332757268,13.551930490815758
2,2530.0,0.03237466885687697,0.14345000337464286,13.55193048883725
2,2531.0,0.032374668834873555,0.14345000342212938,13.551930486864821
2,2532.0,0.03237466881293799,0.14345000347003223,13.551930484898474
2,2533.0,0.03237466879107026,0.1434500035183514,13.551930482938209
2,2534.0,0.032374668769270386,0.14345000356708693,13.551930480984025
2,2535.0,0.032374668747538346,0.14345000361623877,13.551930479035924
2,2536.0,0.032374668725874155,0.14345000366580693,13.551930477093903
2,2537.0,0.032374668704277805,0.14345000371579145,13.551930475157963
2,2538.0,0.0323746686827493,0.14345000376619227,13.551930473228108
2,2539.0,0.03237466866128864,0.14345000381700942,13.551930471304333
2,2540.0,0.03237466863989581,0.14345000386824294,13.551930469386637
2,2541.0,0.03237466861857084,0.14345000391989277,13.551930467475028
2,2542.0,0.03237466859731371,0.14345000397195892,13.551930465569496
2,2543.0,0.03237466857612442,0.14345000402444139,13.551930463670047
2,2544.0,0.032374668555002976,0.1434500040773402,13.551930461776681
2,2545.0,0.03237466853394938,0.14345000413065537,13.551930459889395
2,2546.0,0.032374668512963625,0.14345000418438683,13.551930458008192
2,2547.0,0.03237466849204571,0.14345000423853466,13.55193045613307
2,2548.0,0.03237466847119564,0.1434500042930988,13.551930454264028
2,2549.0,0.03237466845041342,0.14345000434807925,13.55193045240107
2,2550.0,0.032374668429699036,0.14345000440347605,13.55193045054419
2,2551.0,0.0323746684090525,0.14345000445928918,13.551930448693398
2,2552.0,0.032374668388473804,0.14345000451551865,13.551930446848683
2,2553.0,0.032374668367962954,0.14345000457216445,13.551930445010049
2,2554.0,0.03237466834751995,0.14345000462922658,13.5519304431775
2,2555.0,0.032374668327144786,0.14345000468670502,13.551930441351033
2,2556.0,0.03237466830683747,0.14345000474459982,13.551930439530642
2,2557.0,0.03237466829845048,0.1434500047907307,13.551930438778816
2,2558.0,0.03237466830694808,0.1434500048195881,13.551930439540559
2,2559.0,0.032374668315437546,0.14345000484836218,13.551930440301572
2,2560.0,0.03237466832391888,0.14345000487705292,13.551930441061852
2,2561.0,0.032374668332392074,0.14345000490566032,13.551930441821408
2,2562.0,0.03237466834085713,0.14345000493418436,13.551930442580232
2,2563.0,0.03237466834931406,0.14345000496262508,13.551930443338327
2,2564.0,0.03237466835776284,0.14345000499098245,13.551930444095694
2,2565.0,0.0323746683662035,0.14345000501925648,13.551930444852331
2,2566.0,0.03237466837463602,0.14345000504744718,13.551930445608235
2,2567.0,0.0323746683830604,0.14345000507555453,13.551930446363414
2,2568.0,0.032374668391476645,0.14345000510357855,13.551930447117863
2,2569.0,0.03237466839988476,0.14345000513151923,13.551930447871584
2,2570.0,0.032374668408284735,0.14345000515937656,13.551930448624574
2,2571.0,0.03237466841667658,0.14345000518715054,13.551930449376835
2,2572.0,0.03237466842506029,0.14345000521484122,13.551930450128365
2,2573.0,0.03237466843343586,0.14345000524244853,13.55193045087917
2,2574.0,0.03237466844180329,0.1434500052699725,13.55193045162924
2,2575.0,0.03237466845016259,0.14345000529741314,13.551930452378587
2,2576.0,0.03237466845851376,0.14345000532477042,13.5519304531272
2,2577.0,0.03237466846685679,0.14345000535204439,13.551930453875087
2,2578.0,0.03237466847519168,0.143450005379235,13.551930454622239
2,2579.0,0.03237466848351844,0.14345000540634228,13.551930455368668
2,2580.0,0.032374668491837066,0.14345000543336622,13.551930456114365
2,2581.0,0.03237466850014756,0.1434500054603068,13.551930456859337
2,2582.0,0.03237466850844991,0.14345000548716408,13.551930457603573
2,2583.0,0.03237466851674413,0.143450005513938,13.551930458347083
2,2584.0,0.03237466852503021,0.1434500055406286,13.551930459089863
2,2585.0,0.03237466853330816,0.14345000556723583,13.551930459831915
2,2586.0,0.03237466854157797,0.14345000559375973,13.551930460573237
2,2587.0,0.03237466854983965,0.1434500056202003,13.551930461313829
2,2588.0,0.03237466855809319,0.1434500056465575,13.551930462053692
2,2589.0,0.032374668566338596,0.1434500056728314,13.551930462792827
2,2590.0,0.03237466857457587,0.14345000569902194,13.55193046353123
2,2591.0,0.032374668582805,0.14345000572512914,13.551930464268906
2,2592.0,0.032374668591026,0.143450005751153,13.551930465005853
2,2593.0,0.03237466859923887,0.14345000577709352,13.551930465742073
2,2594.0,0.0323746686074436,0.1434500058029507,13.55193046647756
2,2595.0,0.032374668615640194,0.14345000582872455,13.551930467212319
2,2596.0,0.03237466862382865,0.14345000585441506,13.551930467946347
2,2597.0,0.032374668632008975,0.1434500058800222,13.551930468679645
2,2598.0,0.03237466864018117,0.14345000590554605,13.551930469412216
2,2599.0,0.03237466864834522,0.14345000593098653,13.551930470144061
2,2600.0,0.032374668656501134,0.14345000595634366,13.55193047087517
2,2601.0,0.03237466866464892,0.14345000598161747,13.551930471605555
2,2602.0,0.03237466867278857,0.14345000600680793,13.551930472335206
2,2603.0,0.03237466868092008,0.14345000603191507,13.551930473064134
2,2604.0,0.032374668689043457,0.14345000605693883,13.551930473792327
2,2605.0,0.0323746686971587,0.1434500060818793,13.551930474519796
2,2606.0,0.032374668705265806,0.1434500061067364,13.551930475246532
2,2607.0,0.03237466871336478,0.14345000613151015,13.551930475972538
2,2608.0,0.03237466872145561,0.1434500061562006,13.551930476697818
2,2609.0,0.032374668729538314,0.1434500061808077,13.551930477422365
2,2610.0,0.032374668737612876,0.14345000620533144,13.551930478146188
2,2611.0,0.032374668745679305,0.14345000622977183,13.551930478869274
2,2612.0,0.0323746687537376,0.1434500062541289,13.551930479591636
2,2613.0,0.03237466876178776,0.14345000627840263,13.551930480313267
2,2614.0,0.032374668769829786,0.14345000630259302,13.55193048103417
2,2615.0,0.03237466877786367,0.14345000632670007,13.551930481754344
2,2616.0,0.032374668785889425,0.14345000635072377,13.551930482473788
2,2617.0,0.03237466879390705,0.14345000637466415,13.551930483192503
2,2618.0,0.03237466880191653,0.14345000639852118,13.551930483910487
2,2619.0,0.03237466880991788,0.14345000642229488,13.551930484627746
2,2620.0,0.03237466881791109,0.1434500064459852,13.551930485344274
2,2621.0,0.032374668825896166,0.14345000646959224,13.55193048606007
2,2622.0,0.03237466883387311,0.1434500064931159,13.551930486775138
2,2623.0,0.03237466884184192,0.14345000651655623,13.55193048748948
2,2624.0,0.032374668849802585,0.14345000653991324,13.551930488203087
2,2625.0,0.03237466885775512,0.14345000656318688,13.55193048891597
2,2626.0,0.03237466886569952,0.1434500065863772,13.55193048962812
2,2627.0,0.03237466887363579,0.14345000660948418,13.551930490339544
2,2628.0,0.032374668881563914,0.14345000663250781,13.551930491050234
2,2629.0,0.03237466888948391,0.1434500066554481,13.5519304917602
2,2630.0,0.03237466889739577,0.14345000667830504,13.551930492469433
2,2631.0,0.0323746689052995,0.14345000670107866,13.551930493177938
2,2632.0,0.032374668913195084,0.14345000672376895,13.551930493885717
2,2633.0,0.03237466892108254,0.14345000674637587,13.551930494592762
2,2634.0,0.032374668928961854,0.14345000676889946,13.551930495299079
2,2635.0,0.03237466893683304,0.14345000679133973,13.551930496004665
2,2636.0,0.03237466894469609,0.14345000681369663,13.551930496709524
2,2637.0,0.032374668952551,0.14345000683597023,13.551930497413656
2,2638.0,0.03237466896039778,0.14345000685816045,13.551930498117056
2,2639.0,0.03237466896823642,0.14345000688026735,13.551930498819727
2,2640.0,0.032374668976066924,0.1434500069022909,13.551930499521665
2,2641.0,0.0323746689838893,0.14345000692423113,13.551930500222882
2,2642.0,0.032374668991703534,0.143450006946088,13.551930500923362
2,2643.0,0.03237466899950963,0.14345000696786153,13.55193050162312
2,2644.0,0.0323746690073076,0.14345000698955174,13.551930502322142
2,2645.0,0.032374669015097425,0.1434500070111586,13.551930503020438
2,2646.0,0.032374669022879124,0.14345000703268213,13.551930503718003
2,2647.0,0.032374669030652684,0.1434500070541223,13.551930504414841
2,2648.0,0.032374669038418104,0.14345000707547914,13.551930505110947
2,2649.0,0.03237466904617539,0.14345000709675262,13.551930505806327
2,2650.0,0.03237466905392455,0.14345000711794278,13.551930506500975
2,2651.0,0.03237466906166556,0.14345000713904962,13.551930507194895
2,2652.0,0.03237466906939845,0.1434500071600731,13.551930507888088
2,2653.0,0.0323746690771232,0.14345000718101325,13.55193050858055
2,2654.0,0.03237466908483981,0.14345000720187004,13.551930509272282
2,2655.0,0.03237466909254828,0.1434500072226435,13.551930509963281
2,2656.0,0.03237466910024863,0.14345000724333362,13.551930510653557
2,2657.0,0.03237466910794083,0.14345000726394042,13.551930511343102
2,2658.0,0.03237466911562491,0.14345000728446386,13.551930512031918
2,2659.0,0.032374669123300844,0.14345000730490395,13.55193051272
2,2660.0,0.03237466913096864,0.14345000732526073,13.55193051340736
2,2661.0,0.032374669138628305,0.14345000734553415,13.551930514093984
2,2662.0,0.03237466914627984,0.14345000736572422,13.551930514779883
2,2663.0,0.03237466915392323,0.14345000738583097,13.55193051546505
2,2664.0,0.03237466916155849,0.14345000740585437,13.55193051614949
2,2665.0,0.03237466916918562,0.14345000742579445,13.551930516833202
2,2666.0,0.03237466917680461,0.14345000744565117,13.551930517516185
2,2667.0,0.03237466918441546,0.14345000746542455,13.551930518198436
2,2668.0,0.032374669192018174,0.1434500074851146,13.551930518879955
2,2669.0,0.03237466919961276,0.1434500075047213,13.551930519560749
2,2670.0,0.03237466920719921,0.14345000752424467,13.551930520240813
2,2671.0,0.03237466921477752,0.1434500075436847,13.551930520920147
2,2672.0,0.0323746692223477,0.14345000756304138,13.551930521598754
2,2673.0,0.03237466922990974,0.14345000758231471,13.551930522276631
2,2674.0,0.03237466923746365,0.14345000760150473,13.551930522953779
2,2675.0,0.03237466924500942,0.1434500076206114,13.551930523630192
2,2676.0,0.032374669252547054,0.14345000763963472,13.551930524305885
2,2677.0,0.03237466926007655,0.1434500076585747,13.55193052498084
2,2678.0,0.03237466926759792,0.14345000767743138,13.551930525655072
2,2679.0,0.03237466927511115,0.14345000769620467,13.551930526328569
2,2680.0,0.032374669282616245,0.14345000771489466,13.551930527001343
2,2681.0,0.0323746692901132,0.14345000773350128,13.551930527673383
2,2682.0,0.03237466929760203,0.14345000775202457,13.551930528344698
2,2683.0,0.03237466930508272,0.14345000777046452,13.55193052901528
2,2684.0,0.03237466931255527,0.14345000778882114,13.551930529685135
2,2685.0,0.032374669320019686,0.1434500078070944,13.551930530354259
2,2686.0,0.03237466932747597,0.14345000782528433,13.551930531022656
2,2687.0,0.03237466933492412,0.14345000784339093,13.55193053169032
2,2688.0,0.03237466934236413,0.14345000786141418,13.551930532357261
2,2689.0,0.032374669349796006,0.14345000787935408,13.551930533023468
2,2690.0,0.03237466935721975,0.14345000789721066,13.551930533688944
2,2691.0,0.03237466936463536,0.14345000791498388,13.551930534353694
2,2692.0,0.03237466937204283,0.1434500079326738,13.551930535017716
2,2693.0,0.03237466937944216,0.14345000795028034,13.551930535681006
2,2694.0,0.032374669386833366,0.14345000796780355,13.551930536343566
2,2695.0,0.03237466939421643,0.14345000798524343,13.5519305370054
2,2696.0,0.03237466940159136,0.14345000800259997,13.551930537666504
2,2697.0,0.032374669408958154,0.14345000801987315,13.551930538326877
2,2698.0,0.032374669416316816,0.143450008037063,13.551930538986523
2,2699.0,0.03237466942366734,0.14345000805416952,13.551930539645435
2,2700.0,0.03237466943100972,0.1434500080711927,13.551930540303621
2,2701.0,0.03237466943834398,0.14345000808813255,13.551930540961079
2,2702.0,0.0323746694456701,0.14345000810498904,13.551930541617807
2,2703.0,0.03237466945298808,0.1434500081217622,13.551930542273805
2,2704.0,0.032374669460297927,0.14345000813845202,13.551930542929075
2,2705.0,0.03237466946759964,0.14345000815505848,13.551930543583614
2,2706.0,0.03237466947489322,0.14345000817158163,13.551930544237424
2,2707.0,0.03237466948217866,0.14345000818802142,13.551930544890503
2,2708.0,0.032374669489455964,0.1434500082043779,13.551930545542854
2,2709.0,0.032374669496725135,0.143450008220651,13.551930546194477
2,2710.0,0.032374669503986174,0.1434500082368408,13.551930546845373
2,2711.0,0.032374669511239074,0.1434500082529472,13.551930547495534
2,2712.0,0.03237466951848384,0.1434500082689703,13.551930548144968
2,2713.0,0.03237466952572047,0.14345000828491009,13.551930548793674
2,2714.0,0.032374669532948964,0.14345000830076649,13.551930549441652
2,2715.0,0.03237466954016932,0.14345000831653956,13.5519305500889
2,2716.0,0.032374669547381545,0.14345000833222932,13.551930550735419
2,2717.0,0.032374669554585636,0.14345000834783572,13.551930551381204
2,2718.0,0.03237466956178159,0.14345000836335878,13.551930552026265
2,2719.0,0.03237466956896941,0.1434500083787985,13.551930552670594
2,2720.0,0.03237466957614909,0.1434500083941549,13.551930553314195
2,2721.0,0.03237466958332064,0.14345000840942793,13.55193055395707
2,2722.0,0.03237466959048405,0.14345000842461764,13.551930554599206
2,2723.0,0.03237466959763933,0.143450008439724,13.551930555240622
2,2724.0,0.03237466960478647,0.143450008454747,13.551930555881304
2,2725.0,0.03237466961192548,0.1434500084696867,13.551930556521262
2,2726.0,0.03237466961905635,0.14345000848454303,13.551930557160485
2,2727.0,0.03237466962617908,0.14345000849931605,13.551930557798979
2,2728.0,0.03237466963329368,0.14345000851400572,13.551930558436748
2,2729.0,0.03237466964040015,0.14345000852861203,13.551930559073785
2,2730.0,0.03237466964749848,0.14345000854313503,13.551930559710092
2,2731.0,0.03237466965458868,0.14345000855757467,13.551930560345673
2,2732.0,0.032374669661670734,0.14345000857193096,13.551930560980523
2,2733.0,0.03237466966874466,0.14345000858620394,13.551930561614641
2,2734.0,0.032374669675810444,0.14345000860039356,13.55193056224803
2,2735.0,0.032374669682868104,0.14345000861449986,13.551930562880695
2,2736.0,0.03237466968991762,0.1434500086285228,13.551930563512625
2,2737.0,0.032374669696959,0.1434500086424624,13.55193056414383
2,2738.0,0.03237466970399225,0.14345000865631866,13.551930564774304
2,2739.0,0.032374669711017365,0.14345000867009158,13.551930565404048
2,2740.0,0.03237466971803434,0.1434500086837812,13.551930566033064
2,2741.0,0.03237466972504318,0.14345000869738744,13.551930566661353
2,2742.0,0.032374669732043886,0.14345000871091035,13.551930567288906
2,2743.0,0.03237466973903646,0.1434500087243499,13.551930567915734
2,2744.0,0.03237466974602089,0.14345000873770614,13.551930568541833
2,2745.0,0.032374669752997194,0.14345000875097902,13.551930569167201
2,2746.0,0.03237466975996536,0.14345000876416858,13.551930569791844
2,2747.0,0.03237466976692539,0.1434500087772748,13.551930570415752
2,2748.0,0.03237466977387728,0.14345000879029765,13.551930571038934
2,2749.0,0.03237466978082105,0.1434500088032372,13.551930571661385
2,2750.0,0.03237466978775667,0.14345000881609338,13.551930572283108
2,2751.0,0.03237466979468416,0.14345000882886624,13.551930572904105
2,2752.0,0.032374669801603514,0.14345000884155573,13.551930573524366
2,2753.0,0.03237466980851473,0.14345000885416193,13.5519305741439
2,2754.0,0.03237466981541781,0.14345000886668474,13.551930574762705
2,2755.0,0.03237466982231276,0.14345000887912424,13.551930575380783
2,2756.0,0.03237466982919957,0.1434500088914804,13.551930575998128
2,2757.0,0.03237466983607825,0.1434500089037532,13.55193057661475
2,2758.0,0.032374669842948796,0.14345000891594267,13.551930577230634
2,2759.0,0.0323746698498112,0.14345000892804882,13.551930577845795
2,2760.0,0.03237466985666547,0.14345000894007162,13.551930578460228
2,2761.0,0.032374669863511604,0.14345000895201107,13.551930579073927
2,2762.0,0.03237466987034961,0.14345000896386717,13.5519305796869
2,2763.0,0.03237466987717947,0.14345000897563995,13.55193058029914
2,2764.0,0.0323746698840012,0.1434500089873294,13.551930580910653
2,2765.0,0.0323746698908148,0.14345000899893548,13.55193058152144
2,2766.0,0.03237466989762026,0.14345000901045823,13.551930582131492
2,2767.0,0.03237466990441758,0.14345000902189767,13.551930582740818
2,2768.0,0.03237466991120677,0.14345000903325372,13.551930583349415
2,2769.0,0.032374669917987826,0.14345000904452648,13.551930583957283
2,2770.0,0.03237466992476074,0.14345000905571587,13.551930584564415
2,2771.0,0.032374669931525525,0.14345000906682193,13.551930585170828
2,2772.0,0.03237466993828217,0.14345000907784464,13.551930585776505
2,2773.0,0.03237466994503069,0.14345000908878403,13.551930586381456
2,2774.0,0.03237466995177106,0.14345000909964006,13.551930586985678
2,2775.0,0.032374669958503306,0.14345000911041275,13.551930587589167
2,2776.0,0.03237466996522741,0.14345000912110212,13.55193058819193
2,2777.0,0.03237466997194338,0.14345000913170813,13.551930588793963
2,2778.0,0.03237466997865122,0.14345000914223083,13.551930589395264
2,2779.0,0.03237466998535092,0.14345000915267017,13.551930589995843
2,2780.0,0.032374669992042485,0.14345000916302617,13.551930590595685
2,2781.0,0.032374669998725916,0.1434500091732988,13.5519305911948
2,2782.0,0.03237467000540121,0.14345000918348813,13.551930591793186
2,2783.0,0.03237467001206837,0.14345000919359413,13.551930592390844
2,2784.0,0.03237467001872739,0.14345000920361675,13.551930592987771
2,2785.0,0.032374670025378284,0.14345000921355608,13.551930593583968
2,2786.0,0.03237467003202103,0.14345000922341203,13.55193059417944
2,2787.0,0.03237467003865565,0.14345000923318466,13.551930594774179
2,2788.0,0.03237467004528213,0.14345000924287393,13.55193059536819
2,2789.0,0.032374670051900485,0.1434500092524799,13.55193059596147
2,2790.0,0.0323746700585107,0.1434500092620025,13.551930596554023
2,2791.0,0.03237467006511277,0.14345000927144175,13.551930597145848
2,2792.0,0.03237467007170672,0.14345000928079768,13.55193059773694
2,2793.0,0.03237467007829252,0.14345000929007026,13.551930598327303
2,2794.0,0.032374670084870195,0.1434500092992595,13.551930598916936
2,2795.0,0.03237467009143973,0.1434500093083654,13.551930599505848
2,2796.0,0.03237467009800113,0.14345000931738797,13.551930600094023
2,2797.0,0.032374670104554394,0.1434500093263272,13.551930600681471
2,2798.0,0.03237467011109953,0.1434500093351831,13.551930601268191
2,2799.0,0.03237467011763652,0.14345000934395563,13.551930601854178
2,2800.0,0.03237467012416538,0.14345000935264482,13.55193060243944
2,2801.0,0.0323746701306861,0.1434500093612507,13.551930603023967
2,2802.0,0.03237467013719869,0.14345000936977323,13.551930603607769
2,2803.0,0.03237467014370315,0.14345000937821242,13.551930604190842
2,2804.0,0.032374670150199465,0.14345000938656827,13.551930604773183
2,2805.0,0.03237467015668765,0.14345000939484076,13.551930605354798
2,2806.0,0.032374670163167696,0.14345000940302993,13.551930605935677
2,2807.0,0.03237467016963961,0.14345000941113575,13.551930606515834
2,2808.0,0.03237467017610338,0.14345000941915825,13.55193060709526
2,2809.0,0.032374670182559025,0.1434500094270974,13.551930607673956
2,2810.0,0.032374670189006534,0.14345000943495323,13.551930608251922
2,2811.0,0.032374670195445904,0.14345000944272568,13.551930608829162
2,2812.0,0.03237467020187714,0.1434500094504148,13.551930609405668
2,2813.0,0.03237467020830024,0.1434500094580206,13.551930609981449
2,2814.0,0.032374670214715205,0.14345000946554307,13.5519306105565
2,2815.0,0.03237467022112204,0.14345000947298217,13.551930611130821
2,2816.0,0.03237467022752073,0.14345000948033795,13.551930611704408
2,2817.0,0.03237467023391129,0.14345000948761039,13.551930612277273
2,2818.0,0.03237467024029372,0.14345000949479947,13.551930612849405
2,2819.0,0.03237467024666801,0.14345000950190523,13.551930613420808
2,2820.0,0.03237467025303416,0.14345000950892764,13.551930613991484
2,2821.0,0.032374670259392176,0.1434500095158667,13.55193061456143
2,2822.0,0.03237467026574206,0.14345000952272244,13.551930615130644
2,2823.0,0.03237467027208381,0.14345000952949483,13.55193061569913
2,2824.0,0.03237467027841742,0.1434500095361839,13.551930616266887
2,2825.0,0.0323746702847429,0.1434500095427896,13.551930616833916
2,2826.0,0.03237467029106024,0.14345000954931197,13.551930617400213
2,2827.0,0.03237467029736944,0.14345000955575102,13.551930617965784
2,2828.0,0.032374670303670514,0.1434500095621067,13.551930618530628
2,2829.0,0.03237467030996345,0.14345000956837906,13.551930619094735
2,2830.0,0.03237467031624825,0.14345000957456808,13.551930619658116
2,2831.0,0.03237467032252492,0.14345000958067375,13.551930620220771
2,2832.0,0.032374670328793445,0.1434500095866961,13.551930620782693
2,2833.0,0.03237467033505384,0.1434500095926351,13.551930621343889
2,2834.0,0.0323746703413061,0.14345000959849075,13.55193062190435
2,2835.0,0.032374670347550226,0.14345000960426305,13.551930622464086
2,2836.0,0.03237467035378622,0.14345000960995202,13.551930623023095
2,2837.0,0.03237467036001407,0.14345000961555768,13.55193062358137
2,2838.0,0.03237467036623379,0.14345000962107998,13.551930624138917
2,2839.0,0.03237467037244537,0.14345000962651894,13.551930624695736
2,2840.0,0.032374670378648815,0.14345000963187454,13.551930625251824
2,2841.0,0.03237467038484413,0.14345000963714682,13.551930625807186
2,2842.0,0.032374670391031306,0.14345000964233576,13.551930626361814
2,2843.0,0.03237467039721035,0.14345000964744137,13.551930626915716
2,2844.0,0.03237467040338125,0.14345000965246363,13.55193062746889
2,2845.0,0.032374670409544025,0.14345000965740254,13.551930628021333
2,2846.0,0.032374670415698664,0.14345000966225813,13.551930628573045
2,2847.0,0.032374670421845164,0.14345000966703036,13.551930629124028
2,2848.0,0.03237467042798353,0.14345000967171928,13.551930629674281
2,2849.0,0.03237467043411376,0.14345000967632485,13.551930630223813
2,2850.0,0.032374670440235856,0.14345000968084706,13.551930630772608
2,2851.0,0.03237467044634981,0.14345000968528593,13.551930631320673
2,2852.0,0.03237467045245564,0.14345000968964147,13.55193063186801
2,2853.0,0.03237467045855333,0.1434500096939137,13.55193063241462
2,2854.0,0.03237467046464288,0.14345000969810254,13.551930632960499
2,2855.0,0.0323746704707243,0.14345000970220806,13.55193063350565
2,2856.0,0.03237467047679758,0.14345000970623026,13.551930634050072
2,2857.0,0.03237467048286273,0.1434500097101691,13.551930634593763
2,2858.0,0.03237467048891974,0.1434500097140246,13.551930635136722
2,2859.0,0.03237467049496862,0.14345000971779676,13.551930635678957
2,2860.0,0.03237467050100936,0.14345000972148558,13.551930636220465
2,2861.0,0.032374670507041965,0.1434500097250911,13.551930636761234
2,2862.0,0.03237467051306644,0.14345000972861321,13.55193063730128
2,2863.0,0.03237467051908278,0.14345000973205202,13.551930637840597
2,2864.0,0.03237467052509098,0.1434500097354075,13.551930638379183
2,2865.0,0.03237467053109104,0.14345000973867963,13.55193063891704
2,2866.0,0.03237467053708297,0.14345000974186842,13.551930639454167
2,2867.0,0.032374670543066766,0.14345000974497385,13.55193063999057
2,2868.0,0.032374670549042424,0.14345000974799596,13.551930640526237
2,2869.0,0.03237467055500995,0.14345000975093472,13.551930641061182
2,2870.0,0.03237467056096934,0.14345000975379016,13.551930641595389
2,2871.0,0.032374670566920595,0.14345000975656225,13.551930642128871
2,2872.0,0.03237467057286371,0.143450009759251,13.551930642661622
2,2873.0,0.03237467057879869,0.1434500097618564,13.55193064319365
2,2874.0,0.03237467058472554,0.14345000976437847,13.551930643724942
2,2875.0,0.03237467059064426,0.1434500097668172,13.551930644255506
2,2876.0,0.032374670596554835,0.1434500097691726,13.551930644785344
2,2877.0,0.03237467060245727,0.14345000977144465,13.551930645314448
2,2878.0,0.03237467060835158,0.14345000977363337,13.551930645842829
2,2879.0,0.03237467061423775,0.14345000977573874,13.551930646370474
2,2880.0,0.032374670620115786,0.14345000977776076,13.551930646897391
2,2881.0,0.03237467062598569,0.14345000977969946,13.551930647423582
2,2882.0,0.03237467063184745,0.1434500097815548,13.55193064794904
2,2883.0,0.03237467063770108,0.1434500097833268,13.551930648473771
2,2884.0,0.03237467064354658,0.1434500097850155,13.551930648997773
2,2885.0,0.03237467064938394,0.1434500097866208,13.551930649521045
2,2886.0,0.03237467065521316,0.14345000978814282,13.551930650043587
2,2887.0,0.03237467066103425,0.14345000978958147,13.551930650565401
2,2888.0,0.032374670666847204,0.14345000979093678,13.551930651086485
2,2889.0,0.032374670672652026,0.14345000979220876,13.551930651606842
2,2890.0,0.03237467067844871,0.1434500097933974,13.551930652126469
2,2891.0,0.03237467068423725,0.14345000979450268,13.551930652645364
2,2892.0,0.03237467069001767,0.14345000979552464,13.551930653163534
2,2893.0,0.03237467069578994,0.14345000979646325,13.55193065368097
2,2894.0,0.03237467070155409,0.14345000979731853,13.55193065419768
2,2895.0,0.032374670707310094,0.14345000979809047,13.551930654713658
2,2896.0,0.03237467071305796,0.14345000979877906,13.55193065522891
2,2897.0,0.032374670718797696,0.14345000979938433,13.55193065574343
2,2898.0,0.0323746707245293,0.14345000979990624,13.55193065625722
2,2899.0,0.03237467073025276,0.1434500098003448,13.551930656770285
2,2900.0,0.03237467073596809,0.14345000980070005,13.551930657282616
2,2901.0,0.03237467074167529,0.14345000980097194,13.551930657794223
2,2902.0,0.03237467074737435,0.14345000980116052,13.551930658305096
2,2903.0,0.03237467075306527,0.14345000980126574,13.551930658815241
2,2904.0,0.032374670758748066,0.1434500098012876,13.551930659324656
2,2905.0,0.032374670764422714,0.14345000980122616,13.551930659833342
2,2906.0,0.03237467077008924,0.14345000980108136,13.5519306603413
2,2907.0,0.03237467077574762,0.1434500098008532,13.551930660848532
2,2908.0,0.032374670781397864,0.14345000980054173,13.551930661355028
2,2909.0,0.032374670787039976,0.1434500098001469,13.551930661860801
2,2910.0,0.032374670792673955,0.14345000979966874,13.551930662365839
2,2911.0,0.032374670798299796,0.14345000979910724,13.55193066287015
2,2912.0,0.0323746708039175,0.1434500097984624,13.551930663373733
2,2913.0,0.03237467080952708,0.14345000979773423,13.551930663876586
2,2914.0,0.032374670815128515,0.1434500097969227,13.551930664378713
2,2915.0,0.03237467082072181,0.14345000979602784,13.551930664880105
2,2916.0,0.032374670826306975,0.14345000979504965,13.55193066538077
2,2917.0,0.03237467083188401,0.14345000979398811,13.551930665880702
2,2918.0,0.0323746708374529,0.14345000979284325,13.551930666379912
2,2919.0,0.03237467084301366,0.143450009791615,13.55193066687839
2,2920.0,0.03237467084856629,0.14345000979030348,13.55193066737614
2,2921.0,0.032374670854110776,0.14345000978890857,13.551930667873156
2,2922.0,0.03237467085964713,0.14345000978743033,13.551930668369444
2,2923.0,0.03237467086517535,0.14345000978586875,13.551930668865003
2,2924.0,0.032374670870695434,0.14345000978422384,13.551930669359836
2,2925.0,0.03237467087620738,0.14345000978249559,13.551930669853936
2,2926.0,0.03237467088171119,0.143450009780684,13.551930670347309
2,2927.0,0.03237467088720687,0.14345000977878905,13.551930670839955
2,2928.0,0.03237467089269441,0.1434500097768108,13.551930671331867
2,2929.0,0.032374670898173814,0.14345000977474917,13.551930671823051
2,2930.0,0.03237467090364509,0.14345000977260422,13.551930672313508
2,2931.0,0.03237467090910823,0.14345000977037592,13.551930672803232
2,2932.0,0.032374670914563225,0.1434500097680643,13.55193067329223
2,2933.0,0.03237467092001009,0.14345000976566932,13.551930673780499
2,2934.0,0.03237467092544882,0.143450009763191,13.551930674268036
2,2935.0,0.032374670930879416,0.14345000976062935,13.551930674754846
2,2936.0,0.03237467093630188,0.14345000975798436,13.551930675240929
2,2937.0,0.0323746709417162,0.14345000975525604,13.551930675726275
2,2938.0,0.03237467094712239,0.14345000975244437,13.551930676210898
2,2939.0,0.03237467095252044,0.14345000974954936,13.55193067669479
2,2940.0,0.03237467095791036,0.14345000974657102,13.55193067717795
2,2941.0,0.03237467096329214,0.14345000974350933,13.551930677660383
2,2942.0,0.032374670968665795,0.1434500097403643,13.551930678142089
2,2943.0,0.0323746709740313,0.14345000973713593,13.551930678623062
2,2944.0,0.03237467097938868,0.1434500097338242,13.551930679103307
2,2945.0,0.032374670984737924,0.14345000973042915,13.551930679582826
2,2946.0,0.03237467099007903,0.14345000972695077,13.551930680061616
2,2947.0,0.032374670995412004,0.14345000972338903,13.551930680539671
2,2948.0,0.032374671000736835,0.14345000971974398,13.551930681016998
2,2949.0,0.03237467100605354,0.14345000971601557,13.551930681493602
2,2950.0,0.032374671011362106,0.1434500097122038,13.55193068196947
2,2951.0,0.03237467101666253,0.14345000970830873,13.551930682444612
2,2952.0,0.03237467102195483,0.1434500097043303,13.551930682919021
2,2953.0,0.03237467102723899,0.14345000970026855,13.551930683392701
2,2954.0,0.03237467103251501,0.14345000969612343,13.55193068386566
2,2955.0,0.0323746710377829,0.143450009691895,13.551930684337883
2,2956.0,0.032374671043042653,0.1434500096875832,13.551930684809376
2,2957.0,0.03237467104829427,0.14345000968318808,13.55193068528014
2,2958.0,0.03237467105353776,0.1434500096787096,13.551930685750177
2,2959.0,0.032374671058773105,0.1434500096741478,13.551930686219483
2,2960.0,0.03237467106400032,0.14345000966950266,13.55193068668806
2,2961.0,0.032374671069219395,0.1434500096647742,13.55193068715591
2,2962.0,0.03237467107443034,0.14345000965996235,13.55193068762303
2,2963.0,0.03237467107963314,0.14345000965506718,13.551930688089417
2,2964.0,0.03237467108482781,0.1434500096500887,13.551930688555078
2,2965.0,0.03237467109001435,0.14345000964502685,13.551930689020008
2,2966.0,0.03237467109519275,0.14345000963988166,13.551930689484209
2,2967.0,0.03237467110036302,0.14345000963465315,13.551930689947683
2,2968.0,0.032374671105525145,0.1434500096293413,13.551930690410428
2,2969.0,0.03237467111067914,0.14345000962394608,13.55193069087244
2,2970.0,0.032374671115825,0.14345000961846754,13.551930691333727
2,2971.0,0.03237467112096273,0.14345000961290566,13.551930691794281
2,2972.0,0.03237467112609231,0.14345000960726045,13.551930692254105
2,2973.0,0.03237467113121377,0.1434500096015319,13.551930692713205
2,2974.0,0.03237467113632709,0.14345000959572,13.55193069317157
2,2975.0,0.03237467114143227,0.14345000958982473,13.551930693629213
2,2976.0,0.03237467114652932,0.14345000958384616,13.551930694086119
2,2977.0,0.03237467115161823,0.14345000957778425,13.551930694542301
2,2978.0,0.03237467115669901,0.14345000957163898,13.551930694997752
2,2979.0,0.032374671161771645,0.1434500095654104,13.551930695452471
2,2980.0,0.03237467116683616,0.14345000955909845,13.551930695906462
2,2981.0,0.03237467117189253,0.14345000955270318,13.55193069635973
2,2982.0,0.03237467117694076,0.14345000954622456,13.551930696812262
2,2983.0,0.03237467118198086,0.1434500095396626,13.551930697264066
2,2984.0,0.03237467118701283,0.14345000953301731,13.55193069771514
2,2985.0,0.03237467119203666,0.14345000952628867,13.551930698165487
2,2986.0,0.032374671197052354,0.1434500095194767,13.551930698615102
2,2987.0,0.03237467120205991,0.14345000951258138,13.55193069906399
2,2988.0,0.032374671207059336,0.14345000950560272,13.551930699512148
2,2989.0,0.03237467121205063,0.14345000949854073,13.551930699959577
2,2990.0,0.03237467121703378,0.14345000949139539,13.551930700406277
2,2991.0,0.0323746712220088,0.14345000948416672,13.551930700852248
2,2992.0,0.03237467122697568,0.1434500094768547,13.551930701297488
2,2993.0,0.03237467123193443,0.14345000946945935,13.551930701741998
2,2994.0,0.03237467123688504,0.14345000946198067,13.551930702185782
2,2995.0,0.03237467124182752,0.14345000945441863,13.551930702628837
2,2996.0,0.03237467124676186,0.14345000944677325,13.55193070307116
2,2997.0,0.03237467125168807,0.14345000943904454,13.551930703512754
2,2998.0,0.03237467125660614,0.14345000943123248,13.551930703953621
2,2999.0,0.03237467126151607,0.1434500094233371,13.551930704393754
2,3000.0,0.032374671266417875,0.14345000941535835,13.551930704833163
3,0.0,-0.1276253291339754,-0.016549992777002753,-0.7907791820058553
3,1.0,-0.12885112430520188,-0.014737278845483691,-0.9006618349908141
3,2.0,-0.1300636993704608,-0.012938458671888491,-1.0093594120752007
3,3.0,-0.13126296949936855,-0.01115376968744904,-1.1168643088991486
3,4.0,-0.13244884899326806,-0.00938344788521071,-1.223168843269077
3,5.0,-0.13362126688311757,-0.007627712340307196,-1.3282666533826457
3,6.0,-0.13478015773227003,-0.0058867665666760965,-1.4321518733720924
3,7.0,-0.13592546992952204,-0.004160795695413251,-1.5348198767091916
3,8.0,-0.13705715106647465,-0.0024499871333067205,-1.6362659654035743
3,9.0,-0.1381751614016583,-0.0007545099814156063,-1.7364865769529443
3,10.0,-0.1392794682383282,0.0009254739609669179,-1.8354787803577783
3,11.0,-0.14037004956682106,0.002589833652424657,-1.9332406026292368
3,12.0,-0.14144688678416376,0.004238434963938788,-2.029770376160783
3,13.0,-0.1425099678808852,0.005871148392753057,-2.1250670244001726
3,14.0,-0.14355929087890443,0.0074878622138885055,-2.2191303700283944
3,15.0,-0.14459486132527455,0.009088493099430899,-2.311960910294033
3,16.0,-0.14561668608019457,0.010672942410211547,-2.4035592601586138
3,17.0,-0.14662478392915293,0.012241128337139676,-2.4939271035896993
3,18.0,-0.14761917990093817,0.013792994314367977,-2.583066684216363
3,19.0,-0.14859989854980687,0.015328480413277662,-2.6709802031297154
3,20.0,-0.14956697803635774,0.016847534594006425,-2.757671081119728
3,21.0,-0.15052046212666434,0.018350124497039554,-2.843143241461988
3,22.0,-0.15146039024988114,0.019836223113859994,-2.9274002186622625
3,23.0,-0.15238681818723068,0.021305807123119042,-3.0104470130573606
3,24.0,-0.1532998075280232,0.022758870390781356,-3.0922891456323245
3,25.0,-0.1541994103726644,0.024195411446240742,-3.1729312867684216
3,26.0,-0.15508569839403274,0.025615434556460207,-3.2523798613612707
3,27.0,-0.1559587493348624,0.027018959535249853,-3.3306418384201204
3,28.0,-0.1568186262027854,0.02840600605467384,-3.407722866071125
3,29.0,-0.15766541522300268,0.029776604107666794,-3.483630673708277
3,30.0,-0.15849920807971837,0.031130797816220825,-3.558373480081184
3,31.0,-0.15932007697053066,0.03246862468340408,-3.6319577571223682
3,32.0,-0.16012812197078158,0.03379013888951264,-3.7043924757792897
3,33.0,-0.16092344575021955,0.03509540604575928,-3.775686839567024
3,34.0,-0.16170612844933913,0.03638447890025474,-3.845848032434699
3,35.0,-0.16247628377288686,0.03765743488518803,-3.914886247095995
3,36.0,-0.16323402110894342,0.03891435667852159,-3.9828112893102987
3,37.0,-0.16397942889976583,0.04015531126064903,-4.0496310872128065
3,38.0,-0.1647126342270514,0.041380398658307664,-4.115357032652967
3,39.0,-0.1654337467078704,0.04258971161690326,-4.179998951917239
3,40.0,-0.16614286686304947,0.043783333840684266,-4.243565855887189
3,41.0,-0.16684013400799724,0.04496138669651354,-4.30607023306584
3,42.0,-0.16752564804213024,0.04612396193080337,-4.3675210386303505
3,43.0,-0.16819953121888295,0.047271168925865095,-4.427929231615339
3,44.0,-0.16886192533417035,0.04840314130540031,-4.487307522881228
3,45.0,-0.16951292520368783,0.049519970191104504,-4.545664411890562
3,46.0,-0.1701526738359769,0.05062179250850116,-4.603012718205953
3,47.0,-0.1707813034987898,0.05170874031575985,-4.659364298564853
3,48.0,-0.17139891731133514,0.05278091598737196,-4.71472839677282
3,49.0,-0.17200567494207195,0.05383848100488875,-4.769119325819735
3,50.0,-0.17260167994994957,0.054881543669617706,-4.822546368930358
3,51.0,-0.1731870699117942,0.055910245073450174,-4.875021858757823
3,52.0,-0.1737619947600635,0.05692474426526715,-4.9265592355379875
3,53.0,-0.1743265515381663,0.05792514448190881,-4.977167198429951
3,54.0,-0.17488090546955923,0.05891162246245141,-5.026860558384329
3,55.0,-0.17542516854486662,0.059884301454804785,-5.075649354457568
3,56.0,-0.17595947327390798,0.06084332496158259,-5.123545465086498
3,57.0,-0.17648397621019,0.06178886694090906,-5.170562924030639
3,58.0,-0.1769987720634831,0.06272103284998864,-5.216710221257227
3,59.0,-0.17750403342296994,0.06364001579141439,-5.262002827994819
3,60.0,-0.17799986028832698,0.0645459303428417,-5.3064497084080715
3,61.0,-0.17848639954179812,0.06543894222223047,-5.350064029305779
3,62.0,-0.17896379564251783,0.06631921835965197,-5.392858740284503
3,63.0,-0.17943214877128652,0.0671868738002318,-5.434842821745207
3,64.0,-0.17989163250757537,0.06804211027016507,-5.476031833687832
3,65.0,-0.18034233226666943,0.06888502810229931,-5.516433432903945
3,66.0,-0.18078441877596724,0.06971582698046773,-5.556062923728172
3,67.0,-0.18121799372520486,0.07053462844369512,-5.594929421825386
3,68.0,-0.18164319647362562,0.07134159666287733,-5.6330454196280355
3,69.0,-0.1820601678831081,0.07213690091449272,-5.670423544267711
3,70.0,-0.18246900591055368,0.07292065805824009,-5.707072576790744
3,71.0,-0.18286987860854673,0.07369307103984826,-5.743007581756247
3,72.0,-0.18326286369397923,0.07445423399472556,-5.778235525856925
3,73.0,-0.18364813716348274,0.07520436068392891,-5.81277218577165
3,74.0,-0.18402577305730095,0.07594354217109887,-5.846624198611262
3,75.0,-0.18439594063437,0.07667198519841727,-5.8798067370745715
3,76.0,-0.18475872239438484,0.07738979246020818,-5.912327196594
3,77.0,-0.1851142682194962,0.0780971480536051,-5.944199012895799
3,78.0,-0.1854626839587933,0.07879418445464623,-5.97543167449731
3,79.0,-0.1858040892202746,0.07948104960346697,-6.00603590329114
3,80.0,-0.18613861271587043,0.08015790524028037,-6.036023237263987
3,81.0,-0.18646635016697516,0.08082487066405694,-6.06540225706701
3,82.0,-0.18678744534653755,0.0814821273969188,-6.0941858507857685
3,83.0,-0.1871019776697172,0.08212977517274907,-6.122381137348955
3,84.0,-0.1874100993948208,0.08276800721668788,-6.150001765486046
3,85.0,-0.1877118789614302,0.08339691011730717,-6.17705387025369
3,86.0,-0.18800747255424127,0.08401668313418412,-6.2035514523504895
3,87.0,-0.18829694126275645,0.08462740409032991,-6.229499987957747
3,88.0,-0.1885804420863682,0.08522927436021482,-6.254913550805049
3,89.0,-0.1888580312755673,0.08582236604263356,-6.2797971832953134
3,90.0,-0.18912986436508056,0.08640687971083516,-6.304164827862657
3,91.0,-0.18939599479576613,0.08698288422347752,-6.328021275049099
3,92.0,-0.1896565745399269,0.08755057662323998,-6.351380147946175
3,93.0,-0.1899116564404712,0.0881100253012855,-6.3742461834945185
3,94.0,-0.19016138631154558,0.08866142034921137,-6.396632452756608
3,95.0,-0.19040581948121144,0.08920483365377291,-6.418543915447014
3,96.0,-0.19064509181225658,0.0897404433170159,-6.4399927505691394
3,97.0,-0.19087926577714964,0.09026833081946384,-6.460984558276057
3,98.0,-0.19110846158457784,0.0907886546519622,-6.481530114307285
3,99.0,-0.19133275580020237,0.0913015150996023,-6.501636282156961
3,100.0,-0.1915522446504962,0.0918070398459133,-6.521311687752476
3,101.0,-0.1917670287025146,0.0923053612452322,-6.540565346119417
3,102.0,-0.1919771686642211,0.09279656056576073,-6.559402699237199
3,103.0,-0.19218279396820684,0.09328080904623685,-6.577835349693953
3,104.0,-0.19238394014103474,0.09375815459068462,-6.595866482159572
3,105.0,-0.19258074934634345,0.094228786445631,-6.613508840457935
3,106.0,-0.19277324475504665,0.0946927358681927,-6.6307645016746175
3,107.0,-0.19296156880891321,0.09515019358067255,-6.647646234565633
3,108.0,-0.19314574769833842,0.09560119467846129,-6.66415638688873
3,109.0,-0.1933259058809958,0.09604590678616919,-6.680306115270784
3,110.0,-0.19350209409452568,0.09648439789718177,-6.696099967932133
3,111.0,-0.19367439408933426,0.0969167789125381,-6.711545273137501
3,112.0,-0.193842901419366,0.0973431785196787,-6.726650596527521
3,113.0,-0.1940076474561711,0.09776363972951006,-6.741418750308701
3,114.0,-0.19416876315604428,0.098178339968817,-6.75586147365691
3,115.0,-0.1943262610311619,0.09858729640530745,-6.769979888187864
3,116.0,-0.1944802657475373,0.09899067898142047,-6.783785169204425
3,117.0,-0.19463081145416924,0.09938853405112705,-6.797280377888974
3,118.0,-0.19477797458727464,0.09978096658737076,-6.810472366132016
3,119.0,-0.19492184354883788,0.10016809720276665,-6.823369058458635
3,120.0,-0.19506243744713225,0.10054995248914522,-6.835972167771445
3,121.0,-0.19519988084041673,0.10092670346013849,-6.848292859713998
3,122.0,-0.19533418510730857,0.10129836574997035,-6.860332154287587
3,123.0,-0.195465446149341,0.10166507190753886,-6.872098648291361
3,124.0,-0.19559372401917122,0.10202690453196664,-6.883597724961812
3,125.0,-0.19571904330758644,0.10238389803616085,-6.894831588664729
3,126.0,-0.195841520438398,0.10273621354077381,-6.905810675856023
3,127.0,-0.19596116071596917,0.10308385842650697,-6.9165354620290875
3,128.0,-0.19607805504593653,0.10342695937303577,-6.927014096141226
3,129.0,-0.19619225981385954,0.10376559460082192,-6.937251632703194
3,130.0,-0.19630379144261598,0.1040997873321455,-6.94724954389355
3,131.0,-0.1964127615585175,0.10442969341600612,-6.957017836111047
3,132.0,-0.19651917942602362,0.10475532574328729,-6.966557339839775
3,133.0,-0.19662310871495095,0.10507677392450333,-6.975873762565402
3,134.0,-0.19672462452290249,0.10539414308262543,-6.984973836182485
3,135.0,-0.19682372856676386,0.10570743579767278,-6.993857714595979
3,136.0,-0.1969205194753915,0.10601679110301038,-7.002534239087577
3,137.0,-0.19701502835811843,0.1063222526930394,-7.011006198358137
3,138.0,-0.19710727332996958,0.10662384645767466,-7.019275216273575
3,139.0,-0.1971973554885491,0.10692171534250683,-7.027350355418908
3,140.0,-0.19728528101264176,0.10721586804695873,-7.035232169672364
3,141.0,-0.19737109458702798,0.10750636835632771,-7.042924664664204
3,142.0,-0.19745487591010535,0.10779332933936736,-7.050434984713124
3,143.0,-0.19753662177181242,0.10807674648483971,-7.057762842062999
3,144.0,-0.19761640282618678,0.1083567208305105,-7.064914570278589
3,145.0,-0.19769426998212375,0.10863332490319184,-7.071894732931852
3,146.0,-0.19777022212321899,0.10890655720915171,-7.0787032299461465
3,147.0,-0.19784434091268066,0.10917653496014722,-7.085347381769599
3,148.0,-0.1979166598326233,0.10944330606175506,-7.091830189803795
3,149.0,-0.19798718037810167,0.10970687279409154,-7.0981517880683365
3,150.0,-0.19805598693449528,0.10996735679369242,-7.104319741032062
3,151.0,-0.19812310335779657,0.1102247923477315,-7.110336187192336
3,152.0,-0.19818853240745074,0.11047918357949553,-7.116201373911167
3,153.0,-0.1982523571125915,0.11073065072911399,-7.121922744080894
3,154.0,-0.19831459716550198,0.11097922223609744,-7.127502062955911
3,155.0,-0.19837525456501728,0.11122490112445037,-7.132939509715665
3,156.0,-0.19843440875458057,0.11146780301992246,-7.138242205824255
3,157.0,-0.19849207955938594,0.11170795670226524,-7.143411928450468
3,158.0,-0.1985482666366976,0.11194536176156915,-7.148448646870804
3,159.0,-0.19860304323164477,0.11218012537706969,-7.153358926920491
3,160.0,-0.19865643354308576,0.11241228287123725,-7.158144937832054
3,161.0,-0.1987084347958051,0.11264183022254018,-7.162806430829799
3,162.0,-0.19875910895860394,0.1128688586378693,-7.167348960917069
3,163.0,-0.19880848982486699,0.11309341772957199,-7.171775557398315
3,164.0,-0.19885657454528835,0.11331550330803415,-7.176085964856238
3,165.0,-0.19890340435788578,0.11353517647454607,-7.180283879946609
3,166.0,-0.19894902980311294,0.11375251187223673,-7.184373833213566
3,167.0,-0.1989934508809698,0.11396750950110614,-7.188355824657111
3,168.0,-0.19903668078826517,0.11418018911545362,-7.192231037264742
3,169.0,-0.1990787885138904,0.1143906532578871,-7.196005655334281
3,170.0,-0.19911977680428716,0.11459890600181931,-7.199679925062075
3,171.0,-0.19915964542005066,0.1148049470535218,-7.203253824987415
3,172.0,-0.1991984575221013,0.11500887094685402,-7.206733016977527
3,173.0,-0.19923623118890624,0.11521070469283842,-7.21011912162121
3,174.0,-0.19927296403861822,0.1154104447172261,-7.213411925405071
3,175.0,-0.1993086877382915,0.11560813879735483,-7.216614267025171
3,176.0,-0.1993434501392698,0.11580385893401715,-7.219730435968632
3,177.0,-0.19937725124155312,0.11599760512721305,-7.222760432235458
3,178.0,-0.19941009214366226,0.11618937909662927,-7.225704354299174
3,179.0,-0.19944203257525078,0.11637927140368862,-7.228567556441599
3,180.0,-0.19947308505364264,0.11656730100205087,-7.231351160739895
3,181.0,-0.19950324840633765,0.11675346610503991,-7.234055062088874
3,182.0,-0.19953254285609698,0.116937797658986,-7.2366810732960065
3,183.0,-0.19956101898291292,0.11712037285398294,-7.239233728449755
3,184.0,-0.19958867678678552,0.11730119169003075,-7.241713027550125
3,185.0,-0.1996155132764861,0.11748024958418904,-7.244118702457584
3,186.0,-0.19964157285176196,0.11765761487146388,-7.24645473325146
3,187.0,-0.19966688009812808,0.11783332535422292,-7.248723323824933
3,188.0,-0.19969143501558448,0.11800738103246616,-7.250924474178004
3,189.0,-0.1997152375333141,0.11817978181815667,-7.253058177962491
3,190.0,-0.19973833875884636,0.11835060697786368,-7.255129016556307
3,191.0,-0.199760750095331,0.11851987418720375,-7.257138012159876
3,192.0,-0.19978247154276804,0.11868758344617691,-7.259085164773199
3,193.0,-0.19980350602399655,0.11885373934083626,-7.260970736405236
3,194.0,-0.1998239039853795,0.1190184207800081,-7.262799249165652
3,195.0,-0.19984367102827258,0.11918163652272262,-7.264571205170817
3,196.0,-0.1998628071526758,0.11934338656897983,-7.266286604420737
3,197.0,-0.19988131595155148,0.11950367659097354,-7.267945768995509
3,198.0,-0.1998992454026375,0.11966258233161263,-7.269552999712469
3,199.0,-0.19991659952397178,0.11982011013421823,-7.271108656756315
3,200.0,-0.19993337831555436,0.11997625999879034,-7.272612740127058
3,201.0,-0.19994958337110774,0.12013103445228523,-7.274065392689062
3,202.0,-0.19996525984848312,0.12028450549543174,-7.275470662479561
3,203.0,-0.19998041329294022,0.1204366819726566,-7.276829046586378
3,204.0,-0.19999504370447907,0.12058756388395983,-7.278140545009512
3,205.0,-0.20000914947455503,0.12073714861608638,-7.279405013555909
3,206.0,-0.20002277041545283,0.120885500316878,-7.280626021075872
3,207.0,-0.20003591742051927,0.12103263655085239,-7.281804544070102
3,208.0,-0.20004859048975435,0.12117855731800956,-7.282940582538602
3,209.0,-0.20006078662915205,0.12132325772226212,-7.284033868092872
3,210.0,-0.20007253248921783,0.12146678116998617,-7.285086789735829
3,211.0,-0.20008385040501042,0.12160916409413734,-7.286101349625394
3,212.0,-0.20009474037652986,0.12175040649471564,-7.287077547761572
3,213.0,-0.2001052024037761,0.12189050837172104,-7.288015384144358
3,214.0,-0.2001152395039463,0.12202947463468426,-7.288915129241143
3,215.0,-0.20012488990912394,0.12216736841629466,-7.289780210249938
3,216.0,-0.2001341553521557,0.1223041925824207,-7.2906107825064685
3,217.0,-0.2001430358330416,0.12243994713306235,-7.291406846010742
3,218.0,-0.20015152838194844,0.12257462706765106,-7.292168134541151
3,219.0,-0.20015965819214404,0.12270827448303628,-7.292896906471018
3,220.0,-0.20016744311070217,0.12284091927986254,-7.293594761646598
3,221.0,-0.20017488313762286,0.12297256145812983,-7.294261700067888
3,222.0,-0.2001819782729061,0.12310320101783814,-7.294897721734893
3,223.0,-0.2001887271912887,0.12323283562931173,-7.295502707848451
3,224.0,-0.2001951621230374,0.12336152001965325,-7.296079547592089
3,225.0,-0.2002012894213851,0.12348926500418272,-7.296628810481912
3,226.0,-0.20020710908633182,0.12361607058290017,-7.297150496517913
3,227.0,-0.20021262111787755,0.12374193675580555,-7.297644605700101
3,228.0,-0.2002178263219551,0.1238668647899215,-7.298111210273843
3,229.0,-0.20022275633553788,0.12399090933151685,-7.2985531462387145
3,230.0,-0.20022741326240898,0.12411407402557788,-7.298970602181897
3,231.0,-0.2002317971025684,0.12423635887210459,-7.299363578103393
3,232.0,-0.2002359078560161,0.12435776387109697,-7.299732074003201
3,233.0,-0.20023974633106753,0.12447829029265424,-7.300076162340282
3,234.0,-0.20024334213913483,0.12459799022373699,-7.3003984975389615
3,235.0,-0.20024669679757695,0.12471686634325002,-7.300699215618239
3,236.0,-0.2002498103063938,0.12483491865119334,-7.300978316578106
3,237.0,-0.20025268266558544,0.12495214714756694,-7.301235800418564
3,238.0,-0.20025531270688354,0.12506854959651081,-7.301471562413781
3,239.0,-0.20025772722852886,0.12518417403854637,-7.301688004809953
3,240.0,-0.20025993003103895,0.12529902731697934,-7.301885468292834
3,241.0,-0.2002619211144138,0.12541310943180975,-7.302063952862426
3,242.0,-0.2002637004786534,0.12552642038303757,-7.302223458518725
3,243.0,-0.20026526540368975,0.12563895509870082,-7.302363741429566
3,244.0,-0.2002666351969594,0.12575074884854448,-7.3024865323509545
3,245.0,-0.20026782029890944,0.12586182083095002,-7.302592767184788
3,246.0,-0.20026882070953986,0.12597217104591737,-7.3026824459310635
3,247.0,-0.20026963642885068,0.1260817994934466,-7.302755568589781
3,248.0,-0.2002702674568419,0.12619070617353767,-7.302812135160944
3,249.0,-0.20027071439504077,0.1262988919699308,-7.302852199566619
3,250.0,-0.20027100110142812,0.12640640176941062,-7.302877900482404
3,251.0,-0.20027112784632659,0.1265132360835883,-7.302889262140552
3,252.0,-0.20027109462973616,0.12661939491246388,-7.302886284541062
3,253.0,-0.20027090145165688,0.12672487825603732,-7.302868967683934
3,254.0,-0.2002705460847564,0.12682968175027265,-7.302837111906781
3,255.0,-0.20027004022512052,0.12693382775864454,-7.30279176566939
3,256.0,-0.20026939694115925,0.12703734158887503,-7.302734100449338
3,257.0,-0.2002686162328726,0.1271402232409642,-7.302664116246627
3,258.0,-0.20026769810026057,0.12724247271491196,-7.302581813061257
3,259.0,-0.20026664254332316,0.12734409001071836,-7.302487190893231
3,260.0,-0.2002654471083333,0.12744507014011933,-7.302380029785696
3,261.0,-0.20026412540035735,0.12754543997849388,-7.302261549323156
3,262.0,-0.20026268671835953,0.1276452181109236,-7.3021325830827655
3,263.0,-0.20026113106233986,0.12774440453740843,-7.301993131064528
3,264.0,-0.20025945843229834,0.12784299925794837,-7.301843193268442
3,265.0,-0.20025766882823498,0.12794100227254346,-7.301682769694515
3,266.0,-0.2002557601446545,0.12803840915998324,-7.301511671602061
3,267.0,-0.2002537423760007,0.1281352402405011,-7.3013307949123885
3,268.0,-0.2002516261029285,0.12823151739293284,-7.301141088095888
3,269.0,-0.2002494113254378,0.1283272406172785,-7.3009425511525565
3,270.0,-0.20024709804352867,0.12842240991353798,-7.30073518408239
3,271.0,-0.20024468625720107,0.12851702528171138,-7.300518986885397
3,272.0,-0.20024217594290675,0.12861108667076385,-7.300293957450658
3,273.0,-0.20023956668037413,0.12870459279809296,-7.300060058104218
3,274.0,-0.2002368755087046,0.12879758022173468,-7.299818816264124
3,275.0,-0.20023410242789805,0.128890048941689,-7.299570231930363
3,276.0,-0.2002312474379546,0.1289819989579559,-7.299314305102949
3,277.0,-0.20022831053887416,0.12907343027053542,-7.299051035781872
3,278.0,-0.20022529173065678,0.12916434287942752,-7.298780423967139
3,279.0,-0.2002221888656072,0.1292547318405444,-7.298502277135184
3,280.0,-0.20021901198870326,0.12934461932784355,-7.298217495737275
3,281.0,-0.20021576803008584,0.12943402092313266,-7.297926701004662
3,282.0,-0.2002124569897549,0.12952293662641173,-7.297629892937341
3,283.0,-0.20020907886771044,0.12961136643768076,-7.297327071535312
3,284.0,-0.20020563366395247,0.12969931035693974,-7.297018236798572
3,285.0,-0.20020212137848095,0.12978676838418868,-7.296703388727125
3,286.0,-0.2001985398895194,0.12987373529785531,-7.296382337120813
3,287.0,-0.20019490063766693,0.12996023774817728,-7.2960561075370975
3,288.0,-0.20019120747007693,0.1300462848456133,-7.29572504484226
3,289.0,-0.20018746038674942,0.13013187659016337,-7.295389149036297
3,290.0,-0.2001836593876844,0.13021701298182747,-7.295048420119212
3,291.0,-0.20017980447288183,0.1303016940206056,-7.294702858091005
3,292.0,-0.20017589564234176,0.13038591970649777,-7.294352462951674
3,293.0,-0.2001719308987258,0.13046968486946361,-7.293997055655943
3,294.0,-0.2001679192714988,0.1305530116260095,-7.293637445622524
3,295.0,-0.20016386533927719,0.13063591143537287,-7.293274043287462
3,296.0,-0.20015976910206096,0.13071838429755378,-7.2929068486507544
3,297.0,-0.20015563055985014,0.13080043021255225,-7.292535861712407
3,298.0,-0.2001514497126447,0.13088204918036822,-7.292161082472417
3,299.0,-0.20014722656044467,0.13096324120100172,-7.291782510930782
3,300.0,-0.20014296030756631,0.131044004119079,-7.291400075760876
3,301.0,-0.20013865288596458,0.13112434252913346,-7.29101395014688
3,302.0,-0.200134313320733,0.13120428040185975,-7.290624943115656
3,303.0,-0.2001299416118716,0.13128381773725775,-7.290233054667206
3,304.0,-0.20012553775938033,0.13136295453532756,-7.289838284801529
3,305.0,-0.20012110176325923,0.13144169079606913,-7.289440633518623
3,306.0,-0.20011663362350826,0.13152002651948244,-7.289040100818487
3,307.0,-0.20011213334012748,0.13159796170556753,-7.2886366867011265
3,308.0,-0.2001075992681157,0.13167549146365695,-7.28823024370545
3,309.0,-0.20010303761486417,0.13175263302940296,-7.287821328274028
3,310.0,-0.2000984526352849,0.13182939860727444,-7.287410321825416
3,311.0,-0.20009384432937785,0.13190578819727136,-7.286997224359611
3,312.0,-0.20008921269714308,0.1319818017993937,-7.286582035876611
3,313.0,-0.20008455773858055,0.1320574394136415,-7.286164756376421
3,314.0,-0.20007987945369024,0.13213270104001476,-7.285745385859035
3,315.0,-0.2000751778424722,0.13220758667851348,-7.285323924324458
3,316.0,-0.20007045140863886,0.13228209147593786,-7.284900237642575
3,317.0,-0.20006570549628455,0.13235623147745368,-7.284474804868351
3,318.0,-0.20006094383539946,0.13243001831285242,-7.28404796036533
3,319.0,-0.20005616642598362,0.1325034519821341,-7.283619704133512
3,320.0,-0.20005137326803696,0.1325765324852987,-7.283190036172895
3,321.0,-0.20004656436155951,0.1326492598223462,-7.282758956483482
3,322.0,-0.20004173970655129,0.13272163399327666,-7.282326465065268
3,323.0,-0.20003689930301224,0.13279365499809,-7.281892561918255
3,324.0,-0.20003204261480292,0.13286532095775114,-7.281457198981866
3,325.0,-0.20002717043635043,0.13293663388755392,-7.281020447470077
3,326.0,-0.20002228895119056,0.13300761487459267,-7.280582861687017
3,327.0,-0.2000173981593233,0.13307826391886743,-7.2801444416326815
3,328.0,-0.20001249806074867,0.13314858102037816,-7.279705187307075
3,329.0,-0.20000758865546664,0.1332185661791249,-7.279265098710194
3,330.0,-0.2000026699434772,0.1332882193951076,-7.278824175842038
3,331.0,-0.1999977419247804,0.1333575406683263,-7.278382418702613
3,332.0,-0.1999928045993762,0.133426529998781,-7.277939827291911
3,333.0,-0.19998785679479567,0.133495182681555,-7.27749629650755
3,334.0,-0.19998290224210072,0.1335635122658053,-7.277052160809142
3,335.0,-0.19997794379072,0.1336315296574175,-7.276607675624995
3,336.0,-0.19997298144065354,0.1336992348563917,-7.276162840955109
3,337.0,-0.19996801519190127,0.13376662786272783,-7.2757176567994755
3,338.0,-0.19996304504446327,0.1338337086764259,-7.275272123158103
3,339.0,-0.19995807099833948,0.13390047729748594,-7.274826240030985
3,340.0,-0.19995309305352993,0.13396693372590793,-7.274380007418126
3,341.0,-0.1999481112100346,0.13403307796169187,-7.273933425319523
3,342.0,-0.1999431245008157,0.13409890559513904,-7.273486407048035
3,343.0,-0.19993813573541536,0.13416442801267062,-7.273039204456464
3,344.0,-0.19993314754594052,0.13422965663479994,-7.2725920534919695
3,345.0,-0.19992815993239113,0.13429459146152703,-7.272144954154547
3,346.0,-0.1999231728947672,0.13435923249285184,-7.271697906444199
3,347.0,-0.19991818643306872,0.13442357972877442,-7.271250910360925
3,348.0,-0.19991320054729572,0.13448763316929474,-7.270803965904722
3,349.0,-0.1999082152374482,0.13455139281441278,-7.270357073075598
3,350.0,-0.1999032305035261,0.1346148586641286,-7.269910231873541
3,351.0,-0.1998982463204168,0.13467803058922898,-7.269463440047415
3,352.0,-0.19989326187808473,0.13474090363140376,-7.269016624984054
3,353.0,-0.19988828165096784,0.13480350003729166,-7.268570187780743
3,354.0,-0.19988330563906617,0.13486581980689263,-7.268124128437491
3,355.0,-0.19987833384237969,0.1349278629402067,-7.2676784469542905
3,356.0,-0.1998733662609084,0.13498962943723383,-7.267233143331144
3,357.0,-0.19986840289465233,0.13505111929797406,-7.26678821756805
3,358.0,-0.19986344374361145,0.13511233252242738,-7.266343669665012
3,359.0,-0.19985848880778576,0.1351732691105938,-7.265899499622025
3,360.0,-0.1998535380871753,0.13523392906247328,-7.265455707439091
3,361.0,-0.1998485911703933,0.1352943098194788,-7.2650122562387125
3,362.0,-0.19984364873860958,0.13535441440122595,-7.264569207082262
3,363.0,-0.19983871342116583,0.13541425837618667,-7.264126795669025
3,364.0,-0.19983378521806205,0.13547384174436097,-7.263685021998999
3,365.0,-0.19982886412929823,0.13553316450574882,-7.263243886072185
3,366.0,-0.1998239501548744,0.1355922266603502,-7.262803387888585
3,367.0,-0.19981904329479053,0.13565102820816513,-7.262363527448198
3,368.0,-0.19981414354904664,0.13570956914919363,-7.261924304751021
3,369.0,-0.1998092509176427,0.13576784948343568,-7.261485719797058
3,370.0,-0.19980436540057878,0.1358258692108913,-7.261047772586307
3,371.0,-0.19979948694183397,0.1358836279090475,-7.260610458096955
3,372.0,-0.19979461509532476,0.1359411211956093,-7.260173736341207
3,373.0,-0.19978975261361062,0.13599836887687994,-7.259737854063822
3,374.0,-0.1997848994966915,0.13605537095285944,-7.259302811264799
3,375.0,-0.19978005574456742,0.1361121274235478,-7.258868607944138
3,376.0,-0.1997752213572384,0.13616863828894502,-7.258435244101846
3,377.0,-0.19977039633470445,0.1362249035490511,-7.258002719737914
3,378.0,-0.1997655806769655,0.13628092320386603,-7.2575710348523454
3,379.0,-0.19976077438402162,0.13633669725338982,-7.257140189445139
3,380.0,-0.19975597745587279,0.13639222569762244,-7.256710183516297
3,381.0,-0.199751189892519,0.13644750853656393,-7.25628101706582
3,382.0,-0.19974641126219703,0.13650254137481382,-7.255852651389617
3,383.0,-0.19974164270431402,0.13655733354046576,-7.255425188626343
3,384.0,-0.19973688520004618,0.1366118941684983,-7.25499871673054
3,385.0,-0.19973213874939347,0.1366662232589114,-7.254573235702207
3,386.0,-0.1997274033523559,0.13672032081170507,-7.254148745541336
3,387.0,-0.19972267900893348,0.1367741868268793,-7.253725246247939
3,388.0,-0.19971796571912617,0.1368278213044341,-7.253302737822002
3,389.0,-0.19971326348293403,0.13688122424436946,-7.252881220263536
3,390.0,-0.19970857230035702,0.13693439564668541,-7.252460693572538
3,391.0,-0.19970389217139514,0.13698733551138195,-7.252041157749005
3,392.0,-0.19969922309604843,0.13704004383845902,-7.251622612792943
3,393.0,-0.19969456475674738,0.13709251614230863,-7.251205030236803
3,394.0,-0.19968991801508787,0.13714476174581677,-7.250788487315712
3,395.0,-0.19968528353598433,0.13719678903190458,-7.250373043633884
3,396.0,-0.19968066131943676,0.13724859800057204,-7.249958699191321
3,397.0,-0.19967605136544517,0.13730018865181917,-7.249545453988024
3,398.0,-0.1996714536740095,0.137351560985646,-7.249133308023989
3,399.0,-0.19966686824512986,0.1374027150020525,-7.248722261299219
3,400.0,-0.19966229507880615,0.13745365070103865,-7.248312313813711
3,401.0,-0.1996577341750384,0.1375043680826045,-7.24790346556747
3,402.0,-0.19965318553382663,0.13755486714675,-7.24749571656049
3,403.0,-0.1996486491551708,0.13760514789347517,-7.247089066792775
3,404.0,-0.1996441249807469,0.13765520914549956,-7.246683511036043
3,405.0,-0.1996396129942067,0.13770504848410633,-7.246279047824809
3,406.0,-0.1996351140749932,0.1377546819563035,-7.245875755994048
3,407.0,-0.19963062822310637,0.13780410956209108,-7.2454736355437515
3,408.0,-0.19962615543854625,0.137853331301469,-7.2450726864739305
3,409.0,-0.19962169572131283,0.13790234717443736,-7.244672908784578
3,410.0,-0.1996172490714061,0.13795115718099613,-7.244274302475697
3,411.0,-0.19961281548882606,0.13799976132114525,-7.243876867547286
3,412.0,-0.19960839497357272,0.13804815959488478,-7.2434806039993465
3,413.0,-0.19960398752564606,0.1380963520022147,-7.243085511831874
3,414.0,-0.1995995931450461,0.13814433854313504,-7.242691591044878
3,415.0,-0.19959521183177287,0.13819211921764574,-7.242298841638351
3,416.0,-0.19959084350511153,0.13823969072286096,-7.241907256376865
3,417.0,-0.19958648839319695,0.13828705743365938,-7.241516855710873
3,418.0,-0.19958214681823078,0.13833423003003054,-7.241127668523144
3,419.0,-0.199577818780213,0.13838120851197444,-7.24073969481369
3,420.0,-0.19957350427914358,0.13842799287949112,-7.240352934582499
3,421.0,-0.1995692033150226,0.13847458313258051,-7.239967387829585
3,422.0,-0.19956491588784997,0.13852097927124268,-7.239583054554934
3,423.0,-0.19956064199762574,0.1385671812954776,-7.239199934758554
3,424.0,-0.19955638164434994,0.13861318920528526,-7.238818028440444
3,425.0,-0.1995521348280225,0.13865900300066566,-7.238437335600603
3,426.0,-0.19954790154864346,0.13870462268161884,-7.23805785623903
3,427.0,-0.19954368180621282,0.13875004824814477,-7.237679590355728
3,428.0,-0.19953947559182342,0.13879527793892116,-7.237302537152241
3,429.0,-0.19953528298291126,0.13884031094844523,-7.236926703570082
3,430.0,-0.1995311041073052,0.13888516095866726,-7.236552101068077
3,431.0,-0.1995269389650052,0.1389298279695873,-7.23617872964622
3,432.0,-0.1995227875560113,0.13897431198120533,-7.23580658930452
3,433.0,-0.1995186498803235,0.13901861299352133,-7.235435680042973
3,434.0,-0.19951452593794175,0.13906273100653532,-7.235066001861575
3,435.0,-0.19951041572886608,0.13910666602024732,-7.23469755476033
3,436.0,-0.1995063192530965,0.13915041803465727,-7.234330338739244
3,437.0,-0.199502236510633,0.1391939870497652,-7.233964353798305
3,438.0,-0.1994981675014756,0.13923737306557116,-7.233599599937517
3,439.0,-0.19949411222562424,0.13928057608207509,-7.233236077156883
3,440.0,-0.19949007068307897,0.139323596099277,-7.232873785456401
3,441.0,-0.19948604295558608,0.13936642810918265,-7.23251273216397
3,442.0,-0.1994820289960759,0.1394090823629556,-7.232152913060169
3,443.0,-0.19947802874750487,0.1394515641501966,-7.231794323031505
3,444.0,-0.19947404220987294,0.1394938734709057,-7.231436962077979
3,445.0,-0.19947006938318018,0.13953601032508287,-7.231080830199591
3,446.0,-0.19946611026742656,0.13957797471272812,-7.230725927396335
3,447.0,-0.19946216486261206,0.13961976663384146,-7.230372253668218
3,448.0,-0.19945823316873673,0.13966138608842288,-7.230019809015238
3,449.0,-0.1994543151858005,0.13970283307647238,-7.229668593437392
3,450.0,-0.19945041091380344,0.13974410759798994,-7.229318606934686
3,451.0,-0.19944652035274552,0.1397852096529756,-7.2289698495071155
3,452.0,-0.19944264350262675,0.13982613924142934,-7.2286223211546865
3,453.0,-0.1994387803634471,0.13986689636335117,-7.228276021877385
3,454.0,-0.19943493110304328,0.1399074757755068,-7.227930966720433
3,455.0,-0.19943109547498242,0.1399478884652447,-7.227587133593102
3,456.0,-0.19942727336400545,0.13998813868618207,-7.227244512163347
3,457.0,-0.19942346477011239,0.14002822643831894,-7.226903102431169
3,458.0,-0.19941966969330324,0.1400681517216553,-7.226562904396571
3,459.0,-0.19941588813357802,0.14010791453619115,-7.226223918059554
3,460.0,-0.19941212009093667,0.14014751488192648,-7.225886143420112
3,461.0,-0.19940836556537925,0.1401869527588613,-7.2255495804782495
3,462.0,-0.19940462455690575,0.14022622816699562,-7.225214229233964
3,463.0,-0.19940089706551611,0.14026534110632943,-7.2248800896872565
3,464.0,-0.19939718309121043,0.14030429157686272,-7.22454716183813
3,465.0,-0.19939348263398862,0.1403430795785955,-7.224215445686578
3,466.0,-0.19938979569385074,0.14038170511152775,-7.223884941232605
3,467.0,-0.19938612241053624,0.14042016493449888,-7.22355566100273
3,468.0,-0.1993824626851665,0.14045846266481748,-7.223227596133276
3,469.0,-0.19937881615174813,0.14049660742977332,-7.2229007138158945
3,470.0,-0.19937518281028113,0.14053459922936637,-7.222575014050576
3,471.0,-0.19937156266076553,0.14057243806359665,-7.22225049683733
3,472.0,-0.19936795570320132,0.14061012393246414,-7.221927162176153
3,473.0,-0.1993643619375885,0.14064765683596883,-7.22160501006705
3,474.0,-0.19936078136392704,0.14068503677411076,-7.221284040510012
3,475.0,-0.19935721398221698,0.14072226374688993,-7.220964253505043
3,476.0,-0.19935365979245828,0.1407593377543063,-7.22064564905214
3,477.0,-0.199350118794651,0.14079625879635987,-7.220328227151313
3,478.0,-0.1993465909887951,0.1408330268730507,-7.220011987802552
3,479.0,-0.19934307637489057,0.1408696419843787,-7.21969693100586
3,480.0,-0.19933957495293742,0.14090610413034396,-7.219383056761235
3,481.0,-0.1993360870040774,0.1409424082488749,-7.2190703902707725
3,482.0,-0.19933261204609268,0.14097856420707572,-7.218758888307527
3,483.0,-0.1993291498573064,0.14101457624393254,-7.21844853099996
3,484.0,-0.1993257004377186,0.1410504443594454,-7.218139318348074
3,485.0,-0.19932226378732923,0.14108616855361425,-7.2178312503518605
3,486.0,-0.1993188399061383,0.14112174882643913,-7.2175243270113265
3,487.0,-0.19931542879414582,0.14115718517792003,-7.217218548326467
3,488.0,-0.1993120304513518,0.14119247760805695,-7.2169139142972885
3,489.0,-0.1993086448777562,0.14122762611684989,-7.216610424923784
3,490.0,-0.19930527207335907,0.14126263070429884,-7.216308080205958
3,491.0,-0.19930191203816042,0.14129749137040384,-7.216006880143815
3,492.0,-0.19929856477216018,0.14133220811516484,-7.2157068247373415
3,493.0,-0.1992952302753584,0.14136678093858185,-7.2154079139865495
3,494.0,-0.19929190854775505,0.1414012098406549,-7.215110147891435
3,495.0,-0.19928859988786718,0.14143549017009432,-7.2148135532116395
3,496.0,-0.19928530381708126,0.14146963012832353,-7.214518087043323
3,497.0,-0.19928202002283232,0.14150363477955927,-7.214223721367553
3,498.0,-0.19927874850512037,0.14153750412380153,-7.213930456184336
3,499.0,-0.19927548926394542,0.1415712381610503,-7.213638291493673
3,500.0,-0.19927224229930746,0.1416048368913056,-7.213347227295555
3,501.0,-0.19926900761120647,0.14163830031456742,-7.213057263589986
3,502.0,-0.19926578519964247,0.14167162843083575,-7.21276840037697
3,503.0,-0.19926257506461545,0.1417048212401106,-7.212480637656503
3,504.0,-0.19925937720612544,0.141737878742392,-7.212193975428586
3,505.0,-0.1992561916241724,0.14177080093767988,-7.21190841369322
3,506.0,-0.19925301831875636,0.1418035878259743,-7.2116239524504
3,507.0,-0.1992498572898773,0.14183623940727522,-7.211340591700131
3,508.0,-0.19924670853753523,0.1418687556815827,-7.211058331442416
3,509.0,-0.19924357216150276,0.14190113523240644,-7.210777180621059
3,510.0,-0.19924044833001608,0.14193337598213995,-7.210497154317079
3,511.0,-0.19923733623495196,0.1419654896349331,-7.210218180088746
3,512.0,-0.19923423587631042,0.14199747619078587,-7.209940257936063
3,513.0,-0.19923114725409144,0.14202933564969822,-7.209663387859024
3,514.0,-0.19922807036829504,0.1420610680116702,-7.209387569857634
3,515.0,-0.1992250052189212,0.14209267327670183,-7.209112803931895
3,516.0,-0.1992219518059699,0.14212415144479304,-7.208839090081795
3,517.0,-0.1992189101294412,0.14215550251594386,-7.208566428307348
3,518.0,-0.19921588018933506,0.14218672649015432,-7.208294818608548
3,519.0,-0.19921286198565147,0.1422178233674244,-7.208024260985392
3,520.0,-0.19920985551839046,0.14224879314775407,-7.207754755437886
3,521.0,-0.19920686078755204,0.14227963583114336,-7.20748630196603
3,522.0,-0.19920387779313614,0.14231035141759227,-7.207218900569815
3,523.0,-0.19920090653514283,0.14234093990710078,-7.206952551249251
3,524.0,-0.19919794723850537,0.1423713983747464,-7.206687274167788
3,525.0,-0.19919499973937613,0.14240172923192781,-7.206423054637809
3,526.0,-0.19919206340701612,0.14243194081962696,-7.20615983611865
3,527.0,-0.19918913824142537,0.1424620331378438,-7.205897618610312
3,528.0,-0.19918622424260382,0.1424920061865784,-7.205636402112791
3,529.0,-0.1991833214105515,0.14252185996583072,-7.205376186626089
3,530.0,-0.19918042974526842,0.14255159447560076,-7.205116972150205
3,531.0,-0.1991775492467546,0.1425812097158885,-7.204858758685143
3,532.0,-0.19917467991500998,0.14261070568669398,-7.204601546230895
3,533.0,-0.1991718217500346,0.1426400823880172,-7.204345334787471
3,534.0,-0.19916897475182846,0.14266933981985813,-7.204090124354866
3,535.0,-0.19916613892039153,0.1426984779822168,-7.20383591493308
3,536.0,-0.19916331425572387,0.14272749687509317,-7.203582706522113
3,537.0,-0.1991605007578254,0.14275639649848726,-7.2033304991219635
3,538.0,-0.19915769842669617,0.1427851768523991,-7.2030792927326335
3,539.0,-0.19915490737821842,0.1428138365148342,-7.202829097742031
3,540.0,-0.19915212779114247,0.1428423734560429,-7.202579930173683
3,541.0,-0.1991493587857143,0.1428707985913166,-7.202331711164732
3,542.0,-0.19914660036193393,0.14289911192065533,-7.202084440715183
3,543.0,-0.19914385251980138,0.14292731344405904,-7.201838118825038
3,544.0,-0.1991411152593166,0.14295540316152777,-7.20159274549429
3,545.0,-0.19913838858047964,0.14298338107306152,-7.2013483207229445
3,546.0,-0.19913567248329048,0.14301124717866026,-7.201104844511001
3,547.0,-0.1991329669677491,0.14303900147832405,-7.200862316858454
3,548.0,-0.1991302720338555,0.14306664397205282,-7.200620737765307
3,549.0,-0.19912758768160974,0.1430941746598466,-7.200380107231568
3,550.0,-0.19912491391101175,0.1431215935417054,-7.200140425257222
3,551.0,-0.19912225072206155,0.14314890061762922,-7.19990169184228
3,552.0,-0.19911959811475918,0.14317609588761804,-7.199663906986741
3,553.0,-0.19911695608910457,0.14320317935167187,-7.1994270706905965
3,554.0,-0.1991143246450978,0.14323015100979072,-7.199191182953859
3,555.0,-0.19911170416244156,0.1432570064419363,-7.198956277813812
3,556.0,-0.19910909404736182,0.14328375276062646,-7.198722302043397
3,557.0,-0.19910649392421886,0.14331039438926105,-7.1984892219695436
3,558.0,-0.19910390379301268,0.14333693132784006,-7.198257037592256
3,559.0,-0.1991013236537433,0.14336336357636348,-7.198025748911533
3,560.0,-0.19909875350641074,0.14338969113483135,-7.197795355927375
3,561.0,-0.19909619335101494,0.14341591400324363,-7.19756585863978
3,562.0,-0.19909364318755593,0.14344203218160037,-7.1973372570487495
3,563.0,-0.19909110301603372,0.1434680456699015,-7.1971095511542815
3,564.0,-0.1990885728364483,0.14349395446814708,-7.196882740956379
3,565.0,-0.19908605264879967,0.1435197585763371,-7.196656826455038
3,566.0,-0.19908354245308782,0.14354545799447152,-7.196431807650263
3,567.0,-0.19908104224931278,0.14357105272255039,-7.196207684542055
3,568.0,-0.19907855203747452,0.14359654276057368,-7.195984457130408
3,569.0,-0.19907607181757306,0.14362192810854138,-7.195762125415325
3,570.0,-0.19907360158960838,0.14364720876645354,-7.195540689396804
3,571.0,-0.19907114176695628,0.14367238008462538,-7.195320186130657
3,572.0,-0.19906869166590357,0.14369744991164632,-7.195100554327501
3,573.0,-0.19906625097075842,0.14372242183111855,-7.194881765688118
3,574.0,-0.19906381968152081,0.14374729584304205,-7.194663820212502
3,575.0,-0.19906139779819074,0.14377207194741687,-7.19444671790065
3,576.0,-0.19905898532076824,0.14379675014424298,-7.19423045875257
3,577.0,-0.1990565822492533,0.14382133043352038,-7.194015042768258
3,578.0,-0.19905418858364587,0.14384581281524908,-7.193800469947712
3,579.0,-0.19905180432394604,0.14387019728942907,-7.193586740290936
3,580.0,-0.19904942947015375,0.14389448385606035,-7.1933738537979295
3,581.0,-0.199047064022269,0.1439186725151429,-7.193161810468688
3,582.0,-0.1990447079802918,0.14394276326667677,-7.192950610303217
3,583.0,-0.19904236134422218,0.14396675611066193,-7.192740253301514
3,584.0,-0.19904002411406008,0.14399065104709838,-7.1925307394635745
3,585.0,-0.19903769628980555,0.1440144480759861,-7.1923220687894105
3,586.0,-0.19903537787145856,0.14403814719732513,-7.1921142412790084
3,587.0,-0.19903306909946886,0.1440617457659297,-7.191907278486759
3,588.0,-0.199030769837287,0.14408524536607917,-7.191701168172098
3,589.0,-0.1990284794048396,0.14410865352057453,-7.191495849371933
3,590.0,-0.19902619780212655,0.14413197022941573,-7.191291322086256
3,591.0,-0.19902392502914795,0.1441551954926028,-7.191087586315072
3,592.0,-0.19902166108590372,0.14417832931013574,-7.190884642058381
3,593.0,-0.19901940597239393,0.14420137168201455,-7.19068248931618
3,594.0,-0.19901715968861852,0.14422432260823922,-7.19048112808847
3,595.0,-0.19901492223457753,0.14424718208880974,-7.190280558375254
3,596.0,-0.19901269361027096,0.14426995012372615,-7.1900807801765305
3,597.0,-0.19901047381569878,0.1442926267129884,-7.189881793492294
3,598.0,-0.199008262850861,0.14431521185659654,-7.189683598322554
3,599.0,-0.19900606071575763,0.14433770555455053,-7.189486194667301
3,600.0,-0.19900386741038867,0.14436010780685038,-7.189289582526542
3,601.0,-0.19900168293475412,0.1443824186134961,-7.189093761900273
3,602.0,-0.198999507288854,0.1444046379744877,-7.188898732788499
3,603.0,-0.19899734047268824,0.14442676588982514,-7.188704495191213
3,604.0,-0.1989951828793815,0.14444879812658626,-7.188511084348871
3,605.0,-0.19899303391936338,0.14447074111617783,-7.188318447411238
3,606.0,-0.19899089322727373,0.14449259881295973,-7.188126551626724
3,607.0,-0.1989887608031125,0.14451437121693197,-7.187935396995328
3,608.0,-0.19898663664687977,0.14453605832809457,-7.187744983517051
3,609.0,-0.19898452075857545,0.14455766014644753,-7.18755531119189
3,610.0,-0.1989824131381996,0.14457917667199083,-7.187366380019846
3,611.0,-0.19898031378575215,0.14460060790472448,-7.187178190000916
3,612.0,-0.1989782227012332,0.1446219538446485,-7.1869907411351095
3,613.0,-0.19897613988464266,0.14464321449176284,-7.186804033422419
3,614.0,-0.1989740653359806,0.14466438984606753,-7.186618066862845
3,615.0,-0.19897199905524698,0.1446854799075626,-7.186432841456391
3,616.0,-0.19896994104244178,0.14470648467624797,-7.186248357203048
3,617.0,-0.19896789129756506,0.14472740415212373,-7.186064614102828
3,618.0,-0.1989658498206168,0.14474823833518982,-7.185881612155728
3,619.0,-0.19896381661159696,0.14476898722544626,-7.185699351361739
3,620.0,-0.19896179167050557,0.14478965082289305,-7.185517831720869
3,621.0,-0.1989597753207294,0.14481022569271795,-7.185337082222135
3,622.0,-0.19895776719406044,0.14483071580035967,-7.185157069858657
3,623.0,-0.19895576679108995,0.1448511264696211,-7.1849777498624645
3,624.0,-0.1989537741118179,0.14487145770050222,-7.184799122233555
3,625.0,-0.19895178915624429,0.1448917094930031,-7.1846211869719365
3,626.0,-0.1989498119243691,0.14491188184712364,-7.1844439440776
3,627.0,-0.1989478424161924,0.14493197476286393,-7.184267393550551
3,628.0,-0.19894588063171414,0.1449519882402239,-7.184091535390793
3,629.0,-0.19894392657093432,0.1449719222792036,-7.183916369598317
3,630.0,-0.19894198023385298,0.14499177687980302,-7.18374189617313
3,631.0,-0.19894004162047005,0.14501155204202215,-7.183568115115226
3,632.0,-0.1989381107307856,0.145031247765861,-7.183395026424614
3,633.0,-0.19893618756479958,0.14505086405131953,-7.183222630101283
3,634.0,-0.198934272122512,0.14507040089839782,-7.183050926145237
3,635.0,-0.19893236440392287,0.14508985830709578,-7.182879914556482
3,636.0,-0.1989304644090322,0.14510923627741348,-7.182709595335011
3,637.0,-0.19892857213784,0.1451285348093509,-7.18253996848083
3,638.0,-0.1989266875903462,0.145147753902908,-7.182371033993933
3,639.0,-0.1989248112793356,0.14516688818255144,-7.182202837841337
3,640.0,-0.19892294222924228,0.1451859479406749,-7.182035292571428
3,641.0,-0.19892108037839487,0.14520493382635113,-7.181868392655863
3,642.0,-0.19891922572679335,0.14522384583958012,-7.181702138094644
3,643.0,-0.19891737827443773,0.14524268398036186,-7.1815365288877695
3,644.0,-0.198915538021328,0.14526144824869638,-7.181371565035238
3,645.0,-0.19891370496746416,0.14528013864458364,-7.18120724653705
3,646.0,-0.19891187911284622,0.14529875516802365,-7.181043573393203
3,647.0,-0.19891006045747417,0.1453172978190164,-7.180880545603704
3,648.0,-0.19890824900134804,0.14533576659756192,-7.1807181631685495
3,649.0,-0.19890644474446778,0.1453541615036602,-7.180556426087734
3,650.0,-0.19890464768683344,0.14537248253731125,-7.180395334361267
3,651.0,-0.198902857828445,0.14539072969851505,-7.180234887989143
3,652.0,-0.19890107516930242,0.1454089029872716,-7.18007508697136
3,653.0,-0.19889929970940576,0.1454270024035809,-7.179915931307926
3,654.0,-0.198897531448755,0.14544502794744296,-7.1797574209988335
3,655.0,-0.19889577038735015,0.1454629796188578,-7.179599556044086
3,656.0,-0.19889401652519118,0.14548085741782535,-7.1794423364436835
3,657.0,-0.1988922703749453,0.14549865601171239,-7.179285808154101
3,658.0,-0.19889053096906112,0.14551638551534896,-7.179129884442166
3,659.0,-0.19888879825917902,0.14553404643334175,-7.178974560972825
3,660.0,-0.198887072245299,0.14555163876569074,-7.178819837746077
3,661.0,-0.19888535292742107,0.14556916251239593,-7.178665714761921
3,662.0,-0.19888364030554523,0.14558661767345735,-7.17851219202036
3,663.0,-0.19888193437967147,0.14560400424887496,-7.178359269521395
3,664.0,-0.1988802351497998,0.14562132223864876,-7.178206947265021
3,665.0,-0.1988785426159302,0.1456385716427788,-7.178055225251242
3,666.0,-0.1988768567780627,0.145655752461265,-7.17790410348006
3,667.0,-0.19887517763619725,0.14567286469410745,-7.177753581951469
3,668.0,-0.19887350519033392,0.14568990834130607,-7.177603660665475
3,669.0,-0.19887183944047265,0.14570688340286092,-7.177454339622071
3,670.0,-0.1988701803866135,0.14572378987877196,-7.177305618821268
3,671.0,-0.1988685280287564,0.1457406277690392,-7.177157498263051
3,672.0,-0.1988668823669014,0.14575739707366267,-7.177009977947431
3,673.0,-0.1988652434010485,0.14577409779264233,-7.176863057874409
3,674.0,-0.19886361113119766,0.1457907299259782,-7.176716738043978
3,675.0,-0.19886198588189105,0.1458072901127909,-7.176571047548727
3,676.0,-0.19886036728622483,0.1458237821778891,-7.176425953498685
3,677.0,-0.19885875490537458,0.1458402106739568,-7.176281416556782
3,678.0,-0.19885714873934032,0.14585657560099402,-7.176137436723022
3,679.0,-0.1988555487881221,0.14587287695900072,-7.175994013997404
3,680.0,-0.19885395505171982,0.14588911474797697,-7.175851148379927
3,681.0,-0.19885236753013355,0.1459052889679227,-7.1757088398705875
3,682.0,-0.1988507862233633,0.14592139961883793,-7.175567088469394
3,683.0,-0.19884921113140902,0.14593744670072267,-7.17542589417634
3,684.0,-0.19884764225427076,0.14595343021357693,-7.175285256991429
3,685.0,-0.19884607959194847,0.14596935015740067,-7.175145176914656
3,686.0,-0.1988445231444422,0.14598520653219393,-7.175005653946027
3,687.0,-0.1988429729117519,0.1460009993379567,-7.174866688085535
3,688.0,-0.19884142889387763,0.14601672857468898,-7.174728279333191
3,689.0,-0.19883989109081934,0.14603239424239076,-7.174590427688985
3,690.0,-0.19883835950257706,0.14604799634106205,-7.174453133152919
3,691.0,-0.19883683412915074,0.14606353487070284,-7.174316395724995
3,692.0,-0.19883531497054044,0.14607900983131314,-7.1741802154052134
3,693.0,-0.19883380202674614,0.14609442122289296,-7.174044592193574
3,694.0,-0.19883229566352018,0.14610976527569547,-7.173909558876823
3,695.0,-0.1988307953916533,0.14612504705362764,-7.1737750716012965
3,696.0,-0.19882930087588774,0.1461402700175577,-7.17364110031384
3,697.0,-0.1988278121162235,0.14615543416748566,-7.17350764501445
3,698.0,-0.19882632911266057,0.14617053950341152,-7.173374705703133
3,699.0,-0.19882485186519896,0.14618558602533527,-7.173242282379883
3,700.0,-0.19882338037383865,0.14620057373325693,-7.173110375044702
3,701.0,-0.19882191463857968,0.1462155026271765,-7.172978983697592
3,702.0,-0.198820454659422,0.14623037270709394,-7.172848108338549
3,703.0,-0.19881900043636563,0.1462451839730093,-7.172717748967572
3,704.0,-0.1988175519694106,0.14625993642492255,-7.172587905584667
3,705.0,-0.19881610925855683,0.1462746300628337,-7.172458578189827
3,706.0,-0.1988146723038044,0.14628926488674276,-7.172329766783058
3,707.0,-0.1988132411051533,0.1463038408966497,-7.172201471364359
3,708.0,-0.19881181566260347,0.14631835809255456,-7.172073691933726
3,709.0,-0.198810395976155,0.14633281647445728,-7.171946428491164
3,710.0,-0.19880898204580782,0.14634721604235792,-7.171819681036673
3,711.0,-0.19880757387156195,0.14636155679625648,-7.171693449570245
3,712.0,-0.1988061714534174,0.14637583873615292,-7.171567734091889
3,713.0,-0.19880477493356857,0.14639006040046745,-7.171442547348185
3,714.0,-0.19880338444639664,0.14640422041922765,-7.17131790138532
3,715.0,-0.19880199927917463,0.14641832612577035,-7.171193732313068
3,716.0,-0.19880061943190253,0.14643237752009555,-7.1710700401314265
3,717.0,-0.1987992449045803,0.14644637460220325,-7.170946824840398
3,718.0,-0.19879787569720803,0.14646031737209345,-7.170824086439982
3,719.0,-0.19879651180978566,0.14647420582976614,-7.1707018249301795
3,720.0,-0.19879515324231317,0.14648803997522136,-7.170580040310988
3,721.0,-0.19879379999479063,0.14650181980845908,-7.170458732582411
3,722.0,-0.19879245206721796,0.1465155453294793,-7.170337901744441
3,723.0,-0.19879110945959522,0.14652921653828202,-7.170217547797088
3,724.0,-0.1987897721719224,0.14654283343486724,-7.170097670740347
3,725.0,-0.19878844020419947,0.14655639601923498,-7.169978270574216
3,726.0,-0.19878711355642645,0.14656990429138522,-7.169859347298699
3,727.0,-0.19878579222860335,0.14658335825131794,-7.1697409009137925
3,728.0,-0.19878447622073014,0.14659675789903318,-7.169622931419501
3,729.0,-0.19878316553280687,0.14661010323453094,-7.169505438815824
3,730.0,-0.19878186016483348,0.14662339425781118,-7.1693884231027525
3,731.0,-0.19878056011681003,0.14663663096887394,-7.169271884280299
3,732.0,-0.19877926538873647,0.14664981336771918,-7.169155822348457
3,733.0,-0.19877797617809617,0.14666293942990147,-7.169040255010013
3,734.0,-0.19877669246404878,0.14667600937913247,-7.168925180396806
3,735.0,-0.19877541365622,0.14668902927281458,-7.168810545586535
3,736.0,-0.1987741397546099,0.1467019991109478,-7.168696350579208
3,737.0,-0.1987728707592184,0.1467149188935321,-7.168582595374818
3,738.0,-0.19877160667004554,0.14672778862056754,-7.168469279973368
3,739.0,-0.19877034748709133,0.1467406082920541,-7.168356404374857
3,740.0,-0.19876909321035577,0.14675337790799173,-7.16824396857929
3,741.0,-0.1987678438398388,0.1467660974683805,-7.16813197258666
3,742.0,-0.19876659937554053,0.14677876697322037,-7.168020416396969
3,743.0,-0.19876535981746085,0.14679138642251136,-7.167909300010218
3,744.0,-0.19876412516559985,0.14680395581625344,-7.16779862342641
3,745.0,-0.19876289541995745,0.14681647515444662,-7.16768838664554
3,746.0,-0.1987616705805337,0.14682894443709094,-7.167578589667609
3,747.0,-0.1987604506473286,0.14684136366418635,-7.167469232492622
3,748.0,-0.19875923562034215,0.14685373283573286,-7.16736031512057
3,749.0,-0.1987580254995743,0.1468660519517305,-7.16725183755146
3,750.0,-0.19875682028502512,0.1468783210121792,-7.167143799785291
3,751.0,-0.19875561997669455,0.14689054001707907,-7.167036201822061
3,752.0,-0.19875442457458264,0.14690270896643,-7.16692904366177
3,753.0,-0.19875323407868936,0.14691482786023208,-7.166822325304419
3,754.0,-0.19875204893894827,0.14692689209787022,-7.166716087082923
3,755.0,-0.19875086840615955,0.1469389093541202,-7.166610261837562
3,756.0,-0.19874969238796572,0.14695088057432568,-7.166504841289226
3,757.0,-0.19874852088436673,0.14696280575848666,-7.1663998254379155
3,758.0,-0.19874735389536263,0.14697468490660315,-7.166295214283636
3,759.0,-0.1987461914209534,0.14698651801867516,-7.166191007826379
3,760.0,-0.19874503346113906,0.14699830509470263,-7.1660872060661545
3,761.0,-0.19874388001591958,0.14701004613468563,-7.165983809002954
3,762.0,-0.19874273108529497,0.14702174113862412,-7.165880816636781
3,763.0,-0.19874158666926522,0.1470333901065181,-7.1657782289676355
3,764.0,-0.19874044676783037,0.14704499303836763,-7.165676045995515
3,765.0,-0.19873931138099038,0.14705654993417264,-7.165574267720428
3,766.0,-0.19873818050874525,0.14706806079393314,-7.165472894142363
3,767.0,-0.198737054151095,0.14707952561764914,-7.165371925261324
3,768.0,-0.19873593230803963,0.14709094440532067,-7.1652713610773135
3,769.0,-0.19873481497957915,0.14710231715694766,-7.165171201590333
3,770.0,-0.1987337021657135,0.14711364387253018,-7.16507144680038
3,771.0,-0.19873259386644276,0.1471249245520682,-7.164972096707452
3,772.0,-0.19873149008176688,0.14713615919556172,-7.16487315131155
3,773.0,-0.19873039081168586,0.14714734780301075,-7.164774610612676
3,774.0,-0.19872929605619974,0.14715849037441525,-7.1646764746108325
3,775.0,-0.19872820625663162,0.14716958240304806,-7.164578782867075
3,776.0,-0.19872712068863813,0.1471806312972995,-7.164481470449861
3,777.0,-0.19872603926529014,0.14719163794564935,-7.164384529566699
3,778.0,-0.1987249619865877,0.14720260234809765,-7.164287960217588
3,779.0,-0.1987238888525308,0.14721352450464437,-7.164191762402531
3,780.0,-0.19872281986311943,0.14722440441528953,-7.164095936121521
3,781.0,-0.1987217550183536,0.14723524208003314,-7.1640004813745675
3,782.0,-0.1987206943182333,0.1472460374988752,-7.163905398161666
3,783.0,-0.19871963776275856,0.14725679067181566,-7.163810686482817
3,784.0,-0.19871858535192932,0.14726750159885454,-7.16371634633802
3,785.0,-0.19871753708574563,0.1472781702799919,-7.163622377727275
3,786.0,-0.1987164929642075,0.14728879671522768,-7.163528780650582
3,787.0,-0.19871545298731486,0.14729938090456188,-7.16343555510794
3,788.0,-0.19871441715506777,0.14730992284799455,-7.163342701099352
3,789.0,-0.19871338546746622,0.1473204225455256,-7.163250218624816
3,790.0,-0.19871235792451022,0.14733087999715513,-7.163158107684332
3,791.0,-0.19871133452619977,0.14734129520288308,-7.163066368277902
3,792.0,-0.19871031527253483,0.14735166816270948,-7.162975000405522
3,793.0,-0.19870930016351543,0.1473619988766343,-7.1628840040671955
3,794.0,-0.19870828919914157,0.14737228734465754,-7.162793379262922
3,795.0,-0.19870728237941324,0.14738253356677924,-7.162703125992698
3,796.0,-0.19870627987612702,0.14739273578946863,-7.162613259656707
3,797.0,-0.1987052817163303,0.14740289374201765,-7.162523782679525
3,798.0,-0.19870428735238696,0.14741301301711998,-7.162434645969988
3,799.0,-0.19870329678429696,0.14742309361477565,-7.162345849528098
3,800.0,-0.19870231001206032,0.1474331355349846,-7.162257393353855
3,801.0,-0.198701327035677,0.1474431387777469,-7.1621692774472505
3,802.0,-0.19870034785514706,0.14745310334306252,-7.162081501808298
3,803.0,-0.19869937247047045,0.14746302923093144,-7.161994066436988
3,804.0,-0.19869840088164717,0.14747291644135369,-7.16190697133332
3,805.0,-0.19869743308867727,0.14748276497432924,-7.1618202164973015
3,806.0,-0.19869646909156072,0.14749257482985811,-7.161733801928926
3,807.0,-0.1986955088902975,0.14750234600794032,-7.161647727628196
3,808.0,-0.19869455248488763,0.14751207850857584,-7.16156199359511
3,809.0,-0.1986935998753311,0.14752177233176467,-7.161476599829672
3,810.0,-0.19869265106162795,0.1475314274775068,-7.161391546331878
3,811.0,-0.19869170604377812,0.14754104394580225,-7.161306833101725
3,812.0,-0.19869076482178166,0.14755062173665104,-7.161222460139224
3,813.0,-0.19868982739563854,0.14756016085005313,-7.1611384274443655
3,814.0,-0.19868889376534876,0.14756966128600854,-7.1610547350171485
3,815.0,-0.19868796393091234,0.14757912304451729,-7.160971382857579
3,816.0,-0.19868703789232928,0.14758854612557934,-7.160888370965659
3,817.0,-0.19868611564959954,0.1475979305291947,-7.16080569934138
3,818.0,-0.19868519725333486,0.14760727573911644,-7.160723372521677
3,819.0,-0.1986842830356761,0.14761657837099415,-7.1606414202802995
3,820.0,-0.19868337228566071,0.14762584567975032,-7.160559778885191
3,821.0,-0.1986824650032887,0.147635077665385,-7.160478448336349
3,822.0,-0.19868156118856006,0.14764427432789812,-7.1603974286337735
3,823.0,-0.19868066084147482,0.14765343566728975,-7.160316719777468
3,824.0,-0.19867976396203293,0.14766256168355985,-7.160236321767431
3,825.0,-0.19867887055023442,0.14767165237670843,-7.160156234603659
3,826.0,-0.1986779806060793,0.1476807077467355,-7.160076458286156
3,827.0,-0.19867709412956755,0.14768972779364106,-7.15999699281492
3,828.0,-0.1986762111206992,0.14769871251742508,-7.159917838189954
3,829.0,-0.1986753315794742,0.1477076619180876,-7.159838994411253
3,830.0,-0.19867445550589258,0.14771657599562857,-7.159760461478821
3,831.0,-0.19867358289995435,0.14772545475004806,-7.159682239392657
3,832.0,-0.1986727137616595,0.147734298181346,-7.159604328152757
3,833.0,-0.198671848091008,0.14774310628952245,-7.159526727759128
3,834.0,-0.1986709858879999,0.14775187907457735,-7.159449438211768
3,835.0,-0.19867012715263518,0.14776061653651076,-7.159372459510673
3,836.0,-0.19866927188491382,0.14776931867532264,-7.159295791655848
3,837.0,-0.19866842008483585,0.147777985491013,-7.159219434647288
3,838.0,-0.19866757175240127,0.14778661698358184,-7.159143388484997
3,839.0,-0.19866672688761003,0.14779521315302915,-7.1590676531689725
3,840.0,-0.19866588549046219,0.14780377399935496,-7.158992228699219
3,841.0,-0.1986650476877307,0.14781229823033365,-7.158917126439905
3,842.0,-0.19866421360669145,0.14782078455208297,-7.158842357800294
3,843.0,-0.19866338268505448,0.14782923869835995,-7.158767872375619
3,844.0,-0.19866255492281976,0.1478376606691646,-7.15869367016588
3,845.0,-0.19866173031998727,0.14784605046449692,-7.158619751171075
3,846.0,-0.19866090887655705,0.1478544080843569,-7.158546115391207
3,847.0,-0.19866009059252906,0.14786273352874454,-7.158472762826278
3,848.0,-0.19865927546790335,0.14787102679765984,-7.158399693476284
3,849.0,-0.19865846350267988,0.1478792878911028,-7.158326907341226
3,850.0,-0.19865765469685864,0.14788751680907344,-7.158254404421101
3,851.0,-0.19865684905043968,0.14789571355157174,-7.158182184715917
3,852.0,-0.19865604656342295,0.1479038781185977,-7.158110248225667
3,853.0,-0.19865524723580846,0.14791201051015132,-7.158038594950351
3,854.0,-0.19865445106759624,0.1479201107262326,-7.157967224889974
3,855.0,-0.19865365805878626,0.14792817876684156,-7.15789613804453
3,856.0,-0.19865286820937852,0.14793621463197817,-7.157825334414025
3,857.0,-0.19865208151937305,0.14794421832164245,-7.157754813998454
3,858.0,-0.19865129798876982,0.1479521898358344,-7.15768457679782
3,859.0,-0.19865051761756883,0.147960129174554,-7.157614622812121
3,860.0,-0.1986497404057701,0.14796803633780128,-7.157544952041359
3,861.0,-0.19864896635337362,0.14797591132557622,-7.157475564485532
3,862.0,-0.1986481954603794,0.14798375413787881,-7.157406460144642
3,863.0,-0.1986474277267874,0.1479915647747091,-7.1573376390186905
3,864.0,-0.19864666315259769,0.147999343236067,-7.157269101107673
3,865.0,-0.198645902063623,0.14800708620312958,-7.157200875618081
3,866.0,-0.1986451440524697,0.14801479783024274,-7.157132926030356
3,867.0,-0.19864438891180825,0.14802248023021403,-7.157065233759083
3,868.0,-0.1986436366416387,0.14803013340304338,-7.156997798804264
3,869.0,-0.19864288724196105,0.14803775734873087,-7.1569306211658965
3,870.0,-0.19864214071277528,0.14804535206727643,-7.156863700843979
3,871.0,-0.1986413970540814,0.1480529175586801,-7.156797037838513
3,872.0,-0.1986406562658794,0.1480604538229419,-7.156730632149496
3,873.0,-0.19863991834816927,0.14806796086006177,-7.156664483776933
3,874.0,-0.19863918330095104,0.14807543867003975,-7.156598592720823
3,875.0,-0.1986384511242247,0.14808288725287583,-7.156532958981163
3,876.0,-0.19863772181799025,0.14809030660857,-7.156467582557957
3,877.0,-0.19863699538224766,0.1480976967371223,-7.156402463451197
3,878.0,-0.19863627181699697,0.14810505763853268,-7.156337601660892
3,879.0,-0.19863555112223816,0.14811238931280118,-7.156272997187036
3,880.0,-0.19863483329797124,0.14811969175992779,-7.156208650029636
3,881.0,-0.19863411834419623,0.14812696497991248,-7.156144560188686
3,882.0,-0.19863340626091305,0.14813420897275528,-7.156080727664184
3,883.0,-0.1986326970481218,0.14814142373845618,-7.156017152456136
3,884.0,-0.19863199070582244,0.14814860927701518,-7.155953834564541
3,885.0,-0.19863128723401494,0.1481557655884323,-7.155890773989396
3,886.0,-0.19863058663269934,0.1481628926727075,-7.155827970730705
3,887.0,-0.1986298889018756,0.1481699905298408,-7.15576542478846
3,888.0,-0.19862919404154378,0.1481770591598322,-7.155703136162673
3,889.0,-0.19862850224870895,0.14818409655635675,-7.155641122513255
3,890.0,-0.1986278134512122,0.14819110345719994,-7.155579377371739
3,891.0,-0.19862712725397466,0.14819808388717948,-7.1555178653225004
3,892.0,-0.19862644365699636,0.14820503784629538,-7.155456586365534
3,893.0,-0.19862576266027732,0.1482119653345476,-7.155395540500839
3,894.0,-0.19862508426381753,0.1482188663519362,-7.155334727728425
3,895.0,-0.19862440846761698,0.14822574089846116,-7.155274148048282
3,896.0,-0.19862373527167565,0.14823258897412248,-7.155213801460409
3,897.0,-0.19862306467599355,0.14823941057892015,-7.155153687964813
3,898.0,-0.19862239668057075,0.14824620571285416,-7.155093807561494
3,899.0,-0.19862173128540714,0.14825297437592452,-7.155034160250445
3,900.0,-0.1986210684905028,0.14825971656813128,-7.1549747460316695
3,901.0,-0.1986204082958577,0.14826643228947434,-7.154915564905172
3,902.0,-0.19861975070147184,0.14827312153995378,-7.154856616870947
3,903.0,-0.1986190957073452,0.1482797843195696,-7.154797901928997
3,904.0,-0.19861844331347783,0.14828642062832173,-7.154739420079321
3,905.0,-0.1986177935198697,0.14829303046621023,-7.154681171321917
3,906.0,-0.1986171463265208,0.1482996138332351,-7.154623155656787
3,907.0,-0.19861650173343115,0.1483061707293963,-7.154565373083932
3,908.0,-0.19861585974060073,0.1483127011546939,-7.15450782360335
3,909.0,-0.19861522034802956,0.1483192051091278,-7.154450507215041
3,910.0,-0.19861458355571765,0.14832568259269807,-7.154393423919013
3,911.0,-0.19861394936366494,0.1483321336054047,-7.154336573715252
3,912.0,-0.19861331777187152,0.1483385581472477,-7.154279956603768
3,913.0,-0.1986126887803373,0.14834495621822705,-7.154223572584555
3,914.0,-0.1986120625518498,0.14835132616093102,-7.154167436250202
3,915.0,-0.19861143909307669,0.14835766790978122,-7.1541115481984106
3,916.0,-0.19861081798234662,0.14836398575917503,-7.154055870629743
3,917.0,-0.19861019921965958,0.14837027970911243,-7.1540004035442
3,918.0,-0.19860958280501562,0.14837654975959347,-7.153945146941786
3,919.0,-0.1986089687384147,0.14838279591061806,-7.153890100822497
3,920.0,-0.19860835701985682,0.1483890181621863,-7.153835265186336
3,921.0,-0.19860774764934203,0.14839521651429813,-7.1537806400333
3,922.0,-0.19860714062687027,0.14840139096695357,-7.153726225363392
3,923.0,-0.19860653595244154,0.14840754152015262,-7.1536720211766065
3,924.0,-0.19860593362605589,0.14841366817389526,-7.153618027472952
3,925.0,-0.1986053336477133,0.1484197709281815,-7.153564244252422
3,926.0,-0.19860473601741374,0.14842584978301138,-7.153510671515017
3,927.0,-0.19860414073515725,0.14843190473838486,-7.153457309260742
3,928.0,-0.1986035478009438,0.14843793579430192,-7.1534041574895895
3,929.0,-0.1986029572147734,0.1484439429507626,-7.153351216201564
3,930.0,-0.19860236897664607,0.14844992620776687,-7.153298485396667
3,931.0,-0.19860178308656176,0.14845588556531475,-7.153245965074894
3,932.0,-0.19860119954452055,0.14846182102340624,-7.153193655236251
3,933.0,-0.19860061835052234,0.14846773258204135,-7.153141555880729
3,934.0,-0.19860003950456723,0.14847362024122004,-7.153089667008338
3,935.0,-0.19859946300665512,0.14847948400094235,-7.15303798861907
3,936.0,-0.19859888885678612,0.14848532386120827,-7.15298652071293
3,937.0,-0.19859831705496014,0.14849113982201778,-7.152935263289919
3,938.0,-0.1985977476011772,0.1484969318833709,-7.152884216350029
3,939.0,-0.19859718049543734,0.14850270004526764,-7.152833379893268
3,940.0,-0.1985966159433739,0.1485084422146268,-7.152782772353008
3,941.0,-0.198596053832792,0.1485141595356205,-7.15273238367188
3,942.0,-0.19859549383538855,0.14851985535079382,-7.152682184420163
3,943.0,-0.19859493595116362,0.14852552966014673,-7.152632174597857
3,944.0,-0.19859438018011716,0.1485311824636793,-7.152582354204964
3,945.0,-0.1985938265222492,0.14853681376139147,-7.1525327232414835
3,946.0,-0.19859327497755971,0.14854242355328326,-7.152483281707416
3,947.0,-0.1985927255460487,0.14854801183935468,-7.152434029602756
3,948.0,-0.1985921782277162,0.1485535786196057,-7.152384966927509
3,949.0,-0.19859163302256216,0.14855912389403636,-7.152336093681676
3,950.0,-0.19859108993058663,0.14856464766264663,-7.152287409865255
3,951.0,-0.1985905489517896,0.14857014992543652,-7.152238915478247
3,952.0,-0.19859001008617103,0.14857563068240603,-7.152190610520647
3,953.0,-0.19858947333373095,0.14858108993355518,-7.152142494992461
3,954.0,-0.19858893869446936,0.14858652767888395,-7.152094568893688
3,955.0,-0.19858840616838627,0.1485919439183923,-7.152046832224326
3,956.0,-0.19858787575548165,0.14859733865208033,-7.151999284984376
3,957.0,-0.19858734745575551,0.14860271187994795,-7.151951927173835
3,958.0,-0.19858682126920787,0.1486080636019952,-7.15190475879271
3,959.0,-0.19858629719583873,0.14861339381822206,-7.151857779840992
3,960.0,-0.19858577523564808,0.14861870252862852,-7.151810990318693
3,961.0,-0.1985852553886359,0.14862398973321464,-7.1517643902258
3,962.0,-0.1985847376548022,0.14862925543198036,-7.151717979562322
3,963.0,-0.198584222034147,0.1486344996249257,-7.151671758328256
3,964.0,-0.1985837085266703,0.14863972231205066,-7.1516257265236005
3,965.0,-0.19858319713237205,0.14864492349335526,-7.151579884148356
3,966.0,-0.19858268785125233,0.14865010316883948,-7.151534231202526
3,967.0,-0.19858218096975985,0.14865525842358385,-7.151488793363931
3,968.0,-0.19858167615790642,0.14866039261782074,-7.151443541051784
3,969.0,-0.1985811732410533,0.14866550752912416,-7.151398458611139
3,970.0,-0.19858067221920042,0.14867060315749409,-7.151353546041985
3,971.0,-0.19858017309234785,0.1486756795029305,-7.151308803344325
3,972.0,-0.19857967586049552,0.14868073656543343,-7.1512642305181595
3,973.0,-0.1985791805236435,0.14868577434500288,-7.151219827563492
3,974.0,-0.19857868708179174,0.1486907928416388,-7.151175594480315
3,975.0,-0.19857819553494027,0.14869579205534125,-7.151131531268636
3,976.0,-0.1985777058830891,0.1487007719861102,-7.151087637928452
3,977.0,-0.19857721812623816,0.14870573263394565,-7.151043914459758
3,978.0,-0.19857673226438755,0.1487106739988476,-7.151000360862568
3,979.0,-0.19857624829753717,0.14871559608081608,-7.150956977136863
3,980.0,-0.1985757662256871,0.14872049887985103,-7.150913763282656
3,981.0,-0.19857528604883729,0.1487253823959525,-7.150870719299946
3,982.0,-0.19857480776698777,0.1487302466291205,-7.150827845188727
3,983.0,-0.19857433138013852,0.14873509157935497,-7.150785140949006
3,984.0,-0.19857385688828957,0.14873991724665597,-7.150742606580781
3,985.0,-0.19857338429144086,0.14874472363102345,-7.150700242084047
3,986.0,-0.19857291358959248,0.14874951073245746,-7.150658047458811
3,987.0,-0.19857244478274433,0.14875427855095794,-7.150616022705067
3,988.0,-0.19857197787089648,0.14875902708652494,-7.1505741678228185
3,989.0,-0.19857151285404892,0.14876375633915845,-7.150532482812066
3,990.0,-0.1985710497322016,0.14876846630885848,-7.1504909676728055
3,991.0,-0.1985705885053546,0.148773156995625,-7.150449622405042
3,992.0,-0.19857012917350786,0.14877782839945802,-7.150408447008774
3,993.0,-0.1985696717366614,0.14878248052035756,-7.150367441483999
3,994.0,-0.1985692161948152,0.1487871133583236,-7.150326605830719
3,995.0,-0.19856876291637213,0.14879172316536549,-7.150285973073276
3,996.0,-0.198568311345822,0.14879631559542683,-7.150245493414666
3,997.0,-0.1985678614681167,0.14880089080163975,-7.150205165505945
3,998.0,-0.1985674132832562,0.14880544878400428,-7.150164989347105
3,999.0,-0.19856696679124053,0.14880998954252042,-7.1501249649381595
3,1000.0,-0.1985665219920697,0.14881451307718815,-7.150085092279102
3,1001.0,-0.19856607888574365,0.14881901938800748,-7.150045371369932
3,1002.0,-0.19856563747226244,0.1488235084749784,-7.150005802210648
3,1003.0,-0.19856519775162607,0.14882798033810096,-7.149966384801254
3,1004.0,-0.1985647597238345,0.1488324349773751,-7.149927119141746
3,1005.0,-0.19856432338888774,0.14883687239280086,-7.1498880052321265
3,1006.0,-0.1985638887467858,0.1488412925843782,-7.149849043072394
3,1007.0,-0.19856345579752868,0.14884569555210714,-7.149810232662549
3,1008.0,-0.1985630245411164,0.14885008129598767,-7.149771574002597
3,1009.0,-0.19856259497754894,0.14885444981601983,-7.149733067092529
3,1010.0,-0.19856216710682628,0.1488588011122036,-7.149694711932351
3,1011.0,-0.19856174092894843,0.14886313518453895,-7.1496565085220585
3,1012.0,-0.19856131644391542,0.1488674520330259,-7.149618456861654
3,1013.0,-0.19856089365172722,0.14887175165766448,-7.149580556951136
3,1014.0,-0.19856047255238385,0.14887603405845462,-7.149542808790509
3,1015.0,-0.1985600531458853,0.1488802992353964,-7.1495052123797675
3,1016.0,-0.19855963543223154,0.14888454718848976,-7.149467767718916
3,1017.0,-0.19855921941142263,0.14888877791773472,-7.149430474807952
3,1018.0,-0.19855880508345852,0.14889299142313128,-7.149393333646877
3,1019.0,-0.19855839244833925,0.14889718770467947,-7.149356344235687
3,1020.0,-0.1985579815060648,0.14890136676237925,-7.149319506574388
3,1021.0,-0.19855757225663515,0.14890552859623063,-7.149282820662975
3,1022.0,-0.19855716470005033,0.1489096732062336,-7.149246286501451
3,1023.0,-0.19855675894909994,0.1489137994448611,-7.149209914200493
3,1024.0,-0.19855635509381475,0.14891790639721522,-7.149173711830636
3,1025.0,-0.19855595274458107,0.14892199802787984,-7.149137644466153
3,1026.0,-0.19855555190139887,0.14892607433685498,-7.149101712107039
3,1027.0,-0.19855515256426817,0.14893013532414062,-7.149065914753299
3,1028.0,-0.19855475473318895,0.1489341809897368,-7.1490302524049305
3,1029.0,-0.1985543584081612,0.14893821133364346,-7.148994725061934
3,1030.0,-0.19855396358918498,0.14894222635586066,-7.14895933272431
3,1031.0,-0.19855357027626025,0.14894622605638835,-7.148924075392059
3,1032.0,-0.198553178469387,0.14895021043522655,-7.148888953065181
3,1033.0,-0.19855278816856523,0.14895417949237527,-7.148853965743674
3,1034.0,-0.19855239937379496,0.1489581332278345,-7.148819113427538
3,1035.0,-0.19855201208507617,0.14896207164160424,-7.148784396116776
3,1036.0,-0.19855162630240888,0.1489659947336845,-7.148749813811384
3,1037.0,-0.19855124202579308,0.14896990250407527,-7.148715366511367
3,1038.0,-0.19855085925522878,0.14897379495277654,-7.148681054216722
3,1039.0,-0.19855047799071593,0.14897767207978835,-7.148646876927445
3,1040.0,-0.1985500982322546,0.14898153388511062,-7.148612834643543
3,1041.0,-0.19854971997984477,0.14898538036874345,-7.1485789273650155
3,1042.0,-0.19854934323348641,0.14898921153068678,-7.148545155091858
3,1043.0,-0.19854896799317956,0.1489930273709406,-7.148511517824071
3,1044.0,-0.19854859425892418,0.14899682788950497,-7.148478015561656
3,1045.0,-0.1985482220307203,0.14900061308637982,-7.148444648304615
3,1046.0,-0.19854785130856792,0.14900438296156518,-7.148411416052948
3,1047.0,-0.198547482092467,0.1490081375150611,-7.1483783188066505
3,1048.0,-0.1985471143824176,0.14901187674686747,-7.1483453565657245
3,1049.0,-0.1985467481784197,0.14901560065698438,-7.148312529330174
3,1050.0,-0.19854638348047324,0.1490193092454118,-7.14827983709999
3,1051.0,-0.19854602028857832,0.14902300251214973,-7.148247279875186
3,1052.0,-0.19854565860273485,0.14902668045719816,-7.148214857655745
3,1053.0,-0.19854529861136036,0.1490303411639046,-7.148182587331791
3,1054.0,-0.19854494020690272,0.14903398572743215,-7.1481504592621326
3,1055.0,-0.1985445831364086,0.14903761672130944,-7.1481184507715465
3,1056.0,-0.19854422739987798,0.14904123414553647,-7.148086561860034
3,1057.0,-0.19854387299731083,0.14904483800011328,-7.14805479252759
3,1058.0,-0.1985435199287072,0.1490484282850398,-7.148023142774219
3,1059.0,-0.19854316819406706,0.1490520050003161,-7.1479916125999186
3,1060.0,-0.19854281779339042,0.14905556814594215,-7.14796020200469
3,1061.0,-0.19854246872667727,0.14905911772191793,-7.147928910988532
3,1062.0,-0.19854212099392762,0.14906265372824345,-7.1478977395514445
3,1063.0,-0.19854177459514147,0.14906617616491874,-7.147866687693427
3,1064.0,-0.1985414295303188,0.14906968503194376,-7.147835755414484
3,1065.0,-0.19854108579945964,0.14907318032931854,-7.147804942714609
3,1066.0,-0.19854074340256397,0.14907666205704306,-7.147774249593806
3,1067.0,-0.1985404023396318,0.14908013021511735,-7.147743676052074
3,1068.0,-0.19854006261066312,0.14908358480354136,-7.147713222089415
3,1069.0,-0.19853972421565796,0.14908702582231512,-7.147682887705826
3,1070.0,-0.19853938715461628,0.14909045327143863,-7.14765267290131
3,1071.0,-0.19853905142753808,0.1490938671509119,-7.147622577675861
3,1072.0,-0.19853871703442338,0.1490972674607349,-7.147592602029483
3,1073.0,-0.1985383839752722,0.14910065420090768,-7.14756274596218
3,1074.0,-0.1985380522500845,0.14910402737143016,-7.147533009473948
3,1075.0,-0.19853772185886032,0.14910738697230244,-7.1475033925647855
3,1076.0,-0.1985373928015996,0.14911073300352443,-7.147473895234691
3,1077.0,-0.1985370650783024,0.14911406546509617,-7.147444517483675
3,1078.0,-0.19853673868896868,0.14911738435701768,-7.147415259311725
3,1079.0,-0.19853641363359847,0.14912068967928893,-7.1473861207188465
3,1080.0,-0.19853608991219174,0.1491239814319099,-7.147357101705037
3,1081.0,-0.19853576752474852,0.14912725961488066,-7.147328202270303
3,1082.0,-0.1985354464712688,0.14913052422820117,-7.147299422414639
3,1083.0,-0.19853512675175256,0.1491337752718714,-7.147270762138041
3,1084.0,-0.19853480856618613,0.14913701071179186,-7.147242239367681
3,1085.0,-0.19853449176801422,0.1491402320395665,-7.147213840966049
3,1086.0,-0.19853417614577068,0.14914344140634997,-7.147185547976915
3,1087.0,-0.19853386169945555,0.14914663881214235,-7.147157360400281
3,1088.0,-0.19853354842906884,0.14914982425694356,-7.147129278236144
3,1089.0,-0.1985332363346105,0.14915299774075363,-7.147101301484508
3,1090.0,-0.19853292541608056,0.1491561592635726,-7.14707343014537
3,1091.0,-0.19853261567347905,0.14915930882540038,-7.147045664218731
3,1092.0,-0.1985323071068059,0.14916244642623705,-7.147018003704587
3,1093.0,-0.19853199971606117,0.14916557206608258,-7.146990448602949
3,1094.0,-0.19853169350124483,0.14916868574493697,-7.146962998913806
3,1095.0,-0.1985313884623569,0.14917178746280021,-7.146935654637165
3,1096.0,-0.19853108459939736,0.14917487721967232,-7.1469084157730185
3,1097.0,-0.19853078191236623,0.1491779550155533,-7.146881282321375
3,1098.0,-0.19853048040126348,0.14918102085044313,-7.1468542542822275
3,1099.0,-0.19853018006608913,0.14918407472434184,-7.146827331655578
3,1100.0,-0.1985298809068432,0.1491871166372494,-7.146800514441432
3,1101.0,-0.19852958292352565,0.14919014658916582,-7.146773802639781
3,1102.0,-0.19852928611613652,0.1491931645800911,-7.146747196250631
3,1103.0,-0.19852899048467576,0.14919617061002524,-7.146720695273978
3,1104.0,-0.19852869602914341,0.14919916467896827,-7.146694299709826
3,1105.0,-0.19852840274953948,0.14920214678692012,-7.146668009558172
3,1106.0,-0.19852811064586393,0.14920511693388086,-7.146641824819018
3,1107.0,-0.19852781971811678,0.14920807511985046,-7.146615745492362
3,1108.0,-0.19852752996629805,0.14921102134482891,-7.146589771578206
3,1109.0,-0.1985272413904077,0.14921395560881623,-7.146563903076548
3,1110.0,-0.19852695399044573,0.1492168779118124,-7.1465381399873875
3,1111.0,-0.1985266677664122,0.14921978825381746,-7.14651248231073
3,1112.0,-0.19852638271830705,0.14922268663483135,-7.146486930046569
3,1113.0,-0.1985260988461303,0.14922557305485412,-7.146461483194905
3,1114.0,-0.19852581614988193,0.14922844751388575,-7.146436141755743
3,1115.0,-0.198525534629562,0.14923131001192624,-7.1464109057290806
3,1116.0,-0.19852525441351326,0.14923415924366332,-7.146385786619815
3,1117.0,-0.19852497551934545,0.14923699503066604,-7.146360786006514
3,1118.0,-0.198524697656476,0.14923982032863148,-7.146335877840795
3,1119.0,-0.19852442082490498,0.14924263513755961,-7.146311062122668
3,1120.0,-0.19852414502463234,0.14924543945745047,-7.1462863388521205
3,1121.0,-0.19852387025565812,0.14924823328830406,-7.146261708029164
3,1122.0,-0.1985235965179823,0.14925101663012033,-7.146237169653788
3,1123.0,-0.19852332381160487,0.14925378948289933,-7.146212723726003
3,1124.0,-0.19852305213652582,0.14925655184664105,-7.146188370245801
3,1125.0,-0.19852278149274522,0.14925930372134547,-7.146164109213188
3,1126.0,-0.198522511880263,0.1492620451070126,-7.1461399406281565
3,1127.0,-0.19852224329907914,0.14926477600364246,-7.14611586449071
3,1128.0,-0.19852197574919372,0.14926749641123502,-7.146091880800855
3,1129.0,-0.1985217092306067,0.1492702063297903,-7.146067989558581
3,1130.0,-0.19852144374331807,0.14927290575930827,-7.146044190763893
3,1131.0,-0.19852117928732782,0.149275594699789,-7.14602048441679
3,1132.0,-0.198520915862636,0.14927827315123238,-7.145996870517276
3,1133.0,-0.19852065346924258,0.14928094111363852,-7.145973349065348
3,1134.0,-0.19852039210714753,0.14928359858700735,-7.1459499200610015
3,1135.0,-0.19852013177635092,0.1492862455713389,-7.145926583504243
3,1136.0,-0.19851987247685268,0.14928888206663316,-7.145903339395073
3,1137.0,-0.19851961420865286,0.14929150807289013,-7.1458801877334865
3,1138.0,-0.19851935697175144,0.14929412359010982,-7.145857128519486
3,1139.0,-0.1985191007661484,0.14929672861829224,-7.1458341617530685
3,1140.0,-0.19851884559184377,0.14929932315743735,-7.145811287434242
3,1141.0,-0.19851859144883754,0.14930190720754516,-7.1457885055629955
3,1142.0,-0.1985183383371297,0.14930448076861572,-7.145765816139336
3,1143.0,-0.19851808625672027,0.14930704384064897,-7.145743219163264
3,1144.0,-0.19851783520760924,0.1493095964236449,-7.145720714634777
3,1145.0,-0.19851758518979662,0.1493121385176036,-7.145698302553878
3,1146.0,-0.19851733620328238,0.149314670122525,-7.145675982920561
3,1147.0,-0.19851708824806655,0.14931719123840909,-7.145653755734832
3,1148.0,-0.19851684132414912,0.14931970186525592,-7.145631620996691
3,1149.0,-0.1985165954315301,0.14932220200306545,-7.145609578706133
3,1150.0,-0.19851635083172836,0.1493246889924381,-7.145587652306221
3,1151.0,-0.19851610720548468,0.14932716608074234,-7.145565813177939
3,1152.0,-0.19851586447867153,0.14932963402186972,-7.14554405467635
3,1153.0,-0.19851562265128891,0.14933209281582016,-7.145522376801457
3,1154.0,-0.19851538172333683,0.14933454246259373,-7.145500779553259
3,1155.0,-0.19851514169481527,0.1493369829621904,-7.145479262931754
3,1156.0,-0.1985149025657242,0.14933941431461017,-7.1454578269369415
3,1157.0,-0.19851466433606368,0.14934183651985303,-7.145436471568827
3,1158.0,-0.1985144270058337,0.149344249577919,-7.145415196827402
3,1159.0,-0.19851419057503422,0.14934665348880807,-7.145394002712672
3,1160.0,-0.19851395504366529,0.14934904825252024,-7.14537288922464
3,1161.0,-0.19851372041172688,0.1493514338690555,-7.1453518563633
3,1162.0,-0.19851348667921898,0.14935381033841388,-7.145330904128652
3,1163.0,-0.1985132538461416,0.14935617766059536,-7.145310032520699
3,1164.0,-0.19851302191249476,0.14935853583559994,-7.145289241539442
3,1165.0,-0.19851279087827844,0.1493608848634276,-7.145268531184876
3,1166.0,-0.19851256074349266,0.14936322474407837,-7.145247901457006
3,1167.0,-0.1985123315081374,0.14936555547755226,-7.1452273523558345
3,1168.0,-0.19851210317221266,0.14936787706384924,-7.145206883881349
3,1169.0,-0.19851187573571846,0.14937018950296932,-7.145186496033563
3,1170.0,-0.19851164919865477,0.1493724927949125,-7.14516618881247
3,1171.0,-0.1985114235610216,0.14937478693967876,-7.145145962218072
3,1172.0,-0.19851119882281898,0.14937707193726815,-7.145125816250368
3,1173.0,-0.19851097498404685,0.14937934778768064,-7.1451057509093525
3,1174.0,-0.19851075204470528,0.14938161449091622,-7.145085766195037
3,1175.0,-0.1985105300047942,0.1493838720469749,-7.145065862107414
3,1176.0,-0.1985103088643137,0.1493861204558567,-7.145046038646486
3,1177.0,-0.1985100886232637,0.14938835971756156,-7.1450262958122535
3,1178.0,-0.1985098692816442,0.14939058983208955,-7.145006633604713
3,1179.0,-0.19850965083945524,0.14939281079944064,-7.144987052023864
3,1180.0,-0.19850943329669682,0.14939502261961485,-7.144967551069713
3,1181.0,-0.1985092166533689,0.14939722529261212,-7.144948130742254
3,1182.0,-0.19850900090947154,0.14939941881843252,-7.14492879104149
3,1183.0,-0.1985087860650047,0.14940160319707602,-7.144909531967421
3,1184.0,-0.19850857211996836,0.1494037784285426,-7.144890353520047
3,1185.0,-0.19850835932453223,0.14940594196901652,-7.14487127812506
3,1186.0,-0.19850814737764397,0.14940809688035822,-7.144852278795547
3,1187.0,-0.19850793621044194,0.1494102438628453,-7.144833349358615
3,1188.0,-0.19850772582292614,0.14941238291647774,-7.14481448981427
3,1189.0,-0.19850751621509657,0.14941451404125558,-7.144795700162508
3,1190.0,-0.1985073073869532,0.14941663723717877,-7.144776980403328
3,1191.0,-0.19850709933849608,0.14941875250424733,-7.14475833053673
3,1192.0,-0.1985068920697252,0.14942085984246126,-7.144739750562716
3,1193.0,-0.1985066855806405,0.1494229592518206,-7.144721240481286
3,1194.0,-0.19850647987124206,0.14942505073232526,-7.144702800292441
3,1195.0,-0.19850627494152984,0.14942713428397533,-7.1446844299961745
3,1196.0,-0.1985060707915038,0.14942920990677078,-7.144666129592493
3,1197.0,-0.19850586742116405,0.14943127760071157,-7.144647899081395
3,1198.0,-0.1985056648305105,0.14943333736579775,-7.1446297384628785
3,1199.0,-0.19850546301954317,0.1494353892020293,-7.144611647736947
3,1200.0,-0.19850526198826207,0.14943743310940624,-7.144593626903598
3,1201.0,-0.19850506173666718,0.14943946908792854,-7.144575675962832
3,1202.0,-0.19850486226475852,0.14944149713759622,-7.144557794914648
3,1203.0,-0.1985046635725361,0.14944351725840926,-7.144539983759048
3,1204.0,-0.1985044656599999,0.14944552945036768,-7.144522242496032
3,1205.0,-0.19850426852714992,0.1494475337134715,-7.144504571125599
3,1206.0,-0.19850407217398616,0.14944953004772066,-7.144486969647749
3,1207.0,-0.19850387660050864,0.1494515184531152,-7.144469438062482
3,1208.0,-0.19850368180671732,0.14945349892965512,-7.144451976369798
3,1209.0,-0.19850348779261226,0.1494554714773404,-7.144434584569699
3,1210.0,-0.1985032945581934,0.14945743609617107,-7.144417262662182
3,1211.0,-0.19850310210346075,0.14945939278614712,-7.144400010647244
3,1212.0,-0.19850291042841436,0.1494613415472685,-7.1443828285248925
3,1213.0,-0.19850271953305418,0.1494632823795353,-7.144365716295125
3,1214.0,-0.19850252941738022,0.14946521528294746,-7.144348673957941
3,1215.0,-0.19850234008139248,0.149467140257505,-7.144331701513335
3,1216.0,-0.198502151525091,0.1494690573032079,-7.144314798961317
3,1217.0,-0.1985019637484757,0.14947096642005617,-7.144297966301883
3,1218.0,-0.19850177675154665,0.14947286760804981,-7.144281203535029
3,1219.0,-0.1985015905343038,0.14947476086718886,-7.144264510660757
3,1220.0,-0.1985014050967472,0.14947664619747325,-7.144247887679073
3,1221.0,-0.19850122051246502,0.1494785228506379,-7.144231341186555
3,1222.0,-0.19850103689223952,0.14948038970053681,-7.144214881113948
3,1223.0,-0.19850085394344574,0.14948224972286278,-7.144198481229781
3,1224.0,-0.19850067166608362,0.14948410291761574,-7.144182141534049
3,1225.0,-0.1985004900601532,0.1494859492847957,-7.144165862026752
3,1226.0,-0.19850030912565447,0.1494877888244027,-7.144149642707897
3,1227.0,-0.19850012886258742,0.14948962153643666,-7.144133483577474
3,1228.0,-0.19849994927095205,0.14949144742089768,-7.1441173846354875
3,1229.0,-0.19849977035074837,0.14949326647778566,-7.144101345881938
3,1230.0,-0.19849959210197637,0.1494950787071007,-7.144085367316828
3,1231.0,-0.19849941452463607,0.1494968841088427,-7.144069448940151
3,1232.0,-0.19849923761872745,0.14949868268301175,-7.144053590751912
3,1233.0,-0.19849906138425052,0.1495004744296078,-7.144037792752111
3,1234.0,-0.19849888582120526,0.14950225934863082,-7.1440220549407405
3,1235.0,-0.1984987109295917,0.1495040374400809,-7.144006377317814
3,1236.0,-0.1984985367094098,0.14950580870395797,-7.143990759883318
3,1237.0,-0.19849836316065964,0.14950757314026203,-7.1439752026372645
3,1238.0,-0.19849819028334112,0.1495093307489931,-7.143959705579645
3,1239.0,-0.19849801807745432,0.14951108153015122,-7.143944268710464
3,1240.0,-0.19849784654299918,0.14951282548373632,-7.143928892029715
3,1241.0,-0.19849767567997573,0.14951456260974844,-7.143913575537405
3,1242.0,-0.19849750548838396,0.14951629290818755,-7.143898319233531
3,1243.0,-0.19849733596822391,0.14951801637905368,-7.143883123118098
3,1244.0,-0.19849716711949553,0.1495197330223468,-7.143867987191099
3,1245.0,-0.19849699894219883,0.14952144283806695,-7.143852911452536
3,1246.0,-0.1984968314363338,0.14952314582621412,-7.143837895902405
3,1247.0,-0.19849666460190046,0.14952484198678828,-7.143822940540718
3,1248.0,-0.19849649843889883,0.14952653131978946,-7.143808045367465
3,1249.0,-0.19849633294732888,0.14952821382521764,-7.143793210382649
3,1250.0,-0.1984961681271906,0.14952988950307283,-7.143778435586266
3,1251.0,-0.19849600397848402,0.14953155835335505,-7.143763720978325
3,1252.0,-0.1984958405012091,0.14953322037606426,-7.143749066558817
3,1253.0,-0.1984956776953659,0.14953487557120046,-7.143734472327749
3,1254.0,-0.19849551556095438,0.1495365239387637,-7.1437199382851135
3,1255.0,-0.19849535409797456,0.14953816547875393,-7.143705464430919
3,1256.0,-0.1984951933064264,0.1495398001911712,-7.143691050765159
3,1257.0,-0.19849503318630993,0.14954142807601545,-7.143676697287833
3,1258.0,-0.19849487373762514,0.1495430491332867,-7.143662403998947
3,1259.0,-0.19849471496037205,0.14954466336298497,-7.143648170898497
3,1260.0,-0.1984945571017554,0.1495462682517435,-7.143634020146394
3,1261.0,-0.19849439984738113,0.1495478669964957,-7.14361992355975
3,1262.0,-0.1984942431670459,0.14954945990434437,-7.143605878431081
3,1263.0,-0.19849408706074975,0.14955104697528954,-7.143591884760383
3,1264.0,-0.19849393152849265,0.1495526282093312,-7.143577942547657
3,1265.0,-0.19849377657027464,0.1495542036064694,-7.143564051792907
3,1266.0,-0.19849362218609568,0.1495557731667041,-7.143550212496129
3,1267.0,-0.1984934683759558,0.14955733689003528,-7.143536424657328
3,1268.0,-0.19849331513985496,0.14955889477646298,-7.143522688276497
3,1269.0,-0.19849316247779322,0.14956044682598715,-7.143509003353641
3,1270.0,-0.19849301038977055,0.14956199303860784,-7.143495369888758
3,1271.0,-0.1984928588757869,0.14956353341432505,-7.143481787881848
3,1272.0,-0.19849270793584237,0.14956506795313873,-7.1434682573329145
3,1273.0,-0.1984925575699369,0.14956659665504893,-7.143454778241955
3,1274.0,-0.19849240777807045,0.1495681195200556,-7.143441350608963
3,1275.0,-0.1984922585602431,0.1495696365481588,-7.1434279744339495
3,1276.0,-0.19849210991645483,0.1495711477393585,-7.143414649716909
3,1277.0,-0.19849196184670562,0.1495726530936547,-7.143401376457844
3,1278.0,-0.19849181435099547,0.1495741526110474,-7.14338815465675
3,1279.0,-0.19849166742932436,0.1495756462915366,-7.14337498431363
3,1280.0,-0.19849152108169235,0.1495771341351223,-7.143361865428484
3,1281.0,-0.1984913753080994,0.1495786161418045,-7.143348798001312
3,1282.0,-0.19849123010854552,0.1495800923115832,-7.143335782032114
3,1283.0,-0.1984910854830307,0.1495815626444584,-7.143322817520888
3,1284.0,-0.19849094143155496,0.14958302714043012,-7.143309904467635
3,1285.0,-0.19849079795411828,0.14958448579949832,-7.143297042872357
3,1286.0,-0.19849065505072067,0.14958593862166303,-7.143284232735054
3,1287.0,-0.19849051272136212,0.14958738560692425,-7.14327147405572
3,1288.0,-0.19849037096604263,0.14958882675528196,-7.143258766834365
3,1289.0,-0.19849022978476222,0.14959026206673615,-7.143246111070981
3,1290.0,-0.1984900891775209,0.14959169154128688,-7.143233506765573
3,1291.0,-0.1984899491443186,0.1495931151789341,-7.143220953918137
3,1292.0,-0.1984898096851554,0.1495945329796778,-7.143208452528672
3,1293.0,-0.19848967080003124,0.14959594494351802,-7.143196002597185
3,1294.0,-0.19848953248894616,0.14959735107045474,-7.143183604123669
3,1295.0,-0.19848939475190017,0.14959875136048795,-7.143171257108129
3,1296.0,-0.19848925758889321,0.14960014581361766,-7.1431589615505615
3,1297.0,-0.19848912099992533,0.1496015344298439,-7.143146717450965
3,1298.0,-0.19848898498499654,0.1496029172091666,-7.143134524809343
3,1299.0,-0.19848884954410678,0.14960429415158583,-7.1431223836256965
3,1300.0,-0.19848871486036873,0.14960566339542414,-7.143110310314595
3,1301.0,-0.19848858076176806,0.14960702668982,-7.143098289456338
3,1302.0,-0.19848844715005312,0.14960838503373816,-7.143086312243465
3,1303.0,-0.1984883140252239,0.14960973842717862,-7.143074378675969
3,1304.0,-0.19848818138728042,0.14961108687014132,-7.14306248875385
3,1305.0,-0.19848804923622265,0.14961243036262636,-7.143050642477113
3,1306.0,-0.19848791757205062,0.14961376890463365,-7.143038839845756
3,1307.0,-0.19848778639476428,0.14961510249616328,-7.143027080859776
3,1308.0,-0.1984876557043637,0.14961643113721515,-7.143015365519173
3,1309.0,-0.1984875255008488,0.14961775482778933,-7.1430036938239505
3,1310.0,-0.19848739578421967,0.1496190735678858,-7.142992065774111
3,1311.0,-0.19848726655447624,0.14962038735750455,-7.142980481369646
3,1312.0,-0.19848713781161856,0.14962169619664561,-7.142968940610566
3,1313.0,-0.19848700955564658,0.14962300008530893,-7.142957443496862
3,1314.0,-0.19848688178656032,0.14962429902349458,-7.142945990028536
3,1315.0,-0.1984867545043598,0.14962559301120248,-7.14293458020559
3,1316.0,-0.198486627709045,0.1496268820484327,-7.1429232140280225
3,1317.0,-0.1984865014006159,0.1496281661351852,-7.142911891495834
3,1318.0,-0.19848637557907256,0.14962944527145997,-7.142900612609027
3,1319.0,-0.19848625024441494,0.14963071945725706,-7.142889377367597
3,1320.0,-0.19848612539664304,0.1496319886925764,-7.14287818577155
3,1321.0,-0.19848600103575684,0.14963325297741806,-7.142867037820879
3,1322.0,-0.1984858771617564,0.14963451231178201,-7.142855933515586
3,1323.0,-0.19848575377464164,0.14963576669566825,-7.1428448728556715
3,1324.0,-0.19848563087441265,0.14963701612907676,-7.1428338558411415
3,1325.0,-0.19848550846106935,0.14963826061200758,-7.142822882471987
3,1326.0,-0.1984853865346118,0.14963950014446067,-7.142811952748212
3,1327.0,-0.19848526509503997,0.14964073472643608,-7.1428010666698185
3,1328.0,-0.19848514414235385,0.14964196435793375,-7.142790224236801
3,1329.0,-0.19848502367655346,0.1496431890389537,-7.142779425449163
3,1330.0,-0.1984849036976388,0.14964440876949597,-7.142768670306906
3,1331.0,-0.19848478420560986,0.14964562354956054,-7.142757958810029
3,1332.0,-0.19848466520046665,0.14964683337914736,-7.142747290958528
3,1333.0,-0.19848454668220916,0.1496480382582565,-7.142736666752408
3,1334.0,-0.1984844286508374,0.1496492381868879,-7.142726086191667
3,1335.0,-0.19848431110635134,0.14965043316504162,-7.142715549276305
3,1336.0,-0.19848419404875103,0.14965162319271763,-7.142705056006322
3,1337.0,-0.19848407747803645,0.14965280826991592,-7.1426946063817205
3,1338.0,-0.19848396139420757,0.1496539883966365,-7.1426842004024955
3,1339.0,-0.1984838457972644,0.14965516357287936,-7.14267383806865
3,1340.0,-0.198483730687207,0.14965633379864451,-7.142663519380186
3,1341.0,-0.1984836160640353,0.14965749907393194,-7.142653244337097
3,1342.0,-0.19848350202541837,0.14965865840578083,-7.142643021694634
3,1343.0,-0.19848338858659142,0.14965981163947945,-7.142632852818502
3,1344.0,-0.19848327555711878,0.1496609607111905,-7.1426227206376876
3,1345.0,-0.1984831629370005,0.149662105620914,-7.142612625152187
3,1346.0,-0.19848305072623654,0.14966324636864994,-7.142602566362001
3,1347.0,-0.1984829389248269,0.14966438295439835,-7.142592544267131
3,1348.0,-0.19848282753277163,0.14966551537815917,-7.142582558867578
3,1349.0,-0.19848271655007066,0.14966664363993243,-7.142572610163337
3,1350.0,-0.19848260597672407,0.14966776773971815,-7.142562698154415
3,1351.0,-0.19848249581273178,0.1496688876775163,-7.142552822840808
3,1352.0,-0.19848238605809385,0.1496700034533269,-7.142542984222515
3,1353.0,-0.19848227671281024,0.14967111506714992,-7.1425331822995375
3,1354.0,-0.19848216777688096,0.1496722225189854,-7.142523417071875
3,1355.0,-0.19848205925030601,0.14967332580883333,-7.1425136885395295
3,1356.0,-0.19848195113308542,0.1496744249366937,-7.142503996702499
3,1357.0,-0.19848184342521916,0.1496755199025665,-7.142494341560784
3,1358.0,-0.19848173612670725,0.14967661070645175,-7.142484723114382
3,1359.0,-0.19848162923754964,0.14967769734834943,-7.142475141363296
3,1360.0,-0.1984815227577464,0.14967877982825956,-7.1424655963075265
3,1361.0,-0.19848141668729746,0.14967985814618212,-7.142456087947075
3,1362.0,-0.1984813110262029,0.14968093230211715,-7.142446616281938
3,1363.0,-0.19848120577446265,0.1496820022960646,-7.142437181312114
3,1364.0,-0.19848110093207674,0.1496830681280245,-7.1424277830376095
3,1365.0,-0.19848099649904516,0.14968412979799683,-7.142418421458416
3,1366.0,-0.19848089247536793,0.14968518730598163,-7.142409096574539
3,1367.0,-0.19848078886104503,0.14968624065197886,-7.14239980838598
3,1368.0,-0.19848068565607646,0.14968728983598853,-7.14239055689273
3,1369.0,-0.19848058286046222,0.1496883348580106,-7.142381342094798
3,1370.0,-0.19848048047420233,0.14968937571804516,-7.142372163992187
3,1371.0,-0.19848037849729677,0.14969041241609218,-7.142363022584886
3,1372.0,-0.19848027692974554,0.14969144495215161,-7.1423539178729
3,1373.0,-0.19848017577154867,0.14969247332622349,-7.142344849856233
3,1374.0,-0.19848007502270612,0.1496934975383078,-7.142335818534883
3,1375.0,-0.1984799746832179,0.14969451758840457,-7.142326823908843
3,1376.0,-0.198479874753084,0.14969553347651376,-7.142317865978119
3,1377.0,-0.19847977523230448,0.14969654520263542,-7.1423089447427115
3,1378.0,-0.19847967612087927,0.1496975527667695,-7.142300060202621
3,1379.0,-0.1984795774188084,0.14969855616891603,-7.142291212357844
3,1380.0,-0.19847947912609187,0.149699555409075,-7.142282401208384
3,1381.0,-0.19847938124272968,0.1497005504872464,-7.142273626754241
3,1382.0,-0.19847928376872181,0.14970154140343025,-7.142264888995409
3,1383.0,-0.19847918670406828,0.14970252815762655,-7.1422561879318955
3,1384.0,-0.1984790900487691,0.1497035107498353,-7.142247523563697
3,1385.0,-0.19847899380282424,0.1497044891800565,-7.142238895890813
3,1386.0,-0.19847889796623372,0.1497054634482901,-7.142230304913244
3,1387.0,-0.19847880271260473,0.14970643178963824,-7.142221766193477
3,1388.0,-0.19847870786835853,0.14970739596889385,-7.142213264171573
3,1389.0,-0.19847861336494535,0.14970835668296356,-7.142204792702605
3,1390.0,-0.19847851920236523,0.14970931393184736,-7.142196351786571
3,1391.0,-0.19847842538061813,0.14971026771554524,-7.142187941423469
3,1392.0,-0.19847833189970407,0.1497112180340572,-7.142179561613299
3,1393.0,-0.19847823875962303,0.1497121648873833,-7.142171212356064
3,1394.0,-0.19847814596037505,0.14971310827552345,-7.142162893651763
3,1395.0,-0.1984780535019601,0.1497140481984777,-7.142154605500394
3,1396.0,-0.19847796138437818,0.14971498465624603,-7.142146347901959
3,1397.0,-0.19847786960762928,0.14971591764882844,-7.142138120856455
3,1398.0,-0.19847777817171344,0.14971684717622497,-7.142129924363888
3,1399.0,-0.19847768707663063,0.14971777323843558,-7.142121758424254
3,1400.0,-0.19847759632238085,0.14971869583546027,-7.142113623037552
3,1401.0,-0.1984775059089641,0.14971961496729905,-7.142105518203782
3,1402.0,-0.1984774158363804,0.14972053063395194,-7.142097443922948
3,1403.0,-0.19847732610462973,0.1497214428354189,-7.142089400195046
3,1404.0,-0.1984772367137121,0.14972235157169994,-7.142081387020076
3,1405.0,-0.19847714766362748,0.1497232568427951,-7.142073404398041
3,1406.0,-0.1984770589543759,0.14972415864870434,-7.142065452328937
3,1407.0,-0.19847697058595737,0.14972505698942767,-7.14205753081277
3,1408.0,-0.19847688255837187,0.14972595186496507,-7.142049639849534
3,1409.0,-0.1984767948716194,0.14972684327531657,-7.142041779439231
3,1410.0,-0.19847670752569999,0.1497277312204822,-7.142033949581864
3,1411.0,-0.1984766205206136,0.14972861570046186,-7.142026150277427
3,1412.0,-0.19847653385636024,0.14972949671525565,-7.142018381525926
3,1413.0,-0.19847644753293991,0.14973037426486352,-7.142010643327356
3,1414.0,-0.19847636155035261,0.14973124834928547,-7.142002935681719
3,1415.0,-0.19847627590859837,0.1497321189685215,-7.1419952585890165
3,1416.0,-0.19847619060767716,0.14973298612257166,-7.141987612049248
3,1417.0,-0.19847610564758897,0.14973384981143587,-7.141979996062413
3,1418.0,-0.1984760210283338,0.14973471003511418,-7.14197241062851
3,1419.0,-0.1984759367499117,0.1497355667936066,-7.141964855747542
3,1420.0,-0.19847585281232263,0.1497364200869131,-7.141957331419504
3,1421.0,-0.1984757692155666,0.1497372699150337,-7.141949837644403
3,1422.0,-0.19847568595964357,0.14973811627796835,-7.141942374422232
3,1423.0,-0.1984756030445536,0.1497389591757171,-7.141934941752999
3,1424.0,-0.19847552047029668,0.14973979860828,-7.141927539636698
3,1425.0,-0.19847543823687278,0.14974063457565692,-7.141920168073326
3,1426.0,-0.1984753563442819,0.14974146707784797,-7.141912827062891
3,1427.0,-0.19847527479252408,0.1497422961148531,-7.141905516605387
3,1428.0,-0.1984751935815993,0.1497431216866723,-7.14189823670082
3,1429.0,-0.19847511271150753,0.1497439437933056,-7.141890987349184
3,1430.0,-0.1984750321822488,0.14974476243475301,-7.141883768550482
3,1431.0,-0.19847495199382312,0.14974557761101448,-7.141876580304712
3,1432.0,-0.19847487214623047,0.14974638932209006,-7.141869422611878
3,1433.0,-0.19847479263947085,0.14974719756797975,-7.141862295471974
3,1434.0,-0.19847471359592223,0.14974800110461192,-7.141855209855204
3,1435.0,-0.19847463494771278,0.14974880062207918,-7.1418481596774015
3,1436.0,-0.19847455658021898,0.14974959728565815,-7.141841134663491
3,1437.0,-0.19847447849344083,0.14975039109534885,-7.141834134813479
3,1438.0,-0.19847440068737832,0.1497511820511513,-7.141827160127358
3,1439.0,-0.19847432316203148,0.14975197015306543,-7.141820210605136
3,1440.0,-0.19847424591740026,0.14975275540109131,-7.141813286246802
3,1441.0,-0.1984741689534847,0.1497535377952289,-7.141806387052364
3,1442.0,-0.19847409227028476,0.14975431733547823,-7.141799513021821
3,1443.0,-0.1984740158678005,0.14975509402183929,-7.141792664155174
3,1444.0,-0.19847393974603186,0.14975586785431205,-7.1417858404524175
3,1445.0,-0.19847386390497887,0.14975663883289655,-7.141779041913557
3,1446.0,-0.19847378834464152,0.1497574069575928,-7.141772268538587
3,1447.0,-0.19847371306501985,0.14975817222840074,-7.1417655203275165
3,1448.0,-0.1984736380661138,0.14975893464532042,-7.141758797280337
3,1449.0,-0.19847356334792338,0.14975969420835183,-7.141752099397052
3,1450.0,-0.19847348891044864,0.14976045091749496,-7.141745426677665
3,1451.0,-0.19847341475368951,0.14976120477274982,-7.141738779122165
3,1452.0,-0.19847334087764604,0.14976195577411638,-7.141732156730563
3,1453.0,-0.19847326728231823,0.1497627039215947,-7.141725559502857
3,1454.0,-0.19847319396770605,0.14976344921518472,-7.141718987439041
3,1455.0,-0.19847312093380953,0.14976419165488647,-7.141712440539123
3,1456.0,-0.19847304818062864,0.14976493124069995,-7.141705918803097
3,1457.0,-0.19847297570816338,0.14976566797262517,-7.141699422230961
3,1458.0,-0.1984729035164138,0.1497664018506621,-7.141692950822726
3,1459.0,-0.19847283160537985,0.14976713287481075,-7.141686504578382
3,1460.0,-0.19847275997506156,0.14976786104507112,-7.141680083497933
3,1461.0,-0.1984726886254589,0.14976858636144322,-7.141673687581374
3,1462.0,-0.1984726175565719,0.14976930882392706,-7.141667316828715
3,1463.0,-0.1984725467684005,0.1497700284325226,-7.141660971239947
3,1464.0,-0.1984724762609448,0.14977074518722988,-7.141654650815074
3,1465.0,-0.1984724060342047,0.1497714590880489,-7.141648355554093
3,1466.0,-0.1984723360881803,0.14977217013497962,-7.14164208545701
3,1467.0,-0.19847226642287152,0.14977287832802208,-7.14163584052382
3,1468.0,-0.19847219703827837,0.14977358366717625,-7.141629620754521
3,1469.0,-0.1984721279344009,0.14977428615244215,-7.14162342614912
3,1470.0,-0.19847205911123902,0.1497749857838198,-7.14161725670761
3,1471.0,-0.19847199056879283,0.14977568256130916,-7.141611112429997
3,1472.0,-0.1984719223070623,0.14977637648491024,-7.141604993316276
3,1473.0,-0.19847185432604736,0.14977706755462303,-7.141598899366448
3,1474.0,-0.1984717866257481,0.14977775577044758,-7.141592830580515
3,1475.0,-0.19847171920616447,0.14977844113238384,-7.141586786958477
3,1476.0,-0.1984716520672965,0.1497791236404318,-7.141580768500332
3,1477.0,-0.19847158520914418,0.1497798032945915,-7.141574775206084
3,1478.0,-0.1984715186317075,0.14978048009486294,-7.141568807075729
3,1479.0,-0.19847145233498645,0.14978115404124612,-7.141562864109265
3,1480.0,-0.19847138631898106,0.149781825133741,-7.1415569463066975
3,1481.0,-0.19847132058369132,0.14978249337234759,-7.141551053668025
3,1482.0,-0.1984712551291172,0.14978315875706594,-7.1415451861932455
3,1483.0,-0.19847118995525875,0.149783821287896,-7.141539343882359
3,1484.0,-0.19847112516239265,0.149784479945468,-7.141533535724366
3,1485.0,-0.19847106071974474,0.1497851350427034,-7.141527758960608
3,1486.0,-0.19847099650549882,0.14978578781796376,-7.141522002671249
3,1487.0,-0.19847093251965486,0.14978643827124904,-7.141516266856284
3,1488.0,-0.19847086876221284,0.14978708640255925,-7.141510551515711
3,1489.0,-0.19847080523317281,0.14978773221189443,-7.141504856649534
3,1490.0,-0.19847074193253475,0.14978837569925452,-7.141499182257752
3,1491.0,-0.19847067886029868,0.14978901686463955,-7.141493528340366
3,1492.0,-0.19847061601646454,0.14978965570804956,-7.141487894897374
3,1493.0,-0.19847055340103237,0.14979029222948445,-7.141482281928772
3,1494.0,-0.19847049101400216,0.14979092642894432,-7.141476689434569
3,1495.0,-0.19847042885537394,0.14979155830642912,-7.1414711174147625
3,1496.0,-0.19847036692514766,0.14979218786193887,-7.141465565869345
3,1497.0,-0.19847030522332337,0.14979281509547354,-7.141460034798328
3,1498.0,-0.19847024374990105,0.14979344000703318,-7.141454524201703
3,1499.0,-0.19847018250488066,0.14979406259661773,-7.1414490340794705
3,1500.0,-0.19847012148826226,0.14979468286422723,-7.141443564431631
3,1501.0,-0.19847006070004583,0.14979530080986167,-7.141438115258192
3,1502.0,-0.19847000014023136,0.14979591643352105,-7.141432686559144
3,1503.0,-0.19846993980881886,0.14979652973520538,-7.141427278334492
3,1504.0,-0.19846987970580834,0.14979714071491462,-7.141421890584236
3,1505.0,-0.19846981983119977,0.14979774937264884,-7.141416523308371
3,1506.0,-0.19846976018499315,0.14979835570840797,-7.141411176506901
3,1507.0,-0.19846970076718853,0.14979895972219207,-7.14140585017983
3,1508.0,-0.19846964157778585,0.14979956141400108,-7.141400544327149
3,1509.0,-0.19846958261678516,0.14980016078383504,-7.141395258948863
3,1510.0,-0.19846952388418643,0.14980075783169394,-7.1413899940449745
3,1511.0,-0.19846946537998963,0.1498013525575778,-7.141384749615478
3,1512.0,-0.19846940710419483,0.14980194496148655,-7.141379525660376
3,1513.0,-0.198469349056802,0.14980253504342028,-7.141374322179669
3,1514.0,-0.19846929123781112,0.14980312280337893,-7.1413691391733565
3,1515.0,-0.19846923364722222,0.14980370824136255,-7.14136397664144
3,1516.0,-0.1984691762850353,0.14980429135737108,-7.141358834583918
3,1517.0,-0.19846911915125032,0.14980487215140456,-7.141353713000789
3,1518.0,-0.1984690622458673,0.14980545062346298,-7.141348611892053
3,1519.0,-0.19846900556888628,0.14980602677354635,-7.141343531257715
3,1520.0,-0.1984689491203072,0.14980660060165463,-7.141338471097768
3,1521.0,-0.1984688929001301,0.14980717210778788,-7.14133343141222
3,1522.0,-0.19846883690835496,0.14980774129194604,-7.141328412201067
3,1523.0,-0.1984687811449818,0.14980830815412918,-7.141323413464304
3,1524.0,-0.19846872561001058,0.14980887269433724,-7.1413184352019385
3,1525.0,-0.19846867030344134,0.14980943491257023,-7.141313477413966
3,1526.0,-0.19846861522527406,0.14980999480882817,-7.141308540100391
3,1527.0,-0.19846856037550875,0.14981055238311106,-7.141303623261207
3,1528.0,-0.1984685057541454,0.14981110763541888,-7.1412987268964185
3,1529.0,-0.19846845136118402,0.14981166056575163,-7.141293851006023
3,1530.0,-0.19846839719662462,0.14981221117410934,-7.141288995590027
3,1531.0,-0.19846834326046717,0.14981275946049197,-7.1412841606484205
3,1532.0,-0.1984682895527117,0.14981330542489957,-7.141279346181212
3,1533.0,-0.1984682360733582,0.14981384906733208,-7.141274552188399
3,1534.0,-0.19846818282240664,0.14981439038778954,-7.141269778669976
3,1535.0,-0.19846812979985706,0.14981492938627194,-7.141265025625949
3,1536.0,-0.19846807700570945,0.14981546606277926,-7.14126029305632
3,1537.0,-0.19846802447701478,0.14981600004067297,-7.141255584282404
3,1538.0,-0.19846797231124358,0.1498165303291732,-7.141250908041648
3,1539.0,-0.19846792032877053,0.14981705875427828,-7.141246248232099
3,1540.0,-0.19846786852959566,0.1498175853159882,-7.141241604853751
3,1541.0,-0.198467816913719,0.149818110014303,-7.14123697790661
3,1542.0,-0.1984677654811405,0.14981863284922262,-7.1412323673906695
3,1543.0,-0.1984677142318602,0.1498191538207471,-7.141227773305934
3,1544.0,-0.19846766316587805,0.14981967292887638,-7.141223195652404
3,1545.0,-0.1984676122831941,0.14982019017361053,-7.141218634430077
3,1546.0,-0.19846756158380832,0.14982070555494953,-7.141214089638951
3,1547.0,-0.19846751106772076,0.14982121907289336,-7.141209561279034
3,1548.0,-0.19846746073493135,0.14982173072744207,-7.1412050493503205
3,1549.0,-0.19846741058544012,0.14982224051859558,-7.1412005538528085
3,1550.0,-0.19846736061924708,0.14982274844635396,-7.141196074786502
3,1551.0,-0.19846731083635222,0.14982325451071715,-7.141191612151396
3,1552.0,-0.1984672612367555,0.1498237587116852,-7.141187165947496
3,1553.0,-0.198467211820457,0.1498242610492581,-7.1411827361748
3,1554.0,-0.1984671625874567,0.14982476152343585,-7.141178322833307
3,1555.0,-0.19846711353775456,0.14982526013421846,-7.14117392592302
3,1556.0,-0.1984670646713506,0.14982575688160588,-7.141169545443938
3,1557.0,-0.19846701598824482,0.14982625176559816,-7.141165181396057
3,1558.0,-0.19846696748843723,0.14982674478619526,-7.14116083377938
3,1559.0,-0.19846691917192782,0.14982723594339722,-7.141156502593907
3,1560.0,-0.19846687103871657,0.14982772523720403,-7.14115218783964
3,1561.0,-0.19846682308880353,0.1498282126676157,-7.141147889516577
3,1562.0,-0.19846677532218868,0.14982869823463218,-7.141143607624718
3,1563.0,-0.19846672773887197,0.1498291819382535,-7.141139342164058
3,1564.0,-0.19846668033885348,0.1498296637784797,-7.141135093134609
3,1565.0,-0.19846663312213314,0.14983014375531073,-7.141130860536358
3,1566.0,-0.198466586088711,0.1498306218687466,-7.141126644369317
3,1567.0,-0.19846653923858704,0.1498310981187873,-7.141122444633474
3,1568.0,-0.19846649257176124,0.14983157250543286,-7.141118261328837
3,1569.0,-0.19846644608823366,0.14983204502868325,-7.141114094455405
3,1570.0,-0.19846639978800423,0.1498325156885385,-7.141109944013175
3,1571.0,-0.198466353671073,0.14983298448499857,-7.141105810002152
3,1572.0,-0.19846630773743992,0.1498334514180635,-7.14110169242233
3,1573.0,-0.19846626198710507,0.14983391648773328,-7.141097591273714
3,1574.0,-0.19846621642006837,0.1498343796940079,-7.141093506556301
3,1575.0,-0.19846617103632985,0.14983484103688735,-7.141089438270093
3,1576.0,-0.19846612583588952,0.14983530051637167,-7.141085386415085
3,1577.0,-0.19846608081874736,0.1498357581324608,-7.141081350991285
3,1578.0,-0.1984660359849034,0.1498362138851548,-7.141077331998687
3,1579.0,-0.1984659913343576,0.14983666777445365,-7.141073329437294
3,1580.0,-0.19846594686711,0.14983711980035733,-7.141069343307105
3,1581.0,-0.19846590258316057,0.14983756996286585,-7.141065373608119
3,1582.0,-0.19846585848250933,0.1498380182619792,-7.141061420340336
3,1583.0,-0.19846581456515627,0.1498384646976974,-7.141057483503761
3,1584.0,-0.19846577083110137,0.14983890927002047,-7.141053563098385
3,1585.0,-0.19846572728034467,0.14983935197894838,-7.1410496591242145
3,1586.0,-0.19846568391288616,0.1498397928244811,-7.1410457715812505
3,1587.0,-0.19846564072872583,0.14984023180661868,-7.141041900469489
3,1588.0,-0.19846559772786365,0.14984066892536113,-7.14103804578893
3,1589.0,-0.19846555491029969,0.1498411041807084,-7.141034207539578
3,1590.0,-0.1984655122760339,0.1498415375726605,-7.141030385721428
3,1591.0,-0.19846546982506627,0.14984196910121747,-7.141026580334481
3,1592.0,-0.19846542755739685,0.14984239876637925,-7.141022791378739
3,1593.0,-0.19846538547302559,0.1498428265681459,-7.141019018854199
3,1594.0,-0.1984653436150633,0.14984325206828691,-7.1410152666254
3,1595.0,-0.19846530205308302,0.14984367455961345,-7.141011540928999
3,1596.0,-0.19846526063592013,0.1498440955787694,-7.141007828214313
3,1597.0,-0.19846521936357459,0.14984451512575478,-7.141004128481329
3,1598.0,-0.1984651782360464,0.14984493320056955,-7.141000441730056
3,1599.0,-0.1984651372533356,0.14984534980321373,-7.1409967679604955
3,1600.0,-0.19846509641544216,0.14984576493368734,-7.1409931071726405
3,1601.0,-0.19846505572236608,0.14984617859199034,-7.140989459366498
3,1602.0,-0.19846501517410736,0.14984659077812276,-7.14098582454206
3,1603.0,-0.19846497477066602,0.14984700149208457,-7.140982202699333
3,1604.0,-0.19846493451204203,0.14984741073387584,-7.140978593838318
3,1605.0,-0.19846489439823542,0.1498478185034965,-7.140974997959009
3,1606.0,-0.1984648544292462,0.14984822480094653,-7.140971415061412
3,1607.0,-0.1984648146050743,0.14984862962622603,-7.140967845145521
3,1608.0,-0.1984647749257198,0.1498490329793349,-7.140964288211341
3,1609.0,-0.19846473539118265,0.1498494348602732,-7.140960744258871
3,1610.0,-0.19846469600146288,0.14984983526904092,-7.140957213288112
3,1611.0,-0.19846465675656044,0.14985023420563803,-7.140953695299054
3,1612.0,-0.1984646176564754,0.14985063167006454,-7.140950190291713
3,1613.0,-0.19846457870120773,0.1498510276623205,-7.140946698266078
3,1614.0,-0.1984645398907574,0.14985142218240585,-7.1409432192221525
3,1615.0,-0.19846450122512446,0.14985181523032062,-7.140939753159937
3,1616.0,-0.19846446270430887,0.14985220680606479,-7.140936300079429
3,1617.0,-0.19846442432831066,0.14985259690963837,-7.140932859980632
3,1618.0,-0.19846438609712982,0.14985298554104137,-7.140929432863544
3,1619.0,-0.19846434801076634,0.14985337270027377,-7.140926018728166
3,1620.0,-0.19846431006922022,0.14985375838733558,-7.140922617574494
3,1621.0,-0.19846427227249147,0.14985414260222682,-7.140919229402532
3,1622.0,-0.19846423462058008,0.14985452534494748,-7.140915854212278
3,1623.0,-0.19846419711348606,0.14985490661549752,-7.140912492003738
3,1624.0,-0.1984641597512094,0.149855286413877,-7.140909142776904
3,1625.0,-0.19846412253375012,0.14985566474008585,-7.140905806531778
3,1626.0,-0.19846408546110822,0.14985604159412413,-7.140902483268366
3,1627.0,-0.19846404853328364,0.14985641697599184,-7.140899172986658
3,1628.0,-0.19846401175027648,0.14985679088568896,-7.140895875686661
3,1629.0,-0.19846397511208666,0.14985716332321547,-7.140892591368375
3,1630.0,-0.1984639386187142,0.1498575342885714,-7.140889320031794
3,1631.0,-0.19846390227015911,0.14985790378175673,-7.140886061676926
3,1632.0,-0.19846386606642138,0.1498582718027715,-7.1408828163037645
3,1633.0,-0.19846383000750104,0.14985863835161567,-7.140879583912315
3,1634.0,-0.19846379409339804,0.14985900342828923,-7.140876364502572
3,1635.0,-0.19846375832411242,0.1498593670327922,-7.140873158074539
3,1636.0,-0.19846372269964416,0.1498597291651246,-7.140869964628214
3,1637.0,-0.19846368721999327,0.14986008982528642,-7.1408667841636015
3,1638.0,-0.19846365188515974,0.14986044901327764,-7.140863616680694
3,1639.0,-0.1984636166951436,0.14986080672909827,-7.140860462179498
3,1640.0,-0.1984635816499448,0.14986116297274832,-7.140857320660009
3,1641.0,-0.19846354674956337,0.14986151774422776,-7.140854192122233
3,1642.0,-0.1984635119939993,0.14986187104353663,-7.1408510765661655
3,1643.0,-0.19846347738325262,0.1498622228706749,-7.1408479739918045
3,1644.0,-0.1984634429173233,0.1498625732256426,-7.140844884399155
3,1645.0,-0.19846340859621134,0.14986292210843968,-7.140841807788215
3,1646.0,-0.19846337441991674,0.1498632695190662,-7.140838744158982
3,1647.0,-0.19846334038843952,0.1498636154575221,-7.140835693511459
3,1648.0,-0.19846330650177965,0.14986395992380747,-7.140832655845645
3,1649.0,-0.19846327275993716,0.1498643029179222,-7.140829631161541
3,1650.0,-0.19846323916291203,0.14986464443986636,-7.140826619459146
3,1651.0,-0.19846320571070428,0.14986498448963992,-7.140823620738459
3,1652.0,-0.19846317240331388,0.1498653230672429,-7.140820634999482
3,1653.0,-0.19846313924074085,0.14986566017267527,-7.140817662242214
3,1654.0,-0.19846310622298519,0.14986599580593707,-7.140814702466656
3,1655.0,-0.1984630733708633,0.14986632975542757,-7.14081175753883
3,1656.0,-0.19846304078869517,0.14986666096074838,-7.14080883681018
3,1657.0,-0.19846300831890717,0.14986699102366655,-7.140805926155503
3,1658.0,-0.1984629759614993,0.149867319944182,-7.1408030255748
3,1659.0,-0.1984629437164716,0.14986764772229483,-7.140800135068073
3,1660.0,-0.19846291158382404,0.14986797435800495,-7.140797254635318
3,1661.0,-0.19846287956355663,0.14986829985131242,-7.140794384276537
3,1662.0,-0.19846284765566932,0.14986862420221722,-7.1407915239917275
3,1663.0,-0.1984628158601622,0.14986894741071935,-7.1407886737808965
3,1664.0,-0.1984627841770352,0.1498692694768188,-7.140785833644035
3,1665.0,-0.19846275260628835,0.1498695904005156,-7.140783003581149
3,1666.0,-0.19846272114792163,0.1498699101818097,-7.140780183592235
3,1667.0,-0.19846268980193507,0.14987022882070114,-7.140777373677294
3,1668.0,-0.19846265856832865,0.14987054631718993,-7.140774573836329
3,1669.0,-0.19846262744710236,0.14987086267127603,-7.140771784069336
3,1670.0,-0.1984625964382562,0.14987117788295948,-7.140769004376316
3,1671.0,-0.1984625655417902,0.14987149195224023,-7.1407662347572725
3,1672.0,-0.19846253475770437,0.14987180487911833,-7.140763475212201
3,1673.0,-0.19846250408599864,0.14987211666359376,-7.1407607257411
3,1674.0,-0.19846247352667307,0.14987242730566652,-7.140757986343977
3,1675.0,-0.19846244307972766,0.1498727368053366,-7.140755257020827
3,1676.0,-0.19846241274516235,0.14987304516260402,-7.1407525377716485
3,1677.0,-0.19846238252297724,0.14987335237746877,-7.140749828596448
3,1678.0,-0.19846235241317223,0.14987365844993084,-7.140747129495218
3,1679.0,-0.19846232241574738,0.14987396337999026,-7.140744440467961
3,1680.0,-0.19846229253070266,0.14987426716764699,-7.140741761514679
3,1681.0,-0.19846226275803808,0.14987456981290107,-7.1407390926353695
3,1682.0,-0.19846223309775365,0.14987487131575244,-7.140736433830033
3,1683.0,-0.19846220354984936,0.14987517167620118,-7.140733785098671
3,1684.0,-0.19846217411432523,0.14987547089424724,-7.1407311464412855
3,1685.0,-0.19846214479118124,0.14987576896989063,-7.140728517857871
3,1686.0,-0.19846211558041738,0.14987606590313135,-7.1407258993484275
3,1687.0,-0.19846208648203364,0.1498763616939694,-7.14072329091296
3,1688.0,-0.19846205749603008,0.14987665634240477,-7.140720692551468
3,1689.0,-0.19846202862240667,0.14987694984843747,-7.140718104263949
3,1690.0,-0.19846199986116336,0.1498772422120675,-7.140715526050403
3,1691.0,-0.19846197121230022,0.14987753343329488,-7.140712957910829
3,1692.0,-0.1984619426758172,0.14987782351211956,-7.140710399845227
3,1693.0,-0.19846191425171436,0.1498781124485416,-7.140707851853605
3,1694.0,-0.19846188593999164,0.14987840024256097,-7.140705313935952
3,1695.0,-0.19846185774064906,0.14987868689417766,-7.140702786092274
3,1696.0,-0.19846182965368664,0.14987897240339165,-7.140700268322569
3,1697.0,-0.19846180167910435,0.149879256770203,-7.140697760626838
3,1698.0,-0.19846177381690222,0.14987953999461168,-7.140695263005081
3,1699.0,-0.1984617460670802,0.1498798220766177,-7.140692775457296
3,1700.0,-0.19846171842963833,0.14988010301622104,-7.140690297983485
3,1701.0,-0.19846169090457663,0.1498803828134217,-7.140687830583651
3,1702.0,-0.19846166349189506,0.1498806614682197,-7.140685373257788
3,1703.0,-0.19846163619159363,0.14988093898061502,-7.140682926005899
3,1704.0,-0.19846160900367232,0.1498812153506077,-7.140680488827981
3,1705.0,-0.19846158192813118,0.1498814905781977,-7.1406780617240395
3,1706.0,-0.19846155496497017,0.149881764663385,-7.140675644694071
3,1707.0,-0.19846152811418932,0.14988203760616964,-7.140673237738079
3,1708.0,-0.1984615013757886,0.14988230940655162,-7.140670840856057
3,1709.0,-0.19846147474976802,0.14988258006453092,-7.140668454048008
3,1710.0,-0.1984614482361276,0.14988284958010756,-7.140666077313936
3,1711.0,-0.1984614218348673,0.14988311795328155,-7.140663710653835
3,1712.0,-0.19846139554598716,0.14988338518405284,-7.140661354067706
3,1713.0,-0.19846136936948716,0.14988365127242145,-7.1406590075555565
3,1714.0,-0.1984613433053673,0.14988391621838743,-7.140656671117378
3,1715.0,-0.19846131735362757,0.14988418002195072,-7.140654344753171
3,1716.0,-0.198461291514268,0.14988444268311132,-7.140652028462937
3,1717.0,-0.19846126578728857,0.14988470420186928,-7.140649722246679
3,1718.0,-0.19846124017268926,0.14988496457822456,-7.140647426104394
3,1719.0,-0.19846121467047012,0.14988522381217717,-7.140645140036085
3,1720.0,-0.1984611892806311,0.1498854819037271,-7.1406428640417445
3,1721.0,-0.19846116403522354,0.149885738527074,-7.140640600994521
3,1722.0,-0.19846113899936,0.1498859930203682,-7.1406383567312295
3,1723.0,-0.19846111404891192,0.14988624664538258,-7.140636120124747
3,1724.0,-0.19846108918387934,0.14988649940211715,-7.140633891175072
3,1725.0,-0.19846106440426223,0.14988675129057194,-7.1406316698822065
3,1726.0,-0.19846103971006063,0.1498870023107469,-7.140629456246153
3,1727.0,-0.19846101510127448,0.149887252462642,-7.140627250266907
3,1728.0,-0.19846099057790384,0.14988750174625734,-7.140625051944473
3,1729.0,-0.19846096613994868,0.14988775016159286,-7.140622861278845
3,1730.0,-0.19846094178740903,0.14988799770864855,-7.1406206782700306
3,1731.0,-0.19846091752028483,0.14988824438742446,-7.140618502918023
3,1732.0,-0.19846089333857614,0.14988849019792053,-7.140616335222824
3,1733.0,-0.19846086924228293,0.1498887351401368,-7.140614175184438
3,1734.0,-0.19846084523140523,0.14988897921407324,-7.140612022802862
3,1735.0,-0.19846082130594297,0.14988922241972988,-7.1406098780780916
3,1736.0,-0.19846079746589623,0.1498894647571067,-7.140607741010135
3,1737.0,-0.19846077371126497,0.1498897062262037,-7.140605611598986
3,1738.0,-0.1984607500420492,0.14988994682702092,-7.140603489844646
3,1739.0,-0.1984607264582489,0.1498901865595583,-7.140601375747117
3,1740.0,-0.1984607029598641,0.14989042542381587,-7.140599269306397
3,1741.0,-0.19846067954689478,0.14989066341979362,-7.1405971705224855
3,1742.0,-0.19846065621934095,0.14989090054749157,-7.140595079395386
3,1743.0,-0.1984606329772026,0.1498911368069097,-7.140592995925094
3,1744.0,-0.19846060982047975,0.14989137219804802,-7.140590920111614
3,1745.0,-0.19846058674917239,0.14989160672090654,-7.140588851954941
3,1746.0,-0.1984605637632805,0.14989184037548522,-7.140586791455079
3,1747.0,-0.1984605408628041,0.14989207316178413,-7.140584738612026
3,1748.0,-0.19846051804774317,0.1498923050798032,-7.140582693425783
3,1749.0,-0.19846049531809776,0.14989253612954245,-7.14058065589635
3,1750.0,-0.19846047267386782,0.1498927663110019,-7.140578626023728
3,1751.0,-0.19846045011505337,0.1498929956241815,-7.14057660380791
3,1752.0,-0.1984604276416544,0.14989322406908134,-7.140574589248904
3,1753.0,-0.19846040525367092,0.14989345164570136,-7.140572582346712
3,1754.0,-0.19846038295110294,0.14989367835404155,-7.1405705831013275
3,1755.0,-0.19846036073395043,0.14989390419410192,-7.140568591512752
3,1756.0,-0.1984603386022134,0.1498941291658825,-7.140566607580985
3,1757.0,-0.19846031655589186,0.14989435326938325,-7.140564631306029
3,1758.0,-0.19846029459498582,0.1498945765046042,-7.140562662687882
3,1759.0,-0.19846027271949526,0.14989479887154533,-7.140560701726547
3,1760.0,-0.19846025092942018,0.14989502037020663,-7.140558748422017
3,1761.0,-0.1984602292247606,0.14989524100058815,-7.140556802774296
3,1762.0,-0.1984602076055165,0.14989546076268984,-7.140554864783392
3,1763.0,-0.1984601860716879,0.1498956796565117,-7.140552934449293
3,1764.0,-0.19846016462327476,0.14989589768205377,-7.140551011772002
3,1765.0,-0.1984601432602771,0.14989611483931603,-7.140549096751522
3,1766.0,-0.19846012198269494,0.14989633112829848,-7.14054718938785
3,1767.0,-0.19846010079052828,0.14989654654900111,-7.140545289680993
3,1768.0,-0.1984600796837771,0.14989676110142391,-7.140543397630944
3,1769.0,-0.1984600586624414,0.14989697478556693,-7.1405415132377
3,1770.0,-0.1984600377265212,0.14989718760143012,-7.1405396365012725
3,1771.0,-0.19846001687601647,0.1498973995490135,-7.140537767421647
3,1772.0,-0.19845999611092724,0.14989761062831705,-7.140535905998835
3,1773.0,-0.1984599754312535,0.1498978208393408,-7.140534052232833
3,1774.0,-0.19845995483699522,0.14989803018208475,-7.140532206123642
3,1775.0,-0.19845993432815245,0.14989823865654886,-7.140530367671257
3,1776.0,-0.19845991390472517,0.1498984462627332,-7.140528536875684
3,1777.0,-0.19845989356671337,0.14989865300063768,-7.14052671373692
3,1778.0,-0.19845987331411705,0.14989885887026239,-7.1405248982549665
3,1779.0,-0.1984598531469362,0.14989906387160726,-7.14052309042982
3,1780.0,-0.19845983306517087,0.14989926800467232,-7.1405212902614865
3,1781.0,-0.19845981306882102,0.14989947126945755,-7.140519497749961
3,1782.0,-0.19845979315788664,0.149899673665963,-7.140517712895245
3,1783.0,-0.19845977333236775,0.14989987519418863,-7.140515935697338
3,1784.0,-0.19845975359226437,0.14990007585413442,-7.140514166156241
3,1785.0,-0.19845973393757643,0.14990027564580044,-7.140512404271955
3,1786.0,-0.198459714368304,0.14990047456918662,-7.140510650044476
3,1787.0,-0.1984596948844471,0.149900672624293,-7.140508903473809
3,1788.0,-0.19845967548600563,0.14990086981111955,-7.140507164559951
3,1789.0,-0.19845965617297967,0.1499010661296663,-7.140505433302905
3,1790.0,-0.19845963694536917,0.14990126157993322,-7.14050370970266
3,1791.0,-0.1984596178031742,0.14990145616192035,-7.140501993759234
3,1792.0,-0.19845959874639468,0.14990164987562765,-7.140500285472614
3,1793.0,-0.19845957986660195,0.14990184179024707,-7.140498593051432
3,1794.0,-0.19845956108458848,0.14990203271092792,-7.140496909395372
3,1795.0,-0.19845954236593674,0.1499022229875213,-7.140495231419179
3,1796.0,-0.19845952371064676,0.14990241262002715,-7.140493559122859
3,1797.0,-0.19845950511871854,0.14990260160844554,-7.140491892506409
3,1798.0,-0.19845948659015206,0.14990278995277642,-7.140490231569825
3,1799.0,-0.1984594681249473,0.14990297765301983,-7.140488576313113
3,1800.0,-0.19845944972310434,0.14990316470917572,-7.1404869267362745
3,1801.0,-0.19845943138462308,0.14990335112124414,-7.140485282839299
3,1802.0,-0.19845941310950357,0.14990353688922506,-7.140483644622197
3,1803.0,-0.19845939489774583,0.1499037220131185,-7.140482012084965
3,1804.0,-0.19845937674934983,0.14990390649292443,-7.140480385227601
3,1805.0,-0.19845935866431558,0.14990409032864285,-7.140478764050107
3,1806.0,-0.19845934064264306,0.14990427352027383,-7.140477148552483
3,1807.0,-0.1984593226843323,0.14990445606781727,-7.140475538734728
3,1808.0,-0.19845930478938328,0.14990463797127324,-7.140473934596846
3,1809.0,-0.198459286957796,0.14990481923064172,-7.140472336138829
3,1810.0,-0.1984592691895705,0.1499049998459227,-7.140470743360685
3,1811.0,-0.1984592514847067,0.1499051798171162,-7.140469156262407
3,1812.0,-0.19845923384320469,0.1499053591442222,-7.140467574844003
3,1813.0,-0.1984592162650644,0.1499055378272407,-7.140465999105466
3,1814.0,-0.19845919875028586,0.14990571586617174,-7.140464429046801
3,1815.0,-0.19845918129886908,0.14990589326101525,-7.140462864668002
3,1816.0,-0.19845916391081403,0.14990607001177128,-7.140461305969075
3,1817.0,-0.19845914658612074,0.14990624611843983,-7.140459752950018
3,1818.0,-0.19845912932478918,0.14990642158102088,-7.14045820561083
3,1819.0,-0.19845911212681938,0.14990659639951445,-7.140456663951513
3,1820.0,-0.19845909499221134,0.14990677057392052,-7.140455127972064
3,1821.0,-0.19845907792096504,0.14990694410423908,-7.140453597672486
3,1822.0,-0.19845906091308047,0.14990711699047016,-7.140452073052775
3,1823.0,-0.19845904396855765,0.14990728923261376,-7.140450554112937
3,1824.0,-0.1984590270873966,0.14990746083066986,-7.140449040852968
3,1825.0,-0.19845901026959728,0.14990763178463845,-7.140447533272867
3,1826.0,-0.1984589935151597,0.14990780209451957,-7.1404460313726394
3,1827.0,-0.19845897682408387,0.1499079717603132,-7.1404445351522785
3,1828.0,-0.1984589601963698,0.14990814078201933,-7.140443044611789
3,1829.0,-0.19845894363201746,0.14990830915963796,-7.140441559751167
3,1830.0,-0.1984589271310269,0.1499084768931691,-7.140440080570416
3,1831.0,-0.19845891069339805,0.14990864398261278,-7.140438607069533
3,1832.0,-0.19845889431913097,0.14990881042796894,-7.140437139248522
3,1833.0,-0.19845887800822562,0.1499089762292376,-7.14043567710738
3,1834.0,-0.198458861760682,0.14990914138641878,-7.140434220646106
3,1835.0,-0.19845884557650018,0.14990930589951248,-7.140432769864707
3,1836.0,-0.19845882945568005,0.14990946976851868,-7.140431324763172
3,1837.0,-0.19845881339822172,0.14990963299343738,-7.14042988534151
3,1838.0,-0.1984587974041251,0.1499097955742686,-7.140428451599713
3,1839.0,-0.19845878147339024,0.14990995751101233,-7.140427023537791
3,1840.0,-0.19845876560601713,0.14991011880366856,-7.140425601155736
3,1841.0,-0.19845874980200576,0.14991027945223728,-7.140424184453553
3,1842.0,-0.19845873406135614,0.14991043945671853,-7.140422773431238
3,1843.0,-0.19845871838406826,0.1499105988171123,-7.140421368088792
3,1844.0,-0.19845870277014213,0.14991075753341854,-7.140419968426216
3,1845.0,-0.19845868721957774,0.14991091560563732,-7.140418574443511
3,1846.0,-0.1984586717323751,0.1499110730337686,-7.140417186140674
3,1847.0,-0.19845865630853424,0.14991122981781238,-7.140415803517708
3,1848.0,-0.1984586409480551,0.14991138595776868,-7.140414426574612
3,1849.0,-0.1984586256509377,0.14991154145363747,-7.1404130553113845
3,1850.0,-0.19845861041718205,0.14991169630541878,-7.140411689728025
3,1851.0,-0.19845859524678816,0.14991185051311262,-7.140410329824541
3,1852.0,-0.198458580139756,0.14991200407671895,-7.140408975600922
3,1853.0,-0.1984585650960856,0.14991215699623778,-7.140407627057172
3,1854.0,-0.19845855011577695,0.14991230927166913,-7.140406284193296
3,1855.0,-0.19845853519883003,0.14991246090301297,-7.140404947009284
3,1856.0,-0.19845852034524486,0.14991261189026933,-7.1404036155051465
3,1857.0,-0.19845850555502145,0.1499127622334382,-7.140402289680877
3,1858.0,-0.19845849082815978,0.14991291193251957,-7.1404009695364765
3,1859.0,-0.19845847616465986,0.14991306098751347,-7.140399655071947
3,1860.0,-0.19845846156452168,0.14991320939841984,-7.140398346287288
3,1861.0,-0.19845844702774526,0.14991335716523876,-7.140397043182497
3,1862.0,-0.19845843255433057,0.14991350428797018,-7.140395745757577
3,1863.0,-0.19845841814427764,0.1499136507666141,-7.140394454012527
3,1864.0,-0.19845840379758645,0.14991379660117052,-7.140393167947344
3,1865.0,-0.198458389514257,0.14991394179163944,-7.140391887562031
3,1866.0,-0.1984583752942893,0.1499140863380209,-7.140390612856591
3,1867.0,-0.19845836113768336,0.14991423024031483,-7.140389343831017
3,1868.0,-0.19845834704443915,0.1499143734985213,-7.140388080485314
3,1869.0,-0.1984583330145567,0.14991451611264026,-7.14038682281948
3,1870.0,-0.19845831904803599,0.14991465808267174,-7.140385570833516
3,1871.0,-0.19845830522291008,0.14991479861542503,-7.140384331522457
3,1872.0,-0.19845829147602462,0.1499149383528624,-7.140383099225023
3,1873.0,-0.1984582777748071,0.14991507762607892,-7.140381871021351
3,1874.0,-0.19845826411925746,0.1499152164350746,-7.140380646911437
3,1875.0,-0.19845825050937577,0.14991535477984944,-7.140379426895286
3,1876.0,-0.198458236945162,0.14991549266040344,-7.140378210972892
3,1877.0,-0.19845822342661612,0.14991563007673658,-7.140376999144262
3,1878.0,-0.1984582099537382,0.14991576702884887,-7.140375791409395
3,1879.0,-0.19845819652652816,0.14991590351674033,-7.140374587768284
3,1880.0,-0.19845818314498606,0.14991603954041094,-7.140373388220937
3,1881.0,-0.19845816980911188,0.14991617509986072,-7.140372192767347
3,1882.0,-0.1984581565189056,0.14991631019508964,-7.140371001407521
3,1883.0,-0.19845814327436728,0.14991644482609773,-7.140369814141457
3,1884.0,-0.19845813007549684,0.14991657899288494,-7.14036863096915
3,1885.0,-0.19845811692229434,0.14991671269545134,-7.140367451890605
3,1886.0,-0.19845810381475976,0.14991684593379687,-7.140366276905824
3,1887.0,-0.1984580907528931,0.14991697870792156,-7.1403651060148
3,1888.0,-0.19845807773669435,0.14991711101782543,-7.140363939217536
3,1889.0,-0.19845806476616354,0.1499172428635084,-7.140362776514037
3,1890.0,-0.19845805184130064,0.14991737424497056,-7.140361617904295
3,1891.0,-0.19845803896210565,0.1499175051622119,-7.1403604633883155
3,1892.0,-0.19845802612857857,0.14991763561523236,-7.140359312966095
3,1893.0,-0.1984580133407194,0.14991776560403197,-7.140358166637637
3,1894.0,-0.1984580005985282,0.14991789512861076,-7.140357024402941
3,1895.0,-0.1984579879020049,0.14991802418896868,-7.140355886262001
3,1896.0,-0.1984579752511495,0.14991815278510578,-7.140354752214826
3,1897.0,-0.19845796264596202,0.14991828091702203,-7.140353622261411
3,1898.0,-0.1984579500864425,0.14991840858471742,-7.140352496401754
3,1899.0,-0.19845793757259084,0.14991853578819198,-7.140351374635859
3,1900.0,-0.19845792510440713,0.14991866252744568,-7.1403502569637265
3,1901.0,-0.19845791268189136,0.14991878880247853,-7.1403491433853565
3,1902.0,-0.19845790030504348,0.14991891461329054,-7.140348033900744
3,1903.0,-0.19845788797386352,0.1499190399598817,-7.140346928509891
3,1904.0,-0.1984578756883515,0.14991916484225204,-7.140345827212802
3,1905.0,-0.19845786344850738,0.14991928926040152,-7.140344730009474
3,1906.0,-0.19845785125433119,0.14991941321433017,-7.140343636899902
3,1907.0,-0.1984578391058229,0.14991953670403793,-7.140342547884095
3,1908.0,-0.19845782700298256,0.1499196597295249,-7.1403414629620485
3,1909.0,-0.19845781494581013,0.14991978229079098,-7.140340382133764
3,1910.0,-0.19845780293430562,0.14991990438783623,-7.140339305399239
3,1911.0,-0.19845779096846902,0.14992002602066065,-7.140338232758472
3,1912.0,-0.19845777904830034,0.14992014718926422,-7.140337164211466
3,1913.0,-0.1984577671737996,0.14992026789364693,-7.140336099758223
3,1914.0,-0.19845775534496674,0.14992038813380879,-7.140335039398741
3,1915.0,-0.19845774356180182,0.1499205079097498,-7.140333983133017
3,1916.0,-0.19845773182430484,0.14992062722147,-7.140332930961058
3,1917.0,-0.19845772013247576,0.14992074606896932,-7.140331882882859
3,1918.0,-0.1984577084863146,0.14992086445224784,-7.140330838898418
3,1919.0,-0.19845769688582135,0.14992098237130547,-7.140329799007737
3,1920.0,-0.19845768533099603,0.14992109982614227,-7.14032876321082
3,1921.0,-0.19845767382183865,0.1499212168167582,-7.140327731507665
3,1922.0,-0.19845766235834916,0.14992133334315333,-7.140326703898265
3,1923.0,-0.1984576509405276,0.1499214494053276,-7.140325680382628
3,1924.0,-0.19845763956837395,0.14992156500328102,-7.140324660960754
3,1925.0,-0.19845762824188823,0.1499216801370136,-7.1403236456326376
3,1926.0,-0.19845761696107045,0.14992179480652532,-7.140322634398287
3,1927.0,-0.19845760572592056,0.1499219090118162,-7.140321627257694
3,1928.0,-0.1984575945364386,0.14992202275288624,-7.140320624210861
3,1929.0,-0.19845758339262454,0.14992213602973542,-7.140319625257788
3,1930.0,-0.1984575722944784,0.14992224884236377,-7.140318630398475
3,1931.0,-0.19845756124200023,0.1499223611907713,-7.1403176396329275
3,1932.0,-0.19845755023518993,0.14992247307495793,-7.140316652961138
3,1933.0,-0.19845753927404758,0.14992258449492374,-7.140315670383111
3,1934.0,-0.19845752835857314,0.14992269545066872,-7.140314691898842
3,1935.0,-0.1984575174887666,0.14992280594219284,-7.140313717508336
3,1936.0,-0.198457506664628,0.1499229159694961,-7.140312747211587
3,1937.0,-0.1984574958861573,0.14992302553257852,-7.140311781008601
3,1938.0,-0.19845748515335454,0.1499231346314401,-7.140310818899378
3,1939.0,-0.1984574744662197,0.14992324326608086,-7.1403098608839155
3,1940.0,-0.19845746382475277,0.14992335143650076,-7.14030890696221
3,1941.0,-0.19845745322895375,0.1499234591426998,-7.140307957134269
3,1942.0,-0.19845744267882268,0.14992356638467802,-7.140307011400086
3,1943.0,-0.1984574321743595,0.14992367316243535,-7.140306069759663
3,1944.0,-0.19845742171556424,0.14992377947597188,-7.140305132213005
3,1945.0,-0.1984574113024369,0.14992388532528755,-7.140304198760102
3,1946.0,-0.19845740093497752,0.14992399071038237,-7.140303269400967
3,1947.0,-0.198457390613186,0.14992409563125633,-7.140302344135588
3,1948.0,-0.19845738033706245,0.14992420008790946,-7.1403014229639705
3,1949.0,-0.1984573701066068,0.14992430408034177,-7.140300505886114
3,1950.0,-0.19845735992181907,0.1499244076085532,-7.1402995929020205
3,1951.0,-0.19845734978269924,0.1499245106725438,-7.140298684011682
3,1952.0,-0.19845733968924736,0.14992461327231354,-7.14029777921511
3,1953.0,-0.1984573296414634,0.14992471540786245,-7.140296878512299
3,1954.0,-0.19845731963934735,0.1499248170791905,-7.140295981903244
3,1955.0,-0.1984573096828992,0.14992491828629773,-7.1402950893879495
3,1956.0,-0.19845729977211898,0.1499250190291841,-7.1402942009664185
3,1957.0,-0.19845728999029347,0.14992511846125844,-7.140293324104638
3,1958.0,-0.19845728024954493,0.14992521747578505,-7.140292450925075
3,1959.0,-0.19845727054059165,0.14992531616711102,-7.1402915805957
3,1960.0,-0.1984572608634336,0.1499254145352364,-7.140290713116512
3,1961.0,-0.19845725121807078,0.14992551258016115,-7.14028984848751
3,1962.0,-0.19845724160450323,0.1499256103018853,-7.140288986708696
3,1963.0,-0.1984572320227309,0.14992570770040886,-7.140288127780072
3,1964.0,-0.19845722247275385,0.14992580477573178,-7.140287271701633
3,1965.0,-0.19845721295457203,0.14992590152785412,-7.140286418473382
3,1966.0,-0.19845720346818543,0.14992599795677583,-7.140285568095316
3,1967.0,-0.19845719401359407,0.14992609406249693,-7.140284720567437
3,1968.0,-0.19845718459079797,0.1499261898450174,-7.140283875889748
3,1969.0,-0.19845717519979714,0.1499262853043373,-7.140283034062247
3,1970.0,-0.1984571658405915,0.14992638044045659,-7.140282195084929
3,1971.0,-0.19845715651318113,0.14992647525337524,-7.1402813589578
3,1972.0,-0.19845714721756602,0.1499265697430933,-7.140280525680859
3,1973.0,-0.19845713795374614,0.14992666390961074,-7.140279695254106
3,1974.0,-0.1984571287217215,0.14992675775292758,-7.140278867677539
3,1975.0,-0.1984571195214921,0.14992685127304378,-7.140278042951158
3,1976.0,-0.19845711035305794,0.1499269444699594,-7.140277221074965
3,1977.0,-0.19845710121641902,0.1499270373436744,-7.140276402048959
3,1978.0,-0.19845709211157536,0.1499271298941888,-7.140275585873141
3,1979.0,-0.19845708303852694,0.14992722212150258,-7.140274772547509
3,1980.0,-0.19845707399727375,0.14992731402561577,-7.140273962072064
3,1981.0,-0.19845706498781582,0.14992740560652834,-7.140273154446807
3,1982.0,-0.19845705601015312,0.14992749686424028,-7.140272349671738
3,1983.0,-0.19845704706428566,0.14992758779875162,-7.140271547746852
3,1984.0,-0.19845703815021346,0.14992767841006235,-7.140270748672159
3,1985.0,-0.19845702926793649,0.14992776869817248,-7.140269952447652
3,1986.0,-0.19845702041745478,0.149927858663082,-7.14026915907333
3,1987.0,-0.1984570115987683,0.14992794830479092,-7.140268368549198
3,1988.0,-0.19845700281187706,0.1499280376232992,-7.140267580875248
3,1989.0,-0.19845699405678108,0.14992812661860688,-7.140266796051489
3,1990.0,-0.19845698533348033,0.14992821529071398,-7.140266014077919
3,1991.0,-0.1984569766419748,0.14992830363962042,-7.140265234954533
3,1992.0,-0.19845696798226456,0.1499283916653263,-7.140264458681336
3,1993.0,-0.19845695935434954,0.14992847936783155,-7.140263685258323
3,1994.0,-0.19845695075822975,0.14992856674713617,-7.140262914685501
3,1995.0,-0.19845694219390522,0.1499286538032402,-7.140262146962862
3,1996.0,-0.19845693366137593,0.14992874053614363,-7.140261382090414
3,1997.0,-0.19845692516064187,0.14992882694584642,-7.140260620068149
3,1998.0,-0.19845691669170307,0.14992891303234862,-7.140259860896075
3,1999.0,-0.19845690825455953,0.14992899879565022,-7.140259104574187
3,2000.0,-0.1984568998492112,0.1499290842357512,-7.140258351102487
3,2001.0,-0.19845689147565812,0.14992916935265155,-7.1402576004809735
3,2002.0,-0.19845688313390028,0.1499292541463513,-7.140256852709646
3,2003.0,-0.1984568748239377,0.14992933861685045,-7.140256107788508
3,2004.0,-0.19845686654577036,0.149929422764149,-7.140255365717555
3,2005.0,-0.19845685829939827,0.14992950658824694,-7.140254626496792
3,2006.0,-0.1984568500848214,0.14992959008914425,-7.140253890126213
3,2007.0,-0.1984568419020398,0.14992967326684095,-7.140253156605825
3,2008.0,-0.1984568337510534,0.14992975612133705,-7.14025242593562
3,2009.0,-0.1984568256318623,0.14992983865263254,-7.140251698115602
3,2010.0,-0.1984568175444664,0.14992992086072743,-7.1402509731457755
3,2011.0,-0.19845680948886577,0.14993000274562168,-7.140250251026135
3,2012.0,-0.19845680146506037,0.14993008430731536,-7.14024953175668
3,2013.0,-0.1984567934730502,0.1499301655458084,-7.1402488153374115
3,2014.0,-0.1984567855128353,0.14993024646110084,-7.140248101768331
3,2015.0,-0.19845677758441563,0.14993032705319267,-7.140247391049438
3,2016.0,-0.1984567696877912,0.1499304073220839,-7.14024668318073
3,2017.0,-0.198456761822962,0.1499304872677745,-7.1402459781622145
3,2018.0,-0.19845675398992807,0.14993056689026452,-7.1402452759938795
3,2019.0,-0.1984567461886894,0.1499306461895539,-7.140244576675738
3,2020.0,-0.19845673841924594,0.14993072516564268,-7.14024388020778
3,2021.0,-0.19845673068159772,0.14993080381853086,-7.14024318659001
3,2022.0,-0.19845672297574476,0.1499308821482184,-7.1402424958224255
3,2023.0,-0.19845671530168704,0.14993096015470536,-7.140241807905032
3,2024.0,-0.19845670765942455,0.1499310378379917,-7.140241122837824
3,2025.0,-0.19845670004895732,0.14993111519807742,-7.140240440620802
3,2026.0,-0.19845669247028533,0.14993119223496254,-7.140239761253968
3,2027.0,-0.19845668492340857,0.14993126894864706,-7.14023908473732
3,2028.0,-0.19845667740832706,0.14993134533913097,-7.14023841107086
3,2029.0,-0.1984566699250408,0.14993142140641424,-7.140237740254589
3,2030.0,-0.1984566624735498,0.14993149715049695,-7.140237072288504
3,2031.0,-0.19845665505385401,0.149931572571379,-7.140236407172607
3,2032.0,-0.19845664766595347,0.14993164766906047,-7.140235744906896
3,2033.0,-0.19845664030984816,0.14993172244354133,-7.140235085491369
3,2034.0,-0.19845663298553812,0.14993179689482156,-7.140234428926034
3,2035.0,-0.19845662569302333,0.1499318710229012,-7.140233775210886
3,2036.0,-0.19845661843230375,0.14993194482778022,-7.140233124345921
3,2037.0,-0.19845661120337946,0.14993201830945863,-7.140232476331147
3,2038.0,-0.19845660400625037,0.14993209146793643,-7.140231831166559
3,2039.0,-0.19845659684091654,0.14993216430321363,-7.140231188852157
3,2040.0,-0.19845658970737795,0.14993223681529022,-7.140230549387942
3,2041.0,-0.1984565826056346,0.14993230900416618,-7.1402299127739175
3,2042.0,-0.1984565755356865,0.14993238086984154,-7.140229279010077
3,2043.0,-0.19845656849753365,0.1499324524123163,-7.140228648096427
3,2044.0,-0.19845656149117602,0.14993252363159046,-7.14022802003296
3,2045.0,-0.19845655451661365,0.14993259452766397,-7.140227394819683
3,2046.0,-0.19845654757384654,0.1499326651005369,-7.140226772456594
3,2047.0,-0.19845654066287463,0.1499327353502092,-7.140226152943687
3,2048.0,-0.19845653378369799,0.14993280527668093,-7.140225536280972
3,2049.0,-0.1984565269363166,0.14993287487995202,-7.140224922468445
3,2050.0,-0.19845652012073045,0.1499329441600225,-7.1402243115061035
3,2051.0,-0.19845651333693953,0.1499330131168924,-7.140223703393947
3,2052.0,-0.19845650663762412,0.14993308121507873,-7.140223102854339
3,2053.0,-0.19845649998755424,0.14993314881268976,-7.140222506729198
3,2054.0,-0.19845649335870358,0.14993321619460745,-7.140221912506187
3,2055.0,-0.19845648675107214,0.1499332833608318,-7.140221320185311
3,2056.0,-0.19845648016465992,0.14993335031136282,-7.140220729766563
3,2057.0,-0.19845647359946691,0.1499334170462005,-7.140220141249947
3,2058.0,-0.1984564670554931,0.14993348356534486,-7.140219554635463
3,2059.0,-0.19845646053273855,0.14993354986879584,-7.140218969923115
3,2060.0,-0.19845645403120318,0.1499336159565535,-7.140218387112891
3,2061.0,-0.198456447550887,0.14993368182861783,-7.140217806204801
3,2062.0,-0.1984564410917901,0.1499337474849888,-7.1402172271988436
3,2063.0,-0.19845643465391236,0.14993381292566646,-7.1402166500950175
3,2064.0,-0.19845642823725385,0.14993387815065076,-7.140216074893321
3,2065.0,-0.19845642184181456,0.1499339431599417,-7.140215501593757
3,2066.0,-0.1984564154675945,0.14993400795353934,-7.140214930196328
3,2067.0,-0.1984564091145936,0.14993407253144364,-7.140214360701026
3,2068.0,-0.19845640278281196,0.14993413689365456,-7.140213793107856
3,2069.0,-0.19845639647224952,0.1499342010401722,-7.14021322741682
3,2070.0,-0.1984563901829063,0.14993426497099643,-7.140212663627914
3,2071.0,-0.19845638391478232,0.14993432868612738,-7.14021210174114
3,2072.0,-0.19845637766787752,0.14993439218556495,-7.140211541756496
3,2073.0,-0.19845637144219194,0.1499344554693092,-7.140210983673984
3,2074.0,-0.19845636523772558,0.14993451853736012,-7.1402104274936065
3,2075.0,-0.19845635905447845,0.14993458138971769,-7.140209873215358
3,2076.0,-0.1984563528924505,0.14993464402638193,-7.140209320839238
3,2077.0,-0.1984563467516418,0.14993470644735282,-7.1402087703652555
3,2078.0,-0.1984563406320523,0.14993476865263036,-7.140208221793402
3,2079.0,-0.198456334533682,0.14993483064221458,-7.140207675123679
3,2080.0,-0.19845632845653094,0.14993489241610544,-7.140207130356087
3,2081.0,-0.19845632240059907,0.14993495397430298,-7.140206587490627
3,2082.0,-0.19845631636588645,0.14993501531680717,-7.140206046527303
3,2083.0,-0.19845631035239303,0.14993507644361803,-7.1402055074661055
3,2084.0,-0.1984563043601188,0.14993513735473554,-7.140204970307038
3,2085.0,-0.1984562983890638,0.1499351980501597,-7.140204435050105
3,2086.0,-0.19845629243922802,0.14993525852989056,-7.140203901695306
3,2087.0,-0.19845628651061145,0.14993531879392805,-7.1402033702426335
3,2088.0,-0.1984562806032141,0.1499353788422722,-7.140202840692094
3,2089.0,-0.19845627471703597,0.149935438674923,-7.140202313043687
3,2090.0,-0.19845626885207704,0.1499354982918805,-7.1402017872974115
3,2091.0,-0.19845626300833732,0.14993555769314465,-7.1402012634532666
3,2092.0,-0.19845625718581683,0.14993561687871543,-7.140200741511253
3,2093.0,-0.19845625138451556,0.1499356758485929,-7.140200221471374
3,2094.0,-0.19845624560443348,0.149935734602777,-7.140199703333623
3,2095.0,-0.19845623984557065,0.1499357931412678,-7.1401991870980055
3,2096.0,-0.198456234107927,0.14993585146406524,-7.1401986727645195
3,2097.0,-0.1984562283915026,0.14993590957116934,-7.140198160333166
3,2098.0,-0.19845622269629737,0.14993596746258012,-7.140197649803939
3,2099.0,-0.1984562170223114,0.14993602513829754,-7.140197141176847
3,2100.0,-0.1984562113695446,0.1499360825983216,-7.140196634451886
3,2101.0,-0.19845620573799705,0.14993613984265236,-7.140196129629056
3,2102.0,-0.1984562001276687,0.14993619687128976,-7.14019562670836
3,2103.0,-0.19845619453855956,0.14993625368423383,-7.140195125689792
3,2104.0,-0.19845618897066966,0.14993631028148455,-7.140194626573357
3,2105.0,-0.19845618342399896,0.14993636666304194,-7.140194129359055
3,2106.0,-0.19845617789854747,0.14993642282890599,-7.140193634046884
3,2107.0,-0.19845617239431518,0.1499364787790767,-7.140193140636843
3,2108.0,-0.19845616691130213,0.14993653451355407,-7.140192649128935
3,2109.0,-0.19845616144950828,0.14993659003233809,-7.140192159523157
3,2110.0,-0.19845615600893365,0.14993664533542878,-7.140191671819511
3,2111.0,-0.19845615058957825,0.14993670042282614,-7.140191186017998
3,2112.0,-0.19845614519144203,0.14993675529453016,-7.1401907021186135
3,2113.0,-0.19845613981452506,0.14993680995054082,-7.1401902201213625
3,2114.0,-0.1984561344588273,0.14993686439085815,-7.140189740026243
3,2115.0,-0.19845612912434873,0.14993691861548214,-7.140189261833256
3,2116.0,-0.19845612381108937,0.1499369726244128,-7.140188785542397
3,2117.0,-0.19845611851904926,0.1499370264176501,-7.140188311153671
3,2118.0,-0.19845611324822834,0.1499370799951941,-7.140187838667077
3,2119.0,-0.19845610799862665,0.14993713335704473,-7.1401873680826125
3,2120.0,-0.19845610277024417,0.149937186503202,-7.140186899400285
3,2121.0,-0.1984560975630809,0.14993723943366596,-7.140186432620085
3,2122.0,-0.19845609237713685,0.1499372921484366,-7.140185967742017
3,2123.0,-0.198456087212412,0.14993734464751388,-7.140185504766079
3,2124.0,-0.1984560820689064,0.1499373969308978,-7.140185043692278
3,2125.0,-0.19845607694661999,0.1499374489985884,-7.140184584520602
3,2126.0,-0.19845607184555278,0.14993750085058566,-7.140184127251058
3,2127.0,-0.19845606676570482,0.14993755248688959,-7.140183671883653
3,2128.0,-0.19845606170707605,0.14993760390750016,-7.140183218418374
3,2129.0,-0.19845605666966648,0.1499376551124174,-7.140182766855226
3,2130.0,-0.19845605165347616,0.1499377061016413,-7.140182317194211
3,2131.0,-0.19845604665850505,0.14993775687517188,-7.140181869435325
3,2132.0,-0.19845604168475314,0.1499378074330091,-7.140181423578571
3,2133.0,-0.19845603673222045,0.14993785777515298,-7.140180979623952
3,2134.0,-0.19845603180090696,0.14993790790160352,-7.14018053757146
3,2135.0,-0.1984560268908127,0.14993795781236072,-7.140180097421104
3,2136.0,-0.19845602200193765,0.1499380075074246,-7.140179659172875
3,2137.0,-0.19845601713428182,0.14993805698679513,-7.14017922282678
3,2138.0,-0.1984560122878452,0.1499381062504723,-7.1401787883828165
3,2139.0,-0.19845600746262781,0.14993815529845617,-7.140178355840984
3,2140.0,-0.19845600265862962,0.14993820413074666,-7.140177925201283
3,2141.0,-0.19845599787585066,0.14993825274734382,-7.140177496463716
3,2142.0,-0.1984559931142909,0.14993830114824766,-7.140177069628279
3,2143.0,-0.19845598837395034,0.14993834933345815,-7.1401766446949715
3,2144.0,-0.19845598365482903,0.1499383973029753,-7.140176221663797
3,2145.0,-0.1984559789569269,0.1499384450567991,-7.140175800534752
3,2146.0,-0.198455974280244,0.14993849259492958,-7.140175381307841
3,2147.0,-0.19845596962478032,0.14993853991736672,-7.14017496398306
3,2148.0,-0.19845596499053586,0.1499385870241105,-7.140174548560411
3,2149.0,-0.1984559603775106,0.14993863391516096,-7.140174135039894
3,2150.0,-0.19845595578570457,0.14993868059051807,-7.14017372342151
3,2151.0,-0.19845595121511775,0.14993872705018185,-7.140173313705256
3,2152.0,-0.19845594666575012,0.14993877329415228,-7.140172905891131
3,2153.0,-0.19845594213760173,0.14993881932242936,-7.1401724999791405
3,2154.0,-0.19845593763067254,0.14993886513501314,-7.14017209596928
3,2155.0,-0.19845593314496257,0.14993891073190355,-7.14017169386155
3,2156.0,-0.19845592868047182,0.14993895611310062,-7.140171293655953
3,2157.0,-0.1984559242372003,0.14993900127860435,-7.14017089535249
3,2158.0,-0.19845591981514799,0.14993904622841475,-7.140170498951157
3,2159.0,-0.19845591546728716,0.14993909042408066,-7.140170109200494
3,2160.0,-0.19845591114481614,0.1499391343616622,-7.14016972172582
3,2161.0,-0.19845590683577727,0.14993917816270655,-7.14016933545523
3,2162.0,-0.19845590254017054,0.14993922182721373,-7.140168950388725
3,2163.0,-0.19845589825799595,0.14993926535518373,-7.1401685665263015
3,2164.0,-0.19845589398925353,0.1499393087466165,-7.140168183867966
3,2165.0,-0.19845588973394324,0.14993935200151212,-7.140167802413709
3,2166.0,-0.1984558854920651,0.14993939511987056,-7.140167422163539
3,2167.0,-0.19845588126361913,0.1499394381016918,-7.140167043117454
3,2168.0,-0.19845587704860526,0.14993948094697584,-7.140166665275448
3,2169.0,-0.19845587284702357,0.14993952365572272,-7.140166288637528
3,2170.0,-0.19845586865887402,0.1499395662279324,-7.140165913203692
3,2171.0,-0.19845586448415664,0.1499396086636049,-7.14016553897394
3,2172.0,-0.19845586032287138,0.1499396509627402,-7.1401651659482726
3,2173.0,-0.19845585617501826,0.14993969312533834,-7.140164794126685
3,2174.0,-0.19845585204059732,0.14993973515139927,-7.140164423509188
3,2175.0,-0.1984558479196085,0.149939777040923,-7.140164054095767
3,2176.0,-0.19845584381205184,0.14993981879390958,-7.140163685886434
3,2177.0,-0.19845583971792732,0.14993986041035898,-7.140163318881185
3,2178.0,-0.19845583563723496,0.14993990189027115,-7.140162953080018
3,2179.0,-0.19845583156997473,0.14993994323364615,-7.140162588482934
3,2180.0,-0.19845582751614665,0.14993998444048398,-7.140162225089935
3,2181.0,-0.19845582347575072,0.1499400255107846,-7.140161862901018
3,2182.0,-0.19845581944878693,0.14994006644454808,-7.140161501916187
3,2183.0,-0.1984558154352553,0.14994010724177434,-7.14016114213544
3,2184.0,-0.1984558114351558,0.1499401479024634,-7.140160783558773
3,2185.0,-0.19845580744848848,0.1499401884266153,-7.140160426186195
3,2186.0,-0.19845580347525327,0.14994022881423,-7.1401600700176955
3,2187.0,-0.19845579951545023,0.1499402690653075,-7.140159715053283
3,2188.0,-0.19845579556907933,0.14994030917984785,-7.140159361292953
3,2189.0,-0.19845579163614058,0.14994034915785098,-7.140159008736705
3,2190.0,-0.19845578771663397,0.14994038899931694,-7.140158657384544
3,2191.0,-0.1984557838105595,0.1499404287042457,-7.140158307236462
3,2192.0,-0.1984557799179172,0.1499404682726373,-7.140157958292471
3,2193.0,-0.19845577603870704,0.1499405077044917,-7.140157610552559
3,2194.0,-0.19845577217292903,0.1499405469998089,-7.140157264016732
3,2195.0,-0.19845576832058315,0.14994058615858893,-7.140156918684987
3,2196.0,-0.19845576448166943,0.1499406251808318,-7.140156574557328
3,2197.0,-0.19845576065618786,0.14994066406653744,-7.140156231633748
3,2198.0,-0.19845575684413844,0.1499407028157059,-7.140155889914258
3,2199.0,-0.19845575304552115,0.1499407414283372,-7.140155549398847
3,2200.0,-0.19845574926033602,0.14994077990443128,-7.1401552100875225
3,2201.0,-0.19845574548858302,0.1499408182439882,-7.140154871980278
3,2202.0,-0.1984557417302622,0.14994085644700791,-7.14015453507712
3,2203.0,-0.1984557379853735,0.14994089451349046,-7.1401541993780455
3,2204.0,-0.19845573425391697,0.14994093244343581,-7.140153864883056
3,2205.0,-0.19845573053589258,0.14994097023684397,-7.140153531592151
3,2206.0,-0.1984557268313003,0.14994100789371495,-7.140153199505325
3,2207.0,-0.1984557231401402,0.14994104541404873,-7.140152868622588
3,2208.0,-0.19845571946241225,0.14994108279784535,-7.140152538943927
3,2209.0,-0.19845571579811644,0.14994112004510476,-7.140152210469358
3,2210.0,-0.19845571214725277,0.149941157155827,-7.140151883198868
3,2211.0,-0.19845570850982128,0.14994119413001206,-7.140151557132464
3,2212.0,-0.1984557048858219,0.1499412309676599,-7.140151232270141
3,2213.0,-0.1984557012752547,0.14994126766877058,-7.140150908611905
3,2214.0,-0.1984556976781196,0.1499413042333441,-7.14015058615775
3,2215.0,-0.19845569409441668,0.14994134066138037,-7.140150264907679
3,2216.0,-0.1984556905241459,0.1499413769528795,-7.140149944861692
3,2217.0,-0.19845568696730728,0.14994141310784143,-7.140149626019792
3,2218.0,-0.1984556834239008,0.14994144912626617,-7.140149308381971
3,2219.0,-0.19845567989392646,0.14994148500815374,-7.140148991948237
3,2220.0,-0.19845567637738426,0.14994152075350412,-7.140148676718585
3,2221.0,-0.1984556728742742,0.1499415563623173,-7.140148362693014
3,2222.0,-0.19845566938459633,0.1499415918345933,-7.14014804987153
3,2223.0,-0.19845566590835056,0.1499416271703321,-7.14014773825413
3,2224.0,-0.19845566244553697,0.14994166236953374,-7.1401474278408115
3,2225.0,-0.19845565899615553,0.14994169743219818,-7.140147118631581
3,2226.0,-0.19845565556020622,0.14994173235832545,-7.140146810626431
3,2227.0,-0.19845565213768906,0.14994176714791552,-7.140146503825366
3,2228.0,-0.19845564872860405,0.1499418018009684,-7.140146198228383
3,2229.0,-0.19845564533295118,0.1499418363174841,-7.140145893835483
3,2230.0,-0.19845564195073045,0.1499418706974626,-7.140145590646667
3,2231.0,-0.19845563858194187,0.14994190494090393,-7.140145288661936
3,2232.0,-0.19845563522658546,0.14994193904780806,-7.140144987881286
3,2233.0,-0.19845563188466117,0.149941973018175,-7.14014468830472
3,2234.0,-0.19845562855616905,0.14994200685200476,-7.140144389932243
3,2235.0,-0.19845562524110907,0.14994204054929736,-7.140144092763846
3,2236.0,-0.19845562193948124,0.14994207411005275,-7.140143796799533
3,2237.0,-0.19845561865128555,0.14994210753427095,-7.140143502039305
3,2238.0,-0.198455615376522,0.14994214082195198,-7.140143208483158
3,2239.0,-0.1984556121151906,0.1499421739730958,-7.140142916131095
3,2240.0,-0.19845560886729136,0.14994220698770247,-7.140142624983119
3,2241.0,-0.19845560563282427,0.14994223986577193,-7.140142335039226
3,2242.0,-0.1984556024117893,0.1499422726073042,-7.140142046299412
3,2243.0,-0.1984555992041865,0.1499423052122993,-7.1401417587636855
3,2244.0,-0.19845559601001586,0.14994233768075718,-7.140141472432045
3,2245.0,-0.19845559282927733,0.1499423700126779,-7.140141187304482
3,2246.0,-0.19845558966197097,0.14994240220806143,-7.1401409033810035
3,2247.0,-0.19845558650809675,0.1499424342669078,-7.140140620661615
3,2248.0,-0.19845558336765468,0.14994246618921694,-7.1401403391463045
3,2249.0,-0.19845558024064477,0.14994249797498893,-7.140140058835081
3,2250.0,-0.198455577127067,0.1499425296242237,-7.14013977972794
3,2251.0,-0.19845557402692135,0.1499425611369213,-7.140139501824879
3,2252.0,-0.19845557094020788,0.14994259251308173,-7.140139225125906
3,2253.0,-0.19845556786692656,0.14994262375270495,-7.140138949631017
3,2254.0,-0.19845556480707735,0.149942654855791,-7.140138675340209
3,2255.0,-0.19845556176066032,0.14994268582233986,-7.140138402253486
3,2256.0,-0.19845555872767542,0.1499427166523515,-7.140138130370848
3,2257.0,-0.19845555570812268,0.149942747345826,-7.140137859692293
3,2258.0,-0.19845555270200207,0.1499427779027633,-7.140137590217819
3,2259.0,-0.19845554970931364,0.1499428083231634,-7.1401373219474324
3,2260.0,-0.19845554673005733,0.14994283860702634,-7.140137054881127
3,2261.0,-0.19845554376423316,0.14994286875435206,-7.140136789018904
3,2262.0,-0.19845554081184116,0.1499428987651406,-7.14013652436077
3,2263.0,-0.1984555378728813,0.149942928639392,-7.140136260906716
3,2264.0,-0.1984555349473536,0.14994295837710617,-7.1401359986567465
3,2265.0,-0.198455532035258,0.14994298797828315,-7.140135737610857
3,2266.0,-0.1984555291365946,0.14994301744292296,-7.140135477769055
3,2267.0,-0.1984555262513633,0.1499430467710256,-7.140135219131334
3,2268.0,-0.1984555233795642,0.14994307596259102,-7.140134961697704
3,2269.0,-0.19845552052119722,0.1499431050176193,-7.140134705468151
3,2270.0,-0.19845551767626238,0.14994313393611033,-7.140134450442683
3,2271.0,-0.1984555148447597,0.1499431627180642,-7.1401341966212994
3,2272.0,-0.19845551202668915,0.14994319136348092,-7.140133944003996
3,2273.0,-0.19845550922205077,0.1499432198723604,-7.140133692590782
3,2274.0,-0.19845550643084453,0.14994324824470273,-7.14013344238165
3,2275.0,-0.19845550365307044,0.14994327648050787,-7.1401331933766
3,2276.0,-0.1984555008887285,0.1499433045797758,-7.140132945575634
3,2277.0,-0.19845549813781868,0.14994333254250655,-7.14013269897875
3,2278.0,-0.19845549540034102,0.14994336036870012,-7.140132453585952
3,2279.0,-0.19845549267629553,0.14994338805835652,-7.14013220939724
3,2280.0,-0.1984554899852643,0.14994341541242728,-7.1401319681679905
3,2281.0,-0.19845548733657037,0.14994344233614715,-7.140131730733935
3,2282.0,-0.1984554846958229,0.14994346917909193,-7.140131494012217
3,2283.0,-0.19845548206302183,0.14994349594126163,-7.140131258002832
3,2284.0,-0.19845547943816724,0.14994352262265626,-7.140131022705784
3,2285.0,-0.1984554768212591,0.1499435492232758,-7.140130788121072
3,2286.0,-0.19845547421229742,0.14994357574312026,-7.1401305542486915
3,2287.0,-0.19845547161128219,0.14994360218218966,-7.140130321088651
3,2288.0,-0.19845546901821343,0.14994362854048396,-7.140130088640945
3,2289.0,-0.1984554664330911,0.1499436548180032,-7.140129856905571
3,2290.0,-0.1984554638559152,0.14994368101474737,-7.140129625882536
3,2291.0,-0.19845546128668579,0.14994370713071645,-7.140129395571834
3,2292.0,-0.1984554587254028,0.14994373316591045,-7.140129165973468
3,2293.0,-0.19845545617206628,0.14994375912032937,-7.140128937087437
3,2294.0,-0.19845545362667621,0.1499437849939732,-7.140128708913743
3,2295.0,-0.1984554510892326,0.14994381078684196,-7.140128481452383
3,2296.0,-0.19845544855973543,0.14994383649893567,-7.140128254703358
3,2297.0,-0.1984554460381847,0.14994386213025426,-7.14012802866667
3,2298.0,-0.19845544352458044,0.1499438876807978,-7.140127803342313
3,2299.0,-0.19845544101892262,0.14994391315056624,-7.140127578730296
3,2300.0,-0.19845543852121125,0.14994393853955962,-7.140127354830612
3,2301.0,-0.19845543603144636,0.14994396384777792,-7.140127131643264
3,2302.0,-0.19845543354962789,0.14994398907522113,-7.1401269091682495
3,2303.0,-0.1984554310757559,0.14994401422188927,-7.140126687405572
3,2304.0,-0.19845542860983034,0.14994403928778233,-7.140126466355232
3,2305.0,-0.19845542615185122,0.1499440642729003,-7.140126246017222
3,2306.0,-0.19845542370181857,0.14994408917724322,-7.140126026391552
3,2307.0,-0.19845542125973237,0.14994411400081104,-7.1401258074782135
3,2308.0,-0.19845541882559262,0.1499441387436038,-7.140125589277214
3,2309.0,-0.19845541639939931,0.14994416340562147,-7.140125371788549
3,2310.0,-0.1984554139811525,0.14994418798686404,-7.1401251550122184
3,2311.0,-0.19845541157085209,0.14994421248733156,-7.140124938948222
3,2312.0,-0.19845540916849813,0.149944236907024,-7.140124723596561
3,2313.0,-0.19845540677409065,0.14994426124594135,-7.140124508957241
3,2314.0,-0.1984554043876296,0.14994428550408365,-7.140124295030248
3,2315.0,-0.19845540200911502,0.14994430968145084,-7.140124081815595
3,2316.0,-0.1984553996385469,0.14994433377804295,-7.140123869313278
3,2317.0,-0.1984553972759252,0.14994435779386,-7.1401236575232945
3,2318.0,-0.19845539492124997,0.14994438172890198,-7.140123446445648
3,2319.0,-0.1984553925745212,0.14994440558316885,-7.140123236080334
3,2320.0,-0.19845539023573885,0.14994442935666066,-7.140123026427355
3,2321.0,-0.19845538790490297,0.1499444530493774,-7.140122817486714
3,2322.0,-0.19845538558201353,0.14994447666131905,-7.140122609258405
3,2323.0,-0.19845538326707057,0.14994450019248562,-7.140122401742438
3,2324.0,-0.19845538096007403,0.1499445236428771,-7.140122194938798
3,2325.0,-0.19845537866102397,0.14994454701249355,-7.140121988847498
3,2326.0,-0.19845537636992036,0.14994457030133487,-7.140121783468536
3,2327.0,-0.19845537408676317,0.14994459350940115,-7.140121578801901
3,2328.0,-0.19845537181155246,0.1499446166366923,-7.140121374847608
3,2329.0,-0.1984553695442882,0.14994463968320842,-7.140121171605649
3,2330.0,-0.19845536728497037,0.14994466264894946,-7.140120969076025
3,2331.0,-0.198455365033599,0.1499446855339154,-7.140120767258735
3,2332.0,-0.19845536279017412,0.14994470833810628,-7.140120566153784
3,2333.0,-0.19845536055469565,0.14994473106152206,-7.140120365761166
3,2334.0,-0.19845535832716363,0.14994475370416277,-7.14012016608088
3,2335.0,-0.19845535610757808,0.14994477626602842,-7.140119967112932
3,2336.0,-0.19845535389593896,0.14994479874711897,-7.1401197688573195
3,2337.0,-0.19845535169224632,0.14994482114743446,-7.1401195713140435
3,2338.0,-0.19845534949650012,0.14994484346697484,-7.140119374483102
3,2339.0,-0.19845534730870037,0.14994486570574017,-7.140119178364495
3,2340.0,-0.19845534512884708,0.14994488786373042,-7.1401189829582234
3,2341.0,-0.19845534295694023,0.1499449099409456,-7.140118788264289
3,2342.0,-0.19845534079297983,0.14994493193738567,-7.140118594282687
3,2343.0,-0.19845533863696588,0.14994495385305068,-7.1401184010134235
3,2344.0,-0.1984553364888984,0.14994497568794063,-7.140118208456493
3,2345.0,-0.19845533434877735,0.14994499744205547,-7.140118016611899
3,2346.0,-0.19845533221660275,0.14994501911539526,-7.140117825479638
3,2347.0,-0.19845533009237462,0.14994504070795994,-7.140117635059714
3,2348.0,-0.19845532797609294,0.14994506221974957,-7.140117445352128
3,2349.0,-0.19845532586775771,0.14994508365076412,-7.140117256356874
3,2350.0,-0.1984553237673689,0.14994510500100355,-7.1401170680739545
3,2351.0,-0.19845532167492658,0.14994512627046794,-7.140116880503371
3,2352.0,-0.1984553195904307,0.14994514745915727,-7.140116693645123
3,2353.0,-0.1984553175138813,0.1499451685670715,-7.140116507499213
3,2354.0,-0.1984553154452783,0.14994518959421063,-7.140116322065635
3,2355.0,-0.19845531338462177,0.14994521054057472,-7.140116137344395
3,2356.0,-0.19845531133191172,0.1499452314061637,-7.14011595333549
3,2357.0,-0.19845530928714808,0.14994525219097762,-7.140115770038919
3,2358.0,-0.19845530725033092,0.14994527289501644,-7.140115587454681
3,2359.0,-0.19845530522146018,0.1499452935182802,-7.140115405582779
3,2360.0,-0.19845530320053592,0.1499453140607689,-7.140115224423217
3,2361.0,-0.1984553011875581,0.1499453345224825,-7.140115043975989
3,2362.0,-0.19845529918252675,0.149945354903421,-7.140114864241092
3,2363.0,-0.19845529718544183,0.14994537520358445,-7.140114685218535
3,2364.0,-0.19845529519630337,0.14994539542297283,-7.14011450690831
3,2365.0,-0.19845529321511135,0.1499454155615861,-7.1401143293104194
3,2366.0,-0.1984552912418658,0.14994543561942433,-7.140114152424868
3,2367.0,-0.1984552892765667,0.14994545559648745,-7.140113976251649
3,2368.0,-0.19845528731921405,0.1499454754927755,-7.140113800790768
3,2369.0,-0.19845528536980783,0.1499454953082885,-7.14011362604222
3,2370.0,-0.1984552834283481,0.1499455150430264,-7.140113452006009
3,2371.0,-0.1984552814948348,0.1499455346969892,-7.140113278682133
3,2372.0,-0.19845527956926795,0.14994555427017695,-7.140113106070591
3,2373.0,-0.19845527765164755,0.1499455737625896,-7.140112934171387
3,2374.0,-0.1984552757419736,0.1499455931742272,-7.140112762984515
3,2375.0,-0.1984552738402461,0.1499456125050897,-7.140112592509979
3,2376.0,-0.19845527194646506,0.14994563175517714,-7.1401124227477775
3,2377.0,-0.19845527006063046,0.14994565092448947,-7.140112253697912
3,2378.0,-0.19845526818274234,0.14994567001302675,-7.140112085360385
3,2379.0,-0.19845526631280064,0.14994568902078895,-7.140111917735189
3,2380.0,-0.1984552644508054,0.14994570794777606,-7.140111750822331
3,2381.0,-0.19845526259675664,0.1499457267939881,-7.140111584621809
3,2382.0,-0.1984552607506543,0.14994574555942505,-7.140111419133621
3,2383.0,-0.1984552589124984,0.14994576424408693,-7.140111254357766
3,2384.0,-0.19845525708228898,0.14994578284797375,-7.1401110902942495
3,2385.0,-0.198455255260026,0.14994580137108546,-7.140110926943065
3,2386.0,-0.1984552534457095,0.14994581981342212,-7.1401107643042225
3,2387.0,-0.19845525163933941,0.1499458381749837,-7.140110602377711
3,2388.0,-0.19845524984091578,0.14994585645577016,-7.140110441163534
3,2389.0,-0.19845524805043863,0.14994587465578157,-7.140110280661694
3,2390.0,-0.1984552462679079,0.1499458927750179,-7.140110120872184
3,2391.0,-0.19845524449332363,0.14994591081347916,-7.140109961795016
3,2392.0,-0.1984552427266858,0.14994592877116536,-7.140109803430179
3,2393.0,-0.19845524096799444,0.14994594664807645,-7.14010964577768
3,2394.0,-0.19845523921724953,0.14994596444421246,-7.140109488837515
3,2395.0,-0.19845523747445107,0.14994598215957342,-7.140109332609686
3,2396.0,-0.19845523573959906,0.14994599979415926,-7.140109177094193
3,2397.0,-0.1984552340126935,0.14994601734797006,-7.140109022291034
3,2398.0,-0.1984552322937344,0.14994603482100577,-7.140108868200212
3,2399.0,-0.19845523058272174,0.1499460522132664,-7.140108714821723
3,2400.0,-0.19845522887965553,0.14994606952475195,-7.14010856215557
3,2401.0,-0.1984552271845358,0.14994608675546242,-7.140108410201754
3,2402.0,-0.19845522549736247,0.1499461039053978,-7.14010825896027
3,2403.0,-0.19845522381813563,0.14994612097455812,-7.140108108431125
3,2404.0,-0.19845522214685524,0.14994613796294337,-7.140107958614315
3,2405.0,-0.1984552204835213,0.14994615487055352,-7.140107809509838
3,2406.0,-0.1984552188281338,0.1499461716973886,-7.140107661117697
3,2407.0,-0.19845521718069276,0.14994618844344862,-7.140107513437891
3,2408.0,-0.19845521554119816,0.14994620510873355,-7.140107366470421
3,2409.0,-0.19845521390965,0.14994622169324337,-7.1401072202152855
3,2410.0,-0.19845521228604834,0.14994623819697817,-7.140107074672486
3,2411.0,-0.1984552106703931,0.14994625461993785,-7.1401069298420206
3,2412.0,-0.19845520906268432,0.14994627096212246,-7.140106785723894
3,2413.0,-0.19845520746292197,0.14994628722353198,-7.1401066423180986
3,2414.0,-0.1984552058711061,0.14994630340416645,-7.1401064996246415
3,2415.0,-0.19845520428723668,0.14994631950402582,-7.140106357643517
3,2416.0,-0.1984552027113137,0.14994633552311012,-7.140106216374731
3,2417.0,-0.19845520114333717,0.14994635146141935,-7.140106075818279
3,2418.0,-0.1984551995833071,0.14994636731895347,-7.140105935974161
3,2419.0,-0.19845519803122347,0.14994638309571254,-7.140105796842382
3,2420.0,-0.19845519648846754,0.1499463987776566,-7.140105658546751
3,2421.0,-0.1984551949904686,0.14994641400465375,-7.140105524263226
3,2422.0,-0.19845519349676852,0.14994642918795315,-7.140105390365059
3,2423.0,-0.19845519200736736,0.14994644432755472,-7.1401052568522525
3,2424.0,-0.19845519052226507,0.14994645942345852,-7.140105123724808
3,2425.0,-0.19845518904146167,0.1499464744756645,-7.140104990982723
3,2426.0,-0.19845518756495717,0.14994648948417272,-7.140104858626001
3,2427.0,-0.19845518609275156,0.14994650444898314,-7.140104726654638
3,2428.0,-0.19845518462484485,0.14994651937009573,-7.140104595068636
3,2429.0,-0.198455183161237,0.14994653424751056,-7.140104463867996
3,2430.0,-0.19845518170192808,0.1499465490812276,-7.140104333052717
3,2431.0,-0.19845518024691802,0.14994656387124683,-7.1401042026228
3,2432.0,-0.19845517879620686,0.14994657861756824,-7.140104072578241
3,2433.0,-0.19845517734979456,0.1499465933201919,-7.140103942919042
3,2434.0,-0.1984551759076812,0.14994660797911774,-7.140103813645206
3,2435.0,-0.19845517446986669,0.1499466225943458,-7.140103684756731
3,2436.0,-0.19845517303635107,0.14994663716587606,-7.140103556253614
3,2437.0,-0.19845517160713436,0.14994665169370852,-7.140103428135859
3,2438.0,-0.19845517018221653,0.1499466661778432,-7.140103300403466
3,2439.0,-0.1984551687615976,0.14994668061828006,-7.140103173056436
3,2440.0,-0.19845516734527754,0.14994669501501914,-7.1401030460947625
3,2441.0,-0.1984551659332564,0.14994670936806043,-7.140102919518453
3,2442.0,-0.19845516452553413,0.14994672367740391,-7.140102793327504
3,2443.0,-0.19845516312211076,0.1499467379430496,-7.140102667521913
3,2444.0,-0.19845516172298627,0.14994675216499753,-7.140102542101685
3,2445.0,-0.19845516032816066,0.14994676634324763,-7.140102417066816
3,2446.0,-0.19845515893763394,0.14994678047779994,-7.140102292417307
3,2447.0,-0.19845515755140614,0.14994679456865445,-7.140102168153163
3,2448.0,-0.1984551561694772,0.1499468086158112,-7.140102044274378
3,2449.0,-0.19845515479184717,0.14994682261927011,-7.140101920780954
3,2450.0,-0.198455153418516,0.14994683657903124,-7.140101797672886
3,2451.0,-0.19845515204948375,0.1499468504950946,-7.140101674950184
3,2452.0,-0.19845515068475036,0.14994686436746013,-7.140101552612843
3,2453.0,-0.19845514932431588,0.1499468781961279,-7.140101430660858
3,2454.0,-0.19845514796818028,0.14994689198109784,-7.140101309094239
3,2455.0,-0.1984551466163436,0.14994690572237002,-7.140101187912979
3,2456.0,-0.19845514526880575,0.14994691941994437,-7.140101067117079
3,2457.0,-0.19845514392556685,0.14994693307382095,-7.140100946706542
3,2458.0,-0.1984551425866268,0.14994694668399972,-7.140100826681363
3,2459.0,-0.19845514125198566,0.1499469602504807,-7.1401007070415465
3,2460.0,-0.1984551399216434,0.1499469737732639,-7.1401005877870904
3,2461.0,-0.19845513859560004,0.14994698725234928,-7.140100468917996
3,2462.0,-0.19845513727385555,0.1499470006877369,-7.140100350434258
3,2463.0,-0.19845513595640996,0.1499470140794267,-7.140100232335884
3,2464.0,-0.19845513464326325,0.14994702742741872,-7.1401001146228715
3,2465.0,-0.19845513333441545,0.14994704073171294,-7.140099997295221
3,2466.0,-0.19845513202986653,0.14994705399230934,-7.140099880352928
3,2467.0,-0.1984551307296165,0.14994706720920797,-7.140099763796
3,2468.0,-0.19845512943366536,0.1499470803824088,-7.140099647624427
3,2469.0,-0.1984551281420131,0.14994709351191185,-7.140099531838219
3,2470.0,-0.19845512685465974,0.1499471065977171,-7.140099416437369
3,2471.0,-0.19845512557160527,0.14994711963982454,-7.140099301421882
3,2472.0,-0.1984551242928497,0.1499471326382342,-7.140099186791757
3,2473.0,-0.198455123018393,0.14994714559294606,-7.140099072546988
3,2474.0,-0.1984551217482352,0.14994715850396012,-7.1400989586875845
3,2475.0,-0.1984551204823763,0.1499471713712764,-7.140098845213539
3,2476.0,-0.19845511922081627,0.1499471841948949,-7.140098732124858
3,2477.0,-0.19845511796355514,0.14994719697481557,-7.140098619421536
3,2478.0,-0.19845511671059288,0.14994720971103845,-7.140098507103572
3,2479.0,-0.19845511546192954,0.14994722240356353,-7.140098395170972
3,2480.0,-0.19845511421756507,0.14994723505239083,-7.140098283623728
3,2481.0,-0.1984551129774995,0.14994724765752035,-7.140098172461848
3,2482.0,-0.1984551117417328,0.14994726021895205,-7.140098061685332
3,2483.0,-0.198455110510265,0.14994727273668595,-7.140097951294171
3,2484.0,-0.1984551092830961,0.1499472852107221,-7.140097841288377
3,2485.0,-0.19845510806022607,0.1499472976410604,-7.140097731667936
3,2486.0,-0.19845510684165493,0.14994731002770095,-7.140097622432862
3,2487.0,-0.1984551056273827,0.14994732237064368,-7.1400975135831475
3,2488.0,-0.19845510441740935,0.14994733466988863,-7.140097405118795
3,2489.0,-0.1984551032117349,0.14994734692543576,-7.140097297039801
3,2490.0,-0.19845510201035932,0.14994735913728513,-7.140097189346166
3,2491.0,-0.19845510081328263,0.14994737130543667,-7.140097082037895
3,2492.0,-0.19845509962050484,0.14994738342989045,-7.140096975114982
3,2493.0,-0.19845509843202594,0.14994739551064643,-7.140096868577435
3,2494.0,-0.19845509724784594,0.14994740754770458,-7.140096762425242
3,2495.0,-0.19845509606796483,0.14994741954106497,-7.140096656658416
3,2496.0,-0.19845509489238258,0.14994743149072756,-7.140096551276947
3,2497.0,-0.19845509372109923,0.14994744339669236,-7.14009644628084
3,2498.0,-0.19845509255411478,0.14994745525895936,-7.1400963416700955
3,2499.0,-0.19845509139142922,0.14994746707752854,-7.140096237444708
3,2500.0,-0.19845509023304253,0.14994747885239995,-7.140096133604682
3,2501.0,-0.19845508907895476,0.14994749058357357,-7.140096030150019
3,2502.0,-0.19845508792916586,0.1499475022710494,-7.140095927080715
3,2503.0,-0.19845508678367585,0.1499475139148274,-7.140095824396774
3,2504.0,-0.19845508564248474,0.14994752551490764,-7.140095722098192
3,2505.0,-0.19845508450559252,0.14994753707129008,-7.14009562018497
3,2506.0,-0.19845508337299916,0.14994754858397472,-7.140095518657109
3,2507.0,-0.19845508224470473,0.14994756005296156,-7.140095417514612
3,2508.0,-0.19845508112070917,0.1499475714782506,-7.140095316757472
3,2509.0,-0.1984550800010125,0.1499475828598419,-7.140095216385695
3,2510.0,-0.19845507888561473,0.14994759419773535,-7.14009511639928
3,2511.0,-0.19845507777451582,0.149947605491931,-7.140095016798221
3,2512.0,-0.19845507666771584,0.14994761674242887,-7.140094917582527
3,2513.0,-0.19845507556521472,0.14994762794922897,-7.140094818752193
3,2514.0,-0.1984550744670125,0.14994763911233125,-7.140094720307218
3,2515.0,-0.19845507337310916,0.14994765023173573,-7.140094622247605
3,2516.0,-0.19845507228350473,0.14994766130744244,-7.140094524573355
3,2517.0,-0.19845507119819916,0.14994767233945133,-7.1400944272844615
3,2518.0,-0.1984550701171925,0.14994768332776243,-7.140094330380929
3,2519.0,-0.19845506904048474,0.14994769427237575,-7.1400942338627615
3,2520.0,-0.19845506796807585,0.14994770517329126,-7.140094137729952
3,2521.0,-0.19845506689996584,0.149947716030509,-7.1400940419825005
3,2522.0,-0.19845506583615474,0.1499477268440289,-7.140093946620415
3,2523.0,-0.19845506477664251,0.14994773761385105,-7.140093851643687
3,2524.0,-0.1984550637214292,0.1499477483399754,-7.1400937570523215
3,2525.0,-0.19845506267051477,0.14994775902240193,-7.140093662846317
3,2526.0,-0.19845506162389923,0.1499477696611307,-7.140093569025673
3,2527.0,-0.19845506058158255,0.14994778025616165,-7.140093475590388
3,2528.0,-0.1984550595435648,0.1499477908074948,-7.140093382540465
3,2529.0,-0.1984550585098459,0.14994780131513016,-7.140093289875903
3,2530.0,-0.1984550574804259,0.14994781177906774,-7.1400931975967
3,2531.0,-0.1984550564553048,0.14994782219930752,-7.140093105702861
3,2532.0,-0.1984550554344826,0.1499478325758495,-7.140093014194379
3,2533.0,-0.1984550544179593,0.14994784290869367,-7.140092923071263
3,2534.0,-0.19845505340573485,0.14994785319784007,-7.140092832333504
3,2535.0,-0.19845505239780933,0.14994786344328867,-7.140092741981106
3,2536.0,-0.19845505139418268,0.14994787364503948,-7.140092652014072
3,2537.0,-0.19845505039485492,0.14994788380309249,-7.140092562432396
3,2538.0,-0.19845504939982603,0.1499478939174477,-7.140092473236078
3,2539.0,-0.19845504840909606,0.14994790398810512,-7.140092384425125
3,2540.0,-0.19845504742266495,0.14994791401506474,-7.140092295999531
3,2541.0,-0.19845504644053275,0.1499479239983266,-7.140092207959298
3,2542.0,-0.19845504546269943,0.14994793393789063,-7.140092120304425
3,2543.0,-0.198455044489165,0.14994794383375687,-7.140092033034915
3,2544.0,-0.19845504351992949,0.1499479536859253,-7.140091946150766
3,2545.0,-0.19845504255499283,0.14994796349439596,-7.140091859651975
3,2546.0,-0.1984550415943551,0.14994797325916884,-7.14009177353855
3,2547.0,-0.19845504063801622,0.1499479829802439,-7.140091687810481
3,2548.0,-0.19845503968597625,0.14994799265762115,-7.140091602467772
3,2549.0,-0.19845503873823514,0.14994800229130065,-7.140091517510425
3,2550.0,-0.19845503779479295,0.14994801188128232,-7.1400914329384415
3,2551.0,-0.19845503685564964,0.1499480214275662,-7.140091348751814
3,2552.0,-0.19845503592080524,0.1499480309301523,-7.14009126495055
3,2553.0,-0.1984550349902597,0.14994804038904058,-7.140091181534649
3,2554.0,-0.19845503406401305,0.1499480498042311,-7.1400910985041035
3,2555.0,-0.1984550331420653,0.1499480591757238,-7.140091015858921
3,2556.0,-0.19845503222441646,0.14994806850351872,-7.140090933599104
3,2557.0,-0.19845503131106648,0.14994807778761585,-7.140090851724643
3,2558.0,-0.1984550304020154,0.14994808702801515,-7.140090770235542
3,2559.0,-0.1984550294972632,0.1499480962247167,-7.140090689131806
3,2560.0,-0.1984550285968099,0.14994810537772044,-7.140090608413428
3,2561.0,-0.19845502770065548,0.14994811448702636,-7.1400905280804094
3,2562.0,-0.19845502680879998,0.1499481235526345,-7.140090448132756
3,2563.0,-0.19845502592124334,0.14994813257454487,-7.140090368570459
3,2564.0,-0.1984550250379856,0.14994814155275743,-7.140090289393525
3,2565.0,-0.19845502415902674,0.1499481504872722,-7.140090210601952
3,2566.0,-0.19845502328436676,0.14994815937808914,-7.140090132195734
3,2567.0,-0.1984550224140057,0.14994816822520832,-7.140090054174883
3,2568.0,-0.1984550215479435,0.1499481770286297,-7.140089976539392
3,2569.0,-0.1984550206861802,0.14994818578835328,-7.14008989928926
3,2570.0,-0.1984550198287158,0.14994819450437907,-7.140089822424492
3,2571.0,-0.1984550189755503,0.14994820317670707,-7.140089745945084
3,2572.0,-0.19845501812668365,0.14994821180533727,-7.140089669851032
3,2573.0,-0.19845501728211593,0.1499482203902697,-7.140089594142347
3,2574.0,-0.19845501644184707,0.1499482289315043,-7.140089518819019
3,2575.0,-0.1984550156058771,0.14994823742904112,-7.140089443881054
3,2576.0,-0.19845501477420605,0.14994824588288014,-7.140089369328448
3,2577.0,-0.19845501394683387,0.14994825429302136,-7.140089295161206
3,2578.0,-0.19845501312376057,0.1499482626594648,-7.140089221379321
3,2579.0,-0.19845501230498616,0.14994827098221045,-7.140089147982796
3,2580.0,-0.19845501149051067,0.14994827926125828,-7.140089074971637
3,2581.0,-0.19845501068033403,0.14994828749660832,-7.140089002345832
3,2582.0,-0.1984550098744563,0.1499482956882606,-7.140088930105393
3,2583.0,-0.19845500907287747,0.14994830383621505,-7.140088858250315
3,2584.0,-0.1984550082755975,0.14994831194047173,-7.140088786780593
3,2585.0,-0.19845500748261644,0.1499483200010306,-7.140088715696235
3,2586.0,-0.19845500670573504,0.14994832789793902,-7.140088646055081
3,2587.0,-0.19845500594754611,0.14994833560484133,-7.140088578089561
3,2588.0,-0.19845500519141313,0.14994834329084542,-7.140088510308334
3,2589.0,-0.19845500443733607,0.14994835095595124,-7.140088442711406
3,2590.0,-0.19845500368531493,0.14994835860015882,-7.140088375298776
3,2591.0,-0.1984550029353497,0.14994836622346813,-7.14008830807044
3,2592.0,-0.19845500218744042,0.1499483738258792,-7.140088241026402
3,2593.0,-0.19845500144158706,0.14994838140739203,-7.140088174166664
3,2594.0,-0.19845500069778962,0.1499483889680066,-7.14008810749122
3,2595.0,-0.19845499995604812,0.14994839650772293,-7.140088041000076
3,2596.0,-0.19845499921636253,0.149948404026541,-7.140087974693228
3,2597.0,-0.19845499847873285,0.1499484115244608,-7.140087908570675
3,2598.0,-0.1984549977431591,0.14994841900148237,-7.14008784263242
3,2599.0,-0.1984549970096413,0.1499484264576057,-7.140087776878464
3,2600.0,-0.19845499627817942,0.14994843389283077,-7.140087711308803
3,2601.0,-0.19845499554877347,0.1499484413071576,-7.14008764592344
3,2602.0,-0.19845499482142342,0.14994844870058616,-7.140087580722373
3,2603.0,-0.1984549940961293,0.14994845607311647,-7.140087515705604
3,2604.0,-0.1984549933728911,0.14994846342474852,-7.140087450873132
3,2605.0,-0.19845499265170885,0.14994847075548234,-7.140087386224958
3,2606.0,-0.1984549919325825,0.14994847806531791,-7.140087321761081
3,2607.0,-0.1984549912155121,0.14994848535425523,-7.140087257481501
3,2608.0,-0.1984549905004976,0.1499484926222943,-7.140087193386216
3,2609.0,-0.19845498978753906,0.1499484998694351,-7.1400871294752335
3,2610.0,-0.19845498907663642,0.14994850709567767,-7.140087065748541
3,2611.0,-0.1984549883677897,0.14994851430102196,-7.1400870022061484
3,2612.0,-0.1984549876609989,0.14994852148546803,-7.140086938848053
3,2613.0,-0.19845498695626404,0.14994852864901584,-7.140086875674254
3,2614.0,-0.1984549862535851,0.1499485357916654,-7.140086812684755
3,2615.0,-0.1984549855529621,0.1499485429134167,-7.140086749879554
3,2616.0,-0.198454984854395,0.14994855001426977,-7.140086687258644
3,2617.0,-0.19845498415788385,0.14994855709422458,-7.140086624822036
3,2618.0,-0.1984549834634286,0.14994856415328112,-7.140086562569723
3,2619.0,-0.1984549827710293,0.14994857119143942,-7.140086500501707
3,2620.0,-0.1984549820806859,0.14994857820869947,-7.140086438617991
3,2621.0,-0.19845498139239845,0.1499485852050613,-7.14008637691857
3,2622.0,-0.1984549807061669,0.14994859218052484,-7.140086315403446
3,2623.0,-0.1984549800219913,0.14994859913509015,-7.140086254072619
3,2624.0,-0.1984549793398716,0.1499486060687572,-7.14008619292609
3,2625.0,-0.19845497865980785,0.149948612981526,-7.140086131963857
3,2626.0,-0.1984549779818,0.14994861987339655,-7.140086071185921
3,2627.0,-0.19845497730584807,0.14994862674436885,-7.14008601059228
3,2628.0,-0.1984549766319521,0.1499486335944429,-7.140085950182941
3,2629.0,-0.19845497596011202,0.1499486404236187,-7.140085889957895
3,2630.0,-0.1984549752903279,0.14994864723189624,-7.140085829917149
3,2631.0,-0.19845497462259967,0.14994865401927554,-7.140085770060697
3,2632.0,-0.1984549739569274,0.1499486607857566,-7.140085710388546
3,2633.0,-0.19845497329331105,0.1499486675313394,-7.140085650900689
3,2634.0,-0.1984549726317506,0.14994867425602393,-7.140085591597129
3,2635.0,-0.1984549719722461,0.14994868095981023,-7.14008553247787
3,2636.0,-0.1984549713147975,0.14994868764269828,-7.140085473542905
3,2637.0,-0.19845497065940484,0.14994869430468807,-7.140085414792238
3,2638.0,-0.1984549700060681,0.1499487009457796,-7.140085356225867
3,2639.0,-0.1984549693547873,0.14994870756597292,-7.140085297843794
3,2640.0,-0.1984549687055624,0.14994871416526795,-7.140085239646018
3,2641.0,-0.19845496805839344,0.14994872074366475,-7.140085181632539
3,2642.0,-0.1984549674132804,0.1499487273011633,-7.140085123803357
3,2643.0,-0.19845496677022328,0.14994873383776358,-7.140085066158471
3,2644.0,-0.1984549661292221,0.14994874035346561,-7.140085008697882
3,2645.0,-0.19845496549027683,0.14994874684826942,-7.140084951421593
3,2646.0,-0.1984549648533875,0.14994875332217494,-7.140084894329601
3,2647.0,-0.19845496421855408,0.14994875977518224,-7.140084837421902
3,2648.0,-0.1984549635857766,0.14994876620729128,-7.140084780698503
3,2649.0,-0.19845496295505505,0.14994877261850206,-7.140084724159402
3,2650.0,-0.1984549623263894,0.1499487790088146,-7.140084667804597
3,2651.0,-0.1984549616997797,0.1499487853782289,-7.14008461163409
3,2652.0,-0.1984549610752259,0.1499487917267449,-7.140084555647876
3,2653.0,-0.19845496045272804,0.1499487980543627,-7.140084499845963
3,2654.0,-0.1984549598322861,0.14994880436108224,-7.140084444228345
3,2655.0,-0.19845495921390008,0.14994881064690352,-7.140084388795026
3,2656.0,-0.19845495859757,0.14994881691182654,-7.140084333546005
3,2657.0,-0.19845495798329585,0.14994882315585134,-7.140084278481279
3,2658.0,-0.1984549573710776,0.14994882937897785,-7.140084223600851
3,2659.0,-0.1984549567609153,0.14994883558120614,-7.1400841689047185
3,2660.0,-0.1984549561528089,0.14994884176253617,-7.1400841143928835
3,2661.0,-0.19845495554675843,0.14994884792296795,-7.1400840600653455
3,2662.0,-0.1984549549427639,0.14994885406250147,-7.140084005922108
3,2663.0,-0.1984549543408253,0.14994886018113676,-7.140083951963165
3,2664.0,-0.1984549537409426,0.1499488662788738,-7.140083898188518
3,2665.0,-0.19845495314311584,0.14994887235571255,-7.140083844598172
3,2666.0,-0.198454952547345,0.14994887841165308,-7.140083791192117
3,2667.0,-0.19845495195363008,0.14994888444669535,-7.140083737970363
3,2668.0,-0.1984549513619711,0.1499488904608394,-7.1400836849329075
3,2669.0,-0.19845495077236805,0.14994889645408516,-7.140083632079746
3,2670.0,-0.1984549501848209,0.1499489024264327,-7.140083579410882
3,2671.0,-0.1984549495993297,0.14994890837788197,-7.1400835269263165
3,2672.0,-0.19845494901589442,0.149948914308433,-7.140083474626048
3,2673.0,-0.19845494843451505,0.14994892021808576,-7.140083422510076
3,2674.0,-0.1984549478551916,0.14994892610684027,-7.140083370578401
3,2675.0,-0.1984549472779241,0.14994893197469655,-7.140083318831023
3,2676.0,-0.19845494670271252,0.14994893782165455,-7.1400832672679435
3,2677.0,-0.19845494612955686,0.14994894364771433,-7.140083215889161
3,2678.0,-0.1984549455584571,0.14994894945287585,-7.140083164694673
3,2679.0,-0.1984549449894133,0.1499489552371391,-7.140083113684484
3,2680.0,-0.19845494442242542,0.14994896100050414,-7.1400830628585945
3,2681.0,-0.19845494385749346,0.1499489667429709,-7.140083012216996
3,2682.0,-0.1984549432946174,0.14994897246453942,-7.140082961759698
3,2683.0,-0.1984549427337973,0.1499489781652097,-7.140082911486697
3,2684.0,-0.19845494217503312,0.1499489838449817,-7.140082861397994
3,2685.0,-0.19845494161832486,0.14994898950385546,-7.1400828114935875
3,2686.0,-0.19845494106367254,0.149948995141831,-7.1400827617734794
3,2687.0,-0.19845494051107612,0.14994900075890824,-7.140082712237666
3,2688.0,-0.19845493996053562,0.14994900635508726,-7.140082662886149
3,2689.0,-0.19845493941205106,0.14994901193036803,-7.140082613718933
3,2690.0,-0.19845493886562243,0.14994901748475054,-7.14008256473601
3,2691.0,-0.19845493832124972,0.1499490230182348,-7.1400825159373875
3,2692.0,-0.19845493777893292,0.1499490285308208,-7.140082467323057
3,2693.0,-0.19845493723867208,0.14994903402250856,-7.14008241889303
3,2694.0,-0.19845493670046713,0.14994903949329808,-7.140082370647297
3,2695.0,-0.1984549361643181,0.14994904494318934,-7.140082322585863
3,2696.0,-0.19845493563022504,0.14994905037218234,-7.140082274708722
3,2697.0,-0.19845493509818787,0.1499490557802771,-7.140082227015883
3,2698.0,-0.19845493456820665,0.14994906116747359,-7.140082179507338
3,2699.0,-0.19845493404028133,0.14994906653377185,-7.14008213218309
3,2700.0,-0.19845493351441193,0.14994907187917186,-7.140082085043139
3,2701.0,-0.1984549329905985,0.14994907720367362,-7.140082038087489
3,2702.0,-0.19845493246884094,0.14994908250727712,-7.14008199131613
3,2703.0,-0.19845493194913932,0.14994908778998237,-7.14008194472907
3,2704.0,-0.19845493143149365,0.14994909305178936,-7.140081898326311
3,2705.0,-0.19845493091590388,0.14994909829269812,-7.140081852107845
3,2706.0,-0.19845493040237006,0.14994910351270863,-7.140081806073678
3,2707.0,-0.19845492989089214,0.14994910871182088,-7.140081760223808
3,2708.0,-0.19845492938147016,0.14994911389003487,-7.140081714558237
3,2709.0,-0.1984549288741041,0.14994911904735062,-7.140081669076959
3,2710.0,-0.19845492836879397,0.14994912418376813,-7.140081623779978
3,2711.0,-0.19845492786553975,0.14994912929928736,-7.140081578667299
3,2712.0,-0.19845492736434145,0.14994913439390836,-7.14008153373891
3,2713.0,-0.1984549268651991,0.1499491394676311,-7.140081488994824
3,2714.0,-0.19845492636811266,0.1499491445204556,-7.140081444435033
3,2715.0,-0.19845492587308217,0.14994914955238184,-7.1400814000595405
3,2716.0,-0.19845492538010756,0.14994915456340985,-7.140081355868343
3,2717.0,-0.1984549248891889,0.14994915955353957,-7.140081311861443
3,2718.0,-0.19845492440032617,0.14994916452277107,-7.140081268038841
3,2719.0,-0.19845492391351935,0.14994916947110432,-7.140081224400533
3,2720.0,-0.19845492342876847,0.1499491743985393,-7.140081180946528
3,2721.0,-0.1984549229460735,0.14994917930507606,-7.140081137676817
3,2722.0,-0.19845492246543447,0.14994918419071454,-7.140081094591403
3,2723.0,-0.19845492198685136,0.1499491890554548,-7.140081051690286
3,2724.0,-0.19845492151032418,0.14994919389929678,-7.140081008973467
3,2725.0,-0.1984549210358529,0.14994919872224052,-7.140080966440942
3,2726.0,-0.19845492056343758,0.149949203524286,-7.140080924092717
3,2727.0,-0.19845492009307816,0.14994920830543323,-7.140080881928788
3,2728.0,-0.19845491962477468,0.14994921306568224,-7.140080839949156
3,2729.0,-0.19845491915852714,0.14994921780503295,-7.140080798153826
3,2730.0,-0.19845491869433549,0.14994922252348544,-7.140080756542787
3,2731.0,-0.1984549182321998,0.14994922722103968,-7.140080715116049
3,2732.0,-0.19845491777212,0.14994923189769568,-7.140080673873603
3,2733.0,-0.19845491731409615,0.1499492365534534,-7.140080632815458
3,2734.0,-0.19845491685812822,0.14994924118831288,-7.14008059194161
3,2735.0,-0.1984549164042162,0.14994924580227412,-7.140080551252058
3,2736.0,-0.19845491595236012,0.1499492503953371,-7.140080510746804
3,2737.0,-0.19845491550255995,0.14994925496750183,-7.140080470425847
3,2738.0,-0.19845491505481572,0.1499492595187683,-7.140080430289187
3,2739.0,-0.1984549146091274,0.14994926404913655,-7.140080390336822
3,2740.0,-0.19845491416549502,0.14994926855860652,-7.140080350568756
3,2741.0,-0.19845491372391855,0.14994927304717826,-7.140080310984988
3,2742.0,-0.19845491328439802,0.14994927751485174,-7.140080271585513
3,2743.0,-0.19845491284693342,0.14994928196162696,-7.140080232370342
3,2744.0,-0.19845491241152474,0.14994928638750393,-7.1400801933394655
3,2745.0,-0.19845491197817197,0.14994929079248268,-7.140080154492883
3,2746.0,-0.19845491154687514,0.14994929517656314,-7.1400801158305995
3,2747.0,-0.19845491111763422,0.14994929953974537,-7.1400800773526125
3,2748.0,-0.19845491069044924,0.14994930388202934,-7.1400800390589225
3,2749.0,-0.19845491026532017,0.14994930820341507,-7.1400800009495295
3,2750.0,-0.19845490984224703,0.14994931250390253,-7.1400799630244345
3,2751.0,-0.19845490942122984,0.14994931678349177,-7.140079925283638
3,2752.0,-0.19845490900226856,0.14994932104218273,-7.140079887727138
3,2753.0,-0.1984549085853632,0.14994932527997545,-7.140079850354935
3,2754.0,-0.19845490817051376,0.14994932949686993,-7.140079813167026
3,2755.0,-0.19845490775772023,0.14994933369286614,-7.1400797761634145
3,2756.0,-0.19845490734698265,0.1499493378679641,-7.1400797393441024
3,2757.0,-0.198454906938301,0.14994934202216384,-7.140079702709089
3,2758.0,-0.19845490653167527,0.1499493461554653,-7.140079666258371
3,2759.0,-0.19845490612710545,0.14994935026786851,-7.140079629991948
3,2760.0,-0.19845490572459157,0.14994935435937348,-7.140079593909826
3,2761.0,-0.19845490532413362,0.1499493584299802,-7.140079558011999
3,2762.0,-0.1984549049257316,0.14994936247968865,-7.140079522298469
3,2763.0,-0.19845490452938547,0.14994936650849888,-7.140079486769235
3,2764.0,-0.19845490413509528,0.14994937051641086,-7.1400794514243
3,2765.0,-0.19845490374286104,0.14994937450342455,-7.1400794162636645
3,2766.0,-0.1984549033526827,0.14994937846954,-7.140079381287321
3,2767.0,-0.19845490296456028,0.14994938241475725,-7.140079346495275
3,2768.0,-0.1984549025784938,0.1499493863390762,-7.140079311887528
3,2769.0,-0.19845490219448325,0.1499493902424969,-7.1400792774640784
3,2770.0,-0.19845490181252862,0.14994939412501937,-7.1400792432249265
3,2771.0,-0.1984549014326299,0.14994939798664358,-7.140079209170069
3,2772.0,-0.1984549010547871,0.14994940182736954,-7.140079175299508
3,2773.0,-0.19845490067900026,0.14994940564719725,-7.14007914161325
3,2774.0,-0.19845490030526933,0.1499494094461267,-7.140079108111284
3,2775.0,-0.1984548999335943,0.14994941322415792,-7.140079074793617
3,2776.0,-0.19845489956397522,0.14994941698129086,-7.140079041660244
3,2777.0,-0.19845489919641207,0.14994942071752557,-7.140079008711172
3,2778.0,-0.19845489883090484,0.14994942443286202,-7.1400789759463965
3,2779.0,-0.1984548984674535,0.14994942812730025,-7.140078943365916
3,2780.0,-0.19845489810605813,0.1499494318008402,-7.140078910969733
3,2781.0,-0.19845489774671868,0.14994943545348188,-7.140078878757849
3,2782.0,-0.19845489738943514,0.14994943908522534,-7.140078846730261
3,2783.0,-0.19845489703420754,0.14994944269607055,-7.140078814886973
3,2784.0,-0.19845489668103586,0.1499494462860175,-7.140078783227978
3,2785.0,-0.19845489632992008,0.1499494498550662,-7.140078751753281
3,2786.0,-0.19845489598086025,0.14994945340321666,-7.14007872046288
3,2787.0,-0.19845489564199642,0.14994945684772637,-7.140078690086468
3,2788.0,-0.19845489531382027,0.14994946018359717,-7.140078660668125
3,2789.0,-0.1984548949864657,0.14994946351111688,-7.140078631323427
3,2790.0,-0.1984548946599327,0.14994946683028548,-7.1400786020523785
3,2791.0,-0.19845489433422128,0.14994947014110302,-7.140078572854973
3,2792.0,-0.1984548940093314,0.14994947344356946,-7.140078543731214
3,2793.0,-0.1984548936852631,0.1499494767376848,-7.140078514681105
3,2794.0,-0.19845489336201633,0.14994948002344904,-7.140078485704639
3,2795.0,-0.19845489303959116,0.1499494833008622,-7.140078456801823
3,2796.0,-0.19845489271798752,0.14994948656992427,-7.140078427972649
3,2797.0,-0.19845489239720546,0.14994948983063525,-7.140078399217126
3,2798.0,-0.19845489207724495,0.14994949308299513,-7.140078370535245
3,2799.0,-0.19845489175810604,0.14994949632700394,-7.140078341927015
3,2800.0,-0.19845489143978867,0.14994949956266165,-7.14007831339243
3,2801.0,-0.19845489112229286,0.14994950278996827,-7.140078284931491
3,2802.0,-0.1984548908056186,0.1499495060089238,-7.140078256544197
3,2803.0,-0.19845489048976592,0.1499495092195282,-7.14007822823055
3,2804.0,-0.1984548901747348,0.14994951242178156,-7.140078199990554
3,2805.0,-0.19845488986052526,0.14994951561568381,-7.1400781718242
3,2806.0,-0.19845488954713725,0.14994951880123497,-7.140078143731491
3,2807.0,-0.19845488923457083,0.14994952197843506,-7.140078115712433
3,2808.0,-0.19845488892282595,0.14994952514728402,-7.140078087767017
3,2809.0,-0.19845488861190266,0.1499495283077819,-7.14007805989525
3,2810.0,-0.1984548883018009,0.1499495314599287,-7.14007803209713
3,2811.0,-0.19845488799252073,0.14994953460372443,-7.140078004372655
3,2812.0,-0.1984548876840621,0.14994953773916903,-7.140077976721828
3,2813.0,-0.19845488737642505,0.14994954086626255,-7.140077949144645
3,2814.0,-0.19845488706960956,0.149949543985005,-7.140077921641111
3,2815.0,-0.19845488676361564,0.14994954709539635,-7.140077894211223
3,2816.0,-0.19845488645844328,0.1499495501974366,-7.140077866854981
3,2817.0,-0.19845488615409249,0.14994955329112578,-7.140077839572388
3,2818.0,-0.19845488585056323,0.14994955637646384,-7.140077812363438
3,2819.0,-0.19845488554785556,0.14994955945345081,-7.140077785228135
3,2820.0,-0.19845488524596946,0.14994956252208672,-7.140077758166481
3,2821.0,-0.1984548849449049,0.14994956558237152,-7.1400777311784696
3,2822.0,-0.1984548846446619,0.14994956863430522,-7.140077704264106
3,2823.0,-0.1984548843452405,0.14994957167788783,-7.140077677423393
3,2824.0,-0.19845488404664063,0.14994957471311937,-7.140077650656323
3,2825.0,-0.19845488374886233,0.14994957773999978,-7.140077623962899
3,2826.0,-0.1984548834519056,0.14994958075852916,-7.1400775973431205
3,2827.0,-0.19845488315577042,0.1499495837687074,-7.140077570796993
3,2828.0,-0.19845488286045682,0.14994958677053458,-7.140077544324507
3,2829.0,-0.19845488256596477,0.14994958976401063,-7.140077517925671
3,2830.0,-0.1984548822722943,0.1499495927491356,-7.14007749160048
3,2831.0,-0.19845488197944539,0.14994959572590952,-7.140077465348936
3,2832.0,-0.198454881687418,0.1499495986943323,-7.140077439171038
3,2833.0,-0.19845488139621223,0.14994960165440402,-7.140077413066786
3,2834.0,-0.198454881105828,0.14994960460612464,-7.140077387036184
3,2835.0,-0.19845488081626533,0.14994960754949418,-7.140077361079223
3,2836.0,-0.19845488052752422,0.1499496104845126,-7.140077335195913
3,2837.0,-0.1984548802396047,0.14994961341117996,-7.140077309386248
3,2838.0,-0.1984548799525067,0.14994961632949622,-7.1400772836502275
3,2839.0,-0.1984548796662303,0.14994961923946137,-7.140077257987856
3,2840.0,-0.19845487938077544,0.14994962214107546,-7.140077232399129
3,2841.0,-0.19845487909614215,0.14994962503433845,-7.140077206884052
3,2842.0,-0.19845487881233043,0.14994962791925034,-7.140077181442617
3,2843.0,-0.19845487852934027,0.14994963079581114,-7.140077156074833
3,2844.0,-0.19845487824717167,0.14994963366402084,-7.140077130780693
3,2845.0,-0.19845487796582462,0.14994963652387946,-7.140077105560198
3,2846.0,-0.19845487768529915,0.149949639375387,-7.140077080413353
3,2847.0,-0.19845487740559523,0.14994964221854343,-7.140077055340154
3,2848.0,-0.1984548771267129,0.1499496450533488,-7.140077030340599
3,2849.0,-0.1984548768486521,0.14994964787980306,-7.140077005414691
3,2850.0,-0.1984548765714129,0.14994965069790622,-7.140076980562431
3,2851.0,-0.19845487629499522,0.1499496535076583,-7.140076955783815
3,2852.0,-0.19845487601939912,0.14994965630905926,-7.1400769310788474
3,2853.0,-0.1984548757446246,0.14994965910210917,-7.1400769064475265
3,2854.0,-0.19845487547067162,0.14994966188680797,-7.140076881889849
3,2855.0,-0.1984548751975402,0.14994966466315568,-7.140076857405822
3,2856.0,-0.19845487492523037,0.14994966743115232,-7.14007683299544
3,2857.0,-0.1984548746537421,0.14994967019079783,-7.140076808658707
3,2858.0,-0.19845487438307538,0.14994967294209227,-7.140076784395618
3,2859.0,-0.1984548741132302,0.14994967568503562,-7.140076760206175
3,2860.0,-0.19845487384420663,0.1499496784196279,-7.1400767360903785
3,2861.0,-0.1984548735760046,0.14994968114586907,-7.1400767120482325
3,2862.0,-0.19845487330862413,0.14994968386375912,-7.140076688079727
3,2863.0,-0.19845487304206522,0.14994968657329813,-7.1400766641848685
3,2864.0,-0.1984548727763279,0.14994968927448601,-7.140076640363662
3,2865.0,-0.1984548725114121,0.14994969196732283,-7.140076616616097
3,2866.0,-0.1984548722473179,0.14994969465180855,-7.140076592942181
3,2867.0,-0.19845487198404524,0.14994969732794317,-7.140076569341913
3,2868.0,-0.19845487172159415,0.1499496999957267,-7.140076545815286
3,2869.0,-0.19845487145996463,0.14994970265515914,-7.1400765223623095
3,2870.0,-0.19845487119915667,0.1499497053062405,-7.14007649898298
3,2871.0,-0.19845487093917027,0.14994970794897075,-7.140076475677295
3,2872.0,-0.19845487068000542,0.1499497105833499,-7.140076452445257
3,2873.0,-0.19845487042166216,0.149949713209378,-7.140076429286864
3,2874.0,-0.19845487016414046,0.149949715827055,-7.140076406202122
3,2875.0,-0.1984548699074403,0.14994971843638089,-7.140076383191022
3,2876.0,-0.1984548696515617,0.14994972103735568,-7.140076360253568
3,2877.0,-0.1984548693965047,0.1499497236299794,-7.1400763373897655
3,2878.0,-0.19845486914226923,0.14994972621425204,-7.1400763145996065
3,2879.0,-0.19845486888885533,0.14994972879017357,-7.140076291883093
3,2880.0,-0.198454868636263,0.149949731357744,-7.140076269240225
3,2881.0,-0.19845486838449222,0.14994973391696337,-7.140076246671008
3,2882.0,-0.19845486813354302,0.1499497364678316,-7.1400762241754325
3,2883.0,-0.19845486788341538,0.14994973901034878,-7.140076201753509
3,2884.0,-0.1984548676341093,0.14994974154451488,-7.14007617940523
3,2885.0,-0.1984548673856248,0.14994974407032985,-7.140076157130597
3,2886.0,-0.19845486713796184,0.14994974658779375,-7.140076134929611
3,2887.0,-0.19845486689112043,0.14994974909690656,-7.1400761128022685
3,2888.0,-0.19845486664510062,0.14994975159766827,-7.140076090748577
3,2889.0,-0.19845486639990234,0.1499497540900789,-7.140076068768527
3,2890.0,-0.19845486615552563,0.14994975657413845,-7.140076046862126
3,2891.0,-0.1984548659119705,0.1499497590498469,-7.140076025029374
3,2892.0,-0.19845486566923692,0.14994976151720424,-7.140076003270266
3,2893.0,-0.1984548654273249,0.14994976397621052,-7.140075981584803
3,2894.0,-0.19845486518623445,0.14994976642686567,-7.1400759599729895
3,2895.0,-0.19845486494596556,0.14994976886916975,-7.140075938434819
3,2896.0,-0.19845486470651824,0.14994977130312276,-7.1400759169702965
3,2897.0,-0.19845486446789248,0.14994977372872464,-7.140075895579423
3,2898.0,-0.1984548642300883,0.14994977614597546,-7.140075874262195
3,2899.0,-0.19845486399310566,0.14994977855487518,-7.140075853018613
3,2900.0,-0.19845486375694457,0.1499497809554238,-7.140075831848674
3,2901.0,-0.19845486352160507,0.14994978334762135,-7.140075810752387
3,2902.0,-0.1984548632870871,0.14994978573146778,-7.140075789729742
3,2903.0,-0.19845486305339075,0.14994978810696313,-7.140075768780749
3,2904.0,-0.19845486282051591,0.14994979047410742,-7.140075747905396
3,2905.0,-0.19845486258846265,0.14994979283290058,-7.140075727103692
3,2906.0,-0.19845486235723098,0.14994979518334267,-7.1400757063756375
3,2907.0,-0.19845486212682084,0.14994979752543366,-7.140075685721228
3,2908.0,-0.19845486189723227,0.14994979985917356,-7.140075665140464
3,2909.0,-0.19845486166846527,0.14994980218456236,-7.140075644633346
3,2910.0,-0.19845486144051983,0.1499498045016001,-7.1400756241998735
3,2911.0,-0.19845486121339592,0.14994980681028672,-7.140075603840049
3,2912.0,-0.1984548609870936,0.14994980911062225,-7.1400755835538705
3,2913.0,-0.19845486076161287,0.14994981140260671,-7.140075563341341
3,2914.0,-0.19845486053695366,0.14994981368624005,-7.140075543202453
3,2915.0,-0.19845486031311604,0.14994981596152232,-7.1400755231372175
3,2916.0,-0.19845486009009997,0.1499498182284535,-7.1400755031456224
3,2917.0,-0.19845485986790548,0.1499498204870336,-7.14007548322768
3,2918.0,-0.19845485964653253,0.14994982273726257,-7.140075463383381
3,2919.0,-0.19845485942598115,0.14994982497914047,-7.1400754436127265
3,2920.0,-0.19845485920625136,0.14994982721266728,-7.1400754239157225
3,2921.0,-0.1984548589873431,0.14994982943784302,-7.140075404292363
3,2922.0,-0.19845485876925642,0.14994983165466763,-7.14007538474265
3,2923.0,-0.1984548585519913,0.14994983386314117,-7.140075365266584
3,2924.0,-0.1984548583355477,0.14994983606326362,-7.140075345864163
3,2925.0,-0.19845485811992572,0.149949838255035,-7.1400753265353885
3,2926.0,-0.1984548579051253,0.14994984043845525,-7.140075307280262
3,2927.0,-0.19845485769114643,0.14994984261352443,-7.1400752880987834
3,2928.0,-0.1984548574779891,0.1499498447802425,-7.140075268990947
3,2929.0,-0.19845485726565337,0.14994984693860952,-7.140075249956761
3,2930.0,-0.19845485705413918,0.1499498490886254,-7.140075230996217
3,2931.0,-0.19845485684344655,0.14994985123029023,-7.1400752121093225
3,2932.0,-0.1984548566335755,0.14994985336360395,-7.140075193296078
3,2933.0,-0.198454856424526,0.14994985548856657,-7.1400751745564754
3,2934.0,-0.19845485621629808,0.14994985760517812,-7.14007515589052
3,2935.0,-0.1984548560088917,0.14994985971343858,-7.140075137298211
3,2936.0,-0.1984548558023069,0.14994986181334793,-7.140075118779549
3,2937.0,-0.19845485559654366,0.1499498639049062,-7.140075100334535
3,2938.0,-0.198454855391602,0.14994986598811338,-7.140075081963163
3,2939.0,-0.19845485518748188,0.14994986806296948,-7.140075063665446
3,2940.0,-0.1984548549841833,0.14994987012947447,-7.140075045441366
3,2941.0,-0.19845485478170632,0.14994987218762837,-7.140075027290936
3,2942.0,-0.19845485458005088,0.14994987423743117,-7.140075009214153
3,2943.0,-0.19845485437921703,0.1499498762788829,-7.140074991211019
3,2944.0,-0.19845485417920472,0.14994987831198353,-7.140074973281527
3,2945.0,-0.198454853980014,0.14994988033673307,-7.140074955425684
3,2946.0,-0.19845485378164482,0.14994988235313153,-7.1400749376434876
3,2947.0,-0.1984548535840972,0.1499498843611789,-7.140074919934935
3,2948.0,-0.19845485338737115,0.14994988636087517,-7.140074902300032
3,2949.0,-0.19845485319146666,0.14994988835222034,-7.140074884738772
3,2950.0,-0.19845485299638374,0.14994989033521441,-7.140074867251164
3,2951.0,-0.19845485280212238,0.14994989230985742,-7.140074849837198
3,2952.0,-0.1984548526086826,0.14994989427614933,-7.140074832496881
3,2953.0,-0.19845485241606436,0.14994989623409014,-7.1400748152302125
3,2954.0,-0.19845485222426767,0.14994989818367987,-7.140074798037183
3,2955.0,-0.19845485203329258,0.14994990012491852,-7.140074780917806
3,2956.0,-0.19845485184313902,0.14994990205780606,-7.1400747638720725
3,2957.0,-0.19845485165380705,0.1499499039823425,-7.140074746899989
3,2958.0,-0.19845485146529662,0.14994990589852786,-7.1400747300015475
3,2959.0,-0.19845485127760776,0.14994990780636214,-7.140074713176756
3,2960.0,-0.1984548510907405,0.14994990970584532,-7.14007469642561
3,2961.0,-0.19845485090469475,0.1499499115969774,-7.140074679748111
3,2962.0,-0.19845485071947058,0.1499499134797584,-7.14007466314426
3,2963.0,-0.19845485053506798,0.1499499153541883,-7.1400746466140514
3,2964.0,-0.19845485035148694,0.14994991722026713,-7.140074630157492
3,2965.0,-0.19845485016872746,0.14994991907799485,-7.140074613774578
3,2966.0,-0.19845484998678953,0.1499499209273715,-7.14007459746531
3,2967.0,-0.19845484980567318,0.14994992276839703,-7.140074581229689
3,2968.0,-0.1984548496253784,0.14994992460107148,-7.140074565067717
3,2969.0,-0.19845484944590516,0.14994992642539484,-7.140074548979389
3,2970.0,-0.1984548492672535,0.14994992824136713,-7.140074532964708
3,2971.0,-0.1984548490894234,0.1499499300489883,-7.14007451702367
3,2972.0,-0.19845484891241486,0.1499499318482584,-7.140074501156284
3,2973.0,-0.1984548487362279,0.14994993363917739,-7.1400744853625415
3,2974.0,-0.19845484856086248,0.1499499354217453,-7.140074469642449
3,2975.0,-0.19845484838631863,0.1499499371959621,-7.140074453995999
3,2976.0,-0.19845484821259635,0.14994993896182784,-7.140074438423196
3,2977.0,-0.19845484803969562,0.14994994071934248,-7.140074422924042
3,2978.0,-0.19845484786761647,0.14994994246850604,-7.140074407498534
3,2979.0,-0.19845484769635888,0.14994994420931848,-7.14007439214667
3,2980.0,-0.19845484752592282,0.14994994594177985,-7.140074376868453
3,2981.0,-0.19845484735630836,0.14994994766589012,-7.140074361663882
3,2982.0,-0.19845484718751547,0.14994994938164932,-7.140074346532963
3,2983.0,-0.1984548470195441,0.1499499510890574,-7.140074331475684
3,2984.0,-0.19845484685239434,0.1499499527881144,-7.140074316492056
3,2985.0,-0.1984548466860661,0.1499499544788203,-7.14007430158207
3,2986.0,-0.19845484652055945,0.14994995616117512,-7.140074286745731
3,2987.0,-0.19845484635587435,0.14994995783517887,-7.1400742719830435
3,2988.0,-0.19845484619201084,0.1499499595008315,-7.140074257294002
3,2989.0,-0.19845484602896887,0.14994996115813305,-7.140074242678602
3,2990.0,-0.19845484586674847,0.1499499628070835,-7.140074228136849
3,2991.0,-0.19845484570534963,0.14994996444768288,-7.140074213668747
3,2992.0,-0.19845484554477233,0.14994996607993114,-7.140074199274284
3,2993.0,-0.19845484538501662,0.14994996770382832,-7.140074184953474
3,2994.0,-0.19845484522608248,0.14994996931937443,-7.140074170706308
3,2995.0,-0.19845484506796987,0.14994997092656942,-7.140074156532789
3,2996.0,-0.19845484491067886,0.14994997252541334,-7.14007414243292
3,2997.0,-0.1984548447542094,0.14994997411590616,-7.1400741284066935
3,2998.0,-0.1984548445985615,0.14994997569804788,-7.140074114454114
3,2999.0,-0.19845484444373515,0.14994997727183854,-7.140074100575179
3,3000.0,-0.1984548442897304,0.14994997883727806,-7.140074086769896
4,0.0,0.19237467086602467,-0.016549992777002753,27.89464051988813
4,1.0,0.1857756512106831,-0.015058543961009321,27.30309161853025
4,2.0,0.17947327717661704,-0.013574900194713175,26.738134605138054
4,3.0,0.1734484977665965,-0.012099426939584906,26.19806171142628
4,4.0,0.1676836197317456,-0.010632421886083042,25.681286880301503
4,5.0,0.16216286152694304,-0.00917411747115009,25.186395423497014
4,6.0,0.15687106559180436,-0.007724701747797177,24.712028587946296
4,7.0,0.15179479765844478,-0.0062843105261361325,24.25698209985978
4,8.0,0.14692153842008351,-0.004853043438958958,23.82013370433314
4,9.0,0.14223970846342054,-0.0034309709595783757,23.400445400333837
4,10.0,0.13773848153471585,-0.0020181319430312003,22.99694670151083
4,11.0,0.1334078724385811,-0.0006145436346175156,22.608742515612505
4,12.0,0.12923868372489553,0.0007797983199034176,22.235008365398535
4,13.0,0.1252223264728806,0.002164913902286021,21.8749743233773
4,14.0,0.12135082900638704,0.003540838442059371,21.527925793061094
4,15.0,0.11761673878041037,0.004907618733290409,21.19319471388334
4,16.0,0.11401311542898962,0.006265312522338776,20.87015893799881
4,17.0,0.11053346534545778,0.007613985316685674,20.558236365930554
4,18.0,0.10717184397012086,0.008953707587649901,20.25689411583556
4,19.0,0.10392255417712226,0.010284558636566549,19.96562148631917
4,20.0,0.10078028119097084,0.01160662174773572,19.68394205061393
4,21.0,0.09774002246043018,0.012919984029589361,19.411407370339223
4,22.0,0.09479705484197526,0.014224736413448494,19.147594053762777
4,23.0,0.09194691427001309,0.01552097308899267,18.892101933399868
4,24.0,0.08918572374952695,0.01680877848383845,18.644583467909133
4,25.0,0.08650956639772038,0.018088250317707177,18.404687540331377
4,26.0,0.08391467364648024,0.019359486493932338,18.17207632892286
4,27.0,0.08139745366648844,0.020622586964109645,17.94642785514768
4,28.0,0.07895490264569321,0.021877635910117495,17.727472851476428
4,29.0,0.07658398400535964,0.02312472949478804,17.514939113110767
4,30.0,0.07428157536725583,0.024363969511011663,17.30854674401928
4,31.0,0.07204489287149797,0.02559544881862233,17.10804619361086
4,32.0,0.06987168688792945,0.026819246258312984,16.913235800681708
4,33.0,0.06775921241976392,0.028035465852506714,16.72386949840401
4,34.0,0.06570502640210821,0.029244199831343895,16.539728285709582
4,35.0,0.06370731730908276,0.03044551902010558,16.360649773910442
4,36.0,0.06176365116105844,0.031639527300058985,16.186415776359066
4,37.0,0.05987202652719966,0.03282630684020434,16.016846880919438
4,38.0,0.05803085534579302,0.03400592865278021,15.85180073066418
4,39.0,0.05623790348558682,0.035178497203922986,15.691077053741349
4,40.0,0.05449182729329318,0.03634406855614776,15.534555402468138
4,41.0,0.05279086407791984,0.03750273391103096,15.382077765810424
4,42.0,0.05113325100313769,0.038654577653034684,15.233486119705825
4,43.0,0.049517919698053234,0.03979965311767844,15.088684693318463
4,44.0,0.047942993754097066,0.04093806153182481,14.947505281750386
4,45.0,0.046407544148508464,0.042069845299402546,14.809864605602211
4,46.0,0.0449100224041783,0.043195095858245366,14.675623856387137
4,47.0,0.04344921315547754,0.04431387501193025,14.544674086376544
4,48.0,0.042024119422776306,0.045426242866885104,14.41692592438569
4,49.0,0.04063330780283613,0.04653228066420915,14.292250877372394
4,50.0,0.039276097118567714,0.04763202802832329,14.170587883303225
4,51.0,0.03795102665539691,0.04872557461633131,14.051806000894981
4,52.0,0.036657555012402636,0.04981294966120713,13.93585669792064
4,53.0,0.035394306453123955,0.05089424349942844,13.822616650699635
4,54.0,0.034160787001863945,0.051969480871551156,13.712041578293874
4,55.0,0.032955750540799696,0.05303874875096493,13.60401977628852
4,56.0,0.03177871494893405,0.054102070134096965,13.49850802642373
4,57.0,0.030628564983135046,0.05515952721367111,13.395406356145404
4,58.0,0.02950482877114764,0.05621114198922832,13.294672465910795
4,59.0,0.028406503091319146,0.05725699164622694,13.196216424988146
4,60.0,0.027333132676741503,0.058297097818443964,13.09999742237016
4,61.0,0.02628379494341947,0.05933153357149911,13.005932755840856
4,62.0,0.025258096806903826,0.060360316675814,12.913987188548974
4,63.0,0.0242551414343384,0.06138351976236945,12.824080326660512
4,64.0,0.0232746138586814,0.06240115614657874,12.73618393591988
4,65.0,0.02231563212000637,0.06341329749904473,12.650218955731301
4,66.0,0.021377960097705654,0.06441995322018092,12.56616421978624
4,67.0,0.020460726207701372,0.06542119349113931,12.483941597600074
4,68.0,0.01956376035914697,0.06641702515895559,12.403535841899922
4,69.0,0.018686216768291436,0.06740751500236863,12.324871134992428
4,70.0,0.01782795656016739,0.06839267035349586,12.247935027856572
4,71.0,0.016988200082806756,0.0693725507804253,12.172657630980092
4,72.0,0.016166779381200064,0.0703471691532509,12.099023888550681
4,73.0,0.015363048541357713,0.0713165718990585,12.026975899587448
4,74.0,0.014576722733937321,0.07228078466405023,11.95648813143656
4,75.0,0.013807386237062276,0.07323983256861,11.887523317983918
4,76.0,0.013054551705348577,0.0741937600284657,11.820037772645524
4,77.0,0.012318066957324503,0.07514257090263765,11.754017853579542
4,78.0,0.011597284885420832,0.07608632070207737,11.689405552810298
4,79.0,0.010892154296086913,0.07702500963655774,11.626196281248776
4,80.0,0.010202073404573504,0.07795868409408575,11.564336093744652
4,81.0,0.009526903660257553,0.0788873567880893,11.503812570351766
4,82.0,0.008866270893015652,0.07981105053846325,11.444592169735651
4,83.0,0.00821979700895238,0.0807298006498897,11.386640998827312
4,84.0,0.007587398695267982,0.08164360667179532,11.32995158930604
4,85.0,0.006968521743469462,0.08255251457390278,11.27447426084926
4,86.0,0.006363131728200964,0.08345652596316133,11.220205927501409
4,87.0,0.005770813975463609,0.08435566831474324,11.167109417082177
4,88.0,0.0051913195095988005,0.08524996535702889,11.115162410931374
4,89.0,0.004624563623109332,0.08613941626119176,11.064357315704909
4,90.0,0.004070056939259754,0.08702406135538882,11.0146502627245
4,91.0,0.00352778379523062,0.08790390088782934,10.966039847944682
4,92.0,0.002997406639867921,0.08877895455160029,10.918495812626322
4,93.0,0.002478673517924326,0.08964924556549422,10.871995571013116
4,94.0,0.001971555678618114,0.0905147703702477,10.826536545829315
4,95.0,0.0014756180405902893,0.09137556052981338,10.782079735539334
4,96.0,0.0009907900660788358,0.09223162316052944,10.738618817001583
4,97.0,0.0005169392865779037,0.09308295884845352,10.696141915482665
4,98.0,5.3691545011457444e-5,0.09392959874406773,10.654615490817703
4,99.0,-0.0003989359985832257,0.09477153947172169,10.61404108126567
4,100.0,-0.0008412292949033188,0.09560879447881329,10.574393053652305
4,101.0,-0.0012733931703800302,0.09644138112610816,10.53565304693966
4,102.0,-0.001695424385945519,0.09726929514456881,10.497821351484045
4,103.0,-0.002107662666165816,0.09809255480662311,10.460867513717464
4,104.0,-0.002510216252762128,0.09891116949212914,10.424781830642408
4,105.0,-0.002903102628504819,0.09972513471782872,10.389562735069486
4,106.0,-0.0032866645670145476,0.10053446921253364,10.355179500107537
4,107.0,-0.0036609592571894955,0.10133917801762965,10.321626999232977
4,108.0,-0.004026018391334369,0.10213925640591201,10.288902391486243
4,109.0,-0.004382168495525139,0.10293472132013282,10.256976406437536
4,110.0,-0.004729443000555193,0.1037255756833033,10.225846047285803
4,111.0,-0.005067875343452803,0.1045118144124306,10.195508316671075
4,112.0,-0.005397772905279208,0.1052934513578073,10.165935660359757
4,113.0,-0.00571916209134892,0.10607048868742998,10.13712571132832
4,114.0,-0.0060320658428529225,0.10684292117218847,10.109076413083976
4,115.0,-0.0063367733178164316,0.10761075845752684,10.081761844941376
4,116.0,-0.0066333164765553215,0.10837400280511218,10.055179141915906
4,117.0,-0.00692170071434825,0.10913264949829406,10.029327820364339
4,118.0,-0.007202191624348547,0.1098867028656466,10.004184072002076
4,119.0,-0.007474840274942623,0.1106361656681005,9.979743318960056
4,120.0,-0.007739636311389536,0.11138103461007984,9.956006489457314
4,121.0,-0.00799680276646466,0.11212130803356488,9.932953590403944
4,122.0,-0.008246428087046497,0.1128569889257428,9.910576693250478
4,123.0,-0.008488498993020902,0.11358807602240945,9.888876988452058
4,124.0,-0.008723158912635304,0.11431456255893734,9.867841618822833
4,125.0,-0.008950558885697735,0.11503645024796533,9.84745704486191
4,126.0,-0.009170698912208198,0.11575373908949341,9.82772326656929
4,127.0,-0.009383611182854074,0.11646642196495989,9.808637398309415
4,128.0,-0.009589517517678663,0.11717449514200455,9.790179555704032
4,129.0,-0.009788426096926409,0.11787795883062127,9.772349005460194
4,130.0,-0.00998032896604458,0.11857681034309062,9.755146460639404
4,131.0,-0.01016541381663099,0.11927103859193124,9.738555096203363
4,132.0,-0.010343745018887487,0.11996064246026318,9.722569141882515
4,133.0,-0.010515316940610355,0.12064562193690614,9.707189102558512
4,134.0,-0.01068019937905598,0.12132596658495369,9.692408721470123
4,135.0,-0.010838555113988306,0.12200166784339135,9.678213406724074
4,136.0,-0.010990384145407334,0.12267272571221911,9.664603158320366
4,137.0,-0.011135682210024924,0.123339137646671,9.651578358428402
4,138.0,-0.011274618395986102,0.12400088619069535,9.639123849659411
4,139.0,-0.011407238627009247,0.12465796842207591,9.627235515322345
4,140.0,-0.01153353965139623,0.12531038453147697,9.615913646905723
4,141.0,-0.011653571925088724,0.12595812359915115,9.605153721441217
4,142.0,-0.011767483839007277,0.126601169791743,9.594942436879341
4,143.0,-0.011875275393151885,0.12723952310925243,9.585279793220101
4,144.0,-0.011976938979052224,0.12787318284346835,9.576166472501505
4,145.0,-0.012072609019397641,0.1285021267724758,9.567590424813362
4,146.0,-0.01216234027995947,0.1291263479660492,9.559546740845875
4,147.0,-0.012246132760737704,0.12974584642418852,9.552035420599042
4,148.0,-0.012324004610171656,0.13036061550068187,9.545054837211618
4,149.0,-0.012396099706999003,0.13097063002682258,9.538592093114925
4,150.0,-0.012462424823549045,0.1315758890572504,9.532646581224256
4,151.0,-0.012522971784900881,0.13217639356151817,9.527219034355342
4,152.0,-0.012577830430029848,0.132772122194253,9.522301399168462
4,153.0,-0.012627076428897125,0.13336306011156068,9.517886892461753
4,154.0,-0.012670709781502714,0.13394920731344123,9.513975514235215
4,155.0,-0.012708732636143855,0.13453056158398674,9.510567071911323
4,156.0,-0.012741267942299832,0.13510709275439653,9.507650544060654
4,157.0,-0.012768337938880861,0.13567879597496424,9.505223937144233
4,158.0,-0.012789939592645747,0.13624567194069745,9.503287523067668
4,159.0,-0.012806115097949872,0.13680770721079497,9.501837519447234
4,160.0,-0.012816964201034977,0.13736487570519976,9.500864984836655
4,161.0,-0.012822486901901062,0.13791717742391182,9.50036991923593
4,162.0,-0.012822678254989464,0.1384646131654565,9.500352765974517
4,163.0,-0.012817634808404336,0.13900715359382065,9.500804870293388
4,164.0,-0.012807396958084086,0.13954478725323646,9.501722611022393
4,165.0,-0.012791964704028715,0.14007751414370392,9.503105988161531
4,166.0,-0.012771351196182843,0.1406053291315958,9.504953822924303
4,167.0,-0.012745663331481954,0.14112819857299239,9.5072565328624
4,168.0,-0.0127149075800852,0.14164612052566355,9.510013537978221
4,169.0,-0.012679078219432765,0.14215909674217939,9.513225351253112
4,170.0,-0.012638241629779227,0.14266710468486682,9.516886022232507
4,171.0,-0.012592459533154658,0.14317012415108762,9.520990018034093
4,172.0,-0.012541731929559055,0.14366815514084183,9.52553733865788
4,173.0,-0.01248606025715977,0.14416119699006583,9.530527855183754
4,174.0,-0.012425542589943545,0.14464921631532873,9.535952776069621
4,175.0,-0.012360198926528827,0.14513220638508328,9.541810308600592
4,176.0,-0.012290027731084006,0.14561016772426796,9.548100590451584
4,177.0,-0.0122150603738446,0.14608308971608822,9.55482080953394
4,178.0,-0.012135384860361954,0.14655094237683972,9.561963076859609
4,179.0,-0.012051001190636077,0.14701372570652244,9.569527392428588
4,180.0,-0.011961905000170425,0.14747144129656772,9.577514147482797
4,181.0,-0.011868179525539492,0.1479240616121852,9.585915880534507
4,182.0,-0.011769863195452512,0.1483715737371189,9.594729146759803
4,183.0,-0.011666956009909484,0.14881397767136884,9.603953946158688
4,184.0,-0.011559469081495558,0.14925127037746228,9.613589282577502
4,185.0,-0.01144750152414676,0.14968342026573073,9.623626271251084
4,186.0,-0.011331060940234233,0.15011042484887732,9.63406423068816
4,187.0,-0.011210142202973892,0.15053228578856,9.644903620463584
4,188.0,-0.011084806170612081,0.15094898572847265,9.656138985126299
4,189.0,-0.010955116472214664,0.15136050553858216,9.667764620843618
4,190.0,-0.010821073107781642,0.15176684521888853,9.67978052761554
4,191.0,-0.010682676649261504,0.15216800515417922,9.692186654171497
4,192.0,-0.010540025577847867,0.15256395928867056,9.704974172466574
4,193.0,-0.010393142671656358,0.15295470131641598,9.71814104062638
4,194.0,-0.010242027416449211,0.15334023136798117,9.73168730474818
4,195.0,-0.010086707268633331,0.15372054410538574,9.745610503586486
4,196.0,-0.00992728046080889,0.1540956161757323,9.759901831380793
4,197.0,-0.009763746992975884,0.1544654475790209,9.774561288131093
4,198.0,-0.00959610162160109,0.15483003972277742,9.78958934387786
4,199.0,-0.009424432971699495,0.15518937595804896,9.804978054103122
4,200.0,-0.009248786983634969,0.15554344695933717,9.820723300623703
4,201.0,-0.009069163657407509,0.155892252726642,9.836825083439592
4,202.0,-0.008885573370301164,0.15623579254626624,9.853282472310957
4,203.0,-0.00869812917051567,0.156574048951205,9.870085333378245
4,204.0,-0.008506841832058023,0.1569070201296377,9.88723270083861
4,205.0,-0.008311705710388025,0.15723470688471583,9.904725080679556
4,206.0,-0.008112786544617894,0.15755710287583982,9.922556579919767
4,207.0,-0.007910163970398894,0.15787419880346054,9.940720059865237
4,208.0,-0.007703837987731027,0.15818599466757807,9.959215520515965
4,209.0,-0.0074938075764606465,0.15849249114412187,9.978043053320505
4,210.0,-0.007280188842849952,0.1587936808005494,9.997192250288661
4,211.0,-0.007063012532337415,0.15908956128855037,10.016660355339788
4,212.0,-0.006842278644923036,0.15938013260812478,10.036447368473887
4,213.0,-0.006618014671569165,0.1596653952596685,10.056550825347855
4,214.0,-0.006390344654965253,0.15994534597172796,10.076959606534796
4,215.0,-0.006159269477071418,0.16021998470930707,10.09767363297409
4,216.0,-0.005924781918673346,0.16048931166638192,10.118693551810093
4,217.0,-0.0056869867819292815,0.16075332975285128,10.140009968374383
4,218.0,-0.005445945872971524,0.16101203990907229,10.16161734224557
4,219.0,-0.0052016591918000715,0.16126544213504493,10.18351567342365
4,220.0,-0.004954136330427209,0.1615135378449556,10.205704102062072
4,221.0,-0.004703517971534826,0.16175633615386784,10.228170017092781
4,222.0,-0.004449820493609713,0.16199383795707217,10.250911950316514
4,223.0,-0.004193037405946703,0.16222604269162033,10.273930483572641
4,224.0,-0.003933242909665036,0.1624529592380951,10.297218965329149
4,225.0,-0.0036705433983950635,0.16267459858601524,10.320767858254966
4,226.0,-0.0034049388721367835,0.16289096073538076,10.344577162350095
4,227.0,-0.0031364259002672466,0.1631020456933123,10.368647185142223
4,228.0,-0.00286514648005377,0.1633078749755543,10.392965197721315
4,229.0,-0.002591143678033468,0.16350845471705147,10.41752733951959
4,230.0,-0.00231441749420634,0.1637037849178038,10.442333610537041
4,231.0,-0.0020349969606327303,0.1638938720691165,10.46738140828356
4,232.0,-0.0017530389433538817,0.16407874554074467,10.492656670983429
4,233.0,-0.0014685466725159243,0.16425840590722104,10.51815910908009
4,234.0,-0.0011815105329002196,0.16443285126250756,10.543889584500363
4,235.0,-0.0008920536695056308,0.16460211048062082,10.569837058288075
4,236.0,-0.0006002590265549101,0.16476620218651977,10.595994095162467
4,237.0,-0.000306126604048058,0.16492512638020437,10.622360695123541
4,238.0,-9.664364561004227e-6,0.16507888592272887,10.648936144390571
4,239.0,0.00028895605761663015,0.16522752679944147,10.675705057333454
4,240.0,0.0005897107058674483,0.16537105523970452,10.702665286434609
4,241.0,0.0008926064541870395,0.1655094692518054,10.729817447892321
4,242.0,0.001197563533378642,0.1656427941551985,10.757154391041302
4,243.0,0.0015044445892828954,0.1657710714459003,10.784663803188723
4,244.0,0.0018132496218998002,0.1658943011239108,10.812345684334574
4,245.0,0.0021239848919854688,0.16601248155656864,10.840200595705165
4,246.0,0.002436484924337217,0.1661256698589266,10.86821370378287
4,247.0,0.0027506924879296584,0.16623388531937408,10.89637987826774
4,248.0,0.0030666075827627936,0.16633712793791108,10.92469911915978
4,249.0,0.0033842015518740017,0.1664354096325477,10.953168857593356
4,250.0,0.0037032876182484724,0.16652880089785438,10.981772350515165
4,251.0,0.00402385918738801,0.16661730416668846,11.010509006781609
4,252.0,0.004345927779849024,0.16670091496090625,11.039379859117679
4,253.0,0.004669358695363505,0.16677969008218912,11.068372832730493
4,254.0,0.004994048224037734,0.16685367217878133,11.09747863086434
4,255.0,0.005319996365871712,0.1669228612506829,11.126697253519215
4,256.0,0.00564719779909721,0.16698726054349292,11.156028223641512
4,257.0,0.0059754588101082065,0.16704695771728806,11.185454176368442
4,258.0,0.006304747507805351,0.1671019669365453,11.214972252920107
4,259.0,0.006635070114300507,0.16715228526429504,11.24458301105866
4,260.0,0.0069663491658515375,0.16719795178173225,11.274279506784243
4,261.0,0.007298421859211915,0.1672390454027723,11.30404714609856
4,262.0,0.007631288194381642,0.16727556612741518,11.333885929001605
4,263.0,0.007964956887624365,0.16730750999953595,11.363796636836138
4,264.0,0.008299252109944134,0.16733496999744932,11.393763507950451
4,265.0,0.008634104813523523,0.16735798195062312,11.423780352764478
4,266.0,0.008969514998362535,0.16737654585905734,11.453847171278218
4,267.0,0.009305457241517894,0.1673906773795728,11.483961684529802
4,268.0,0.009641730087487895,0.16740048953708675,11.514105833657926
4,269.0,0.009978323213900532,0.1674059880159547,11.544278693345175
4,270.0,0.010315248695581161,0.16740716593102206,11.574481346002274
4,271.0,0.010652374110346498,0.1674041041085074,11.604701921048271
4,272.0,0.010989582699466148,0.16739687212488505,11.63492995200446
4,273.0,0.011326874462940112,0.16738546998015508,11.665165438870844
4,274.0,0.011664247258724215,0.167369900152523,11.695408189630433
4,275.0,0.012001504996939097,0.16735028865237384,11.7256406264067
4,276.0,0.012338610078360289,0.16732665921515252,11.75585937873235
4,277.0,0.012675566962240701,0.1672990088905393,11.786064846343448
4,278.0,0.01301231010141772,0.1672673842543587,11.816251153465405
4,279.0,0.013348667237608037,0.16723190208794994,11.846402858532114
4,280.0,0.01368463837081165,0.16719256239131305,11.87651996154357
4,281.0,0.014020233415098334,0.1671493587723088,11.906603351216194
4,282.0,0.014355286555391283,0.16710241268524928,11.93663816356538
4,283.0,0.014689724055115982,0.16705177705963528,11.966617788701805
4,284.0,0.015023545914272428,0.1669974518954668,11.99654222662546
4,285.0,0.015356732525310621,0.16693945416611375,12.026409719677591
4,286.0,0.015689091927230513,0.16687793187525266,12.056203060102412
4,287.0,0.016020610980320513,0.16681289495570087,12.085921070030727
4,288.0,0.016351300538679527,0.16674433494357493,12.115564722444985
4,289.0,0.016681046689145173,0.16667234730796807,12.145123805948707
4,290.0,0.017009733912921113,0.16659702614314548,12.174587965213279
4,291.0,0.017337362210007343,0.16651837144910717,12.203957200238701
4,292.0,0.01766393227789015,0.16643638407830244,12.233231573548997
4,293.0,0.017989270549627265,0.166351216601592,12.262395526267333
4,294.0,0.018313338612254277,0.1662629021019313,12.291445614981196
4,295.0,0.018636138575106286,0.16617143867497194,12.320382028775464
4,296.0,0.01895762403745107,0.16607687230865445,12.349200608198643
4,297.0,0.019277636416888008,0.1659793500039131,12.377887137617236
4,298.0,0.019596175713417097,0.1658788717607478,12.406441617031247
4,299.0,0.019913251238488902,0.16577542931689387,12.43486488113713
4,300.0,0.020228728138886896,0.16566915886712938,12.463144841431411
4,301.0,0.020542538537661855,0.1655601272766962,12.491275413292904
4,302.0,0.02085468243481378,0.1654483345455943,12.519256596721618
4,303.0,0.021165147289583262,0.16533379650087615,12.547087267539585
4,304.0,0.021473776304955103,0.1652166806822398,12.57475337015872
4,305.0,0.021780555821188718,0.16509700134208605,12.602253680093426
4,306.0,0.022085493949605232,0.16497474969007836,12.629588924458234
4,307.0,0.022388508056004147,0.1648500234478503,12.65675169576338
4,308.0,0.022689500960629123,0.164722933216026,12.683733282627315
4,309.0,0.022988472663480152,0.1645934789946055,12.71053368505004
4,310.0,0.02328542552878241,0.16446165973550356,12.737153114965274
4,311.0,0.023580230376229094,0.16432763702755043,12.763579992400153
4,312.0,0.02387285438504587,0.16419145085939088,12.789811375236901
4,313.0,0.024163297626383837,0.1640531011388397,12.815847269853649
4,314.0,0.024451534647063268,0.16391262598764283,12.841685394578063
4,315.0,0.024737443917751355,0.16377018799115767,12.867314855285404
4,316.0,0.025021025438448107,0.1636257871493842,12.89273565197568
4,317.0,0.025302286215005732,0.16347941441437983,12.917948412667041
4,318.0,0.025581136751364714,0.16333120434344936,12.942945114759402
4,319.0,0.02585752589404921,0.16318123122886286,12.967721172756129
4,320.0,0.026131453643059216,0.16302949507062028,12.99227658665721
4,321.0,0.02640291405548483,0.16287600874145636,13.016610823728708
4,322.0,0.026671804204804153,0.16272093999105255,13.040714657437858
4,323.0,0.02693811300488103,0.16256430630897092,13.064587094001963
4,324.0,0.027201845126781313,0.16240609983778923,13.088228552144402
4,325.0,0.027462954232958716,0.1622464087607707,13.111634878077796
4,326.0,0.027721376019056373,0.16208534832918983,13.13480030743506
4,327.0,0.02797711048507428,0.1619229185430466,13.157724840216192
4,328.0,0.028230160128074822,0.1617591168061116,13.180408700262708
4,329.0,0.02848045195480011,0.16159409525728047,13.20284534431761
4,330.0,0.02872796464815623,0.16142789659006027,13.225032861475322
4,331.0,0.028972698208143167,0.16126052080445097,13.24697125173583
4,332.0,0.0292146415945632,0.16109199956845185,13.268659525434444
4,333.0,0.029453729084730956,0.16092248746401658,13.290091791062368
4,334.0,0.029689959836832938,0.1607519863765823,13.3112679731578
4,335.0,0.029923337544770466,0.16058048771188022,13.33218840284922
4,336.0,0.0301538217555102,0.16040810989732737,13.352849453848373
4,337.0,0.03038138576524153,0.16023492642693937,13.373248732373964
4,338.0,0.030606029573964456,0.16006093730071616,13.393386238425993
4,339.0,0.030827752073150135,0.15988615162342373,13.413261872633786
4,340.0,0.031046510527482595,0.15971071949004903,13.432871804120861
4,341.0,0.03126229926310239,0.15953465964013275,13.452215524271471
4,342.0,0.03147511979812574,0.15935796605457023,13.471293169172492
4,343.0,0.031684958810944124,0.15918070870720807,13.490103544649138
4,344.0,0.03189179223790948,0.15900299575241517,13.508644493589394
4,345.0,0.03209562007902181,0.15882482719019148,13.526916015993262
4,346.0,0.03229644376237788,0.15864619904794905,13.544918239878102
4,347.0,0.03249424583419199,0.15846723885180783,13.562649600652767
4,348.0,0.032689019763167855,0.15828798888167284,13.580109512839202
4,349.0,0.032880765549305455,0.15810844913754404,13.59729797643741
4,350.0,0.03306948334280588,0.1579286403246454,13.61421500491171
4,351.0,0.033255163800001354,0.1577486957205067,13.630859760677618
4,352.0,0.03343780646845404,0.15756862047673834,13.647232203177742
4,353.0,0.03361741160226481,0.15738840729146925,13.663332355190168
4,354.0,0.03379398140224514,0.15720814140370085,13.679160413999904
4,355.0,0.03396751621813324,0.15702789691611643,13.694716410958158
4,356.0,0.0341380160499291,0.15684767382871606,13.710000346064927
4,357.0,0.034305481735910935,0.15666747252437277,13.7250122944651
4,358.0,0.03446992495401981,0.15648741091649815,13.73975330299192
4,359.0,0.03463134792057723,0.15630751530114725,13.754223570320747
4,360.0,0.03478975063558322,0.15612778567832006,13.76842309645158
4,361.0,0.03494513867326499,0.1559482456207619,13.782352381068938
4,362.0,0.03509753237686356,0.155769007417032,13.79601324778035
4,363.0,0.03524693190805677,0.155590072043283,13.809405711078922
4,364.0,0.03539333575437484,0.15541143317761394,13.822529635383937
4,365.0,0.03553676617362791,0.15523316750356952,13.835387015928605
4,366.0,0.03567723921214113,0.15505533348756695,13.847979291136578
4,367.0,0.0358147548699145,0.15487793112960618,13.860306461007863
4,368.0,0.035949313664204986,0.15470096051145132,13.872368571910373
4,369.0,0.03608095353272304,0.15452451987384364,13.884169024653941
4,370.0,0.036209682844749125,0.15434863151176145,13.895708569477085
4,371.0,0.03633550160028323,0.15417329542520478,13.90698720637979
4,372.0,0.03645841840503048,0.1539985277177462,13.918005706794135
4,373.0,0.036578479566461125,0.15382442201768265,13.928768221811433
4,374.0,0.03669568631118386,0.15365098085468332,13.939274861387258
4,375.0,0.03681003578447446,0.153478199503889,13.949525369618605
4,376.0,0.03692156073276653,0.15330613014942815,13.959522681959202
4,377.0,0.03703029597382893,0.15313482914647125,13.969269919541265
4,378.0,0.037136241507661684,0.1529642964950183,13.978767082364806
4,379.0,0.0372393951197463,0.15279452915309777,13.988013971916104
4,380.0,0.03733981129384042,0.15262559874833836,13.99701547222469
4,381.0,0.03743751027462635,0.15245753202474,14.0057733980631
4,382.0,0.03753249206210409,0.1522903289823027,14.014287749431338
4,383.0,0.03762476068258342,0.1521239940329899,14.022558887255602
4,384.0,0.037714383468357746,0.15195860069125963,14.030592847333066
4,385.0,0.03780136860275559,0.15179415788831116,14.038390363233157
4,386.0,0.03788571589284082,0.1516306654493751,14.045951417660692
4,387.0,0.037967441974408336,0.15146813881301327,14.053277501880553
4,388.0,0.03804661619559164,0.15130664116150777,14.060374832393723
4,389.0,0.038123238556390715,0.15114617249485862,14.067243409200197
4,390.0,0.038197304711775376,0.1509867295655753,14.073882842803052
4,391.0,0.03826886117343979,0.15082834832590925,14.080297302600638
4,392.0,0.038337957040562344,0.15067106620998755,14.086491189938373
4,393.0,0.03840459231314303,0.1505148832178102,14.092464504816274
4,394.0,0.0384687627121821,0.15035979681486342,14.098216863656502
4,395.0,0.03853053648746287,0.15020585112923873,14.103754384501814
4,396.0,0.03858994564663676,0.15005306654357872,14.109079936580063
4,397.0,0.03864699018970377,0.14990144305788344,14.114193519891248
4,398.0,0.03870166968119242,0.14975098082440105,14.119095095398869
4,399.0,0.03875406605301079,0.1496017239395985,14.123792007637826
4,400.0,0.03880419775526115,0.14945368214877894,14.128285910511018
4,401.0,0.03885206478794351,0.14930685545194236,14.132576804018449
4,402.0,0.0388976735668845,0.14916124727444577,14.13666526328724
4,403.0,0.0389411124768801,0.14901689678691155,14.140559211301666
4,404.0,0.03898238991071879,0.1488738076175209,14.144259400407543
4,405.0,0.03902150586840057,0.14873197976627384,14.147765830604866
4,406.0,0.0390584756320301,0.1485914195338301,14.151079871811092
4,407.0,0.03909338816332046,0.14845215879406812,14.154209498726468
4,408.0,0.03912624496499571,0.14831419806680932,14.157154846058082
4,409.0,0.03915704327759569,0.1481775366162526,14.159915666442583
4,410.0,0.03918581643217897,0.14804218481570558,14.16249494774061
4,411.0,0.039212641494360094,0.14790816445600577,14.164899598263094
4,412.0,0.039237518464139066,0.1477754755371532,14.167129618010035
4,413.0,0.03926044230200446,0.14764411708806185,14.16918455522987
4,414.0,0.03928146272017142,0.14751410076016266,14.171068866221832
4,415.0,0.03930064394536713,0.1473854403190887,14.172788308394132
4,416.0,0.0393179859775916,0.14725813576484004,14.174342881746764
4,417.0,0.0393334828139386,0.14713218635899408,14.175732048167596
4,418.0,0.03934719530415043,0.14700760233187923,14.176961262345356
4,419.0,0.03935917817086157,0.14688439195507194,14.178035429722986
4,420.0,0.039369431414072016,0.14676255522857218,14.178954550300476
4,421.0,0.03937794878214888,0.14664209179236207,14.179718063669352
4,422.0,0.039384797907788774,0.14652300894359202,14.180332032555516
4,423.0,0.03939002709493754,0.14640531113879446,14.18080078701821
4,424.0,0.03939363634359516,0.14628899837796938,14.181124327057436
4,425.0,0.03939561940045815,0.14617407067623683,14.181302092114962
4,426.0,0.03939604703251819,0.14606053171407027,14.18134042588096
4,427.0,0.03939496401080045,0.14594838314204267,14.181243341716831
4,428.0,0.03939237033530493,0.14583762496015407,14.181010839622587
4,429.0,0.039388259726607366,0.1457282575176025,14.180642356698463
4,430.0,0.039382702830340864,0.14562028078314085,14.180144225755821
4,431.0,0.0393757436879912,0.1455136940665518,14.179520394758747
4,432.0,0.03936738229955837,0.14540849736783534,14.178770863707223
4,433.0,0.039357612308647476,0.14530469133644688,14.177895062801717
4,434.0,0.039346500964037356,0.14520227261100996,14.176899020352986
4,435.0,0.03933409446657377,0.14510123814587583,14.175786877894321
4,436.0,0.03932039281625673,0.1450015879410445,14.174558635425718
4,437.0,0.03930538978530664,0.14490332289538815,14.173213734676953
4,438.0,0.039289145435026686,0.14480643719882122,14.171757559659563
4,439.0,0.03927171131129656,0.14471092495454965,14.170194731046022
4,440.0,0.039253087414116254,0.14461678616257337,14.168525248836325
4,441.0,0.03923326841243219,0.14452402180791796,14.166748635144515
4,442.0,0.0392123023335747,0.14443262517513666,14.164869195233484
4,443.0,0.039190249785204495,0.14434258647069703,14.162892362091313
4,444.0,0.039167110767321565,0.144253905694599,14.160818135717994
4,445.0,0.039142882494007374,0.1441665834744418,14.158646266378403
4,446.0,0.03911759448077472,0.14408061469955452,14.156379399900256
4,447.0,0.03909132090141718,0.14399598394540977,14.154024185366064
4,448.0,0.03906406175593478,0.14391269121200753,14.151580622775821
4,449.0,0.039035817044327493,0.14383073649934783,14.149048712129527
4,450.0,0.03900659689827854,0.14375011814377256,14.146429361650885
4,451.0,0.03897648679726299,0.14367081454002092,14.14373023388558
4,452.0,0.03894548934319165,0.14359282499423368,14.140951562073935
4,453.0,0.03891360453606451,0.14351614950641087,14.13809334621595
4,454.0,0.038880833064297744,0.1434407885145748,14.135155648022577
4,455.0,0.038847257180504476,0.1433667176980235,14.132145840777353
4,456.0,0.03881288921041773,0.14329393324474649,14.12906502938285
4,457.0,0.038777729154037516,0.14322243515474378,14.125913213839075
4,458.0,0.03874177188800653,0.14315222559261068,14.122689934878352
4,459.0,0.038705086485255356,0.14308328122588534,14.119401384331946
4,460.0,0.03866770109284588,0.14301559211270562,14.116050085356989
4,461.0,0.03862961571077811,0.1429491582530715,14.112636037953486
4,462.0,0.03859082535158489,0.14288398176307515,14.109158795035222
4,463.0,0.038551371681869354,0.14282004706096174,14.10562209167719
4,464.0,0.03851130675558183,0.14275733339714639,14.102030594096307
4,465.0,0.03847063057272232,0.14269584077162908,14.098384302292565
4,466.0,0.03842934313329082,0.14263556918440984,14.094683216265977
4,467.0,0.03838745067640983,0.14257651671167448,14.090927895303555
4,468.0,0.03834502854880078,0.1425186499190271,14.087125093631329
4,469.0,0.038302080369325066,0.1424619671452753,14.083275135651034
4,470.0,0.03825860613798269,0.142406468390419,14.07937802136268
4,471.0,0.038214601242257056,0.14235215635763843,14.075433337291347
4,472.0,0.03817012848219788,0.142299000550533,14.0714467129551
4,473.0,0.03812521120847369,0.14224698923136597,14.067420241553089
4,474.0,0.038079849421084465,0.14219612240013735,14.063353923085312
4,475.0,0.0380340404203301,0.1421464016036464,14.05924751554543
4,476.0,0.03798780775745983,0.14209781489568019,14.055103130113022
4,477.0,0.03794120833932287,0.1420503309165132,14.050925868028262
4,478.0,0.03789424216591923,0.14200394966614535,14.046715729291154
4,479.0,0.037846909237248906,0.14195867114457666,14.04247271390169
4,480.0,0.037799206700746636,0.14191449761881433,14.038196566150399
4,481.0,0.03775119620352949,0.14187139237006666,14.033892812204243
4,482.0,0.03770289283926427,0.14182934613664036,14.029562805088739
4,483.0,0.03765429660795096,0.14178835891853542,14.025206544803888
4,484.0,0.037605405035595375,0.14174843242191798,14.02082380957606
4,485.0,0.03755623881701725,0.1417095539452694,14.01641645452897
4,486.0,0.0375068496801145,0.14167168908025984,14.011989116651565
4,487.0,0.037457237624887105,0.14163483782688926,14.007541795943839
4,488.0,0.03740740265133508,0.14159900018515767,14.003074492405801
4,489.0,0.037357340426314875,0.14156417973130098,13.998586817606064
4,490.0,0.03730710145301477,0.14153034056159647,13.994083298748235
4,491.0,0.03725670552052661,0.1414974681640242,13.989565709764825
4,492.0,0.03720615262885041,0.14146556253858417,13.985034050655836
4,493.0,0.03715544277798615,0.1414346236852764,13.980488321421271
4,494.0,0.037104578411124245,0.14140465057376914,13.97592874107344
4,495.0,0.037053615416823935,0.1413755991263293,13.971360319571037
4,496.0,0.037002557400234386,0.1413474664203834,13.966783380086609
4,497.0,0.03695140436135561,0.14132025245593147,13.962197922620152
4,498.0,0.036900153415010246,0.14129395983657933,13.957603688538791
4,499.0,0.03684882552265988,0.14126857153372785,13.953002556868531
4,500.0,0.03679746050576277,0.14124405298577306,13.948398097282002
4,501.0,0.03674605836431893,0.14122040419271495,13.943790309779214
4,502.0,0.036694619098328336,0.14119762515455353,13.939179194360158
4,503.0,0.03664313842565106,0.14117572022809036,13.934564367165521
4,504.0,0.03659165042989524,0.14115465822280132,13.92994888351594
4,505.0,0.036540179165344744,0.14113441625577938,13.925334899684012
4,506.0,0.036488724631999564,0.1411149943270245,13.920722415669724
4,507.0,0.036437286829859694,0.1410963924365367,13.916111431473084
4,508.0,0.036385861997623406,0.1410786149649415,13.911501609923718
4,509.0,0.03633448812573781,0.14106162357609534,13.906896356558875
4,510.0,0.036283180808516446,0.1410454019958943,13.902297069283021
4,511.0,0.036231940045959324,0.14102995022433837,13.897703748096157
4,512.0,0.036180765838066446,0.1410152682614276,13.893116392998287
4,513.0,0.036129655023360206,0.14100136029887758,13.888534720588432
4,514.0,0.036078644663157876,0.14098818526110016,13.88396205311484
4,515.0,0.03602774666955029,0.1409757294979571,13.87939945840041
4,516.0,0.03597696104253744,0.14096399300944842,13.874846936445138
4,517.0,0.03592628778211934,0.14095297579557411,13.87030448724902
4,518.0,0.035875723763337634,0.1409426823709073,13.86577183068475
4,519.0,0.03582530232029847,0.14093307222383653,13.861251954886145
4,520.0,0.03577503507473484,0.14092413071369234,13.856745901647859
4,521.0,0.03572492202664674,0.14091585784047472,13.852253670969892
4,522.0,0.03567496317603417,0.14090825360418363,13.847775262852252
4,523.0,0.035625155230654314,0.14090132303924852,13.84331038217191
4,524.0,0.035575525081402125,0.14089503039908938,13.838861439480763
4,525.0,0.03552608701839868,0.140889355847849,13.834429715772941
4,526.0,0.035476841041643996,0.14088429938552743,13.83001521104845
4,527.0,0.03542778715113806,0.14087986101212466,13.825617925307279
4,528.0,0.035378922791522154,0.14087604490010483,13.821237629482136
4,529.0,0.03533026432485258,0.1408728276141402,13.816875790299427
4,530.0,0.0352818319373867,0.1408701781455756,13.81253421729435
4,531.0,0.0352336256291245,0.140868096494411,13.808212910466912
4,532.0,0.03518564540006599,0.1408665826606465,13.803911869817114
4,533.0,0.035137891250211155,0.14086563664428203,13.799631095344948
4,534.0,0.03509036461253974,0.14086525771798347,13.795370715505493
4,535.0,0.035043093579808615,0.14086539790513855,13.79113324858789
4,536.0,0.03499607877607537,0.14086605609561595,13.786918750533854
4,537.0,0.034949320201340006,0.14086723228941567,13.7827272213434
4,538.0,0.03490281785560251,0.14086892648653768,13.778558661016516
4,539.0,0.034856569474437354,0.14087114397303693,13.774412866565717
4,540.0,0.03481059586365369,0.1408738457514845,13.770291703064029
4,541.0,0.034764904846725835,0.1408770163525518,13.766195871822836
4,542.0,0.034719496423653774,0.14088065577623873,13.762125372842135
4,543.0,0.03467437059443752,0.1408847640225454,13.758080206121935
4,544.0,0.03462952708023259,0.1408893417526788,13.754060346666073
4,545.0,0.0345849686183723,0.14089438521234016,13.750066039854405
4,546.0,0.034540715393455164,0.14089984911911937,13.746099095073436
4,547.0,0.034496767405481195,0.1409057334730165,13.74215951232316
4,548.0,0.034453124654450384,0.1409120382740315,13.738247291603587
4,549.0,0.03440978714036273,0.1409187635221644,13.73436243291471
4,550.0,0.0343667530963451,0.1409259146502201,13.7305047778706
4,551.0,0.0343240347349816,0.14093346174521915,13.726675421230942
4,552.0,0.03428164059953718,0.1409413818858616,13.72287512883056
4,553.0,0.03423957069001186,0.14094967507214753,13.719103900669456
4,554.0,0.03419782500640561,0.1409583413040769,13.715361736747617
4,555.0,0.03415640354871846,0.14096738058164973,13.711648637065057
4,556.0,0.03411530518077516,0.14097679830154722,13.707964499772816
4,557.0,0.03407454286179173,0.14098655476497948,13.704310486560123
4,558.0,0.0340341201756631,0.1409966380134501,13.700686918694252
4,559.0,0.03399403712238929,0.14100704804695907,13.697093796175215
4,560.0,0.03395429370197028,0.1410177848655064,13.693531119003003
4,561.0,0.033914889914406075,0.14102884846909208,13.689998887177616
4,562.0,0.033875825254506296,0.14104024369481305,13.686497055412813
4,563.0,0.03383711027123371,0.14105192890421922,13.683026569338047
4,564.0,0.033798746822439246,0.14106389594491595,13.679587595494665
4,565.0,0.03376073490812288,0.1410761448169032,13.676180133882674
4,566.0,0.03372307452828462,0.14108867552018103,13.672804184502072
4,567.0,0.03368576568292447,0.1411014880547494,13.669459747352853
4,568.0,0.0336488080569945,0.14111458781975822,13.66614679419352
4,569.0,0.033612208903880864,0.1411279356730291,13.66286597523165
4,570.0,0.03357596976363494,0.14114152187694545,13.659617428520432
4,571.0,0.033540090636256716,0.14115534643150726,13.65640115405986
4,572.0,0.033504571521746206,0.14116940933671454,13.653217151849944
4,573.0,0.0334694124201034,0.1411837105925673,13.650065421890679
4,574.0,0.03343461313959038,0.14119825605914316,13.646945946994302
4,575.0,0.033400177441093665,0.14121301566831082,13.643859064293972
4,576.0,0.03336610689931794,0.14122797178812777,13.640804914949259
4,577.0,0.0333324015142632,0.14124312441859396,13.63778349896017
4,578.0,0.03329906128592945,0.1412584735597094,13.634794816326696
4,579.0,0.0332660862143167,0.14127401921147412,13.63183886704885
4,580.0,0.03323347632250909,0.14128976348588357,13.628915653195927
4,581.0,0.033201232835003265,0.14130569966713505,13.626025284534187
4,582.0,0.033169356410824906,0.1413217923293309,13.623167820139964
4,583.0,0.033137847049974,0.14133804147247117,13.620343260013254
4,584.0,0.033106704752450554,0.1413544470965558,13.61755160415406
4,585.0,0.03307592951825457,0.14137100920158485,13.614792852562388
4,586.0,0.03304552134738604,0.1413877277875583,13.612067005238229
4,587.0,0.033015481109548876,0.14140460876764455,13.609374140143533
4,588.0,0.03298580762420628,0.14142162073501618,13.606714151452685
4,589.0,0.032956499980250346,0.14143875113599993,13.60408695749222
4,590.0,0.032927558177681074,0.14145599997059574,13.601492558262127
4,591.0,0.032898982216498465,0.14147336723880363,13.598930953762414
4,592.0,0.032870772096702514,0.1414908529406236,13.596402143993078
4,593.0,0.03284292781829322,0.14150845707605567,13.593906128954119
4,594.0,0.032815450949066065,0.14152618399482048,13.591443049185761
4,595.0,0.03278833625183327,0.14154399671137682,13.589012435216347
4,596.0,0.03276158316934476,0.1415618919705918,13.5866142370929
4,597.0,0.03273519170160053,0.1415798697724654,13.584248454815425
4,598.0,0.032709161848600586,0.14159793011699762,13.58191508838392
4,599.0,0.03268349361034493,0.14161607300418844,13.57961413779838
4,600.0,0.032658186986833544,0.1416342984340379,13.577345603058811
4,601.0,0.03263324390635216,0.14165260973069502,13.575109657020482
4,602.0,0.03260865557762203,0.14167097082889205,13.572905511616131
4,603.0,0.032584421775879384,0.1416893809092804,13.570733146697506
4,604.0,0.03256054250112422,0.14170783997186004,13.568592562264602
4,605.0,0.03253701775335655,0.14172634801663103,13.566483758317426
4,606.0,0.03251384753257637,0.14174490504359333,13.56440673485597
4,607.0,0.03249103183878367,0.14176351105274693,13.562361491880244
4,608.0,0.03246857319327146,0.1417821703603716,13.560348255403824
4,609.0,0.032446460298962476,0.14180085023432054,13.558366012734833
4,610.0,0.03242469215120546,0.14181954803096944,13.556414673814388
4,611.0,0.032403268750000415,0.14183826375031836,13.554494238642487
4,612.0,0.03238219009534733,0.14185699739236723,13.552604707219128
4,613.0,0.032361456187246215,0.1418757489571161,13.55074607954431
4,614.0,0.032341067025697064,0.14189451844456497,13.548918355618037
4,615.0,0.032321025692190995,0.14191331106823354,13.54712181167114
4,616.0,0.032301321468673316,0.14193210262370443,13.545355486916439
4,617.0,0.03228194971674761,0.14195088370414977,13.543618965559093
4,618.0,0.03226291043641388,0.14196965430956965,13.541912247599113
4,619.0,0.032244203627672136,0.141988414439964,13.540235333036486
4,620.0,0.032225829290522374,0.14200716409533287,13.538588221871219
4,621.0,0.032207787424964586,0.1420259032756762,13.536970914103312
4,622.0,0.03219007919957578,0.14204463371939427,13.53538351448627
4,623.0,0.03217270365862055,0.14206335177879847,13.53382593734612
4,624.0,0.03215564605108162,0.1420820337698132,13.532296860373108
4,625.0,0.032138906376958994,0.14210067969243842,13.53079628356723
4,626.0,0.03212248463625266,0.1421192895466741,13.52932420692849
4,627.0,0.03210638082896263,0.14213786333252032,13.527880630456886
4,628.0,0.0320905949550889,0.142156401049977,13.52646555415242
4,629.0,0.032075127014631465,0.1421749026990442,13.525078978015092
4,630.0,0.032059980767817436,0.14219337242102634,13.52372123911894
4,631.0,0.03204514453500991,0.14221179407213103,13.52239129047869
4,632.0,0.03203060969926873,0.14223015698003294,13.521088359655149
4,633.0,0.032016376260593886,0.14224846114473208,13.519812446648308
4,634.0,0.0320024442189854,0.14226670656622842,13.51856355145817
4,635.0,0.031988813574443255,0.14228489324452195,13.517341674084737
4,636.0,0.03197548432696746,0.1423030211796127,13.516146814528005
4,637.0,0.03196245647655801,0.14232109037150065,13.514978972787981
4,638.0,0.031949734716779886,0.1423391047078594,13.513838569604909
4,639.0,0.03193730196174,0.14235704627784082,13.512724073366254
4,640.0,0.03192515236458757,0.14237490942381914,13.511634959948985
4,641.0,0.031913285925322575,0.1423926941457944,13.5105712293531
4,642.0,0.03190170264394504,0.14241040044376654,13.5095328815786
4,643.0,0.03189040252045495,0.14242802831773563,13.508519916625488
4,644.0,0.031879385554852306,0.14244557776770164,13.507532334493758
4,645.0,0.031868651747137114,0.1424630487936646,13.506570135183415
4,646.0,0.03185820620898297,0.14248044470422264,13.50563377691478
4,647.0,0.03184803028478613,0.14249775015062527,13.5047215873634
4,648.0,0.03183811789449894,0.1425149605147804,13.503833021502036
4,649.0,0.031828469038121386,0.1425320757966881,13.50296807933068
4,650.0,0.031819083715653486,0.14254909599634832,13.502126760849336
4,651.0,0.031809961927095225,0.14256602111376104,13.501309066058008
4,652.0,0.03180110367244661,0.14258285114892633,13.500514994956687
4,653.0,0.03179250895170763,0.14259958610184412,13.499744547545383
4,654.0,0.0317841827936414,0.1426162285847452,13.498998174612149
4,655.0,0.03177610918627228,0.1426327680681804,13.49827444081249
4,656.0,0.03176827843397049,0.14264919881118737,13.497572477011369
4,657.0,0.031760690536736025,0.1426655208137661,13.49689228320879
4,658.0,0.03175334549456889,0.14268173407591658,13.496233859404752
4,659.0,0.031746243307469085,0.14269783859763885,13.495597205599253
4,660.0,0.0317393839754366,0.14271383437893287,13.494982321792298
4,661.0,0.031732767498471454,0.14272972141979864,13.49438920798388
4,662.0,0.031726397050395705,0.14274550101789849,13.493818148681562
4,663.0,0.0317202660725853,0.14276116926182694,13.49326855595758
4,664.0,0.03171435654605542,0.14277671803454145,13.492738814555237
4,665.0,0.031708668470806056,0.14279214733604206,13.492228924474537
4,666.0,0.031703201846837205,0.14280745716632876,13.491738885715478
4,667.0,0.031697956674148875,0.1428226475254015,13.491268698278063
4,668.0,0.03169293295274107,0.14283771841326032,13.490818362162285
4,669.0,0.03168813068261377,0.14285266982990522,13.490387877368148
4,670.0,0.031683549863767,0.1428675017753362,13.489977243895655
4,671.0,0.03167919628747608,0.14288221544290394,13.489586980885937
4,672.0,0.03167504514561718,0.14289680256302617,13.489214864490737
4,673.0,0.031671093645255055,0.14291126229097714,13.488860644345927
4,674.0,0.03166734178638972,0.14292559462675686,13.488524320451505
4,675.0,0.03166378956902116,0.1429397995703653,13.488205892807477
4,676.0,0.03166043699314939,0.1429538771218025,13.487905361413839
4,677.0,0.031657284058774396,0.1429678272810684,13.48762272627059
4,678.0,0.03165433076589618,0.14298165004816307,13.487357987377733
4,679.0,0.03165158124090181,0.14299534609688738,13.487111514632595
4,680.0,0.031649025355621564,0.14300891265507254,13.486882400126426
4,681.0,0.031646647195548834,0.14302234655564763,13.486669217252036
4,682.0,0.031644446760683606,0.1430356477986127,13.486471966009427
4,683.0,0.031642424051025894,0.1430488163839677,13.486290646398595
4,684.0,0.031640579066575684,0.14306185231171262,13.486125258419538
4,685.0,0.03163891180733299,0.14307475558184748,13.485975802072263
4,686.0,0.031637422273297806,0.1430875261943723,13.485842277356761
4,687.0,0.03163611046447013,0.14310016414928703,13.485724684273041
4,688.0,0.03163498238891325,0.14311266959833305,13.485623561395528
4,689.0,0.0316340162061338,0.1431250400875996,13.485536950900096
4,690.0,0.031633206000329026,0.14313727512750063,13.485464322482741
4,691.0,0.03163255177149892,0.1431493747180361,13.48540567614345
4,692.0,0.031632053519643495,0.143161338859206,13.485361011882231
4,693.0,0.031631711244762745,0.14317316755101042,13.485330329699082
4,694.0,0.031631524946856664,0.14318486079344928,13.485313629594001
4,695.0,0.03163149462592525,0.14319641858652257,13.485310911566993
4,696.0,0.03163162028196852,0.14320784093023034,13.485322175618052
4,697.0,0.03163190746243202,0.14321912717394816,13.485347919030948
4,698.0,0.03163233002337216,0.14323027743082414,13.485385798211938
4,699.0,0.03163288722809796,0.1432412917197196,13.485435747122622
4,700.0,0.03163357907660943,0.14325217004063456,13.485497765763004
4,701.0,0.03163440556890656,0.14326291239356906,13.48557185413308
4,702.0,0.03163536670498934,0.14327351877852304,13.485658012232845
4,703.0,0.0316364624848578,0.14328398919549654,13.485756240062306
4,704.0,0.0316376929085119,0.14329432364448952,13.485866537621458
4,705.0,0.031639059422602395,0.14330452194142113,13.48598903459088
4,706.0,0.03164056237551136,0.14331458344242112,13.486123762200208
4,707.0,0.031642179272981436,0.14332451051825446,13.486268704020661
4,708.0,0.031643910115012615,0.14333430316892115,13.486423860052229
4,709.0,0.0316457549016049,0.14334396139442124,13.486589230294914
4,710.0,0.03164771363275829,0.14335348519475466,13.48676481474872
4,711.0,0.03164978630847279,0.14336287456992144,13.486950613413649
4,712.0,0.031651972928748384,0.1433721295199216,13.487146626289691
4,713.0,0.031654273493585086,0.1433812500447551,13.487352853376855
4,714.0,0.031656689689066694,0.14339023576855067,13.487569445818956
4,715.0,0.03165922095200992,0.14339908623230282,13.487796353131149
4,716.0,0.03166184628616583,0.14340780565815314,13.488031693169024
4,717.0,0.03166456569153442,0.14341639404610163,13.488275465932578
4,718.0,0.0316673791681157,0.1434248513961483,13.488527671421815
4,719.0,0.03167028671590966,0.14343317770829314,13.488788309636728
4,720.0,0.0316732883349163,0.14344137298253615,13.489057380577327
4,721.0,0.03167638402513562,0.14344943721887732,13.489334884243604
4,722.0,0.031679573786567626,0.14345737041731668,13.48962082063556
4,723.0,0.03168285777397143,0.14346517252919216,13.489915203626103
4,724.0,0.03168624057193028,0.14347284164646787,13.490218444186151
4,725.0,0.0316896985603679,0.14348038473959834,13.490528424966335
4,726.0,0.03169323173928429,0.1434878018085836,13.49084514596664
4,727.0,0.031696840108679444,0.14349509285342357,13.491168607187078
4,728.0,0.03170052366855337,0.14350225787411833,13.49149880862764
4,729.0,0.031704282418906056,0.14350929687066788,13.491835750288331
4,730.0,0.03170811635973752,0.14351620984307217,13.492179432169154
4,731.0,0.03171202549104774,0.1435229967913312,13.492529854270103
4,732.0,0.03171600981283674,0.14352965771544504,13.492887016591178
4,733.0,0.03172007470087088,0.1435361901475686,13.493251401026496
4,734.0,0.03172420095747511,0.14354260139016176,13.493621286659275
4,735.0,0.03172838466017138,0.14354889303279847,13.493996321871
4,736.0,0.031732625808959705,0.14355506507547872,13.494376506661657
4,737.0,0.03173692440384007,0.14356111751820252,13.494761841031256
4,738.0,0.031741280444812496,0.14356705036096987,13.495152324979795
4,739.0,0.03174569393187696,0.14357286360378074,13.495547958507272
4,740.0,0.03175016486503348,0.14357855724663515,13.495948741613692
4,741.0,0.031754693244282046,0.14358413128953312,13.496354674299049
4,742.0,0.031759282508360395,0.14358958391132576,13.496766064818456
4,743.0,0.03176392500224119,0.14359491842578176,13.497182226960437
4,744.0,0.03176860845709926,0.14360014096250084,13.497602060923747
4,745.0,0.03177333287293459,0.143605251521483,13.498025566708378
4,746.0,0.031778098249747186,0.14361025010272824,13.498452744314339
4,747.0,0.03178290458753704,0.14361513670623655,13.498883593741626
4,748.0,0.031787751886304165,0.14361991133200794,13.499318114990237
4,749.0,0.03179264014604855,0.14362457398004236,13.499756308060169
4,750.0,0.03179756936677021,0.1436291246503399,13.500198172951432
4,751.0,0.03180253954846912,0.14363356334290048,13.500643709664018
4,752.0,0.0318075554983805,0.1436378868078429,13.501093349127805
4,753.0,0.031812601040915024,0.14364210458422957,13.501545641331639
4,754.0,0.031817672422712835,0.14364621899528573,13.502000249817074
4,755.0,0.03182276964377392,0.14365023004101138,13.502457174584105
4,756.0,0.031827892704098276,0.1436541377214065,13.50291641563274
4,757.0,0.031833041603685906,0.14365794203647111,13.503377972962971
4,758.0,0.03183821634253682,0.14366164298620523,13.503841846574803
4,759.0,0.031843416920651006,0.1436652405706088,13.504308036468235
4,760.0,0.03184864333802847,0.1436687347896819,13.504776542643263
4,761.0,0.03185389559466921,0.14367212564342444,13.505247365099894
4,762.0,0.0318591781175616,0.14367540942087645,13.505720900681933
4,763.0,0.03186447368266134,0.1436785985772518,13.5061956053927
4,764.0,0.03186978141575666,0.14368169376787543,13.506671400866153
4,765.0,0.03187510131684756,0.14368469499274736,13.507148287102293
4,766.0,0.031880433385934034,0.1436876022518676,13.507626264101118
4,767.0,0.03188577762301609,0.14369041554523615,13.508105331862637
4,768.0,0.031891134028093716,0.14369313487285298,13.50858549038684
4,769.0,0.03189650260116693,0.1436957602347181,13.509066739673733
4,770.0,0.03190188334223572,0.14369829163083156,13.509549079723312
4,771.0,0.03190727625130009,0.14370072906119327,13.510032510535577
4,772.0,0.03191268545401966,0.14370306846158476,13.510517401942653
4,773.0,0.03191809596123723,0.14370532273607725,13.511002410287453
4,774.0,0.03192350648694007,0.14370749303320202,13.511487420289308
4,775.0,0.03192891703112818,0.14370957935295905,13.51197243194822
4,776.0,0.03193432759380156,0.14371158169534837,13.512457445264184
4,777.0,0.03193973817496022,0.14371350006036995,13.512942460237209
4,778.0,0.03194514877460416,0.14371533444802384,13.51342747686729
4,779.0,0.03195055939273336,0.14371708485830997,13.513912495154422
4,780.0,0.03195597002934784,0.1437187512912284,13.514397515098612
4,781.0,0.03196138068444759,0.14372033374677912,13.51488253669986
4,782.0,0.031966794697206154,0.14372182847261122,13.515367859288139
4,783.0,0.031972202966018125,0.14372324452273352,13.51585266697793
4,784.0,0.031977600682090955,0.14372458697843865,13.516336528699744
4,785.0,0.031982987845424644,0.14372585583972664,13.516819444453583
4,786.0,0.0319883644560192,0.14372705110659748,13.517301414239457
4,787.0,0.03199373051387462,0.14372817277905117,13.517782438057354
4,788.0,0.031999086018990895,0.1437292208570877,13.51826251590728
4,789.0,0.03200443097136804,0.14373019534070708,13.518741647789232
4,790.0,0.03200976537100604,0.14373109622990932,13.519219833703215
4,791.0,0.032015089217904906,0.1437319235246944,13.51969707364922
4,792.0,0.03202040251206463,0.14373267722506233,13.520173367627258
4,793.0,0.032025708462833785,0.14373335264418302,13.52064900332954
4,794.0,0.03203099527898979,0.14373396457532406,13.521122923768045
4,795.0,0.032036262591711016,0.14373451349867947,13.521595095880889
4,796.0,0.03204151040099745,0.14373499941424928,13.522065519668065
4,797.0,0.03204673870684911,0.1437354223220335,13.52253419512958
4,798.0,0.03205194750926599,0.14373578222203212,13.52300112226543
4,799.0,0.03205713680824807,0.14373607911424513,13.523466301075617
4,800.0,0.03206230660379538,0.14373631299867254,13.523929731560143
4,801.0,0.0320674568959079,0.14373648387531435,13.524391413719
4,802.0,0.03207258768458564,0.14373659174417056,13.524851347552197
4,803.0,0.032077698969828594,0.14373663660524116,13.525309533059728
4,804.0,0.032082793409392046,0.1437366135115109,13.525766208487928
4,805.0,0.032087861106309123,0.14373653790931054,13.526220486653514
4,806.0,0.03209290199754032,0.14373640990110195,13.526672361905513
4,807.0,0.03209791608308566,0.14373622948688516,13.527121834243916
4,808.0,0.03210290336294512,0.14373599666666018,13.527568903668728
4,809.0,0.03210786383711872,0.14373571144042696,13.528013570179946
4,810.0,0.03211279750560645,0.14373537380818555,13.52845583377757
4,811.0,0.03211770436840831,0.14373498376993593,13.528895694461605
4,812.0,0.0321225844255243,0.14373454132567812,13.529333152232045
4,813.0,0.032127437676954425,0.14373404647541208,13.529768207088898
4,814.0,0.03213226412269868,0.14373349921913783,13.530200859032155
4,815.0,0.032137065714508375,0.14373289508036957,13.530631283020588
4,816.0,0.03214183703890482,0.14373224442918284,13.53105899377948
4,817.0,0.03214657591662264,0.14373155180153108,13.531483795955268
4,818.0,0.03215128234766182,0.14373081719741432,13.531905689547942
4,819.0,0.03215595633202237,0.14373004061683256,13.532324674557515
4,820.0,0.03216059786970428,0.14372922205978578,13.532740750983976
4,821.0,0.03216520696070756,0.143728361526274,13.533153918827331
4,822.0,0.032169783605032205,0.14372745901629722,13.533564178087575
4,823.0,0.03217432780267821,0.1437265145298554,13.533971528764713
4,824.0,0.03217883955364559,0.14372552806694858,13.534375970858743
4,825.0,0.03218331885793432,0.14372449962757677,13.534777504369664
4,826.0,0.03218776571554443,0.14372342921173992,13.535176129297481
4,827.0,0.03219218153234215,0.14372231171070152,13.535571971666759
4,828.0,0.03219656157880033,0.14372116029667872,13.53596460751353
4,829.0,0.032200905194698766,0.14371997697592734,13.536353977654374
4,830.0,0.032205212380037464,0.14371876174844736,13.536740082089294
4,831.0,0.032209483134816426,0.14371751461423882,13.53712292081829
4,832.0,0.03221371745903564,0.1437162355733017,13.537502493841359
4,833.0,0.032217915352695116,0.143714924625636,13.537878801158502
4,834.0,0.03222207681579485,0.14371358177124174,13.538251842769721
4,835.0,0.03222620184833485,0.1437122070101189,13.538621618675014
4,836.0,0.0322302904503151,0.14371080034226744,13.538988128874381
4,837.0,0.032234342621735614,0.14370936176768742,13.539351373367824
4,838.0,0.03223835836259639,0.14370789128637884,13.539711352155338
4,839.0,0.032242338242774976,0.14370638502407282,13.540068116321859
4,840.0,0.0322462804989355,0.14370485011981432,13.540421507798536
4,841.0,0.03225018397304669,0.14370329282975294,13.54077142277721
4,842.0,0.032254048665108524,0.1437017131538887,13.541117861257872
4,843.0,0.03225787457512103,0.14370011109222156,13.541460823240529
4,844.0,0.03226166170308419,0.14369848664475157,13.54180030872518
4,845.0,0.032265410048998015,0.14369683981147868,13.542136317711822
4,846.0,0.032269119612862496,0.14369517059240294,13.542468850200457
4,847.0,0.03227279039467763,0.14369347898752433,13.542797906191089
4,848.0,0.032276422394443435,0.14369176499684286,13.543123485683711
4,849.0,0.0322800156121599,0.14369002862035848,13.543445588678326
4,850.0,0.03228357004782702,0.14368826985807126,13.543764215174933
4,851.0,0.0322870857014448,0.14368648870998116,13.544079365173538
4,852.0,0.032290562449451984,0.14368468094993078,13.544391027597861
4,853.0,0.0322939997163358,0.14368285503613853,13.544699150857829
4,854.0,0.032297397430376684,0.14368101551802576,13.545003728524359
4,855.0,0.03230075559157463,0.14367916239559245,13.545304760597455
4,856.0,0.03230407419992964,0.14367729566883858,13.54560224707711
4,857.0,0.032307353255441706,0.1436754153377642,13.545896187963324
4,858.0,0.03231059275811084,0.14367352140236928,13.546186583256105
4,859.0,0.03231379270793703,0.1436716138626538,13.546473432955446
4,860.0,0.03231695310492029,0.14366969271861782,13.546756737061349
4,861.0,0.03232007394906061,0.14366775797026127,13.547036495573819
4,862.0,0.032323155240358,0.1436658096175842,13.547312708492846
4,863.0,0.03232619697881244,0.1436638476605866,13.54758537581844
4,864.0,0.03232919916442395,0.14366187209926845,13.54785449755059
4,865.0,0.03233216168829246,0.14365988237621732,13.548120063927295
4,866.0,0.032335083459336056,0.14365787512146438,13.548381977141851
4,867.0,0.03233796639844618,0.1436558621142548,13.548640409386692
4,868.0,0.03234081050562285,0.14365384335458858,13.548895360661819
4,869.0,0.03234361578086605,0.1436518188424657,13.549146830967224
4,870.0,0.03234638222417579,0.14364978857788616,13.549394820302917
4,871.0,0.032349109835552066,0.14364775256084997,13.549639328668892
4,872.0,0.032351798614994876,0.14364571079135713,13.549880356065149
4,873.0,0.032354448562504225,0.14364366326940764,13.550117902491692
4,874.0,0.03235705967808011,0.1436416099950015,13.55035196794852
4,875.0,0.032359631961722535,0.14363955096813869,13.550582552435632
4,876.0,0.032362165413431496,0.14363748618881925,13.550809655953024
4,877.0,0.03236466003320699,0.14363541565704316,13.5510332785007
4,878.0,0.03236711582104902,0.14363333937281042,13.55125342007866
4,879.0,0.032369532776957595,0.14363125733612103,13.551470080686906
4,880.0,0.03237190876051486,0.14362916533878212,13.551683068454231
4,881.0,0.0323742474181846,0.14362707300697608,13.551892710256718
4,882.0,0.03237654931598155,0.14362498166451731,13.552099056833022
4,883.0,0.03237881445390572,0.14362289131140582,13.55230210818314
4,884.0,0.03238104283195709,0.14362080194764165,13.55250186430707
4,885.0,0.032383234450135676,0.14361871357322475,13.552698325204817
4,886.0,0.032385389308441474,0.14361662618815516,13.552891490876382
4,887.0,0.03238750740687448,0.14361453979243283,13.553081361321759
4,888.0,0.0323895887454347,0.14361245438605783,13.553267936540948
4,889.0,0.03239163332412213,0.1436103699690301,13.553451216533958
4,890.0,0.03239364114293677,0.14360828654134966,13.55363120130078
4,891.0,0.03239561220187862,0.1436062041030165,13.553807890841417
4,892.0,0.032397546500947685,0.14360412265403066,13.553981285155873
4,893.0,0.03239944404014396,0.1436020421943921,13.554151384244138
4,894.0,0.032401304819467444,0.1435999627241008,13.554318188106226
4,895.0,0.03240312565952662,0.14359788064817317,13.554481411735313
4,896.0,0.03240491254538111,0.14359580450172468,13.554641591643732
4,897.0,0.032406665889296284,0.14359373482582982,13.554798764787758
4,898.0,0.032408385691272155,0.14359167162048858,13.554952931167392
4,899.0,0.03241007195130871,0.143589614885701,13.555104090782628
4,900.0,0.03241172466940595,0.14358756462146702,13.555252243633465
4,901.0,0.03241334384556388,0.14358552082778667,13.555397389719905
4,902.0,0.0324149294797825,0.14358348350465996,13.555539529041951
4,903.0,0.03241648157206181,0.14358145265208688,13.5556786615996
4,904.0,0.032418000122401806,0.14357942827006745,13.555814787392858
4,905.0,0.03241948513080249,0.14357741035860164,13.555947906421714
4,906.0,0.03242093659726387,0.14357539891768947,13.556078018686174
4,907.0,0.03242235452178593,0.14357339394733093,13.556205124186242
4,908.0,0.03242373890436868,0.143571395447526,13.55632922292191
4,909.0,0.03242508974501212,0.14356940341827473,13.556450314893183
4,910.0,0.032426405264877035,0.14356741652551364,13.55656824064147
4,911.0,0.03242768625528612,0.1435654360645268,13.556683071102464
4,912.0,0.03242893779736061,0.14356346620371063,13.55679526175772
4,913.0,0.032430159891100506,0.1435615069430652,13.556904812607232
4,914.0,0.0324313525365058,0.1435595582825904,13.557011723651001
4,915.0,0.03243251573357651,0.14355762022228633,13.557115994889033
4,916.0,0.03243364948231261,0.1435556927621529,13.557217626321318
4,917.0,0.03243475378271412,0.1435537759021902,13.557316617947862
4,918.0,0.032435828634781026,0.1435518696423982,13.557412969768665
4,919.0,0.03243687403851334,0.14354997398277686,13.557506681783725
4,920.0,0.03243788999391106,0.1435480889233262,13.557597753993043
4,921.0,0.032438876500974184,0.14354621446404625,13.557686186396621
4,922.0,0.0324398335597027,0.14354435060493698,13.557771978994456
4,923.0,0.03244076117009663,0.1435424973459984,13.557855131786544
4,924.0,0.03244165933215596,0.14354065468723048,13.557935644772897
4,925.0,0.0324425280458807,0.14353882262863327,13.558013517953507
4,926.0,0.03244336647396209,0.14353700081044765,13.558088676270394
4,927.0,0.032444172279867504,0.14353518866270187,13.558160910272257
4,928.0,0.03244495329429958,0.14353338988661948,13.558230921918435
4,929.0,0.032445709517258337,0.14353160448220045,13.558298711208934
4,930.0,0.03244644094874377,0.1435298324494448,13.558364278143756
4,931.0,0.03244714758875587,0.14352807378835253,13.558427622722897
4,932.0,0.032447829437294656,0.14352632849892366,13.55848874494636
4,933.0,0.03244848649436011,0.14352459658115815,13.558547644814142
4,934.0,0.03244911875995224,0.14352287803505603,13.558604322326248
4,935.0,0.032449726234071045,0.14352117286061727,13.558658777482675
4,936.0,0.032450308916716526,0.14351948105784193,13.558711010283417
4,937.0,0.03245086680788868,0.14351780262672995,13.558761020728486
4,938.0,0.03245139990758751,0.14351613756728132,13.558808808817874
4,939.0,0.032451908215813015,0.1435144858794961,13.55885437455158
4,940.0,0.03245239173256519,0.14351284756337426,13.558897717929609
4,941.0,0.03245285045784405,0.1435112226189158,13.55893883895196
4,942.0,0.03245328439164958,0.14350961104612073,13.558977737618628
4,943.0,0.03245369105087397,0.1435080124405548,13.559014191339028
4,944.0,0.03245407250759263,0.14350642762409774,13.559048385858002
4,945.0,0.03245443407654269,0.14350485767322055,13.559080797598892
4,946.0,0.03245477575772416,0.14350330258792324,13.559111426561683
4,947.0,0.032455097551137034,0.1435017623682058,13.55914027274639
4,948.0,0.03245539945678132,0.14350023701406822,13.559167336153005
4,949.0,0.032455681474657,0.14349872652551052,13.559192616781528
4,950.0,0.032455943604764094,0.1434972309025327,13.559216114631962
4,951.0,0.03245618584710259,0.14349575014513474,13.559237829704301
4,952.0,0.03245640820167249,0.14349428425331667,13.559257761998554
4,953.0,0.0324566106684738,0.14349283322707845,13.559275911514716
4,954.0,0.03245679324750652,0.1434913970664201,13.559292278252784
4,955.0,0.03245695593877064,0.14348997577134165,13.559306862212763
4,956.0,0.03245709874226616,0.14348856934184306,13.559319663394648
4,957.0,0.03245722165799309,0.14348717777792436,13.559330681798444
4,958.0,0.03245732468595143,0.1434858010795855,13.559339917424152
4,959.0,0.03245740782614118,0.14348443924682655,13.559347370271766
4,960.0,0.03245746992583298,0.14348309232220038,13.559352937008402
4,961.0,0.032457509314293205,0.1434817606852605,13.559356467866255
4,962.0,0.03245753367973685,0.14348044427815193,13.55935865203181
4,963.0,0.03245754302216391,0.14347914310087467,13.559359489505063
4,964.0,0.03245753734157439,0.14347785715342867,13.559358980286015
4,965.0,0.03245751663796829,0.14347658643581399,13.559357124374671
4,966.0,0.03245748091134561,0.14347533094803058,13.559353921771025
4,967.0,0.03245743016170634,0.1434740906900785,13.559349372475083
4,968.0,0.032457364389050496,0.14347286566195766,13.559343476486843
4,969.0,0.03245728359337807,0.14347165586366814,13.559336233806299
4,970.0,0.03245718777468906,0.1434704612952099,13.559327644433457
4,971.0,0.03245707693298347,0.14346928195658298,13.559317708368315
4,972.0,0.032456951068261304,0.14346811784778732,13.559306425610872
4,973.0,0.03245681018052255,0.14346696896882297,13.55929379616113
4,974.0,0.03245665426976722,0.1434658353196899,13.559279820019091
4,975.0,0.0324564833359953,0.14346471690038812,13.559264497184751
4,976.0,0.03245629737920681,0.14346361371091765,13.559247827658114
4,977.0,0.03245609639940173,0.14346252575127846,13.559229811439174
4,978.0,0.03245587776804581,0.14346145365913376,13.55921021290104
4,979.0,0.03245564424547302,0.14346039715330888,13.559189279485379
4,980.0,0.03245540028939316,0.14345935529933052,13.559167410789943
4,981.0,0.03245514589980622,0.14345832809719872,13.559144606814726
4,982.0,0.032454881076712204,0.14345731554691343,13.559120867559734
4,983.0,0.03245460582011111,0.14345631764847472,13.559096193024956
4,984.0,0.032454320130002934,0.14345533440188254,13.559070583210401
4,985.0,0.03245402400638769,0.14345436580713689,13.559044038116067
4,986.0,0.03245371744926536,0.1434534118642378,13.559016557741954
4,987.0,0.032453400458635956,0.14345247257318522,13.55898814208806
4,988.0,0.03245307303449947,0.14345154793397918,13.558958791154385
4,989.0,0.032452735176855915,0.14345063794661972,13.558928504940933
4,990.0,0.03245238688570528,0.14344974261110677,13.5588972834477
4,991.0,0.03245202816104757,0.14344886192744036,13.558865126674686
4,992.0,0.03245165900288278,0.14344799589562052,13.558832034621894
4,993.0,0.03245127941121091,0.1434471445156472,13.558798007289324
4,994.0,0.03245088938603197,0.1434463077875204,13.558763044676974
4,995.0,0.03245048892734595,0.14344548571124016,13.558727146784843
4,996.0,0.03245007691188643,0.14344467876736602,13.558690212921155
4,997.0,0.03244965221047231,0.14344388770781813,13.55865214186393
4,998.0,0.03244922120757266,0.14344310998325963,13.558613505929339
4,999.0,0.03244878390318748,0.14344234559369054,13.558574305117382
4,1000.0,0.032448340297316774,0.14344159453911084,13.558534539428058
4,1001.0,0.032447890389960536,0.1434408568195206,13.558494208861367
4,1002.0,0.03244743418111877,0.14344013243491974,13.558453313417314
4,1003.0,0.03244697167079147,0.1434394213853083,13.55841185309589
4,1004.0,0.03244650285897865,0.14343872367068627,13.558369827897103
4,1005.0,0.03244602774568029,0.14343803929105364,13.558327237820949
4,1006.0,0.032445546330896406,0.14343736824641043,13.55828408286743
4,1007.0,0.032445058614626994,0.14343671053675663,13.558240363036543
4,1008.0,0.03244456459687205,0.14343606616209226,13.55819607832829
4,1009.0,0.03244406427763158,0.1434354351224173,13.558151228742672
4,1010.0,0.032443557656905576,0.14343481741773173,13.558105814279687
4,1011.0,0.032443044734694046,0.14343421304803558,13.558059834939336
4,1012.0,0.03244252551099699,0.14343362201332885,13.55801329072162
4,1013.0,0.032441999985814395,0.1434330443136115,13.557966181626542
4,1014.0,0.03244146815914628,0.14343247994888358,13.55791850765409
4,1015.0,0.03244092856442697,0.14343192987620024,13.557870137338488
4,1016.0,0.03244038156140529,0.1434313941600535,13.557821102928314
4,1017.0,0.03243983179972783,0.14343086992706203,13.557771821226899
4,1018.0,0.0324392792793946,0.14343035717722583,13.557722292234233
4,1019.0,0.032438724000405594,0.14342985591054488,13.557672515950324
4,1020.0,0.03243816596276083,0.14342936612701923,13.557622492375168
4,1021.0,0.032437605166460284,0.14342888782664884,13.557572221508767
4,1022.0,0.03243704161150397,0.1434284210094337,13.557521703351119
4,1023.0,0.032436475297891884,0.14342796567537386,13.557470937902226
4,1024.0,0.032435906225624034,0.14342752182446927,13.557419925162092
4,1025.0,0.03243533439470041,0.14342708945671995,13.55736866513071
4,1026.0,0.03243475980512101,0.1434266685721259,13.55731715780808
4,1027.0,0.03243418245688585,0.1434262591706871,13.557265403194203
4,1028.0,0.03243360234999491,0.1434258612524036,13.557213401289081
4,1029.0,0.0324330194844482,0.14342547481727536,13.557161152092716
4,1030.0,0.03243243386024572,0.14342509986530239,13.557108655605104
4,1031.0,0.03243184547738747,0.14342473639648468,13.557055911826247
4,1032.0,0.03243125433587345,0.14342438441082225,13.557002920756146
4,1033.0,0.032430660435703654,0.1434240439083151,13.556949682394796
4,1034.0,0.03243006377687809,0.1434237148889632,13.556896196742203
4,1035.0,0.03242946211957235,0.14342339949755925,13.556842263016165
4,1036.0,0.032428858784855005,0.1434230950076678,13.556788178923702
4,1037.0,0.032428255557597346,0.1434227998101879,13.556734104464137
4,1038.0,0.03242765243779937,0.14342251390511956,13.556680039637465
4,1039.0,0.032427049425461076,0.14342223729246278,13.55662598444368
4,1040.0,0.03242644652058247,0.14342196997221754,13.556571938882795
4,1041.0,0.032425843723163546,0.14342171194438386,13.556517902954809
4,1042.0,0.03242524103320431,0.14342146320896174,13.556463876659715
4,1043.0,0.03242463845070475,0.14342122376595115,13.556409859997508
4,1044.0,0.03242403597566488,0.1434209936153521,13.556355852968201
4,1045.0,0.032423433608084695,0.14342077275716464,13.556301855571787
4,1046.0,0.03242283134796419,0.14342056119138868,13.556247867808267
4,1047.0,0.032422229195303374,0.14342035891802432,13.556193889677642
4,1048.0,0.03242162715010224,0.1434201659370715,13.556139921179913
4,1049.0,0.03242102521236079,0.1434199822485302,13.556085962315075
4,1050.0,0.03242042338207902,0.14341980785240047,13.55603201308313
4,1051.0,0.032419821659256935,0.1434196427486823,13.555978073484082
4,1052.0,0.03241922004389454,0.14341948693737566,13.555924143517924
4,1053.0,0.032418618535991824,0.1434193404184806,13.555870223184666
4,1054.0,0.032418017135548795,0.14341920319199705,13.5558163124843
4,1055.0,0.03241741578571847,0.14341907533409567,13.555762406320953
4,1056.0,0.032416812408890036,0.14341895989427017,13.555708318453572
4,1057.0,0.03241621127937666,0.14341885140187108,13.555654432039866
4,1058.0,0.03241561239717834,0.1434187498568984,13.555600747079831
4,1059.0,0.03241501576229508,0.14341865525935213,13.555547263573473
4,1060.0,0.032414421374726866,0.1434185676092323,13.555493981520783
4,1061.0,0.03241382923447371,0.14341848690653886,13.555440900921774
4,1062.0,0.03241323934153561,0.14341841315127185,13.555388021776432
4,1063.0,0.032412651695912564,0.14341834634343126,13.555335344084767
4,1064.0,0.032412066297604576,0.14341828648301705,13.555282867846774
4,1065.0,0.03241148314661164,0.14341823357002928,13.555230593062456
4,1066.0,0.032410902242933755,0.14341818760446792,13.55517851973181
4,1067.0,0.03241032358657093,0.14341814858633298,13.55512664785484
4,1068.0,0.03240974717752316,0.14341811651562447,13.555074977431541
4,1069.0,0.03240917301579044,0.14341809139234235,13.555023508461916
4,1070.0,0.03240860110137278,0.14341807321648664,13.554972240945968
4,1071.0,0.03240803143427017,0.14341806198805737,13.55492117488369
4,1072.0,0.03240746401448262,0.1434180577070545,13.554870310275087
4,1073.0,0.032406898842010125,0.14341806037347804,13.554819647120155
4,1074.0,0.03240633591685268,0.143418069987328,13.554769185418902
4,1075.0,0.03240577523901029,0.14341808654860438,13.554718925171315
4,1076.0,0.032405216808482955,0.14341811005730717,13.55466886637741
4,1077.0,0.03240466027322875,0.14341814130168581,13.554618977479452
4,1078.0,0.032404105240505375,0.14341818163586062,13.554569223271269
4,1079.0,0.03240355385243513,0.1434182265912928,13.554519795776853
4,1080.0,0.03240300610901803,0.14341827616798233,13.554470694996203
4,1081.0,0.03240246201025407,0.14341833036592924,13.554421920929313
4,1082.0,0.032401921556143236,0.1434183891851335,13.554373473576193
4,1083.0,0.03240138474668555,0.1434184526255951,13.55432535293684
4,1084.0,0.032400851581880996,0.1434185206873141,13.554277559011249
4,1085.0,0.03240032206172958,0.14341859337029042,13.554230091799424
4,1086.0,0.0323997961862313,0.14341867067452413,13.554182951301366
4,1087.0,0.032399273955386165,0.1434187526000152,13.554136137517071
4,1088.0,0.03239875536919416,0.1434188391467636,13.554089650446542
4,1089.0,0.032398240427655295,0.14341893031476935,13.554043490089779
4,1090.0,0.03239772913076957,0.14341902610403248,13.55399765644678
4,1091.0,0.03239722147853698,0.143419126514553,13.553952149517547
4,1092.0,0.03239671747095752,0.14341923154633082,13.553906969302078
4,1093.0,0.03239621710803121,0.14341934119936606,13.553862115800378
4,1094.0,0.03239572038975803,0.1434194554736586,13.553817589012443
4,1095.0,0.03239522731613799,0.14341957436920855,13.553773388938273
4,1096.0,0.03239473788717108,0.14341969788601583,13.553729515577864
4,1097.0,0.03239425210285732,0.1434198260240805,13.553685968931225
4,1098.0,0.032393769963196685,0.1434199587834025,13.55364274899835
4,1099.0,0.03239329146818919,0.14342009616398185,13.553599855779238
4,1100.0,0.032392816617834844,0.1434202381658186,13.553557289273892
4,1101.0,0.032392345071202346,0.14342038758386919,13.553515018920576
4,1102.0,0.03239187769272304,0.14342054036107782,13.553473122208576
4,1103.0,0.03239141462979814,0.1434206956150514,13.553431612351238
4,1104.0,0.032390955882427644,0.14342085334579002,13.55339048934855
4,1105.0,0.03239050145061155,0.14342101355329362,13.55334975320052
4,1106.0,0.03239005133434986,0.14342117623756218,13.55330940390714
4,1107.0,0.032389605533642576,0.14342134139859575,13.553269441468412
4,1108.0,0.032389164048489696,0.1434215090363943,13.553229865884346
4,1109.0,0.03238872687889122,0.14342167915095785,13.553190677154928
4,1110.0,0.03238829402484715,0.1434218517422864,13.553151875280166
4,1111.0,0.032387865486357484,0.1434220268103799,13.55311346026006
4,1112.0,0.03238744126342222,0.14342220435523842,13.553075432094605
4,1113.0,0.03238702135604136,0.14342238437686192,13.553037790783804
4,1114.0,0.0323866057642149,0.1434225668752504,13.55300053632766
4,1115.0,0.032386194487942846,0.14342275185040387,13.552963668726168
4,1116.0,0.0323857875272252,0.14342293930232236,13.552927187979334
4,1117.0,0.032385384882061954,0.1434231292310058,13.552891094087148
4,1118.0,0.032384986552453116,0.14342332163645424,13.552855387049618
4,1119.0,0.03238459253839868,0.1434235165186677,13.552820066866744
4,1120.0,0.032384202839898645,0.1434237138776461,13.552785133538523
4,1121.0,0.03238381745695301,0.1434239137133895,13.552750587064953
4,1122.0,0.03238343638956179,0.1434241160258979,13.552716427446041
4,1123.0,0.03238305963772497,0.14342432081517129,13.552682654681785
4,1124.0,0.03238268720144255,0.14342452808120967,13.55264926877218
4,1125.0,0.03238231908071454,0.14342473782401305,13.552616269717232
4,1126.0,0.03238195561947139,0.14342495162214178,13.552583688347529
4,1127.0,0.032381596858970706,0.14342516833784386,13.552551528361482
4,1128.0,0.03238124241297617,0.14342538572138502,13.552519755136123
4,1129.0,0.03238089228148779,0.14342560377276525,13.552488368671453
4,1130.0,0.03238054646450556,0.14342582249198457,13.552457368967465
4,1131.0,0.03238020496202949,0.14342604187904298,13.552426756024165
4,1132.0,0.03237986777405956,0.14342626193394045,13.552396529841557
4,1133.0,0.03237953490059579,0.143426482656677,13.552366690419634
4,1134.0,0.03237920634163816,0.14342670404725266,13.552337237758394
4,1135.0,0.032378882097186694,0.14342692610566737,13.552308171857842
4,1136.0,0.03237856216724138,0.1434271488319212,13.552279492717977
4,1137.0,0.032378246551802214,0.1434273722260141,13.552251200338798
4,1138.0,0.032377935250869204,0.14342759628794605,13.552223294720308
4,1139.0,0.03237762826444234,0.14342782101771712,13.552195775862508
4,1140.0,0.03237732559252163,0.14342804641532725,13.552168643765388
4,1141.0,0.032377027235107075,0.14342827248077644,13.552141898428959
4,1142.0,0.032376733192198665,0.14342849921406475,13.552115539853212
4,1143.0,0.032376443463796416,0.14342872661519213,13.55208956803816
4,1144.0,0.032376158049900315,0.1434289546841586,13.552063982983789
4,1145.0,0.03237587695051036,0.1434291834209641,13.552038784690103
4,1146.0,0.032375600165626565,0.14342941282560875,13.552013973157107
4,1147.0,0.032375327695248916,0.14342964289809246,13.551989548384798
4,1148.0,0.03237505953937742,0.14342987363841525,13.551965510373172
4,1149.0,0.032374795698012084,0.1434301050465771,13.55194185912224
4,1150.0,0.03237453617115289,0.14343033712257805,13.551918594631989
4,1151.0,0.03237428095879986,0.14343056986641808,13.551895716902424
4,1152.0,0.03237403006095297,0.14343080327809718,13.55187322593355
4,1153.0,0.03237378347761224,0.1434310373576154,13.551851121725361
4,1154.0,0.032373542582441954,0.1434312737964315,13.551829527415785
4,1155.0,0.03237330597300627,0.1434315103035265,13.551808317287762
4,1156.0,0.03237307311722538,0.14343174614258225,13.551787443644619
4,1157.0,0.032372844015099274,0.14343198131359874,13.551766906486366
4,1158.0,0.03237261866662795,0.14343221581657603,13.551746705812992
4,1159.0,0.03237239707181143,0.14343244965151405,13.551726841624504
4,1160.0,0.032372179230649695,0.14343268281841284,13.551707313920906
4,1161.0,0.03237196514314274,0.14343291531727237,13.551688122702188
4,1162.0,0.03237175480929059,0.1434331471480927,13.551669267968355
4,1163.0,0.03237154822909322,0.14343337831087374,13.551650749719403
4,1164.0,0.032371345402550634,0.14343360880561556,13.551632567955338
4,1165.0,0.03237114632966285,0.14343383863231812,13.55161472267616
4,1166.0,0.032370951010429846,0.14343406779098147,13.551597213881868
4,1167.0,0.032370759444851634,0.14343429628160556,13.551580041572455
4,1168.0,0.03237057163292821,0.14343452410419041,13.551563205747929
4,1169.0,0.03237038757465958,0.14343475125873603,13.551546706408287
4,1170.0,0.032370207270045734,0.14343497774524241,13.551530543553527
4,1171.0,0.03237003071908668,0.14343520356370953,13.551514717183656
4,1172.0,0.032369857921782416,0.14343542871413742,13.55149922729867
4,1173.0,0.03236968887813294,0.14343565319652607,13.551484073898566
4,1174.0,0.03236952358813826,0.14343587701087548,13.551469256983344
4,1175.0,0.03236936205179836,0.14343610015718564,13.551454776553012
4,1176.0,0.03236920426911325,0.14343632263545658,13.551440632607562
4,1177.0,0.032369050240082936,0.14343654444568826,13.551426825146999
4,1178.0,0.032368899964707404,0.1434367655878807,13.551413354171313
4,1179.0,0.03236875344298667,0.1434369860620339,13.551400219680522
4,1180.0,0.032368610674920716,0.14343720586814784,13.55138742167461
4,1181.0,0.03236847166050956,0.14343742500622259,13.551374960153582
4,1182.0,0.032368336399753186,0.14343764347625806,13.551362835117436
4,1183.0,0.0323682048926516,0.14343786127825428,13.551351046566179
4,1184.0,0.03236807835653895,0.14343807895812236,13.551339703623999
4,1185.0,0.03236795636062351,0.14343829605881267,13.55132876767388
4,1186.0,0.032367837190313345,0.1434385117124447,13.551318085016497
4,1187.0,0.03236772084560845,0.14343872591901852,13.55130765565184
4,1188.0,0.03236760732650883,0.14343893867853405,13.551297479579913
4,1189.0,0.032367496633014484,0.14343914999099133,13.551287556800714
4,1190.0,0.032367388765125404,0.14343935985639036,13.551277887314246
4,1191.0,0.03236728372284161,0.14343956827473114,13.551268471120503
4,1192.0,0.03236718150616308,0.14343977524601367,13.551259308219489
4,1193.0,0.032367082115089825,0.14343998077023795,13.551250398611204
4,1194.0,0.03236698554962184,0.14344018484740398,13.55124174229565
4,1195.0,0.03236689180975914,0.14344038747751173,13.551233339272821
4,1196.0,0.0323668008955017,0.14344058866056125,13.551225189542727
4,1197.0,0.03236671280684954,0.1434407883965525,13.551217293105354
4,1198.0,0.03236662754380265,0.1434409866854855,13.551209649960715
4,1199.0,0.032366545106361035,0.14344118352736024,13.551202260108802
4,1200.0,0.03236646549452469,0.14344137892217673,13.551195123549618
4,1201.0,0.03236638870829362,0.14344157286993495,13.551188240283164
4,1202.0,0.032366314747667824,0.14344176537063494,13.551181610309438
4,1203.0,0.032366243612647304,0.14344195642427668,13.55117523362844
4,1204.0,0.032366175303232055,0.14344214603086014,13.55116911024017
4,1205.0,0.032366109819422076,0.14344233419038535,13.551163240144632
4,1206.0,0.032366047161217375,0.1434425209028523,13.551157623341823
4,1207.0,0.032365987328617944,0.14344270616826102,13.551152259831738
4,1208.0,0.032365930321623784,0.14344288998661148,13.551147149614383
4,1209.0,0.0323658761402349,0.14344307235790368,13.551142292689756
4,1210.0,0.03236582478445129,0.1434432532821376,13.551137689057862
4,1211.0,0.03236577625427295,0.14344343275931332,13.551133338718692
4,1212.0,0.032365730549699885,0.14344361078943074,13.551129241672253
4,1213.0,0.03236568767073209,0.14344378737248992,13.55112539791854
4,1214.0,0.032365647617369576,0.14344396250849087,13.551121807457557
4,1215.0,0.03236561038961233,0.14344413619743354,13.551118470289303
4,1216.0,0.03236557598746036,0.14344430843931794,13.55111538641378
4,1217.0,0.032365546876840665,0.1434444791463276,13.551112776881455
4,1218.0,0.03236551965035193,0.14344464816165037,13.55111033624628
4,1219.0,0.03236549419711558,0.14344481548414315,13.551108054568878
4,1220.0,0.032365470517131616,0.14344498111380596,13.551105931849264
4,1221.0,0.032365448610400034,0.1434451450506388,13.551103968087418
4,1222.0,0.03236542847692083,0.14344530729464167,13.551102163283355
4,1223.0,0.03236541011669402,0.14344546784581455,13.551100517437067
4,1224.0,0.03236539352971959,0.14344562670415748,13.551099030548558
4,1225.0,0.03236537871599754,0.1434457838696704,13.551097702617824
4,1226.0,0.03236536567552788,0.14344593934235336,13.55109653364487
4,1227.0,0.03236535440831059,0.14344609312220635,13.55109552362969
4,1228.0,0.0323653449143457,0.14344624520922936,13.551094672572292
4,1229.0,0.03236533719363319,0.1434463956034224,13.551093980472674
4,1230.0,0.03236533124617306,0.14344654430478546,13.551093447330828
4,1231.0,0.03236532707196531,0.14344669131331853,13.551093073146763
4,1232.0,0.03236532467100995,0.14344683662902163,13.551092857920471
4,1233.0,0.03236532404330697,0.14344698025189478,13.551092801651963
4,1234.0,0.032365325188856375,0.14344712218193792,13.55109290434123
4,1235.0,0.03236532810765816,0.1434472624191511,13.551093165988275
4,1236.0,0.032365332799712335,0.1434474009635343,13.5510935865931
4,1237.0,0.03236533926501889,0.14344753781508754,13.551094166155698
4,1238.0,0.03236534750357783,0.1434476729738108,13.551094904676075
4,1239.0,0.03236535751538915,0.1434478064397041,13.551095802154233
4,1240.0,0.03236536930045286,0.14344793821276738,13.551096858590164
4,1241.0,0.03236538285876895,0.14344806829300072,13.551098073983878
4,1242.0,0.03236539819033742,0.14344819668040407,13.551099448335364
4,1243.0,0.03236541529515828,0.14344832337497743,13.55110098164463
4,1244.0,0.032365434173231525,0.14344844837672086,13.551102673911675
4,1245.0,0.03236545482455715,0.14344857168563427,13.551104525136497
4,1246.0,0.032365477249135154,0.14344869330171772,13.551106535319096
4,1247.0,0.032365501446965546,0.1434488132249712,13.551108704459471
4,1248.0,0.03236552741804832,0.1434489314553947,13.551111032557628
4,1249.0,0.03236555516238348,0.14344904799298822,13.551113519613562
4,1250.0,0.03236558467997103,0.14344916283775178,13.55111616562727
4,1251.0,0.032365617470809446,0.14344927539575736,13.551119105061531
4,1252.0,0.032365652161020136,0.14344938603543225,13.551122214759195
4,1253.0,0.032365687661173974,0.1434494951473533,13.551125397061734
4,1254.0,0.032365723971270965,0.14344960273152052,13.551128651969144
4,1255.0,0.032365761091311104,0.14344970878793392,13.551131979481427
4,1256.0,0.0323657990212944,0.14344981331659348,13.551135379598584
4,1257.0,0.03236583776122084,0.14344991631749923,13.551138852320612
4,1258.0,0.032365877311090425,0.1434500177906511,13.551142397647512
4,1259.0,0.03236591767090316,0.14345011773604918,13.551146015579286
4,1260.0,0.03236595884065905,0.1434502161536934,13.55114970611593
4,1261.0,0.03236600082035809,0.14345031304358383,13.551153469257452
4,1262.0,0.03236604361000028,0.14345040840572038,13.551157305003844
4,1263.0,0.032366087209585614,0.1434505022401031,13.551161213355105
4,1264.0,0.03236613161911411,0.14345059454673204,13.551165194311244
4,1265.0,0.03236617683858574,0.1434506853256071,13.551169247872249
4,1266.0,0.032366222868000526,0.14345077457672833,13.55117337403813
4,1267.0,0.03236626970735847,0.14345086230009574,13.551177572808882
4,1268.0,0.032366317356659555,0.14345094849570933,13.55118184418451
4,1269.0,0.03236636581590379,0.14345103316356908,13.551186188165007
4,1270.0,0.03236641508509117,0.143451116303675,13.551190604750374
4,1271.0,0.03236646516422171,0.14345119791602706,13.551195093940619
4,1272.0,0.032366516053295394,0.1434512780006253,13.551199655735736
4,1273.0,0.03236656775231223,0.1434513565574697,13.551204290135724
4,1274.0,0.03236662026127222,0.1434514335865603,13.551208997140584
4,1275.0,0.03236667358017535,0.14345150908789706,13.551213776750316
4,1276.0,0.03236672770902164,0.14345158306147995,13.551218628964921
4,1277.0,0.03236678264781107,0.14345165550730904,13.551223553784398
4,1278.0,0.032366838396543654,0.1434517264253843,13.55122855120875
4,1279.0,0.03236689495521939,0.14345179581570572,13.55123362123797
4,1280.0,0.03236695232383827,0.1434518636782733,13.551238763872064
4,1281.0,0.032367010502400304,0.14345193001308706,13.551243979111035
4,1282.0,0.03236706949090549,0.14345199482014698,13.551249266954875
4,1283.0,0.03236712928935382,0.14345205809945308,13.551254627403585
4,1284.0,0.032367189897745306,0.14345211985100534,13.55126006045717
4,1285.0,0.03236725131607993,0.14345218007480376,13.551265566115624
4,1286.0,0.03236731354435772,0.14345223877084837,13.551271144378958
4,1287.0,0.0323673768597527,0.1434522957088779,13.55127682009358
4,1288.0,0.032367442224644695,0.14345234997739115,13.551282679529082
4,1289.0,0.032367507665759625,0.14345240313172314,13.551288545797354
4,1290.0,0.03236757318309749,0.1434524551718739,13.5512944188984
4,1291.0,0.0323676387766583,0.14345250609784346,13.551300298832215
4,1292.0,0.03236770444644203,0.1434525559096318,13.551306185598804
4,1293.0,0.03236777019244872,0.1434526046072389,13.551312079198167
4,1294.0,0.03236783601467834,0.14345265219066478,13.551317979630298
4,1295.0,0.032367901913130895,0.14345269865990942,13.551323886895204
4,1296.0,0.03236796788780639,0.14345274401497285,13.551329800992876
4,1297.0,0.03236803393870483,0.14345278825585506,13.551335721923323
4,1298.0,0.032368100065826196,0.14345283138255605,13.551341649686544
4,1299.0,0.03236816626917051,0.1434528733950758,13.551347584282537
4,1300.0,0.03236823254873776,0.14345291429341434,13.5513535257113
4,1301.0,0.03236829890452794,0.14345295407757164,13.551359473972834
4,1302.0,0.03236836533654107,0.1434529927475477,13.55136542906714
4,1303.0,0.03236843184477713,0.14345303030334255,13.55137139099422
4,1304.0,0.032368498429236135,0.1434530667449562,13.55137735975407
4,1305.0,0.032368565089918075,0.1434531020723886,13.551383335346692
4,1306.0,0.03236863182682295,0.14345313628563977,13.551389317772086
4,1307.0,0.032368698639950774,0.14345316938470973,13.55139530703025
4,1308.0,0.03236876552930153,0.14345320136959844,13.55140130312119
4,1309.0,0.03236883249487522,0.14345323224030596,13.551407306044899
4,1310.0,0.03236889953667185,0.14345326199683223,13.55141331580138
4,1311.0,0.032368966654691425,0.14345329063917728,13.551419332390633
4,1312.0,0.03236903384893393,0.1434533181673411,13.55142535581266
4,1313.0,0.03236910111939938,0.14345334458132372,13.551431386067454
4,1314.0,0.03236916846608776,0.1434533698811251,13.55143742315502
4,1315.0,0.032369235888999086,0.14345339406674523,13.55144346707536
4,1316.0,0.03236930338813335,0.14345341713818416,13.551449517828472
4,1317.0,0.032369370963490546,0.14345343909544186,13.55145557541436
4,1318.0,0.03236943861507068,0.14345345993851835,13.551461639833015
4,1319.0,0.03236950634287376,0.14345347966741362,13.551467711084438
4,1320.0,0.032369574146899775,0.14345349828212764,13.551473789168641
4,1321.0,0.03236964202714873,0.14345351578266044,13.551479874085611
4,1322.0,0.03236970998362062,0.14345353216901202,13.551485965835353
4,1323.0,0.03236977801631545,0.14345354744118236,13.551492064417866
4,1324.0,0.03236984612523322,0.1434535615991715,13.551498169833154
4,1325.0,0.03236991431037392,0.1434535746429794,13.551504282081211
4,1326.0,0.032369982571737566,0.14345358657260607,13.551510401162043
4,1327.0,0.03237005157406275,0.143453596123708,13.5515165866641
4,1328.0,0.03237012048511293,0.14345360459164985,13.551522763984089
4,1329.0,0.03237018903623796,0.14345361244733024,13.551528909039689
4,1330.0,0.032370257227437846,0.14345361969074916,13.551535021830903
4,1331.0,0.032370325058712575,0.1434536263219066,13.551541102357728
4,1332.0,0.032370392530062166,0.14345363234080263,13.551547150620172
4,1333.0,0.032370459641486604,0.1434536377474372,13.551553166618223
4,1334.0,0.0323705263929859,0.14345364254181028,13.55155915035189
4,1335.0,0.03237059278456004,0.14345364672392194,13.551565101821165
4,1336.0,0.032370658816209034,0.14345365029377213,13.551571021026058
4,1337.0,0.03237072448793288,0.14345365325136086,13.551576907966561
4,1338.0,0.03237078979973158,0.14345365559668813,13.551582762642676
4,1339.0,0.03237085475160513,0.14345365732975396,13.551588585054406
4,1340.0,0.03237091934355353,0.14345365845055832,13.551594375201748
4,1341.0,0.03237098357557679,0.14345365895910125,13.5516001330847
4,1342.0,0.0323710474476749,0.14345365885538272,13.551605858703269
4,1343.0,0.032371110959847856,0.14345365813940272,13.551611552057446
4,1344.0,0.03237117411209566,0.14345365681116126,13.551617213147242
4,1345.0,0.03237123690441833,0.14345365487065836,13.55162284197265
4,1346.0,0.032371299336815845,0.143453652317894,13.551628438533664
4,1347.0,0.03237136140928821,0.14345364915286818,13.551634002830296
4,1348.0,0.03237142312183543,0.1434536453755809,13.55163953486254
4,1349.0,0.0323714844744575,0.14345364098603217,13.551645034630393
4,1350.0,0.03237154546715442,0.143453635984222,13.551650502133864
4,1351.0,0.032371606099926196,0.14345363037015035,13.551655937372944
4,1352.0,0.03237166637277283,0.14345362414381727,13.551661340347641
4,1353.0,0.032371726285694305,0.1434536173052227,13.551666711057944
4,1354.0,0.03237178583869064,0.1434536098543667,13.551672049503866
4,1355.0,0.03237184503176182,0.14345360179124925,13.551677355685399
4,1356.0,0.032371903864907854,0.14345359311587033,13.551682629602542
4,1357.0,0.03237196233812874,0.14345358382822998,13.5516878712553
4,1358.0,0.032372020451424476,0.14345357392832814,13.551693080643672
4,1359.0,0.03237207820479507,0.14345356341616486,13.551698257767653
4,1360.0,0.032372135598240516,0.14345355229174014,13.55170340262725
4,1361.0,0.032372192631760804,0.14345354055505394,13.551708515222458
4,1362.0,0.032372249305355955,0.1434535282061063,13.55171359555328
4,1363.0,0.03237230561902595,0.1434535152448972,13.551718643619713
4,1364.0,0.032372361572770805,0.14345350167142665,13.55172365942176
4,1365.0,0.032372417166590506,0.14345348748569464,13.551728642959418
4,1366.0,0.03237247240048506,0.14345347268770117,13.551733594232692
4,1367.0,0.03237252727445447,0.14345345727744624,13.551738513241578
4,1368.0,0.03237258178849873,0.14345344125492987,13.551743399986075
4,1369.0,0.03237263594261784,0.14345342462015204,13.551748254466183
4,1370.0,0.032372689735859606,0.14345340731795111,13.551753076596551
4,1371.0,0.03237274307295724,0.1434533880519779,13.551757857837272
4,1372.0,0.03237279591684818,0.14345336862269817,13.551762594865993
4,1373.0,0.032372848267532416,0.14345334903011187,13.551767287682706
4,1374.0,0.03237290012500997,0.14345332927421903,13.551771936287421
4,1375.0,0.03237295148928083,0.14345330935501965,13.551776540680128
4,1376.0,0.03237300236034499,0.14345328927251375,13.551781100860838
4,1377.0,0.03237305273820246,0.14345326902670127,13.551785616829541
4,1378.0,0.032373102622853235,0.14345324861758227,13.551790088586241
4,1379.0,0.032373152014297316,0.14345322804515673,13.55179451613094
4,1380.0,0.032373200912534705,0.14345320730942462,13.551798899463632
4,1381.0,0.032373249317565404,0.14345318641038599,13.551803238584325
4,1382.0,0.032373297229389406,0.1434531653480408,13.551807533493015
4,1383.0,0.032373344648006716,0.1434531441223891,13.551811784189699
4,1384.0,0.03237339157341733,0.14345312273343083,13.55181599067438
4,1385.0,0.03237343800562125,0.14345310118116603,13.551820152947059
4,1386.0,0.03237348394461848,0.14345307946559466,13.551824271007733
4,1387.0,0.032373529390409016,0.14345305758671675,13.551828344856409
4,1388.0,0.03237357434299286,0.14345303554453231,13.551832374493076
4,1389.0,0.03237361880237001,0.14345301333904134,13.551836359917743
4,1390.0,0.032373662768540465,0.1434529909702438,13.551840301130406
4,1391.0,0.03237370624150423,0.14345296843813973,13.551844198131068
4,1392.0,0.032373749221261294,0.14345294574272913,13.551848050919721
4,1393.0,0.03237379170781167,0.14345292288401196,13.551851859496377
4,1394.0,0.032373833701155354,0.14345289986198825,13.551855623861027
4,1395.0,0.03237387520129234,0.14345287667665801,13.551859344013677
4,1396.0,0.032373916208222636,0.1434528533280212,13.551863019954318
4,1397.0,0.032373956721946234,0.14345282981607788,13.55186665168296
4,1398.0,0.03237399674246314,0.143452806140828,13.551870239199598
4,1399.0,0.03237403626977336,0.1434527823022716,13.551873782504233
4,1400.0,0.03237407530387688,0.14345275830040863,13.551877281596866
4,1401.0,0.032374113844773705,0.14345273413523912,13.551880736477496
4,1402.0,0.03237415189246384,0.14345270980676308,13.55188414714612
4,1403.0,0.03237418944694728,0.14345268531498048,13.551887513602743
4,1404.0,0.03237422650822403,0.14345266065989135,13.55189083584736
4,1405.0,0.03237426307629408,0.14345263584149565,13.551894113879976
4,1406.0,0.03237429915115744,0.14345261085979344,13.551897347700592
4,1407.0,0.03237433473281411,0.14345258571478467,13.551900537309201
4,1408.0,0.032374369821264085,0.14345256040646936,13.551903682705808
4,1409.0,0.032374404416507366,0.1434525349348475,13.551906783890411
4,1410.0,0.032374438518543956,0.1434525092999191,13.551909840863015
4,1411.0,0.03237447212737385,0.14345248350168416,13.55191285362361
4,1412.0,0.03237450524299705,0.14345245754014269,13.551915822172203
4,1413.0,0.032374537865413555,0.14345243141529465,13.551918746508793
4,1414.0,0.03237456999462337,0.14345240512714008,13.551921626633385
4,1415.0,0.03237460163062649,0.14345237867567895,13.551924462545967
4,1416.0,0.032374632773422916,0.1434523520609113,13.55192725424655
4,1417.0,0.03237466342301265,0.14345232528283708,13.55193000173513
4,1418.0,0.03237469357939569,0.14345229834145634,13.551932705011705
4,1419.0,0.03237472324257203,0.14345227123676907,13.551935364076279
4,1420.0,0.03237475241254169,0.14345224396877523,13.551937978928848
4,1421.0,0.03237478040509233,0.14345221597324595,13.551940488235294
4,1422.0,0.03237480772071916,0.14345218782684258,13.551942936860982
4,1423.0,0.03237483465387277,0.14345215980009707,13.551945351201033
4,1424.0,0.03237486120455313,0.14345213189300943,13.551947731255435
4,1425.0,0.03237488737276026,0.14345210410557968,13.551950077024195
4,1426.0,0.03237491315849416,0.14345207643780783,13.551952388507322
4,1427.0,0.03237493856175482,0.14345204888969387,13.551954665704804
4,1428.0,0.03237496358254225,0.14345202146123778,13.551956908616642
4,1429.0,0.032374988220856445,0.1434519941524396,13.551959117242841
4,1430.0,0.032375012476697405,0.1434519669632993,13.551961291583396
4,1431.0,0.03237503635006513,0.14345193989381685,13.551963431638312
4,1432.0,0.03237505984095962,0.14345191294399234,13.551965537407584
4,1433.0,0.03237508294938088,0.14345188611382567,13.551967608891218
4,1434.0,0.0323751056753289,0.14345185940331692,13.551969646089207
4,1435.0,0.03237512801880369,0.14345183281246604,13.551971649001558
4,1436.0,0.03237514997980524,0.14345180634127302,13.551973617628267
4,1437.0,0.03237517155833356,0.14345177998973793,13.551975551969333
4,1438.0,0.032375192754388646,0.1434517537578607,13.551977452024758
4,1439.0,0.0323752135679705,0.14345172764564135,13.551979317794542
4,1440.0,0.032375233999079114,0.1434517016530799,13.551981149278685
4,1441.0,0.0323752540477145,0.14345167578017634,13.551982946477185
4,1442.0,0.03237527371387664,0.14345165002693067,13.551984709390046
4,1443.0,0.03237529299756556,0.14345162439334286,13.551986438017266
4,1444.0,0.032375311898781234,0.14345159887941294,13.551988132358844
4,1445.0,0.032375330417523676,0.14345157348514093,13.551989792414778
4,1446.0,0.03237534855379289,0.14345154821052677,13.551991418185073
4,1447.0,0.03237536630758887,0.14345152305557052,13.551993009669724
4,1448.0,0.03237538367891161,0.14345149802027216,13.551994566868736
4,1449.0,0.03237540066776111,0.1434514731046317,13.551996089782103
4,1450.0,0.03237541727413738,0.1434514483086491,13.551997578409836
4,1451.0,0.032375433498040423,0.14345142363232438,13.551999032751922
4,1452.0,0.03237544933947022,0.14345139907565754,13.552000452808366
4,1453.0,0.0323754647984268,0.1434513746386486,13.552001838579171
4,1454.0,0.03237547987491013,0.14345135032129755,13.552003190064333
4,1455.0,0.03237549456892023,0.1434513261236044,13.552004507263856
4,1456.0,0.0323755088804571,0.1434513020455691,13.552005790177732
4,1457.0,0.03237552280952073,0.14345127808719169,13.552007038805975
4,1458.0,0.03237553635611113,0.1434512542484722,13.552008253148571
4,1459.0,0.03237554952022829,0.14345123052941056,13.552009433205527
4,1460.0,0.03237556230187222,0.14345120693000682,13.55201057897684
4,1461.0,0.032375574701042915,0.14345118345026098,13.552011690462512
4,1462.0,0.03237558671774037,0.143451160090173,13.55201276766255
4,1463.0,0.0323755983519646,0.14345113684974292,13.552013810576936
4,1464.0,0.03237560960371559,0.1434511137289707,13.552014819205683
4,1465.0,0.03237562047299335,0.1434510907278564,13.552015793548792
4,1466.0,0.03237563095979787,0.14345106784639997,13.552016733606257
4,1467.0,0.03237564106412916,0.14345104508460144,13.552017639378082
4,1468.0,0.03237565078598721,0.14345102244246077,13.552018510864263
4,1469.0,0.03237566012537203,0.143450999919978,13.552019348064809
4,1470.0,0.03237566908228361,0.1434509775171531,13.552020150979706
4,1471.0,0.03237567765672197,0.14345095523398613,13.552020919608966
4,1472.0,0.03237568584868708,0.14345093307047702,13.552021653952584
4,1473.0,0.03237569365817897,0.14345091102662577,13.552022354010555
4,1474.0,0.03237570108519761,0.14345088910243242,13.552023019782894
4,1475.0,0.032375708129743025,0.14345086729789697,13.552023651269586
4,1476.0,0.032375714791815204,0.1434508456130194,13.552024248470635
4,1477.0,0.03237572107141415,0.1434508240477997,13.55202481138605
4,1478.0,0.03237572696853986,0.14345080260223791,13.552025340015815
4,1479.0,0.03237573248319233,0.143450781276334,13.552025834359943
4,1480.0,0.03237573715901546,0.1434507601255272,13.552026253509784
4,1481.0,0.03237574088780561,0.14345073923102206,13.552026587765754
4,1482.0,0.03237574444895894,0.14345071852800528,13.552026906994435
4,1483.0,0.03237574784247547,0.14345069801647692,13.552027211195826
4,1484.0,0.03237575106835519,0.1434506776964369,13.552027500369931
4,1485.0,0.032375754126598114,0.14345065756788533,13.552027774516752
4,1486.0,0.03237575701720423,0.14345063763082214,13.552028033636283
4,1487.0,0.03237575974017354,0.14345061788524732,13.552028277728525
4,1488.0,0.032375762295506046,0.14345059833116092,13.552028506793476
4,1489.0,0.032375764683201746,0.14345057896856292,13.552028720831144
4,1490.0,0.03237576690326065,0.1434505597974533,13.552028919841526
4,1491.0,0.03237576895568274,0.14345054081783207,13.552029103824616
4,1492.0,0.03237577084046803,0.14345052202969924,13.55202927278042
4,1493.0,0.03237577255761651,0.1434505034330548,13.552029426708934
4,1494.0,0.03237577410712819,0.14345048502789876,13.55202956561016
4,1495.0,0.03237577548900307,0.1434504668142311,13.552029689484101
4,1496.0,0.032375776703241134,0.14345044879205185,13.552029798330752
4,1497.0,0.032375777749842405,0.143450430961361,13.552029892150118
4,1498.0,0.03237577862880686,0.14345041332215852,13.552029970942195
4,1499.0,0.03237577934013452,0.14345039587444447,13.552030034706984
4,1500.0,0.032375779883825374,0.14345037861821877,13.552030083444484
4,1501.0,0.032375780259879416,0.1434503615534815,13.552030117154697
4,1502.0,0.032375780468296665,0.1434503446802326,13.552030135837622
4,1503.0,0.0323757805090771,0.14345032799847213,13.552030139493258
4,1504.0,0.032375780382220734,0.1434503115082,13.55203012812161
4,1505.0,0.03237578008772756,0.14345029520941632,13.552030101722673
4,1506.0,0.03237577962559759,0.143450279102121,13.552030060296445
4,1507.0,0.03237577899583081,0.1434502631863141,13.552030003842932
4,1508.0,0.03237577819842723,0.14345024746199556,13.552029932362132
4,1509.0,0.03237577723338683,0.14345023192916542,13.55202984585404
4,1510.0,0.032375776100709644,0.1434502165878237,13.552029744318665
4,1511.0,0.03237577480039564,0.14345020143797035,13.552029627755998
4,1512.0,0.03237577333244484,0.14345018647960542,13.552029496166046
4,1513.0,0.032375771696857236,0.14345017171272886,13.552029349548803
4,1514.0,0.03237576989363282,0.14345015713734072,13.552029187904278
4,1515.0,0.0323757679227716,0.14345014275344095,13.552029011232461
4,1516.0,0.032375765784273584,0.14345012856102957,13.552028819533355
4,1517.0,0.03237576347813876,0.1434501145601066,13.552028612806964
4,1518.0,0.03237576100436713,0.14345010075067202,13.552028391053286
4,1519.0,0.032375758362958695,0.14345008713272583,13.552028154272318
4,1520.0,0.032375755553913456,0.14345007370626806,13.552027902464063
4,1521.0,0.03237575257723141,0.14345006047129866,13.55202763562852
4,1522.0,0.03237574943291256,0.14345004742781764,13.55202735376569
4,1523.0,0.03237574612095691,0.14345003457582503,13.55202705687557
4,1524.0,0.032375742641364454,0.14345002191532083,13.552026744958164
4,1525.0,0.03237573899413519,0.143450009446305,13.552026418013472
4,1526.0,0.03237573517926912,0.14344999716877757,13.552026076041486
4,1527.0,0.032375731196766254,0.14344998508273854,13.55202571904222
4,1528.0,0.03237572704662658,0.1434499731881879,13.552025347015661
4,1529.0,0.032375722728850094,0.14344996148512565,13.552024959961816
4,1530.0,0.03237571824343681,0.14344994997355182,13.552024557880683
4,1531.0,0.03237571359038672,0.14344993865346636,13.55202414077226
4,1532.0,0.03237570876969983,0.1434499275248693,13.552023708636554
4,1533.0,0.03237570378137613,0.14344991658776063,13.55202326147356
4,1534.0,0.03237569862541562,0.14344990584214035,13.552022799283272
4,1535.0,0.03237569330181832,0.14344989528800847,13.552022322065701
4,1536.0,0.032375687810584204,0.14344988492536498,13.552021829820838
4,1537.0,0.03237568215171329,0.1434498747542099,13.552021322548693
4,1538.0,0.03237567632520557,0.14344986477454322,13.552020800249258
4,1539.0,0.03237567033106104,0.1434498549863649,13.552020262922534
4,1540.0,0.032375664169279714,0.143449845389675,13.55201971056852
4,1541.0,0.03237565783986158,0.14344983598447347,13.552019143187222
4,1542.0,0.032375651342806636,0.14344982677076037,13.552018560778635
4,1543.0,0.03237564467811489,0.14344981774853566,13.552017963342763
4,1544.0,0.03237563784578634,0.14344980891779932,13.552017350879597
4,1545.0,0.03237563084582099,0.14344980027855136,13.552016723389151
4,1546.0,0.03237562320032711,0.14344979228962934,13.552016038032273
4,1547.0,0.032375615343108066,0.14344978461280875,13.552015333695941
4,1548.0,0.03237560748709596,0.14344977705657194,13.552014629467804
4,1549.0,0.03237559963229079,0.14344976962091893,13.552013925347854
4,1550.0,0.03237559177869254,0.1434497623058497,13.552013221336098
4,1551.0,0.032375583926301243,0.1434497551113642,13.552012517432535
4,1552.0,0.03237557607511687,0.14344974803746252,13.552011813637165
4,1553.0,0.032375568225139435,0.14344974108414463,13.552011109949984
4,1554.0,0.032375560376368934,0.14344973425141053,13.552010406370998
4,1555.0,0.03237555252880537,0.1434497275392602,13.5520097029002
4,1556.0,0.032375544682448736,0.14344972094769365,13.5520089995376
4,1557.0,0.03237553683729904,0.14344971447671087,13.552008296283189
4,1558.0,0.03237552899335628,0.1434497081263119,13.552007593136969
4,1559.0,0.03237552115062045,0.14344970189649667,13.552006890098939
4,1560.0,0.03237551330909156,0.14344969578726527,13.552006187169106
4,1561.0,0.032375505468769605,0.1434496897986176,13.552005484347463
4,1562.0,0.03237549762965458,0.14344968393055377,13.55200478163401
4,1563.0,0.032375489791746495,0.1434496781830737,13.552004079028752
4,1564.0,0.03237548195504534,0.14344967255617738,13.552003376531683
4,1565.0,0.03237547411955112,0.1434496670498649,13.552002674142805
4,1566.0,0.03237546628526384,0.14344966166413617,13.552001971862122
4,1567.0,0.03237545845218349,0.1434496563989912,13.552001269689631
4,1568.0,0.032375450620310074,0.14344965125443004,13.552000567625333
4,1569.0,0.0323754427896436,0.14344964623045267,13.55199986566922
4,1570.0,0.03237543496018405,0.14344964132705906,13.55199916382131
4,1571.0,0.03237542713193144,0.14344963654424925,13.551998462081583
4,1572.0,0.032375419304885765,0.14344963188202323,13.551997760450053
4,1573.0,0.032375411479047024,0.14344962734038097,13.551997058926712
4,1574.0,0.03237540365441522,0.1434496229193225,13.551996357511564
4,1575.0,0.03237539583099035,0.1434496186188478,13.551995656204609
4,1576.0,0.03237538800877241,0.1434496144389569,13.551994955005844
4,1577.0,0.03237538018776141,0.1434496103796498,13.55199425391527
4,1578.0,0.032375372367957345,0.14344960644092644,13.551993552932894
4,1579.0,0.032375364549360214,0.1434496026227869,13.551992852058703
4,1580.0,0.03237535673197002,0.1434495989252311,13.551992151292708
4,1581.0,0.03237534891578676,0.1434495953482591,13.551991450634903
4,1582.0,0.03237534110081043,0.1434495918918709,13.55199075008529
4,1583.0,0.032375333287041036,0.14344958855606646,13.551990049643871
4,1584.0,0.03237532547447858,0.14344958534084581,13.551989349310642
4,1585.0,0.03237531766312306,0.14344958224620896,13.551988649085606
4,1586.0,0.03237530985297447,0.14344957927215587,13.55198794896876
4,1587.0,0.032375302044032814,0.14344957641868658,13.55198724896011
4,1588.0,0.03237529423629809,0.14344957368580105,13.551986549059649
4,1589.0,0.03237528642977031,0.14344957107349932,13.551985849267382
4,1590.0,0.03237527862444946,0.14344956858178134,13.551985149583302
4,1591.0,0.03237527082033555,0.1434495662106472,13.551984450007422
4,1592.0,0.03237526301742857,0.1434495639600968,13.55198375053973
4,1593.0,0.03237525521572852,0.1434495618301302,13.551983051180224
4,1594.0,0.03237524741523541,0.14344955982074736,13.55198235192892
4,1595.0,0.032375239615949236,0.14344955793194833,13.551981652785802
4,1596.0,0.03237523181786999,0.14344955616373306,13.551980953750876
4,1597.0,0.032375224020997684,0.14344955451610159,13.551980254824143
4,1598.0,0.032375216225332314,0.14344955298905387,13.551979556005605
4,1599.0,0.03237520843087388,0.14344955158258998,13.551978857295255
4,1600.0,0.03237520063762238,0.14344955029670983,13.5519781586931
4,1601.0,0.03237519284557781,0.1434495491314135,13.551977460199133
4,1602.0,0.03237518505474018,0.14344954808670093,13.55197676181336
4,1603.0,0.03237517726510948,0.14344954716257213,13.55197606353578
4,1604.0,0.032375169476685714,0.14344954635902712,13.55197536536639
4,1605.0,0.03237516168946889,0.1434495456760659,13.551974667305194
4,1606.0,0.032375153903459,0.1434495451136885,13.55197396935219
4,1607.0,0.03237514611865604,0.14344954467189483,13.551973271507375
4,1608.0,0.03237513833506001,0.14344954435068494,13.551972573770755
4,1609.0,0.032375130552670925,0.14344954415005887,13.551971876142323
4,1610.0,0.03237512277148877,0.14344954407001656,13.551971178622088
4,1611.0,0.03237511499151355,0.14344954411055802,13.551970481210041
4,1612.0,0.032375107212745266,0.14344954427168327,13.551969783906191
4,1613.0,0.032375099435183914,0.14344954455339232,13.551969086710526
4,1614.0,0.0323750916588295,0.14344954495568513,13.551968389623058
4,1615.0,0.03237508388368202,0.14344954547856173,13.551967692643782
4,1616.0,0.032375076109741475,0.14344954612202213,13.551966995772696
4,1617.0,0.03237506833700786,0.1434495468860663,13.551966299009806
4,1618.0,0.03237506056548119,0.14344954777069424,13.551965602355102
4,1619.0,0.03237505279526555,0.14344954897106196,13.551964905817925
4,1620.0,0.03237504506388849,0.14344955064843387,13.551964212762313
4,1621.0,0.03237503739055328,0.14344955234706733,13.551963524909686
4,1622.0,0.032375029775259925,0.1434495540669624,13.551962842260043
4,1623.0,0.03237502221800843,0.14344955580811902,13.55196216481338
4,1624.0,0.03237501471879877,0.14344955757053723,13.551961492569706
4,1625.0,0.03237500727763098,0.14344955935421702,13.551960825529015
4,1626.0,0.032374999894505034,0.14344956115915838,13.551960163691309
4,1627.0,0.03237499256942094,0.14344956298536135,13.551959507056587
4,1628.0,0.0323749853023787,0.14344956483282587,13.551958855624845
4,1629.0,0.03237497809337831,0.14344956670155198,13.551958209396085
4,1630.0,0.03237497094241978,0.14344956859153968,13.551957568370318
4,1631.0,0.03237496384950309,0.14344957050278895,13.55195693254753
4,1632.0,0.032374956814628264,0.1434495724352998,13.551956301927728
4,1633.0,0.032374949837795285,0.14344957438907222,13.551955676510905
4,1634.0,0.03237494291900416,0.1434495763641062,13.551955056297071
4,1635.0,0.03237493605825489,0.1434495783604018,13.55195444128622
4,1636.0,0.03237492925554747,0.14344958037795896,13.551953831478354
4,1637.0,0.0323749225108819,0.14344958241677772,13.551953226873467
4,1638.0,0.03237491582425819,0.14344958447685804,13.551952627471572
4,1639.0,0.03237490919567632,0.14344958655819995,13.551952033272656
4,1640.0,0.032374902625136315,0.14344958866080343,13.551951444276726
4,1641.0,0.032374896112638156,0.14344959078466848,13.55195086048378
4,1642.0,0.03237488965818185,0.14344959292979514,13.551950281893816
4,1643.0,0.0323748832617674,0.14344959509618335,13.55194970850684
4,1644.0,0.0323748769233948,0.14344959728383316,13.551949140322845
4,1645.0,0.03237487064306405,0.14344959949274455,13.551948577341832
4,1646.0,0.03237486442077516,0.1434496017229175,13.551948019563808
4,1647.0,0.03237485825652812,0.14344960397435205,13.551947466988764
4,1648.0,0.03237485215032292,0.14344960624704817,13.551946919616706
4,1649.0,0.03237484610215959,0.14344960854100589,13.551946377447633
4,1650.0,0.0323748401120381,0.14344961085622515,13.55194584048154
4,1651.0,0.03237483417995847,0.14344961319270602,13.551945308718436
4,1652.0,0.03237482830592069,0.14344961555044844,13.551944782158314
4,1653.0,0.032374822489924765,0.14344961792945246,13.551944260801175
4,1654.0,0.03237481673197069,0.14344962032971806,13.551943744647021
4,1655.0,0.03237481103205847,0.14344962275124526,13.55194323369585
4,1656.0,0.0323748053901881,0.143449625194034,13.551942727947665
4,1657.0,0.032374799806359586,0.14344962765808433,13.551942227402463
4,1658.0,0.03237479428057292,0.14344963014339626,13.551941732060245
4,1659.0,0.032374788812828105,0.14344963264996977,13.55194124192101
4,1660.0,0.03237478340312515,0.14344963517780482,13.551940756984763
4,1661.0,0.03237477805146404,0.14344963772690147,13.5519402772515
4,1662.0,0.03237477275784478,0.14344964029725973,13.551939802721217
4,1663.0,0.03237476752226739,0.14344964288887954,13.551939333393918
4,1664.0,0.032374762344731835,0.14344964550176093,13.551938869269605
4,1665.0,0.03237475722523814,0.1434496481359039,13.551938410348278
4,1666.0,0.0323747521637863,0.14344965079130845,13.55193795662993
4,1667.0,0.032374747160376305,0.14344965346797459,13.551937508114571
4,1668.0,0.03237474221500816,0.1434496561659023,13.551937064802193
4,1669.0,0.032374737327681875,0.1434496588850916,13.5519366266928
4,1670.0,0.032374732498397445,0.14344966162554246,13.551936193786391
4,1671.0,0.03237472772715486,0.1434496643872549,13.551935766082964
4,1672.0,0.03237472301395413,0.14344966717022894,13.551935343582524
4,1673.0,0.032374718358795254,0.14344966997446457,13.551934926285067
4,1674.0,0.032374713761678234,0.14344967279996174,13.551934514190599
4,1675.0,0.03237470922260306,0.1434496756467205,13.551934107299106
4,1676.0,0.03237470474156974,0.14344967851474086,13.551933705610601
4,1677.0,0.032374700318578274,0.14344968140402278,13.551933309125083
4,1678.0,0.03237469595362866,0.14344968431456628,13.551932917842542
4,1679.0,0.032374691646720896,0.1434496872463714,13.551932531762994
4,1680.0,0.03237468739785499,0.14344969019943804,13.551932150886426
4,1681.0,0.032374683207030935,0.1434496931737663,13.551931775212841
4,1682.0,0.03237467907424873,0.14344969616935613,13.55193140474224
4,1683.0,0.03237467499950838,0.14344969918620754,13.551931039474628
4,1684.0,0.032374670982809876,0.14344970222432052,13.551930679409992
4,1685.0,0.03237466702415323,0.14344970528369508,13.551930324548342
4,1686.0,0.03237466312353844,0.1434497083643312,13.551929974889681
4,1687.0,0.0323746592809655,0.14344971146622895,13.551929630434003
4,1688.0,0.03237465549643441,0.14344971458938824,13.551929291181304
4,1689.0,0.032374651769945174,0.14344971773380913,13.55192895713159
4,1690.0,0.03237464810149779,0.1434497208994916,13.551928628284868
4,1691.0,0.03237464449109226,0.14344972408643564,13.55192830464112
4,1692.0,0.03237464093872858,0.14344972729464125,13.551927986200363
4,1693.0,0.03237463744440675,0.14344973052410845,13.551927672962586
4,1694.0,0.03237463400812678,0.14344973377483725,13.551927364927797
4,1695.0,0.03237463062988866,0.1434497370468276,13.551927062095988
4,1696.0,0.03237462730969239,0.14344974034007954,13.551926764467165
4,1697.0,0.03237462404753798,0.14344974365459306,13.551926472041327
4,1698.0,0.03237462084342541,0.14344974699036817,13.55192618481847
4,1699.0,0.0323746176973547,0.14344975034740484,13.551925902798601
4,1700.0,0.03237461460932584,0.1434497537257031,13.551925625981712
4,1701.0,0.03237461157933884,0.14344975712526292,13.551925354367809
4,1702.0,0.03237460860739368,0.14344976054608435,13.551925087956889
4,1703.0,0.032374605693490384,0.14344976398816733,13.551924826748953
4,1704.0,0.032374602837628934,0.14344976745151192,13.551924570744006
4,1705.0,0.03237460003980934,0.14344977093611808,13.551924319942039
4,1706.0,0.032374597300031595,0.1434497744419858,13.551924074343054
4,1707.0,0.032374594618295706,0.14344977796911512,13.55192383394706
4,1708.0,0.032374591994601666,0.143449781517506,13.55192359875404
4,1709.0,0.03237458972353961,0.1434497851132982,13.551923395171642
4,1710.0,0.03237458769431076,0.14344978871400746,13.551923213267637
4,1711.0,0.03237458569260217,0.1434497922920977,13.551923033830603
4,1712.0,0.03237458371841385,0.14344979584756892,13.55192285686054
4,1713.0,0.03237458177174579,0.1434497993804211,13.551922682357445
4,1714.0,0.032374579852598,0.14344980289065423,13.551922510321319
4,1715.0,0.032374577960970485,0.14344980637826835,13.551922340752165
4,1716.0,0.03237457609686323,0.14344980984326344,13.551922173649979
4,1717.0,0.03237457426027624,0.14344981328563952,13.551922009014767
4,1718.0,0.032374572451209525,0.14344981670539653,13.551921846846522
4,1719.0,0.03237457066966307,0.14344982010253454,13.551921687145246
4,1720.0,0.032374568915636885,0.1434498234770535,13.551921529910945
4,1721.0,0.03237456718913097,0.14344982682895344,13.551921375143612
4,1722.0,0.032374565490145314,0.14344983015823434,13.551921222843246
4,1723.0,0.03237456381867993,0.14344983346489623,13.551921073009852
4,1724.0,0.03237456217473481,0.14344983674893907,13.55192092564343
4,1725.0,0.032374560558309964,0.1434498400103629,13.551920780743977
4,1726.0,0.03237455896940538,0.14344984324916768,13.55192063831149
4,1727.0,0.03237455740802107,0.14344984646535344,13.551920498345977
4,1728.0,0.03237455587415702,0.14344984965892016,13.551920360847436
4,1729.0,0.03237455436781324,0.14344985282986786,13.551920225815863
4,1730.0,0.03237455288898972,0.1434498559781965,13.551920093251256
4,1731.0,0.03237455143768648,0.14344985910390615,13.551919963153624
4,1732.0,0.0323745500139035,0.14344986220699676,13.55191983552296
4,1733.0,0.03237454861764078,0.14344986528746834,13.551919710359265
4,1734.0,0.03237454724889834,0.1434498683453209,13.551919587662546
4,1735.0,0.03237454590767616,0.1434498713805544,13.55191946743279
4,1736.0,0.03237454459397425,0.1434498743931689,13.551919349670008
4,1737.0,0.0323745433077926,0.14344987738316434,13.551919234374193
4,1738.0,0.032374542049131226,0.14344988035054076,13.551919121545348
4,1739.0,0.03237454081799012,0.14344988329529815,13.551919011183477
4,1740.0,0.03237453961436928,0.1434498862174365,13.551918903288575
4,1741.0,0.0323745384382687,0.14344988911695586,13.551918797860639
4,1742.0,0.03237453728968839,0.14344989199385616,13.551918694899678
4,1743.0,0.03237453616862835,0.14344989484813742,13.551918594405683
4,1744.0,0.03237453507508858,0.14344989767979965,13.55191849637866
4,1745.0,0.03237453400906907,0.14344990048884287,13.551918400818606
4,1746.0,0.03237453297056983,0.14344990327526705,13.551918307725524
4,1747.0,0.032374531959590856,0.1434499060390722,13.551918217099413
4,1748.0,0.032374530976132146,0.14344990878025832,13.551918128940267
4,1749.0,0.03237453002019371,0.1434499114988254,13.551918043248095
4,1750.0,0.03237452909177554,0.1434499141947735,13.551917960022893
4,1751.0,0.03237452819087763,0.14344991686810252,13.551917879264659
4,1752.0,0.0323745273175,0.1434499195188125,13.5519178009734
4,1753.0,0.03237452647164263,0.14344992214690347,13.551917725149107
4,1754.0,0.03237452565330552,0.14344992475237542,13.551917651791783
4,1755.0,0.032374524862488686,0.14344992733522832,13.55191758090143
4,1756.0,0.03237452409919212,0.1434499298954622,13.551917512478047
4,1757.0,0.032374523363415814,0.14344993243307705,13.551917446521633
4,1758.0,0.03237452265515978,0.14344993494807287,13.551917383032189
4,1759.0,0.03237452197442402,0.14344993744044968,13.55191732200972
4,1760.0,0.032374521321208515,0.1434499399102074,13.551917263454216
4,1761.0,0.03237452069551328,0.14344994235734615,13.551917207365685
4,1762.0,0.032374520097338315,0.14344994478186585,13.551917153744123
4,1763.0,0.03237451952668362,0.14344994718376652,13.551917102589531
4,1764.0,0.032374518983549185,0.14344994956304816,13.551917053901906
4,1765.0,0.032374518467935015,0.14344995191971074,13.551917007681256
4,1766.0,0.03237451797984112,0.14344995425375434,13.551916963927571
4,1767.0,0.03237451751926749,0.14344995656517887,13.551916922640862
4,1768.0,0.032374517086214125,0.1434499588539844,13.551916883821116
4,1769.0,0.03237451668068103,0.1434499611201709,13.551916847468348
4,1770.0,0.0323745163026682,0.14344996336373833,13.551916813582544
4,1771.0,0.032374515952175636,0.14344996558468676,13.551916782163712
4,1772.0,0.03237451562920334,0.14344996778301616,13.551916753211849
4,1773.0,0.03237451533375132,0.14344996995872653,13.55191672672696
4,1774.0,0.03237451506581955,0.14344997211181784,13.551916702709036
4,1775.0,0.03237451482540806,0.14344997424229017,13.551916681158085
4,1776.0,0.032374514612516836,0.14344997635014342,13.551916662074103
4,1777.0,0.032374514427145874,0.14344997843537768,13.55191664545709
4,1778.0,0.03237451426929518,0.14344998049799287,13.551916631307051
4,1779.0,0.032374514138964756,0.14344998253798907,13.551916619623977
4,1780.0,0.0323745140361546,0.14344998455536623,13.551916610407876
4,1781.0,0.03237451396086471,0.14344998655012434,13.551916603658743
4,1782.0,0.032374513913095086,0.14344998852226343,13.551916599376586
4,1783.0,0.03237451389284573,0.1434499904717835,13.55191659756139
4,1784.0,0.032374513900116635,0.14344999239868453,13.55191659821317
4,1785.0,0.03237451393490781,0.14344999430296654,13.551916601331916
4,1786.0,0.03237451399721926,0.1434499961846295,13.551916606917636
4,1787.0,0.03237451408705097,0.14344999804367345,13.551916614970322
4,1788.0,0.032374514204402946,0.14344999988009835,13.551916625489982
4,1789.0,0.03237451434927519,0.14345000169390423,13.551916638476614
4,1790.0,0.03237451452166771,0.14345000348509107,13.551916653930212
4,1791.0,0.03237451472158049,0.1434500052536589,13.551916671850778
4,1792.0,0.032374514949013534,0.1434500069996077,13.551916692238319
4,1793.0,0.03237451520396685,0.14345000872293745,13.551916715092828
4,1794.0,0.03237451548644043,0.14345001042364816,13.551916740414306
4,1795.0,0.03237451579643428,0.14345001210173988,13.551916768202753
4,1796.0,0.03237451613394839,0.14345001375721253,13.551916798458173
4,1797.0,0.03237451649898278,0.1434500153900662,13.551916831180563
4,1798.0,0.032374516891537426,0.1434500170003008,13.55191686636992
4,1799.0,0.032374517311612346,0.14345001858791637,13.551916904026248
4,1800.0,0.03237451775920753,0.14345002015291292,13.551916944149548
4,1801.0,0.03237451823432298,0.14345002169529042,13.551916986739817
4,1802.0,0.0323745187369587,0.1434500232150489,13.551917031797057
4,1803.0,0.03237451926711468,0.14345002471218837,13.551917079321267
4,1804.0,0.032374519824790934,0.1434500261867088,13.551917129312447
4,1805.0,0.03237452040998746,0.1434500276386102,13.551917181770593
4,1806.0,0.032374521022704245,0.14345002906789256,13.551917236695717
4,1807.0,0.032374521662941295,0.1434500304745559,13.551917294087806
4,1808.0,0.03237452233069862,0.1434500318586002,13.551917353946866
4,1809.0,0.03237452302597621,0.14345003322002547,13.551917416272895
4,1810.0,0.03237452374877406,0.1434500345588317,13.551917481065896
4,1811.0,0.032374524499092186,0.14345003587501892,13.551917548325864
4,1812.0,0.03237452527693058,0.14345003716858712,13.551917618052803
4,1813.0,0.03237452608228923,0.14345003843953627,13.551917690246713
4,1814.0,0.03237452691516816,0.1434500396878664,13.551917764907591
4,1815.0,0.03237452777556735,0.1434500409135775,13.55191784203544
4,1816.0,0.03237452866348681,0.14345004211666953,13.551917921630261
4,1817.0,0.03237452957892653,0.1434500432971426,13.55191800369205
4,1818.0,0.03237453052188652,0.1434500444549966,13.551918088220809
4,1819.0,0.03237453149236678,0.14345004559023156,13.551918175216537
4,1820.0,0.03237453249036731,0.1434500467028475,13.55191826467924
4,1821.0,0.0323745335158881,0.1434500477928444,13.551918356608908
4,1822.0,0.032374534568929164,0.14345004886022228,13.551918451005552
4,1823.0,0.03237453564949049,0.14345004990498114,13.55191854786916
4,1824.0,0.032374536757572084,0.14345005092712096,13.551918647199738
4,1825.0,0.032374537893173946,0.14345005192664176,13.551918748997291
4,1826.0,0.03237453905629607,0.1434500529035435,13.55191885326181
4,1827.0,0.03237454024693847,0.14345005385782625,13.551918959993298
4,1828.0,0.032374541574616576,0.1434500545851141,13.551919079008938
4,1829.0,0.03237454293417127,0.14345005523872936,13.551919200882052
4,1830.0,0.032374544288245245,0.1434500558826945,13.551919322263867
4,1831.0,0.03237454563683851,0.14345005651700954,13.551919443154377
4,1832.0,0.03237454697995106,0.14345005714167444,13.551919563553591
4,1833.0,0.0323745483175829,0.1434500577566892,13.551919683461499
4,1834.0,0.03237454964973403,0.14345005836205385,13.551919802878102
4,1835.0,0.032374550976404445,0.14345005895776838,13.55191992180341
4,1836.0,0.03237455229759415,0.14345005954383278,13.551920040237414
4,1837.0,0.03237455361330314,0.14345006012024705,13.551920158180112
4,1838.0,0.03237455492353142,0.1434500606870112,13.551920275631515
4,1839.0,0.032374556228278985,0.1434500612441252,13.551920392591613
4,1840.0,0.03237455752754584,0.14345006179158912,13.551920509060409
4,1841.0,0.032374558821331986,0.14345006232940288,13.551920625037905
4,1842.0,0.032374560109637414,0.14345006285756653,13.551920740524096
4,1843.0,0.03237456139246213,0.14345006337608004,13.55192085551899
4,1844.0,0.03237456266980614,0.14345006388494344,13.551920970022584
4,1845.0,0.03237456394166943,0.14345006438415672,13.551921084034872
4,1846.0,0.03237456520805201,0.14345006487371986,13.551921197555858
4,1847.0,0.032374566468953876,0.1434500653536329,13.551921310585541
4,1848.0,0.03237456772437503,0.14345006582389577,13.551921423123925
4,1849.0,0.032374568974315475,0.14345006628450854,13.55192153517101
4,1850.0,0.03237457021877521,0.14345006673547117,13.55192164672679
4,1851.0,0.03237457145775423,0.14345006717678369,13.551921757791268
4,1852.0,0.03237457269125254,0.14345006760844609,13.551921868364442
4,1853.0,0.03237457391927013,0.14345006803045834,13.55192197844632
4,1854.0,0.03237457514180701,0.1434500684428205,13.551922088036893
4,1855.0,0.032374576358863184,0.14345006884553252,13.551922197136165
4,1856.0,0.03237457757043864,0.1434500692385944,13.551922305744135
4,1857.0,0.03237457877653339,0.14345006962200615,13.551922413860801
4,1858.0,0.03237457997714742,0.14345006999576781,13.551922521486171
4,1859.0,0.03237458117228074,0.1434500703598793,13.551922628620236
4,1860.0,0.03237458236193335,0.1434500707143407,13.551922735263
4,1861.0,0.03237458354610524,0.14345007105915197,13.551922841414461
4,1862.0,0.03237458472479643,0.1434500713943131,13.551922947074626
4,1863.0,0.0323745858980069,0.14345007171982413,13.551923052243481
4,1864.0,0.03237458706573666,0.143450072035685,13.551923156921038
4,1865.0,0.03237458822798571,0.14345007234189577,13.551923261107296
4,1866.0,0.03237458938475404,0.1434500726384564,13.551923364802247
4,1867.0,0.032374590536041664,0.1434500729253669,13.5519234680059
4,1868.0,0.03237459168184857,0.1434500732026273,13.55192357071825
4,1869.0,0.03237459282217477,0.14345007347023755,13.5519236729393
4,1870.0,0.032374593957020255,0.14345007372819768,13.551923774669046
4,1871.0,0.03237459508638503,0.1434500739765077,13.55192387590749
4,1872.0,0.03237459621026909,0.1434500742151676,13.551923976654631
4,1873.0,0.03237459732867244,0.14345007444417734,13.551924076910478
4,1874.0,0.03237459844159508,0.14345007466353699,13.551924176675016
4,1875.0,0.032374599549037,0.14345007487324649,13.551924275948256
4,1876.0,0.03237460065099821,0.14345007507330587,13.551924374730191
4,1877.0,0.032374601747478714,0.14345007526371512,13.55192447302083
4,1878.0,0.0323746028384785,0.14345007544447425,13.551924570820162
4,1879.0,0.032374603923997575,0.14345007561558326,13.551924668128192
4,1880.0,0.03237460500403594,0.14345007577704214,13.551924764944927
4,1881.0,0.03237460607859359,0.1434500759288509,13.551924861270352
4,1882.0,0.03237460714767053,0.1434500760710095,13.551924957104479
4,1883.0,0.03237460821126675,0.14345007620351802,13.551925052447304
4,1884.0,0.032374609269382265,0.1434500763263764,13.551925147298826
4,1885.0,0.032374610322017064,0.14345007643958466,13.551925241659049
4,1886.0,0.032374611369171157,0.1434500765431428,13.551925335527974
4,1887.0,0.03237461241084453,0.14345007663705078,13.55192542890559
4,1888.0,0.032374613447037195,0.14345007672130866,13.551925521791908
4,1889.0,0.03237461447774915,0.14345007679591643,13.551925614186922
4,1890.0,0.03237461550298039,0.14345007686087405,13.551925706090637
4,1891.0,0.032374616522730916,0.14345007691618153,13.55192579750305
4,1892.0,0.03237461753700073,0.14345007696183892,13.55192588842416
4,1893.0,0.03237461854578983,0.14345007699784618,13.551925978853967
4,1894.0,0.03237461954909822,0.1434500770242033,13.551926068792476
4,1895.0,0.0323746205469259,0.14345007704091028,13.55192615823968
4,1896.0,0.03237462153927287,0.14345007704796717,13.551926247195583
4,1897.0,0.03237462252613912,0.1434500770453739,13.551926335660186
4,1898.0,0.03237462350752466,0.14345007703313054,13.551926423633486
4,1899.0,0.03237462448342949,0.14345007701123702,13.551926511115484
4,1900.0,0.032374625453853605,0.1434500769796934,13.551926598106185
4,1901.0,0.03237462641879701,0.14345007693849965,13.55192668460558
4,1902.0,0.032374627378259704,0.14345007688765576,13.551926770613672
4,1903.0,0.03237462833224168,0.14345007682716177,13.551926856130464
4,1904.0,0.03237462928074295,0.14345007675701762,13.551926941155953
4,1905.0,0.0323746302237635,0.14345007667722337,13.55192702569014
4,1906.0,0.03237463116130335,0.143450076587779,13.551927109733029
4,1907.0,0.03237463209336248,0.1434500764886845,13.551927193284614
4,1908.0,0.032374633019940896,0.14345007637993987,13.5519272763449
4,1909.0,0.0323746339410386,0.1434500762615451,13.551927358913881
4,1910.0,0.03237463485665559,0.14345007613350022,13.55192744099156
4,1911.0,0.03237463576679188,0.14345007599580523,13.551927522577941
4,1912.0,0.032374636671447445,0.1434500758484601,13.551927603673017
4,1913.0,0.032374637570622304,0.14345007569146484,13.551927684276793
4,1914.0,0.03237463846431645,0.14345007552481945,13.551927764389267
4,1915.0,0.03237463935252988,0.14345007534852394,13.551927844010441
4,1916.0,0.0323746402352626,0.1434500751625783,13.55192792314031
4,1917.0,0.032374641112514604,0.14345007496698253,13.551928001778876
4,1918.0,0.032374641984285905,0.14345007476173666,13.551928079926146
4,1919.0,0.032374642850576486,0.14345007454684064,13.55192815758211
4,1920.0,0.032374643711386354,0.1434500743222945,13.551928234746775
4,1921.0,0.032374644566715516,0.14345007408809823,13.551928311420138
4,1922.0,0.032374645416563964,0.14345007384425185,13.551928387602198
4,1923.0,0.03237464626093169,0.14345007359075534,13.551928463292956
4,1924.0,0.032374647099818715,0.1434500733276087,13.551928538492414
4,1925.0,0.032374647933225024,0.14345007305481194,13.55192861320057
4,1926.0,0.03237464876115062,0.14345007277236504,13.551928687417421
4,1927.0,0.032374649583595504,0.14345007248026803,13.551928761142975
4,1928.0,0.03237465040055968,0.1434500721785209,13.551928834377225
4,1929.0,0.03237465121204314,0.14345007186712364,13.551928907120173
4,1930.0,0.03237465201804589,0.14345007154607625,13.551928979371823
4,1931.0,0.032374652818567926,0.14345007121537873,13.551929051132166
4,1932.0,0.03237465361360924,0.1434500708750311,13.551929122401212
4,1933.0,0.032374654403169854,0.14345007052503334,13.551929193178953
4,1934.0,0.03237465518724975,0.14345007016538544,13.551929263465391
4,1935.0,0.032374655965848945,0.1434500697960874,13.551929333260533
4,1936.0,0.03237465673896742,0.14345006941713928,13.55192940256437
4,1937.0,0.032374657506605176,0.14345006902854102,13.551929471376905
4,1938.0,0.03237465826876223,0.1434500686302926,13.55192953969814
4,1939.0,0.03237465902543856,0.1434500682223941,13.551929607528072
4,1940.0,0.03237465977663419,0.14345006780484545,13.551929674866702
4,1941.0,0.0323746605223491,0.14345006737764668,13.551929741714034
4,1942.0,0.0323746612625833,0.1434500669407978,13.551929808070058
4,1943.0,0.03237466199733679,0.14345006649429876,13.551929873934784
4,1944.0,0.03237466272660956,0.1434500660381496,13.551929939308206
4,1945.0,0.03237466345040163,0.14345006557235035,13.551930004190332
4,1946.0,0.03237466416871298,0.14345006509690095,13.551930068581148
4,1947.0,0.03237466488154362,0.14345006461180143,13.55193013248067
4,1948.0,0.03237466558889354,0.14345006411705177,13.551930195888886
4,1949.0,0.03237466629076276,0.143450063612652,13.551930258805802
4,1950.0,0.03237466698715126,0.14345006309860212,13.551930321231417
4,1951.0,0.03237466767805905,0.1434500625749021,13.551930383165727
4,1952.0,0.032374668363486125,0.14345006204155195,13.551930444608736
4,1953.0,0.03237466904343249,0.14345006149855166,13.551930505560447
4,1954.0,0.032374669717898145,0.14345006094590126,13.551930566020856
4,1955.0,0.03237467038688308,0.14345006038360072,13.551930625989959
4,1956.0,0.03237467105038731,0.14345005981165007,13.551930685467765
4,1957.0,0.03237467170841083,0.1434500592300493,13.551930744454266
4,1958.0,0.03237467236095363,0.1434500586387984,13.551930802949467
4,1959.0,0.03237467300801572,0.14345005803789737,13.551930860953366
4,1960.0,0.0323746736495971,0.14345005742734623,13.551930918465962
4,1961.0,0.03237467428569777,0.14345005680714495,13.551930975487258
4,1962.0,0.032374674731396415,0.1434500561691978,13.551931015440548
4,1963.0,0.03237467515881816,0.1434500555332632,13.551931053755462
4,1964.0,0.03237467558264917,0.14345005490044876,13.551931091748493
4,1965.0,0.03237467600288946,0.14345005427075455,13.55193112941965
4,1966.0,0.032374676419539006,0.1434500536441805,13.55193116676892
4,1967.0,0.03237467683259783,0.14345005302072666,13.551931203796315
4,1968.0,0.03237467724206592,0.14345005240039302,13.551931240501826
4,1969.0,0.03237467764794328,0.14345005178317957,13.551931276885455
4,1970.0,0.03237467805022991,0.1434500511690863,13.55193131294721
4,1971.0,0.0323746784489258,0.14345005055811322,13.551931348687084
4,1972.0,0.03237467884403097,0.14345004995026034,13.551931384105076
4,1973.0,0.032374679235545406,0.14345004934552763,13.551931419201187
4,1974.0,0.03237467962346911,0.14345004874391512,13.551931453975419
4,1975.0,0.03237468000780208,0.1434500481454228,13.551931488427773
4,1976.0,0.03237468038854433,0.1434500475500507,13.551931522558245
4,1977.0,0.03237468076569584,0.14345004695779875,13.551931556366837
4,1978.0,0.03237468113925662,0.14345004636866704,13.551931589853545
4,1979.0,0.03237468150922667,0.14345004578265547,13.55193162301838
4,1980.0,0.03237468187560599,0.14345004519976412,13.55193165586133
4,1981.0,0.032374682238394584,0.14345004461999294,13.5519316883824
4,1982.0,0.03237468259759244,0.14345004404334197,13.551931720581594
4,1983.0,0.03237468295319957,0.1434500434698112,13.551931752458904
4,1984.0,0.032374683305215965,0.1434500428994006,13.55193178401434
4,1985.0,0.032374683653641635,0.1434500423321102,13.55193181524789
4,1986.0,0.03237468399847657,0.14345004176794,13.55193184615956
4,1987.0,0.03237468433972077,0.14345004120688998,13.55193187674935
4,1988.0,0.03237468467737425,0.14345004064896014,13.551931907017265
4,1989.0,0.03237468501143699,0.1434500400941505,13.551931936963296
4,1990.0,0.032374685341909,0.14345003954246105,13.551931966587446
4,1991.0,0.03237468566879028,0.1434500389938918,13.551931995889717
4,1992.0,0.032374685992080834,0.14345003844844273,13.551932024870105
4,1993.0,0.03237468631178065,0.14345003790611388,13.551932053528617
4,1994.0,0.03237468662788974,0.14345003736690518,13.55193208186525
4,1995.0,0.0323746869404081,0.1434500368308167,13.551932109880001
4,1996.0,0.032374687249335725,0.1434500362978484,13.55193213757287
4,1997.0,0.03237468755467262,0.14345003576800028,13.551932164943862
4,1998.0,0.03237468785641879,0.14345003524127237,13.551932191992972
4,1999.0,0.03237468815457422,0.14345003471766465,13.551932218720204
4,2000.0,0.032374688449138926,0.1434500341971771,13.551932245125556
4,2001.0,0.0323746887401129,0.14345003367980977,13.551932271209024
4,2002.0,0.03237468902749614,0.14345003316556262,13.551932296970612
4,2003.0,0.03237468931128865,0.14345003265443565,13.551932322410325
4,2004.0,0.03237468959149043,0.14345003214642887,13.551932347528153
4,2005.0,0.03237468986810148,0.1434500316415423,13.551932372324105
4,2006.0,0.0323746901411218,0.14345003113977592,13.551932396798176
4,2007.0,0.03237469041055139,0.1434500306411297,13.551932420950367
4,2008.0,0.03237469067639025,0.14345003014560373,13.551932444780675
4,2009.0,0.03237469093863837,0.1434500296531979,13.551932468289106
4,2010.0,0.03237469119729577,0.14345002916391228,13.551932491475656
4,2011.0,0.03237469145236243,0.14345002867774684,13.551932514340326
4,2012.0,0.03237469170383837,0.1434500281947016,13.551932536883111
4,2013.0,0.032374691951723565,0.14345002771477655,13.551932559104026
4,2014.0,0.03237469219601804,0.1434500272379717,13.551932581003053
4,2015.0,0.03237469243672178,0.14345002676428703,13.551932602580203
4,2016.0,0.03237469267383479,0.14345002629372255,13.551932623835471
4,2017.0,0.032374692907357075,0.14345002582627828,13.551932644768861
4,2018.0,0.03237469313728862,0.14345002536195417,13.55193266538037
4,2019.0,0.03237469336362944,0.14345002490075026,13.551932685670002
4,2020.0,0.032374693586379524,0.14345002444266655,13.551932705637748
4,2021.0,0.03237469380553888,0.14345002398770304,13.551932725283619
4,2022.0,0.03237469402110751,0.1434500235358597,13.551932744607608
4,2023.0,0.0323746942330854,0.14345002308713659,13.551932763609713
4,2024.0,0.03237469444147257,0.14345002264153361,13.551932782289942
4,2025.0,0.032374694646269,0.14345002219905087,13.551932800648295
4,2026.0,0.032374694847474704,0.1434500217596883,13.551932818684762
4,2027.0,0.03237469504508968,0.14345002132344592,13.551932836399352
4,2028.0,0.03237469523911392,0.14345002089032374,13.551932853792062
4,2029.0,0.03237469542954743,0.14345002046032176,13.55193287086289
4,2030.0,0.032374695616390205,0.14345002003343996,13.551932887611835
4,2031.0,0.03237469579964225,0.14345001960967835,13.551932904038907
4,2032.0,0.03237469597930357,0.14345001918903694,13.551932920144097
4,2033.0,0.03237469615537416,0.1434500187715157,13.551932935927402
4,2034.0,0.03237469632785401,0.14345001835711466,13.55193295138883
4,2035.0,0.032374696496743134,0.1434500179458338,13.551932966528378
4,2036.0,0.032374696662041534,0.14345001753767317,13.551932981346049
4,2037.0,0.032374696823749195,0.1434500171326327,13.551932995841835
4,2038.0,0.032374696981866125,0.14345001673071245,13.551933010015743
4,2039.0,0.03237469713639233,0.14345001633191234,13.551933023867774
4,2040.0,0.0323746972873278,0.14345001593623247,13.551933037397921
4,2041.0,0.03237469743467254,0.14345001554367276,13.551933050606188
4,2042.0,0.03237469757842655,0.14345001515423325,13.551933063492573
4,2043.0,0.03237469771858983,0.14345001476791394,13.551933076057084
4,2044.0,0.03237469785516237,0.14345001438471483,13.55193308829971
4,2045.0,0.03237469798814419,0.1434500140046359,13.551933100220458
4,2046.0,0.03237469811753528,0.14345001362767715,13.551933111819325
4,2047.0,0.03237469824333563,0.1434500132538386,13.551933123096314
4,2048.0,0.032374698365545254,0.14345001288312023,13.551933134051422
4,2049.0,0.032374698484164154,0.14345001251552206,13.551933144684648
4,2050.0,0.032374698599192314,0.14345001215104408,13.551933154995993
4,2051.0,0.03237469871062974,0.1434500117896863,13.551933164985462
4,2052.0,0.03237469881847645,0.1434500114314487,13.55193317465305
4,2053.0,0.03237469892273242,0.14345001107633132,13.551933183998756
4,2054.0,0.03237469902339766,0.14345001072433408,13.551933193022583
4,2055.0,0.03237469912047217,0.14345001037545707,13.55193320172453
4,2056.0,0.03237469921395594,0.14345001002970023,13.551933210104595
4,2057.0,0.03237469930384899,0.14345000968706362,13.551933218162784
4,2058.0,0.03237469939015131,0.14345000934754715,13.55193322589909
4,2059.0,0.03237469947286289,0.1434500090111509,13.551933233313521
4,2060.0,0.03237469955198374,0.14345000867787483,13.551933240406065
4,2061.0,0.03237469962751387,0.14345000834771895,13.551933247176729
4,2062.0,0.03237469969945326,0.14345000802068328,13.551933253625515
4,2063.0,0.032374699767801926,0.14345000769676777,13.551933259752422
4,2064.0,0.032374699832559854,0.1434500073759725,13.55193326555745
4,2065.0,0.03237469989372706,0.14345000705829736,13.551933271040596
4,2066.0,0.03237469995130352,0.14345000674374245,13.551933276201861
4,2067.0,0.03237470000528926,0.14345000643230774,13.551933281041249
4,2068.0,0.03237470005568427,0.1434500061239932,13.551933285558755
4,2069.0,0.032374700102488545,0.14345000581879885,13.551933289754379
4,2070.0,0.032374700145702096,0.14345000551672468,13.551933293628128
4,2071.0,0.03237470018532491,0.1434500052177707,13.55193329717999
4,2072.0,0.032374700221356995,0.14345000492193696,13.551933300409976
4,2073.0,0.03237470025379835,0.14345000462922336,13.551933303318084
4,2074.0,0.03237470028264897,0.14345000433962998,13.55193330590431
4,2075.0,0.032374700307908864,0.14345000405315678,13.551933308168655
4,2076.0,0.032374700329578024,0.14345000376980377,13.55193331011112
4,2077.0,0.03237470034765646,0.14345000348957096,13.551933311731705
4,2078.0,0.032374700362144154,0.14345000321245832,13.551933313030412
4,2079.0,0.032374700373041125,0.1434500029384659,13.55193331400724
4,2080.0,0.032374700380347364,0.14345000266759367,13.55193331466218
4,2081.0,0.03237470038406287,0.1434500023998416,13.551933314995246
4,2082.0,0.032374700384187646,0.14345000213520975,13.551933315006433
4,2083.0,0.03237470038072169,0.14345000187369808,13.551933314695736
4,2084.0,0.03237470037366501,0.1434500016153066,13.551933314063163
4,2085.0,0.03237470036301759,0.1434500013600353,13.55193331310871
4,2086.0,0.03237470034877944,0.14345000110788422,13.551933311832373
4,2087.0,0.032374700330950565,0.14345000085885332,13.551933310234155
4,2088.0,0.032374700309530956,0.14345000061294258,13.551933308314062
4,2089.0,0.032374700284520615,0.14345000037015207,13.551933306072087
4,2090.0,0.03237470025591955,0.14345000013048173,13.551933303508232
4,2091.0,0.032374700223727744,0.1434499998939316,13.551933300622494
4,2092.0,0.032374700187945214,0.14344999966050165,13.551933297414884
4,2093.0,0.03237470014857195,0.14344999943019188,13.551933293885387
4,2094.0,0.03237470010560796,0.14344999920300233,13.551933290034011
4,2095.0,0.032374700059053234,0.14344999897893296,13.551933285860757
4,2096.0,0.03237470000890778,0.14344999875798375,13.55193328136562
4,2097.0,0.032374699955171594,0.14344999854015478,13.551933276548603
4,2098.0,0.03237469989784467,0.14344999832544597,13.551933271409707
4,2099.0,0.03237469983692703,0.14344999811385736,13.551933265948932
4,2100.0,0.03237469977241865,0.14344999790538893,13.551933260166276
4,2101.0,0.03237469970431954,0.14344999770004072,13.55193325406174
4,2102.0,0.0323746996326297,0.14344999749781268,13.551933247635324
4,2103.0,0.03237469955734913,0.14344999729870483,13.55193324088703
4,2104.0,0.03237469947847783,0.14344999710271716,13.551933233816852
4,2105.0,0.032374699396015796,0.1434499969098497,13.551933226424797
4,2106.0,0.032374699309963034,0.14344999672010242,13.55193321871086
4,2107.0,0.03237469922031954,0.14344999653347534,13.551933210675044
4,2108.0,0.032374699127085314,0.14344999634996847,13.551933202317347
4,2109.0,0.03237469903026036,0.14344999616958176,13.551933193637769
4,2110.0,0.032374698929844674,0.14344999599231525,13.551933184636312
4,2111.0,0.03237469882583825,0.14344999581816892,13.551933175312975
4,2112.0,0.032374698718241106,0.1434499956471428,13.551933165667759
4,2113.0,0.03237469860705323,0.14344999547923687,13.551933155700661
4,2114.0,0.03237469849227462,0.14344999531445113,13.551933145411686
4,2115.0,0.032374698373905275,0.14344999515278556,13.551933134800828
4,2116.0,0.0323746982519452,0.14344999499424022,13.551933123868091
4,2117.0,0.0323746981263944,0.14344999483881504,13.551933112613474
4,2118.0,0.03237469799725287,0.14344999468651007,13.55193310103698
4,2119.0,0.0323746978645206,0.14344999453732526,13.551933089138599
4,2120.0,0.03237469772819761,0.14344999439126066,13.551933076918342
4,2121.0,0.03237469758828388,0.14344999424831625,13.551933064376204
4,2122.0,0.03237469744477943,0.14344999410849205,13.551933051512185
4,2123.0,0.03237469729768424,0.14344999397178804,13.551933038326293
4,2124.0,0.032374697146998324,0.1434499938382042,13.551933024818513
4,2125.0,0.03237469699272167,0.14344999370774056,13.551933010988858
4,2126.0,0.03237469683485429,0.14344999358039712,13.551932996837317
4,2127.0,0.03237469667339618,0.14344999345617385,13.551932982363898
4,2128.0,0.032374696508347345,0.14344999333507077,13.551932967568602
4,2129.0,0.03237469633970777,0.1434499932170879,13.551932952451427
4,2130.0,0.032374696167477464,0.14344999310222523,13.551932937012367
4,2131.0,0.03237469599165643,0.14344999299048272,13.551932921251428
4,2132.0,0.03237469581224467,0.14344999288186042,13.551932905168613
4,2133.0,0.032374695629242174,0.1434499927763583,13.55193288876391
4,2134.0,0.03237469544264895,0.14344999267397637,13.551932872037334
4,2135.0,0.03237469525246499,0.14344999257471466,13.551932854988877
4,2136.0,0.032374695058690305,0.14344999247857312,13.551932837618539
4,2137.0,0.03237469486132488,0.14344999238555176,13.551932819926321
4,2138.0,0.032374694660368734,0.1434499922956506,13.551932801912223
4,2139.0,0.032374694455821855,0.14344999220886964,13.551932783576245
4,2140.0,0.032374694247684244,0.14344999212520887,13.551932764918382
4,2141.0,0.0323746940359559,0.1434499920446683,13.551932745938645
4,2142.0,0.032374693820636825,0.1434499919672479,13.551932726637025
4,2143.0,0.032374693601727025,0.1434499918929477,13.551932707013531
4,2144.0,0.03237469337922649,0.14344999182176768,13.551932687068149
4,2145.0,0.03237469315313522,0.14344999175370787,13.55193266680089
4,2146.0,0.03237469292345323,0.14344999168876824,13.551932646211752
4,2147.0,0.0323746926901805,0.1434499916269488,13.551932625300733
4,2148.0,0.03237469245331704,0.14344999156824956,13.551932604067835
4,2149.0,0.032374692212862856,0.1434499915126705,13.551932582513055
4,2150.0,0.03237469196881793,0.14344999146021165,13.551932560636393
4,2151.0,0.032374691721182285,0.14344999141087297,13.551932538437857
4,2152.0,0.032374691469955905,0.1434499913646545,13.551932515917438
4,2153.0,0.03237469121513879,0.1434499913215562,13.551932493075135
4,2154.0,0.03237469095673095,0.1434499912815781,13.551932469910959
4,2155.0,0.03237469069473237,0.1434499912447202,13.551932446424898
4,2156.0,0.03237469042914307,0.14344999121098248,13.551932422616959
4,2157.0,0.032374690159963034,0.14344999118036494,13.551932398487137
4,2158.0,0.03237468988719227,0.1434499911528676,13.55193237403544
4,2159.0,0.03237468961083077,0.14344999112849047,13.55193234926186
4,2160.0,0.032374689330878545,0.14344999110723353,13.551932324166401
4,2161.0,0.032374689047335585,0.14344999108909676,13.55193229874906
4,2162.0,0.03237468876020189,0.14344999107408019,13.551932273009841
4,2163.0,0.032374688470795256,0.14344999106547834,13.551932247066869
4,2164.0,0.03237468821116566,0.14344999113549184,13.551932223793168
4,2165.0,0.03237468795278906,0.14344999120550683,13.55193220063179
4,2166.0,0.03237468769566545,0.14344999127552324,13.55193217758273
4,2167.0,0.03237468743979483,0.14344999134554115,13.551932154645993
4,2168.0,0.032374687185177206,0.14344999141556047,13.551932131821578
4,2169.0,0.03237468693181257,0.1434499914855813,13.55193210910948
4,2170.0,0.03237468667970093,0.14344999155560353,13.551932086509703
4,2171.0,0.032374686428842274,0.14344999162562727,13.551932064022248
4,2172.0,0.03237468617923661,0.14344999169565242,13.551932041647115
4,2173.0,0.03237468593088395,0.14344999176567907,13.551932019384298
4,2174.0,0.032374685683784266,0.14344999183570714,13.551931997233805
4,2175.0,0.03237468543793758,0.1434499919057367,13.551931975195632
4,2176.0,0.03237468519334389,0.1434499919757677,13.55193195326978
4,2177.0,0.03237468495000319,0.14344999204580014,13.551931931456249
4,2178.0,0.03237468470791548,0.14344999211583406,13.551931909755035
4,2179.0,0.03237468446708076,0.14344999218586943,13.551931888166147
4,2180.0,0.03237468422749903,0.14344999225590627,13.551931866689578
4,2181.0,0.03237468398917029,0.14344999232594455,13.551931845325326
4,2182.0,0.03237468375209454,0.1434499923959843,13.551931824073398
4,2183.0,0.03237468351627179,0.1434499924660255,13.551931802933792
4,2184.0,0.032374683281702024,0.14344999253606816,13.551931781906502
4,2185.0,0.032374683048385255,0.14344999260611227,13.551931760991536
4,2186.0,0.03237468281632148,0.14344999267615782,13.55193174018889
4,2187.0,0.03237468258551069,0.14344999274620485,13.551931719498564
4,2188.0,0.032374682355952894,0.14344999281625334,13.551931698920555
4,2189.0,0.03237468212764809,0.14344999288630328,13.551931678454874
4,2190.0,0.032374681900596274,0.1434499929563547,13.551931658101509
4,2191.0,0.03237468167479745,0.14344999302640754,13.551931637860466
4,2192.0,0.03237468145025162,0.14344999309646186,13.551931617731741
4,2193.0,0.03237468122695878,0.14344999316651763,13.551931597715338
4,2194.0,0.032374681004918936,0.14344999323657484,13.551931577811258
4,2195.0,0.03237468078413208,0.14344999330663352,13.551931558019499
4,2196.0,0.03237468056459822,0.14344999337669367,13.551931538340057
4,2197.0,0.032374680346317346,0.14344999344675527,13.551931518772935
4,2198.0,0.032374680129289464,0.1434499935168183,13.551931499318137
4,2199.0,0.03237467991351457,0.14344999358688282,13.551931479975657
4,2200.0,0.03237467969899267,0.1434499936569488,13.551931460745498
4,2201.0,0.03237467948572377,0.14344999372701622,13.55193144162766
4,2202.0,0.03237467927370785,0.1434499937970851,13.551931422622143
4,2203.0,0.03237467906294493,0.14344999386715546,13.551931403728947
4,2204.0,0.03237467885343499,0.14344999393722724,13.551931384948068
4,2205.0,0.032374678645178054,0.1434499940073005,13.551931366279515
4,2206.0,0.032374678438174105,0.1434499940773752,13.551931347723277
4,2207.0,0.03237467823242315,0.14344999414745135,13.551931329279364
4,2208.0,0.03237467802792518,0.143449994217529,13.551931310947774
4,2209.0,0.032374677824680204,0.14344999428760807,13.551931292728497
4,2210.0,0.032374677622688225,0.1434499943576886,13.551931274621547
4,2211.0,0.03237467742194923,0.1434499944277706,13.551931256626911
4,2212.0,0.03237467722246323,0.14344999449785406,13.551931238744604
4,2213.0,0.03237467702423022,0.14344999456793897,13.551931220974613
4,2214.0,0.032374676827250204,0.14344999463802532,13.551931203316943
4,2215.0,0.03237467663152318,0.14344999470811315,13.551931185771592
4,2216.0,0.032374676437049145,0.14344999477820242,13.551931168338559
4,2217.0,0.0323746762438281,0.14344999484829316,13.551931151017854
4,2218.0,0.03237467605186005,0.14344999491838537,13.551931133809468
4,2219.0,0.032374675861144994,0.14344999498847902,13.551931116713403
4,2220.0,0.03237467567168292,0.14344999505857411,13.551931099729654
4,2221.0,0.03237467548347385,0.14344999512867068,13.551931082858227
4,2222.0,0.03237467529651776,0.1434499951987687,13.55193106609912
4,2223.0,0.03237467511081467,0.14344999526886817,13.551931049452337
4,2224.0,0.03237467492636457,0.14344999533896913,13.551931032917873
4,2225.0,0.03237467474316746,0.1434499954090715,13.551931016495727
4,2226.0,0.03237467456122334,0.14344999547917536,13.551931000185904
4,2227.0,0.03237467438053221,0.14344999554928067,13.551930983988399
4,2228.0,0.03237467420109407,0.14344999561938743,13.551930967903221
4,2229.0,0.032374674022908924,0.14344999568949565,13.551930951930357
4,2230.0,0.032374673845976774,0.14344999575960532,13.551930936069818
4,2231.0,0.032374673670297616,0.14344999582971646,13.551930920321597
4,2232.0,0.03237467349587144,0.14344999589982904,13.551930904685701
4,2233.0,0.032374673322698264,0.1434499959699431,13.551930889162119
4,2234.0,0.03237467315077808,0.1434499960400586,13.55193087375086
4,2235.0,0.03237467298011088,0.14344999611017556,13.551930858451922
4,2236.0,0.03237467281069668,0.14344999618029397,13.551930843265307
4,2237.0,0.03237467264253546,0.14344999625041385,13.55193082819101
4,2238.0,0.032374672475627246,0.14344999632053518,13.551930813229035
4,2239.0,0.032374672309972014,0.14344999639065797,13.551930798379377
4,2240.0,0.03237467214556977,0.14344999646078221,13.55193078364204
4,2241.0,0.03237467198242053,0.14344999653090793,13.551930769017028
4,2242.0,0.032374671820524274,0.14344999660103508,13.551930754504331
4,2243.0,0.03237467165988101,0.1434499966711637,13.55193074010396
4,2244.0,0.03237467150049074,0.14344999674129377,13.551930725815906
4,2245.0,0.03237467134235346,0.1434499968114253,13.551930711640175
4,2246.0,0.03237467118546917,0.1434499968815583,13.551930697576763
4,2247.0,0.03237467102983787,0.14344999695169275,13.551930683625672
4,2248.0,0.03237467087545957,0.14344999702182865,13.551930669786904
4,2249.0,0.03237467072233425,0.14344999709196601,13.551930656060449
4,2250.0,0.03237467057046193,0.14344999716210483,13.551930642446324
4,2251.0,0.03237467041984259,0.1434499972322451,13.551930628944516
4,2252.0,0.032374670270476254,0.14344999730238683,13.551930615555026
4,2253.0,0.032374670122362906,0.14344999737253003,13.55193060227786
4,2254.0,0.03237466997550255,0.14344999744267467,13.551930589113013
4,2255.0,0.03237466982989518,0.14344999751282075,13.551930576060485
4,2256.0,0.032374669685540806,0.1434499975829683,13.551930563120282
4,2257.0,0.03237466954243943,0.14344999765311733,13.551930550292395
4,2258.0,0.032374669400591034,0.1434499977232678,13.551930537576832
4,2259.0,0.03237466925999564,0.14344999779341974,13.551930524973587
4,2260.0,0.032374669120653225,0.14344999786357313,13.551930512482667
4,2261.0,0.03237466898256381,0.14344999793372798,13.551930500104064
4,2262.0,0.032374668845727386,0.14344999800388428,13.551930487837778
4,2263.0,0.03237466871014395,0.14344999807404202,13.551930475683818
4,2264.0,0.03237466857581351,0.14344999814420123,13.551930463642176
4,2265.0,0.03237466844273606,0.1434499982143619,13.551930451712856
4,2266.0,0.032374668310911604,0.14344999828452404,13.551930439895857
4,2267.0,0.032374668180340134,0.1434499983546876,13.551930428191175
4,2268.0,0.03237466805102166,0.14344999842485268,13.551930416598818
4,2269.0,0.03237466792295617,0.14344999849501916,13.551930405118782
4,2270.0,0.03237466779614368,0.14344999856518711,13.551930393751062
4,2271.0,0.03237466767058418,0.14344999863535654,13.551930382495666
4,2272.0,0.03237466754627767,0.1434499987055274,13.551930371352592
4,2273.0,0.03237466742322415,0.14344999877569972,13.551930360321835
4,2274.0,0.032374667301423625,0.1434499988458735,13.5519303494034
4,2275.0,0.03237466718087609,0.14344999891604876,13.551930338597284
4,2276.0,0.03237466706158154,0.14344999898622546,13.55193032790349
4,2277.0,0.03237466694353999,0.1434499990564036,13.551930317322018
4,2278.0,0.03237466682675143,0.1434499991265832,13.551930306852862
4,2279.0,0.03237466671121586,0.1434499991967643,13.551930296496035
4,2280.0,0.032374666596933284,0.14344999926694682,13.55193028625152
4,2281.0,0.0323746664839037,0.1434499993371308,13.551930276119329
4,2282.0,0.0323746663721271,0.14344999940731623,13.55193026609946
4,2283.0,0.0323746662616035,0.14344999947750312,13.551930256191909
4,2284.0,0.032374666152332886,0.14344999954769147,13.551930246396681
4,2285.0,0.03237466604431526,0.1434499996178813,13.551930236713773
4,2286.0,0.03237466593755064,0.14344999968807257,13.551930227143185
4,2287.0,0.032374665832039,0.14344999975826528,13.551930217684916
4,2288.0,0.032374665727780354,0.14344999982845946,13.551930208338968
4,2289.0,0.0323746656247747,0.14344999989865512,13.551930199105342
4,2290.0,0.03237466552302204,0.1434499999688522,13.551930189984036
4,2291.0,0.03237466542252237,0.14345000003905076,13.551930180975054
4,2292.0,0.03237466532327569,0.14345000010925077,13.551930172078386
4,2293.0,0.032374665225282,0.14345000017945223,13.551930163294044
4,2294.0,0.0323746651285413,0.14345000024965515,13.55193015462202
4,2295.0,0.03237466503305359,0.14345000031985952,13.551930146062316
4,2296.0,0.03237466493881888,0.14345000039006536,13.551930137614933
4,2297.0,0.03237466484583716,0.14345000046027268,13.551930129279874
4,2298.0,0.032374664754108426,0.1434500005304814,13.551930121057133
4,2299.0,0.03237466466363269,0.14345000060069163,13.55193011294671
4,2300.0,0.03237466457440994,0.1434500006709033,13.551930104948612
4,2301.0,0.032374664486440184,0.1434500007411164,13.551930097062835
4,2302.0,0.03237466439972342,0.143450000811331,13.551930089289373
4,2303.0,0.032374664314259644,0.14345000088154702,13.551930081628237
4,2304.0,0.032374664230048866,0.14345000095176452,13.551930074079419
4,2305.0,0.03237466414709107,0.14345000102198346,13.55193006664292
4,2306.0,0.03237466406538628,0.14345000109220388,13.551930059318744
4,2307.0,0.032374663984934465,0.14345000116242573,13.551930052106886
4,2308.0,0.03237466390573565,0.14345000123264906,13.551930045007353
4,2309.0,0.03237466382778983,0.14345000130287383,13.551930038020137
4,2310.0,0.032374663751096995,0.14345000137310007,13.551930031145245
4,2311.0,0.03237466367565715,0.14345000144332776,13.55193002438267
4,2312.0,0.0323746636014703,0.1434500015135569,13.551930017732419
4,2313.0,0.03237466352853644,0.1434500015837875,13.551930011194486
4,2314.0,0.03237466345685558,0.14345000165401958,13.551930004768874
4,2315.0,0.0323746633864277,0.1434500017242531,13.551929998455583
4,2316.0,0.03237466331725282,0.14345000179448808,13.551929992254612
4,2317.0,0.03237466324933093,0.1434500018647245,13.551929986165964
4,2318.0,0.03237466318266202,0.1434500019349624,13.551929980189632
4,2319.0,0.032374663117246114,0.14345000200520175,13.551929974325626
4,2320.0,0.032374663053083196,0.14345000207544256,13.551929968573937
4,2321.0,0.032374662990173275,0.14345000214568482,13.551929962934567
4,2322.0,0.03237466292851634,0.14345000221592852,13.551929957407523
4,2323.0,0.03237466286811239,0.14345000228617372,13.551929951992793
4,2324.0,0.032374662808961445,0.14345000235642033,13.551929946690391
4,2325.0,0.03237466275106348,0.14345000242666842,13.551929941500306
4,2326.0,0.032374662694418514,0.14345000249691797,13.55192993642254
4,2327.0,0.03237466263902654,0.14345000256716897,13.551929931457098
4,2328.0,0.032374662584887554,0.14345000263742144,13.551929926603975
4,2329.0,0.03237466253200156,0.14345000270767536,13.551929921863172
4,2330.0,0.032374662480368556,0.14345000277793074,13.551929917234688
4,2331.0,0.03237466242998854,0.14345000284818757,13.551929912718522
4,2332.0,0.03237466238086152,0.14345000291844584,13.551929908314685
4,2333.0,0.0323746623329875,0.14345000298870558,13.551929904023162
4,2334.0,0.03237466228636646,0.1434500030589668,13.55192989984396
4,2335.0,0.032374662240998414,0.14345000312922945,13.551929895777082
4,2336.0,0.032374662196883355,0.14345000319949358,13.551929891822526
4,2337.0,0.032374662154021294,0.14345000326975915,13.551929887980288
4,2338.0,0.032374662112412224,0.14345000334002617,13.551929884250368
4,2339.0,0.032374662072056144,0.14345000341029465,13.551929880632771
4,2340.0,0.032374662032953055,0.1434500034805646,13.551929877127497
4,2341.0,0.032374661995102964,0.143450003550836,13.551929873734542
4,2342.0,0.03237466195850586,0.14345000362110885,13.551929870453906
4,2343.0,0.03237466192316175,0.14345000369138317,13.551929867285589
4,2344.0,0.03237466188907062,0.14345000376165895,13.551929864229596
4,2345.0,0.032374661856232494,0.14345000383193618,13.551929861285922
4,2346.0,0.032374661824647356,0.14345000390221485,13.551929858454569
4,2347.0,0.03237466179431521,0.143450003972495,13.551929855735535
4,2348.0,0.032374661765236054,0.1434500040427766,13.551929853128826
4,2349.0,0.03237466173740989,0.14345000411305966,13.55192985063443
4,2350.0,0.032374661710836715,0.14345000418334417,13.551929848252364
4,2351.0,0.03237466168551653,0.14345000425363014,13.551929845982611
4,2352.0,0.032374661661449346,0.14345000432391758,13.551929843825182
4,2353.0,0.032374661638635144,0.14345000439420647,13.551929841780074
4,2354.0,0.03237466161707394,0.1434500044644968,13.551929839847288
4,2355.0,0.032374661596765726,0.1434500045347886,13.551929838026815
4,2356.0,0.0323746615777105,0.14345000460508187,13.55192983631867
4,2357.0,0.032374661559908265,0.14345000467537658,13.551929834722841
4,2358.0,0.03237466154335903,0.14345000474567274,13.551929833239338
4,2359.0,0.03237466152806278,0.14345000481597037,13.551929831868152
4,2360.0,0.03237466151401952,0.14345000488626944,13.551929830609287
4,2361.0,0.03237466150122925,0.14345000495656998,13.551929829462743
4,2362.0,0.03237466148969198,0.143450005026872,13.551929828428522
4,2363.0,0.0323746614794077,0.14345000509717543,13.551929827506616
4,2364.0,0.032374661470376404,0.14345000516748035,13.551929826697036
4,2365.0,0.032374661462598105,0.14345000523778673,13.551929825999771
4,2366.0,0.0323746614560728,0.14345000530809454,13.55192982541483
4,2367.0,0.03237466145080048,0.14345000537840383,13.551929824942212
4,2368.0,0.03237466144678115,0.14345000544871456,13.55192982458191
4,2369.0,0.03237466144401482,0.14345000551902676,13.551929824333932
4,2370.0,0.03237466144250148,0.1434500055893404,13.55192982419827
4,2371.0,0.032374661442241125,0.14345000565965552,13.551929824174936
4,2372.0,0.03237466144323377,0.1434500057299721,13.551929824263915
4,2373.0,0.032374661445479395,0.1434500058002901,13.551929824465219
4,2374.0,0.03237466144897802,0.1434500058706096,13.551929824778842
4,2375.0,0.032374661453729636,0.14345000594093055,13.551929825204786
4,2376.0,0.03237466145973424,0.14345000601125293,13.551929825743052
4,2377.0,0.03237466146699184,0.1434500060815768,13.551929826393634
4,2378.0,0.03237466147550243,0.1434500061519021,13.55192982715654
4,2379.0,0.032374661485266014,0.14345000622222887,13.551929828031767
4,2380.0,0.032374661496282583,0.14345000629255708,13.551929829019313
4,2381.0,0.03237466150855215,0.14345000636288677,13.551929830119184
4,2382.0,0.0323746615220747,0.1434500064332179,13.55192983133137
4,2383.0,0.03237466153685025,0.1434500065035505,13.551929832655881
4,2384.0,0.03237466155287879,0.14345000657388454,13.551929834092709
4,2385.0,0.03237466157016032,0.14345000664422006,13.551929835641856
4,2386.0,0.03237466158869484,0.14345000671455702,13.55192983730333
4,2387.0,0.032374661608482354,0.14345000678489545,13.551929839077117
4,2388.0,0.032374661629522856,0.14345000685523532,13.55192984096323
4,2389.0,0.03237466165181636,0.14345000692557663,13.551929842961664
4,2390.0,0.03237466167536284,0.14345000699591945,13.551929845072417
4,2391.0,0.03237466170016232,0.14345000706626368,13.551929847295487
4,2392.0,0.03237466172621479,0.1434500071366094,13.55192984963088
4,2393.0,0.03237466175352025,0.14345000720695655,13.551929852078596
4,2394.0,0.032374661782078706,0.14345000727730517,13.551929854638635
4,2395.0,0.03237466181189015,0.14345000734765526,13.551929857310986
4,2396.0,0.03237466184295459,0.1434500074180068,13.551929860095665
4,2397.0,0.032374661875272014,0.1434500074883598,13.551929862992663
4,2398.0,0.03237466190884244,0.14345000755871423,13.551929866001979
4,2399.0,0.032374661943665846,0.14345000762907015,13.551929869123615
4,2400.0,0.03237466197974225,0.1434500076994275,13.551929872357576
4,2401.0,0.03237466201707164,0.1434500077697863,13.551929875703852
4,2402.0,0.03237466205565403,0.14345000784014658,13.551929879162454
4,2403.0,0.03237466209548941,0.14345000791050833,13.551929882733374
4,2404.0,0.032374662136577775,0.1434500079808715,13.551929886416618
4,2405.0,0.032374662178919135,0.14345000805123617,13.551929890212177
4,2406.0,0.032374662222513485,0.14345000812160227,13.55192989412006
4,2407.0,0.032374662267360826,0.14345000819196982,13.551929898140262
4,2408.0,0.032374662313461165,0.14345000826233884,13.551929902272786
4,2409.0,0.03237466236081449,0.14345000833270932,13.551929906517628
4,2410.0,0.03237466240942081,0.14345000840308125,13.551929910874794
4,2411.0,0.03237466245928012,0.14345000847345465,13.55192991534428
4,2412.0,0.032374662510392414,0.1434500085438295,13.551929919926085
4,2413.0,0.03237466256275771,0.1434500086142058,13.55192992462021
4,2414.0,0.03237466261637599,0.14345000868458355,13.551929929426658
4,2415.0,0.03237466267124727,0.14345000875496278,13.551929934345424
4,2416.0,0.032374662727371536,0.14345000882534345,13.551929939376514
4,2417.0,0.03237466278474879,0.14345000889572557,13.55192994451992
4,2418.0,0.032374662843379046,0.14345000896610915,13.551929949775651
4,2419.0,0.03237466290576145,0.14345000901168337,13.551929955367727
4,2420.0,0.03237466297138038,0.14345000902711066,13.551929961249936
4,2421.0,0.032374663036810955,0.14345000904244562,13.551929967115262
4,2422.0,0.032374663102053176,0.1434500090576882,13.5519299729637
4,2423.0,0.03237466316710705,0.14345000907283845,13.551929978795254
4,2424.0,0.032374663231972564,0.14345000908789635,13.551929984609925
4,2425.0,0.03237466329664973,0.14345000910286188,13.551929990407714
4,2426.0,0.03237466336113855,0.14345000911773506,13.551929996188614
4,2427.0,0.03237466342543901,0.14345000913251588,13.551930001952634
4,2428.0,0.03237466348955112,0.14345000914720435,13.551930007699765
4,2429.0,0.032374663553474875,0.14345000916180048,13.551930013430017
4,2430.0,0.03237466361721028,0.14345000917630424,13.551930019143382
4,2431.0,0.03237466368075733,0.14345000919071565,13.551930024839864
4,2432.0,0.03237466374411603,0.14345000920503473,13.551930030519458
4,2433.0,0.03237466380728638,0.14345000921926143,13.551930036182169
4,2434.0,0.032374663870268376,0.1434500092333958,13.551930041828001
4,2435.0,0.03237466393306202,0.1434500092474378,13.551930047456942
4,2436.0,0.03237466399566731,0.14345000926138746,13.551930053069
4,2437.0,0.03237466405808425,0.14345000927524476,13.551930058664176
4,2438.0,0.032374664120312834,0.1434500092890097,13.55193006424247
4,2439.0,0.03237466418235307,0.1434500093026823,13.551930069803875
4,2440.0,0.032374664244204945,0.14345000931626253,13.551930075348396
4,2441.0,0.032374664305868474,0.14345000932975044,13.551930080876032
4,2442.0,0.03237466436734365,0.14345000934314597,13.551930086386788
4,2443.0,0.032374664428630476,0.14345000935644914,13.551930091880658
4,2444.0,0.03237466448972895,0.14345000936966,13.551930097357642
4,2445.0,0.032374664550639067,0.14345000938277847,13.551930102817744
4,2446.0,0.032374664611360834,0.14345000939580457,13.551930108260963
4,2447.0,0.03237466467189425,0.14345000940873837,13.551930113687295
4,2448.0,0.032374664732239315,0.14345000942157976,13.551930119096742
4,2449.0,0.03237466479239602,0.14345000943432884,13.551930124489303
4,2450.0,0.03237466485236438,0.14345000944698555,13.551930129864985
4,2451.0,0.032374664912144385,0.14345000945954992,13.551930135223781
4,2452.0,0.032374664971736036,0.1434500094720219,13.551930140565691
4,2453.0,0.03237466503113934,0.14345000948440156,13.551930145890719
4,2454.0,0.03237466509035429,0.14345000949668887,13.55193015119886
4,2455.0,0.032374665149380887,0.1434500095088838,13.551930156490121
4,2456.0,0.032374665208219126,0.1434500095209864,13.551930161764496
4,2457.0,0.03237466526686902,0.14345000953299666,13.551930167021982
4,2458.0,0.03237466532533056,0.14345000954491455,13.551930172262592
4,2459.0,0.03237466538360374,0.1434500095567401,13.55193017748631
4,2460.0,0.03237466544168858,0.14345000956847326,13.55193018269315
4,2461.0,0.03237466549958506,0.1434500095801141,13.5519301878831
4,2462.0,0.03237466555729319,0.14345000959166257,13.55193019305617
4,2463.0,0.03237466561481297,0.1434500096031187,13.551930198212357
4,2464.0,0.03237466567214439,0.14345000961448248,13.551930203351654
4,2465.0,0.03237466572928746,0.1434500096257539,13.55193020847407
4,2466.0,0.032374665786242186,0.14345000963693297,13.551930213579602
4,2467.0,0.03237466584300855,0.14345000964801968,13.551930218668247
4,2468.0,0.03237466589958657,0.14345000965901403,13.551930223740014
4,2469.0,0.03237466595597623,0.14345000966991606,13.55193022879489
4,2470.0,0.03237466601217754,0.14345000968072572,13.551930233832882
4,2471.0,0.0323746660681905,0.143450009691443,13.551930238853993
4,2472.0,0.03237466612401511,0.14345000970206795,13.551930243858218
4,2473.0,0.03237466617965136,0.14345000971260055,13.551930248845558
4,2474.0,0.03237466623509926,0.1434500097230408,13.551930253816018
4,2475.0,0.03237466629035881,0.1434500097333887,13.551930258769591
4,2476.0,0.03237466634543001,0.14345000974364422,13.551930263706282
4,2477.0,0.03237466640031285,0.14345000975380742,13.551930268626085
4,2478.0,0.03237466645500734,0.14345000976387826,13.551930273529004
4,2479.0,0.03237466650951348,0.14345000977385672,13.55193027841504
4,2480.0,0.03237466656383127,0.14345000978374284,13.551930283284191
4,2481.0,0.0323746666179607,0.14345000979353661,13.55193028813646
4,2482.0,0.03237466667190179,0.14345000980323805,13.551930292971845
4,2483.0,0.03237466672565452,0.1434500098128471,13.551930297790344
4,2484.0,0.032374666779218894,0.14345000982236383,13.551930302591956
4,2485.0,0.03237466683259492,0.14345000983178818,13.551930307376686
4,2486.0,0.03237466688578259,0.1434500098411202,13.55193031214453
4,2487.0,0.03237466693878191,0.14345000985035986,13.551930316895492
4,2488.0,0.03237466699159288,0.14345000985950715,13.551930321629573
4,2489.0,0.032374667044215495,0.1434500098685621,13.551930326346767
4,2490.0,0.03237466709664976,0.1434500098775247,13.551930331047075
4,2491.0,0.03237466714889567,0.14345000988639495,13.551930335730498
4,2492.0,0.03237466720095323,0.14345000989517284,13.551930340397037
4,2493.0,0.03237466725282244,0.1434500099038584,13.551930345046696
4,2494.0,0.03237466730450329,0.14345000991245158,13.551930349679466
4,2495.0,0.03237466735599579,0.14345000992095241,13.551930354295354
4,2496.0,0.03237466740729994,0.14345000992936088,13.551930358894358
4,2497.0,0.03237466745841574,0.143450009937677,13.55193036347648
4,2498.0,0.03237466750934319,0.1434500099459008,13.551930368041711
4,2499.0,0.032374667560082275,0.1434500099540322,13.551930372590062
4,2500.0,0.03237466761063302,0.14345000996207127,13.551930377121527
4,2501.0,0.03237466766099541,0.143450009970018,13.55193038163611
4,2502.0,0.03237466771116944,0.14345000997787236,13.551930386133808
4,2503.0,0.03237466776115512,0.14345000998563437,13.551930390614622
4,2504.0,0.032374667810952454,0.14345000999330404,13.55193039507855
4,2505.0,0.03237466786056143,0.14345001000088134,13.551930399525594
4,2506.0,0.03237466790998206,0.1434500100083663,13.551930403955756
4,2507.0,0.032374667959214336,0.14345001001575888,13.551930408369033
4,2508.0,0.03237466800825826,0.14345001002305913,13.551930412765424
4,2509.0,0.03237466805711382,0.14345001003026703,13.551930417144934
4,2510.0,0.03237466810578104,0.14345001003738259,13.55193042150756
4,2511.0,0.032374668154259906,0.14345001004440577,13.551930425853293
4,2512.0,0.032374668202550416,0.1434500100513366,13.551930430182152
4,2513.0,0.03237466825065258,0.1434500100581751,13.551930434494121
4,2514.0,0.03237466829856638,0.1434500100649212,13.551930438789208
4,2515.0,0.03237466834629184,0.14345001007157498,13.551930443067407
4,2516.0,0.03237466839382894,0.1434500100781364,13.551930447328727
4,2517.0,0.03237466844117769,0.14345001008460548,13.55193045157316
4,2518.0,0.03237466848833809,0.1434500100909822,13.55193045580071
4,2519.0,0.03237466853531013,0.14345001009726657,13.551930460011375
4,2520.0,0.03237466858209383,0.14345001010345856,13.551930464205158
4,2521.0,0.032374668628689166,0.14345001010955824,13.551930468382054
4,2522.0,0.032374668675096155,0.14345001011556555,13.551930472542066
4,2523.0,0.032374668721314795,0.14345001012148048,13.551930476685195
4,2524.0,0.03237466876734508,0.1434500101273031,13.551930480811436
4,2525.0,0.032374668813187006,0.14345001013303335,13.551930484920797
4,2526.0,0.032374668858840584,0.14345001013867123,13.55193048901327
4,2527.0,0.03237466890430581,0.14345001014421677,13.551930493088866
4,2528.0,0.032374668949582686,0.14345001014966996,13.551930497147572
4,2529.0,0.03237466899467121,0.1434500101550308,13.551930501189393
4,2530.0,0.032374669039571376,0.1434500101602993,13.55193050521433
4,2531.0,0.03237466908428319,0.14345001016547543,13.551930509222382
4,2532.0,0.03237466912880666,0.1434500101705592,13.551930513213552
4,2533.0,0.032374669173141774,0.14345001017555062,13.551930517187836
4,2534.0,0.032374669217288536,0.1434500101804497,13.551930521145243
4,2535.0,0.03237466926124694,0.1434500101852564,13.551930525085758
4,2536.0,0.032374669305017,0.14345001018997078,13.551930529009388
4,2537.0,0.0323746693485987,0.1434500101945928,13.551930532916138
4,2538.0,0.03237466939199205,0.14345001019912246,13.551930536806001
4,2539.0,0.03237466943519705,0.14345001020355977,13.55193054067898
4,2540.0,0.03237466947821369,0.1434500102079047,13.551930544535079
4,2541.0,0.03237466952104199,0.1434500102121573,13.551930548374285
4,2542.0,0.03237466956368193,0.14345001021631756,13.551930552196614
4,2543.0,0.03237466960613352,0.14345001022038548,13.551930556002056
4,2544.0,0.032374669648396755,0.14345001022436102,13.551930559790614
4,2545.0,0.03237466969047164,0.1434500102282442,13.55193056356229
4,2546.0,0.03237466973235817,0.14345001023203505,13.55193056731708
4,2547.0,0.03237466977405635,0.14345001023573353,13.551930571054983
4,2548.0,0.03237466981556618,0.14345001023933965,13.551930574776009
4,2549.0,0.03237466985688765,0.14345001024285342,13.55193057848014
4,2550.0,0.03237466989802078,0.14345001024627485,13.551930582167397
4,2551.0,0.032374669938965546,0.14345001024960394,13.551930585837763
4,2552.0,0.032374669979721965,0.14345001025284065,13.55193058949125
4,2553.0,0.03237467002029003,0.14345001025598503,13.551930593127851
4,2554.0,0.03237467006066974,0.14345001025903703,13.551930596747566
4,2555.0,0.032374670100861105,0.1434500102619967,13.551930600350396
4,2556.0,0.03237467014086411,0.143450010264864,13.551930603936345
4,2557.0,0.03237467018067877,0.14345001026763896,13.551930607505405
4,2558.0,0.032374670220305074,0.14345001027032156,13.551930611057585
4,2559.0,0.03237467025974303,0.14345001027291182,13.55193061459288
4,2560.0,0.032374670298992624,0.1434500102754097,13.551930618111292
4,2561.0,0.03237467033805387,0.14345001027781526,13.551930621612813
4,2562.0,0.03237467037692676,0.14345001028012844,13.551930625097455
4,2563.0,0.032374670415611304,0.1434500102823493,13.551930628565215
4,2564.0,0.032374670454107496,0.14345001028447776,13.551930632016086
4,2565.0,0.03237467049241533,0.1434500102865139,13.551930635450077
4,2566.0,0.03237467053053482,0.1434500102884577,13.55193063886718
4,2567.0,0.03237467056846595,0.14345001029030913,13.551930642267402
4,2568.0,0.03237467060620873,0.1434500102920682,13.551930645650737
4,2569.0,0.032374670643763155,0.14345001029373491,13.551930649017189
4,2570.0,0.03237467068112923,0.1434500102953093,13.551930652366753
4,2571.0,0.03237467071830696,0.1434500102967913,13.55193065569944
4,2572.0,0.03237467075529633,0.14345001029818097,13.551930659015238
4,2573.0,0.03237467079209735,0.14345001029947826,13.551930662314154
4,2574.0,0.03237467082871001,0.14345001030068322,13.551930665596181
4,2575.0,0.032374670865134327,0.14345001030179583,13.551930668861326
4,2576.0,0.032374670901370285,0.1434500103028161,13.55193067210959
4,2577.0,0.032374670937417895,0.143450010303744,13.551930675340964
4,2578.0,0.032374670973277155,0.14345001030457952,13.551930678555461
4,2579.0,0.03237467100894806,0.14345001030532273,13.55193068175307
4,2580.0,0.03237467104443061,0.14345001030597357,13.551930684933797
4,2581.0,0.03237467107972481,0.14345001030653204,13.551930688097633
4,2582.0,0.03237467111483066,0.1434500103069982,13.55193069124459
4,2583.0,0.03237467114974815,0.14345001030737198,13.551930694374661
4,2584.0,0.032374671184477295,0.1434500103076534,13.55193069748785
4,2585.0,0.03237467121901808,0.14345001030784246,13.551930700584153
4,2586.0,0.03237467125337052,0.1434500103079392,13.55193070366357
4,2587.0,0.03237467128753461,0.14345001030794358,13.551930706726107
4,2588.0,0.03237467132151034,0.1434500103078556,13.551930709771758
4,2589.0,0.03237467135529772,0.14345001030767524,13.551930712800523
4,2590.0,0.03237467138889675,0.14345001030740256,13.551930715812405
4,2591.0,0.032374671422307426,0.14345001030703752,13.551930718807403
4,2592.0,0.032374671455529754,0.1434500103065801,13.551930721785519
4,2593.0,0.032374671488563725,0.14345001030603038,13.551930724746747
4,2594.0,0.03237467152140934,0.1434500103053883,13.551930727691094
4,2595.0,0.032374671554066606,0.14345001030465382,13.551930730618551
4,2596.0,0.03237467158653552,0.143450010303827,13.551930733529128
4,2597.0,0.03237467161881608,0.14345001030290785,13.55193073642282
4,2598.0,0.03237467165090829,0.14345001030189636,13.551930739299628
4,2599.0,0.032374671682812155,0.1434500103007925,13.551930742159556
4,2600.0,0.03237467171452766,0.14345001029959628,13.55193074500259
4,2601.0,0.03237467174605481,0.1434500102983077,13.551930747828745
4,2602.0,0.03237467177739361,0.14345001029692678,13.55193075063802
4,2603.0,0.03237467180854406,0.1434500102954535,13.551930753430401
4,2604.0,0.03237467183950615,0.14345001029388788,13.551930756205907
4,2605.0,0.0323746718702799,0.1434500102922299,13.551930758964524
4,2606.0,0.032374671900865286,0.14345001029047955,13.551930761706258
4,2607.0,0.032374671931262325,0.14345001028863688,13.551930764431106
4,2608.0,0.032374671961471015,0.14345001028670182,13.551930767139071
4,2609.0,0.03237467199149135,0.14345001028467444,13.551930769830152
4,2610.0,0.032374672021323325,0.1434500102825547,13.55193077250435
4,2611.0,0.03237467205096695,0.1434500102803426,13.551930775161662
4,2612.0,0.03237467208042223,0.14345001027803814,13.551930777802088
4,2613.0,0.03237467210968916,0.14345001027564133,13.551930780425632
4,2614.0,0.03237467213876773,0.14345001027315218,13.551930783032292
4,2615.0,0.03237467216765795,0.14345001027057067,13.55193078562207
4,2616.0,0.03237467219635982,0.1434500102678968,13.551930788194959
4,2617.0,0.03237467222487333,0.1434500102651306,13.551930790750966
4,2618.0,0.0323746722531985,0.14345001026227203,13.551930793290088
4,2619.0,0.0323746722813353,0.1434500102593211,13.551930795812327
4,2620.0,0.032374672309283765,0.14345001025627782,13.55193079831768
4,2621.0,0.032374672337043865,0.1434500102531422,13.551930800806149
4,2622.0,0.03237467236461562,0.14345001024991422,13.551930803277735
4,2623.0,0.032374672391999024,0.14345001024659387,13.551930805732436
4,2624.0,0.03237467241919407,0.14345001024318121,13.551930808170253
4,2625.0,0.032374672446200764,0.14345001023967616,13.551930810591188
4,2626.0,0.03237467247301911,0.14345001023607878,13.551930812995234
4,2627.0,0.0323746724996491,0.143450010232389,13.551930815382397
4,2628.0,0.03237467252609074,0.14345001022860693,13.55193081775268
4,2629.0,0.03237467255234403,0.14345001022473247,13.551930820106072
4,2630.0,0.03237467257840896,0.14345001022076567,13.551930822442586
4,2631.0,0.032374672604285545,0.14345001021670653,13.551930824762211
4,2632.0,0.032374672629973775,0.14345001021255502,13.551930827064956
4,2633.0,0.032374672655473655,0.14345001020831116,13.55193082935081
4,2634.0,0.03237467268078518,0.14345001020397494,13.551930831619787
4,2635.0,0.03237467270590835,0.14345001019954637,13.551930833871877
4,2636.0,0.03237467273084317,0.14345001019502546,13.551930836107083
4,2637.0,0.03237467275558964,0.14345001019041217,13.551930838325406
4,2638.0,0.03237467278014775,0.14345001018570655,13.551930840526841
4,2639.0,0.032374672804517515,0.14345001018090858,13.551930842711394
4,2640.0,0.03237467282869893,0.14345001017601824,13.551930844879063
4,2641.0,0.03237467285269199,0.14345001017103556,13.551930847029848
4,2642.0,0.032374672876496695,0.1434500101659605,13.551930849163746
4,2643.0,0.03237467290011305,0.14345001016079312,13.551930851280762
4,2644.0,0.03237467292354105,0.14345001015553338,13.551930853380892
4,2645.0,0.032374672946780696,0.1434500101501813,13.551930855464143
4,2646.0,0.03237467296983199,0.14345001014473685,13.551930857530502
4,2647.0,0.03237467299269494,0.14345001013920003,13.551930859579985
4,2648.0,0.03237467301536953,0.1434500101335709,13.551930861612577
4,2649.0,0.032374673037855774,0.1434500101278494,13.551930863628286
4,2650.0,0.03237467306015366,0.1434500101220355,13.551930865627112
4,2651.0,0.032374673082263196,0.1434500101161293,13.551930867609052
4,2652.0,0.032374673104184376,0.14345001011013073,13.55193086957411
4,2653.0,0.03237467312591721,0.14345001010403982,13.551930871522286
4,2654.0,0.03237467314746168,0.14345001009785655,13.551930873453571
4,2655.0,0.032374673168817814,0.14345001009158093,13.55193087536798
4,2656.0,0.03237467318998558,0.14345001008521294,13.551930877265496
4,2657.0,0.032374673210965,0.1434500100787526,13.551930879146132
4,2658.0,0.03237467323175607,0.14345001007219993,13.551930881009884
4,2659.0,0.032374673252358786,0.14345001006555488,13.551930882856755
4,2660.0,0.03237467327277315,0.1434500100588175,13.551930884686735
4,2661.0,0.032374673292999166,0.14345001005198776,13.551930886499836
4,2662.0,0.032374673313036825,0.14345001004506566,13.551930888296049
4,2663.0,0.03237467333288613,0.14345001003805122,13.55193089007538
4,2664.0,0.03237467335254709,0.14345001003094443,13.551930891837827
4,2665.0,0.032374673372019686,0.14345001002374527,13.551930893583387
4,2666.0,0.03237467339130394,0.14345001001645377,13.551930895312065
4,2667.0,0.03237467341039983,0.1434500100090699,13.551930897023858
4,2668.0,0.03237467342930738,0.1434500100015937,13.551930898718767
4,2669.0,0.032374673448026574,0.14345000999402513,13.551930900396792
4,2670.0,0.03237467346655741,0.1434500099863642,13.551930902057931
4,2671.0,0.032374673484899905,0.14345000997861093,13.55193090370219
4,2672.0,0.032374673503054036,0.14345000997076532,13.55193090532956
4,2673.0,0.03237467352101982,0.14345000996282734,13.551930906940049
4,2674.0,0.03237467353879725,0.143450009954797,13.551930908533649
4,2675.0,0.03237467355638633,0.14345000994667434,13.55193091011037
4,2676.0,0.03237467357378706,0.1434500099384593,13.551930911670205
4,2677.0,0.03237467359099943,0.14345000993015192,13.551930913213154
4,2678.0,0.03237467360802345,0.14345000992175216,13.551930914739222
4,2679.0,0.03237467362485912,0.14345000991326007,13.551930916248406
4,2680.0,0.03237467364150644,0.14345000990467563,13.551930917740698
4,2681.0,0.032374673657965404,0.14345000989599882,13.551930919216112
4,2682.0,0.032374673674236014,0.14345000988722967,13.551930920674645
4,2683.0,0.032374673690318274,0.14345000987836817,13.551930922116288
4,2684.0,0.032374673706212186,0.1434500098694143,13.55193092354105
4,2685.0,0.03237467372191774,0.1434500098603681,13.551930924948925
4,2686.0,0.03237467373743494,0.14345000985122955,13.551930926339919
4,2687.0,0.03237467375276379,0.14345000984199863,13.551930927714023
4,2688.0,0.03237467376790429,0.14345000983267536,13.551930929071249
4,2689.0,0.03237467378285643,0.14345000982325973,13.55193093041159
4,2690.0,0.032374673797620226,0.14345000981375175,13.551930931735042
4,2691.0,0.03237467381219567,0.14345000980415143,13.551930933041616
4,2692.0,0.03237467382658276,0.14345000979445874,13.5519309343313
4,2693.0,0.03237467384078149,0.1434500097846737,13.551930935604105
4,2694.0,0.032374673854791876,0.14345000977479633,13.55193093686002
4,2695.0,0.03237467386861391,0.14345000976482658,13.551930938099057
4,2696.0,0.03237467388224759,0.1434500097547645,13.551930939321203
4,2697.0,0.032374673895692915,0.14345000974461006,13.551930940526466
4,2698.0,0.03237467390894989,0.14345000973436325,13.551930941714847
4,2699.0,0.03237467392201851,0.1434500097240241,13.551930942886347
4,2700.0,0.03237467393489878,0.1434500097135926,13.55193094404096
4,2701.0,0.0323746739475907,0.14345000970306873,13.551930945178686
4,2702.0,0.03237467396009427,0.14345000969245253,13.551930946299532
4,2703.0,0.03237467397240948,0.14345000968174398,13.551930947403491
4,2704.0,0.03237467398453634,0.14345000967094307,13.551930948490563
4,2705.0,0.03237467399647485,0.14345000966004978,13.551930949560758
4,2706.0,0.032374674008225,0.14345000964906418,13.551930950614064
4,2707.0,0.0323746740197868,0.1434500096379862,13.551930951650485
4,2708.0,0.032374674031160254,0.14345000962681587,13.551930952670025
4,2709.0,0.032374674042345356,0.14345000961555318,13.551930953672677
4,2710.0,0.0323746740533421,0.14345000960419815,13.551930954658447
4,2711.0,0.0323746740641505,0.14345000959275078,13.551930955627334
4,2712.0,0.032374674074770536,0.14345000958121104,13.551930956579335
4,2713.0,0.032374674085202226,0.14345000956957896,13.55193095751445
4,2714.0,0.03237467409544556,0.1434500095578545,13.551930958432683
4,2715.0,0.032374674105500545,0.1434500095460377,13.551930959334033
4,2716.0,0.03237467411536718,0.14345000953412856,13.551930960218495
4,2717.0,0.03237467412504546,0.14345000952212705,13.551930961086073
4,2718.0,0.03237467413453539,0.1434500095100332,13.55193096193677
4,2719.0,0.03237467414383696,0.14345000949784698,13.551930962770582
4,2720.0,0.032374674152950186,0.14345000948556844,13.551930963587509
4,2721.0,0.032374674161875054,0.14345000947319753,13.551930964387553
4,2722.0,0.03237467417061157,0.14345000946073425,13.55193096517071
4,2723.0,0.03237467417915974,0.14345000944817862,13.551930965936982
4,2724.0,0.032374674187519555,0.14345000943553066,13.551930966686374
4,2725.0,0.03237467419569102,0.14345000942279032,13.55193096741888
4,2726.0,0.032374674203674125,0.14345000940995764,13.551930968134503
4,2727.0,0.03237467421146888,0.14345000939703262,13.551930968833238
4,2728.0,0.032374674219075285,0.14345000938401523,13.551930969515091
4,2729.0,0.03237467422649334,0.1434500093709055,13.551930970180058
4,2730.0,0.03237467423372303,0.1434500093577034,13.551930970828142
4,2731.0,0.03237467424076438,0.14345000934440896,13.551930971459345
4,2732.0,0.03237467424761738,0.14345000933102217,13.551930972073658
4,2733.0,0.03237467425428202,0.14345000931754304,13.551930972671089
4,2734.0,0.03237467426075831,0.14345000930397153,13.551930973251642
4,2735.0,0.032374674267046245,0.14345000929030768,13.551930973815299
4,2736.0,0.03237467427314583,0.14345000927655147,13.551930974362081
4,2737.0,0.03237467427905706,0.1434500092627029,13.551930974891974
4,2738.0,0.03237467428477994,0.143450009248762,13.551930975404986
4,2739.0,0.03237467429031447,0.14345000923472873,13.551930975901108
4,2740.0,0.03237467429566065,0.1434500092206031,13.551930976380351
4,2741.0,0.03237467430081847,0.14345000920638515,13.551930976842709
4,2742.0,0.03237467430578794,0.14345000919207482,13.551930977288182
4,2743.0,0.03237467431056906,0.14345000917767214,13.55193097771677
4,2744.0,0.032374674315161826,0.1434500091631771,13.551930978128476
4,2745.0,0.03237467431956624,0.1434500091485897,13.551930978523295
4,2746.0,0.032374674323782306,0.14345000913390998,13.551930978901233
4,2747.0,0.032374674327810014,0.1434500091191379,13.55193097926228
4,2748.0,0.032374674331649374,0.14345000910427347,13.551930979606448
4,2749.0,0.03237467433530038,0.14345000908931665,13.551930979933733
4,2750.0,0.03237467433876303,0.14345000907426753,13.551930980244133
4,2751.0,0.03237467434203733,0.14345000905912603,13.551930980537648
4,2752.0,0.032374674345123276,0.14345000904389216,13.551930980814276
4,2753.0,0.03237467434802087,0.14345000902856597,13.551930981074024
4,2754.0,0.03237467435073011,0.14345000901314742,13.551930981316882
4,2755.0,0.032374674353251004,0.1434500089976365,13.551930981542863
4,2756.0,0.03237467435558354,0.14345000898203322,13.551930981751955
4,2757.0,0.03237467435772773,0.1434500089663376,13.551930981944166
4,2758.0,0.03237467435968356,0.14345000895054966,13.55193098211949
4,2759.0,0.03237467436145104,0.14345000893466933,13.551930982277929
4,2760.0,0.032374674363030174,0.14345000891869664,13.551930982419487
4,2761.0,0.03237467436442095,0.14345000890263163,13.551930982544159
4,2762.0,0.03237467436562337,0.14345000888647425,13.551930982651948
4,2763.0,0.03237467436663744,0.1434500088702245,13.551930982742848
4,2764.0,0.03237467436746316,0.14345000885388243,13.551930982816868
4,2765.0,0.03237467436810053,0.14345000883744796,13.551930982874005
4,2766.0,0.032374674368549544,0.14345000882092118,13.551930982914252
4,2767.0,0.03237467436881021,0.14345000880430203,13.55193098293762
4,2768.0,0.032374674368882514,0.14345000878759054,13.551930982944102
4,2769.0,0.032374674368766475,0.14345000877078667,13.5519309829337
4,2770.0,0.03237467436846208,0.1434500087538905,13.551930982906415
4,2771.0,0.032374674367969335,0.14345000873690192,13.551930982862242
4,2772.0,0.032374674367288234,0.14345000871982103,13.551930982801188
4,2773.0,0.03237467436641878,0.14345000870264776,13.551930982723244
4,2774.0,0.03237467436536098,0.14345000868538213,13.551930982628424
4,2775.0,0.03237467436411482,0.14345000866802418,13.551930982516714
4,2776.0,0.032374674362680315,0.14345000865057386,13.551930982388122
4,2777.0,0.032374674361057454,0.14345000863303117,13.551930982242647
4,2778.0,0.032374674359246236,0.14345000861539614,13.551930982080286
4,2779.0,0.03237467435724667,0.14345000859766877,13.551930981901045
4,2780.0,0.03237467435505875,0.14345000857984905,13.551930981704913
4,2781.0,0.03237467435268248,0.14345000856193696,13.5519309814919
4,2782.0,0.03237467435011786,0.1434500085439325,13.551930981262004
4,2783.0,0.032374674347364886,0.14345000852583573,13.55193098101522
4,2784.0,0.03237467434442356,0.14345000850764658,13.551930980751555
4,2785.0,0.032374674341293874,0.14345000848936507,13.551930980471003
4,2786.0,0.03237467433797585,0.14345000847099124,13.551930980173568
4,2787.0,0.03237467433446946,0.14345000845252504,13.551930979859248
4,2788.0,0.032374674330774726,0.14345000843396646,13.551930979528045
4,2789.0,0.03237467432689163,0.14345000841531555,13.551930979179957
4,2790.0,0.03237467432282019,0.1434500083965723,13.551930978814985
4,2791.0,0.0323746743185604,0.1434500083777367,13.551930978433129
4,2792.0,0.03237467431411225,0.14345000835880872,13.551930978034388
4,2793.0,0.03237467430947575,0.1434500083397884,13.551930977618763
4,2794.0,0.0323746743046509,0.14345000832067573,13.551930977186258
4,2795.0,0.032374674299637696,0.1434500083014707,13.551930976736863
4,2796.0,0.03237467429443614,0.14345000828217333,13.551930976270585
4,2797.0,0.03237467428904623,0.1434500082627836,13.55193097578742
4,2798.0,0.03237467428346797,0.1434500082433015,13.551930975287377
4,2799.0,0.03237467427770136,0.14345000822372708,13.551930974770446
4,2800.0,0.032374674271746395,0.1434500082040603,13.551930974236631
4,2801.0,0.03237467426560308,0.14345000818430115,13.55193097368593
4,2802.0,0.03237467425927141,0.14345000816444964,13.551930973118349
4,2803.0,0.03237467425275139,0.1434500081445058,13.551930972533883
4,2804.0,0.03237467424604301,0.1434500081244696,13.551930971932528
4,2805.0,0.032374674239146285,0.14345000810434103,13.551930971314292
4,2806.0,0.0323746742320612,0.14345000808412012,13.551930970679173
4,2807.0,0.03237467422478777,0.14345000806380687,13.551930970027168
4,2808.0,0.03237467421732599,0.14345000804340124,13.55193096935828
4,2809.0,0.03237467420967585,0.14345000802290328,13.551930968672506
4,2810.0,0.032374674201837365,0.14345000800231297,13.551930967969852
4,2811.0,0.03237467419381052,0.1434500079816303,13.551930967250307
4,2812.0,0.03237467418559533,0.14345000796085527,13.551930966513881
4,2813.0,0.03237467417719178,0.1434500079399879,13.551930965760574
4,2814.0,0.03237467416859988,0.14345000791902818,13.551930964990378
4,2815.0,0.032374674159819636,0.14345000789797607,13.5519309642033
4,2816.0,0.03237467415085103,0.14345000787683165,13.551930963399338
4,2817.0,0.03237467414169408,0.14345000785559486,13.551930962578489
4,2818.0,0.03237467413234877,0.14345000783426573,13.551930961740757
4,2819.0,0.03237467412281511,0.14345000781284423,13.551930960886143
4,2820.0,0.032374674113093097,0.14345000779133038,13.551930960014642
4,2821.0,0.03237467410318273,0.14345000776972416,13.551930959126256
4,2822.0,0.03237467409308401,0.14345000774802563,13.55193095822099
4,2823.0,0.03237467408279694,0.14345000772623473,13.551930957298838
4,2824.0,0.03237467407232152,0.14345000770435146,13.551930956359799
4,2825.0,0.03237467406165775,0.14345000768237584,13.551930955403877
4,2826.0,0.03237467405080562,0.14345000766030788,13.551930954431072
4,2827.0,0.03237467403976514,0.14345000763814755,13.551930953441381
4,2828.0,0.03237467402853631,0.1434500076158949,13.551930952434809
4,2829.0,0.03237467401711913,0.14345000759354987,13.551930951411352
4,2830.0,0.032374674005513596,0.1434500075711125,13.551930950371009
4,2831.0,0.0323746739937197,0.14345000754858278,13.551930949313782
4,2832.0,0.03237467398173746,0.14345000752596068,13.551930948239669
4,2833.0,0.03237467396956687,0.14345000750324624,13.551930947148673
4,2834.0,0.03237467395720793,0.14345000748043946,13.551930946040795
4,2835.0,0.03237467394466063,0.14345000745754033,13.55193094491603
4,2836.0,0.03237467393192498,0.14345000743454883,13.551930943774384
4,2837.0,0.03237467391900098,0.143450007411465,13.55193094261585
4,2838.0,0.03237467390588862,0.14345000738828878,13.551930941440434
4,2839.0,0.03237467389258791,0.14345000736502023,13.55193094024813
4,2840.0,0.032374673879098856,0.14345000734165933,13.551930939038947
4,2841.0,0.03237467386542144,0.14345000731820606,13.551930937812878
4,2842.0,0.03237467385155568,0.14345000729466045,13.551930936569919
4,2843.0,0.03237467383750157,0.1434500072710225,13.551930935310082
4,2844.0,0.03237467382325909,0.14345000724729218,13.55193093403336
4,2845.0,0.032374673808828275,0.1434500072234695,13.551930932739754
4,2846.0,0.0323746737942091,0.1434500071995545,13.551930931429263
4,2847.0,0.03237467377940158,0.14345000717554712,13.551930930101888
4,2848.0,0.0323746737644057,0.1434500071514474,13.551930928757628
4,2849.0,0.03237467374922147,0.1434500071272553,13.551930927396484
4,2850.0,0.032374673733848884,0.14345000710297087,13.551930926018455
4,2851.0,0.03237467371828795,0.1434500070785941,13.551930924623544
4,2852.0,0.03237467370253866,0.14345000705412495,13.551930923211748
4,2853.0,0.03237467368660102,0.14345000702956345,13.551930921783065
4,2854.0,0.03237467367047503,0.14345000700490962,13.551930920337503
4,2855.0,0.032374673654160684,0.1434500069801634,13.551930918875051
4,2856.0,0.03237467363765799,0.14345000695532487,13.55193091739572
4,2857.0,0.03237467362096694,0.14345000693039398,13.551930915899504
4,2858.0,0.03237467360408754,0.1434500069053707,13.5519309143864
4,2859.0,0.03237467358701978,0.1434500068802551,13.551930912856413
4,2860.0,0.03237467356976367,0.14345000685504714,13.55193091130954
4,2861.0,0.03237467355231922,0.14345000682974682,13.551930909745787
4,2862.0,0.032374673534686406,0.14345000680435416,13.551930908165147
4,2863.0,0.032374673517856,0.14345000679584155,13.551930906656436
4,2864.0,0.03237467350138275,0.14345000679339273,13.551930905179743
4,2865.0,0.03237467348494145,0.1434500067909531,13.551930903705912
4,2866.0,0.03237467346853211,0.14345000678852265,13.551930902234945
4,2867.0,0.032374673452154716,0.14345000678610137,13.551930900766848
4,2868.0,0.032374673435809284,0.1434500067836893,13.55193089930161
4,2869.0,0.0323746734194958,0.14345000678128642,13.551930897839236
4,2870.0,0.032374673403214274,0.14345000677889272,13.55193089637973
4,2871.0,0.032374673386964696,0.1434500067765082,13.551930894923085
4,2872.0,0.03237467337074708,0.1434500067741329,13.55193089346931
4,2873.0,0.03237467335456141,0.14345000677176675,13.55193089201839
4,2874.0,0.0323746733384077,0.1434500067694098,13.551930890570343
4,2875.0,0.032374673322285934,0.14345000676706204,13.551930889125154
4,2876.0,0.03237467330619613,0.14345000676472344,13.551930887682834
4,2877.0,0.032374673290138274,0.14345000676239406,13.551930886243376
4,2878.0,0.03237467327411238,0.14345000676007386,13.551930884806787
4,2879.0,0.032374673258118436,0.14345000675776284,13.551930883373059
4,2880.0,0.03237467324215644,0.14345000675546102,13.551930881942194
4,2881.0,0.032374673226226405,0.14345000675316838,13.551930880514195
4,2882.0,0.032374673210328324,0.14345000675088493,13.55193087908906
4,2883.0,0.03237467319446219,0.14345000674861066,13.551930877666788
4,2884.0,0.032374673178628015,0.1434500067463456,13.551930876247381
4,2885.0,0.032374673162825794,0.1434500067440897,13.551930874830841
4,2886.0,0.03237467314705553,0.143450006741843,13.551930873417163
4,2887.0,0.03237467313131721,0.14345000673960548,13.551930872006348
4,2888.0,0.03237467311561085,0.14345000673737718,13.551930870598403
4,2889.0,0.03237467309993644,0.14345000673515804,13.551930869193319
4,2890.0,0.03237467308429399,0.14345000673294808,13.551930867791096
4,2891.0,0.03237467306868349,0.14345000673074731,13.551930866391745
4,2892.0,0.03237467305310494,0.14345000672855573,13.551930864995251
4,2893.0,0.032374673037558345,0.14345000672637334,13.551930863601623
4,2894.0,0.03237467302204371,0.14345000672420014,13.551930862210863
4,2895.0,0.03237467300656102,0.14345000672203612,13.551930860822964
4,2896.0,0.03237467299111029,0.14345000671988128,13.551930859437931
4,2897.0,0.032374672975691514,0.14345000671773564,13.55193085805576
4,2898.0,0.03237467296030469,0.1434500067155992,13.551930856676458
4,2899.0,0.03237467294494982,0.14345000671347194,13.551930855300016
4,2900.0,0.0323746729296269,0.14345000671135386,13.55193085392644
4,2901.0,0.03237467291433594,0.14345000670924496,13.551930852555731
4,2902.0,0.03237467289907693,0.14345000670714525,13.551930851187883
4,2903.0,0.032374672883849875,0.14345000670505476,13.551930849822899
4,2904.0,0.03237467286865477,0.14345000670297342,13.551930848460783
4,2905.0,0.032374672853491625,0.14345000670090127,13.551930847101529
4,2906.0,0.03237467283836043,0.1434500066988383,13.551930845745138
4,2907.0,0.03237467282326119,0.14345000669678454,13.551930844391613
4,2908.0,0.03237467280819391,0.14345000669473998,13.551930843040953
4,2909.0,0.032374672793158574,0.14345000669270458,13.551930841693157
4,2910.0,0.03237467277815519,0.14345000669067837,13.551930840348225
4,2911.0,0.032374672763183766,0.14345000668866137,13.551930839006156
4,2912.0,0.03237467274824429,0.14345000668665353,13.551930837666951
4,2913.0,0.03237467273333677,0.14345000668465488,13.551930836330614
4,2914.0,0.032374672718461214,0.14345000668266542,13.551930834997139
4,2915.0,0.0323746727036176,0.14345000668068517,13.55193083366653
4,2916.0,0.03237467268880594,0.14345000667871408,13.551930832338781
4,2917.0,0.032374672674026245,0.14345000667675217,13.551930831013905
4,2918.0,0.03237467265927849,0.14345000667479949,13.551930829691885
4,2919.0,0.032374672644562695,0.14345000667285596,13.551930828372734
4,2920.0,0.03237467262987886,0.14345000667092161,13.551930827056443
4,2921.0,0.03237467261522697,0.1434500066689965,13.551930825743023
4,2922.0,0.03237467260060703,0.14345000666708052,13.551930824432464
4,2923.0,0.03237467258601905,0.14345000666517377,13.551930823124769
4,2924.0,0.03237467257146302,0.14345000666327618,13.551930821819935
4,2925.0,0.03237467255693895,0.1434500066613878,13.551930820517974
4,2926.0,0.03237467254244683,0.14345000665950858,13.55193081921887
4,2927.0,0.03237467252798666,0.14345000665763855,13.551930817922631
4,2928.0,0.03237467251355845,0.14345000665577773,13.55193081662926
4,2929.0,0.03237467249916219,0.14345000665392607,13.551930815338748
4,2930.0,0.03237467248479789,0.14345000665208363,13.551930814051104
4,2931.0,0.03237467247046554,0.14345000665025034,13.551930812766328
4,2932.0,0.03237467245616514,0.14345000664842628,13.55193081148441
4,2933.0,0.0323746724418967,0.14345000664661137,13.551930810205361
4,2934.0,0.032374672427660206,0.14345000664480567,13.551930808929173
4,2935.0,0.03237467241345567,0.14345000664300914,13.551930807655854
4,2936.0,0.03237467239928309,0.14345000664122182,13.551930806385396
4,2937.0,0.03237467238514246,0.14345000663944366,13.5519308051178
4,2938.0,0.03237467237103379,0.1434500066376747,13.55193080385307
4,2939.0,0.03237467235695707,0.14345000663591492,13.551930802591208
4,2940.0,0.032374672342912296,0.14345000663416435,13.55193080133221
4,2941.0,0.032374672328899484,0.14345000663242297,13.551930800076072
4,2942.0,0.032374672314918626,0.14345000663069074,13.551930798822802
4,2943.0,0.032374672300969715,0.14345000662896773,13.551930797572394
4,2944.0,0.032374672287052764,0.14345000662725388,13.551930796324848
4,2945.0,0.032374672273167766,0.14345000662554924,13.551930795080171
4,2946.0,0.03237467225931472,0.1434500066238538,13.55193079383836
4,2947.0,0.03237467224549363,0.1434500066221675,13.551930792599412
4,2948.0,0.03237467223170449,0.14345000662049043,13.551930791363324
4,2949.0,0.032374672217947306,0.14345000661882254,13.551930790130104
4,2950.0,0.03237467220422208,0.1434500066171638,13.55193078889975
4,2951.0,0.0323746721905288,0.1434500066155143,13.551930787672255
4,2952.0,0.03237467217686748,0.14345000661387397,13.55193078644763
4,2953.0,0.03237467216323811,0.1434500066122428,13.551930785225867
4,2954.0,0.032374672149640696,0.14345000661062085,13.551930784006966
4,2955.0,0.032374672136075235,0.14345000660900808,13.551930782790931
4,2956.0,0.03237467212254173,0.14345000660740448,13.551930781577763
4,2957.0,0.03237467210904017,0.1434500066058101,13.551930780367458
4,2958.0,0.03237467209557057,0.14345000660422488,13.551930779160017
4,2959.0,0.032374672082132926,0.14345000660264887,13.551930777955441
4,2960.0,0.03237467206872723,0.143450006601082,13.551930776753728
4,2961.0,0.03237467205535349,0.14345000659952437,13.55193077555488
4,2962.0,0.03237467204201171,0.1434500065979759,13.551930774358894
4,2963.0,0.032374672028701874,0.14345000659643664,13.551930773165775
4,2964.0,0.032374672015423996,0.14345000659490656,13.551930771975519
4,2965.0,0.03237467200217807,0.14345000659338564,13.551930770788129
4,2966.0,0.032374671988964106,0.14345000659187393,13.551930769603604
4,2967.0,0.03237467197578209,0.1434500065903714,13.551930768421945
4,2968.0,0.03237467196263202,0.14345000658887808,13.551930767243148
4,2969.0,0.03237467194951391,0.14345000658739393,13.551930766067214
4,2970.0,0.032374671936427755,0.14345000658591897,13.551930764894148
4,2971.0,0.03237467192337356,0.1434500065844532,13.551930763723943
4,2972.0,0.03237467191035131,0.1434500065829966,13.551930762556601
4,2973.0,0.03237467189736101,0.1434500065815492,13.551930761392127
4,2974.0,0.03237467188440267,0.14345000658011098,13.551930760230517
4,2975.0,0.03237467187147629,0.14345000657868195,13.55193075907177
4,2976.0,0.03237467185858185,0.14345000657726212,13.55193075791589
4,2977.0,0.03237467184571937,0.14345000657585147,13.551930756762872
4,2978.0,0.03237467183288885,0.14345000657445,13.55193075561272
4,2979.0,0.032374671820090274,0.14345000657305773,13.551930754465427
4,2980.0,0.03237467180732366,0.14345000657167464,13.551930753321002
4,2981.0,0.03237467179458899,0.14345000657030074,13.551930752179446
4,2982.0,0.03237467178188628,0.14345000656893603,13.551930751040747
4,2983.0,0.032374671769215525,0.1434500065675805,13.551930749904917
4,2984.0,0.03237467175657672,0.14345000656623416,13.55193074877195
4,2985.0,0.03237467174396987,0.143450006564897,13.551930747641848
4,2986.0,0.03237467173139497,0.14345000656356904,13.551930746514609
4,2987.0,0.032374671718852034,0.14345000656225027,13.551930745390237
4,2988.0,0.03237467170634104,0.14345000656094067,13.551930744268727
4,2989.0,0.03237467169386201,0.14345000655964027,13.551930743150084
4,2990.0,0.032374671681414925,0.14345000655834905,13.551930742034301
4,2991.0,0.0323746716689998,0.14345000655706702,13.551930740921385
4,2992.0,0.03237467165661663,0.14345000655579418,13.551930739811336
4,2993.0,0.032374671644265406,0.14345000655453052,13.551930738704145
4,2994.0,0.03237467163194614,0.14345000655327605,13.551930737599823
4,2995.0,0.03237467161965883,0.14345000655203077,13.551930736498367
4,2996.0,0.03237467160740347,0.1434500065507947,13.551930735399772
4,2997.0,0.032374671595180066,0.1434500065495678,13.551930734304042
4,2998.0,0.032374671582988616,0.14345000654835008,13.551930733211176
4,2999.0,0.032374671570829114,0.14345000654714155,13.551930732121175
4,3000.0,0.03237467155870157,0.1434500065459422,13.55193073103404
