traj_id,time,S_N,S_T,q
1,0.0,-0.1528147284286427,0.2492318890168122,-6.631036083808988
1,1.0,-0.15215989396974922,0.2481169782671767,-6.544367513203778
1,2.0,-0.15152323136934384,0.24702856678624607,-6.460104022201533
1,3.0,-0.15090414852771203,0.24596580455146638,-6.378167245292899
1,4.0,-0.15030209741160164,0.24492790435354833,-6.298484649247588
1,5.0,-0.14971651805373135,0.2439140608505168,-6.220982121344133
1,6.0,-0.1491469239431793,0.24292357391235878,-6.145595270948218
1,7.0,-0.14859281188724432,0.2419557186774154,-6.072257499560702
1,8.0,-0.14805369297247917,0.2410097903381348,-6.000904098568514
1,9.0,-0.1475290915131265,0.24008510246140338,-5.931472110068195
1,10.0,-0.1470185959346691,0.23918106061320188,-5.863907061399338
1,11.0,-0.1465217880465518,0.23829706055467953,-5.798153604256482
1,12.0,-0.14603821813201948,0.23743245180424322,-5.734152217782378
1,13.0,-0.14556750919927436,0.2365866885722067,-5.671853006404501
1,14.0,-0.14510931444533312,0.2357592686104232,-5.611210070096604
1,15.0,-0.14466320397092008,0.2349495687045391,-5.552166510882076
1,16.0,-0.14422887732298492,0.2341571529340254,-5.494682563235368
1,17.0,-0.14380598866336752,0.233381519374014,-5.438712454826402
1,18.0,-0.1433941560599801,0.23262211311617786,-5.3842056362259845
1,19.0,-0.14299314633065216,0.23187859522517676,-5.331131245335861
1,20.0,-0.1426025845655658,0.23115042041137585,-5.279439662137443
1,21.0,-0.1422221996753261,0.23043719402347207,-5.229095007440129
1,22.0,-0.14185173021197006,0.22973853537056063,-5.18006267811494
1,23.0,-0.14149083443497731,0.22905394637104204,-5.132297444162116
1,24.0,-0.14113933475343113,0.22838316810620962,-5.085775801090259
1,25.0,-0.14079688364150197,0.22772569352215366,-5.0404517532030795
1,26.0,-0.14046331104146706,0.22708127438112388,-4.996302793041541
1,27.0,-0.14013832346881225,0.22644948202898266,-4.953290077378952
1,28.0,-0.13982170140535985,0.2258299956399777,-4.911384552572176
1,29.0,-0.1395132395828266,0.22522251511634736,-4.870559050978372
1,30.0,-0.13921267265017798,0.22462665225236966,-4.830778452889707
1,31.0,-0.13891985542250845,0.22404219459112026,-4.792023542811242
1,32.0,-0.1386345055138927,0.22346872860882572,-4.75425694643535
1,33.0,-0.13835651004337315,0.22290608898344114,-4.7174637237552774
1,34.0,-0.13808558727774708,0.22235386276905178,-4.681606586852468
1,35.0,-0.13782164270833672,0.22181191144210255,-4.646673027325898
1,36.0,-0.13756440424492772,0.2212798358444372,-4.612627033524638
1,37.0,-0.1373137881741635,0.22075751319459672,-4.5794575258287065
1,38.0,-0.13706953433797167,0.22024456152436214,-4.547130071828566
1,39.0,-0.13683156827149204,0.21974087154814606,-4.515634815960107
1,40.0,-0.13659964102421815,0.21924607747681765,-4.484938809156197
1,41.0,-0.1363736869446382,0.21876008290592472,-4.455033362315936
1,42.0,-0.13615346674932519,0.2182825360086863,-4.425886805828315
1,43.0,-0.13593892349263056,0.21781335311411748,-4.397491602829789
1,44.0,-0.13572982765935296,0.21735219655655638,-4.36981737655236
1,45.0,-0.13552612794518354,0.21689899090010467,-4.342857336774391
1,46.0,-0.1353276080444138,0.21645341775273066,-4.316582855029075
1,47.0,-0.13513421541495632,0.21601539978167106,-4.29098697727245
1,48.0,-0.13494575562451475,0.21558465068272878,-4.266043970024894
1,49.0,-0.13476216198790178,0.21516107220209343,-4.241745007376616
1,50.0,-0.1345832769186692,0.2147444322493842,-4.218069232465197
1,51.0,-0.1344089999113141,0.2143345826143008,-4.195003343198555
1,52.0,-0.134239233024729,0.21393137910887844,-4.172534376887145
1,53.0,-0.13407382566258624,0.21353459956236268,-4.1506424018241415
1,54.0,-0.13391273575873175,0.2131441821199365,-4.129321850475041
1,55.0,-0.13375578192990736,0.21275985918291118,-4.108548716424931
1,56.0,-0.13360294390758265,0.2123816009392394,-4.088320317095743
1,57.0,-0.13345404992421084,0.21200915400746495,-4.068613918730029
1,58.0,-0.13330905998827275,0.21164245934768963,-4.049424228375114
1,59.0,-0.13316785565760797,0.2112813423328438,-4.030735569988593
1,60.0,-0.13303033615899318,0.2109256541059981,-4.012534606045083
1,61.0,-0.13289646424465723,0.21057533988710372,-3.9948164067321046
1,62.0,-0.1327660810802449,0.2102301651273481,-3.9775599500244128
1,63.0,-0.13263917709931156,0.20989011577050382,-3.9607639697850883
1,64.0,-0.1325156121651294,0.20955498501717404,-3.944409918654988
1,65.0,-0.1323953306619958,0.20922469065364896,-3.928490435791411
1,66.0,-0.13227828362840188,0.20889916063062375,-3.9129990410466884
1,67.0,-0.1321643341307675,0.208578192618114,-3.8979176110042917
1,68.0,-0.13205347973510084,0.20826178312077084,-3.883245823520828
1,69.0,-0.13194558975673212,0.20794973926304858,-3.8689663822347904
1,70.0,-0.13184061706483294,0.20764199135539121,-3.8550730492925105
1,71.0,-0.13173852619066828,0.20733848725495713,-3.8415611303402954
1,72.0,-0.13163918637764818,0.20703903379249333,-3.8284133194978582
1,73.0,-0.13154259688463238,0.20674362991856202,-3.815629518673894
1,74.0,-0.13144865731136246,0.20645212756667403,-3.8031964397056255
1,75.0,-0.1313573014465616,0.20616442886931843,-3.7911053194061943
1,76.0,-0.13126852049707755,0.2058805209979387,-3.779354993985387
1,77.0,-0.13118219107787568,0.20560022185521742,-3.767929133202119
1,78.0,-0.1310982900111558,0.2053234971637561,-3.7568246694309986
1,79.0,-0.1310167860550832,0.20505030105361252,-3.7460374677565214
1,80.0,-0.13093756536342838,0.20478046542521117,-3.735552460416372
1,81.0,-0.13086062844663887,0.2045139910470751,-3.725369714969246
1,82.0,-0.13078590924988465,0.2042507806889197,-3.715480488934318
1,83.0,-0.13071332911271896,0.20399071819642658,-3.705874371453712
1,84.0,-0.13064289151224673,0.20373380876559885,-3.696551822728794
1,85.0,-0.13057451052216623,0.20347992585487198,-3.687501470252139
1,86.0,-0.1305081341119229,0.20322899264891905,-3.6787164276821223
1,87.0,-0.1304437637505387,0.20298101140670516,-3.6701968894465526
1,88.0,-0.13038130725274402,0.20273584639431289,-3.6619306546518553
1,89.0,-0.13032072728951843,0.20249344251989915,-3.653912782732058
1,90.0,-0.13026202413043164,0.20225380028468826,-3.6461433093652174
1,91.0,-0.13020510648360556,0.2020167853417964,-3.6386101518997953
1,92.0,-0.13014994351603124,0.20178235221135482,-3.6313092295291436
1,93.0,-0.13009653609777908,0.20155050227212004,-3.6242406574087167
1,94.0,-0.13004479809765537,0.2013211088788856,-3.617393035913248
1,95.0,-0.129994698876934,0.20109412687470654,-3.6107623099497808
1,96.0,-0.12994624113679215,0.20086956030864592,-3.6043488370241996
1,97.0,-0.1298993484533438,0.20064729694389738,-3.598142502291633
1,98.0,-0.12985398437967863,0.2004272831203769,-3.5921384819350477
1,99.0,-0.12981015273437518,0.2002095244918226,-3.5863372813504872
1,100.0,-0.12976779442872477,0.19999393443364394,-3.5807310800363656
1,101.0,-0.12972686007724193,0.1997804403301708,-3.5753133417309266
1,102.0,-0.1296873507567111,0.19956904376750786,-3.5700842089486082
1,103.0,-0.12964923786423382,0.19935970298563185,-3.5650398960420824
1,104.0,-0.12961244957646065,0.19915231253040866,-3.5601708970561368
1,105.0,-0.12957698589339153,0.1989468724018383,-3.5554772119907687
1,106.0,-0.12954284037000055,0.19874337329450695,-3.550957987834691
1,107.0,-0.1295099349136805,0.19854170080377284,-3.546602888884662
1,108.0,-0.12947825981895444,0.19834184067829744,-3.5424106306025736
1,109.0,-0.12944781848832346,0.19814379795280598,-3.5383816633158403
1,110.0,-0.129418551776038,0.19794748621206562,-3.5345081589734155
1,111.0,-0.12939042609633816,0.19775285626037592,-3.530785672436885
1,112.0,-0.12936344144922393,0.19755990809773688,-3.527214203706257
1,113.0,-0.1293375850502597,0.1973686232069123,-3.523792060737459
1,114.0,-0.12931278734977036,0.19717889996137752,-3.5205100385003623
1,115.0,-0.12928904608190298,0.1969907350422828,-3.517367837105069
1,116.0,-0.1292663646858713,0.19680413351295523,-3.5143659117379804
1,117.0,-0.12924469010320497,0.19661901811439358,-3.5114972400108853
1,118.0,-0.12922399190395023,0.19643534443098035,-3.5087577944622477
1,119.0,-0.12920427008810711,0.1962531124627155,-3.5061475750920716
1,120.0,-0.12918552099187525,0.19607231697842847,-3.5036660969894973
1,121.0,-0.12916768084115643,0.19589286519641544,-3.5013049195328403
1,122.0,-0.12915074140350832,0.19571474511614187,-3.499062953142893
1,123.0,-0.12913470325933268,0.19553795758258913,-3.496940274636922
1,124.0,-0.1291195503679832,0.19536247943329768,-3.494934761005255
1,125.0,-0.12910522673236974,0.19518822932511212,-3.493039000927835
1,126.0,-0.12909173235249233,0.19501520725803242,-3.4912529944046686
1,127.0,-0.1290790703232723,0.19484341773094935,-3.489577151054401
1,128.0,-0.12906720896910134,0.19467281496202227,-3.4880072785507843
1,129.0,-0.12905610946616902,0.19450334268913932,-3.4865382384895782
1,130.0,-0.12904577181447532,0.19433500091230055,-3.4851700308707825
1,131.0,-0.12903619948535147,0.19416779466445006,-3.4839031151316093
1,132.0,-0.12902735732344672,0.19400167324156609,-3.4827328383953478
1,133.0,-0.1290192135062811,0.1938365906554549,-3.4816549888970063
1,134.0,-0.12901176803385464,0.19367254690611652,-3.48066956663659
1,135.0,-0.12900502415980197,0.19350954669135664,-3.4797770022387513
1,136.0,-0.12899895139654993,0.1933475461698066,-3.478973260615918
1,137.0,-0.12899351721972108,0.19318649848879413,-3.4782540371056454
1,138.0,-0.12898872162931538,0.19302640364831924,-3.47761933170793
1,139.0,-0.12898456629643848,0.1928672640497282,-3.477069365596741
1,140.0,-0.1289810342110959,0.19270905532936095,-3.4766018874673636
1,141.0,-0.12897808455693013,0.1925517189001807,-3.476211495198209
1,142.0,-0.12897571733394117,0.19239525476218747,-3.4758981887892824
1,143.0,-0.12897393254212905,0.19223966291538122,-3.475661968240587
1,144.0,-0.12897272799886123,0.19208494025942688,-3.4755025446766066
1,145.0,-0.12897205726095554,0.1919310203991907,-3.4754137712549453
1,146.0,-0.12897191626134097,0.19177789751774454,-3.4753951096911186
1,147.0,-0.1289723050000175,0.19162557161508842,-3.4754465599851234
1,148.0,-0.12897322686822796,0.19147404751925806,-3.4755685709743163
1,149.0,-0.12897464758855226,0.1913232764326447,-3.475756605977765
1,150.0,-0.1289765486800473,0.19117323204529127,-3.476008219007938
1,151.0,-0.1289789301427131,0.19102391435719768,-3.4763234100648446
1,152.0,-0.1289817919765497,0.19087532336836396,-3.476702179148474
1,153.0,-0.12898513152865831,0.19072745529699606,-3.4771441751427075
1,154.0,-0.1289889072826963,0.19058025131885187,-3.4776439032816047
1,155.0,-0.1289931172337736,0.19043370859468134,-3.4782010982142064
1,156.0,-0.12899776138189023,0.19028782712448444,-3.4788157599405114
1,157.0,-0.12900284250803193,0.19014261081919417,-3.479488256529206
1,158.0,-0.12900834093967292,0.18999803190405087,-3.480215984284554
1,159.0,-0.12901423045803856,0.18985405343841397,-3.4809954731024857
1,160.0,-0.12902051106312892,0.18971067542228348,-3.4818267229830084
1,161.0,-0.12902718275494393,0.1895678978556594,-3.482709733926112
1,162.0,-0.12903424893086363,0.18942572547234943,-3.483644955581429
1,163.0,-0.12904168319877213,0.1892841212344025,-3.4846288949028494
1,164.0,-0.12904946838105988,0.18914306109372828,-3.4856592784014833
1,165.0,-0.12905760447772682,0.18900254505032674,-3.486736106077323
1,166.0,-0.12906609148877302,0.1888625731041979,-3.487859377930375
1,167.0,-0.1290749327875177,0.1887231499126072,-3.4890295404257783
1,168.0,-0.12908410348055582,0.1885842407488087,-3.490243298874619
1,169.0,-0.12909358773083487,0.18844582359823747,-3.491498557213249
1,170.0,-0.1291033855383548,0.1883078984608935,-3.492795315441657
1,171.0,-0.1291134969031156,0.18817046533677678,-3.49413357355985
1,172.0,-0.12912392455545105,0.18803352796991887,-3.4955136929326285
1,173.0,-0.1291346522791891,0.1878970638329639,-3.4969335273191637
1,174.0,-0.12914565889832838,0.18776104371358526,-3.498390274035898
1,175.0,-0.12915694441286893,0.18762546761178298,-3.4998839330828373
1,176.0,-0.12916850882281072,0.18749033552755706,-3.5014145044599783
1,177.0,-0.12918035212815376,0.18735564746090747,-3.502981988167321
1,178.0,-0.1291924744186892,0.18722140336832727,-3.504586396088892
1,179.0,-0.12920484505121974,0.18708756129555223,-3.5062236725399756
1,180.0,-0.12921746249533897,0.18695411915728846,-3.5078936149684066
1,181.0,-0.12923032675104693,0.18682107695353592,-3.509596223374191
1,182.0,-0.12924343781834358,0.18668843468429464,-3.5113314977573205
1,183.0,-0.12925679882686494,0.1865561965299954,-3.513099852331007
1,184.0,-0.12927039196028395,0.186424338163182,-3.5148989290708927
1,185.0,-0.129284202284667,0.186292839388328,-3.516726751442817
1,186.0,-0.1292982298000141,0.18616170020543338,-3.518583319446782
1,187.0,-0.12931247450632524,0.18603092061449816,-3.520468633082788
1,188.0,-0.12932693640360043,0.1859005006155223,-3.522382692350832
1,189.0,-0.12934161858880242,0.18577044421871267,-3.5243259071397546
1,190.0,-0.12935649802483518,0.18564072042021765,-3.5262952284466227
1,191.0,-0.12937156738179134,0.18551131944306887,-3.5282896861444324
1,192.0,-0.12938682665967097,0.1853822412872663,-3.53030928023319
1,193.0,-0.129402275858474,0.18525348595280997,-3.5323540107128837
1,194.0,-0.12941791497820043,0.18512505343969987,-3.5344238775835177
1,195.0,-0.12943374711487135,0.18499694767231215,-3.536519290609298
1,196.0,-0.12944975066795977,0.18486913993966994,-3.538637390919903
1,197.0,-0.12946591911197017,0.18474162166441238,-3.5407773148537482
1,198.0,-0.1294822524469025,0.18461439284653947,-3.542939062410824
1,199.0,-0.12949875067275682,0.18448745348605125,-3.545122633591136
1,200.0,-0.12951541378953307,0.18436080358294768,-3.5473280283946806
1,201.0,-0.1295322448321823,0.18423444697802022,-3.5495556485029245
1,202.0,-0.129549229354455,0.18410836459187416,-3.55180358192762
1,203.0,-0.1295663558690276,0.18398254154359436,-3.5540703082999063
1,204.0,-0.12958362437590007,0.18385697783318078,-3.5563558276197864
1,205.0,-0.1296010348750724,0.18373167346063343,-3.5586601398872553
1,206.0,-0.12961858736654464,0.18360662842595235,-3.560983245102317
1,207.0,-0.12963628185031673,0.1834818427291375,-3.5633251432649704
1,208.0,-0.12965412028329726,0.18335731850426537,-3.5656860933757386
1,209.0,-0.12967208105458564,0.18323302812022632,-3.568063235191339
1,210.0,-0.12969016294400645,0.18310897003966783,-3.5704564072192606
1,211.0,-0.1297083659515597,0.18298514426258997,-3.572865609459506
1,212.0,-0.12972669007724544,0.1828615507889927,-3.57529084191208
1,213.0,-0.1297451353210636,0.182738189618876,-3.577732104576978
1,214.0,-0.12976370286356637,0.1826150621921681,-3.5801895537024935
1,215.0,-0.12978238961242208,0.1824921641850807,-3.582662780012729
1,216.0,-0.12980117852417827,0.18236947437539727,-3.585149527774733
1,217.0,-0.129820069598835,0.1822469927631178,-3.5876497969885137
1,218.0,-0.1298390628363922,0.18212471934824223,-3.590163587654067
1,219.0,-0.1298581582368499,0.18200265413077066,-3.592690899771391
1,220.0,-0.12987735580020812,0.18188079711070304,-3.595231733340491
1,221.0,-0.12989665574226195,0.1817591485441251,-3.59778611692225
1,222.0,-0.12991605913851287,0.18163770920120054,-3.600354192861315
1,223.0,-0.1299355475575188,0.1815164567239092,-3.6029335217217002
1,224.0,-0.1299551209992797,0.18139539111225103,-3.605524103503403
1,225.0,-0.12997477946379557,0.18127451236622608,-3.6081259382064275
1,226.0,-0.12999452295106645,0.18115382048583428,-3.610739025830771
1,227.0,-0.13001435146109233,0.1810333154710757,-3.6133633663764395
1,228.0,-0.13003426499387316,0.1809129973219503,-3.6159989598434206
1,229.0,-0.1300542666796013,0.18079286943932127,-3.618646220518556
1,230.0,-0.1300743434864039,0.18067291612703093,-3.6213034236089965
1,231.0,-0.13009448988845818,0.1805531309713552,-3.6239698377617158
1,232.0,-0.13011470588576415,0.18043351397229407,-3.62664546297672
1,233.0,-0.13013499147832183,0.1803140651298475,-3.6293302992540046
1,234.0,-0.13015534666613118,0.18019478444401552,-3.6320243465935684
1,235.0,-0.13017577144919223,0.18007567191479812,-3.6347276049954145
1,236.0,-0.13019626582750496,0.1799567275421953,-3.637440074459542
1,237.0,-0.13021683289147923,0.17983795436259178,-3.6401621640074997
1,238.0,-0.13023745836816786,0.17971933601074727,-3.6428919845879175
1,239.0,-0.13025813962412044,0.17960086957995863,-3.6456291876586913
1,240.0,-0.130278876659337,0.17948255507022584,-3.6483737732198183
1,241.0,-0.13029966947381752,0.17936439248154895,-3.6511257412713043
1,242.0,-0.13032051806756198,0.17924638181392794,-3.653885091813141
1,243.0,-0.13034142244057043,0.1791285230673628,-3.656651824845337
1,244.0,-0.1303623825928428,0.17901081624185353,-3.659425940367882
1,245.0,-0.13038340143798074,0.1788932641583306,-3.662207824001426
1,246.0,-0.1304044692788648,0.1787758559036431,-3.664996192313997
1,247.0,-0.13042558059467385,0.17865858566068427,-3.667790314614556
1,248.0,-0.1304467353854079,0.1785414534294541,-3.670590190903092
1,249.0,-0.13046793365106696,0.17842445920995262,-3.673395821179612
1,250.0,-0.13048917539165103,0.17830760300217982,-3.6762072054441153
1,251.0,-0.1305104606071601,0.1781908848061357,-3.679024343696599
1,252.0,-0.13053178929759418,0.17807430462182028,-3.681847235937072
1,253.0,-0.13055316146295323,0.1779578624492335,-3.68467588216552
1,254.0,-0.1305745801780588,0.17784156074133803,-3.6875106893403555
1,255.0,-0.13059603295245117,0.17772538673997101,-3.6903500043257695
1,256.0,-0.1306175183104721,0.17760933902183162,-3.6931936318156278
1,257.0,-0.13063903625212167,0.17749341758691983,-3.6960415718099355
1,258.0,-0.13066058677739986,0.17737762243523564,-3.6988938243086933
1,259.0,-0.13068216988630663,0.17726195356677907,-3.7017503893118975
1,260.0,-0.13070378557884202,0.17714641098155007,-3.7046112668195494
1,261.0,-0.130725433855006,0.17703099467954872,-3.7074764568316483
1,262.0,-0.13074711471479863,0.17691570466077494,-3.710345959348198
1,263.0,-0.13076883113611706,0.17680054318739574,-3.713220168499485
1,264.0,-0.13079057390876078,0.17668550127491894,-3.7160978652981678
1,265.0,-0.1308123396894648,0.17657057595405037,-3.7189786072568456
1,266.0,-0.13083412847822903,0.17645576722478998,-3.7218623943755125
1,267.0,-0.13085594027505357,0.17634107508713778,-3.724749226654174
1,268.0,-0.13087777507993836,0.17622649954109376,-3.7276391040928267
1,269.0,-0.13089963289288342,0.17611204058665797,-3.7305320266914714
1,270.0,-0.13092151371388877,0.17599769822383035,-3.733427994450112
1,271.0,-0.13094341754295438,0.17588347245261093,-3.7363270073687445
1,272.0,-0.13096534438008026,0.1757693632729997,-3.739229065447368
1,273.0,-0.1309872973132319,0.17565537238558793,-3.7421345773840144
1,274.0,-0.13100926571683535,0.17554149091377994,-3.745042136864022
1,275.0,-0.13103124877273714,0.17542771823579034,-3.7479516356032323
1,276.0,-0.13105324648093725,0.17531405435161918,-3.7508630736016477
1,277.0,-0.13107525884143567,0.1752004992612664,-3.7537764508592653
1,278.0,-0.13109728585423241,0.17508705296473204,-3.756691767376087
1,279.0,-0.13111932751932748,0.1749737154620161,-3.759609023152114
1,280.0,-0.1311413838367209,0.17486048675311855,-3.7625282181873474
1,281.0,-0.1311634548064126,0.1747473668380394,-3.765449352481781
1,282.0,-0.13118554042840264,0.17463435571677868,-3.768372426035422
1,283.0,-0.13120764320827488,0.17452145470487432,-3.771297770467
1,284.0,-0.13122975741678714,0.17440865907995443,-3.774224627500547
1,285.0,-0.13125187904726007,0.17429596620177784,-3.7771524668445333
1,286.0,-0.1312740080996937,0.17418337607034456,-3.780081288498958
1,287.0,-0.131296144574088,0.17407088868565462,-3.783011092463818
1,288.0,-0.131318288470443,0.173958504047708,-3.7859418787391173
1,289.0,-0.13134043978875867,0.17384622215650467,-3.788873647324851
1,290.0,-0.13136259852903506,0.17373404301204468,-3.791806398221028
1,291.0,-0.1313847646912721,0.173621966614328,-3.7947401314276363
1,292.0,-0.13140693827546987,0.17350999296335462,-3.797674846944689
1,293.0,-0.13142911928162831,0.17339812205912455,-3.8006105447721747
1,294.0,-0.13145130993428042,0.17328635471179804,-3.803547519331217
1,295.0,-0.1314735059396303,0.17317468775045897,-3.8064852023298674
1,296.0,-0.13149570316936288,0.1730631190947081,-3.809423047377864
1,297.0,-0.1315179016234781,0.1729516487445454,-3.812361054475202
1,298.0,-0.13154010130197602,0.1728402766999709,-3.8152992236218917
1,299.0,-0.1315623022048566,0.17272900296098456,-3.818237554817926
1,300.0,-0.13158450433211988,0.17261782752758642,-3.821176048063311
1,301.0,-0.1316067076837658,0.17250675039977645,-3.8241147033580387
1,302.0,-0.13162891225979442,0.17239577157755465,-3.8270535207021137
1,303.0,-0.13165111806020569,0.17228489106092104,-3.829992500095534
1,304.0,-0.13167332508499965,0.17217410884987563,-3.8329316415383023
1,305.0,-0.13169553333417627,0.17206342494441837,-3.835870945030417
1,306.0,-0.13171774543857695,0.17195283961219865,-3.838810758768677
1,307.0,-0.13173995564490099,0.1718423502181265,-3.841750321292927
1,308.0,-0.13176216181994882,0.17173195614529804,-3.8446893502702
1,309.0,-0.1317843639637204,0.17162165739371327,-3.8476278457004875
1,310.0,-0.13180656207621577,0.17151145396337217,-3.8505658075837994
1,311.0,-0.1318287561574349,0.17140134585427477,-3.8535032359201256
1,312.0,-0.13185094620737778,0.17129133306642108,-3.8564401307094713
1,313.0,-0.1318731322260444,0.17118141559981107,-3.8593764919518327
1,314.0,-0.13189531421343484,0.17107159345444473,-3.862312319647217
1,315.0,-0.131917492169549,0.1709618666303221,-3.865247613795617
1,316.0,-0.13193966609438695,0.17085223512744316,-3.868182374397036
1,317.0,-0.13196183598794867,0.1707426989458079,-3.8711166014514737
1,318.0,-0.1319840022017008,0.17063325808388075,-3.874050341476203
1,319.0,-0.1320061666913659,0.17052391162133693,-3.87698385331477
1,320.0,-0.13202832274683343,0.17041465879515666,-3.8799162488714525
1,321.0,-0.13205047036810347,0.17030549960533992,-3.882847528146253
1,322.0,-0.13207260955517597,0.17019643405188672,-3.8857776911391677
1,323.0,-0.13209474030805093,0.17008746213479708,-3.888706737850197
1,324.0,-0.1321168626267284,0.16997858385407097,-3.891634668279345
1,325.0,-0.13213897651120834,0.1698697992097084,-3.8945614824266093
1,326.0,-0.13216108196149076,0.1697611082017094,-3.8974871802919893
1,327.0,-0.13218317897757564,0.1696525108300739,-3.900411761875483
1,328.0,-0.13220526755946302,0.16954400709480197,-3.9033352271770947
1,329.0,-0.13222734770715286,0.16943559699589356,-3.906257576196822
1,330.0,-0.1322494194206452,0.1693272805333487,-3.9091788089346666
1,331.0,-0.13227148269994,0.1692190577071674,-3.9120989253906253
1,332.0,-0.13229353973091268,0.1691109276173644,-3.915018214869416
1,333.0,-0.13231558671240848,0.16900289016432132,-3.917936174281065
1,334.0,-0.1323376216212601,0.16889494579188705,-3.920852535855579
1,335.0,-0.1323596444574675,0.16878709450006152,-3.9237672995929604
1,336.0,-0.13238165522103076,0.1686793362888448,-3.926680465493208
1,337.0,-0.13240365391194986,0.16857167115823685,-3.9295920335563297
1,338.0,-0.13242564053022474,0.1684640991082377,-3.9325020037823077
1,339.0,-0.13244761507585548,0.1683566201388473,-3.9354103761711605
1,340.0,-0.132469577548842,0.16824923425006574,-3.938317150722877
1,341.0,-0.13249152794918437,0.16814194144189293,-3.941222327437461
1,342.0,-0.13251346627688254,0.16803474171432892,-3.944125906314911
1,343.0,-0.13253539253193655,0.16792763506737365,-3.9470278873552305
1,344.0,-0.13255730671434637,0.16782062150102722,-3.9499282705584147
1,345.0,-0.13257920882411203,0.16771370101528954,-3.9528270559244683
1,346.0,-0.1326011000255996,0.16760687284388268,-3.955724397559427
1,347.0,-0.13262297968081183,0.16750013637546707,-3.9586202110231588
1,348.0,-0.13264484430069975,0.16739349337429596,-3.961514034533478
1,349.0,-0.1326666938852634,0.16728694384036932,-3.9644058680903864
1,350.0,-0.13268852843450277,0.16718048777368716,-3.9672957116938865
1,351.0,-0.13271034794841785,0.1670741251742495,-3.9701835653439788
1,352.0,-0.13273215242700864,0.1669678560420563,-3.973069429040658
1,353.0,-0.13275394187027514,0.16686168037710758,-3.9759533027839273
1,354.0,-0.13277571627821738,0.16675559817940333,-3.97883518657379
1,355.0,-0.13279747565083533,0.16664960944894355,-3.981715080410241
1,356.0,-0.13281921998812898,0.16654371418572828,-3.984592984293282
1,357.0,-0.13284094929009838,0.16643791238975747,-3.9874688982229167
1,358.0,-0.13286266355674348,0.16633220406103114,-3.9903428221991413
1,359.0,-0.1328843627880643,0.1662265891995493,-3.993214756221954
1,360.0,-0.13290604698406083,0.1661210678053119,-3.9960847002913598
1,361.0,-0.13292771682662927,0.16601563920177084,-3.998952744657595
1,362.0,-0.13294937286745792,0.16591030210083926,-4.001818962337648
1,363.0,-0.13297101149578147,0.1658050595950209,-4.004682875439941
1,364.0,-0.13299263271159995,0.16569991168431578,-4.007544483964485
1,365.0,-0.1330142365149133,0.1655948583687239,-4.010403787911266
1,366.0,-0.13303582290572155,0.16548989964824526,-4.013260787280296
1,367.0,-0.1330573918840247,0.16538503552287986,-4.016115482071571
1,368.0,-0.1330789434498228,0.16528026599262768,-4.018967872285091
1,369.0,-0.13310047760311577,0.16517559105748877,-4.021817957920855
1,370.0,-0.13312199434390365,0.16507101071746308,-4.0246657389788645
1,371.0,-0.13314349367218642,0.16496652497255063,-4.027511215459116
1,372.0,-0.1331649755879641,0.16486213382275142,-4.030354387361616
1,373.0,-0.13318644009123667,0.16475783726806545,-4.033195254686355
1,374.0,-0.13320788718200416,0.16465363530849272,-4.036033817433341
1,375.0,-0.13322931686026657,0.1645495279440332,-4.038870075602576
1,376.0,-0.13325072912602384,0.16444551517468697,-4.04170402919405
1,377.0,-0.13327212495960636,0.16434159562657027,-4.044535807956327
1,378.0,-0.1332935038709059,0.1642377693252933,-4.047365347022673
1,379.0,-0.13331486348713825,0.16413403928271322,-4.050192332350631
1,380.0,-0.13333620380830344,0.16403040549883008,-4.053016763940209
1,381.0,-0.13335752483440144,0.16392686797364384,-4.055838641791404
1,382.0,-0.13337882656543226,0.16382342670715452,-4.0586579659042155
1,383.0,-0.13340010900139587,0.1637200816993621,-4.061474736278638
1,384.0,-0.13342137214229233,0.16361683295026663,-4.064288952914683
1,385.0,-0.13344261598812157,0.16351368045986805,-4.067100615812339
1,386.0,-0.13346384053888366,0.1634106242281664,-4.069909724971616
1,387.0,-0.13348504579457854,0.16330766425516166,-4.072716280392506
1,388.0,-0.13350623175520626,0.16320480054085384,-4.075520282075017
1,389.0,-0.13352739842076677,0.16310203308524293,-4.07832173001914
1,390.0,-0.13354854579126013,0.16299936188832895,-4.081120624224883
1,391.0,-0.13356967386668628,0.1628967869501119,-4.083916964692239
1,392.0,-0.13359078264704527,0.16279430827059171,-4.086710751421216
1,393.0,-0.13361187213233705,0.1626919258497685,-4.089501984411806
1,394.0,-0.13363294407261478,0.16258963640359217,-4.09229089528683
1,395.0,-0.13365399554698765,0.16248744469200996,-4.095077097460906
1,396.0,-0.13367502625073213,0.1623853512438769,-4.097860550603302
1,397.0,-0.1336960361838483,0.162283356059193,-4.100641254714025
1,398.0,-0.13371702534633612,0.16218145913795826,-4.103419209793075
1,399.0,-0.13373799373819562,0.16207966048017267,-4.106194415840453
1,400.0,-0.13375894135942676,0.16197796008583623,-4.108966872856156
1,401.0,-0.13377986821002955,0.16187635795494895,-4.111736580840182
1,402.0,-0.133800774290004,0.16177485408751083,-4.114503539792534
1,403.0,-0.13382165959935013,0.1616734484835219,-4.117267749713214
1,404.0,-0.1338425241380679,0.1615721411429821,-4.120029210602218
1,405.0,-0.13386336790615735,0.16147093206589144,-4.122787922459549
1,406.0,-0.13388419090361847,0.16136982125224997,-4.12554388528521
1,407.0,-0.13390499313045123,0.16126880870205765,-4.128297099079194
1,408.0,-0.13392577458665564,0.16116789441531448,-4.131047563841499
1,409.0,-0.13394653527223174,0.16106707839202047,-4.133795279572137
1,410.0,-0.1339672751871795,0.16096636063217565,-4.136540246271099
1,411.0,-0.13398799588392954,0.16086573768421225,-4.139282669405495
1,412.0,-0.13400869487088363,0.16076521472908328,-4.14202221920762
1,413.0,-0.13402937193943742,0.160664792213409,-4.1447588680683
1,414.0,-0.13405002708959096,0.1605644701371895,-4.147492615987535
1,415.0,-0.13407066032134418,0.16046424850042468,-4.150223462965318
1,416.0,-0.13409127163469714,0.16036412730311464,-4.152951409001658
1,417.0,-0.13411186102964978,0.1602641065452593,-4.155676454096547
1,418.0,-0.13413242850620216,0.16016418622685868,-4.158398598249991
1,419.0,-0.13415297406435425,0.16006436634791282,-4.161117841461987
1,420.0,-0.13417349770410605,0.1599646469084217,-4.163834183732538
1,421.0,-0.13419399942545757,0.15986502790838528,-4.166547625061639
1,422.0,-0.1342144792284088,0.15976550934780362,-4.169258165449294
1,423.0,-0.13423493711295975,0.15966609122667666,-4.171965804895506
1,424.0,-0.1342553730791104,0.15956677354500445,-4.174670543400266
1,425.0,-0.13427578712686075,0.15946755630278697,-4.177372380963578
1,426.0,-0.13429617925621085,0.15936843950002422,-4.180071317585448
1,427.0,-0.13431654946716065,0.15926942313671621,-4.182767353265868
1,428.0,-0.13433689862439366,0.15917050502546382,-4.185460602447327
1,429.0,-0.1343572259862083,0.15907168701607735,-4.188150966964226
1,430.0,-0.13437753054268697,0.15897297165500132,-4.190838313152075
1,431.0,-0.13439781229382963,0.15887435894223564,-4.193522641010866
1,432.0,-0.13441807123963628,0.15877584887778037,-4.196203950540603
1,433.0,-0.13443830738010695,0.1586774414616355,-4.198882241741287
1,434.0,-0.13445852071524161,0.158579136693801,-4.201557514612915
1,435.0,-0.1344787112450403,0.15848093457427692,-4.204229769155492
1,436.0,-0.13449887896950297,0.1583828351030632,-4.206899005369011
1,437.0,-0.13451902388862963,0.1582848382801599,-4.209565223253477
1,438.0,-0.1345391460024203,0.15818694410556697,-4.212228422808888
1,439.0,-0.134559245310875,0.15808915257928444,-4.214888604035246
1,440.0,-0.13457932181399365,0.15799146370131228,-4.217545766932546
1,441.0,-0.13459937551177634,0.15789387747165054,-4.220199911500796
1,442.0,-0.13461940640422304,0.15779639389029917,-4.222851037739991
1,443.0,-0.1346394144913337,0.15769901295725822,-4.2254991456501285
1,444.0,-0.1346593997731084,0.15760173467252764,-4.2281442352312135
1,445.0,-0.1346793622495471,0.15750455903610744,-4.230786306483246
1,446.0,-0.13469930299796012,0.15740748302041255,-4.233425501990269
1,447.0,-0.1347192205830983,0.15731051086242884,-4.236061631794355
1,448.0,-0.13473911468314545,0.15721364348820596,-4.238694653302537
1,449.0,-0.1347589852981016,0.15711688089774392,-4.24132456651481
1,450.0,-0.13477883242796676,0.1570202230910427,-4.243951371431179
1,451.0,-0.1347986560727409,0.1569236700681023,-4.2465750680516425
1,452.0,-0.13481845623242406,0.1568272218289227,-4.249195656376197
1,453.0,-0.1348382329070162,0.15673087837350394,-4.251813136404847
1,454.0,-0.13485798609651733,0.156634639701846,-4.25442750813759
1,455.0,-0.13487771580092747,0.15653850581394887,-4.257038771574427
1,456.0,-0.1348974220202466,0.15644247670981257,-4.259646926715359
1,457.0,-0.13491710475447474,0.1563465523894371,-4.262251973560384
1,458.0,-0.13493676400361185,0.15625073285282243,-4.264853912109501
1,459.0,-0.13495639976765797,0.1561550180999686,-4.267452742362715
1,460.0,-0.1349760120466131,0.1560594081308756,-4.270048464320024
1,461.0,-0.1349956008404772,0.15596390294554338,-4.2726410779814215
1,462.0,-0.13501516614925033,0.15586850254397203,-4.275230583346918
1,463.0,-0.13503470797293243,0.15577320692616148,-4.277816980416506
1,464.0,-0.13505422727610336,0.15567801316688404,-4.280400396854137
1,465.0,-0.13507372280879823,0.15558292544830177,-4.282980667224617
1,466.0,-0.13509319434252542,0.1554879444979083,-4.285557761286646
1,467.0,-0.13511264187728494,0.15539307031570357,-4.288131679040228
1,468.0,-0.1351320654130768,0.15529830290168767,-4.29070242048536
1,469.0,-0.13515146494990093,0.15520364225586053,-4.293269985622041
1,470.0,-0.13517084048775743,0.15510908837822218,-4.295834374450276
1,471.0,-0.13519019202664626,0.15501464126877262,-4.298395586970062
1,472.0,-0.13520951956656738,0.15492030092751186,-4.300953623181397
1,473.0,-0.13522882310752082,0.15482606735443985,-4.303508483084282
1,474.0,-0.13524810264950662,0.15473194054955666,-4.306060166678721
1,475.0,-0.13526735819252472,0.15463792051286224,-4.308608673964709
1,476.0,-0.13528658973657515,0.1545440072443566,-4.311154004942248
1,477.0,-0.1353057972816579,0.15445020074403976,-4.313696159611339
1,478.0,-0.13532498082777297,0.1543565010119117,-4.3162351379719786
1,479.0,-0.13534414037492035,0.1542629080479724,-4.3187709400241685
1,480.0,-0.13536327592310007,0.1541694218522219,-4.321303565767912
1,481.0,-0.13538238747231213,0.15407604242466022,-4.323833015203207
1,482.0,-0.13540147570846797,0.15398276753384843,-4.326359379111724
1,483.0,-0.13542053997761197,0.15388959976183825,-4.3288825709412055
1,484.0,-0.13543957986877284,0.15379654053744835,-4.331402536298832
1,485.0,-0.13545859538195057,0.15370358986067872,-4.3339192751846
1,486.0,-0.1354775865171452,0.1536107477315294,-4.336432787598516
1,487.0,-0.1354965532743567,0.15351801415000038,-4.338943073540576
1,488.0,-0.1355154956535851,0.15342538911609166,-4.341450133010784
1,489.0,-0.13553441365483035,0.1533328726298032,-4.343953966009133
1,490.0,-0.1355533072780925,0.15324046469113503,-4.34645457253563
1,491.0,-0.13557217652337153,0.15314816530008715,-4.348951952590273
1,492.0,-0.13559102139066742,0.15305597445665958,-4.351446106173055
1,493.0,-0.1356098418799802,0.1529638921608523,-4.353937033283987
1,494.0,-0.13562863799130986,0.1528719184126653,-4.3564247339230615
1,495.0,-0.1356474097246564,0.15278005321209856,-4.358909208090281
1,496.0,-0.1356661570800198,0.15268829655915214,-4.361390455785647
1,497.0,-0.13568488005740012,0.152596648453826,-4.363868477009159
1,498.0,-0.1357035786567973,0.15250510889612018,-4.366343271760814
1,499.0,-0.13572225287821135,0.1524136778860346,-4.368814840040615
1,500.0,-0.13574090302652506,0.15232235435456828,-4.371283222200366
1,501.0,-0.13575952924832682,0.15223113818725664,-4.373748437641326
1,502.0,-0.1357781308250022,0.15214003210656132,-4.3762103912535135
1,503.0,-0.13579670775655112,0.1520490361124823,-4.378669083036922
1,504.0,-0.13581526004297362,0.1519581502050196,-4.381124512991563
1,505.0,-0.1358337876842697,0.15186737438417322,-4.383576681117429
1,506.0,-0.13585229068043936,0.15177670864994317,-4.386025587414522
1,507.0,-0.13587076903148257,0.15168615300232943,-4.388471231882839
1,508.0,-0.13588922273739934,0.15159570744133202,-4.390913614522382
1,509.0,-0.1359076517981897,0.15150537196695094,-4.393352735333151
1,510.0,-0.13592605621385362,0.15141514657918614,-4.395788594315148
1,511.0,-0.13594443598439113,0.1513250312780377,-4.398221191468372
1,512.0,-0.1359627911098022,0.15123502606350556,-4.400650526792822
1,513.0,-0.13598112159008685,0.15114513093558973,-4.4030766002885
1,514.0,-0.13599942742524504,0.15105534589429023,-4.4054994119554
1,515.0,-0.13601770861527682,0.15096567093960706,-4.407918961793526
1,516.0,-0.13603596516018218,0.1508761060715402,-4.410335249802884
1,517.0,-0.1360541970599611,0.15078665129008964,-4.412748275983464
1,518.0,-0.1360724043146136,0.15069730659525543,-4.415158040335272
1,519.0,-0.1360905875599986,0.15060806982981575,-4.417564627015429
1,520.0,-0.13610874610608104,0.15051894397800078,-4.419967944696503
1,521.0,-0.13612687983472643,0.15042992949001377,-4.422367977743168
1,522.0,-0.1361449887459348,0.1503410263658547,-4.424764726155429
1,523.0,-0.13616307283970613,0.15025223460552353,-4.427158189933281
1,524.0,-0.13618113211604047,0.15016355420902033,-4.429548369076733
1,525.0,-0.13619916657493772,0.15007498517634504,-4.431935263585773
1,526.0,-0.13621717621639798,0.14998652750749772,-4.4343188734604135
1,527.0,-0.13623516104042116,0.14989818120247833,-4.436699198700642
1,528.0,-0.13625312104700735,0.14980994626128685,-4.4390762393064715
1,529.0,-0.13627105623615648,0.14972182268392334,-4.441449995277889
1,530.0,-0.1362889666078686,0.14963381047038776,-4.4438204666149055
1,531.0,-0.13630685216214367,0.14954590962068012,-4.446187653317513
1,532.0,-0.1363247128989817,0.1494581201348004,-4.4485515553857145
1,533.0,-0.1363425488183827,0.14937044201274863,-4.450912172819511
1,534.0,-0.13636035992034667,0.1492828752545248,-4.453269505618902
1,535.0,-0.13637814620487362,0.1491954198601289,-4.45562355378389
1,536.0,-0.13639590767196352,0.14910807582956093,-4.457974317314467
1,537.0,-0.13641364450486929,0.14902084248072625,-4.460321820464505
1,538.0,-0.1364313569363044,0.14893371937503874,-4.46266609403407
1,539.0,-0.13644904446007264,0.1488467086377099,-4.4650070710271414
1,540.0,-0.13646670707617398,0.14875981026873977,-4.467344751443712
1,541.0,-0.13648434478460847,0.1486730242681283,-4.4696791352837915
1,542.0,-0.13650195758537606,0.14858635063587552,-4.472010222547375
1,543.0,-0.13651954547847678,0.14849978937198144,-4.474338013234463
1,544.0,-0.13653710846391062,0.14841334047644603,-4.476662507345054
1,545.0,-0.1365546465416776,0.14832700394926931,-4.478983704879154
1,546.0,-0.13657215971177766,0.14824077979045128,-4.481301605836754
1,547.0,-0.13658964797421086,0.1481546679999919,-4.483616210217862
1,548.0,-0.13660711132897718,0.14806866857789125,-4.485927518022472
1,549.0,-0.13662454977607663,0.14798278152414926,-4.488235529250589
1,550.0,-0.1366419633155092,0.14789700683876597,-4.4905402439022115
1,551.0,-0.1366593519472749,0.14781134452174136,-4.492841661977337
1,552.0,-0.1366767156713737,0.14772579457307544,-4.495139783475968
1,553.0,-0.13669405448780564,0.1476403569927682,-4.497434608398103
1,554.0,-0.1367113683965707,0.14755503178081963,-4.499726136743742
1,555.0,-0.13672865739766887,0.14746981893722977,-4.502014368512888
1,556.0,-0.13674592181405268,0.14738471731786545,-4.504299346448908
1,557.0,-0.13676316151605833,0.14729972791710189,-4.50658105339056
1,558.0,-0.13678037629249856,0.14721485161329015,-4.508859461386811
1,559.0,-0.13679756614337346,0.1471300884064303,-4.51113457043767
1,560.0,-0.13681473106868294,0.1470454382965223,-4.513406380543131
1,561.0,-0.13683187106842706,0.14696090128356618,-4.515674891703199
1,562.0,-0.13684898614260582,0.14687647736756193,-4.517940103917873
1,563.0,-0.1368660762912192,0.14679216654850955,-4.5202020171871515
1,564.0,-0.13688314151426717,0.14670796882640902,-4.522460631511032
1,565.0,-0.1369001818117498,0.14662388420126035,-4.524715946889521
1,566.0,-0.13691719718366702,0.14653991267306357,-4.52696796332261
1,567.0,-0.13693418763001888,0.14645605424181865,-4.529216680810308
1,568.0,-0.13695115315080536,0.1463723089075256,-4.531462099352608
1,569.0,-0.13696809374602645,0.14628867667018441,-4.533704218949513
1,570.0,-0.13698500941568217,0.14620515752979507,-4.535943039601023
1,571.0,-0.13700190015977254,0.14612175148635762,-4.5381785613071415
1,572.0,-0.1370187659782975,0.14603845853987205,-4.540410784067862
1,573.0,-0.1370356068712571,0.1459552786903383,-4.542639707883187
1,574.0,-0.13705242283865132,0.14587221193775646,-4.544865332753116
1,575.0,-0.13706921425193727,0.14578925705874596,-4.547087707840698
1,576.0,-0.1370859808446549,0.1457064154965273,-4.549306797879441
1,577.0,-0.13710272255857325,0.14562368748616267,-4.551522595162372
1,578.0,-0.13711943939369234,0.14554107302765212,-4.55373509968949
1,579.0,-0.13713613135001218,0.14545857212099567,-4.555944311460797
1,580.0,-0.13715279842753275,0.14537618476619327,-4.558150230476291
1,581.0,-0.13716944062625405,0.1452939109632449,-4.560352856735974
1,582.0,-0.1371860579461761,0.14521175071215064,-4.5625521902398445
1,583.0,-0.1372026503872989,0.14512970401291042,-4.564748230987903
1,584.0,-0.13721921794962244,0.14504777086552428,-4.566940978980152
1,585.0,-0.13723576063314671,0.1449659512699922,-4.569130434216588
1,586.0,-0.13725227843787172,0.14488424522631418,-4.571316596697211
1,587.0,-0.13726877136379748,0.14480265273449025,-4.5734994664220245
1,588.0,-0.13728523941092396,0.14472117379452037,-4.575679043391026
1,589.0,-0.1373016825792512,0.14463980840640456,-4.577855327604216
1,590.0,-0.13731810086877919,0.1445585565701428,-4.580028319061595
1,591.0,-0.1373344942795079,0.14447741828573513,-4.582198017763157
1,592.0,-0.13735086281143735,0.1443963935531815,-4.584364423708914
1,593.0,-0.13736720647492898,0.14431548233292407,-4.586527538270211
1,594.0,-0.13738352560418632,0.14423468365367834,-4.5886874056795195
1,595.0,-0.13739981995983117,0.14415399871366819,-4.590843994254679
1,596.0,-0.13741608954186355,0.1440734275128936,-4.592997303995699
1,597.0,-0.13743233435028346,0.14399297005135453,-4.595147334902578
1,598.0,-0.13744855438509088,0.14391262632905105,-4.597294086975309
1,599.0,-0.13746474964628583,0.14383239634598313,-4.599437560213898
1,600.0,-0.13748092013386828,0.14375228010215074,-4.601577754618342
1,601.0,-0.13749706584783827,0.14367227759755394,-4.603714670188643
1,602.0,-0.13751318678819577,0.1435923888321927,-4.6058483069248
1,603.0,-0.13752928295494082,0.143512613806067,-4.607978664826816
1,604.0,-0.13754535434807336,0.14343295251917687,-4.610105743894685
1,605.0,-0.13756140096759345,0.14335340497152227,-4.612229544128415
1,606.0,-0.13757742281350105,0.14327397116310325,-4.614350065527999
1,607.0,-0.13759341988579615,0.1431946510939198,-4.616467308093435
1,608.0,-0.1376093921844788,0.1431154447639719,-4.618581271824731
1,609.0,-0.13762533970954896,0.14303635217325955,-4.620691956721887
1,610.0,-0.13764126246100664,0.14295737332178277,-4.622799362784896
1,611.0,-0.13765716043885184,0.14287850820954157,-4.624903490013762
1,612.0,-0.1376730336721543,0.14279975673671458,-4.627004342255916
1,613.0,-0.13768888239675714,0.1427211183634539,-4.629101950725642
1,614.0,-0.1377047065060889,0.14264259365821824,-4.631196301318006
1,615.0,-0.13772050600014957,0.14256418262100756,-4.633287394033007
1,616.0,-0.13773628087893916,0.1424858852518219,-4.635375228870648
1,617.0,-0.13775203114245768,0.14240770155066124,-4.637459805830925
1,618.0,-0.1377677567907051,0.14232963151752556,-4.63954112491384
1,619.0,-0.13778345782368145,0.14225167515241488,-4.6416191861193905
1,620.0,-0.13779913424138673,0.1421738324553292,-4.643693989447583
1,621.0,-0.1378147860438209,0.1420961034262685,-4.645765534898411
1,622.0,-0.13783041323098402,0.14201848806523282,-4.647833822471877
1,623.0,-0.13784601580287606,0.14194098637222213,-4.649898852167981
1,624.0,-0.137861593759497,0.14186359834723644,-4.651960623986722
1,625.0,-0.13787714710084686,0.14178632399027574,-4.654019137928101
1,626.0,-0.13789267582692566,0.14170916330134006,-4.656074393992119
1,627.0,-0.13790817993773336,0.14163211628042935,-4.658126392178773
1,628.0,-0.13792365943326998,0.14155518292754365,-4.660175132488067
1,629.0,-0.13793911431353553,0.14147836324268295,-4.662220614919997
1,630.0,-0.13795454457853,0.14140165722584724,-4.664262839474564
1,631.0,-0.1379699502489363,0.14132506482465676,-4.6663018088891945
1,632.0,-0.13798533151782275,0.1412485856716263,-4.668337548716838
1,633.0,-0.13800068837833948,0.14117221986765646,-4.6703700580509055
1,634.0,-0.13801602083048653,0.14109596741274735,-4.672399336891397
1,635.0,-0.1380313288742639,0.1410198283068989,-4.674425385238314
1,636.0,-0.13804661250967154,0.14094380255011116,-4.676448203091655
1,637.0,-0.13806187173670947,0.1408678901423841,-4.678467790451418
1,638.0,-0.13807710655537772,0.1407920910837177,-4.680484147317605
1,639.0,-0.13809231696567628,0.14071640537411204,-4.682497273690221
1,640.0,-0.13810750296760513,0.140640833013567,-4.684507169569256
1,641.0,-0.1381226645611643,0.1405653740020827,-4.6865138349547175
1,642.0,-0.13813780174635373,0.14049002833965904,-4.688517269846604
1,643.0,-0.1381529145231735,0.14041479602629608,-4.690517474244914
1,644.0,-0.13816800289162354,0.14033967706199382,-4.692514448149646
1,645.0,-0.1381830668517039,0.14026467144675225,-4.6945081915608045
1,646.0,-0.13819810640341454,0.14018977918057135,-4.696498704478386
1,647.0,-0.1382131215467555,0.14011500026345114,-4.698485986902393
1,648.0,-0.13822811228172674,0.1400403346953916,-4.700470038832822
1,649.0,-0.1382430786083283,0.13996578247639277,-4.702450860269678
1,650.0,-0.1382580205297459,0.13989134362617595,-4.704428451634596
1,651.0,-0.1382729382052969,0.13981701790646936,-4.706402834013529
1,652.0,-0.13828783172381845,0.13974280498123165,-4.708374019164242
1,653.0,-0.13830270108531056,0.13966870485046287,-4.710342007086734
1,654.0,-0.13831754628977322,0.139594717514163,-4.712306797781003
1,655.0,-0.1383323673372064,0.13952084297233205,-4.714268391247047
1,656.0,-0.13834716422761018,0.13944708122497002,-4.716226787484873
1,657.0,-0.13836193696098448,0.13937343227207688,-4.718181986494476
1,658.0,-0.13837668553732932,0.13929989611365265,-4.720133988275856
1,659.0,-0.13839140995664473,0.13922647274969732,-4.722082792829019
1,660.0,-0.13840611021893068,0.13915316218021093,-4.724028400153957
1,661.0,-0.13842078632418717,0.13907996440519343,-4.725970810250672
1,662.0,-0.13843543827241422,0.13900687942464485,-4.727910023119167
1,663.0,-0.13845006606361182,0.1389339072385652,-4.729846038759439
1,664.0,-0.13846466969777996,0.13886104784695444,-4.731778857171489
1,665.0,-0.13847924917491863,0.1387883012498126,-4.7337084783553145
1,666.0,-0.13849380449502788,0.13871566744713965,-4.735634902310922
1,667.0,-0.1385083356581077,0.13864314643893563,-4.73755812903831
1,668.0,-0.138522842664158,0.13857073822520052,-4.73947815853747
1,669.0,-0.13853732550794898,0.138498442842587,-4.741394990116222
1,670.0,-0.13855178427841094,0.1384262603452986,-4.743308635544663
1,671.0,-0.1385662191838421,0.13835418986522033,-4.745219122391451
1,672.0,-0.13858063022424238,0.13828223140235224,-4.7471264506565785
1,673.0,-0.13859501739961186,0.1382103849566943,-4.749030620340054
1,674.0,-0.1386093807099505,0.1381386505282465,-4.75093163144187
1,675.0,-0.13862372015525826,0.13806702811700886,-4.752829483962024
1,676.0,-0.1386380357355352,0.13799551772298138,-4.754724177900525
1,677.0,-0.1386523274507813,0.13792411934616403,-4.756615713257369
1,678.0,-0.13866659530099656,0.13785283298655684,-4.758504090032555
1,679.0,-0.13868083928618097,0.13778165864415984,-4.760389308226082
1,680.0,-0.13869505940633456,0.13771059631897295,-4.762271367837954
1,681.0,-0.13870925566145728,0.13763964601099624,-4.764150268868167
1,682.0,-0.1387234280515492,0.13756880772022967,-4.766026011316723
1,683.0,-0.13873757657661023,0.13749808144667325,-4.76789859518362
1,684.0,-0.13875170123664046,0.137427467190327,-4.769768020468866
1,685.0,-0.13876580203163982,0.1373569649511909,-4.771634287172449
1,686.0,-0.13877987896160837,0.13728657472926495,-4.773497395294378
1,687.0,-0.13879393202654605,0.13721629652454914,-4.775357344834646
1,688.0,-0.1388079612264529,0.1371461303370435,-4.777214135793258
1,689.0,-0.13882196654337017,0.1370760766218187,-4.779067765793342
1,690.0,-0.1388359483065437,0.13700613403381434,-4.780918278411199
1,691.0,-0.13884990653382098,0.13693630247655458,-4.7827656760089825
1,692.0,-0.13886384122520207,0.13686658195003942,-4.784609958586695
1,693.0,-0.13887775238068692,0.13679697245426886,-4.786451126144333
1,694.0,-0.13889164000027554,0.1367274739892429,-4.788289178681899
1,695.0,-0.13890550408396798,0.13665808655496156,-4.790124116199398
1,696.0,-0.13891934463176417,0.1365888101514248,-4.7919559386968205
1,697.0,-0.13893316164366418,0.13651964477863263,-4.7937846461741795
1,698.0,-0.13894695511966793,0.13645059043658508,-4.795610238631456
1,699.0,-0.1389607250597755,0.13638164712528214,-4.79743271606867
1,700.0,-0.13897447146398684,0.13631281484472377,-4.799252078485808
1,701.0,-0.13898819433230195,0.13624409359491002,-4.801068325882872
1,702.0,-0.13900189366472085,0.13617548337584087,-4.802881458259869
1,703.0,-0.13901556946124352,0.13610698418751632,-4.8046914756167896
1,704.0,-0.13902922172187,0.13603859602993637,-4.806498377953641
1,705.0,-0.13904285044660025,0.13597031890310102,-4.808302165270423
1,706.0,-0.13905645563543428,0.1359021528070103,-4.810102837567131
1,707.0,-0.13907003728837208,0.13583409774166413,-4.811900394843766
1,708.0,-0.13908359532317233,0.13576615431537054,-4.813694826215533
1,709.0,-0.13909713008215893,0.13569832124573555,-4.815486176989649
1,710.0,-0.1391106416682014,0.1356305980248856,-4.817274460781077
1,711.0,-0.13912413008129967,0.13556298465282074,-4.819059677589822
1,712.0,-0.13913759532145384,0.1354954811295409,-4.820841827415887
1,713.0,-0.13915103738866383,0.13542808745504611,-4.82262091025926
1,714.0,-0.13916445628292964,0.13536080362933636,-4.8243969261199515
1,715.0,-0.13917785200425134,0.13529362965241165,-4.826169874997959
1,716.0,-0.13919122455262886,0.135226565524272,-4.827939756893283
1,717.0,-0.13920457392806224,0.1351596112449174,-4.829706571805922
1,718.0,-0.13921790013055146,0.13509276681434784,-4.831470319735878
1,719.0,-0.13923120316009652,0.13502603223256335,-4.833231000683144
1,720.0,-0.13924448301669745,0.1349594074995639,-4.834988614647735
1,721.0,-0.13925773970035418,0.13489289261534948,-4.836743161629631
1,722.0,-0.1392709732110668,0.1348264875799201,-4.838494641628851
1,723.0,-0.13928418354883526,0.13476019239327577,-4.840243054645383
1,724.0,-0.13929737071365955,0.1346940070554165,-4.841988400679232
1,725.0,-0.1393105347055397,0.13462793156634228,-4.843730679730396
1,726.0,-0.13932367552447567,0.1345619659260531,-4.8454698917988726
1,727.0,-0.13933679308565144,0.13449611061907926,-4.847206025659106
1,728.0,-0.13934988757530603,0.13443036517554546,-4.848939105960172
1,729.0,-0.1393629592856388,0.13436472821712403,-4.850669171375211
1,730.0,-0.13937600821664975,0.13429919974381496,-4.852396221904218
1,731.0,-0.13938903436833883,0.13423377975561826,-4.8541202575471925
1,732.0,-0.1394020377407061,0.13416846825253392,-4.855841278304134
1,733.0,-0.1394150183337515,0.13410326523456195,-4.857559284175046
1,734.0,-0.1394279761474751,0.13403817070170235,-4.859274275159928
1,735.0,-0.13944091118187685,0.1339731846539551,-4.86098625125878
1,736.0,-0.13945382343695675,0.1339083070913202,-4.862695212471595
1,737.0,-0.13946671291271484,0.1338435380137977,-4.864401158798384
1,738.0,-0.13947957960915108,0.13377887742138753,-4.866104090239143
1,739.0,-0.13949242352626548,0.13371432531408975,-4.867804006793865
1,740.0,-0.13950524466405803,0.1336498816919043,-4.869500908462556
1,741.0,-0.13951804302252876,0.13358554655483124,-4.871194795245218
1,742.0,-0.13953081860167768,0.13352131990287053,-4.872885667141854
1,743.0,-0.13954357140150472,0.13345720173602219,-4.874573524152448
1,744.0,-0.13955630142200995,0.1333931920542862,-4.876258366277018
1,745.0,-0.13956900866319333,0.1333292908576626,-4.8779401935155535
1,746.0,-0.1395816931250549,0.13326549814615135,-4.8796190058680615
1,747.0,-0.13959435463574524,0.1332018150891006,-4.8812947805899505
1,748.0,-0.13960699376291752,0.13313823911579906,-4.882967592811181
1,749.0,-0.13961961053206368,0.1330747700959343,-4.884637445905657
1,750.0,-0.1396322049431837,0.1330114080295063,-4.886304339873381
1,751.0,-0.13964477699627767,0.1329481529165151,-4.88796827471436
1,752.0,-0.1396573266913455,0.13288500475696066,-4.889629250428585
1,753.0,-0.13966985402838725,0.132821963550843,-4.891287267016064
1,754.0,-0.1396823590074029,0.1327590292981621,-4.892942324476793
1,755.0,-0.1396948416283924,0.132696201998918,-4.894594422810767
1,756.0,-0.13970730189135586,0.13263348165311067,-4.896243562017999
1,757.0,-0.13971973979629318,0.1325708682607401,-4.897889742098479
1,758.0,-0.13973215534320438,0.1325083618218063,-4.899532963052204
1,759.0,-0.1397445485320895,0.1324459623363093,-4.901173224879185
1,760.0,-0.1397569193629485,0.13238366980424907,-4.902810527579413
1,761.0,-0.13976926783578142,0.1323214842256256,-4.904444871152892
1,762.0,-0.1397815939505882,0.1322594056004389,-4.906076255599617
1,763.0,-0.1397938977073689,0.13219743392868896,-4.9077046809196
1,764.0,-0.1398061791061235,0.13213556921037584,-4.909330147112828
1,765.0,-0.139818438146852,0.13207381144549946,-4.91095265417931
1,766.0,-0.1398306746794968,0.13201216146024966,-4.912572182258637
1,767.0,-0.13984288897969943,0.13195061828966537,-4.914188767832484
1,768.0,-0.13985508136798644,0.1318891803863743,-4.91580245332314
1,769.0,-0.1398672518443579,0.1318278477503764,-4.917413238730619
1,770.0,-0.13987940040881378,0.1317666203816717,-4.919021124054912
1,771.0,-0.13989152706135405,0.1317054982802602,-4.920626109296015
1,772.0,-0.13990363180197876,0.1316444814461419,-4.922228194453943
1,773.0,-0.1399157146306879,0.13158356987931683,-4.923827379528681
1,774.0,-0.13992777554748145,0.13152276357978493,-4.925423664520238
1,775.0,-0.13993981455235943,0.13146206254754622,-4.927017049428612
1,776.0,-0.13995183164532182,0.1314014667826007,-4.928607534253799
1,777.0,-0.13996382682636865,0.1313409762849484,-4.9301951189958055
1,778.0,-0.13997580009549987,0.1312805910545893,-4.931779803654626
1,779.0,-0.13998775145271555,0.13122031109152338,-4.933361588230266
1,780.0,-0.13999968089801562,0.1311601363957507,-4.934940472722718
1,781.0,-0.14001158843140013,0.13110006696727117,-4.9365164571319875
1,782.0,-0.14002347405286905,0.13104010280608486,-4.938089541458072
1,783.0,-0.14003533776242238,0.13098024391219174,-4.939659725700974
1,784.0,-0.14004717956006016,0.13092049028559183,-4.941227009860692
1,785.0,-0.14005899944578235,0.1308608419262851,-4.9427913939372266
1,786.0,-0.14007079716667795,0.1308013003214789,-4.944352844457329
1,787.0,-0.1400825733557442,0.13074186259875717,-4.945911445199377
1,788.0,-0.14009432810109182,0.13068252831599655,-4.947467207824984
1,789.0,-0.14010606140272086,0.13062329747319704,-4.949020132334159
1,790.0,-0.1401177732606313,0.13056417007035861,-4.950570218726902
1,791.0,-0.1401294636748231,0.13050514610748132,-4.952117467003206
1,792.0,-0.14014113264529632,0.1304462255845651,-4.953661877163076
1,793.0,-0.14015278017205093,0.13038740850161,-4.95520344920651
1,794.0,-0.14016440625508694,0.130328694858616,-4.956742183133511
1,795.0,-0.14017601089440435,0.13027008465558312,-4.958278078944074
1,796.0,-0.14018759409000314,0.13021157789251134,-4.959811136638206
1,797.0,-0.14019915584188333,0.13015317456940068,-4.9613413562159
1,798.0,-0.14021069615004492,0.1300948746862511,-4.962868737677161
1,799.0,-0.1402222150144879,0.13003667824306264,-4.964393281021987
1,800.0,-0.1402337124352123,0.1299785852398353,-4.96591498625038
1,801.0,-0.14024518841221806,0.12992059567656905,-4.967433853362336
1,802.0,-0.14025664294550522,0.1298627095532639,-4.9689498823578555
1,803.0,-0.1402680760350738,0.12980492686991987,-4.9704630732369415
1,804.0,-0.14027948768092374,0.12974724762653694,-4.9719734259995905
1,805.0,-0.14029087781592112,0.12968967216929075,-4.973480931760499
1,806.0,-0.14030224633083838,0.12963220137716602,-4.974985576063195
1,807.0,-0.14031359388971776,0.12957483206944534,-4.976487446794915
1,808.0,-0.14032492049255926,0.12951756424612873,-4.977986543955661
1,809.0,-0.14033622613936286,0.12946039790721614,-4.97948286754543
1,810.0,-0.14034751083012859,0.12940333305270763,-4.980976417564224
1,811.0,-0.1403587745648564,0.12934636968260316,-4.982467194012039
1,812.0,-0.14037001734354637,0.12928950779690276,-4.983955196888883
1,813.0,-0.1403812391661984,0.1292327473956064,-4.985440426194747
1,814.0,-0.1403924400328126,0.1291760884787141,-4.986922881929638
1,815.0,-0.14040361994338887,0.12911953104622584,-4.988402564093549
1,816.0,-0.14041477889792725,0.12906307509814163,-4.989879472686485
1,817.0,-0.14042591689642778,0.12900672063446147,-4.991353607708449
1,818.0,-0.1404370339388904,0.1289504676551854,-4.992824969159433
1,819.0,-0.14044813002531512,0.12889431616031335,-4.994293557039443
1,820.0,-0.14045920515570198,0.12883826614984534,-4.99575937134848
1,821.0,-0.14047025933005092,0.12878231762378142,-4.997222412086534
1,822.0,-0.140481292548362,0.12872647058212153,-4.9986826792536165
1,823.0,-0.14049230481063518,0.12867072502486568,-5.000140172849722
1,824.0,-0.14050329611687049,0.1286150809520139,-5.001594892874853
1,825.0,-0.1405142663064715,0.12855953920353222,-5.0030468180737735
1,826.0,-0.14052521551015104,0.1285040994676576,-5.004495965746565
1,827.0,-0.14053614426247668,0.12844875914500603,-5.005942406644258
1,828.0,-0.14054705256344838,0.12839351823557746,-5.007386140766841
1,829.0,-0.14055794041306616,0.12833837673937193,-5.008827168114319
1,830.0,-0.14056880781133005,0.12828333465638941,-5.0102654886866995
1,831.0,-0.14057965475824,0.1282283919866299,-5.011701102483971
1,832.0,-0.14059048125379603,0.12817354873009343,-5.013134009506136
1,833.0,-0.14060128729799815,0.12811880488677999,-5.014564209753199
1,834.0,-0.14061207289084635,0.12806416045668956,-5.015991703225157
1,835.0,-0.14062283803234063,0.12800961543982214,-5.017416489922008
1,836.0,-0.140633582722481,0.12795516983617777,-5.0188385698437585
1,837.0,-0.14064430696126745,0.12790082364575642,-5.020257942990402
1,838.0,-0.1406550107487,0.12784657686855808,-5.021674609361942
1,839.0,-0.1406656940847786,0.12779242950458275,-5.023088568958378
1,840.0,-0.14067635696950329,0.12773838155383044,-5.024499821779704
1,841.0,-0.14068699940287407,0.12768443301630117,-5.025908367825933
1,842.0,-0.14069762138489095,0.12763058389199491,-5.027314207097054
1,843.0,-0.14070822291555388,0.1275768341809117,-5.0287173395930695
1,844.0,-0.14071880399486292,0.12752318388305148,-5.030117765313983
1,845.0,-0.14072936442283196,0.12746963404543574,-5.031515457791257
1,846.0,-0.14073990440605516,0.12741618395795784,-5.03291044436802
1,847.0,-0.14075042445725108,0.12736283110910143,-5.034302792903533
1,848.0,-0.14076092457641975,0.12730957549886648,-5.035692503397803
1,849.0,-0.14077140476356112,0.127256417127253,-5.037079575850819
1,850.0,-0.14078186501867523,0.127203355994261,-5.038464010262591
1,851.0,-0.14079230534176207,0.12715039209989046,-5.039845806633114
1,852.0,-0.14080272573282163,0.1270975254441414,-5.04122496496239
1,853.0,-0.1408131261918539,0.12704475602701384,-5.042601485250416
1,854.0,-0.14082350671885893,0.12699208384850774,-5.043975367497197
1,855.0,-0.14083386731383665,0.1269395089086231,-5.045346611702726
1,856.0,-0.14084420797678712,0.12688703120735995,-5.046715217867011
1,857.0,-0.14085452870771029,0.12683465074471825,-5.048081185990043
1,858.0,-0.1408648295066062,0.12678236752069805,-5.049444516071831
1,859.0,-0.14087511037347483,0.12673018153529933,-5.0508052081123695
1,860.0,-0.1408853713083162,0.12667809278852205,-5.052163262111658
1,861.0,-0.1408956123111303,0.12662610128036628,-5.053518678069706
1,862.0,-0.1409058333819171,0.12657420701083197,-5.054871455986499
1,863.0,-0.14091603452067664,0.12652240997991912,-5.056221595862048
1,864.0,-0.14092621572740888,0.12647071018762776,-5.0575690976963426
1,865.0,-0.14093637682592247,0.12641910854755398,-5.058913938170132
1,866.0,-0.14094651790614127,0.12636760491026686,-5.060256129185006
1,867.0,-0.14095663958605917,0.1263161962453588,-5.061595752533615
1,868.0,-0.14096674186567615,0.12626488255282978,-5.06293280821596
1,869.0,-0.14097682474499226,0.12621366383267985,-5.064267296232043
1,870.0,-0.14098688822400746,0.12616254008490896,-5.0655992165818615
1,871.0,-0.14099693230272176,0.12611151130951712,-5.066928569265417
1,872.0,-0.14100695698113516,0.12606057750650432,-5.06825535428271
1,873.0,-0.14101696225924767,0.1260097386758706,-5.06957957163374
1,874.0,-0.1410269481370593,0.12595899481761594,-5.070901221318506
1,875.0,-0.14103691461457002,0.1259083459317403,-5.072220303337012
1,876.0,-0.14104686169177982,0.12585779201824376,-5.07353681768925
1,877.0,-0.14105678936868873,0.12580733307712624,-5.074850764375225
1,878.0,-0.14106669764529675,0.1257569691083878,-5.076162143394938
1,879.0,-0.14107658652160388,0.12570670011202842,-5.077470954748389
1,880.0,-0.1410864559976101,0.1256565260880481,-5.078777198435576
1,881.0,-0.14109630607331541,0.1256064470364468,-5.080080874456495
1,882.0,-0.14110613674871986,0.12555646295722458,-5.081381982811158
1,883.0,-0.14111594802382338,0.12550657385038141,-5.082680523499554
1,884.0,-0.141125739898626,0.1254567797159173,-5.0839764965216885
1,885.0,-0.14113551231901766,0.1254070808300694,-5.085269894715987
1,886.0,-0.14114526498636495,0.1253574789438719,-5.086560678557764
1,887.0,-0.14115499879541013,0.12530796968350702,-5.087848966467832
1,888.0,-0.14116471374615322,0.12525855304897482,-5.0891347584462
1,889.0,-0.1411744098385942,0.12520922904027526,-5.090418054492861
1,890.0,-0.14118408707273308,0.12515999765740835,-5.091698854607819
1,891.0,-0.14119374544856986,0.1251108589003741,-5.0929771587910695
1,892.0,-0.14120338496610452,0.12506181276917247,-5.094252967042615
1,893.0,-0.1412130056253371,0.12501285926380354,-5.09552627936246
1,894.0,-0.14122260742626755,0.12496399838426722,-5.096797095750597
1,895.0,-0.14123219036889592,0.12491523013056356,-5.09806541620703
1,896.0,-0.14124175445322218,0.12486655450269256,-5.09933124073176
1,897.0,-0.14125129967924632,0.12481797150065421,-5.100594569324781
1,898.0,-0.14126082604696838,0.12476948112444851,-5.101855401986103
1,899.0,-0.14127033355638832,0.12472108337407546,-5.103113738715714
1,900.0,-0.14127982220750615,0.12467277824953506,-5.1043695795136195
1,901.0,-0.1412892920003219,0.12462456575082731,-5.105622924379825
1,902.0,-0.14129874293483555,0.12457644587795222,-5.106873773314328
1,903.0,-0.1413081750110471,0.12452841863090977,-5.108122126317123
1,904.0,-0.14131758822895651,0.12448048400969998,-5.1093679833882115
1,905.0,-0.14132698258856383,0.12443264201432283,-5.1106113445275945
1,906.0,-0.141336357691688,0.12438489476775243,-5.111852157035267
1,907.0,-0.14134571425043088,0.12433723891751981,-5.113090515159239
1,908.0,-0.14135505250112895,0.12428967327714999,-5.114326450179095
1,909.0,-0.1413643724437822,0.12424219784664293,-5.115559962094831
1,910.0,-0.14137367407839066,0.12419481262599867,-5.116791050906451
1,911.0,-0.1413829574049543,0.12414751761521717,-5.1180197166139525
1,912.0,-0.14139222242347316,0.12410031281429845,-5.119245959217339
1,913.0,-0.14140146913394722,0.12405319822324251,-5.120469778716606
1,914.0,-0.14141069753637645,0.12400617384204934,-5.121691175111755
1,915.0,-0.1414199076307609,0.12395923967071897,-5.122910148402789
1,916.0,-0.14142909941710055,0.12391239570925136,-5.124126698589703
1,917.0,-0.14143827289539537,0.12386564195764653,-5.125340825672498
1,918.0,-0.14144742806564542,0.12381897841590449,-5.126552529651183
1,919.0,-0.14145656492785066,0.1237724050840252,-5.127761810525746
1,920.0,-0.1414656834820111,0.12372592196200871,-5.128968668296192
1,921.0,-0.14147478372812675,0.123679529049855,-5.130173102962519
1,922.0,-0.14148386566619756,0.12363322634756406,-5.1313751145247295
1,923.0,-0.1414929292962236,0.1235870138551359,-5.132574702982822
1,924.0,-0.14150197461820482,0.12354089157257052,-5.1337718683367966
1,925.0,-0.14151100163214125,0.12349485949986791,-5.134966610586658
1,926.0,-0.14152001019469573,0.12344891837351413,-5.136158910761459
1,927.0,-0.14152900019691908,0.12340306898365762,-5.1373487544415735
1,928.0,-0.14153797244771069,0.12335730732868595,-5.138536248686353
1,929.0,-0.1415469269470705,0.12331163340859914,-5.139721393495793
1,930.0,-0.14155586369499856,0.12326604722339718,-5.140904188869898
1,931.0,-0.14156478269149483,0.12322054877308007,-5.142084634808665
1,932.0,-0.14157368393655934,0.12317513805764782,-5.143262731312094
1,933.0,-0.1415825674301921,0.1231298150771004,-5.144438478380191
1,934.0,-0.14159143317239306,0.12308457983143785,-5.145611876012944
1,935.0,-0.14160028116316226,0.12303943232066014,-5.1467829242103615
1,936.0,-0.14160911140249968,0.12299437254476728,-5.147951622972443
1,937.0,-0.14161792389040534,0.12294940050375927,-5.1491179722991856
1,938.0,-0.1416267186268792,0.12290451619763611,-5.150281972190589
1,939.0,-0.14163549561192132,0.1228597196263978,-5.151443622646659
1,940.0,-0.14164425484553167,0.12281501079004434,-5.152602923667392
1,941.0,-0.14165299632771022,0.12277038968857573,-5.153759875252783
1,942.0,-0.14166172005845704,0.12272585632199198,-5.154914477402842
1,943.0,-0.14167042603777205,0.12268141069029306,-5.15606673011756
1,944.0,-0.1416791142656553,0.12263705279347902,-5.157216633396942
1,945.0,-0.1416877847421068,0.1225927826315498,-5.158364187240989
1,946.0,-0.1416964374671265,0.12254860020450545,-5.159509391649697
1,947.0,-0.14170507209987282,0.12250450729252875,-5.160652201512039
1,948.0,-0.14171368907876492,0.12246050191319813,-5.161792674853614
1,949.0,-0.14172228886739974,0.12241658174471214,-5.162930873032349
1,950.0,-0.14173087146577726,0.12237274678707077,-5.164066796048244
1,951.0,-0.14173943687389748,0.12232899704027404,-5.165200443901297
1,952.0,-0.14174798509176043,0.12228533250432193,-5.166331816591512
1,953.0,-0.14175651611936607,0.12224175317921444,-5.167460914118885
1,954.0,-0.14176502995671442,0.12219825906495159,-5.168587736483415
1,955.0,-0.1417735266038055,0.12215485016153337,-5.169712283685109
1,956.0,-0.14178200606063926,0.12211152646895977,-5.170834555723959
1,957.0,-0.14179046832721573,0.1220682879872308,-5.171954552599964
1,958.0,-0.14179891340353493,0.12202513471634645,-5.173072274313134
1,959.0,-0.14180734128959682,0.12198206665630673,-5.17418772086346
1,960.0,-0.14181575198540142,0.12193908380711165,-5.175300892250946
1,961.0,-0.14182414549094874,0.12189618616876119,-5.176411788475592
1,962.0,-0.14183252180623876,0.12185337374125535,-5.177520409537397
1,963.0,-0.14184088093127148,0.12181064652459415,-5.17862675543636
1,964.0,-0.14184922286604693,0.12176800451877758,-5.179730826172483
1,965.0,-0.14185754761056507,0.12172544772380563,-5.180832621745764
1,966.0,-0.14186585516482592,0.1216829761396783,-5.181932142156206
1,967.0,-0.1418741455288295,0.12164058976639561,-5.183029387403805
1,968.0,-0.1418824182798794,0.12159829082553603,-5.184124301543909
1,969.0,-0.1418906740764316,0.12155607618682887,-5.185216971724394
1,970.0,-0.1418989132467741,0.12151394419533766,-5.186307441394793
1,971.0,-0.14190713579090686,0.12147189485106237,-5.187395710555109
1,972.0,-0.14191534170882994,0.12142992815400304,-5.188481779205343
1,973.0,-0.14192353100054333,0.12138804410415963,-5.189565647345496
1,974.0,-0.14193170366604702,0.12134624270153214,-5.190647314975565
1,975.0,-0.14193985970534098,0.12130452394612061,-5.1917267820955475
1,976.0,-0.14194799911842526,0.121262887837925,-5.19280404870545
1,977.0,-0.14195612190529985,0.12122133437694534,-5.1938791148052745
1,978.0,-0.14196422806596473,0.12117986356318161,-5.194951980395012
1,979.0,-0.1419723176004199,0.1211384753966338,-5.196022645474662
1,980.0,-0.14198039050866537,0.12109716987730194,-5.197091110044236
1,981.0,-0.14198844679070116,0.12105594700518603,-5.198157374103727
1,982.0,-0.14199648644652724,0.12101480678028603,-5.199221437653133
1,983.0,-0.14200450947614363,0.12097374920260197,-5.200283300692458
1,984.0,-0.1420125158795503,0.12093277427213385,-5.201342963221698
1,985.0,-0.1420205056567473,0.12089188198888166,-5.202400425240859
1,986.0,-0.14202847880773456,0.12085107235284542,-5.203455686749934
1,987.0,-0.14203643533251215,0.1208103453640251,-5.204508747748929
1,988.0,-0.14204437523108002,0.12076970102242073,-5.205559608237839
1,989.0,-0.14205229809178382,0.12072914148233978,-5.206608213733437
1,990.0,-0.14206020450336007,0.12068866395413735,-5.207654642156107
1,991.0,-0.14206809485406205,0.1206482664789368,-5.2086989448919025
1,992.0,-0.14207596914388973,0.12060794905673806,-5.209741121940815
1,993.0,-0.1420838273728431,0.12056771168754118,-5.210781173302847
1,994.0,-0.14209166954092223,0.12052755437134614,-5.211819098978003
1,995.0,-0.14209949564812707,0.12048747710815294,-5.212854898966283
1,996.0,-0.14210730569445762,0.12044747989796159,-5.213888573267683
1,997.0,-0.14211509967991387,0.12040756274077208,-5.214920121882202
1,998.0,-0.14212287760449585,0.1203677256365844,-5.2159495448098445
1,999.0,-0.14213063946820356,0.12032796858539858,-5.216976842050609
1,1000.0,-0.14213838527103698,0.1202882915872146,-5.2180020136044964
1,1001.0,-0.1421461150129961,0.12024869464203246,-5.219025059471503
1,1002.0,-0.14215382869408094,0.12020917774985217,-5.220045979651632
1,1003.0,-0.14216152631429152,0.12016974091067371,-5.221064774144883
1,1004.0,-0.1421692078736278,0.1201303841244971,-5.2220814429512545
1,1005.0,-0.14217687337208978,0.12009110739132234,-5.2230959860707475
1,1006.0,-0.1421845228096775,0.12005191071114941,-5.2241084035033625
1,1007.0,-0.14219215618639094,0.12001279408397833,-5.225118695249102
1,1008.0,-0.1421997735022301,0.11997375750980908,-5.22612686130796
1,1009.0,-0.14220737475719494,0.11993480098864169,-5.227132901679938
1,1010.0,-0.1422149596772861,0.11989592593809952,-5.2281367801007015
1,1011.0,-0.1422225284179352,0.1198571317622196,-5.229138517141917
1,1012.0,-0.142230081662848,0.11981841502307751,-5.230138203293332
1,1013.0,-0.14223761941202456,0.11977977572067325,-5.2311358385549465
1,1014.0,-0.1422451416654648,0.11974121385500679,-5.232131422926756
1,1015.0,-0.14225264842316881,0.11970272942607814,-5.233124956408767
1,1016.0,-0.14226013968513654,0.11966432243388732,-5.234116439000977
1,1017.0,-0.14226761545136798,0.11962599287843431,-5.235105870703386
1,1018.0,-0.14227507572186315,0.11958774075971912,-5.2360932515159915
1,1019.0,-0.14228252049662204,0.11954956607774174,-5.237078581438794
1,1020.0,-0.1422899497756447,0.11951146883250217,-5.2380618604718
1,1021.0,-0.14229736355893102,0.11947344902400044,-5.239043088615
1,1022.0,-0.1423047618464811,0.1194355066522365,-5.240022265868404
1,1023.0,-0.14231214463829492,0.11939764171721039,-5.240999392232003
1,1024.0,-0.14231951193437245,0.11935985421892209,-5.2419744677058
1,1025.0,-0.1423268637347137,0.1193221441573716,-5.242947492289798
1,1026.0,-0.14233420003931868,0.11928451153255894,-5.2439184659839935
1,1027.0,-0.1423415208481874,0.1192469563444841,-5.244887388788389
1,1028.0,-0.14234882616131983,0.11920947859314705,-5.2458542607029806
1,1029.0,-0.142356115978716,0.11917207827854784,-5.246819081727773
1,1030.0,-0.14236339030037587,0.11913475540068644,-5.247781851862761
1,1031.0,-0.1423706491262995,0.11909750995956285,-5.248742571107949
1,1032.0,-0.1423778918826499,0.11906034499471857,-5.24970116351494
1,1033.0,-0.14238511961482284,0.11902325530589801,-5.2506577674438235
1,1034.0,-0.14239233241481186,0.11898624042357399,-5.251612395070119
1,1035.0,-0.142399530282617,0.11894930034774648,-5.252565046393833
1,1036.0,-0.14240671321823828,0.1189124350784155,-5.253515721414961
1,1037.0,-0.14241388122167567,0.11887564461558103,-5.254464420133509
1,1038.0,-0.14242103429292918,0.11883892895924308,-5.2554111425494705
1,1039.0,-0.14242817243199882,0.11880228810940166,-5.25635588866285
1,1040.0,-0.14243529563888455,0.11876572206605676,-5.257298658473642
1,1041.0,-0.14244240391358642,0.11872923082920837,-5.258239451981853
1,1042.0,-0.1424494972561044,0.11869281439885652,-5.25917826918748
1,1043.0,-0.1424565756664385,0.11865647277500119,-5.2601151100905215
1,1044.0,-0.1424636391445887,0.11862020595764236,-5.261049974690981
1,1045.0,-0.14247068769055504,0.11858401394678007,-5.261982862988858
1,1046.0,-0.1424777213043375,0.1185478967424143,-5.26291377498415
1,1047.0,-0.14248473998593605,0.11851185434454505,-5.263842710676855
1,1048.0,-0.14249174373535076,0.1184758867531723,-5.264769670066982
1,1049.0,-0.14249873255258155,0.1184399939682961,-5.2656946531545215
1,1050.0,-0.14250570643762847,0.11840417598991641,-5.266617659939475
1,1051.0,-0.1425126653904915,0.11836843281803325,-5.2675386904218495
1,1052.0,-0.14251960941117067,0.1183327644526466,-5.268457744601635
1,1053.0,-0.14252653830813103,0.1182971718812739,-5.269374797128836
1,1054.0,-0.14253345196728343,0.11826165584812186,-5.270289832903528
1,1055.0,-0.14254035125492434,0.11822621198486431,-5.2712029665816855
1,1056.0,-0.14254723617105375,0.11819084029150127,-5.272114198163299
1,1057.0,-0.1425541067156717,0.11815554076803272,-5.273023527648376
1,1058.0,-0.14256096288877818,0.11812031341445867,-5.27393095503692
1,1059.0,-0.14256780469037314,0.1180851582307791,-5.274836480328916
1,1060.0,-0.14257463212045665,0.11805007521699404,-5.275740103524378
1,1061.0,-0.14258144517902865,0.11801506437310345,-5.2766418246233
1,1062.0,-0.1425882438660892,0.11798012569910737,-5.277541643625688
1,1063.0,-0.14259502818163824,0.1179452591950058,-5.27843956053153
1,1064.0,-0.1426017981256758,0.1179104648607987,-5.27933557534084
1,1065.0,-0.1426085536982019,0.11787574269648611,-5.280229688053611
1,1066.0,-0.1426152948992165,0.11784109270206801,-5.281121898669839
1,1067.0,-0.14262202172871963,0.11780651487754441,-5.28201220718953
1,1068.0,-0.14262873418671126,0.1177720092229153,-5.282900613612684
1,1069.0,-0.14263543227319142,0.11773757573818068,-5.283787117939297
1,1070.0,-0.1426421159881601,0.11770321442334056,-5.284671720169373
1,1071.0,-0.1426487853316173,0.11766892527839494,-5.285554420302911
1,1072.0,-0.142655440303563,0.1176347083033438,-5.28643521833991
1,1073.0,-0.14266208090399723,0.11760056349818716,-5.287314114280371
1,1074.0,-0.14266870713292,0.11756649086292503,-5.288191108124294
1,1075.0,-0.142675318721565,0.11753249178793525,-5.289066164299958
1,1076.0,-0.1426819157499897,0.11749856602044559,-5.2899392934031155
1,1077.0,-0.14268849896349167,0.11746470978705545,-5.290810594075303
1,1078.0,-0.1426950683620709,0.11743092308776482,-5.291680066316519
1,1079.0,-0.1427016239457274,0.11739720592257369,-5.292547710126759
1,1080.0,-0.14270816571446118,0.11736355829148208,-5.29341352550603
1,1081.0,-0.14271469366827222,0.11732998019449,-5.294277512454325
1,1082.0,-0.14272120780716055,0.11729647163159741,-5.295139670971654
1,1083.0,-0.14272770813112615,0.11726303260280435,-5.296000001058013
1,1084.0,-0.14273419464016898,0.1172296631081108,-5.296858502713392
1,1085.0,-0.1427406673342891,0.11719636314751676,-5.297715175937805
1,1086.0,-0.1427471262134865,0.11716313272102223,-5.298570020731244
1,1087.0,-0.1427535712777612,0.11712997182862722,-5.299423037093716
1,1088.0,-0.14276000252711313,0.11709688047033172,-5.300274225025212
1,1089.0,-0.14276641996154235,0.11706385864613573,-5.301123584525735
1,1090.0,-0.1427728235810488,0.11703090635603927,-5.301971115595287
1,1091.0,-0.14277921338563257,0.11699802360004231,-5.302816818233871
1,1092.0,-0.1427855893752936,0.11696521037814486,-5.303660692441481
1,1093.0,-0.14279195155003188,0.11693246669034693,-5.304502738218117
1,1094.0,-0.14279829990984744,0.11689979253664852,-5.305342955563785
1,1095.0,-0.1428046344547403,0.11686718791704961,-5.306181344478481
1,1096.0,-0.14281095518471038,0.11683465283155023,-5.3070179049622
1,1097.0,-0.14281726194116362,0.11680218809803751,-5.307852616024722
1,1098.0,-0.14282355449040302,0.11676979504884884,-5.308685446735802
1,1099.0,-0.14282983377610856,0.11673746890550005,-5.309516521993266
1,1100.0,-0.1428360997982802,0.11670520966799115,-5.3103458417971074
1,1101.0,-0.14284235255691802,0.11667301733632214,-5.311173406147332
1,1102.0,-0.14284859205202197,0.11664089191049301,-5.311999215043934
1,1103.0,-0.14285481828359206,0.11660883339050378,-5.312823268486923
1,1104.0,-0.14286103125162827,0.11657684177635443,-5.313645566476287
1,1105.0,-0.14286723095613063,0.11654491706804497,-5.314466109012031
1,1106.0,-0.14287341739709913,0.11651305926557538,-5.315284896094158
1,1107.0,-0.14287959057453375,0.1164812683689457,-5.316101927722663
1,1108.0,-0.14288575048843452,0.1164495443781559,-5.3169172038975505
1,1109.0,-0.14289189713880143,0.11641788729320598,-5.3177307246188175
1,1110.0,-0.14289803052563446,0.11638629711409595,-5.318542489886465
1,1111.0,-0.14290415064893366,0.1163547738408258,-5.319352499700495
1,1112.0,-0.14291025750869898,0.11632331747339555,-5.320160754060906
1,1113.0,-0.14291635110493042,0.11629192801180518,-5.320967252967691
1,1114.0,-0.14292243143762803,0.11626060545605471,-5.321771996420862
1,1115.0,-0.14292849850679176,0.1162293498061441,-5.322574984420414
1,1116.0,-0.14293455231242164,0.1161981610620734,-5.323376216966346
1,1117.0,-0.14294059285451763,0.11616703922384258,-5.324175694058656
1,1118.0,-0.1429466201330798,0.11613598429145165,-5.324973415697349
1,1119.0,-0.14295263414810808,0.1161049962649006,-5.3257693818824245
1,1120.0,-0.1429586343357666,0.11607407810129715,-5.326563517989135
1,1121.0,-0.14296462158899467,0.11604322533560978,-5.3273559421996834
1,1122.0,-0.14297059612384594,0.11601243686133586,-5.328146683109173
1,1123.0,-0.1429765579403204,0.1159817126784754,-5.328935740717606
1,1124.0,-0.14298250703841806,0.1159510527870284,-5.329723115024974
1,1125.0,-0.1429884434181389,0.11592045718699487,-5.330508806031285
1,1126.0,-0.14299436707948296,0.11588992587837478,-5.33129281373654
1,1127.0,-0.14300027802245022,0.11585945886116816,-5.332075138140736
1,1128.0,-0.14300617624704065,0.115829056135375,-5.3328557792438716
1,1129.0,-0.1430120617532543,0.11579871770099531,-5.333634737045949
1,1130.0,-0.1430179345410911,0.11576844355802907,-5.334412011546965
1,1131.0,-0.14302379461055115,0.11573823370647629,-5.335187602746927
1,1132.0,-0.14302964196163437,0.11570808814633697,-5.335961510645826
1,1133.0,-0.14303547659434077,0.11567800687761111,-5.336733735243666
1,1134.0,-0.1430412985086704,0.1156479899002987,-5.337504276540451
1,1135.0,-0.1430471077046232,0.11561803721439975,-5.338273134536172
1,1136.0,-0.1430529041821992,0.11558814881991428,-5.339040309230837
1,1137.0,-0.1430586879413984,0.11555832471684226,-5.339805800624441
1,1138.0,-0.14306445898222078,0.11552856490518369,-5.340569608716988
1,1139.0,-0.14307021730466637,0.11549886938493859,-5.3413317335084765
1,1140.0,-0.14307596290873517,0.11546923815610693,-5.342092174998906
1,1141.0,-0.14308169579442714,0.11543967121868876,-5.342850933188276
1,1142.0,-0.14308741585540927,0.11541016912128815,-5.343607994003207
1,1143.0,-0.14309312269685104,0.11538073400197271,-5.3443633051871435
1,1144.0,-0.14309881735789035,0.11535136057935585,-5.345117004271935
1,1145.0,-0.14310449983852722,0.11532204885343757,-5.345869091257584
1,1146.0,-0.1431101701387616,0.11529279882421786,-5.3466195661440885
1,1147.0,-0.1431158282585935,0.11526361049169674,-5.3473684289314445
1,1148.0,-0.14312147419802296,0.11523448385587418,-5.348115679619657
1,1149.0,-0.14312710795704997,0.11520541891675021,-5.348861318208731
1,1150.0,-0.1431327295356745,0.11517641567432481,-5.349605344698655
1,1151.0,-0.14313833893389658,0.11514747412859798,-5.3503477590894395
1,1152.0,-0.14314393615171617,0.11511859427956975,-5.351088561381075
1,1153.0,-0.14314952118913332,0.11508977612724007,-5.351827751573567
1,1154.0,-0.143155094046148,0.11506101967160898,-5.352565329666917
1,1155.0,-0.1431606547227602,0.11503232491267647,-5.353301295661119
1,1156.0,-0.14316620321896997,0.11500369185044253,-5.35403564955618
1,1157.0,-0.14317173953477727,0.11497512048490717,-5.354768391352096
1,1158.0,-0.1431772636701821,0.11494661081607038,-5.355499521048868
1,1159.0,-0.14318277562518447,0.11491816284393218,-5.356229038646495
1,1160.0,-0.14318827539978438,0.11488977656849254,-5.356956944144979
1,1161.0,-0.14319376299398182,0.11486145198975149,-5.357683237544316
1,1162.0,-0.1431992384077768,0.11483318910770902,-5.35840791884451
1,1163.0,-0.1432047016411693,0.11480498792236513,-5.35913098804556
1,1164.0,-0.14321015269415935,0.1147768484337198,-5.359852445147465
1,1165.0,-0.1432155914125823,0.11474877143869379,-5.360572269746244
1,1166.0,-0.14322101751743818,0.11472075847897568,-5.361290424915733
1,1167.0,-0.14322643197181023,0.11469280464642197,-5.362007038121804
1,1168.0,-0.1432318347756985,0.11466490994103262,-5.362722109364464
1,1169.0,-0.14323722592910296,0.11463707436280765,-5.363435638643703
1,1170.0,-0.1432426054320236,0.11460929791174705,-5.364147625959533
1,1171.0,-0.14324797328446046,0.11458158058785084,-5.364858071311949
1,1172.0,-0.14325332948641348,0.114553922391119,-5.365566974700945
1,1173.0,-0.14325867403788273,0.11452632332155155,-5.366274336126529
1,1174.0,-0.14326400693886815,0.11449878337914847,-5.366980155588699
1,1175.0,-0.1432693281893698,0.11447130256390976,-5.367684433087457
1,1176.0,-0.14327463778938762,0.11444388087583544,-5.368387168622797
1,1177.0,-0.14327993573892162,0.1144165183149255,-5.36908836219472
1,1178.0,-0.14328522203797184,0.11438921488117992,-5.369788013803232
1,1179.0,-0.14329049668653826,0.11436197057459874,-5.370486123448331
1,1180.0,-0.14329575968462085,0.11433478539518192,-5.371182691130013
1,1181.0,-0.14330101103221965,0.11430765934292948,-5.37187771684828
1,1182.0,-0.14330625072933464,0.11428059241784143,-5.372571200603136
1,1183.0,-0.14331147877596584,0.11425358461991775,-5.373263142394575
1,1184.0,-0.14331669517211323,0.11422663594915844,-5.373953542222599
1,1185.0,-0.1433218999177768,0.11419974640556352,-5.3746424000872075
1,1186.0,-0.14332709301295657,0.11417291598913297,-5.375329715988402
1,1187.0,-0.14333227445765256,0.11414614469986681,-5.376015489926185
1,1188.0,-0.14333744425186473,0.114119432537765,-5.3766997219005495
1,1189.0,-0.14334260174055166,0.11409278294736654,-5.377382325215538
1,1190.0,-0.14334774803489142,0.11406619027950779,-5.37806344693765
1,1191.0,-0.1433528831998122,0.11403965419953146,-5.378743095660259
1,1192.0,-0.14335800723531397,0.11401317470743753,-5.3794212713833565
1,1193.0,-0.1433631201413967,0.11398675180322601,-5.380097974106938
1,1194.0,-0.14336822191806045,0.11396038548689691,-5.380773203831015
1,1195.0,-0.1433733125653052,0.1139340757584502,-5.381446960555579
1,1196.0,-0.14337839208313094,0.11390782261788591,-5.382119244280639
1,1197.0,-0.14338346047153766,0.11388162606520402,-5.382790055006183
1,1198.0,-0.14338851773052538,0.11385548610040455,-5.38345939273222
1,1199.0,-0.1433935638600941,0.11382940272348747,-5.384127257458749
1,1200.0,-0.1433985988602438,0.11380337593445282,-5.384793649185765
1,1201.0,-0.1434036227309745,0.11377740573330056,-5.385458567913273
1,1202.0,-0.14340863547228622,0.1137514921200307,-5.38612201364127
1,1203.0,-0.1434136370841789,0.11372563509464327,-5.386783986369757
1,1204.0,-0.14341862756665258,0.11369983465713825,-5.387444486098734
1,1205.0,-0.14342360691970726,0.11367409080751562,-5.388103512828202
1,1206.0,-0.14342857514334292,0.1136484035457754,-5.38876106655816
1,1207.0,-0.14343353223755959,0.11362277287191759,-5.38941714728861
1,1208.0,-0.14343847820235725,0.1135971987859422,-5.390071755019548
1,1209.0,-0.1434434130377359,0.1135716812878492,-5.390724889750977
1,1210.0,-0.14344833674369553,0.11354622037763862,-5.391376551482895
1,1211.0,-0.14345324932023618,0.11352081605531043,-5.392026740215305
1,1212.0,-0.14345815044081028,0.1134954700176941,-5.392675412729026
1,1213.0,-0.14346304026556111,0.11347018153895026,-5.393322590219318
1,1214.0,-0.14346791947237736,0.1134449471437449,-5.393968362406025
1,1215.0,-0.143472788061259,0.113419766832078,-5.394612729289142
1,1216.0,-0.14347764603220606,0.11339464060394958,-5.39525569086868
1,1217.0,-0.1434824933852185,0.11336956845935962,-5.3958972471446245
1,1218.0,-0.14348733012029638,0.11334455039830814,-5.396537398116982
1,1219.0,-0.14349215623743966,0.11331958642079513,-5.397176143785755
1,1220.0,-0.14349697173664833,0.1132946765268206,-5.397813484150939
1,1221.0,-0.14350177661792243,0.11326982071638453,-5.3984494192125405
1,1222.0,-0.14350657088126192,0.11324501898948693,-5.399083948970552
1,1223.0,-0.14351135452666683,0.1132202713461278,-5.399717073424975
1,1224.0,-0.14351612755413715,0.11319557778630715,-5.400348792575812
1,1225.0,-0.14352088996367285,0.11317093831002496,-5.400979106423061
1,1226.0,-0.143525641755274,0.11314635291728124,-5.401608014966726
1,1227.0,-0.14353038292894052,0.113121821608076,-5.402235518206805
1,1228.0,-0.14353511348467243,0.11309734438240923,-5.40286161614329
1,1229.0,-0.1435398334224698,0.11307292124028093,-5.403486308776191
1,1230.0,-0.14354454274233255,0.1130485521816911,-5.404109596105512
1,1231.0,-0.1435492414442607,0.11302423720663975,-5.404731478131239
1,1232.0,-0.14355392952825427,0.11299997631512686,-5.405351954853382
1,1233.0,-0.14355860699431325,0.11297576950715243,-5.405971026271935
1,1234.0,-0.1435632738424376,0.1129516167827165,-5.4065886923869
1,1235.0,-0.14356793007262741,0.11292751814181902,-5.407204953198283
1,1236.0,-0.1435725752645498,0.11290347577452943,-5.407819753074239
1,1237.0,-0.14357720982307146,0.11287948768240905,-5.408433145599638
1,1238.0,-0.1435818342649047,0.1128555512087329,-5.409045199162322
1,1239.0,-0.14358644859004957,0.11283166635350099,-5.409655913762299
1,1240.0,-0.1435910527985061,0.11280783311671332,-5.41026528939957
1,1241.0,-0.14359564689027424,0.11278405149836988,-5.41087332607413
1,1242.0,-0.14360023086535398,0.11276032149847069,-5.41148002378598
1,1243.0,-0.14360480472374537,0.11273664311701574,-5.4120853825351265
1,1244.0,-0.1436093684654484,0.11271301635400502,-5.412689402321561
1,1245.0,-0.14361392209046303,0.11268944120943854,-5.413292083145289
1,1246.0,-0.1436184655987893,0.1126659176833163,-5.413893425006306
1,1247.0,-0.14362299899042721,0.1126424457756383,-5.414493427904624
1,1248.0,-0.14362752226537673,0.11261902548640454,-5.415092091840225
1,1249.0,-0.14363203542363787,0.11259565681561501,-5.415689416813117
1,1250.0,-0.14363653846521066,0.11257233976326972,-5.416285402823305
1,1251.0,-0.14364103139009507,0.11254907432936867,-5.416880049870786
1,1252.0,-0.14364551419829108,0.11252586051391186,-5.417473357955551
1,1253.0,-0.14364998688979874,0.11250269831689928,-5.418065327077614
1,1254.0,-0.14365444946461803,0.11247958773833094,-5.4186559572369655
1,1255.0,-0.14365890192274894,0.11245652877820685,-5.4192452484336116
1,1256.0,-0.14366334426419147,0.11243352143652699,-5.419833200667547
1,1257.0,-0.14366777648894566,0.11241056571329137,-5.4204198139387785
1,1258.0,-0.14367219859701144,0.11238766160849999,-5.421005088247298
1,1259.0,-0.14367661058838888,0.11236480912215284,-5.42158902359311
1,1260.0,-0.14368101219698073,0.11234200963691734,-5.42217158475775
1,1261.0,-0.14368540340849115,0.11231926330964516,-5.422752769849134
1,1262.0,-0.14368978499372917,0.11229656617892222,-5.423332680885287
1,1263.0,-0.14369415695269483,0.11227391824474854,-5.4239113178662075
1,1264.0,-0.1436985192853881,0.11225131950712411,-5.424488680791901
1,1265.0,-0.143702871991809,0.11222876996604891,-5.425064769662362
1,1266.0,-0.14370721507195752,0.11220626962152298,-5.425639584477593
1,1267.0,-0.14371154852583368,0.11218381847354629,-5.426213125237598
1,1268.0,-0.1437158723534374,0.11216141652211886,-5.4267853919423645
1,1269.0,-0.14372018655476881,0.11213906376724067,-5.427356384591906
1,1270.0,-0.1437244911298278,0.11211676020891173,-5.4279261031862145
1,1271.0,-0.14372878607861445,0.11209450584713204,-5.428494547725298
1,1272.0,-0.14373307140112868,0.1120723006819016,-5.429061718209145
1,1273.0,-0.14373734709737054,0.11205014471322042,-5.429627614637764
1,1274.0,-0.14374161316734002,0.11202803794108848,-5.430192237011149
1,1275.0,-0.14374586961103714,0.11200598036550578,-5.430755585329311
1,1276.0,-0.14375011642846186,0.11198397198647235,-5.431317659592239
1,1277.0,-0.14375435361961422,0.11196201280398815,-5.431878459799939
1,1278.0,-0.1437585811844942,0.11194010281805321,-5.432437985952407
1,1279.0,-0.14376279912310178,0.11191824202866753,-5.432996238049642
1,1280.0,-0.143767007435437,0.11189643043583108,-5.433553216091649
1,1281.0,-0.14377120612149982,0.11187466803954389,-5.434108920078425
1,1282.0,-0.1437753951812903,0.11185295483980595,-5.4346633500099735
1,1283.0,-0.14377957461480836,0.11183129083661725,-5.435216505886289
1,1284.0,-0.14378374442205405,0.11180967602997781,-5.435768387707372
1,1285.0,-0.14378790403758665,0.11178811337866927,-5.436318920636087
1,1286.0,-0.1437920542498492,0.11176659887180697,-5.4368682090243485
1,1287.0,-0.1437961953148959,0.11174513118639831,-5.437416286761412
1,1288.0,-0.1438003272327268,0.11172371032244328,-5.437963153847281
1,1289.0,-0.1438044500033418,0.11170233627994187,-5.438508810281944
1,1290.0,-0.143808563626741,0.1116810090588941,-5.439053256065417
1,1291.0,-0.1438126681029243,0.11165972865929996,-5.439596491197687
1,1292.0,-0.14381676343189181,0.11163849508115944,-5.440138515678759
1,1293.0,-0.14382084961364347,0.11161730832447256,-5.440679329508635
1,1294.0,-0.14382492664817925,0.1115961683892393,-5.441218932687311
1,1295.0,-0.14382899453549922,0.11157507527545966,-5.441757325214791
1,1296.0,-0.14383305327560333,0.11155402898313367,-5.442294507091073
1,1297.0,-0.1438371028684916,0.1115330295122613,-5.4428304783161545
1,1298.0,-0.14384114331416403,0.11151207686284256,-5.443365238890041
1,1299.0,-0.1438451746126206,0.11149117103487745,-5.443898788812725
1,1300.0,-0.14384919676386135,0.11147031202836596,-5.444431128084213
1,1301.0,-0.14385320976788624,0.11144949984330811,-5.444962256704502
1,1302.0,-0.1438572136246953,0.11142873447970389,-5.445492174673596
1,1303.0,-0.1438612083342885,0.1114080159375533,-5.4460208819914895
1,1304.0,-0.14386519389666586,0.11138734421685632,-5.446548378658183
1,1305.0,-0.1438691703118274,0.111366719317613,-5.447074664673684
1,1306.0,-0.14387313757977305,0.11134614123982328,-5.447599740037981
1,1307.0,-0.1438770957005029,0.1113256099834872,-5.448123604751084
1,1308.0,-0.14388104467401686,0.11130512554860476,-5.448646258812987
1,1309.0,-0.143884984500315,0.11128468793517594,-5.44916770222369
1,1310.0,-0.14388891457729416,0.11126430029728215,-5.4496878552937185
1,1311.0,-0.14389283578773712,0.11124395812134252,-5.4502068348610235
1,1312.0,-0.14389674831819219,0.11122366044182257,-5.450724665615628
1,1313.0,-0.14390065216865935,0.11120340725872228,-5.45124134755753
1,1314.0,-0.14390454733913863,0.11118319857204169,-5.451756880686731
1,1315.0,-0.14390843382963,0.11116303438178077,-5.452271265003231
1,1316.0,-0.14391231164013352,0.11114291468793952,-5.452784500507034
1,1317.0,-0.1439161807706491,0.11112283949051796,-5.453296587198133
1,1318.0,-0.14392004122117683,0.11110280878951607,-5.453807525076529
1,1319.0,-0.14392389299171665,0.11108282258493386,-5.454317314142227
1,1320.0,-0.14392773608226858,0.11106288087677134,-5.454825954395225
1,1321.0,-0.14393157049283264,0.11104298366502849,-5.455333445835522
1,1322.0,-0.14393539622340878,0.11102313094970531,-5.455839788463116
1,1323.0,-0.14393921327399706,0.11100332273080181,-5.4563449822780115
1,1324.0,-0.14394302164459744,0.110983559008318,-5.456849027280205
1,1325.0,-0.14394682133520992,0.11096383978225385,-5.457351923469698
1,1326.0,-0.1439506123458345,0.11094416505260939,-5.45785367084649
1,1327.0,-0.14395439467647123,0.11092453481938461,-5.458354269410582
1,1328.0,-0.14395816832712002,0.1109049490825795,-5.4588537191619695
1,1329.0,-0.14396193329778095,0.11088540784219407,-5.459352020100661
1,1330.0,-0.143965689588454,0.11086591109822833,-5.459849172226649
1,1331.0,-0.14396943719913913,0.11084645885068224,-5.460345175539936
1,1332.0,-0.1439731761298364,0.11082705109955586,-5.460840030040526
1,1333.0,-0.14397690638054575,0.11080768784484914,-5.46133373572841
1,1334.0,-0.14398062795126723,0.1107883690865621,-5.461826292603596
1,1335.0,-0.14398434044597633,0.11076909689054953,-5.462317648251498
1,1336.0,-0.14398804417825897,0.11074986969629194,-5.4628078441757975
1,1337.0,-0.1439917396855413,0.11073068472641898,-5.463296951505855
1,1338.0,-0.14399542696782325,0.11071154198093064,-5.463784970241669
1,1339.0,-0.14399910602510488,0.11069244145982693,-5.4642719003832365
1,1340.0,-0.14400277685738616,0.11067338316310785,-5.464757741930561
1,1341.0,-0.1440064394646671,0.11065436709077338,-5.465242494883641
1,1342.0,-0.1440100938469477,0.11063539324282354,-5.465726159242478
1,1343.0,-0.14401374000422795,0.11061646161925832,-5.466208735007069
1,1344.0,-0.14401737793650787,0.11059757222007774,-5.466690222177417
1,1345.0,-0.14402100764378745,0.11057872504528177,-5.467170620753522
1,1346.0,-0.14402462912606667,0.11055992009487042,-5.46764993073538
1,1347.0,-0.14402824238334555,0.1105411573688437,-5.468128152122993
1,1348.0,-0.1440318474156241,0.11052243686720162,-5.468605284916364
1,1349.0,-0.14403544422290232,0.11050375858994414,-5.469081329115491
1,1350.0,-0.14403903280518018,0.11048512253707131,-5.469556284720375
1,1351.0,-0.1440426131624577,0.11046652870858309,-5.470030151731012
1,1352.0,-0.14404618529473487,0.11044797710447948,-5.470502930147405
1,1353.0,-0.1440497492020117,0.11042946772476052,-5.470974619969554
1,1354.0,-0.1440533048842882,0.11041100056942617,-5.471445221197459
1,1355.0,-0.14405685234156435,0.11039257563847645,-5.471914733831119
1,1356.0,-0.14406039157384015,0.11037419293191135,-5.472383157870539
1,1357.0,-0.1440639225811156,0.11035585244973088,-5.472850493315708
1,1358.0,-0.14406744536339075,0.11033755419193503,-5.473316740166639
1,1359.0,-0.14407095992066551,0.1103192981585238,-5.4737818984233195
1,1360.0,-0.14407446625293996,0.1103010843494972,-5.4742459680857625
1,1361.0,-0.14407796379354834,0.11028291573144168,-5.474708874154684
1,1362.0,-0.14408145331104222,0.11026478836814035,-5.475170718349333
1,1363.0,-0.1440849350459257,0.11024670101281178,-5.475631532500879
1,1364.0,-0.1440884089981988,0.11022865366545599,-5.476091316609323
1,1365.0,-0.1440918751678615,0.11021064632607296,-5.476550070674663
1,1366.0,-0.14409533355491386,0.11019267899466267,-5.477007794696902
1,1367.0,-0.14409878415935579,0.11017475167122517,-5.477464488676038
1,1368.0,-0.14410222698118735,0.11015686435576043,-5.477920152612072
1,1369.0,-0.14410566202040853,0.11013901704826845,-5.478374786505002
1,1370.0,-0.14410908927701932,0.11012120974874923,-5.478828390354831
1,1371.0,-0.14411250875101972,0.11010344245720279,-5.479280964161555
1,1372.0,-0.14411592044240973,0.1100857151736291,-5.479732507925177
1,1373.0,-0.14411932435118938,0.11006802789802816,-5.480183021645701
1,1374.0,-0.14412272047735863,0.11005038063040001,-5.48063250532312
1,1375.0,-0.1441261088209175,0.11003277337074462,-5.4810809589574365
1,1376.0,-0.14412948938186598,0.11001520611906199,-5.481528382548651
1,1377.0,-0.14413286216020407,0.10999767887535213,-5.481974776096762
1,1378.0,-0.1441362271559318,0.10998019163961502,-5.482420139601771
1,1379.0,-0.1441395843690491,0.1099627444118507,-5.482864473063677
1,1380.0,-0.14414293379955606,0.10994533719205911,-5.483307776482482
1,1381.0,-0.14414627544745262,0.1099279699802403,-5.483750049858185
1,1382.0,-0.1441496093127388,0.10991064277639426,-5.484191293190781
1,1383.0,-0.1441529353954146,0.10989335558052099,-5.484631506480281
1,1384.0,-0.14415625369548,0.10987610839262046,-5.485070689726675
1,1385.0,-0.14415956421293502,0.10985890121269272,-5.485508842929967
1,1386.0,-0.14416286694777966,0.10984173404073773,-5.485945966090159
1,1387.0,-0.14416616143552638,0.1098246093045148,-5.486381997731448
1,1388.0,-0.14416944816424584,0.10980752452179277,-5.486817002450906
1,1389.0,-0.14417272753984223,0.10979047758857809,-5.487251033970716
1,1390.0,-0.14417599956231553,0.1097734685048708,-5.4876840922908725
1,1391.0,-0.14417926423166574,0.10975649727067087,-5.488116177411378
1,1392.0,-0.14418252154789288,0.10973956388597832,-5.48854728933223
1,1393.0,-0.14418577151099696,0.10972266835079314,-5.488977428053437
1,1394.0,-0.14418901412097793,0.10970581066511534,-5.48940659357499
1,1395.0,-0.1441922493778358,0.10968899082894491,-5.489834785896888
1,1396.0,-0.14419547728157062,0.10967220884228186,-5.490262005019137
1,1397.0,-0.14419869783218237,0.10965546470512619,-5.490688250941738
1,1398.0,-0.144201911029671,0.10963875841747787,-5.4911135236646835
1,1399.0,-0.14420511687403656,0.10962208997933695,-5.491537823187978
1,1400.0,-0.14420831536527906,0.1096054593907034,-5.491961149511626
1,1401.0,-0.14421150650339845,0.10958886665157722,-5.492383502635618
1,1402.0,-0.14421469028839476,0.1095723117619584,-5.492804882559959
1,1403.0,-0.144217866720268,0.10955579472184697,-5.493225289284652
1,1404.0,-0.14422103579901815,0.10953931553124291,-5.49364472280969
1,1405.0,-0.14422419752464524,0.10952287419014622,-5.494063183135081
1,1406.0,-0.14422735189714922,0.10950647069855692,-5.494480670260818
1,1407.0,-0.14423049891653011,0.10949010505647498,-5.494897184186899
1,1408.0,-0.14423363858278795,0.10947377726390042,-5.4953127249133376
1,1409.0,-0.14423677089592268,0.10945748732083323,-5.495727292440117
1,1410.0,-0.14423989585593436,0.10944123522727342,-5.496140886767255
1,1411.0,-0.14424301346282292,0.10942502098322097,-5.496553507894733
1,1412.0,-0.14424612371658843,0.1094088445886759,-5.496965155822564
1,1413.0,-0.14424922661723083,0.10939270604363821,-5.497375830550741
1,1414.0,-0.14425232147951234,0.10937660894593684,-5.497785441386755
1,1415.0,-0.14425540939146503,0.10936054766966838,-5.498194132333695
1,1416.0,-0.14425849036662375,0.109344522144423,-5.498601905182925
1,1417.0,-0.14426156440498852,0.10932853237020071,-5.499008759934446
1,1418.0,-0.14426463150655935,0.1093125783470015,-5.49941469658826
1,1419.0,-0.14426769167133624,0.1092966600748254,-5.499819715144364
1,1420.0,-0.14427074489931915,0.10928077755367238,-5.500223815602757
1,1421.0,-0.14427379119050812,0.10926493078354245,-5.500626997963444
1,1422.0,-0.14427683054490315,0.1092491197644356,-5.50102926222642
1,1423.0,-0.1442798629625042,0.10923334449635184,-5.501430608391688
1,1424.0,-0.1442828884433113,0.10921760497929119,-5.501831036459246
1,1425.0,-0.14428590698732446,0.10920190121325361,-5.5022305464290975
1,1426.0,-0.14428891859454368,0.10918623319823913,-5.50262913830124
1,1427.0,-0.14429192326496895,0.10917060093424774,-5.503026812075676
1,1428.0,-0.14429492099860025,0.10915500442127943,-5.503423567752398
1,1429.0,-0.1442979117954376,0.10913944365933421,-5.503819405331411
1,1430.0,-0.144300895655481,0.10912391864841209,-5.5042143248127156
1,1431.0,-0.14430387257873045,0.10910842938851305,-5.504608326196315
1,1432.0,-0.14430684256518594,0.10909297587963711,-5.505001409482203
1,1433.0,-0.1443098056148475,0.10907755812178424,-5.505393574670383
1,1434.0,-0.14431276172771507,0.10906217611495447,-5.505784821760851
1,1435.0,-0.14431571090378872,0.10904682985914779,-5.506175150753616
1,1436.0,-0.1443186531430684,0.1090315193543642,-5.506564561648668
1,1437.0,-0.14432158844555415,0.1090162446006037,-5.5069530544460115
1,1438.0,-0.14432451681124592,0.1090010055978663,-5.507340629145647
1,1439.0,-0.14432743824014377,0.10898580234615197,-5.507727285747573
1,1440.0,-0.14433035273224765,0.10897063484546074,-5.508113024251791
1,1441.0,-0.14433325964619956,0.10895550646023759,-5.508497759773362
1,1442.0,-0.14433615994156002,0.1089404122303314,-5.5088816193119206
1,1443.0,-0.14433905370308914,0.10892535171470294,-5.5092646140856285
1,1444.0,-0.14434194093078687,0.10891032491335222,-5.509646744094483
1,1445.0,-0.14434482162465323,0.10889533182627922,-5.51002800933848
1,1446.0,-0.14434769578468823,0.10888037245348398,-5.510408409817629
1,1447.0,-0.14435056341089186,0.10886544679496646,-5.51078794553192
1,1448.0,-0.1443534245032641,0.10885055485072667,-5.511166616481353
1,1449.0,-0.14435627906180498,0.10883569662076462,-5.511544422665935
1,1450.0,-0.14435912708651452,0.1088208721050803,-5.511921364085666
1,1451.0,-0.14436196857739264,0.10880608130367371,-5.512297440740534
1,1452.0,-0.14436480353443942,0.10879132421654487,-5.512672652630555
1,1453.0,-0.14436763195765484,0.10877660084369375,-5.513046999755723
1,1454.0,-0.14437045384703887,0.10876191118512038,-5.513420482116031
1,1455.0,-0.14437326920259153,0.10874725524082474,-5.513793099711487
1,1456.0,-0.14437607802431282,0.10873263301080682,-5.514164852542091
1,1457.0,-0.14437888031220275,0.10871804449506664,-5.514535740607839
1,1458.0,-0.14438167606626132,0.1087034896936042,-5.514905763908733
1,1459.0,-0.1443844652864885,0.1086889686064195,-5.51527492244477
1,1460.0,-0.14438724797288432,0.10867448123351252,-5.515643216215958
1,1461.0,-0.14439002412544877,0.10866002757488329,-5.51601064522229
1,1462.0,-0.14439279374418185,0.10864560763053178,-5.5163772094637675
1,1463.0,-0.14439555682908356,0.10863122140045801,-5.516742908940389
1,1464.0,-0.14439831338015388,0.10861686888466197,-5.517107743652156
1,1465.0,-0.14440106339739286,0.10860255008314368,-5.517471713599073
1,1466.0,-0.14440380688080046,0.10858826499590311,-5.517834818781133
1,1467.0,-0.14440654383037668,0.10857401362294028,-5.518197059198337
1,1468.0,-0.1444092739734544,0.10855979738802753,-5.518558398762679
1,1469.0,-0.1444119973022584,0.10854561637180156,-5.518918836445097
1,1470.0,-0.1444147144866635,0.10853146709633965,-5.519278460904777
1,1471.0,-0.14441742552666967,0.10851734956164177,-5.519637272141722
1,1472.0,-0.14442013042227694,0.10850326376770794,-5.51999527015593
1,1473.0,-0.1444228291734853,0.10848920971453817,-5.520352454947402
1,1474.0,-0.14442552178029475,0.10847518740213241,-5.520708826516134
1,1475.0,-0.1444282082427053,0.10846119683049071,-5.521064384862133
1,1476.0,-0.14443088856071695,0.10844723799961306,-5.521419129985396
1,1477.0,-0.1444335627343297,0.10843331090949945,-5.521773061885925
1,1478.0,-0.1444362307635435,0.10841941556014988,-5.522126180563712
1,1479.0,-0.14443889264835844,0.10840555195156434,-5.522478486018766
1,1480.0,-0.14444154838877443,0.10839172008374286,-5.52282997825108
1,1481.0,-0.14444419798479155,0.10837791995668541,-5.523180657260662
1,1482.0,-0.14444684143640973,0.10836415157039202,-5.523530523047503
1,1483.0,-0.144449478743629,0.10835041492486266,-5.523879575611611
1,1484.0,-0.14445210990644938,0.10833671002009736,-5.524227814952979
1,1485.0,-0.14445473492487088,0.10832303685609608,-5.5245752410716165
1,1486.0,-0.14445735379889343,0.10830939543285886,-5.524921853967514
1,1487.0,-0.1444599665285171,0.10829578575038568,-5.525267653640673
1,1488.0,-0.14446257311374183,0.10828220780867653,-5.525612640091098
1,1489.0,-0.14446517355456767,0.10826866160773144,-5.525956813318788
1,1490.0,-0.1444677678509946,0.10825514714755038,-5.526300173323739
1,1491.0,-0.1444703560030226,0.10824166442813336,-5.526642720105951
1,1492.0,-0.14447293801065172,0.1082282134494804,-5.52698445366543
1,1493.0,-0.14447551387388194,0.10821479421159148,-5.5273253740021735
1,1494.0,-0.14447808359271322,0.1082014067144666,-5.527665481116178
1,1495.0,-0.14448064716714562,0.10818805095810576,-5.528004775007449
1,1496.0,-0.14448320439512452,0.10817472799748346,-5.528343228933679
1,1497.0,-0.1444857550953339,0.1081614388123265,-5.52868081889735
1,1498.0,-0.14448830002692564,0.10814817945889085,-5.529017645373644
1,1499.0,-0.14449083918989977,0.10813494993717652,-5.529353708362562
1,1500.0,-0.1444933725842563,0.1081217502471835,-5.529689007864102
1,1501.0,-0.1444959002099952,0.10810858038891179,-5.530023543878265
1,1502.0,-0.14449842206711647,0.10809544036236138,-5.530357316405051
1,1503.0,-0.14450093815562012,0.10808233016753228,-5.530690325444461
1,1504.0,-0.14450344847550614,0.10806924980442449,-5.53102257099649
1,1505.0,-0.14450595302677458,0.10805619927303801,-5.531354053061149
1,1506.0,-0.14450845180942537,0.10804317857337285,-5.5316847716384245
1,1507.0,-0.14451094482345855,0.10803018770542899,-5.532014726728328
1,1508.0,-0.14451343206887413,0.10801722666920645,-5.5323439183308505
1,1509.0,-0.14451591354567206,0.1080042954647052,-5.532672346445997
1,1510.0,-0.14451838925385238,0.10799139409192528,-5.533000011073768
1,1511.0,-0.1445208591934151,0.10797852255086667,-5.53332691221416
1,1512.0,-0.1445233233643602,0.10796568084152935,-5.533653049867179
1,1513.0,-0.14452578176668765,0.10795286896391336,-5.533978424032815
1,1514.0,-0.1445282344003975,0.10794008691801867,-5.534303034711078
1,1515.0,-0.14453068126548974,0.10792733470384529,-5.534626881901963
1,1516.0,-0.14453312236196433,0.10791461232139321,-5.534949965605469
1,1517.0,-0.14453555768982135,0.10790191977066245,-5.535272285821605
1,1518.0,-0.14453798724906072,0.107889257051653,-5.535593842550359
1,1519.0,-0.14454041103968246,0.10787662416436486,-5.535914635791734
1,1520.0,-0.1445428290616866,0.10786402110879802,-5.536234665545736
1,1521.0,-0.14454524131507313,0.1078514478849525,-5.536553931812358
1,1522.0,-0.14454764779984203,0.10783890449282828,-5.536872434591606
1,1523.0,-0.14455004851599332,0.10782639093242538,-5.537190173883475
1,1524.0,-0.14455244346352697,0.10781390720374379,-5.5375071496879675
1,1525.0,-0.14455483218679682,0.10780145569243017,-5.537823301699453
1,1526.0,-0.1445572151479379,0.10778903402086105,-5.538138691082371
1,1527.0,-0.14455959270251076,0.10777664033743875,-5.538453364895832
1,1528.0,-0.14456196485051537,0.10776427464216327,-5.538767323139829
1,1529.0,-0.14456433159195173,0.10775193693503461,-5.539080565814366
1,1530.0,-0.14456669292681987,0.10773962721605276,-5.539393092919441
1,1531.0,-0.14456904885511976,0.10772734548521773,-5.539704904455055
1,1532.0,-0.14457139937685143,0.10771509174252952,-5.540016000421208
1,1533.0,-0.14457374449201488,0.10770286598798812,-5.540326380817902
1,1534.0,-0.14457608420061008,0.10769066822159354,-5.540636045645134
1,1535.0,-0.14457841850263703,0.10767849844334579,-5.540944994902903
1,1536.0,-0.14458074739809576,0.10766635665324484,-5.541253228591214
1,1537.0,-0.14458307088698624,0.10765424285129072,-5.541560746710061
1,1538.0,-0.1445853889693085,0.10764215703748341,-5.5418675492594485
1,1539.0,-0.14458770164506254,0.10763009921182291,-5.5421736362393785
1,1540.0,-0.14459000891424834,0.10761806937430925,-5.542479007649844
1,1541.0,-0.14459231077686588,0.1076060675249424,-5.542783663490847
1,1542.0,-0.1445946072329152,0.10759409366372236,-5.543087603762392
1,1543.0,-0.1445968982823963,0.10758214779064913,-5.543390828464474
1,1544.0,-0.14459918392530915,0.10757022990572274,-5.543693337597097
1,1545.0,-0.1446014641616538,0.10755834000894314,-5.543995131160261
1,1546.0,-0.14460373899143017,0.10754647810031037,-5.544296209153959
1,1547.0,-0.1446060084146383,0.10753464417982443,-5.5445965715781975
1,1548.0,-0.14460827243127822,0.10752283824748529,-5.544896218432975
1,1549.0,-0.1446105310413499,0.10751106030329298,-5.545195149718295
1,1550.0,-0.14461278424485335,0.10749931034724748,-5.54549336543415
1,1551.0,-0.14461503204178858,0.1074875883793488,-5.545790865580547
1,1552.0,-0.14461727443215555,0.10747589439959694,-5.546087650157482
1,1553.0,-0.14461951141595428,0.10746422840799189,-5.546383719164954
1,1554.0,-0.1446217426771289,0.10745259205783968,-5.546679030772377
1,1555.0,-0.14462396832681912,0.10744098479918612,-5.546973599689297
1,1556.0,-0.14462618891821602,0.10742940375133962,-5.547267499131595
1,1557.0,-0.14462840445131964,0.10741784891430017,-5.54756072909928
1,1558.0,-0.14463061492612997,0.10740632028806778,-5.547853289592346
1,1559.0,-0.14463282034264702,0.10739481787264245,-5.548145180610793
1,1560.0,-0.14463502070087075,0.10738334166802416,-5.548436402154621
1,1561.0,-0.14463721600080118,0.10737189167421293,-5.54872695422383
1,1562.0,-0.14463940624243835,0.10736046789120876,-5.549016836818424
1,1563.0,-0.14464159142578217,0.10734907031901164,-5.549306049938392
1,1564.0,-0.14464377155083274,0.10733769895762157,-5.549594593583747
1,1565.0,-0.14464594661759,0.10732635380703856,-5.5498824677544825
1,1566.0,-0.14464811662605398,0.10731503486726261,-5.550169672450602
1,1567.0,-0.14465028157622464,0.1073037421382937,-5.550456207672098
1,1568.0,-0.14465244146810202,0.10729247562013186,-5.550742073418976
1,1569.0,-0.1446545963016861,0.10728123531277707,-5.551027269691237
1,1570.0,-0.14465674607697687,0.10727002121622932,-5.551311796488878
1,1571.0,-0.14465889079397437,0.10725883333048863,-5.551595653811904
1,1572.0,-0.14466103045267856,0.107247671655555,-5.551878841660307
1,1573.0,-0.14466316505308946,0.10723653619142844,-5.552161360034093
1,1574.0,-0.14466529459520708,0.10722542693810891,-5.552443208933262
1,1575.0,-0.14466741907903138,0.10721434389559645,-5.552724388357812
1,1576.0,-0.14466953850456238,0.10720328706389103,-5.553004898307742
1,1577.0,-0.14467165287180012,0.10719225644299267,-5.553284738783054
1,1578.0,-0.14467376218074454,0.10718125203290137,-5.55356390978375
1,1579.0,-0.14467586643139566,0.10717027383361712,-5.553842411309822
1,1580.0,-0.14467796562375349,0.10715932184513992,-5.55412024336128
1,1581.0,-0.14468005975781803,0.10714839606746977,-5.554397405938117
1,1582.0,-0.14468214883358926,0.10713749650060668,-5.554673899040335
1,1583.0,-0.1446842328510672,0.10712662314455065,-5.554949722667936
1,1584.0,-0.14468631136973906,0.10711577830693074,-5.555224818518221
1,1585.0,-0.14468838481811222,0.10710495977657504,-5.555499243304952
1,1586.0,-0.14469045354268617,0.10709416574646811,-5.555773042887983
1,1587.0,-0.1446925175434609,0.10708339621660994,-5.556046217267316
1,1588.0,-0.14469457682043646,0.1070726511870005,-5.556318766442955
1,1589.0,-0.14469663137361277,0.10706193065763984,-5.556590690414891
1,1590.0,-0.1446986812029899,0.10705123462852793,-5.556861989183133
1,1591.0,-0.1447007263085678,0.10704056309966478,-5.557132662747678
1,1592.0,-0.1447027666903465,0.10702991607105038,-5.557402711108525
1,1593.0,-0.144704802348326,0.10701929354268473,-5.557672134265668
1,1594.0,-0.1447068332825063,0.10700869551456785,-5.557940932219121
1,1595.0,-0.14470885949288737,0.10699812198669971,-5.558209104968868
1,1596.0,-0.14471088097946924,0.10698757295908033,-5.5584766525149245
1,1597.0,-0.1447128977422519,0.10697704843170971,-5.558743574857281
1,1598.0,-0.14471490978123536,0.10696654840458786,-5.559009871995939
1,1599.0,-0.1447169170964196,0.10695607287771475,-5.559275543930897
1,1600.0,-0.14471891968780462,0.1069456218510904,-5.559540590662157
1,1601.0,-0.14472091755539046,0.1069351953247148,-5.559805012189725
1,1602.0,-0.14472291069917706,0.10692479329858795,-5.560068808513585
1,1603.0,-0.14472489911916447,0.10691441577270987,-5.560331979633756
1,1604.0,-0.14472688281535268,0.10690406274708054,-5.560594525550226
1,1605.0,-0.14472886178774166,0.10689373422169997,-5.560856446262997
1,1606.0,-0.14473083603633147,0.10688343019656815,-5.561117741772075
1,1607.0,-0.14473280556112203,0.10687315067168508,-5.561378412077451
1,1608.0,-0.1447347703621134,0.10686289564705077,-5.561638457179127
1,1609.0,-0.14473673043930554,0.10685266512266522,-5.561897877077106
1,1610.0,-0.1447386857926985,0.10684245909852844,-5.562156671771388
1,1611.0,-0.14474063642229223,0.1068322775746404,-5.5624148412619725
1,1612.0,-0.1447425823280868,0.10682212055100111,-5.562672385548865
1,1613.0,-0.1447445235100821,0.10681198802761059,-5.562929304632052
1,1614.0,-0.14474645982936923,0.10680188073090319,-5.563185580126675
1,1615.0,-0.1447483909727822,0.10679180031857059,-5.5634411705846345
1,1616.0,-0.14475031771313696,0.10678174276304758,-5.563696178289568
1,1617.0,-0.1447522400504335,0.10677170806433418,-5.563950603241476
1,1618.0,-0.14475415798467184,0.10676169622243038,-5.564204445440364
1,1619.0,-0.14475607151585193,0.10675170723733618,-5.564457704886219
1,1620.0,-0.14475798064397383,0.10674174110905156,-5.5647103815790535
1,1621.0,-0.1447598853690375,0.10673179783757655,-5.564962475518863
1,1622.0,-0.14476178569104295,0.10672187742291116,-5.565213986705644
1,1623.0,-0.14476368160999017,0.10671197986505535,-5.5654649151394
1,1624.0,-0.1447655731258792,0.10670210516400913,-5.565715260820134
1,1625.0,-0.14476746023870998,0.10669225331977251,-5.565965023747836
1,1626.0,-0.14476934294848257,0.10668242433234551,-5.566214203922517
1,1627.0,-0.14477122125519692,0.10667261820172809,-5.566462801344172
1,1628.0,-0.1447730951588531,0.10666283492792028,-5.566710816012803
1,1629.0,-0.144774964659451,0.10665307451092207,-5.566958247928408
1,1630.0,-0.14477682975699072,0.10664333695073346,-5.567205097090986
1,1631.0,-0.1447786904514722,0.10663362224735443,-5.567451363500539
1,1632.0,-0.14478054674289548,0.10662393040078501,-5.567697047157068
1,1633.0,-0.14478239863126052,0.10661426141102519,-5.567942148060569
1,1634.0,-0.14478424611656737,0.10660461527807498,-5.568186666211049
1,1635.0,-0.14478608919881597,0.10659499200193435,-5.568430601608499
1,1636.0,-0.14478792787800637,0.10658539158260333,-5.568673954252926
1,1637.0,-0.14478976215413855,0.10657581402008191,-5.568916724144327
1,1638.0,-0.14479159202721253,0.10656625931437008,-5.569158911282707
1,1639.0,-0.14479341749722827,0.10655672746546786,-5.569400515668055
1,1640.0,-0.1447952385641858,0.10654721847337523,-5.569641537300382
1,1641.0,-0.14479705522808511,0.1065377323380922,-5.569881976179682
1,1642.0,-0.1447988674889262,0.10652826905961878,-5.570121832305954
1,1643.0,-0.14480067534670907,0.10651882863795495,-5.570361105679205
1,1644.0,-0.14480247880143374,0.10650941107310072,-5.570599796299429
1,1645.0,-0.14480427778857718,0.10650001670251046,-5.570837895626887
1,1646.0,-0.14480607182367936,0.10649064807596986,-5.571075339542383
1,1647.0,-0.14480786176277113,0.10648130073005833,-5.571312241343208
1,1648.0,-0.14480964760585255,0.1064719746647759,-5.571548601029371
1,1649.0,-0.14481142935292357,0.10646266988012253,-5.571784418600862
1,1650.0,-0.14481320700398423,0.10645338637609822,-5.572019694057688
1,1651.0,-0.1448149805590345,0.106444124152703,-5.572254427399846
1,1652.0,-0.14481675001807437,0.10643488320993687,-5.572488618627336
1,1653.0,-0.14481851538110388,0.1064256635477998,-5.57272226774016
1,1654.0,-0.144820276648123,0.1064164651662918,-5.572955374738314
1,1655.0,-0.14482203381913175,0.10640728806541289,-5.573187939621803
1,1656.0,-0.1448237868941301,0.10639813224516305,-5.573419962390626
1,1657.0,-0.1448255358731181,0.10638899770554229,-5.57365144304478
1,1658.0,-0.14482728075609572,0.1063798844465506,-5.5738823815842675
1,1659.0,-0.14482902154306293,0.10637079246818798,-5.574112778009085
1,1660.0,-0.14483075823401978,0.10636172177045446,-5.574342632319236
1,1661.0,-0.14483249082896624,0.10635267235335,-5.5745719445147195
1,1662.0,-0.14483421932790233,0.1063436442168746,-5.574800714595541
1,1663.0,-0.14483594373082803,0.1063346373610283,-5.57502894256169
1,1664.0,-0.14483766403774337,0.10632565178581106,-5.575256628413175
1,1665.0,-0.1448393802486483,0.10631668749122292,-5.575483772149987
1,1666.0,-0.14484109236354287,0.10630774447726384,-5.575710373772135
1,1667.0,-0.14484280038242706,0.10629882274393383,-5.575936433279619
1,1668.0,-0.14484450430530085,0.10628992229123291,-5.5761619506724305
1,1669.0,-0.14484620413216426,0.10628104311916105,-5.576386925950573
1,1670.0,-0.1448478998630173,0.10627218522771828,-5.576611359114054
1,1671.0,-0.14484959149785998,0.10626334861690458,-5.576835250162866
1,1672.0,-0.14485127903669226,0.10625453328671995,-5.5770585990970085
1,1673.0,-0.14485296247951415,0.1062457392371644,-5.577281405916487
1,1674.0,-0.14485464182632568,0.10623696646823792,-5.577503670621296
1,1675.0,-0.14485631707712682,0.10622821497994053,-5.577725393211438
1,1676.0,-0.1448579882319176,0.10621948477227221,-5.577946573686914
1,1677.0,-0.1448596550786815,0.10621077695535039,-5.578167183986944
1,1678.0,-0.144861317497194,0.10620209217640021,-5.578387208199581
1,1679.0,-0.14486297611314114,0.1061934271691084,-5.57860672913555
1,1680.0,-0.14486463092652296,0.10618478193347494,-5.57882574679486
1,1681.0,-0.14486628193733944,0.10617615646949986,-5.579044261177501
1,1682.0,-0.1448679291455906,0.10616755077718315,-5.579262272283481
1,1683.0,-0.14486957255127644,0.1061589648565248,-5.579479780112797
1,1684.0,-0.14487121215439694,0.10615039870752484,-5.579696784665449
1,1685.0,-0.1448728479549521,0.10614185233018322,-5.579913285941436
1,1686.0,-0.14487447995294192,0.10613332572449997,-5.580129283940761
1,1687.0,-0.14487610814836643,0.1061248188904751,-5.580344778663422
1,1688.0,-0.1448777325412256,0.1061163318281086,-5.580559770109417
1,1689.0,-0.14487935313151945,0.10610786453740047,-5.580774258278753
1,1690.0,-0.14488096991924795,0.1060994170183507,-5.580988243171419
1,1691.0,-0.14488258290441114,0.1060909892709593,-5.581201724787427
1,1692.0,-0.144884192087009,0.10608258129522626,-5.581414703126769
1,1693.0,-0.14488579746704153,0.1060741930911516,-5.581627178189445
1,1694.0,-0.1448873990445087,0.10606582465873529,-5.5818391499754565
1,1695.0,-0.1448889968194106,0.10605747599797737,-5.58205061848481
1,1696.0,-0.1448905907917471,0.1060491471088778,-5.582261583717491
1,1697.0,-0.14489218096151832,0.1060408379914366,-5.582472045673518
1,1698.0,-0.1448937673287242,0.10603254864565377,-5.582682004352879
1,1699.0,-0.14489534989336472,0.10602427907152932,-5.582891459755571
1,1700.0,-0.14489692865543993,0.10601602926906323,-5.583100411881602
1,1701.0,-0.14489850361494983,0.1060077992382555,-5.583308860730971
1,1702.0,-0.14490007477189437,0.10599958897910615,-5.583516806303673
1,1703.0,-0.14490164212627357,0.10599139849161515,-5.58372424859971
1,1704.0,-0.14490320567808748,0.10598322777578253,-5.583931187619091
1,1705.0,-0.14490476542733602,0.10597507683160828,-5.584137623361798
1,1706.0,-0.14490632137401926,0.1059669456590924,-5.584343555827849
1,1707.0,-0.14490787351813716,0.10595883425823488,-5.584548985017236
1,1708.0,-0.14490942185968972,0.10595074262903574,-5.584753910929954
1,1709.0,-0.14491096639867695,0.10594267077149495,-5.584958333566011
1,1710.0,-0.14491250663963054,0.1059346212851301,-5.58516218734924
1,1711.0,-0.14491404316747236,0.10592659112472219,-5.585365549695154
1,1712.0,-0.14491557617271006,0.10591857929398518,-5.585568445817795
1,1713.0,-0.1449171056553436,0.10591058579291907,-5.5857708757171585
1,1714.0,-0.14491863161537297,0.10590261062152385,-5.585972839393244
1,1715.0,-0.14492015405279818,0.10589465377979954,-5.586174336846054
1,1716.0,-0.14492167296761926,0.10588671526774612,-5.586375368075593
1,1717.0,-0.14492318835983617,0.10587879508536362,-5.586575933081851
1,1718.0,-0.14492470022944892,0.105870893232652,-5.586776031864829
1,1719.0,-0.14492620857645752,0.1058630097096113,-5.5869756644245365
1,1720.0,-0.14492771340086197,0.10585514451624149,-5.587174830760966
1,1721.0,-0.14492921470266223,0.10584729765254258,-5.587373530874113
1,1722.0,-0.14493071248185838,0.10583946911851458,-5.587571764763991
1,1723.0,-0.14493220673845034,0.10583165891415748,-5.587769532430588
1,1724.0,-0.14493369747243817,0.10582386703947128,-5.587966833873912
1,1725.0,-0.14493518468382183,0.10581609349445598,-5.588163669093958
1,1726.0,-0.14493666837260133,0.10580833827911157,-5.588360038090724
1,1727.0,-0.14493814853877668,0.10580060139343808,-5.588555940864219
1,1728.0,-0.14493962518234788,0.10579288283743547,-5.588751377414434
1,1729.0,-0.14494109830331492,0.10578518261110378,-5.588946347741376
1,1730.0,-0.1449425679016778,0.10577750071444299,-5.589140851845039
1,1731.0,-0.14494403397743655,0.10576983714745308,-5.589334889725428
1,1732.0,-0.1449454965305911,0.1057621919101341,-5.589528461382536
1,1733.0,-0.14494695556114154,0.105754565002486,-5.589721566816371
1,1734.0,-0.1449484110690878,0.1057469564245088,-5.589914206026928
1,1735.0,-0.1449498630544299,0.10573936617620251,-5.590106379014207
1,1736.0,-0.14495131151716784,0.10573179425756712,-5.59029808577821
1,1737.0,-0.14495275645730163,0.10572424066860264,-5.5904893263189415
1,1738.0,-0.14495419787483127,0.10571670540930905,-5.5906801006363915
1,1739.0,-0.14495563576975676,0.10570918847968636,-5.5908704087305665
1,1740.0,-0.1449570701420781,0.10570168987973458,-5.5910602506014655
1,1741.0,-0.14495850099179525,0.1056942096094537,-5.591249626249087
1,1742.0,-0.14495992831890828,0.1056867476688437,-5.591438535673434
1,1743.0,-0.14496135181456546,0.10567930567692851,-5.591626937997401
1,1744.0,-0.14496277160983742,0.10567188296280744,-5.591814850568438
1,1745.0,-0.14496418814912837,0.1056644772029581,-5.592002332204269
1,1746.0,-0.14496560143243825,0.10565708839738051,-5.592189382904891
1,1747.0,-0.1449670114597671,0.10564971654607466,-5.592376002670309
1,1748.0,-0.14496841823111492,0.10564236164904056,-5.59256219150052
1,1749.0,-0.14496982174648168,0.10563502370627821,-5.592747949395522
1,1750.0,-0.14497122200586743,0.1056277027177876,-5.592933276355324
1,1751.0,-0.1449726190092721,0.10562039868356872,-5.5931181723799135
1,1752.0,-0.14497401275669577,0.1056131116036216,-5.593302637469302
1,1753.0,-0.14497540324813837,0.10560584147794622,-5.593486671623482
1,1754.0,-0.14497679048359996,0.10559858830654259,-5.593670274842455
1,1755.0,-0.14497817446308048,0.10559135208941069,-5.593853447126221
1,1756.0,-0.14497955518657998,0.10558413282655055,-5.594036188474782
1,1757.0,-0.14498093265409845,0.10557693051796214,-5.594218498888139
1,1758.0,-0.14498230686563585,0.10556974516364548,-5.594400378366283
1,1759.0,-0.14498367782119223,0.10556257676360056,-5.594581826909226
1,1760.0,-0.14498504552076757,0.1055554253178274,-5.594762844516962
1,1761.0,-0.14498640996436185,0.10554829082632597,-5.59494343118949
1,1762.0,-0.14498777115197511,0.10554117328909629,-5.595123586926813
1,1763.0,-0.14498912908360734,0.10553407270613835,-5.595303311728932
1,1764.0,-0.1449904837592585,0.10552698907745216,-5.595482605595838
1,1765.0,-0.14499183517892864,0.1055199224030377,-5.5956614685275445
1,1766.0,-0.14499318334261774,0.105512872682895,-5.5958399005240445
1,1767.0,-0.1449945282503258,0.10550583991702404,-5.596017901585333
1,1768.0,-0.1449958699020528,0.10549882410542483,-5.596195471711417
1,1769.0,-0.14499720829779877,0.10549182524809735,-5.596372610902296
1,1770.0,-0.14499854343756371,0.10548484334504162,-5.596549319157968
1,1771.0,-0.14499987532134762,0.10547787839625763,-5.596725596478434
1,1772.0,-0.14500120394915048,0.10547093040174539,-5.596901442863695
1,1773.0,-0.1450025293209723,0.1054639993615049,-5.5970768583137485
1,1774.0,-0.14500385143681307,0.10545708527553614,-5.597251842828598
1,1775.0,-0.14500517029667281,0.10545018814383914,-5.597426396408237
1,1776.0,-0.14500648590055149,0.10544330796641388,-5.597600519052667
1,1777.0,-0.1450077980244412,0.10543644591741484,-5.597774181114023
1,1778.0,-0.14500910660362737,0.10542960234876791,-5.597947374027209
1,1779.0,-0.14501041218028857,0.10542277442502859,-5.5981201695505725
1,1780.0,-0.1450117147544248,0.10541596214619685,-5.598292567684118
1,1781.0,-0.145013014326036,0.10540916551227271,-5.598464568427835
1,1782.0,-0.1450143108951222,0.10540238452325615,-5.598636171781732
1,1783.0,-0.14501560446168343,0.10539561917914719,-5.598807377745807
1,1784.0,-0.14501689502571966,0.10538886947994583,-5.598978186320058
1,1785.0,-0.1450181825872309,0.10538213542565204,-5.599148597504487
1,1786.0,-0.14501946714621713,0.10537541701626586,-5.599318611299094
1,1787.0,-0.1450207487026784,0.10536871425178727,-5.59948822770388
1,1788.0,-0.14502202725661464,0.10536202713221626,-5.59965744671884
1,1789.0,-0.1450233028080259,0.10535535565755286,-5.599826268343977
1,1790.0,-0.14502457535691216,0.10534869982779704,-5.599994692579294
1,1791.0,-0.14502584490327344,0.10534205964294882,-5.600162719424788
1,1792.0,-0.14502711144710972,0.10533543510300819,-5.600330348880459
1,1793.0,-0.145028374988421,0.10532882620797514,-5.600497580946309
1,1794.0,-0.1450296355272073,0.10532223295784969,-5.600664415622335
1,1795.0,-0.14503089306346859,0.10531565535263183,-5.600830852908539
1,1796.0,-0.1450321475972049,0.10530909339232157,-5.60099689280492
1,1797.0,-0.1450333991284162,0.1053025470769189,-5.601162535311478
1,1798.0,-0.1450346476571025,0.10529601640642382,-5.6013277804282104
1,1799.0,-0.14503589318326382,0.10528950138083633,-5.601492628155125
1,1800.0,-0.14503713570690016,0.10528300200015643,-5.601657078492218
1,1801.0,-0.1450383752280115,0.10527651826438414,-5.601821131439487
1,1802.0,-0.14503961174659782,0.10527005017351942,-5.601984786996931
1,1803.0,-0.14504084526265917,0.1052635977275623,-5.602148045164553
1,1804.0,-0.14504207577619552,0.10525716092651277,-5.602310905942353
1,1805.0,-0.14504330328720688,0.10525073977037083,-5.602473369330333
1,1806.0,-0.14504452779569324,0.1052443342591365,-5.6026354353284855
1,1807.0,-0.1450457493016546,0.10523794439280974,-5.602797103936816
1,1808.0,-0.14504696780509096,0.10523157017139058,-5.602958375155328
1,1809.0,-0.14504818330600236,0.10522521159487902,-5.603119248984018
1,1810.0,-0.14504939580438875,0.10521886866327504,-5.6032797254228806
1,1811.0,-0.14505060530025013,0.10521254137657866,-5.603439804471922
1,1812.0,-0.14505181156928798,0.10520623091080343,-5.603599456444808
1,1813.0,-0.14505301455739666,0.10519993756089613,-5.603758674180554
1,1814.0,-0.1450542147834639,0.1051936586118647,-5.6039175263549295
1,1815.0,-0.14505541224748972,0.10518739406370911,-5.604076012967936
1,1816.0,-0.14505660694947412,0.10518114391642941,-5.6042341340195705
1,1817.0,-0.1450577988894171,0.10517490817002559,-5.604391889509837
1,1818.0,-0.14505898806731868,0.10516868682449762,-5.604549279438734
1,1819.0,-0.14506017448317882,0.10516247987984552,-5.6047063038062594
1,1820.0,-0.14506135813699753,0.10515628733606928,-5.604862962612412
1,1821.0,-0.14506253902877483,0.10515010919316892,-5.605019255857198
1,1822.0,-0.1450637171585107,0.10514394545114443,-5.6051751835406165
1,1823.0,-0.14506489252620516,0.1051377961099958,-5.605330745662659
1,1824.0,-0.1450660651318582,0.10513166116972303,-5.605485942223338
1,1825.0,-0.14506723497546983,0.10512554063032614,-5.605640773222646
1,1826.0,-0.14506840205704002,0.10511943449180511,-5.605795238660581
1,1827.0,-0.14506956637656881,0.10511334275415996,-5.6059493385371475
1,1828.0,-0.14507072793405618,0.10510726541739067,-5.6061030728523455
1,1829.0,-0.1450718867295021,0.10510120248149724,-5.606256441606172
1,1830.0,-0.1450730427629066,0.10509515394647968,-5.606409444798625
1,1831.0,-0.14507419603426971,0.105089119812338,-5.606562082429714
1,1832.0,-0.14507534654359142,0.10508310007907218,-5.606714354499433
1,1833.0,-0.14507649429087166,0.10507709474668223,-5.606866261007779
1,1834.0,-0.1450776392761105,0.10507110381516814,-5.607017801954758
1,1835.0,-0.14507878149930792,0.10506512728452992,-5.607168977340364
1,1836.0,-0.1450799209604639,0.10505916515476757,-5.6073197871646006
1,1837.0,-0.1450810576595785,0.10505321742588108,-5.6074702314274685
1,1838.0,-0.14508219159665164,0.10504728409787047,-5.6076203101289686
1,1839.0,-0.1450833227716834,0.10504136517073571,-5.607770023269096
1,1840.0,-0.1450844511846737,0.10503546064447684,-5.607919370847852
1,1841.0,-0.1450855768356226,0.10502957051909383,-5.608068352865241
1,1842.0,-0.14508669972453006,0.10502369479458668,-5.6082169693212585
1,1843.0,-0.14508781985139613,0.1050178334709554,-5.608365220215907
1,1844.0,-0.14508893721622076,0.10501198654819999,-5.608513105549186
1,1845.0,-0.14509005181900397,0.10500615402632045,-5.608660625321094
1,1846.0,-0.14509116365974578,0.10500033590531678,-5.608807779531634
1,1847.0,-0.14509227273844616,0.10499453218518896,-5.608954568180805
1,1848.0,-0.14509337878082593,0.10498874430464479,-5.609100954967236
1,1849.0,-0.1450944818622479,0.10498297187909765,-5.609246949865347
1,1850.0,-0.14509558240935622,0.1049772126748844,-5.609392609342279
1,1851.0,-0.14509668042215085,0.10497146669200505,-5.609537933398038
1,1852.0,-0.14509777590063183,0.10496573393045958,-5.6096829220326265
1,1853.0,-0.14509886884479914,0.104960014390248,-5.6098275752460385
1,1854.0,-0.14509995925465277,0.10495430807137032,-5.609971893038276
1,1855.0,-0.14510104713019276,0.10494861497382653,-5.610115875409339
1,1856.0,-0.14510213247141907,0.10494293509761664,-5.6102595223592315
1,1857.0,-0.1451032152783317,0.10493726844274064,-5.610402833887948
1,1858.0,-0.14510429555093066,0.10493161500919852,-5.610545809995487
1,1859.0,-0.14510537328921597,0.1049259747969903,-5.610688450681853
1,1860.0,-0.14510644849318757,0.10492034780611596,-5.610830755947045
1,1861.0,-0.14510752116284556,0.10491473403657552,-5.610972725791066
1,1862.0,-0.14510859129818984,0.10490913348836897,-5.611114360213908
1,1863.0,-0.14510965889922048,0.10490354616149632,-5.611255659215582
1,1864.0,-0.14511072396593744,0.10489797205595755,-5.611396622796078
1,1865.0,-0.14511178649834072,0.10489241117175269,-5.611537250955399
1,1866.0,-0.14511284649643036,0.1048868635088817,-5.61167754369355
1,1867.0,-0.1451139039602063,0.10488132906734461,-5.61181750101052
1,1868.0,-0.14511495888966858,0.10487580784714141,-5.611957122906319
1,1869.0,-0.14511601128481721,0.1048702998482721,-5.612096409380946
1,1870.0,-0.14511706114565215,0.1048648050707367,-5.612235360434396
1,1871.0,-0.14511810847217343,0.10485932351453517,-5.612373976066674
1,1872.0,-0.14511915326438107,0.10485385517966754,-5.612512256277781
1,1873.0,-0.145120195522275,0.1048484000661338,-5.612650201067708
1,1874.0,-0.1451212352458553,0.10484295817393395,-5.612787810436464
1,1875.0,-0.1451222724351219,0.104837529503068,-5.6129250843840435
1,1876.0,-0.14512330709007484,0.10483211405353594,-5.6130620229104515
1,1877.0,-0.14512433921071413,0.10482671182533776,-5.613198626015684
1,1878.0,-0.14512536879703972,0.10482132281847349,-5.613334893699739
1,1879.0,-0.14512639584905168,0.1048159470329431,-5.613470825962628
1,1880.0,-0.14512742036674994,0.1048105844687466,-5.613606422804338
1,1881.0,-0.14512844235013456,0.104805235125884,-5.613741684224874
1,1882.0,-0.1451294617992055,0.10479989900435528,-5.613876610224237
1,1883.0,-0.14513047871396276,0.10479457610416046,-5.614011200802422
1,1884.0,-0.14513149309440634,0.10478926642529954,-5.614145455959434
1,1885.0,-0.14513250460457647,0.10478397173081654,-5.614279331230361
1,1886.0,-0.1451335134773644,0.10477869080891834,-5.6144128574388015
1,1887.0,-0.14513452003104776,0.1047734219923279,-5.6145460767093995
1,1888.0,-0.14513552426562662,0.10476816528104521,-5.614678989042156
1,1889.0,-0.14513652618110093,0.10476292067507026,-5.614811594437074
1,1890.0,-0.14513752577747072,0.10475768817440305,-5.614943892894149
1,1891.0,-0.14513852305473599,0.1047524677790436,-5.615075884413383
1,1892.0,-0.1451395180128967,0.1047472594889919,-5.61520756899478
1,1893.0,-0.1451405106519529,0.10474206330424794,-5.6153389466383326
1,1894.0,-0.14514150097190456,0.10473687922481173,-5.615470017344045
1,1895.0,-0.14514248897275167,0.10473170725068327,-5.615600781111914
1,1896.0,-0.1451434746544943,0.10472654738186256,-5.615731237941948
1,1897.0,-0.14514445801713236,0.1047213996183496,-5.6158613878341415
1,1898.0,-0.14514543906066588,0.10471626396014438,-5.615991230788486
1,1899.0,-0.14514641778509488,0.10471114040724691,-5.616120766804999
1,1900.0,-0.14514739419041933,0.1047060289596572,-5.616249995883664
1,1901.0,-0.14514836827663927,0.10470092961737523,-5.616378918024491
1,1902.0,-0.14514934004375468,0.104695842380401,-5.616507533227478
1,1903.0,-0.14515030949176555,0.10469076724873454,-5.616635841492624
1,1904.0,-0.14515127662067187,0.1046857042223758,-5.6167638428199265
1,1905.0,-0.1451522414304737,0.10468065330132482,-5.616891537209392
1,1906.0,-0.14515320392117095,0.1046756144855816,-5.617018924661013
1,1907.0,-0.14515416409276372,0.10467058777514612,-5.6171460051748
1,1908.0,-0.1451551219452519,0.10466557317001839,-5.617272778750738
1,1909.0,-0.1451560774786356,0.1046605706701984,-5.6173992453888415
1,1910.0,-0.14515703069291475,0.10465558027568617,-5.617525405089102
1,1911.0,-0.14515798158808935,0.10465060198648167,-5.617651257851519
1,1912.0,-0.14515893016415943,0.10464563580258494,-5.617776803676098
1,1913.0,-0.145159876421125,0.10464068172399595,-5.617902042562838
1,1914.0,-0.145160820358986,0.1046357397507147,-5.618026974511736
1,1915.0,-0.14516176197774247,0.1046308098827412,-5.618151599522788
1,1916.0,-0.14516270127739445,0.10462589212007546,-5.618275917596008
1,1917.0,-0.14516363825794185,0.10462098646271746,-5.618399928731379
1,1918.0,-0.14516457291938475,0.10461609291066722,-5.618523632928914
1,1919.0,-0.1451655052617231,0.10461121146392471,-5.618647030188606
1,1920.0,-0.14516643528495693,0.10460634212248995,-5.61877012051046
1,1921.0,-0.14516736298908622,0.10460148488636295,-5.618892903894471
1,1922.0,-0.14516828837411097,0.10459663975554369,-5.619015380340639
1,1923.0,-0.14516921106372596,0.10459180870545787,-5.619137500044268
1,1924.0,-0.1451701313973953,0.10458698996377772,-5.619259307934059
1,1925.0,-0.14517104961490698,0.10458218227379831,-5.6193808357464095
1,1926.0,-0.145171965716261,0.10457738563551963,-5.619502083481322
1,1927.0,-0.14517287970145734,0.10457260004894169,-5.619623051138789
1,1928.0,-0.14517379157049604,0.10456782551406446,-5.619743738718817
1,1929.0,-0.14517470132337706,0.10456306203088798,-5.619864146221402
1,1930.0,-0.14517560896010046,0.10455830959941223,-5.619984273646552
1,1931.0,-0.14517651448066615,0.10455356821963721,-5.620104120994255
1,1932.0,-0.1451774178850742,0.10454883789156293,-5.62022368826452
1,1933.0,-0.1451783191733246,0.10454411861518938,-5.62034297545734
1,1934.0,-0.14517921834541733,0.10453941039051656,-5.620461982572721
1,1935.0,-0.1451801154013524,0.10453471321754447,-5.6205807096106595
1,1936.0,-0.1451810103411298,0.10453002709627313,-5.620699156571158
1,1937.0,-0.14518190316474952,0.1045253520267025,-5.620817323454212
1,1938.0,-0.1451827938722116,0.10452068800883262,-5.6209352102598285
1,1939.0,-0.145183682463516,0.10451603504266345,-5.621052816988001
1,1940.0,-0.14518456893866277,0.10451139312819503,-5.621170143638733
1,1941.0,-0.14518545329765187,0.10450676226542734,-5.621287190212024
1,1942.0,-0.14518633554048332,0.10450214245436039,-5.62140395670788
1,1943.0,-0.1451872156671571,0.10449753369499416,-5.621520443126286
1,1944.0,-0.14518809367767319,0.10449293598732867,-5.621636649467251
1,1945.0,-0.14518896957203165,0.1044883493313639,-5.621752575730781
1,1946.0,-0.14518984335023244,0.10448377372709988,-5.621868221916867
1,1947.0,-0.14519071501227557,0.10447920917453658,-5.621983588025511
1,1948.0,-0.14519158455816103,0.10447465567367403,-5.622098674056716
1,1949.0,-0.14519245198788883,0.1044701132245122,-5.622213480010474
1,1950.0,-0.14519331730145899,0.1044655818270511,-5.622328005886795
1,1951.0,-0.14519418049887145,0.10446106148129074,-5.6224422516856745
1,1952.0,-0.14519504158012628,0.10445655218723111,-5.622556217407113
1,1953.0,-0.14519590054522344,0.10445205394487221,-5.62266990305111
1,1954.0,-0.14519675739416293,0.10444756675421404,-5.622783308617664
1,1955.0,-0.14519761212694476,0.10444309061525661,-5.622896434106779
1,1956.0,-0.14519846474356896,0.10443862552799991,-5.623009279518453
1,1957.0,-0.14519931524403545,0.10443417149244394,-5.623121844852684
1,1958.0,-0.14520016362834431,0.10442972850858871,-5.623234130109475
1,1959.0,-0.1452010098964955,0.1044252965764342,-5.623346135288825
1,1960.0,-0.14520185404848904,0.10442087569598044,-5.623457860390734
1,1961.0,-0.1452026960843249,0.1044164658672274,-5.623569305415198
1,1962.0,-0.14520353563727306,0.10441206901557067,-5.6236804218248135
1,1963.0,-0.14520437303421113,0.10440768343323507,-5.623791252882444
1,1964.0,-0.14520520850595023,0.1044033079102012,-5.623901829136372
1,1965.0,-0.14520604205249038,0.10439894244646909,-5.624012150586606
1,1966.0,-0.14520687367383156,0.10439458704203873,-5.624122217233141
1,1967.0,-0.14520770336997382,0.1043902416969101,-5.62423202907598
1,1968.0,-0.1452085311409171,0.10438590641108321,-5.624341586115121
1,1969.0,-0.14520935698666143,0.10438158118455805,-5.624450888350561
1,1970.0,-0.1452101809072068,0.10437726601733464,-5.624559935782306
1,1971.0,-0.14521100290255323,0.10437296090941299,-5.624668728410354
1,1972.0,-0.14521182297270072,0.10436866586079306,-5.6247772662347035
1,1973.0,-0.14521264111764925,0.10436438087147488,-5.62488554925536
1,1974.0,-0.14521345733739882,0.10436010594145845,-5.624993577472313
1,1975.0,-0.14521427163194942,0.10435584107074375,-5.625101350885569
1,1976.0,-0.1452150840013011,0.10435158625933079,-5.625208869495131
1,1977.0,-0.1452158944454538,0.10434734150721957,-5.625316133300991
1,1978.0,-0.14521670296440756,0.1043431068144101,-5.625423142303155
1,1979.0,-0.14521750955816234,0.10433888218090237,-5.625529896501622
1,1980.0,-0.1452183142267182,0.10433466760669638,-5.6256363958963895
1,1981.0,-0.14521911697007509,0.10433046309179213,-5.625742640487462
1,1982.0,-0.14521991778823304,0.10432626863618963,-5.625848630274838
1,1983.0,-0.14522071668119202,0.10432208423988887,-5.6259543652585124
1,1984.0,-0.14522151364895206,0.10431790990288985,-5.626059845438492
1,1985.0,-0.14522230869151312,0.10431374562519256,-5.626165070814772
1,1986.0,-0.14522310180887527,0.10430959140679702,-5.626270041387357
1,1987.0,-0.14522389300103844,0.10430544724770323,-5.626374757156246
1,1988.0,-0.14522468226800264,0.10430131314791118,-5.626479218121431
1,1989.0,-0.14522546960976793,0.10429718910742086,-5.626583424282925
1,1990.0,-0.14522625502633424,0.10429307512623229,-5.626687375640718
1,1991.0,-0.14522703851770158,0.10428897120434545,-5.626791072194812
1,1992.0,-0.14522782008387,0.10428487734176037,-5.626894513945214
1,1993.0,-0.14522859972483945,0.10428079353847702,-5.6269977008919145
1,1994.0,-0.14522937744060996,0.10427671979449542,-5.627100633034917
1,1995.0,-0.1452301532311815,0.10427265610981555,-5.627203310374221
1,1996.0,-0.14523092709655408,0.10426860248443742,-5.6273057329098295
1,1997.0,-0.14523169903672772,0.10426455891836105,-5.627407900641741
1,1998.0,-0.1452324690517024,0.10426052541158641,-5.627509813569953
1,1999.0,-0.14523323714147815,0.10425650196411351,-5.62761147169447
1,2000.0,-0.1452340033060549,0.10425248857594235,-5.627712875015284
1,2001.0,-0.14523476754543274,0.10424848524707295,-5.627814023532406
1,2002.0,-0.14523552958418393,0.1042444934233588,-5.6279148807924555
1,2003.0,-0.14523628954472542,0.10424051246852133,-5.628015462997553
1,2004.0,-0.14523704775932902,0.10423654064047733,-5.628115814124488
1,2005.0,-0.14523780422799473,0.1042325779392268,-5.628215934173267
1,2006.0,-0.14523855895072252,0.10422862436476973,-5.628315823143875
1,2007.0,-0.14523931192751238,0.10422467991710616,-5.628415481036326
1,2008.0,-0.14524006315836435,0.10422074459623604,-5.628514907850616
1,2009.0,-0.14524081264327843,0.1042168184021594,-5.628614103586745
1,2010.0,-0.14524156038225455,0.10421290133487625,-5.62871306824471
1,2011.0,-0.14524230637529278,0.10420899339438655,-5.62881180182451
1,2012.0,-0.14524305062239312,0.10420509458069034,-5.628910304326153
1,2013.0,-0.14524379312355554,0.10420120489378759,-5.629008575749633
1,2014.0,-0.14524453387878003,0.10419732433367833,-5.62910661609495
1,2015.0,-0.14524527288806663,0.10419345290036253,-5.629204425362106
1,2016.0,-0.1452460101514153,0.10418959059384021,-5.629302003551101
1,2017.0,-0.1452467456688261,0.10418573741411136,-5.629399350661934
1,2018.0,-0.14524747944029895,0.10418189336117598,-5.629496466694607
1,2019.0,-0.14524821146583392,0.10417805843503408,-5.629593351649116
1,2020.0,-0.14524894174543096,0.10417423263568565,-5.629690005525462
1,2021.0,-0.14524967027909008,0.1041704159631307,-5.629786428323649
1,2022.0,-0.1452503970668113,0.10416660841736922,-5.629882620043674
1,2023.0,-0.14525112210859462,0.1041628099984012,-5.629978580685535
1,2024.0,-0.14525184540444003,0.10415902070622667,-5.630074310249235
1,2025.0,-0.14525256695434752,0.10415524054084561,-5.630169808734774
1,2026.0,-0.1452532867583171,0.10415146950225802,-5.630265076142152
1,2027.0,-0.1452540048163488,0.1041477075904639,-5.630360112471366
1,2028.0,-0.14525472112844254,0.10414395480546326,-5.630454917722418
1,2029.0,-0.1452554356945984,0.10414021114725609,-5.6305494918953105
1,2030.0,-0.14525614851481633,0.1041364766158424,-5.630643834990039
1,2031.0,-0.14525685958909637,0.10413275121122219,-5.630737947006606
1,2032.0,-0.1452575689174385,0.10412903493339544,-5.630831827945013
1,2033.0,-0.14525827649984271,0.10412532778236216,-5.63092547780526
1,2034.0,-0.14525898233630902,0.10412162975812236,-5.631018896587341
1,2035.0,-0.1452596864268374,0.10411794086067604,-5.63111208429126
1,2036.0,-0.14526038877142788,0.10411426109002318,-5.6312050409170205
1,2037.0,-0.14526108937008045,0.1041105904461638,-5.631297766464616
1,2038.0,-0.14526178822279512,0.1041069289290979,-5.631390260934051
1,2039.0,-0.14526248532957187,0.10410327653882546,-5.631482524325326
1,2040.0,-0.1452631806904107,0.10409963327534649,-5.631574556638435
1,2041.0,-0.14526387430531162,0.10409599913866101,-5.631666357873386
1,2042.0,-0.14526456617427466,0.104092374128769,-5.631757928030175
1,2043.0,-0.14526525624368472,0.10408875852702143,-5.631849260012749
1,2044.0,-0.1452659441348929,0.10408515432417896,-5.631940303706214
1,2045.0,-0.14526663044803223,0.1040815583740965,-5.632031138539301
1,2046.0,-0.14526731518310265,0.104077970676774,-5.6321217645120045
1,2047.0,-0.14526799834010423,0.1040743912322115,-5.632212181624332
1,2048.0,-0.14526867991903694,0.10407082004040899,-5.632302389876279
1,2049.0,-0.14526935991990078,0.10406725710136647,-5.632392389267852
1,2050.0,-0.14527003834269575,0.10406370241508392,-5.632482179799039
1,2051.0,-0.14527071518742185,0.10406015598156136,-5.632571761469852
1,2052.0,-0.14527139045407905,0.10405661780079879,-5.632661134280279
1,2053.0,-0.1452720641426674,0.1040530878727962,-5.6327502982303335
1,2054.0,-0.1452727362531869,0.1040495661975536,-5.632839253320008
1,2055.0,-0.14527340678563752,0.10404605277507098,-5.632927999549304
1,2056.0,-0.14527407574001927,0.10404254760534835,-5.63301653691822
1,2057.0,-0.14527474311633215,0.10403905068838572,-5.633104865426759
1,2058.0,-0.14527540891457613,0.10403556202418306,-5.633192985074915
1,2059.0,-0.14527607313475127,0.10403208161274038,-5.633280895862692
1,2060.0,-0.14527673577685754,0.1040286094540577,-5.633368597790093
1,2061.0,-0.14527739684089494,0.104025145548135,-5.633456090857116
1,2062.0,-0.14527805632686347,0.10402168989497228,-5.633543375063757
1,2063.0,-0.14527871423476313,0.10401824249456955,-5.63363045041002
1,2064.0,-0.14527937056459392,0.10401480334692681,-5.633717316895906
1,2065.0,-0.1452800253163558,0.10401137245204405,-5.633803974521406
1,2066.0,-0.14528067849004886,0.10400794980992129,-5.633890423286533
1,2067.0,-0.14528133008567304,0.1040045354205585,-5.633976663191278
1,2068.0,-0.14528198010322835,0.10400112928395569,-5.634062694235649
1,2069.0,-0.1452826285427148,0.10399773140011288,-5.63414851641964
1,2070.0,-0.14528327540413236,0.10399434176903005,-5.63423412974325
1,2071.0,-0.14528392068748103,0.10399096039070721,-5.634319534206475
1,2072.0,-0.14528456439276086,0.10398758726514436,-5.634404729809328
1,2073.0,-0.14528520651997182,0.10398422239234148,-5.6344897165518
1,2074.0,-0.1452858470691139,0.10398086577229859,-5.634574494433894
1,2075.0,-0.14528648604018712,0.1039775174050157,-5.634659063455611
1,2076.0,-0.14528712343319147,0.10397417729049278,-5.6347434236169445
1,2077.0,-0.14528775924812692,0.10397084542872985,-5.6348275749179
1,2078.0,-0.14528839348499353,0.1039675218197269,-5.634911517358478
1,2079.0,-0.14528902614379127,0.10396420646348395,-5.634995250938676
1,2080.0,-0.14528965722452014,0.10396089936000098,-5.635078775658498
1,2081.0,-0.14529028672718014,0.10395760050927799,-5.635162091517938
1,2082.0,-0.14529091465177127,0.10395430991131499,-5.635245198517
1,2083.0,-0.14529154099829353,0.10395102756611198,-5.635328096655685
1,2084.0,-0.1452921657667469,0.10394775347366896,-5.635410785933984
1,2085.0,-0.1452927889571314,0.10394448763398591,-5.635493266351909
1,2086.0,-0.145293410368412,0.10394123110250027,-5.635575511302088
1,2087.0,-0.1452940299753083,0.10393798401614306,-5.635657517438616
1,2088.0,-0.14529464816093232,0.10393474436548036,-5.635739335467088
1,2089.0,-0.14529526492528408,0.1039315121505122,-5.635820965387507
1,2090.0,-0.14529588026836351,0.10392828737123856,-5.635902407199863
1,2091.0,-0.14529649419017068,0.10392507002765945,-5.635983660904167
1,2092.0,-0.14529710669070553,0.10392186011977485,-5.636064726500409
1,2093.0,-0.1452977177699681,0.10391865764758478,-5.636145603988596
1,2094.0,-0.1452983274279584,0.10391546261108922,-5.636226293368728
1,2095.0,-0.14529893566467642,0.1039122750102882,-5.636306794640804
1,2096.0,-0.1452995424801221,0.1039090948451817,-5.636387107804821
1,2097.0,-0.14530014787429554,0.10390592211576971,-5.63646723286078
1,2098.0,-0.14530075184719665,0.10390275682205224,-5.63654716980868
1,2099.0,-0.1453013543988255,0.10389959896402931,-5.636626918648526
1,2100.0,-0.14530195552918207,0.1038964485417009,-5.636706479380316
1,2101.0,-0.14530255523826632,0.103893305555067,-5.636785852004047
1,2102.0,-0.1453031535260783,0.10389017000412763,-5.636865036519724
1,2103.0,-0.14530375039261798,0.10388704188888279,-5.636944032927339
1,2104.0,-0.14530434583788537,0.10388392120933246,-5.637022841226899
1,2105.0,-0.14530493986188048,0.10388080796547665,-5.637101461418401
1,2106.0,-0.14530553246460332,0.10387770215731537,-5.637179893501849
1,2107.0,-0.14530612364605383,0.10387460378484861,-5.637258137477237
1,2108.0,-0.14530671340623208,0.10387151284807637,-5.637336193344569
1,2109.0,-0.14530730174513803,0.10386842934699866,-5.637414061103846
1,2110.0,-0.1453078886627717,0.10386535328161547,-5.637491740755064
1,2111.0,-0.14530847415913306,0.1038622846519268,-5.6375692322982225
1,2112.0,-0.14530905823422216,0.10385922345793265,-5.63764653573333
1,2113.0,-0.14530964088803894,0.10385616969963303,-5.637723651060376
1,2114.0,-0.14531022212058345,0.10385312337702793,-5.637800578279367
1,2115.0,-0.14531080193185567,0.10385008449011734,-5.637877317390299
1,2116.0,-0.1453113803218556,0.1038470530389013,-5.637953868393175
1,2117.0,-0.14531195729058324,0.10384402902337976,-5.638030231287996
1,2118.0,-0.14531253283803858,0.10384101244355275,-5.638106406074756
1,2119.0,-0.14531310696422164,0.10383800329942025,-5.638182392753461
1,2120.0,-0.14531367966913242,0.10383500159098229,-5.638258191324109
1,2121.0,-0.1453142509527709,0.10383200731823884,-5.6383338017866995
1,2122.0,-0.14531482081513708,0.10382902048118993,-5.638409224141231
1,2123.0,-0.145315389256231,0.10382604107983552,-5.638484458387712
1,2124.0,-0.1453159562760526,0.10382306911417565,-5.638559504526127
1,2125.0,-0.14531652187460192,0.10382010458421029,-5.63863436255649
1,2126.0,-0.14531708605187896,0.10381714748993946,-5.638709032478796
1,2127.0,-0.1453176488078837,0.10381419783136316,-5.638783514293045
1,2128.0,-0.14531821014261617,0.10381125560848137,-5.63885780799924
1,2129.0,-0.14531877005607632,0.1038083208212941,-5.638931913597372
1,2130.0,-0.14531932841798942,0.10380539415373782,-5.639005813845334
1,2131.0,-0.1453198850544337,0.10380247652207589,-5.639079485724261
1,2132.0,-0.14532044041566208,0.10379956556442058,-5.639152988825971
1,2133.0,-0.14532099450167457,0.1037966612807719,-5.639226323150459
1,2134.0,-0.14532154731247118,0.10379376367112987,-5.63929948869773
1,2135.0,-0.1453220988480519,0.10379087273549448,-5.639372485467782
1,2136.0,-0.1453226491084167,0.10378798847386571,-5.639445313460612
1,2137.0,-0.14532319809356561,0.10378511088624359,-5.639517972676228
1,2138.0,-0.14532374580349866,0.1037822399726281,-5.639590463114627
1,2139.0,-0.1453242922382158,0.10377937573301925,-5.639662784775804
1,2140.0,-0.14532483739771704,0.10377651816741704,-5.639734937659762
1,2141.0,-0.1453253812820024,0.10377366727582146,-5.639806921766503
1,2142.0,-0.14532592389107185,0.10377082305823251,-5.639878737096023
1,2143.0,-0.1453264652249254,0.1037679855146502,-5.639950383648325
1,2144.0,-0.14532700528356307,0.10376515464507453,-5.64002186142341
1,2145.0,-0.14532754406698487,0.1037623304495055,-5.640093170421275
1,2146.0,-0.14532808157519075,0.10375951292794311,-5.640164310641923
1,2147.0,-0.14532861780818074,0.10375670208038736,-5.640235282085348
1,2148.0,-0.14532915276595484,0.10375389790683823,-5.6403060847515585
1,2149.0,-0.14532968644851305,0.10375110040729574,-5.640376718640548
1,2150.0,-0.14533021885585537,0.10374830958175989,-5.640447183752324
1,2151.0,-0.1453307499879818,0.10374552543023068,-5.640517480086877
1,2152.0,-0.14533127984489233,0.1037427479527081,-5.640587607644213
1,2153.0,-0.14533180842658697,0.10373997714919216,-5.640657566424329
1,2154.0,-0.1453323357330657,0.10373721301968285,-5.640727356427226
1,2155.0,-0.14533286176432855,0.10373445556418018,-5.6407969776529026
1,2156.0,-0.1453333865203755,0.10373170478268415,-5.640866430101365
1,2157.0,-0.14533391000120657,0.10372896067519476,-5.640935713772605
1,2158.0,-0.14533443220682174,0.103726223241712,-5.641004828666629
1,2159.0,-0.14533495313722103,0.10372349248223588,-5.641073774783432
1,2160.0,-0.1453354727924044,0.10372076839676639,-5.641142552123019
1,2161.0,-0.14533599117237192,0.10371805098530354,-5.641211160685386
1,2162.0,-0.14533650827712352,0.10371534024784733,-5.6412796004705354
1,2163.0,-0.14533702410665922,0.10371263618439776,-5.641347871478463
1,2164.0,-0.14533753866097904,0.10370993879495481,-5.641415973709176
1,2165.0,-0.14533805194008295,0.1037072480795185,-5.641483907162668
1,2166.0,-0.145338563943971,0.10370456403808884,-5.641551671838941
1,2167.0,-0.14533907467264312,0.10370188667066581,-5.641619267737997
1,2168.0,-0.14533958412609937,0.10369921597724942,-5.641686694859835
1,2169.0,-0.14534009230433972,0.10369655195783967,-5.641753953204452
1,2170.0,-0.14534059920736417,0.10369389461243654,-5.641821042771849
1,2171.0,-0.14534110483517274,0.10369124394104005,-5.641887963562031
1,2172.0,-0.14534160918776542,0.1036885999436502,-5.641954715574993
1,2173.0,-0.1453421122651422,0.103685962620267,-5.642021298810739
1,2174.0,-0.1453426140673031,0.10368333197089041,-5.642087713269261
1,2175.0,-0.1453431145942481,0.10368070799552048,-5.642153958950567
1,2176.0,-0.14534361355254538,0.10367809223530136,-5.642219997018404
1,2177.0,-0.14534411115702217,0.10367548356557559,-5.642285855905554
1,2178.0,-0.14534460762194312,0.10367288086187917,-5.642351563970347
1,2179.0,-0.14534510294730826,0.10367028412421213,-5.642417121212792
1,2180.0,-0.14534559713311757,0.10366769335257446,-5.642482527632877
1,2181.0,-0.145346090179371,0.10366510854696614,-5.642547783230605
1,2182.0,-0.14534658208606863,0.10366252970738721,-5.642612888005981
1,2183.0,-0.1453470728532104,0.10365995683383762,-5.6426778419589985
1,2184.0,-0.14534756248079636,0.10365738992631741,-5.6427426450896645
1,2185.0,-0.14534805096882647,0.10365482898482656,-5.642807297397972
1,2186.0,-0.14534853831730077,0.10365227400936508,-5.642871798883928
1,2187.0,-0.1453490245262192,0.10364972499993297,-5.642936149547526
1,2188.0,-0.1453495095955818,0.10364718195653022,-5.643000349388767
1,2189.0,-0.14534999352538858,0.10364464487915684,-5.643064398407656
1,2190.0,-0.14535047631563952,0.10364211376781284,-5.64312829660419
1,2191.0,-0.14535095796633463,0.10363958862249818,-5.6431920439783685
1,2192.0,-0.1453514384774739,0.1036370694432129,-5.64325564053019
1,2193.0,-0.14535191784905732,0.10363455622995699,-5.643319086259655
1,2194.0,-0.1453523960810849,0.10363204898273043,-5.643382381166769
1,2195.0,-0.14535287317355666,0.10362954770153325,-5.643445525251524
1,2196.0,-0.14535334912647258,0.10362705238636544,-5.643508518513926
1,2197.0,-0.14535382393983268,0.10362456303722697,-5.643571360953972
1,2198.0,-0.14535429761363694,0.10362207965411789,-5.643634052571664
1,2199.0,-0.14535477014788534,0.10361960223703817,-5.643696593366997
1,2200.0,-0.14535524154257792,0.10361713078598782,-5.6437589833399775
1,2201.0,-0.14535571179771467,0.10361466530096684,-5.643821222490602
1,2202.0,-0.14535618091329558,0.10361220578197522,-5.643883310818871
1,2203.0,-0.14535664888932065,0.10360975222901296,-5.643945248324785
1,2204.0,-0.1453571157257899,0.10360730464208008,-5.644007035008348
1,2205.0,-0.1453575814227033,0.10360486302117655,-5.64406867086955
1,2206.0,-0.14535804598006088,0.1036024273663024,-5.644130155908401
1,2207.0,-0.1453585093978626,0.1035999976774576,-5.644191490124893
1,2208.0,-0.1453589716761085,0.10359757395464218,-5.644252673519034
1,2209.0,-0.14535943281479857,0.10359515619785613,-5.644313706090816
1,2210.0,-0.1453598928139328,0.10359274440709944,-5.644374587840244
1,2211.0,-0.1453603516735112,0.10359033858237211,-5.644435318767315
1,2212.0,-0.14536080939353374,0.10358793872367415,-5.644495898872033
1,2213.0,-0.14536126597400045,0.10358554483100557,-5.644556328154394
1,2214.0,-0.14536172141491135,0.10358315690436634,-5.6446166066144015
1,2215.0,-0.1453621757162664,0.10358077494375648,-5.644676734252053
1,2216.0,-0.14536262887806561,0.10357839894917599,-5.644736711067351
1,2217.0,-0.145363080900309,0.10357602892062487,-5.6447965370602935
1,2218.0,-0.14536353178299655,0.1035736648581031,-5.644856212230878
1,2219.0,-0.14536398152612826,0.1035713067616107,-5.64491573657911
1,2220.0,-0.14536443012970413,0.10356895463114768,-5.644975110104985
1,2221.0,-0.14536487759372416,0.10356660846671402,-5.645034332808504
1,2222.0,-0.14536532391818835,0.10356426826830972,-5.645093404689669
1,2223.0,-0.14536576893476172,0.10356193491992766,-5.645152303469025
1,2224.0,-0.1453662125857167,0.10355960872719486,-5.645211021506223
1,2225.0,-0.14536665522273384,0.10355728784448816,-5.645269605346843
1,2226.0,-0.14536709684581317,0.10355497227180756,-5.645328054990889
1,2227.0,-0.1453675374549547,0.10355266200915304,-5.645386370438365
1,2228.0,-0.14536797705015844,0.10355035705652463,-5.645444551689269
1,2229.0,-0.14536841563142436,0.10354805741392231,-5.645502598743594
1,2230.0,-0.14536885319875248,0.10354576308134608,-5.645560511601352
1,2231.0,-0.1453692897521428,0.10354347405879596,-5.645618290262538
1,2232.0,-0.1453697252915953,0.10354119034627193,-5.645675934727147
1,2233.0,-0.14537015981711002,0.10353891194377399,-5.645733444995184
1,2234.0,-0.1453705933286869,0.10353663885130215,-5.645790821066645
1,2235.0,-0.145371025826326,0.1035343710688564,-5.6458480629415355
1,2236.0,-0.1453714573100273,0.10353210859643676,-5.645905170619856
1,2237.0,-0.14537188777979076,0.10352985143404321,-5.645962144101599
1,2238.0,-0.14537231723561642,0.10352759958167575,-5.646018983386767
1,2239.0,-0.1453727456775043,0.10352535303933438,-5.646075688475369
1,2240.0,-0.14537317310545436,0.10352311180701912,-5.646132259367394
1,2241.0,-0.1453735995194666,0.10352087588472994,-5.646188696062845
1,2242.0,-0.14537402491954104,0.10351864527246687,-5.646244998561724
1,2243.0,-0.1453744493056777,0.1035164199702299,-5.64630116686403
1,2244.0,-0.14537487267787652,0.103514199978019,-5.64635720096976
1,2245.0,-0.14537529503613755,0.10351198529583422,-5.646413100878922
1,2246.0,-0.1453757163804608,0.10350977592367552,-5.64646886659151
1,2247.0,-0.1453761367108462,0.10350757186154293,-5.646524498107522
1,2248.0,-0.14537655602729382,0.10350537310943643,-5.646579995426964
1,2249.0,-0.14537697432980362,0.10350317966735602,-5.64663535854983
1,2250.0,-0.14537739161837562,0.1035009915353017,-5.646690587476125
1,2251.0,-0.14537780789300983,0.1034988087132735,-5.646745682205847
1,2252.0,-0.14537822315370622,0.10349663120127138,-5.646800642738995
1,2253.0,-0.1453786374004648,0.10349445899929535,-5.64685546907557
1,2254.0,-0.14537905063328557,0.10349229210734542,-5.646910161215572
1,2255.0,-0.14537946285216855,0.1034901305254216,-5.646964719159001
1,2256.0,-0.14537987405711372,0.10348797425352385,-5.647019142905858
1,2257.0,-0.14538028424812108,0.10348582329165221,-5.647073432456139
1,2258.0,-0.14538069342519064,0.10348367763980666,-5.647127587809852
1,2259.0,-0.14538110158832238,0.10348153729798722,-5.647181608966986
1,2260.0,-0.14538150873751632,0.10347940226619387,-5.647235495927551
1,2261.0,-0.14538191487277247,0.10347727254442661,-5.64728924869154
1,2262.0,-0.1453823199940908,0.10347514813268545,-5.647342867258959
1,2263.0,-0.14538272410147132,0.10347302903097037,-5.647396351629803
1,2264.0,-0.14538312719491403,0.10347091523928141,-5.647449701804072
1,2265.0,-0.14538352927441894,0.10346880675761853,-5.647502917781771
1,2266.0,-0.14538393033998606,0.10346670358598174,-5.647555999562898
1,2267.0,-0.14538433039161536,0.10346460572437106,-5.647608947147449
1,2268.0,-0.14538472942930686,0.10346251317278647,-5.64766176053543
1,2269.0,-0.14538512745306054,0.10346042593122798,-5.647714439726833
1,2270.0,-0.14538552446287642,0.10345834399969558,-5.647766984721665
1,2271.0,-0.1453859204587545,0.10345626737818928,-5.647819395519926
1,2272.0,-0.14538631527966286,0.10345419691240733,-5.647871650808737
1,2273.0,-0.14538670886630306,0.10345213291583363,-5.647923742739837
1,2274.0,-0.14538710155494516,0.10345007362345707,-5.647975715819205
1,2275.0,-0.1453874933455892,0.10344801903527767,-5.64802757004684
1,2276.0,-0.14538788423823512,0.10344596915129542,-5.648079305422738
1,2277.0,-0.145388274232883,0.10344392397151032,-5.648130921946909
1,2278.0,-0.14538866332953276,0.10344188349592237,-5.648182419619341
1,2279.0,-0.14538905152818446,0.10343984772453158,-5.648233798440046
1,2280.0,-0.14538943882883806,0.10343781665733794,-5.648285058409016
1,2281.0,-0.14538982523149357,0.10343579029434144,-5.648336199526249
1,2282.0,-0.14539021073615102,0.1034337686355421,-5.648387221791752
1,2283.0,-0.14539059534281035,0.10343175168093992,-5.648438125205517
1,2284.0,-0.1453909790514716,0.10342973943053488,-5.6484889097675515
1,2285.0,-0.1453913618621348,0.103427731884327,-5.648539575477855
1,2286.0,-0.1453917437747999,0.10342572904231627,-5.648590122336426
1,2287.0,-0.1453921247894669,0.10342373090450269,-5.64864055034326
1,2288.0,-0.14539250490613584,0.10342173747088626,-5.648690859498367
1,2289.0,-0.14539288412480667,0.10341974874146698,-5.648741049801732
1,2290.0,-0.14539326244547943,0.10341776471624485,-5.648791121253369
1,2291.0,-0.1453936398681541,0.10341578539521988,-5.648841073853272
1,2292.0,-0.14539401639283067,0.10341381077839207,-5.64889090760144
1,2293.0,-0.14539439201950918,0.1034118408657614,-5.648940622497878
1,2294.0,-0.1453947667481896,0.10340987565732787,-5.648990218542582
1,2295.0,-0.14539514057887193,0.10340791515309151,-5.649039695735549
1,2296.0,-0.1453955135115562,0.1034059593530523,-5.649089054076789
1,2297.0,-0.14539588554624233,0.10340400825721023,-5.649138293566289
1,2298.0,-0.1453962566829304,0.10340206186556533,-5.649187414204059
1,2299.0,-0.14539662692162042,0.10340012017811757,-5.649236415990099
1,2300.0,-0.1453969962623123,0.10339818319486696,-5.649285298924401
1,2301.0,-0.14539736470500614,0.1033962509158135,-5.649334063006973
1,2302.0,-0.14539773224970187,0.1033943233409572,-5.64938270823781
1,2303.0,-0.14539809889639954,0.10339240047029806,-5.649431234616916
1,2304.0,-0.1453984646450991,0.10339048230383606,-5.649479642144283
1,2305.0,-0.14539882949580057,0.10338856884157122,-5.649527930819921
1,2306.0,-0.145399193448504,0.10338666008350351,-5.649576100643827
1,2307.0,-0.1453995565032093,0.10338475602963297,-5.649624151615996
1,2308.0,-0.14539991865991653,0.10338285667995958,-5.649672083736436
1,2309.0,-0.14540027991862567,0.10338096203448334,-5.649719897005141
1,2310.0,-0.14540064027933672,0.10337907209320425,-5.649767591422112
1,2311.0,-0.1454009997420497,0.10337718685612232,-5.649815166987351
1,2312.0,-0.1454013583067646,0.10337530632323753,-5.649862623700857
1,2313.0,-0.1454017159734814,0.1033734304945499,-5.649909961562628
1,2314.0,-0.14540207274220013,0.10337155937005943,-5.64995718057267
1,2315.0,-0.14540242861292074,0.1033696929497661,-5.65000428073097
1,2316.0,-0.1454027835856433,0.10336783123366992,-5.650051262037542
1,2317.0,-0.14540313766036778,0.1033659742217709,-5.650098124492384
1,2318.0,-0.14540349083709414,0.10336412191406903,-5.650144868095485
1,2319.0,-0.14540384311582244,0.10336227431056431,-5.650191492846861
1,2320.0,-0.14540419449655265,0.10336043141125674,-5.650237998746499
1,2321.0,-0.1454045449792848,0.10335859321614632,-5.650284385794409
1,2322.0,-0.14540489456401884,0.10335675972523306,-5.650330653990578
1,2323.0,-0.1454052430464146,0.10335493201179015,-5.650376776290215
1,2324.0,-0.1454055904802724,0.10335310979512828,-5.650422759813873
1,2325.0,-0.14540593712276564,0.10335129172515259,-5.650468638598951
1,2326.0,-0.14540628297389432,0.10334947780186308,-5.650514412645441
1,2327.0,-0.14540662803365842,0.10334766802525977,-5.650560081953342
1,2328.0,-0.14540697230205796,0.10334586239534264,-5.650605646522658
1,2329.0,-0.1454073157790929,0.1033440609121117,-5.650651106353385
1,2330.0,-0.1454076584647633,0.10334226357556694,-5.650696461445524
1,2331.0,-0.14540800035906915,0.10334047038570837,-5.650741711799078
1,2332.0,-0.14540834146201043,0.10333868134253599,-5.65078685741405
1,2333.0,-0.14540868177358712,0.10333689644604978,-5.6508318982904315
1,2334.0,-0.14540902129379926,0.10333511569624977,-5.6508768344282245
1,2335.0,-0.14540936002264682,0.10333333909313594,-5.650921665827433
1,2336.0,-0.1454096979601298,0.10333156663670828,-5.650966392488052
1,2337.0,-0.14541003510624825,0.10332979832696683,-5.651011014410088
1,2338.0,-0.14541037146100214,0.10332803416391156,-5.651055531593534
1,2339.0,-0.14541070702439143,0.10332627414754247,-5.6510999440383936
1,2340.0,-0.14541104179641617,0.10332451827785957,-5.651144251744671
1,2341.0,-0.14541137577707636,0.10332276655486285,-5.651188454712358
1,2342.0,-0.14541170896637196,0.10332101897855232,-5.651232552941456
1,2343.0,-0.145412041364303,0.10331927554892797,-5.651276546431969
1,2344.0,-0.14541237297086945,0.10331753626598981,-5.651320435183896
1,2345.0,-0.14541270378607138,0.10331580112973784,-5.651364219197236
1,2346.0,-0.14541303380990872,0.10331407014017205,-5.651407898471993
1,2347.0,-0.14541336304238148,0.10331234329729246,-5.651451473008155
1,2348.0,-0.14541369148348968,0.10331062060109904,-5.6514949428057335
1,2349.0,-0.14541401913323332,0.10330890205159181,-5.65153830786473
1,2350.0,-0.1454143459916124,0.10330718764877075,-5.651581568185134
1,2351.0,-0.1454146720586269,0.1033054773926359,-5.651624723766953
1,2352.0,-0.14541499733427685,0.10330377128318723,-5.651667774610186
1,2353.0,-0.14541532181856223,0.10330206932042474,-5.651710720714833
1,2354.0,-0.14541564551148303,0.10330037150434843,-5.6517535620808905
1,2355.0,-0.14541596841303928,0.10329867783495832,-5.651796298708365
1,2356.0,-0.14541629052323096,0.10329698831225438,-5.65183893059725
1,2357.0,-0.14541661184205806,0.10329530293623664,-5.651881457747549
1,2358.0,-0.1454169323695206,0.10329362170690508,-5.651923880159261
1,2359.0,-0.1454172521056186,0.1032919446242597,-5.651966197832386
1,2360.0,-0.145417571050352,0.1032902716883005,-5.652008410766924
1,2361.0,-0.14541788920372084,0.1032886028990275,-5.652050518962877
1,2362.0,-0.14541820656572513,0.10328693825644068,-5.652092522420241
1,2363.0,-0.14541852313636483,0.10328527776054006,-5.65213442113902
1,2364.0,-0.14541883891563998,0.1032836214113256,-5.652176215119209
1,2365.0,-0.14541915390355056,0.10328196920879734,-5.652217904360814
1,2366.0,-0.14541946810009657,0.10328032115295527,-5.652259488863831
1,2367.0,-0.145419781505278,0.10327867724379938,-5.652300968628264
1,2368.0,-0.1454200941190949,0.10327703748132967,-5.652342343654107
1,2369.0,-0.1454204059415472,0.10327540186554615,-5.652383613941363
1,2370.0,-0.14542071697263495,0.10327377039644882,-5.652424779490036
1,2371.0,-0.14542102721235814,0.10327214307403768,-5.652465840300121
1,2372.0,-0.14542133666071674,0.10327051989831272,-5.6525067963716165
1,2373.0,-0.1454216453177108,0.10326890086927394,-5.652547647704526
1,2374.0,-0.14542195318334028,0.10326728598692135,-5.652588394298853
1,2375.0,-0.1454222602576052,0.10326567525125495,-5.65262903615459
1,2376.0,-0.14542256630976072,0.1032640698743305,-5.652669542732226
1,2377.0,-0.14542287146827898,0.10326246918297845,-5.652709931035294
1,2378.0,-0.1454231759331395,0.10326087212721276,-5.652750227531458
1,2379.0,-0.14542347970434227,0.10325927870703343,-5.6527904322207165
1,2380.0,-0.1454237827818873,0.10325768892244046,-5.652830545103071
1,2381.0,-0.14542408516577457,0.10325610277343383,-5.652870566178514
1,2382.0,-0.1454243868560041,0.10325452026001358,-5.652910495447055
1,2383.0,-0.1454246878525759,0.10325294138217969,-5.652950332908693
1,2384.0,-0.14542498815548993,0.10325136613993215,-5.652990078563423
1,2385.0,-0.1454252877647462,0.10324979453327097,-5.653029732411244
1,2386.0,-0.14542558668034475,0.10324822656219616,-5.6530692944521626
1,2387.0,-0.14542588490228553,0.1032466622267077,-5.6531087646861735
1,2388.0,-0.1454261824305686,0.1032451015268056,-5.653148143113282
1,2389.0,-0.1454264792651939,0.10324354446248986,-5.653187429733482
1,2390.0,-0.14542677540616145,0.10324199103376047,-5.653226624546777
1,2391.0,-0.14542707085347123,0.10324044124061746,-5.6532657275531655
1,2392.0,-0.1454273656071233,0.10323889508306079,-5.65330473875265
1,2393.0,-0.1454276596671176,0.10323735256109048,-5.653343658145226
1,2394.0,-0.14542795303345415,0.10323581367470655,-5.653382485730896
1,2395.0,-0.14542824570613297,0.10323427842390896,-5.653421221509661
1,2396.0,-0.14542853768515404,0.10323274680869773,-5.653459865481522
1,2397.0,-0.14542882897051734,0.10323121882907287,-5.653498417646473
1,2398.0,-0.14542911956222293,0.10322969448503437,-5.653536878004526
1,2399.0,-0.14542940946027075,0.10322817377658222,-5.653575246555669
1,2400.0,-0.14542969866466082,0.10322665670371643,-5.653613523299904
1,2401.0,-0.14542998717539316,0.103225143266437,-5.653651708237236
1,2402.0,-0.14543027499246772,0.10322363346474393,-5.653689801367658
1,2403.0,-0.14543056211588457,0.10322212729863722,-5.653727802691179
1,2404.0,-0.14543084854564364,0.10322062476811687,-5.653765712207793
1,2405.0,-0.14543113428174498,0.10321912587318288,-5.653803529917502
1,2406.0,-0.14543141932418857,0.10321763061383525,-5.653841255820304
1,2407.0,-0.14543170367297442,0.10321613899007397,-5.6538788899162
1,2408.0,-0.1454319873281025,0.10321465100189905,-5.65391643220519
1,2409.0,-0.14543227028957284,0.1032131666493105,-5.653953882687276
1,2410.0,-0.14543255255738546,0.10321168593230831,-5.653991241362453
1,2411.0,-0.1454328341315403,0.10321020885089247,-5.6540285082307244
1,2412.0,-0.1454331150120374,0.10320873540506299,-5.654065683292093
1,2413.0,-0.14543339519887677,0.10320726559481988,-5.654102766546556
1,2414.0,-0.14543367469205837,0.10320579942016311,-5.6541397579941135
1,2415.0,-0.14543395349158222,0.10320433688109272,-5.654176657634761
1,2416.0,-0.14543423159744834,0.10320287797760867,-5.654213465468506
1,2417.0,-0.1454345090096567,0.103201422709711,-5.654250181495346
1,2418.0,-0.14543478572820734,0.10319997107739967,-5.654286805715277
1,2419.0,-0.1454350617531002,0.10319852308067472,-5.654323338128302
1,2420.0,-0.14543533708433531,0.10319707871953611,-5.654359778734424
1,2421.0,-0.14543561172191272,0.10319563799398387,-5.654396127533643
1,2422.0,-0.14543588566583232,0.10319420090401799,-5.654432384525949
1,2423.0,-0.1454361589160942,0.10319276744963846,-5.654468549711354
1,2424.0,-0.14543643147269836,0.1031913376308453,-5.6545046230898555
1,2425.0,-0.14543670333564473,0.10318991144763849,-5.654540604661447
1,2426.0,-0.14543697450493337,0.10318848890001804,-5.654576494426132
1,2427.0,-0.14543724498056426,0.10318706998798395,-5.654612292383913
1,2428.0,-0.1454375147625374,0.10318565471153622,-5.654647998534788
1,2429.0,-0.1454377838508528,0.10318424307067485,-5.654683612878756
1,2430.0,-0.14543805224551046,0.10318283506539984,-5.654719135415822
1,2431.0,-0.14543831976597624,0.1031814316439937,-5.65475454225195
1,2432.0,-0.14543858644330235,0.10318003264460163,-5.654789837496959
1,2433.0,-0.1454388525161368,0.10317863681415586,-5.654825052736361
1,2434.0,-0.14543911798447956,0.10317724415265637,-5.654860187970154
1,2435.0,-0.14543938284833066,0.10317585466010318,-5.654895243198337
1,2436.0,-0.14543964710769008,0.10317446833649628,-5.654930218420912
1,2437.0,-0.1454399107625578,0.10317308518183567,-5.654965113637877
1,2438.0,-0.14544017381293387,0.10317170519612136,-5.654999928849235
1,2439.0,-0.14544043625881825,0.10317032837935333,-5.655034664054982
1,2440.0,-0.14544069810021096,0.1031689547315316,-5.655069319255121
1,2441.0,-0.14544095933711199,0.10316758425265617,-5.655103894449653
1,2442.0,-0.14544121996952133,0.10316621694272701,-5.655138389638573
1,2443.0,-0.145441479997439,0.10316485280174416,-5.655172804821887
1,2444.0,-0.145441739420865,0.10316349182970759,-5.65520713999959
1,2445.0,-0.1454419982397993,0.10316213402661732,-5.655241395171682
1,2446.0,-0.14544225645424194,0.10316077939247334,-5.6552755703381665
1,2447.0,-0.1454425140641929,0.10315942792727566,-5.655309665499043
1,2448.0,-0.14544277106965217,0.10315807963102426,-5.65534368065431
1,2449.0,-0.1454430274706198,0.10315673450371915,-5.655377615803972
1,2450.0,-0.1454432832670957,0.10315539254536034,-5.655411470948018
1,2451.0,-0.14544353845907995,0.10315405375594781,-5.655445246086459
1,2452.0,-0.14544379304657254,0.10315271813548159,-5.655478941219291
1,2453.0,-0.14544404702957342,0.10315138568396165,-5.655512556346512
1,2454.0,-0.14544430040808265,0.10315005640138801,-5.6555460914681275
1,2455.0,-0.14544455318210017,0.10314873028776066,-5.65557954658413
1,2456.0,-0.14544480535162604,0.10314740734307959,-5.655612921694527
1,2457.0,-0.1454450569166602,0.10314608756734482,-5.65564621679931
1,2458.0,-0.14544530787720272,0.10314477096055634,-5.655679431898492
1,2459.0,-0.14544555823325353,0.10314345752271416,-5.655712566992057
1,2460.0,-0.1454458079848127,0.10314214725381826,-5.655745622080019
1,2461.0,-0.14544605713188016,0.10314084015386867,-5.655778597162371
1,2462.0,-0.14544630567445596,0.10313953622286536,-5.655811492239112
1,2463.0,-0.14544655361254008,0.10313823546080833,-5.655844307310247
1,2464.0,-0.1454468009461325,0.1031369378676976,-5.655877042375765
1,2465.0,-0.14544704767523325,0.10313564344353317,-5.655909697435683
1,2466.0,-0.14544729379984234,0.10313435218831503,-5.655942272489988
1,2467.0,-0.14544753931995974,0.10313306410204318,-5.655974767538687
1,2468.0,-0.14544778423558546,0.10313177918471762,-5.656007182581773
1,2469.0,-0.1454480285467195,0.10313049743633836,-5.656039517619251
1,2470.0,-0.1454482722533619,0.10312921885690537,-5.656071772651126
1,2471.0,-0.1454485153555126,0.1031279434464187,-5.656103947677386
1,2472.0,-0.1454487578531716,0.1031266712048783,-5.656136042698036
1,2473.0,-0.14544899974633893,0.1031254021322842,-5.656168057713079
1,2474.0,-0.1454492410350146,0.10312413622863639,-5.656199992722514
1,2475.0,-0.14544948171919858,0.10312287349393487,-5.656231847726339
1,2476.0,-0.14544972179889087,0.10312161392817965,-5.656263622724553
1,2477.0,-0.14544996127409152,0.10312035753137072,-5.656295317717164
1,2478.0,-0.14545020014480045,0.10311910430350808,-5.656326932704159
1,2479.0,-0.14545043841101774,0.10311785424459173,-5.656358467685553
1,2480.0,-0.1454506760727433,0.10311660735462168,-5.6563899226613295
1,2481.0,-0.14545091312997724,0.10311536363359791,-5.656421297631503
1,2482.0,-0.14545114958271949,0.10311412308152043,-5.656452592596066
1,2483.0,-0.14545138543097003,0.10311288569838925,-5.656483807555017
1,2484.0,-0.14545162067472892,0.10311165148420437,-5.6565149425083625
1,2485.0,-0.14545185531399613,0.10311042043896577,-5.656545997456099
1,2486.0,-0.14545208934877166,0.10310919256267347,-5.656576972398226
1,2487.0,-0.14545232277905548,0.10310796785532746,-5.656607867334742
1,2488.0,-0.14545255560484766,0.10310674631692773,-5.656638682265651
1,2489.0,-0.14545278748508775,0.1031055297393078,-5.656669372050968
1,2490.0,-0.14545301882652795,0.10310431598694843,-5.656699990525104
1,2491.0,-0.14545324964449347,0.1031031049793639,-5.656730539716384
1,2492.0,-0.14545347993898428,0.10310189671655422,-5.656761019624803
1,2493.0,-0.1454537097100004,0.10310069119851938,-5.6567914302503635
1,2494.0,-0.14545393895754183,0.1030994884252594,-5.656821771593066
1,2495.0,-0.14545416768160857,0.10309828839677426,-5.65685204365291
1,2496.0,-0.1454543958822006,0.10309709111306398,-5.656882246429891
1,2497.0,-0.14545462355931793,0.10309589657412856,-5.656912379924016
1,2498.0,-0.1454548507129606,0.10309470477996796,-5.656942444135283
1,2499.0,-0.14545507734312854,0.10309351573058223,-5.656972439063688
1,2500.0,-0.1454553034498218,0.10309232942597135,-5.6570023647092365
1,2501.0,-0.14545552903304038,0.10309114586613531,-5.657032221071926
1,2502.0,-0.14545575409278425,0.10308996505107412,-5.657062008151755
1,2503.0,-0.14545597862905343,0.10308878698078779,-5.6570917259487254
1,2504.0,-0.14545620264184791,0.1030876116552763,-5.657121374462839
1,2505.0,-0.14545642613116772,0.10308643907453967,-5.657150953694091
1,2506.0,-0.1454566490970128,0.10308526923857787,-5.657180463642484
1,2507.0,-0.14545687153938322,0.10308410214739094,-5.657209904308021
1,2508.0,-0.14545709345827892,0.10308293780097885,-5.657239275690694
1,2509.0,-0.14545731485369992,0.10308177619934161,-5.65726857779051
1,2510.0,-0.14545753572564624,0.10308061734247922,-5.657297810607466
1,2511.0,-0.14545775607411787,0.10307946123039169,-5.657326974141564
1,2512.0,-0.1454579758991148,0.10307830786307899,-5.657356068392805
1,2513.0,-0.14545819520063705,0.10307715724054116,-5.657385093361187
1,2514.0,-0.1454584139786846,0.10307600936277816,-5.657414049046708
1,2515.0,-0.14545863223325745,0.10307486422979002,-5.657442935449371
1,2516.0,-0.1454588499643556,0.10307372184157673,-5.657471752569175
1,2517.0,-0.14545906717197907,0.10307258219813828,-5.657500500406122
1,2518.0,-0.14545928385612783,0.10307144529947469,-5.657529178960206
1,2519.0,-0.14545950001680188,0.10307031114558594,-5.657557788231431
1,2520.0,-0.1454597156540013,0.10306917973647205,-5.657586328219801
1,2521.0,-0.14545993076772595,0.103068051072133,-5.657614798925306
1,2522.0,-0.14546014535797594,0.10306692515256881,-5.657643200347956
1,2523.0,-0.14546035942475125,0.10306580197777947,-5.657671532487748
1,2524.0,-0.14546057296805184,0.10306468154776496,-5.657699795344679
1,2525.0,-0.14546078598787776,0.10306356386252533,-5.657727988918752
1,2526.0,-0.14546099848422897,0.10306244892206053,-5.657756113209966
1,2527.0,-0.1454612104571055,0.10306133672637058,-5.65778416821832
1,2528.0,-0.14546142190650732,0.10306022727545548,-5.657812153943814
1,2529.0,-0.14546163283243446,0.10305912056931522,-5.657840070386452
1,2530.0,-0.1454618432348869,0.10305801660794983,-5.657867917546229
1,2531.0,-0.14546205311386465,0.10305691539135928,-5.65789569542315
1,2532.0,-0.1454622624693677,0.10305581691954357,-5.65792340401721
1,2533.0,-0.14546247130139603,0.10305472119250272,-5.657951043328407
1,2534.0,-0.1454626796099497,0.10305362821023673,-5.657978613356751
1,2535.0,-0.14546288739502866,0.10305253797274558,-5.658006114102231
1,2536.0,-0.14546309465663293,0.10305145048002927,-5.658033545564852
1,2537.0,-0.14546330139476252,0.10305036573208781,-5.658060907744619
1,2538.0,-0.1454635076094174,0.10304928372892122,-5.658088200641525
1,2539.0,-0.1454637133005976,0.10304820447052945,-5.658115424255572
1,2540.0,-0.1454639184683031,0.10304712795691255,-5.658142578586759
1,2541.0,-0.1454641231125339,0.1030460541880705,-5.658169663635087
1,2542.0,-0.14546432723329,0.10304498316400329,-5.658196679400558
1,2543.0,-0.14546453083057143,0.10304391488471094,-5.658223625883169
1,2544.0,-0.14546473390437814,0.10304284935019344,-5.658250503082917
1,2545.0,-0.14546493645471018,0.10304178656045078,-5.658277310999813
1,2546.0,-0.1454651384815675,0.10304072651548296,-5.658304049633847
1,2547.0,-0.14546533998495012,0.10303966921529001,-5.6583307189850185
1,2548.0,-0.1454655409648581,0.1030386146598719,-5.6583573190533345
1,2549.0,-0.14546574112826594,0.10303756438861288,-5.658383811056328
1,2550.0,-0.14546594078870892,0.10303651675546112,-5.6584102364909805
1,2551.0,-0.1454661399989419,0.10303547148335447,-5.6584366023394885
1,2552.0,-0.14546633875896484,0.10303442857229296,-5.658462908601856
1,2553.0,-0.1454665370687778,0.10303338802227657,-5.658489155278085
1,2554.0,-0.14546673492838075,0.1030323498333053,-5.6585153423681716
1,2555.0,-0.14546693233777366,0.10303131400537914,-5.658541469872116
1,2556.0,-0.1454671292969566,0.10303028053849812,-5.658567537789928
1,2557.0,-0.14546732580592953,0.10302924943266221,-5.658593546121595
1,2558.0,-0.14546752186469242,0.10302822068787143,-5.658619494867117
1,2559.0,-0.14546771747324533,0.10302719430412577,-5.658645384026506
1,2560.0,-0.14546791263158823,0.10302617028142523,-5.658671213599756
1,2561.0,-0.1454681073397211,0.1030251486197698,-5.658696983586859
1,2562.0,-0.14546830159764398,0.10302412931915951,-5.6587226939878255
1,2563.0,-0.14546849540535686,0.10302311237959434,-5.658748344802652
1,2564.0,-0.1454686887628597,0.10302209780107428,-5.658773936031335
1,2565.0,-0.14546888167015257,0.10302108558359936,-5.658799467673882
1,2566.0,-0.1454690741272354,0.10302007572716955,-5.658824939730284
1,2567.0,-0.14546926613410824,0.10301906823178486,-5.65885035220055
1,2568.0,-0.14546945769077105,0.1030180630974453,-5.658875705084673
1,2569.0,-0.14546964879722388,0.10301706032415085,-5.658900998382658
1,2570.0,-0.14546983945346667,0.10301605991190153,-5.6589262320945
1,2571.0,-0.14547002965949948,0.10301506186069734,-5.658951406220206
1,2572.0,-0.14547021941532226,0.10301406617053825,-5.658976520759769
1,2573.0,-0.14547040872093506,0.1030130728414243,-5.659001575713193
1,2574.0,-0.14547059757633782,0.10301208187335546,-5.659026571080475
1,2575.0,-0.1454707859815306,0.10301109326633176,-5.6590515068616165
1,2576.0,-0.14547097393651334,0.10301010702035317,-5.65907638305662
1,2577.0,-0.1454711614412861,0.1030091231354197,-5.659101199665482
1,2578.0,-0.14547134849584883,0.10300814161153135,-5.659125956688205
1,2579.0,-0.14547153510020155,0.10300716244868813,-5.659150654124781
1,2580.0,-0.1454717212543443,0.10300618564689003,-5.6591752919752265
1,2581.0,-0.145471906958277,0.10300521120613705,-5.659199870239527
1,2582.0,-0.14547209221199972,0.10300423912642918,-5.659224388917688
1,2583.0,-0.1454722770155124,0.10300326940776645,-5.6592488480097085
1,2584.0,-0.1454724613688151,0.10300230205014885,-5.659273247515589
1,2585.0,-0.14547264527190776,0.10300133705357635,-5.659297587435326
1,2586.0,-0.14547282872479045,0.10300037441804898,-5.659321867768927
1,2587.0,-0.1454730117274631,0.10299941414356673,-5.659346088516387
1,2588.0,-0.14547319427992575,0.1029984562301296,-5.659370249677704
1,2589.0,-0.14547337638217842,0.1029975006777376,-5.65939435125289
1,2590.0,-0.14547355803422105,0.10299654748639071,-5.659418393241923
1,2591.0,-0.14547373923605367,0.10299559665608896,-5.659442375644822
1,2592.0,-0.14547391998767628,0.10299464818683232,-5.659466298461581
1,2593.0,-0.14547410028908891,0.1029937020786208,-5.6594901616922
1,2594.0,-0.1454742801402915,0.10299275833145441,-5.659513965336677
1,2595.0,-0.1454744595412841,0.10299181694533313,-5.659537709395014
1,2596.0,-0.14547463849206668,0.10299087792025699,-5.659561393867209
1,2597.0,-0.14547481699263926,0.10298994125622596,-5.659585018753269
1,2598.0,-0.14547499504300182,0.10298900695324005,-5.659608584053184
1,2599.0,-0.1454751726431544,0.10298807501129927,-5.659632089766961
1,2600.0,-0.14547534979309695,0.1029871454304036,-5.6596555358946
1,2601.0,-0.1454755264928295,0.10298621821055305,-5.659678922436093
1,2602.0,-0.14547570274235203,0.10298529335174764,-5.65970224939145
1,2603.0,-0.14547587854166455,0.10298437085398734,-5.659725516760664
1,2604.0,-0.14547605389076707,0.10298345071727216,-5.659748724543738
1,2605.0,-0.14547622878965957,0.10298253294160212,-5.659771872740674
1,2606.0,-0.14547640323834207,0.10298161752697718,-5.659794961351467
1,2607.0,-0.14547657723681456,0.10298070447339737,-5.659817990376124
1,2608.0,-0.14547675078507705,0.10297979378086268,-5.659840959814635
1,2609.0,-0.14547692388312952,0.10297888544937311,-5.659863869667009
1,2610.0,-0.145477096530972,0.10297797947892867,-5.659886719933245
1,2611.0,-0.14547726872860445,0.10297707586952935,-5.659909510613337
1,2612.0,-0.1454774401849211,0.1029761761504606,-5.65993220317889
1,2613.0,-0.145477611224314,0.10297527861845156,-5.659954840563804
1,2614.0,-0.145477781879409,0.10297438310214936,-5.659977427086167
1,2615.0,-0.14547795215020606,0.10297348960155402,-5.659999962745976
1,2616.0,-0.14547812203670524,0.10297259811666551,-5.660022447543239
1,2617.0,-0.14547829153890648,0.10297170864748385,-5.660044881477949
1,2618.0,-0.14547846065680983,0.10297082119400905,-5.66006726455011
1,2619.0,-0.14547862939041528,0.1029699357562411,-5.660089596759722
1,2620.0,-0.1454787977397228,0.10296905233417998,-5.660111878106783
1,2621.0,-0.1454789657047324,0.10296817092782572,-5.660134108591288
1,2622.0,-0.1454791332854441,0.1029672915371783,-5.660156288213249
1,2623.0,-0.1454793004818579,0.10296641416223773,-5.6601784169726574
1,2624.0,-0.14547946729397376,0.10296553880300402,-5.660200494869517
1,2625.0,-0.1454796337217917,0.10296466545947715,-5.660222521903822
1,2626.0,-0.14547979976531175,0.10296379413165711,-5.660244498075578
1,2627.0,-0.1454799654245339,0.10296292481954394,-5.660266423384785
1,2628.0,-0.14548013069945812,0.10296205752313761,-5.660288297831438
1,2629.0,-0.1454802955900844,0.10296119224243812,-5.660310121415541
1,2630.0,-0.14548046009641283,0.10296032897744549,-5.6603318941371
1,2631.0,-0.1454806242184433,0.1029594677281597,-5.660353615996101
1,2632.0,-0.14548078795617586,0.10295860849458076,-5.660375286992554
1,2633.0,-0.14548095130961053,0.10295775127670867,-5.660396907126456
1,2634.0,-0.14548111427874727,0.10295689607454342,-5.660418476397807
1,2635.0,-0.1454812768635861,0.10295604288808502,-5.66043999480661
1,2636.0,-0.14548143906412703,0.10295519171733347,-5.660461462352859
1,2637.0,-0.14548160088037004,0.10295434256228878,-5.660482879036561
1,2638.0,-0.14548176231231513,0.10295349542295092,-5.660504244857712
1,2639.0,-0.14548192335996232,0.10295265029931991,-5.660525559816311
1,2640.0,-0.14548208402331161,0.10295180719139575,-5.660546823912362
1,2641.0,-0.14548224430236295,0.10295096609917843,-5.6605680371458575
1,2642.0,-0.14548240419711642,0.10295012702266798,-5.6605891995168065
1,2643.0,-0.14548256370757195,0.10294928996186437,-5.6606103110252075
1,2644.0,-0.14548272283372957,0.10294845491676759,-5.660631371671051
1,2645.0,-0.14548288157558928,0.10294762188737767,-5.660652381454348
1,2646.0,-0.1454830399331511,0.1029467908736946,-5.6606733403750935
1,2647.0,-0.14548319790641498,0.10294596187571838,-5.660694248433291
1,2648.0,-0.14548335549538094,0.10294513489344899,-5.660715105628935
1,2649.0,-0.145483512700049,0.10294430992688645,-5.660735911962028
1,2650.0,-0.14548366952041916,0.10294348697603077,-5.660756667432574
1,2651.0,-0.1454838259564914,0.10294266604088194,-5.660777372040566
1,2652.0,-0.1454839820082657,0.10294184712143994,-5.660798025786008
1,2653.0,-0.14548413767574211,0.10294103021770482,-5.660818628668899
1,2654.0,-0.14548429295892062,0.10294021532967651,-5.660839180689244
1,2655.0,-0.1454844478578012,0.10293940245735507,-5.660859681847032
1,2656.0,-0.1454846023723839,0.10293859160074047,-5.6608801321422755
1,2657.0,-0.14548475650266865,0.10293778275983272,-5.660900531574964
1,2658.0,-0.1454849102486555,0.10293697593463182,-5.660920880145104
1,2659.0,-0.14548506361034444,0.10293617112513775,-5.660941177852695
1,2660.0,-0.14548521658773547,0.10293536833135056,-5.6609614246977324
1,2661.0,-0.14548536918082858,0.1029345675532702,-5.660981620680221
1,2662.0,-0.14548552138962378,0.10293376879089668,-5.661001765800158
1,2663.0,-0.14548567321412106,0.10293297204423002,-5.661021860057544
1,2664.0,-0.14548582465432044,0.1029321773132702,-5.66104190345238
1,2665.0,-0.1454859757102219,0.10293138459801722,-5.661061895984664
1,2666.0,-0.14548612638182545,0.1029305938984711,-5.6610818376543985
1,2667.0,-0.14548627666913108,0.10292980521463183,-5.661101728461584
1,2668.0,-0.1454864265721388,0.1029290185464994,-5.661121568406219
1,2669.0,-0.14548657609084864,0.10292823389407382,-5.6611413574883045
1,2670.0,-0.14548672522526054,0.10292745125735508,-5.661161095707838
1,2671.0,-0.14548687397537452,0.1029266706363432,-5.661180783064819
1,2672.0,-0.1454870223411906,0.10292589203103816,-5.6612004195592505
1,2673.0,-0.14548717032270878,0.10292511544143998,-5.661220005191136
1,2674.0,-0.14548731791992903,0.10292434086754863,-5.661239539960467
1,2675.0,-0.14548746513285135,0.10292356830936414,-5.661259023867245
1,2676.0,-0.14548761196147578,0.1029227977668865,-5.661278456911474
1,2677.0,-0.1454877584058023,0.10292202924011569,-5.661297839093155
1,2678.0,-0.14548790421462648,0.10292126404865748,-5.661317137164908
1,2679.0,-0.1454880496393224,0.10292050087266735,-5.661336384396561
1,2680.0,-0.14548819473868246,0.10291973940336475,-5.661355588569405
1,2681.0,-0.1454883395127067,0.10291897964074966,-5.661374749683443
1,2682.0,-0.1454884839613951,0.10291822158482208,-5.661393867738667
1,2683.0,-0.1454886280847477,0.10291746523558203,-5.661412942735091
1,2684.0,-0.1454887718827644,0.10291671059302948,-5.661431974672695
1,2685.0,-0.1454889153554453,0.10291595765716445,-5.6614509635514985
1,2686.0,-0.14548905850279037,0.10291520642798695,-5.661469909371489
1,2687.0,-0.1454892013247996,0.10291445690549696,-5.661488812132671
1,2688.0,-0.14548934382147297,0.10291370908969447,-5.661507671835041
1,2689.0,-0.14548948599281053,0.1029129629805795,-5.661526488478608
1,2690.0,-0.14548962783881225,0.10291221857815205,-5.661545262063363
1,2691.0,-0.14548976935947813,0.10291147588241213,-5.661563992589312
1,2692.0,-0.14548991055480817,0.10291073489335971,-5.661582680056447
1,2693.0,-0.14549005142480237,0.10290999561099481,-5.661601324464773
1,2694.0,-0.14549019196946075,0.10290925803531742,-5.661619925814296
1,2695.0,-0.1454903321887833,0.10290852216632755,-5.661638484105006
1,2696.0,-0.14549047208277,0.1029077880040252,-5.661656999336908
1,2697.0,-0.14549061165142085,0.10290705554841036,-5.66167547151
1,2698.0,-0.1454907508947359,0.10290632479948304,-5.661693900624287
1,2699.0,-0.14549088981271507,0.10290559575724323,-5.661712286679759
1,2700.0,-0.14549102840535844,0.10290486842169094,-5.661730629676425
1,2701.0,-0.14549116667266596,0.10290414279282617,-5.6617489296142836
1,2702.0,-0.14549130461463766,0.10290341887064891,-5.661767186493335
1,2703.0,-0.1454914422312735,0.10290269665515916,-5.661785400313572
1,2704.0,-0.14549157952257352,0.10290197614635693,-5.661803571075
1,2705.0,-0.1454917164885377,0.10290125734424223,-5.661821698777623
1,2706.0,-0.14549185312916604,0.10290054024881502,-5.661839783421437
1,2707.0,-0.14549198944445854,0.10289982486007535,-5.661857825006439
1,2708.0,-0.14549212543441523,0.10289911117802318,-5.661875823532634
1,2709.0,-0.14549226109903607,0.10289839920265853,-5.661893779000018
1,2710.0,-0.14549239643832107,0.1028976889339814,-5.661911691408597
1,2711.0,-0.14549253145227023,0.10289698037199178,-5.661929560758362
1,2712.0,-0.14549266614088355,0.10289627351668967,-5.661947387049321
1,2713.0,-0.14549280050416105,0.10289556836807509,-5.661965170281471
1,2714.0,-0.14549293454210271,0.10289486492614802,-5.661982910454815
1,2715.0,-0.14549306825470854,0.10289416319090847,-5.662000607569345
1,2716.0,-0.14549320164197851,0.10289346316235642,-5.662018261625066
1,2717.0,-0.14549333470391265,0.1028927648404919,-5.6620358726219795
1,2718.0,-0.14549346744051098,0.1028920682253149,-5.662053440560086
1,2719.0,-0.14549359985177346,0.1028913733168254,-5.662070965439382
1,2720.0,-0.1454937319377001,0.10289068011502342,-5.662088447259869
1,2721.0,-0.1454938636982909,0.10288998861990896,-5.662105886021545
1,2722.0,-0.14549399513354588,0.10288929883148201,-5.6621232817244165
1,2723.0,-0.145494126243465,0.10288861074974259,-5.662140634368477
1,2724.0,-0.1454942570280483,0.10288792437469067,-5.662157943953728
1,2725.0,-0.14549438748729576,0.10288723970632628,-5.662175210480171
1,2726.0,-0.1454945176212074,0.10288655674464939,-5.662192433947804
1,2727.0,-0.14549464742978319,0.10288587548966002,-5.662209614356627
1,2728.0,-0.14549477691302315,0.10288519594135817,-5.662226751706644
1,2729.0,-0.14549490607092727,0.10288451809974385,-5.662243845997852
1,2730.0,-0.14549503490349555,0.10288384196481702,-5.662260897230248
1,2731.0,-0.145495163410728,0.10288316753657772,-5.662277905403837
1,2732.0,-0.14549529159262461,0.10288249481502593,-5.662294870518617
1,2733.0,-0.1454954194491854,0.10288182380016166,-5.662311792574589
1,2734.0,-0.14549554698041034,0.1028811544919849,-5.662328671571749
1,2735.0,-0.14549567418629944,0.10288048689049566,-5.6623455075101035
1,2736.0,-0.1454958010668527,0.10287982099569394,-5.662362300389645
1,2737.0,-0.14549592762207014,0.10287915680757972,-5.662379050210382
1,2738.0,-0.14549605385195175,0.10287849432615304,-5.662395756972309
1,2739.0,-0.1454961797564975,0.10287783355141386,-5.662412420675425
1,2740.0,-0.14549630533570743,0.1028771744833622,-5.662429041319734
1,2741.0,-0.14549643058958153,0.10287651712199805,-5.6624456189052355
1,2742.0,-0.14549655551811977,0.10287586146732142,-5.662462153431922
1,2743.0,-0.1454966801213222,0.1028752075193323,-5.662478644899804
1,2744.0,-0.14549680439918877,0.1028745552780307,-5.662495093308876
1,2745.0,-0.1454969283517195,0.10287390474341662,-5.662511498659138
1,2746.0,-0.14549705197891444,0.10287325591549006,-5.662527860950595
1,2747.0,-0.1454971751948192,0.10287260924572311,-5.662544168807026
1,2748.0,-0.1454972979048698,0.1028719652311491,-5.6625604097127065
1,2749.0,-0.14549742034200117,0.10287132264847273,-5.662576614497019
1,2750.0,-0.14549754250621333,0.10287068149769403,-5.662592783159959
1,2751.0,-0.1454976643975063,0.10287004177881298,-5.662608915701531
1,2752.0,-0.1454977860158801,0.10286940349182958,-5.662625012121735
1,2753.0,-0.14549790736133467,0.10286876663674382,-5.662641072420572
1,2754.0,-0.14549802843387005,0.10286813121355574,-5.66265709659804
1,2755.0,-0.14549814923348622,0.10286749722226529,-5.662673084654138
1,2756.0,-0.1454982697601832,0.10286686466287251,-5.662689036588867
1,2757.0,-0.14549839001396098,0.10286623353537738,-5.662704952402227
1,2758.0,-0.14549850999481956,0.1028656038397799,-5.662720832094219
1,2759.0,-0.14549862970275892,0.10286497557608007,-5.66273667566484
1,2760.0,-0.1454987491377791,0.1028643487442779,-5.662752483114095
1,2761.0,-0.14549886829988007,0.10286372334437338,-5.66276825444198
1,2762.0,-0.14549898718906185,0.10286309937636652,-5.662783989648497
1,2763.0,-0.1454991058053244,0.1028624768402573,-5.662799688733641
1,2764.0,-0.14549922414866778,0.10286185573604574,-5.66281535169742
1,2765.0,-0.14549934221909197,0.10286123606373183,-5.662830978539832
1,2766.0,-0.14549946001659694,0.10286061782331558,-5.662846569260874
1,2767.0,-0.14549957754118273,0.10286000101479699,-5.662862123860548
1,2768.0,-0.1454996947928493,0.10285938563817604,-5.662877642338852
1,2769.0,-0.14549981177159665,0.10285877169345274,-5.6628931246957865
1,2770.0,-0.14549992847742485,0.1028581591806271,-5.662908570931355
1,2771.0,-0.1455000449103338,0.10285754809969912,-5.662923981045549
1,2772.0,-0.1455001610703236,0.10285693845066879,-5.6629393550383815
1,2773.0,-0.14550027695739418,0.1028563302335361,-5.662954692909843
1,2774.0,-0.14550039257154554,0.10285572344830107,-5.662969994659933
1,2775.0,-0.14550050791277772,0.1028551180949637,-5.662985260288654
1,2776.0,-0.14550062298109068,0.10285451417352398,-5.663000489796009
1,2777.0,-0.14550073777648445,0.10285391168398192,-5.663015683181991
1,2778.0,-0.14550085229895904,0.10285331062633751,-5.663030840446611
1,2779.0,-0.1455009665485144,0.10285271100059075,-5.663045961589859
1,2780.0,-0.14550108052515057,0.10285211280674164,-5.663061046611736
1,2781.0,-0.14550119422886754,0.10285151604479019,-5.663076095512245
1,2782.0,-0.14550130765966532,0.10285092071473638,-5.663091108291387
1,2783.0,-0.14550142081754389,0.10285032681658024,-5.663106084949161
1,2784.0,-0.14550153370250327,0.10284973435032174,-5.663121025485564
1,2785.0,-0.14550164631454343,0.1028491433159609,-5.663135929900599
1,2786.0,-0.1455017586536644,0.10284855371349771,-5.663150798194266
1,2787.0,-0.14550187071986617,0.10284796554293218,-5.663165630366562
1,2788.0,-0.14550198251314875,0.10284737880426431,-5.663180426417491
1,2789.0,-0.14550209403351214,0.10284679349749408,-5.663195186347052
1,2790.0,-0.1455022052809563,0.1028462096226215,-5.663209910155247
1,2791.0,-0.14550231625548127,0.10284562717964658,-5.663224597842068
1,2792.0,-0.14550242695708704,0.10284504616856932,-5.66323924940752
1,2793.0,-0.14550253738577362,0.1028444665893897,-5.663253864851608
1,2794.0,-0.145502647541541,0.10284388844210775,-5.663268444174324
1,2795.0,-0.14550275742438915,0.10284331172672344,-5.663282987375669
1,2796.0,-0.1455028670343181,0.10284273644323678,-5.663297494455648
1,2797.0,-0.1455029763713279,0.10284216259164779,-5.663311965414258
1,2798.0,-0.14550308543541846,0.10284159017195643,-5.663326400251498
1,2799.0,-0.14550319422658983,0.10284101918416275,-5.663340798967369
1,2800.0,-0.145503302744842,0.1028404496282667,-5.663355161561874
1,2801.0,-0.14550341099017497,0.10283988150426832,-5.663369488035009
1,2802.0,-0.14550351896258876,0.10283931481216758,-5.6633837783867795
1,2803.0,-0.14550362666208333,0.10283874955196451,-5.663398032617178
1,2804.0,-0.1455037340886587,0.10283818572365908,-5.663412250726205
1,2805.0,-0.14550384124231486,0.1028376233272513,-5.663426432713864
1,2806.0,-0.1455039481230518,0.10283706236274118,-5.663440578580151
1,2807.0,-0.1455040547308696,0.10283650283012871,-5.663454688325079
1,2808.0,-0.14550416106576816,0.1028359447294139,-5.66346876194863
1,2809.0,-0.14550426712774753,0.10283538806059674,-5.663482799450817
1,2810.0,-0.1455043729168077,0.10283483282367724,-5.663496800831631
1,2811.0,-0.14550447843294867,0.10283427901865538,-5.663510766091078
1,2812.0,-0.14550458367617045,0.10283372664553118,-5.6635246952291585
1,2813.0,-0.145504688646473,0.10283317570430463,-5.663538588245866
1,2814.0,-0.14550479334385638,0.10283262619497574,-5.66355244514121
1,2815.0,-0.14550489776832054,0.1028320781175445,-5.663566265915181
1,2816.0,-0.1455050019198655,0.1028315314720109,-5.663580050567783
1,2817.0,-0.14550510579849127,0.10283098625837497,-5.663593799099018
1,2818.0,-0.14550520940419784,0.1028304424766367,-5.663607511508885
1,2819.0,-0.14550531273698522,0.10282990012679606,-5.663621187797385
1,2820.0,-0.1455054157968534,0.1028293592088531,-5.663634827964513
1,2821.0,-0.1455055183395369,0.10282882100590175,-5.663648399681279
1,2822.0,-0.145505620632963,0.10282828411096409,-5.663661938408359
1,2823.0,-0.14550572269974688,0.10282774840526214,-5.6636754471389175
1,2824.0,-0.14550582453988856,0.10282721388879588,-5.663688925872955
1,2825.0,-0.145505926153388,0.10282668056156533,-5.663702374610468
1,2826.0,-0.14550602754024525,0.10282614842357048,-5.663715793351457
1,2827.0,-0.14550612870046029,0.10282561747481131,-5.663729182095925
1,2828.0,-0.1455062296340331,0.10282508771528785,-5.66374254084387
1,2829.0,-0.14550633034096372,0.10282455914500009,-5.663755869595296
1,2830.0,-0.1455064308212521,0.10282403176394803,-5.663769168350191
1,2831.0,-0.14550653107489828,0.10282350557213166,-5.663782437108572
1,2832.0,-0.14550663110190226,0.10282298056955098,-5.663795675870429
1,2833.0,-0.14550673090226401,0.10282245675620601,-5.663808884635762
1,2834.0,-0.14550683047598353,0.10282193413209674,-5.663822063404568
1,2835.0,-0.14550692982306088,0.10282141269722317,-5.663835212176857
1,2836.0,-0.145507028943496,0.10282089245158528,-5.663848330952622
1,2837.0,-0.1455071278372889,0.1028203733951831,-5.663861419731862
1,2838.0,-0.1455072265044396,0.10281985552801663,-5.663874478514583
1,2839.0,-0.14550732494494809,0.10281933885008585,-5.6638875073007835
1,2840.0,-0.14550742315881435,0.10281882336139075,-5.663900506090457
1,2841.0,-0.1455075211460384,0.10281830906193137,-5.6639134748836115
1,2842.0,-0.14550761890662026,0.10281779595170769,-5.66392641368024
1,2843.0,-0.14550771644055988,0.10281728403071969,-5.6639393224803465
1,2844.0,-0.1455078137478573,0.1028167732989674,-5.663952201283932
1,2845.0,-0.1455079108285125,0.10281626375645081,-5.6639650500909955
1,2846.0,-0.1455080076825255,0.10281575540316991,-5.663977868901536
1,2847.0,-0.14550810430989627,0.1028152482391247,-5.663990657715552
1,2848.0,-0.14550820071062484,0.10281474226431521,-5.664003416533046
1,2849.0,-0.1455082968847112,0.10281423747874141,-5.66401614535402
1,2850.0,-0.14550839283215533,0.10281373388240331,-5.6640288441784685
1,2851.0,-0.14550848855295725,0.1028132314753009,-5.664041513006394
1,2852.0,-0.14550858404711697,0.10281273025743419,-5.664054151837798
1,2853.0,-0.1455086793146345,0.10281223022880318,-5.664066760672682
1,2854.0,-0.14550877435550977,0.10281173138940787,-5.66407933951104
1,2855.0,-0.14550886916974287,0.10281123373924826,-5.664091888352879
1,2856.0,-0.14550896375733374,0.10281073727832434,-5.664104407198196
1,2857.0,-0.14550905811828238,0.10281024200663612,-5.664116896046983
1,2858.0,-0.1455091522525888,0.1028097479241836,-5.664129354899252
1,2859.0,-0.14550924616025307,0.10280925503096679,-5.664141783755004
1,2860.0,-0.14550933984127506,0.10280876332698566,-5.664154182614223
1,2861.0,-0.14550943329565488,0.10280827281224024,-5.664166551476926
1,2862.0,-0.14550952652339247,0.1028077834867305,-5.664178890343105
1,2863.0,-0.14550961952448785,0.10280729535045648,-5.664191199212765
1,2864.0,-0.14550971229894102,0.10280680840341815,-5.664203478085897
1,2865.0,-0.14550980484675197,0.10280632264561551,-5.664215726962508
1,2866.0,-0.1455098971679207,0.10280583807704857,-5.6642279458425975
1,2867.0,-0.14550998926244724,0.10280535469771734,-5.664240134726163
1,2868.0,-0.14551008113033156,0.1028048725076218,-5.6642522936132105
1,2869.0,-0.14551017277157366,0.10280439150676196,-5.664264422503729
1,2870.0,-0.14551026418617355,0.10280391169513782,-5.6642765213977295
1,2871.0,-0.14551035537413123,0.10280343307274938,-5.664288590295206
1,2872.0,-0.1455104463354467,0.10280295563959663,-5.664300629196161
1,2873.0,-0.14551053707011996,0.10280247939567959,-5.6643126381005935
1,2874.0,-0.145510627578151,0.10280200434099823,-5.664324617008502
1,2875.0,-0.14551071785953984,0.10280153047555259,-5.664336565919889
1,2876.0,-0.14551080791428644,0.10280105779934262,-5.6643484848347505
1,2877.0,-0.14551089774239084,0.10280058631236837,-5.664360373753092
1,2878.0,-0.14551098734385304,0.10280011601462981,-5.66437223267491
1,2879.0,-0.14551107671867303,0.10279964690612696,-5.664384061600209
1,2880.0,-0.14551116586685078,0.1027991789868598,-5.66439586052898
1,2881.0,-0.14551125478838636,0.10279871225682832,-5.664407629461236
1,2882.0,-0.14551134348327968,0.10279824671603256,-5.664419368396962
1,2883.0,-0.14551143195153082,0.1027977823644725,-5.664431077336172
1,2884.0,-0.14551152019313973,0.10279731920214813,-5.664442756278853
1,2885.0,-0.14551160820810644,0.10279685722905946,-5.664454405225013
1,2886.0,-0.14551169599643093,0.10279639644520648,-5.6644660241746525
1,2887.0,-0.1455117835581132,0.10279593685058921,-5.664477613127766
1,2888.0,-0.1455118708931533,0.10279547844520763,-5.664489172084362
1,2889.0,-0.14551195800155114,0.10279502122906176,-5.664500701044434
1,2890.0,-0.14551204488330677,0.10279456520215158,-5.66451220000798
1,2891.0,-0.14551213153842021,0.1027941103644771,-5.664523668975009
1,2892.0,-0.14551221796689143,0.10279365671603831,-5.664535107945512
1,2893.0,-0.14551230416872044,0.10279320425683522,-5.6645465169194935
1,2894.0,-0.1455123901439072,0.10279275298686784,-5.66455789589695
1,2895.0,-0.1455124758924518,0.10279230290613614,-5.66456924487789
1,2896.0,-0.14551256141435417,0.10279185401464015,-5.6645805638623
1,2897.0,-0.1455126467096143,0.10279140631237986,-5.66459185285019
1,2898.0,-0.14551273170196408,0.10279096019993711,-5.664603101747321
1,2899.0,-0.14551281631091,0.10279051610028202,-5.664614299900237
1,2900.0,-0.14551290073375725,0.10279007297721998,-5.664625473422639
1,2901.0,-0.1455129849705058,0.102789630830751,-5.6646366223145295
1,2902.0,-0.14551306902115563,0.1027891896608751,-5.664647746575907
1,2903.0,-0.1455131528857068,0.10278874946759224,-5.664658846206776
1,2904.0,-0.14551323656415924,0.10278831025090245,-5.66466992120713
1,2905.0,-0.145513320056513,0.1027878720108057,-5.664680971576972
1,2906.0,-0.14551340336276805,0.10278743474730204,-5.664691997316303
1,2907.0,-0.14551348648292442,0.10278699846039142,-5.664702998425121
1,2908.0,-0.1455135694169821,0.10278656315007387,-5.664713974903431
1,2909.0,-0.14551365216494105,0.10278612881634938,-5.664724926751222
1,2910.0,-0.14551373472680135,0.10278569545921794,-5.664735853968509
1,2911.0,-0.14551381710256292,0.10278526307867956,-5.664746756555278
1,2912.0,-0.1455138992922258,0.10278483167473425,-5.664757634511537
1,2913.0,-0.14551398129578996,0.10278440124738199,-5.6647684878372795
1,2914.0,-0.14551406311325546,0.1027839717966228,-5.664779316532515
1,2915.0,-0.14551414474462224,0.10278354332245666,-5.664790120597235
1,2916.0,-0.14551422618989035,0.10278311582488359,-5.664800900031449
1,2917.0,-0.14551430744905974,0.10278268930390357,-5.664811654835145
1,2918.0,-0.14551438852213044,0.10278226375951661,-5.664822385008334
1,2919.0,-0.14551446940910245,0.10278183919172272,-5.664833090551007
1,2920.0,-0.14551455010997574,0.10278141560052188,-5.664843771463167
1,2921.0,-0.14551463062475037,0.1027809929859141,-5.66485442774482
1,2922.0,-0.14551471095342627,0.10278057134789939,-5.6648650593959555
1,2923.0,-0.1455147910960035,0.10278015068647774,-5.664875666416582
1,2924.0,-0.145514871052482,0.10277973100164914,-5.664886248806695
1,2925.0,-0.14551495082286184,0.1027793122934136,-5.664896806566298
1,2926.0,-0.14551503040714295,0.10277889456177113,-5.664907339695386
1,2927.0,-0.1455151098053254,0.1027784778067217,-5.664917848193965
1,2928.0,-0.14551518901740912,0.10277806202826534,-5.66492833206203
1,2929.0,-0.14551526804339415,0.10277764722640205,-5.664938791299583
1,2930.0,-0.1455153468832805,0.1027772334011318,-5.664949225906624
1,2931.0,-0.14551542553706814,0.10277682055245463,-5.664959635883155
1,2932.0,-0.14551550400475707,0.10277640868037051,-5.664970021229172
1,2933.0,-0.1455155822863473,0.10277599778487945,-5.664980381944673
1,2934.0,-0.14551566038183888,0.10277558786598145,-5.664990718029671
1,2935.0,-0.14551573829123174,0.10277517892367652,-5.665001029484152
1,2936.0,-0.1455158160145259,0.10277477095796464,-5.665011316308118
1,2937.0,-0.14551589355172134,0.10277436396884582,-5.665021578501575
1,2938.0,-0.14551597090281812,0.10277395795632005,-5.665031816064519
1,2939.0,-0.14551604806781618,0.10277355292038735,-5.665042028996954
1,2940.0,-0.14551612504671554,0.10277314886104771,-5.665052217298872
1,2941.0,-0.14551620183951625,0.10277274577830113,-5.6650623809702845
1,2942.0,-0.1455162784462182,0.10277234367214762,-5.665072520011178
1,2943.0,-0.1455163548668215,0.10277194254258716,-5.665082634421562
1,2944.0,-0.1455164311013261,0.10277154238961976,-5.665092724201438
1,2945.0,-0.14551650714973197,0.10277114321324542,-5.665102789350798
1,2946.0,-0.14551658301203915,0.10277074501346413,-5.665112829869644
1,2947.0,-0.14551665868824765,0.10277034779027591,-5.665122845757981
1,2948.0,-0.14551673417835745,0.10276995154368075,-5.665132837015807
1,2949.0,-0.14551680948236856,0.10276955627367865,-5.66514280364312
1,2950.0,-0.14551688460028095,0.10276916198026961,-5.665152745639918
1,2951.0,-0.14551695953209468,0.10276876866345362,-5.665162663006209
1,2952.0,-0.14551703427780968,0.1027683763232307,-5.665172555741984
1,2953.0,-0.145517108837426,0.10276798495960085,-5.665182423847246
1,2954.0,-0.14551718321094362,0.10276759457256404,-5.665192267321999
1,2955.0,-0.14551725739836252,0.1027672051621203,-5.6652020861662375
1,2956.0,-0.14551733139968276,0.10276681672826962,-5.6652118803799665
1,2957.0,-0.14551740521490428,0.102766429271012,-5.665221649963181
1,2958.0,-0.1455174788440271,0.10276604279034743,-5.665231394915886
1,2959.0,-0.14551755228705124,0.10276565728627593,-5.665241115238076
1,2960.0,-0.14551762554397668,0.10276527275879749,-5.665250810929757
1,2961.0,-0.14551769861480343,0.1027648892079121,-5.665260481990925
1,2962.0,-0.14551777149953146,0.10276450663361979,-5.665270128421579
1,2963.0,-0.1455178441981608,0.10276412503592051,-5.665279750221723
1,2964.0,-0.14551791671069145,0.10276374441481431,-5.665289347391352
1,2965.0,-0.1455179890371234,0.10276336477030117,-5.665298919930472
1,2966.0,-0.14551806117745666,0.10276298610238109,-5.665308467839079
1,2967.0,-0.14551813313169124,0.10276260841105406,-5.665317991117178
1,2968.0,-0.14551820489982709,0.1027622316963201,-5.665327489764756
1,2969.0,-0.14551827648186427,0.10276185595817919,-5.665336963781833
1,2970.0,-0.14551834787780274,0.10276148119663135,-5.665346413168391
1,2971.0,-0.14551841908764251,0.10276110741167656,-5.665355837924436
1,2972.0,-0.14551849011138357,0.10276073460331484,-5.665365238049968
1,2973.0,-0.14551856094902596,0.10276036277154617,-5.665374613544994
1,2974.0,-0.14551863160056963,0.10275999191637057,-5.665383964409502
1,2975.0,-0.14551870206601464,0.10275962203778802,-5.665393290643504
1,2976.0,-0.14551877234536092,0.10275925313579853,-5.66540259224699
1,2977.0,-0.14551884243860852,0.1027588852104021,-5.665411869219963
1,2978.0,-0.1455189123457574,0.10275851826159875,-5.665421121562425
1,2979.0,-0.1455189820668076,0.10275815228938844,-5.6654303492743745
1,2980.0,-0.1455190516017591,0.10275778729377119,-5.6654395523558145
1,2981.0,-0.14551912074652174,0.10275742434671842,-5.665448703795023
1,2982.0,-0.14551918971408576,0.10275706232973358,-5.665457831781662
1,2983.0,-0.1455192585307669,0.10275670110460787,-5.665466939798667
1,2984.0,-0.14551932719656505,0.10275634067134129,-5.665476027846028
1,2985.0,-0.14551939571148031,0.10275598102993382,-5.665485095923754
1,2986.0,-0.14551946407551264,0.10275562218038548,-5.66549414403184
1,2987.0,-0.14551953228866205,0.10275526412269625,-5.665503172170289
1,2988.0,-0.14551960035092854,0.10275490685686615,-5.665512180339099
1,2989.0,-0.14551966826231208,0.10275455038289519,-5.665521168538268
1,2990.0,-0.1455197360228127,0.10275419470078334,-5.665530136767802
1,2991.0,-0.14551980363243042,0.10275383981053061,-5.665539085027696
1,2992.0,-0.14551987109116518,0.10275348571213701,-5.665548013317948
1,2993.0,-0.14551993839901703,0.10275313240560252,-5.665556921638565
1,2994.0,-0.14552000555598596,0.10275277989092717,-5.665565809989544
1,2995.0,-0.14552007256207194,0.10275242816811093,-5.66557467837088
1,2996.0,-0.145520139417275,0.10275207723715384,-5.665583526782581
1,2997.0,-0.14552020612159516,0.10275172709805584,-5.665592355224641
1,2998.0,-0.1455202726750324,0.10275137775081698,-5.665601163697065
1,2999.0,-0.14552033907758669,0.10275102919543724,-5.6656099521998495
1,3000.0,-0.14552040532925806,0.10275068143191662,-5.665618720732996
2,0.0,0.16718527157135737,0.2492318890168122,35.721564969793874
2,1.0,0.16865609884133057,0.2439794552157447,35.916231721618665
2,2.0,0.16990150974893584,0.23882304197041482,36.0810641944862
2,3.0,0.1709292315648597,0.23376606163876054,36.217085107185916
2,4.0,0.1717475034048894,0.2288114050085751,36.325384922167714
2,5.0,0.1723649860500195,0.22396146969626984,36.40710991006371
2,6.0,0.1727906236884968,0.2192181765992098,36.46344385098816
2,7.0,0.17303356205571013,0.2145830042603841,36.49559720019817
2,8.0,0.17310312753427468,0.2100570201874711,36.5048043219505
2,9.0,0.17300872378623244,0.2056408976991208,36.49230980857926
2,10.0,0.17275958804664002,0.20133494594275445,36.459336225494404
2,11.0,0.17236500263140017,0.1971391490618168,36.40711210464059
2,12.0,0.17183415954622888,0.19305317904415897,36.336854025239575
2,13.0,0.17117586157506653,0.1890764484301772,36.24972705228009
2,14.0,0.17039895327730292,0.18520809990238257,36.14690177981004
2,15.0,0.1695118058351579,0.18144707783395891,36.029486149519755
2,16.0,0.1685226663270838,0.17779210962512926,35.89857167773282
2,17.0,0.16743939811603537,0.1742417624341759,35.755199095306
2,18.0,0.1662696075478336,0.17079444082391385,35.600375116395625
2,19.0,0.16502048739108238,0.1674484416555209,35.435051717436565
2,20.0,0.1636990606171015,0.16420190667274365,35.26015840187418
2,21.0,0.16231178065009438,0.1610529537293291,35.07654929252323
2,22.0,0.16086504563666126,0.1579995362721586,34.88507119610382
2,23.0,0.1593646965252791,0.15503961902034483,34.68649717311789
2,24.0,0.15781629064181218,0.15217111045795112,34.48156274608187
2,25.0,0.1562252125459964,0.14939181896109255,34.270980571590584
2,26.0,0.15459635739732383,0.14669960237582724,34.05539853319735
2,27.0,0.15293433541236867,0.1440923030696305,33.83542680172509
2,28.0,0.15124358837878282,0.14156769439021907,33.61165325611252
2,29.0,0.1495281895106395,0.1391235929271594,33.3846169938929
2,30.0,0.14779192223400292,0.1367578380002499,33.15481875861223
2,31.0,0.1460383222507193,0.13446828074254769,32.92272650705093
2,32.0,0.14427068025840362,0.13225279543410814,32.688775769219234
2,33.0,0.14249210217598038,0.13010924448932595,32.453377619320634
2,34.0,0.14070542287143004,0.12803555244786174,32.21690725745704
2,35.0,0.13891326389507072,0.12602968005039453,31.979711650737105
2,36.0,0.1371180495784422,0.12408962327520767,31.742111663993718
2,37.0,0.13532201707480163,0.12221341626119851,31.504403388662492
2,38.0,0.13352722640859951,0.12039913372646634,31.266859472848775
2,39.0,0.13173557045632597,0.11864489290359823,31.029730442311422
2,40.0,0.12994878478024524,0.11694885502127988,30.793246001975984
2,41.0,0.12816845724729403,0.11530922636025928,30.557616309014026
2,42.0,0.12639603737116056,0.11372425891590424,30.32303320928479
2,43.0,0.12463284532399026,0.11219225069975872,30.089671430051386
2,44.0,0.12288008057192673,0.11071154571490795,29.857689722910862
2,45.0,0.12113883009708504,0.10928053364008901,29.627231951987845
2,46.0,0.1194100761766203,0.10789764925897521,29.3984281235088
2,47.0,0.11769470369819994,0.10656137167030408,29.171395354018593
2,48.0,0.11599350699880454,0.10527022331530435,28.946238775508593
2,49.0,0.11430719622222686,0.10402276885725123,28.72305237684364
2,50.0,0.11263640204024747,0.10281761752821342,28.501919628618463
2,51.0,0.11098166889049917,0.10165346230073215,28.282912588176398
2,52.0,0.10934349154579376,0.10052899081805028,28.066096739628406
2,53.0,0.10772230113279889,0.09944293618812947,27.851529143398732
2,54.0,0.10611847121331063,0.09839406739998074,27.639259241092734
2,55.0,0.10453232154892413,0.09738118777894861,27.429329353758142
2,56.0,0.1029641195805706,0.09640314889632748,27.221774877704547
2,57.0,0.10141407833027015,0.09545890583444425,27.016624006796413
2,58.0,0.0998823841942247,0.09454736490389269,26.813901410921172
2,59.0,0.09836918397381876,0.09366746693984097,26.613626519517812
2,60.0,0.09687458621496355,0.09281817981844043,26.41581369884155
2,61.0,0.09539866411462346,0.09199859307919618,26.220472636648115
2,62.0,0.09394146394897746,0.09120778572319503,26.027609457676707
2,63.0,0.0925030067096694,0.09044480849260271,25.83722694021083
2,64.0,0.09108328372420954,0.08970874483632124,25.64932393643017
2,65.0,0.08968227391114471,0.08899884729221498,25.4638976561648
2,66.0,0.08829992713877229,0.08831426975529676,25.280941464389727
2,67.0,0.0869361705490716,0.08765416340862942,25.10044571820906
2,68.0,0.08559092410982914,0.08701779325064331,24.922399825209006
2,69.0,0.08426409812254394,0.08640448183843619,24.7467919136245
2,70.0,0.08295556648046462,0.08581343367985615,24.57360529299012
2,71.0,0.08166520359058879,0.08524395767252389,24.402823340836104
2,72.0,0.08039289327481328,0.08469547710132738,24.234430680772277
2,73.0,0.07913846690070267,0.08416725239359739,24.068404993979073
2,74.0,0.07790177273610381,0.08365867046642295,23.904726198421034
2,75.0,0.07668267013841751,0.08316920758291871,23.743375679785974
2,76.0,0.07548095425668068,0.08269816749318995,23.584326325664165
2,77.0,0.07429647681994553,0.08224506301774698,23.427558512117173
2,78.0,0.07312905689949627,0.08180935502229116,23.27304829288962
2,79.0,0.07197847339519506,0.08139041898055603,23.120766404962975
2,80.0,0.07084459117458412,0.08098788164360694,22.97069496330264
2,81.0,0.06972717550163722,0.08060115014767781,22.822802900154628
2,82.0,0.06862603832963853,0.08022975955979744,22.677065327182905
2,83.0,0.06754100881237762,0.0798733127607509,22.533459632570604
2,84.0,0.06647183279449173,0.07953124350301548,22.391952178378105
2,85.0,0.06541837879228768,0.07920326087398147,22.252525562491638
2,86.0,0.06438038090720202,0.07888882220327063,22.1151445927369
2,87.0,0.06335768131993086,0.07858759996948544,21.979788381432588
2,88.0,0.062350063324571776,0.07829918301259352,21.846428247145482
2,89.0,0.06135730090231585,0.07802314289620617,21.715034275861687
2,90.0,0.0603792445508672,0.07775920809809946,21.58558668067154
2,91.0,0.05941562112264328,0.07750689751223,21.45804930997944
2,92.0,0.05846631388183451,0.07726600581605067,21.332406713581715
2,93.0,0.05753103348032455,0.07703605478192065,21.208620595711704
2,94.0,0.05660967224010976,0.0768168601987133,21.08667670498336
2,95.0,0.05570194478109711,0.07660797735600373,20.966537270805347
2,96.0,0.054807738745960656,0.07640921994744555,20.848187422474545
2,97.0,0.05392678472126141,0.07622019049111736,20.731591502616254
2,98.0,0.05305895609348667,0.07604068793033526,20.61673275369425
2,99.0,0.05220400788651224,0.07587036767227158,20.503578752658377
2,100.0,0.05136179486620447,0.07570901119310315,20.392110277498233
2,101.0,0.05053209540756325,0.07555631905577151,20.282297995728793
2,102.0,0.04971475691612874,0.07541207148506117,20.174121711186668
2,103.0,0.048909565916566734,0.07527599114712713,20.067553170010413
2,104.0,0.04811637792152731,0.07514787629771198,19.96257324902788
2,105.0,0.047334972305339465,0.07502745106896774,19.859152748017102
2,106.0,0.046565229228812614,0.07491455040878772,19.75727580603612
2,107.0,0.045806907388288874,0.07480888288348057,19.656910486092567
2,108.0,0.04505991907480629,0.07471032792125998,19.558045179740596
2,109.0,0.04432400165678829,0.07461857656139796,19.46064512719774
2,110.0,0.04359909327667543,0.07453354478393187,19.364702141499826
2,111.0,0.04288491957957736,0.07445491621617996,19.270179911261785
2,112.0,0.04218143546799859,0.07438263177782814,19.1770724677454
2,113.0,0.04148836636068512,0.0743163803448804,19.08534346960595
2,114.0,0.0408056669513328,0.07425610795106076,18.994986920468982
2,115.0,0.04013308525794449,0.07420153291568755,18.905969470043882
2,116.0,0.039470546229549555,0.07415257448328716,18.818281185193722
2,117.0,0.038817856940649494,0.07410901736257855,18.731896531866393
2,118.0,0.03817486918679888,0.07407070978755251,18.646795894925187
2,119.0,0.03754149860286148,0.07403755098809685,18.56296810848585
2,120.0,0.03691750427563303,0.0740092981988371,18.480381287233296
2,121.0,0.036302862878869364,0.07398591975372838,18.39903234389529
2,122.0,0.03569731796479998,0.07396715617478422,18.31888733712773
2,123.0,0.03510083660155133,0.07395297343757676,18.239941908335297
2,124.0,0.03451321925698037,0.07394316787293118,18.162169649064072
2,125.0,0.03393434492674938,0.07393762579440055,18.085554544162683
2,126.0,0.03336414966297556,0.07393627461884897,18.01008813000873
2,127.0,0.032802397137728374,0.07393889300215979,17.935739128156698
2,128.0,0.03224908166645544,0.07394547085300923,17.862506786245426
2,129.0,0.03170397949685254,0.07395579495970424,17.790361490237157
2,130.0,0.031167017134028276,0.07396980038170674,17.719293512944983
2,131.0,0.030638114929564024,0.07398740315623197,17.649292312751093
2,132.0,0.030117059873857387,0.07400841522776046,17.58032969743451
2,133.0,0.02960385356356548,0.07403283317898969,17.512405878315807
2,134.0,0.029098284397524477,0.07406046458813223,17.445492849583502
2,135.0,0.028600278191612698,0.07409124714106521,17.379580792829753
2,136.0,0.028109785085112887,0.0741251277454855,17.314663108894973
2,137.0,0.027626585181543126,0.07416191923884506,17.250710694066754
2,138.0,0.027150680722362337,0.07420162150911967,17.1877238450064
2,139.0,0.026681911009765285,0.07424409122823354,17.125681293057543
2,140.0,0.02622015775561539,0.07428923241694761,17.064567382563126
2,141.0,0.02576541457567467,0.07433703402907682,17.004381268557257
2,142.0,0.025317471660875134,0.07438732024270485,16.94509518241572
2,143.0,0.02487628287522763,0.07444005539948659,16.886703017953682
2,144.0,0.02444180897051692,0.07449519904338903,16.82919958059614
2,145.0,0.024013843019084956,0.07455258646520468,16.77255748307888
2,146.0,0.023592382442430258,0.07461221536356846,16.716776384132384
2,147.0,0.02317733119256217,0.07467400120954208,16.661843571624694
2,148.0,0.02276853105395346,0.07473782320771694,16.60773810543359
2,149.0,0.022365991747319815,0.07480368672018317,16.554461272114064
2,150.0,0.021969573643492144,0.07487147731742559,16.501994591483314
2,151.0,0.02157916582657007,0.07494111292024076,16.4503233836136
2,152.0,0.021194776759965086,0.07501259692142785,16.39944876865333
2,153.0,0.020816247865666538,0.07508580451076748,16.34934975850493
2,154.0,0.020443495441172844,0.07516067557093846,16.3000152749851
2,155.0,0.020076526580381473,0.0752372119924092,16.2514462569845
2,156.0,0.01971517846708223,0.0753152893448823,16.20362115547189
2,157.0,0.019359379911061975,0.07539485785525063,16.156530548288845
2,158.0,0.019009138456237053,0.07547591978348829,16.11017543388687
2,159.0,0.01866429700876084,0.07555835763714236,16.064535020600285
2,160.0,0.018324784997567584,0.07564212318762505,16.01959996821599
2,161.0,0.017990611724679195,0.07572722043712125,15.975371507874058
2,162.0,0.017661635906190142,0.0758135450666675,15.931830940384215
2,163.0,0.01733777607301841,0.07590104243388861,15.888967483160439
2,164.0,0.0170190418105671,0.07598971757748262,15.846782404848827
2,165.0,0.01670532239436132,0.07607948848638704,15.805261050857164
2,166.0,0.01639651205428225,0.07617028534546907,15.764389422311552
2,167.0,0.01609261432588116,0.07626211018790892,15.72416798714884
2,168.0,0.015793572600133064,0.0763549179135478,15.684589253058247
2,169.0,0.015499239449718464,0.07644861266260651,15.645633707757122
2,170.0,0.015209614874637364,0.07654319443508505,15.607301351245468
2,171.0,0.014924685765849894,0.0766386491715794,15.56959044851724
2,172.0,0.014644286561159525,0.07673486885852043,15.532479087104742
2,173.0,0.014368401702392909,0.07683184421081468,15.495965207854518
2,174.0,0.014097038666530585,0.07692957716049852,15.46004980035898
2,175.0,0.013830057882310134,0.07702797550262008,15.424714392099395
2,176.0,0.01356740334663987,0.07712700544688955,15.38995157096139
2,177.0,0.013309080264701923,0.0772266697389231,15.355762025860592
2,178.0,0.013055028736384791,0.07732692522616869,15.322137828904738
2,179.0,0.012805121350668284,0.07742769529074985,15.289062117005988
2,180.0,0.0125593581075524,0.07752897993266658,15.256534890164344
2,181.0,0.012317740197008785,0.07763077627801247,15.224556305874783
2,182.0,0.01208012163392936,0.07773299470294615,15.193107042734054
2,183.0,0.011846470957832332,0.07783561747857841,15.1621829368883
2,184.0,0.01161679433710256,0.07793864766006163,15.131784804734837
2,185.0,0.011391029727308913,0.07804204366139686,15.10190443457667
2,186.0,0.011169062458085152,0.07814574035961266,15.072526649575446
2,187.0,0.010950892529431273,0.07824973775470903,15.043651449731163
2,188.0,0.010736526381418247,0.07835403692993742,15.01527968739931
2,189.0,0.010525835277092421,0.07845856243305403,14.987394324002263
2,190.0,0.010318776535011455,0.0785632913398598,14.959989710570966
2,191.0,0.010115350155175347,0.07866822365035472,14.933065847105413
2,192.0,0.00991554191759288,0.07877334706592087,14.906620851563055
2,193.0,0.009719213060179163,0.07887858602573825,14.880636358521327
2,194.0,0.00952635701333496,0.0789839372557014,14.855111498481428
2,195.0,0.00933698117364341,0.079089404042954,14.83004725039503
2,196.0,0.009151019866908238,0.07919494737640088,14.805434922158902
2,197.0,0.008968377103196125,0.07930051781414012,14.781261809325068
2,198.0,0.008789052882507073,0.07940611535617169,14.757527911893531
2,199.0,0.008613056528966148,0.07951174332258772,14.73423446392976
2,200.0,0.008440287430255324,0.07961734740186566,14.711368149204478
2,201.0,0.008270687746481658,0.07972289920203339,14.688921312499216
2,202.0,0.00810425747764515,0.0798283987230909,14.666893953813975
2,203.0,0.007941002824781095,0.0799338470089724,14.645286893867427
2,204.0,0.007780809115760476,0.08003918588383156,14.624084955587906
2,205.0,0.007623640685020838,0.08014439869785726,14.603283418571229
2,206.0,0.0074694975325621795,0.08024948545104954,14.582882282817398
2,207.0,0.007318382076179095,0.08035444500555457,14.562881868326068
2,208.0,0.007170176349589318,0.08045922067978466,14.543266562038204
2,209.0,0.007024856603418737,0.0805638019347652,14.524033220679536
2,210.0,0.006882422837667355,0.0806681887704962,14.505181844250066
2,211.0,0.0067428753380395934,0.08077237903105397,14.486712470563308
2,212.0,0.006606097712406017,0.08087631957637591,14.468609694902316
2,213.0,0.006472071449877411,0.08098000258967639,14.45087106731613
2,214.0,0.006340796550453774,0.08108342807095541,14.433496587804754
2,215.0,0.006212273544249493,0.08118659417029844,14.416486326529816
2,216.0,0.006086389831821856,0.08128945194944977,14.399825380743584
2,217.0,0.005963127381301751,0.08139199415132176,14.38351136389431
2,218.0,0.005842486192689176,0.08149422077591444,14.367544275981993
2,219.0,0.005724469002941482,0.08159613121317923,14.351924479248083
2,220.0,0.005608968946257078,0.08169768121423006,14.336637829803008
2,221.0,0.005495964395774171,0.08179886248106143,14.321681465290997
2,222.0,0.005385455351492761,0.08189967501367335,14.307055385712042
2,223.0,0.005277447548340325,0.08200011972075116,14.292760350094568
2,224.0,0.005171843140158311,0.08210015800401967,14.278783408315713
2,225.0,0.0050686126518115415,0.08219977910418452,14.265120659285964
2,226.0,0.004967756083300016,0.08229898302124573,14.251772103005328
2,227.0,0.004869281336929887,0.08239777175491061,14.238738785358864
2,228.0,0.004773105236366634,0.08249611401230462,14.226009697802466
2,229.0,0.004679185458189237,0.08259399516494302,14.213579238751873
2,230.0,0.004587522002397697,0.08269141521282579,14.201447408207079
2,231.0,0.004498122264229184,0.08278837620713982,14.189615184941617
2,232.0,0.004410926319240817,0.08288485643184758,14.178074637842913
2,233.0,0.004325872905260191,0.08298083597691562,14.166817658747393
2,234.0,0.004242962022287305,0.08307631484234394,14.155844247655038
2,235.0,0.0041621959721779575,0.08317129366399395,14.1451547092208
2,236.0,0.004083549854918628,0.08326576292616104,14.134745747881112
2,237.0,0.0040069361002853555,0.08335969610162305,14.124605773552359
2,238.0,0.00393235470827814,0.08345309319038,14.114734786234536
2,239.0,0.003859805678896982,0.08354595419243187,14.10513278592764
2,240.0,0.0037892863694709376,0.08363827707202438,14.095799422869215
2,241.0,0.003720701964289935,0.08373003489217476,14.086722148021932
2,242.0,0.0036540431954674157,0.08382122521019199,14.077899734763607
2,243.0,0.003589310063003379,0.08391184802607607,14.069332183094232
2,244.0,0.0035265086454859323,0.08400190421742787,14.061020297526367
2,245.0,0.0034655585472879997,0.08409137244452966,14.052953437547757
2,246.0,0.0034064306250419702,0.08418024557349925,14.045127745978963
2,247.0,0.0033491248787478434,0.08426852360433663,14.037543222819979
2,248.0,0.003293647397131767,0.0843562077048373,14.030200673925156
2,249.0,0.00323995081945341,0.08444328590533279,14.023093831011543
2,250.0,0.003187976053863119,0.08452974506394395,14.016214873161855
2,251.0,0.0031377231003608943,0.08461558518067079,14.009563800376093
2,252.0,0.0030891919589467356,0.08470080625551331,14.003140612654246
2,253.0,0.0030423768988189414,0.08478540609203578,13.996944551513957
2,254.0,0.00299719079550679,0.0848693672732919,13.990964085867875
2,255.0,0.002953629076685056,0.08495268895984885,13.985198610560166
2,256.0,0.0029116917423537393,0.08503537115170662,13.979648125590838
2,257.0,0.002871384679163367,0.08511741438714471,13.974313410069136
2,258.0,0.002832635154870596,0.08519880556216984,13.969184837746045
2,259.0,0.0027954153742687916,0.08527954012576917,13.964258729873764
2,260.0,0.002759725337357953,0.0853596180779427,13.959535086452284
2,261.0,0.002725568824471272,0.08543903987389746,13.955014407815808
2,262.0,0.0026929155219203985,0.08551780025301667,13.950692681890748
2,263.0,0.00266169997186112,0.08559589009202374,13.94656124520847
2,264.0,0.0026319221742934357,0.08567330939091868,13.942620097768971
2,265.0,0.0026035821292173466,0.08575005814970146,13.93886923957226
2,266.0,0.002576681793837028,0.08582613602807443,13.935308929657973
2,267.0,0.002551143774791455,0.08590153394859487,13.931928924869421
2,268.0,0.00252695404283251,0.08597625044721209,13.928727368409264
2,269.0,0.0025041125979601933,0.0860502855239261,13.925704260277497
2,270.0,0.002482625097092889,0.08612363950945658,13.922860349177899
2,271.0,0.0024624484207984043,0.08619630808255879,13.92018992817262
2,272.0,0.002443532982353583,0.08626828726450814,13.917686434365725
2,273.0,0.0024258787817584256,0.08633957705530462,13.915349867757204
2,274.0,0.002409485819012932,0.08641017745494824,13.913180228347057
2,275.0,0.002394354351319319,0.08648008795442916,13.911177550176486
2,276.0,0.00238040942896767,0.08654930433106221,13.9093319135106
2,277.0,0.0023676410164724876,0.08661782613198693,13.907641990134051
2,278.0,0.002356049113833772,0.08668565335720331,13.906107780046831
2,279.0,0.002345639124423129,0.0867527860150066,13.904729998395329
2,280.0,0.002336370595486908,0.08681922254916768,13.903503291181613
2,281.0,0.002328196089695199,0.08688496198599098,13.902421379985963
2,282.0,0.002321115607048003,0.0869500043254765,13.90148426480839
2,283.0,0.0023151291475453197,0.08701434956762423,13.900691945648893
2,284.0,0.0023102390622900615,0.08707799730119829,13.900044733680344
2,285.0,0.002306375890318538,0.08714094777971802,13.89953343561375
2,286.0,0.0023035264310971976,0.08720320118597295,13.899156304333685
2,287.0,0.0023016906846260407,0.08726475751996308,13.898913339840158
2,288.0,0.002300871558671869,0.08732561662933354,13.898804926981567
2,289.0,0.0023010462401591115,0.08738577880127718,13.898828046404505
2,290.0,0.002302156450240786,0.08744524636144185,13.898974984794116
2,291.0,0.002304202188916894,0.08750401930982757,13.899245742150395
2,292.0,0.0023071834561874337,0.08756209764643431,13.899640318473343
2,293.0,0.0023111058892836397,0.0876194807628496,13.900159459861104
2,294.0,0.0023159132975928754,0.08767617218039413,13.900795729380546
2,295.0,0.002321580140974247,0.08773217377505234,13.901545746746061
2,296.0,0.0023281064194277546,0.08778748554682424,13.902409511957643
2,297.0,0.0023354921329533985,0.08784210749570984,13.903387025015292
2,298.0,0.002343736549532803,0.08789603928246592,13.904478189035004
2,299.0,0.002352772853515731,0.08794928755728502,13.905674160839965
2,300.0,0.0023625945682417887,0.08800185302311193,13.906974083232011
2,301.0,0.0023732016937109755,0.08805373567994665,13.908377956211142
2,302.0,0.002384597024069441,0.0881049351191602,13.90988614958785
2,303.0,0.00239675979410552,0.0881554536067489,13.911495915047364
2,304.0,0.002409636012220563,0.088205298423709,13.913200106700197
2,305.0,0.002423225678414569,0.08825446957004052,13.91499872454634
2,306.0,0.0024375287926875393,0.08830296704574345,13.916891768585801
2,307.0,0.0024525510122994183,0.08835078978129993,13.918879987567555
2,308.0,0.00246824938504598,0.08839794450562505,13.920957696686697
2,309.0,0.002484591310520746,0.08844443672379884,13.923120581218198
2,310.0,0.0025015767887237163,0.08849026643582131,13.92536864116206
2,311.0,0.0025192058196548913,0.08853543364169246,13.927701876518277
2,312.0,0.002537483371571991,0.08857993713164167,13.930120944845093
2,313.0,0.002556355827032689,0.08862378730708666,13.932618749773308
2,314.0,0.0025758040254158353,0.08866698807008834,13.935192755358724
2,315.0,0.0025958279667214297,0.0887095394206467,13.937842961601335
2,316.0,0.002616427650949472,0.08875144135876177,13.940569368501153
2,317.0,0.002637606083546073,0.08879269289212001,13.943372373834602
2,318.0,0.0026593059001600436,0.08883330722857279,13.946244385322066
2,319.0,0.0026815157655648973,0.08887328707943824,13.94918390272502
2,320.0,0.0027042356797606333,0.08891263244471635,13.952190926043471
2,321.0,0.002727465642747252,0.08895134332440713,13.955265455277415
2,322.0,0.002751207062848826,0.08898941900566801,13.958407676821189
2,323.0,0.0027754024088396186,0.08902687482350942,13.961609976309008
2,324.0,0.002800044266508457,0.08906371281981806,13.964871372456098
2,325.0,0.002825132635855341,0.08909993299459396,13.968191865262453
2,326.0,0.0028506675168802707,0.0891355353478371,13.97157145472808
2,327.0,0.002876650018158038,0.08917051919669257,13.975010287574928
2,328.0,0.0029030240753827666,0.08920490153942755,13.978500943586813
2,329.0,0.002929783315995887,0.08923868436543488,13.982042579343643
2,330.0,0.0029569277399973995,0.08927186767471457,13.98563519484541
2,331.0,0.002984457347387304,0.08930445146726662,13.98927879009212
2,332.0,0.003012374398220557,0.08933643465041022,13.99297366420629
2,333.0,0.003040625504613872,0.08936783539224209,13.996712751201285
2,334.0,0.0030692027364507216,0.08939865646532907,14.000495001511293
2,335.0,0.0030981060937311064,0.08942889786967116,14.004320415136311
2,336.0,0.0031273355764550263,0.08945855960526837,14.008188992076342
2,337.0,0.003156895360498793,0.08948763982053325,14.012101285016454
2,338.0,0.0031867371553757013,0.0895161567673462,14.016050902620032
2,339.0,0.0032168483585379936,0.08954411533727884,14.020036176916209
2,340.0,0.00324722896998567,0.08957151553033114,14.024057107904985
2,341.0,0.0032778789897187307,0.08959835734650315,14.02811369558636
2,342.0,0.0033088037011528588,0.08962463838331493,14.032206639230319
2,343.0,0.003339965257773442,0.08965037436623137,14.03633092977957
2,344.0,0.0033713419248635372,0.08967557460640219,14.040483690603503
2,345.0,0.0034029337024231443,0.08970023910382742,14.044664921702116
2,346.0,0.0034347405904522625,0.08972436785850703,14.048874623075411
2,347.0,0.0034667656992576215,0.08974795936131573,14.053113206378322
2,348.0,0.0034989916273663636,0.08977102132332206,14.057378368493232
2,349.0,0.0035313808732982963,0.08979357141447944,14.061665146028801
2,350.0,0.0035639334370534204,0.08981560963478788,14.065973538985029
2,351.0,0.003596649318631735,0.08983713598424738,14.070303547361915
2,352.0,0.0036295285180332412,0.08985815046285793,14.074655171159462
2,353.0,0.0036625733371518105,0.08987865152522868,14.079028715037637
2,354.0,0.0036957379603768533,0.08989866273319601,14.083418115214336
2,355.0,0.003729016706199827,0.08991818707197131,14.087822619731226
2,356.0,0.003762409574620731,0.08993722454155459,14.092242228588306
2,357.0,0.003795916565639566,0.08995577514194583,14.09667694178558
2,358.0,0.0038295422270010647,0.08997383616961527,14.1011273612256
2,359.0,0.0038632607027224374,0.08999142192017431,14.105590064820483
2,360.0,0.003897046801000781,0.0900085468208667,14.110061718387797
2,361.0,0.0039309005218360945,0.09002521087169245,14.11454232192754
2,362.0,0.003964821865228379,0.09004141407265154,14.119031875439717
2,363.0,0.003998810831177633,0.09005715642374398,14.12353037892432
2,364.0,0.00403287063446252,0.09007243556234928,14.128038257863349
2,365.0,0.004066960939680625,0.09008727658827485,14.132550173790529
2,366.0,0.004101075164958022,0.0901016836844937,14.137065255582487
2,367.0,0.004135213310294712,0.0901156568510058,14.14158350323922
2,368.0,0.004169375375690696,0.09012919608781116,14.14610491676073
2,369.0,0.004203562409018637,0.09014230065303351,14.15062963483493
2,370.0,0.00423776925787932,0.09015497356774507,14.155156975532108
2,371.0,0.004271959227798313,0.09016724025147628,14.159682082269656
2,372.0,0.004306132318775616,0.09017910070422713,14.16420495504756
2,373.0,0.004340288530811228,0.09019055492599765,14.16872559386583
2,374.0,0.004374427863905151,0.0902016029167878,14.173243998724466
2,375.0,0.004408553683175428,0.09021224201497094,14.177760615003159
2,376.0,0.004442649891996024,0.09022248399851766,14.182273312283218
2,377.0,0.004476691434851914,0.09023234809988337,14.186778774420171
2,378.0,0.004510678311743098,0.09024183431906807,14.191277001414013
2,379.0,0.004544610522669576,0.09025094265607175,14.195767993264752
2,380.0,0.004578488067631348,0.09025967311089443,14.20025174997238
2,381.0,0.004612314506595139,0.09026802254309726,14.204728742705187
2,382.0,0.0046460728759593105,0.09027600481324634,14.209196726298627
2,383.0,0.004679741914124802,0.09028363806445577,14.213652886740132
2,384.0,0.004713321621091613,0.09029092229672557,14.218097224029702
2,385.0,0.004746811996859745,0.09029785751005573,14.222529738167337
2,386.0,0.004780213041429196,0.09030444370444625,14.226950429153032
2,387.0,0.004813527195203698,0.09031067848587263,14.231359619978816
2,388.0,0.004846744185856111,0.09031657098234967,14.235755951082885
2,389.0,0.004879840411611124,0.09032214369371311,14.240136298725954
2,390.0,0.004912815872468738,0.0903273966199629,14.244500662908019
2,391.0,0.004945670568428952,0.09033232976109909,14.248849043629084
2,392.0,0.004978404499491766,0.09033694311712163,14.253181440889144
2,393.0,0.005011017665657182,0.09034123668803057,14.257497854688205
2,394.0,0.005043511703415769,0.09034520806549794,14.26179850161886
2,395.0,0.005075858112580897,0.09034888776051028,14.266079609627884
2,396.0,0.005108055662654077,0.0903522771214188,14.270341015856486
2,397.0,0.005140104353635308,0.09035537614822352,14.274582720304668
2,398.0,0.0051720041855245905,0.09035818484092441,14.278804722972428
2,399.0,0.005203755158321924,0.09036070319952148,14.28300702385977
2,400.0,0.005235360776201279,0.09036292661427373,14.287190086750702
2,401.0,0.005266802941628026,0.09036487672053897,14.291351516402512
2,402.0,0.005298071597243008,0.0903665659963439,14.295489981704835
2,403.0,0.005329166743046228,0.09036799444168855,14.299605482657672
2,404.0,0.005360088379037684,0.09036916205657289,14.30369801926102
2,405.0,0.005390836505217376,0.09037006884099692,14.307767591514876
2,406.0,0.005421411121585305,0.09037071479496064,14.311814199419246
2,407.0,0.005451814341350443,0.0903710961137098,14.315838122661303
2,408.0,0.0054820247688599265,0.09037124329569678,14.319836529486201
2,409.0,0.0055120405762468455,0.09037115902587747,14.323809177972326
2,410.0,0.0055418617635112025,0.09037084330425187,14.327756068119678
2,411.0,0.005571488330652995,0.09037029613081995,14.331677199928249
2,412.0,0.005600920277672224,0.09036951750558177,14.335572573398053
2,413.0,0.005630157884589154,0.09036850692680153,14.339442225590282
2,414.0,0.005659201036572742,0.09036726343294584,14.34328614130685
2,415.0,0.005688032084100094,0.09036581754806665,14.347101984600235
2,416.0,0.0057166510271712085,0.09036416927216397,14.350889755470444
2,417.0,0.005745057865786086,0.09036231860523777,14.354649453917473
2,418.0,0.005773252599944725,0.09036026554728809,14.358381079941326
2,419.0,0.005801235229647128,0.0903580100983149,14.362084633542002
2,420.0,0.005829005754893292,0.09035555225831822,14.365760114719503
2,421.0,0.005856565112034942,0.09035288854617081,14.369407647401735
2,422.0,0.005883898724200126,0.09035005063534443,14.373025302312314
2,423.0,0.005911006441482578,0.0903470388660527,14.376613059610873
2,424.0,0.005937888263882296,0.09034385323829562,14.380170919297399
2,425.0,0.0059645441913992805,0.09034049375207319,14.383698881371899
2,426.0,0.005990974224033533,0.09033696040738541,14.387196945834376
2,427.0,0.006017178361785052,0.09033325320423229,14.390665112684825
2,428.0,0.006043158040067103,0.09032936664393779,14.394103571902889
2,429.0,0.0060689038937893755,0.09032532747061953,14.397511084001279
2,430.0,0.006094413797419369,0.09032114221361448,14.40088736766177
2,431.0,0.006119687750957083,0.09031681087292266,14.404232422884363
2,432.0,0.006144725754402518,0.09031233344854407,14.407546249669057
2,433.0,0.006169527807755674,0.0903077099404787,14.410828848015862
2,434.0,0.00619409391101655,0.09030294034872655,14.414080217924766
2,435.0,0.006218424541355535,0.0902980220306608,14.417300422550168
2,436.0,0.006242517752375316,0.09029296093476288,14.420489204282738
2,437.0,0.006266368695531298,0.09028778052358329,14.423645921408474
2,438.0,0.006289977370823481,0.090282480797122,14.4267705739274
2,439.0,0.006313343778251864,0.09027706175537906,14.42986316183949
2,440.0,0.006336467917816448,0.09027152339835444,14.432923685144761
2,441.0,0.006359349789517232,0.09026586572604814,14.435952143843208
2,442.0,0.0063819893933542175,0.09026008873846016,14.43894853793483
2,443.0,0.0064043868669400065,0.09025418765467089,14.441912885632915
2,444.0,0.00642654043199799,0.0902481780113586,14.444844951579217
2,445.0,0.006448449096223508,0.09024207455106453,14.447744604440347
2,446.0,0.006470112859616559,0.09023587727378866,14.4506118442163
2,447.0,0.0064915317221771445,0.09022958617953102,14.453446670907084
2,448.0,0.006512705683905264,0.09022320126829156,14.456249084512692
2,449.0,0.006533634744800917,0.09021672254007031,14.459019085033132
2,450.0,0.006554318904864105,0.09021014999486728,14.461756672468395
2,451.0,0.00657475763160295,0.09020347914539047,14.464461776342189
2,452.0,0.0065949512291780575,0.09019672369630027,14.467134436910737
2,453.0,0.006614900853188901,0.09018989838955171,14.469774807119801
2,454.0,0.00663460650363548,0.09018300322514478,14.472382886969385
2,455.0,0.006654068180517795,0.09017603820307947,14.474958676459478
2,456.0,0.006673285883835846,0.0901690033233558,14.477502175590093
2,457.0,0.006692259613589631,0.09016189858597376,14.480013384361218
2,458.0,0.006710989369779152,0.09015472399093336,14.482492302772863
2,459.0,0.006729474705906633,0.09014747785011204,14.484938871730204
2,460.0,0.006747715183969124,0.09014016186242581,14.487353033262728
2,461.0,0.006765715965802761,0.09013279818068273,14.489735470549144
2,462.0,0.006783477051407543,0.0901253868048828,14.492086183589452
2,463.0,0.00680099844078347,0.09011792773502603,14.49440517238365
2,464.0,0.006818280133930543,0.0901104209711124,14.496692436931738
2,465.0,0.006835322130848762,0.09010286651314192,14.498947977233719
2,466.0,0.006852124431538126,0.09009526436111459,14.501171793289595
2,467.0,0.0068686870359986356,0.09008761451503042,14.503363885099358
2,468.0,0.006885007450582413,0.09007991200760145,14.505523922624032
2,469.0,0.006901092762915831,0.09007217550385682,14.507652843924282
2,470.0,0.006916945706832829,0.09006441145178393,14.509751010828161
2,471.0,0.006932566282333405,0.09005661985138279,14.511818423335676
2,472.0,0.006947954489417559,0.09004880070265338,14.513855081446815
2,473.0,0.006963110328085291,0.09004095400559571,14.51586098516159
2,474.0,0.0069780337983366015,0.09003307976020977,14.51783613447999
2,475.0,0.006992724900171491,0.09002517796649558,14.519780529402023
2,476.0,0.007007183633589958,0.09001724862445312,14.52169416992769
2,477.0,0.0070214066671808305,0.09000928773247373,14.523576615138458
2,478.0,0.007035406999858087,0.09000131673815297,14.525429585465016
2,479.0,0.0070491849639756155,0.0899933361574851,14.527253124895017
2,480.0,0.007062740559533414,0.08998534599047014,14.529047233428464
2,481.0,0.007076073786531484,0.08997734623710807,14.530811911065358
2,482.0,0.007089184644969824,0.08996933689739889,14.5325471578057
2,483.0,0.007102073134848436,0.0899613179713426,14.534252973649487
2,484.0,0.007114739256167318,0.08995328945893923,14.535929358596723
2,485.0,0.007127181970504225,0.08994525020543706,14.53757617521027
2,486.0,0.0071394008408815,0.08993720087695632,14.539193365655317
2,487.0,0.007151409581134024,0.0899291576445857,14.540782744983666
2,488.0,0.007163208191261797,0.08992112050832518,14.542344313195317
2,489.0,0.007174796671264821,0.08991308946817478,14.54387807029027
2,490.0,0.007186175021143095,0.08990506452413446,14.545384016268528
2,491.0,0.007197343240896618,0.08989704567620425,14.546862151130096
2,492.0,0.007208301330525391,0.08988903292438416,14.548312474874958
2,493.0,0.007219049290029414,0.08988102626867417,14.549734987503125
2,494.0,0.007229585911066404,0.0898730247007394,14.55112952908823
2,495.0,0.007239910828626374,0.08986502885246923,14.552496051320507
2,496.0,0.007250039634812578,0.0898570524798014,14.55383661784411
2,497.0,0.007259972329625019,0.08984909558273593,14.555151228659048
2,498.0,0.007269708913063695,0.08984115816127282,14.556439883765306
2,499.0,0.007279249385128606,0.08983324021541204,14.557702583162893
2,500.0,0.007288593745819753,0.08982534174515364,14.55893932685181
2,501.0,0.007297741995137134,0.08981746275049758,14.560150114832052
2,502.0,0.007306694133080752,0.08980960323144388,14.561334947103626
2,503.0,0.007315450159650605,0.08980176318799253,14.562493823666523
2,504.0,0.007324005259597296,0.08979394017425867,14.563626107213448
2,505.0,0.007332379418714787,0.08978614764224557,14.564734442901768
2,506.0,0.007340572811022934,0.08977838570337722,14.565818853763338
2,507.0,0.007348585436521736,0.08977065435765362,14.56687933979816
2,508.0,0.007356417295211193,0.08976295360507476,14.567915901006232
2,509.0,0.007364068387091306,0.08975528344564065,14.568928537387556
2,510.0,0.007371538712162074,0.0897476438793513,14.569917248942128
2,511.0,0.0073788282704234966,0.08974003490620669,14.570882035669944
2,512.0,0.0073859370618755745,0.08973245652620682,14.571822897571018
2,513.0,0.007392859773788839,0.0897249064790747,14.572739131495617
2,514.0,0.007399613947131606,0.08971739399843164,14.573633059023848
2,515.0,0.0074062035949068955,0.08970992105850534,14.57450521128419
2,516.0,0.007412628717114707,0.0897024876592958,14.575355588276652
2,517.0,0.007418889313755042,0.08969509380080304,14.576184190001236
2,518.0,0.007424985384827899,0.08968773948302704,14.576991016457933
2,519.0,0.007430916930333279,0.0896804247059678,14.577776067646745
2,520.0,0.007436683950271182,0.08967314946962536,14.578539343567677
2,521.0,0.007442286444641608,0.08966591377399966,14.579280844220726
2,522.0,0.007447720487461042,0.08965871629390751,14.5800000499946
2,523.0,0.007452994899523874,0.08965156086681923,14.580698128338005
2,524.0,0.007458121533448173,0.08964445188632891,14.581376647967204
2,525.0,0.007463100389233935,0.08963738935243654,14.582035608882197
2,526.0,0.007467931466881164,0.08963037326514209,14.582675011082987
2,527.0,0.007472614766389858,0.0896234036244456,14.583294854569568
2,528.0,0.007477150287760017,0.08961648043034705,14.583895139341942
2,529.0,0.007481538030991642,0.08960960368284644,14.584475865400115
2,530.0,0.007485777996084731,0.08960277338194379,14.58503703274408
2,531.0,0.007489870183039286,0.08959598952763907,14.58557864137384
2,532.0,0.007493808949479867,0.08958925106667585,14.586099944510407
2,533.0,0.00749761517375612,0.08958256365099918,14.586603705442569
2,534.0,0.007501290527789649,0.08957592769763861,14.587090145452299
2,535.0,0.007504835011580455,0.08956934320659417,14.587559264539589
2,536.0,0.007508248625128539,0.08956281017786583,14.588011062704444
2,537.0,0.007511531368433901,0.0895563286114536,14.588445539946855
2,538.0,0.007514683241496539,0.08954989850735749,14.588862696266839
2,539.0,0.007517704244316456,0.08954351986557749,14.589262531664382
2,540.0,0.00752059437689365,0.08953719268611358,14.589645046139488
2,541.0,0.007523350500105784,0.08953091652430217,14.59000982422342
2,542.0,0.007525977965311607,0.08952469271948311,14.590357574178558
2,543.0,0.007528491328717156,0.08951852366698927,14.590690222546113
2,544.0,0.007530890590322432,0.08951240936682063,14.591007769326087
2,545.0,0.007533175750127433,0.08950634981897719,14.591310214518478
2,546.0,0.00753534680813216,0.08950034502345895,14.591597558123283
2,547.0,0.007537403764336613,0.08949439498026593,14.59186980014051
2,548.0,0.007539346618740793,0.08948849968939811,14.592126940570152
2,549.0,0.007541175371344698,0.0894826591508555,14.59236897941221
2,550.0,0.007542890022148329,0.0894768733646381,14.592595916666689
2,551.0,0.007544485732606195,0.08947114211385167,14.592807111942998
2,552.0,0.007545975039633573,0.0894654667153925,14.593004224525425
2,553.0,0.0075473666176415965,0.0894598478034271,14.593188402488579
2,554.0,0.007548660466630265,0.08945428537795541,14.593359645832454
2,555.0,0.007549856586599579,0.08944877943897749,14.593517954557056
2,556.0,0.00755095497754954,0.08944332998649329,14.593663328662384
2,557.0,0.007551955639480146,0.08943793702050283,14.593795768148437
2,558.0,0.007552858572391398,0.08943260054100613,14.59391527301521
2,559.0,0.007553663776283295,0.08942732054800315,14.59402184326271
2,560.0,0.007554371251155839,0.08942209704149393,14.594115478890936
2,561.0,0.007554975909118388,0.08941693022447542,14.594195506508004
2,562.0,0.007555491664115356,0.08941182031516502,14.594263767650595
2,563.0,0.007555925450994875,0.0894067672408531,14.594321180158875
2,564.0,0.007556277269756944,0.08940177100153966,14.594367744032855
2,565.0,0.007556547120401565,0.08939683159722471,14.594403459272527
2,566.0,0.007556735002928736,0.08939194902790823,14.594428325877898
2,567.0,0.007556840917338457,0.08938712329359022,14.594442343848964
2,568.0,0.007556864863630729,0.08938235439427071,14.594445513185725
2,569.0,0.0075568068418055525,0.08937764232994967,14.59443783388818
2,570.0,0.007556666851862926,0.0893729871006271,14.594419305956333
2,571.0,0.007556440534228313,0.08936838919909323,14.594389352392298
2,572.0,0.007556138217097928,0.08936384806035268,14.59434934015225
2,573.0,0.007555768900297855,0.08935936288670324,14.594300460380078
2,574.0,0.007555332583828096,0.08935493367814491,14.594242713075776
2,575.0,0.007554829267688649,0.0893505604346777,14.594176098239343
2,576.0,0.007554258951879516,0.08934624315630162,14.594100615870785
2,577.0,0.007553621636400694,0.08934198184301664,14.5940162659701
2,578.0,0.0075529173212521864,0.08933777649482279,14.593923048537283
2,579.0,0.0075521460064339905,0.08933362711172005,14.59382096357234
2,580.0,0.007551307691946108,0.08932953369370843,14.593710011075268
2,581.0,0.007550400908950827,0.08932549650679993,14.593589996642642
2,582.0,0.007549425173655208,0.08932151598560972,14.593460856243551
2,583.0,0.007548396465384998,0.08931758950365594,14.59332470477177
2,584.0,0.007547314784140196,0.08931371706093857,14.59318154222731
2,585.0,0.007546180129920803,0.08930989865745763,14.593031368610161
2,586.0,0.007544992502726818,0.0893061342932131,14.592874183920324
2,587.0,0.007543751902558242,0.089302423968205,14.592709988157804
2,588.0,0.007542458329415075,0.08929876768243332,14.592538781322599
2,589.0,0.007541111783297316,0.08929516543589805,14.592360563414703
2,590.0,0.0075397122642049666,0.08929161722859921,14.592175334434124
2,591.0,0.007538259772138026,0.08928812306053678,14.591983094380858
2,592.0,0.0075367499626887435,0.08928468414259469,14.591783268264384
2,593.0,0.007535193445695026,0.08928129812406843,14.591577260316672
2,594.0,0.007533596918540849,0.08927796331976998,14.591365956949073
2,595.0,0.007531960381226212,0.08927467972969932,14.591149358161584
2,596.0,0.007530283833751115,0.08927144735385645,14.590927463954207
2,597.0,0.007528567276115557,0.08926826619224137,14.590700274326943
2,598.0,0.007526810708319539,0.08926513624485409,14.59046778927979
2,599.0,0.007525014130363062,0.0892620575116946,14.590230008812753
2,600.0,0.0075231775422461246,0.0892590299927629,14.589986932925827
2,601.0,0.007521300943968727,0.089256053688059,14.589738561619013
2,602.0,0.007519384335530868,0.08925312859758289,14.58948489489231
2,603.0,0.007517423205013177,0.0892502564105371,14.589225335584718
2,604.0,0.007515429447052278,0.08924743337252883,14.588961457973733
2,605.0,0.0075134074792917,0.08924465797549584,14.588693846742773
2,606.0,0.007511357301731445,0.08924193021943812,14.58842250189184
2,607.0,0.007509278914371512,0.08923925010435567,14.588147423420933
2,608.0,0.007507172317211902,0.0892366176302485,14.587868611330055
2,609.0,0.007505037510252614,0.0892340327971166,14.5875860656192
2,610.0,0.0075028744934936475,0.08923149560495998,14.587299786288371
2,611.0,0.007500683266935004,0.08922900605377863,14.587009773337574
2,612.0,0.0074984638305766824,0.08922656414357256,14.586716026766798
2,613.0,0.0074962161844186834,0.08922416987434177,14.586418546576049
2,614.0,0.007493937072575298,0.08922182475184583,14.586116901842738
2,615.0,0.0074916329413144,0.08921952629997738,14.585811945742526
2,616.0,0.007489311160031555,0.08921727131287596,14.585504653628758
2,617.0,0.007486971728726761,0.08921505979054155,14.58519502550143
2,618.0,0.007484614647400019,0.08921289173297414,14.58488306136055
2,619.0,0.0074822399160513284,0.08921076714017374,14.58456876120611
2,620.0,0.007479847534680689,0.08920868601214037,14.584252125038116
2,621.0,0.007477437503288101,0.08920664834887398,14.58393315285656
2,622.0,0.007475009821873566,0.08920465415037464,14.58361184466145
2,623.0,0.007472564490437082,0.08920270341664228,14.583288200452785
2,624.0,0.007470101508978649,0.08920079614767694,14.582962220230563
2,625.0,0.007467620877498268,0.08919893234347862,14.58263390399478
2,626.0,0.007465118445580134,0.08919711451885791,14.582302702430118
2,627.0,0.007462605697226238,0.08919533659125073,14.581970135465802
2,628.0,0.007460084557744744,0.08919359748953093,14.581636457919991
2,629.0,0.007457555027135652,0.08919189721369852,14.581301669792676
2,630.0,0.007455017105398962,0.08919023576375351,14.580965771083868
2,631.0,0.007452470792534674,0.0891886131396959,14.580628761793559
2,632.0,0.007449916088542788,0.08918702934152566,14.58029064192175
2,633.0,0.0074473529934233045,0.08918548436924283,14.579951411468445
2,634.0,0.007444781507176222,0.08918397822284738,14.579611070433641
2,635.0,0.007442201629801542,0.08918251090233932,14.579269618817339
2,636.0,0.007439613361299264,0.08918108240771866,14.578927056619536
2,637.0,0.007437016701669389,0.08917969273898538,14.578583383840234
2,638.0,0.007434408093086623,0.08917834455476711,14.578238129594576
2,639.0,0.007431796447785362,0.08917703200769234,14.577892473433518
2,640.0,0.0074291843247807085,0.08917575332117965,14.577546754047525
2,641.0,0.007426571724072662,0.08917450849522902,14.577200971436582
2,642.0,0.007423958645661224,0.08917329752984049,14.576855125600705
2,643.0,0.007421345089546392,0.08917212042501403,14.576509216539886
2,644.0,0.007418731055728167,0.08917097718074965,14.576163244254124
2,645.0,0.007416116544206551,0.08916986779704736,14.57581720874342
2,646.0,0.007413501554981541,0.08916879227390713,14.575471110007772
2,647.0,0.007410886088053139,0.08916775061132899,14.575124948047188
2,648.0,0.007408270143421344,0.08916674280931294,14.574778722861659
2,649.0,0.007405653721086157,0.08916576886785896,14.574432434451193
2,650.0,0.007403036320455146,0.08916482923603508,14.574086016561434
2,651.0,0.007400416097821688,0.08916392594870017,14.573739225174352
2,652.0,0.00739780193505112,0.08916305136358742,14.573393235821504
2,653.0,0.00739519383214344,0.08916220548069685,14.573048048502894
2,654.0,0.00739259178909865,0.08916138830002845,14.572703663218517
2,655.0,0.007389995805916748,0.08916059982158224,14.572360079968377
2,656.0,0.007387405882597736,0.08915984004535818,14.572017298752472
2,657.0,0.007384822019141612,0.08915910897135632,14.571675319570804
2,658.0,0.007382244215548378,0.08915840659957662,14.57133414242337
2,659.0,0.007379672471818033,0.08915773293001909,14.570993767310169
2,660.0,0.007377106787950576,0.08915708796268373,14.57065419423121
2,661.0,0.007374547163946009,0.08915647169757056,14.570315423186479
2,662.0,0.007371993599804331,0.08915588413467956,14.56997745417599
2,663.0,0.0073694460955255415,0.08915532527401074,14.569640287199736
2,664.0,0.007366902035853462,0.08915479844245887,14.569303576123648
2,665.0,0.007364368011809123,0.0891542964485419,14.568968193281737
2,666.0,0.007361845192232415,0.08915381793798723,14.568634293372169
2,667.0,0.00735933357712334,0.08915336291079481,14.568301876394935
2,668.0,0.007356833166481895,0.08915293136696469,14.567970942350035
2,669.0,0.007354343960308083,0.08915252330649683,14.567641491237472
2,670.0,0.007351865958601903,0.08915213872939125,14.56731352305725
2,671.0,0.0073493991613633545,0.08915177763564794,14.566987037809362
2,672.0,0.007346943568592438,0.0891514400252669,14.56666203549381
2,673.0,0.007344499180289153,0.08915112589824814,14.56633851611059
2,674.0,0.0073420659964535005,0.08915083525459166,14.566016479659716
2,675.0,0.00733964401708548,0.08915056809429746,14.56569592614117
2,676.0,0.007337233242185091,0.08915032441736553,14.565376855554964
2,677.0,0.007334833671752334,0.08915010422379588,14.565059267901093
2,678.0,0.007332443434654148,0.08914991093661742,14.564742915531586
2,679.0,0.007330067104543951,0.08914973769436559,14.564428403778056
2,680.0,0.007327705726916076,0.0891495827906454,14.564115871013648
2,681.0,0.007325359301770524,0.08914944622545684,14.563805317238362
2,682.0,0.007323027829107296,0.08914932799879992,14.563496742452196
2,683.0,0.007320711308926389,0.08914922811067463,14.56319014665515
2,684.0,0.007318409741227806,0.08914914656108099,14.562885529847225
2,685.0,0.007316123126011546,0.08914908335001896,14.562582892028422
2,686.0,0.007313851463277608,0.08914903847748858,14.56228223319874
2,687.0,0.0073115947530259925,0.08914901194348983,14.561983553358175
2,688.0,0.0073093529952567,0.08914900374802272,14.561686852506732
2,689.0,0.007307126189969731,0.08914901389108723,14.561392130644409
2,690.0,0.007304914337165084,0.0891490423726834,14.561099387771208
2,691.0,0.007302717436842759,0.08914908919281117,14.560808623887127
2,692.0,0.007300535489002759,0.0891491543514706,14.560519838992166
2,693.0,0.007298367412424707,0.08914924153050632,14.560232889984778
2,694.0,0.0072962161907773404,0.08914934340409895,14.559948171759126
2,695.0,0.007294082286252478,0.08914945868605938,14.559665745487163
2,696.0,0.0072919656988501185,0.08914958737638756,14.559385611168892
2,697.0,0.0072898664285702625,0.08914972947508354,14.55910776880431
2,698.0,0.00728778447541291,0.0891498849821473,14.55883221839342
2,699.0,0.0072857198393780605,0.08915005389757884,14.558558959936214
2,700.0,0.007283672520465715,0.08915023622137816,14.558287993432703
2,701.0,0.007281642518675874,0.08915043195354527,14.558019318882879
2,702.0,0.007279629834008535,0.08915064109408016,14.557752936286747
2,703.0,0.0072776344664637,0.08915086364298283,14.557488845644304
2,704.0,0.007275656416041368,0.08915109960025328,14.55722704695555
2,705.0,0.0072736956827415405,0.08915134896589151,14.556967540220485
2,706.0,0.007271752266564215,0.08915161173989752,14.556710325439116
2,707.0,0.0072698261675093944,0.08915188792227131,14.55645540261143
2,708.0,0.007267917385577077,0.0891521775130129,14.55620277173744
2,709.0,0.007266025822919116,0.08915248417555409,14.55595241986675
2,710.0,0.007264152481167368,0.08915280094522537,14.555704479567222
2,711.0,0.007262297477712959,0.08915312655977033,14.55545896637579
2,712.0,0.007260460812555886,0.08915346101918892,14.555215880292456
2,713.0,0.007258642485696151,0.08915380432348118,14.554975221317225
2,714.0,0.007256842497133753,0.08915415647264709,14.554736989450085
2,715.0,0.007255060846868693,0.08915451746668665,14.554501184691043
2,716.0,0.00725329753490097,0.08915488730559988,14.554267807040103
2,717.0,0.007251552561230583,0.08915526598938675,14.554036856497254
2,718.0,0.007249825925857534,0.08915565351804729,14.553808333062504
2,719.0,0.007248117628781824,0.08915604989158148,14.553582236735854
2,720.0,0.007246427670003449,0.08915645510998932,14.5533585675173
2,721.0,0.007244756049522413,0.08915686917327081,14.55313732540684
2,722.0,0.007243102767338714,0.08915729208142596,14.55291851040448
2,723.0,0.007241467823452351,0.08915772383445478,14.552702122510217
2,724.0,0.007239851217863327,0.08915816443235723,14.552488161724051
2,725.0,0.007238252950571639,0.08915861387513335,14.552276628045982
2,726.0,0.007236673773666158,0.08915907499726906,14.552067621016384
2,727.0,0.0072351132201219455,0.08915954349306103,14.551861078823633
2,728.0,0.007233570772122,0.08916001680208131,14.551656932933671
2,729.0,0.007232046429666321,0.0891604949243299,14.551455183346503
2,730.0,0.00723054019275491,0.08916097785980681,14.551255830062123
2,731.0,0.007229052061387765,0.08916146560851204,14.551058873080535
2,732.0,0.0072275820355648885,0.08916195817044557,14.550864312401742
2,733.0,0.007226130115286278,0.08916245554560742,14.550672148025736
2,734.0,0.007224696300551934,0.08916295773399759,14.550482379952522
2,735.0,0.007223280591361858,0.08916346473561607,14.550295008182097
2,736.0,0.0072218829877160485,0.08916397655046286,14.550110032714466
2,737.0,0.007220503489614507,0.08916449317853797,14.549927453549627
2,738.0,0.007219142097057231,0.0891650146198414,14.549747270687579
2,739.0,0.007217798810044223,0.08916554087437313,14.549569484128323
2,740.0,0.007216473628575481,0.08916607194213318,14.549394093871854
2,741.0,0.007215166552651007,0.08916660782312155,14.54922109991818
2,742.0,0.0072138775822708,0.08916714851733823,14.549050502267296
2,743.0,0.007212606717434859,0.08916769402478322,14.548882300919201
2,744.0,0.00721135443774219,0.08916824512233283,14.54871655934973
2,745.0,0.007210121896262992,0.08916880297032347,14.548553430169887
2,746.0,0.007208906148033379,0.08916936229303003,14.548392523608166
2,747.0,0.007207707193053353,0.08916992309045255,14.548233839664572
2,748.0,0.007206525031322912,0.08917048536259099,14.5480773783391
2,749.0,0.007205359662842058,0.08917104910944539,14.547923139631756
2,750.0,0.007204211087610789,0.08917161433101572,14.547771123542542
2,751.0,0.007203079305629106,0.089172181027302,14.547621330071445
2,752.0,0.007201964316897009,0.08917274919830422,14.547473759218478
2,753.0,0.007200866121414498,0.08917331884402237,14.547328410983633
2,754.0,0.007199784719181573,0.08917388996445647,14.547185285366917
2,755.0,0.007198720110198233,0.0891744625596065,14.547044382368325
2,756.0,0.00719767229446448,0.08917503662947247,14.546905701987859
2,757.0,0.0071966412719803126,0.0891756121740544,14.54676924422552
2,758.0,0.007195627042745731,0.08917618919335225,14.546635009081303
2,759.0,0.0071946296067607355,0.08917676768736606,14.546502996555207
2,760.0,0.007193648964025325,0.0891773476560958,14.546373206647246
2,761.0,0.007192685114539502,0.08917792909954149,14.546245639357405
2,762.0,0.007191738058303264,0.0891785120177031,14.546120294685691
2,763.0,0.007190807795316612,0.08917909641058068,14.545997172632102
2,764.0,0.007189896486340115,0.08917968404035047,14.545876559177353
2,765.0,0.007189001747798098,0.08918027231848723,14.545758138850742
2,766.0,0.007188121683363898,0.08918085953503757,14.545641660669856
2,767.0,0.007187256293037514,0.08918144569000151,14.5455271246347
2,768.0,0.007186405576818947,0.08918203078337907,14.545414530745282
2,769.0,0.007185569534708195,0.08918261481517022,14.545303879001592
2,770.0,0.007184748166705261,0.08918319778537495,14.545195169403636
2,771.0,0.007183941472810144,0.0891837796939933,14.545088401951405
2,772.0,0.007183149453022842,0.08918436054102524,14.544983576644913
2,773.0,0.007182372107343357,0.08918494032647079,14.544880693484151
2,774.0,0.007181609435771688,0.08918551905032993,14.54477975246912
2,775.0,0.007180861438307836,0.08918609671260266,14.544680753599819
2,776.0,0.007180128114951801,0.08918667331328901,14.544583696876256
2,777.0,0.007179409465703582,0.08918724885238895,14.544488582298419
2,778.0,0.00717870549056318,0.08918782332990248,14.544395409866317
2,779.0,0.007178016189530593,0.08918839674582962,14.544304179579946
2,780.0,0.007177341562605824,0.08918896910017036,14.544214891439305
2,781.0,0.007176681609788871,0.08918954039292469,14.544127545444395
2,782.0,0.007176036331079735,0.08919011062409263,14.544042141595218
2,783.0,0.007175405726478415,0.08919067979367416,14.543958679891773
2,784.0,0.007174790410837212,0.08919124819423829,14.543877241710918
2,785.0,0.0071741925190502605,0.08919181657011437,14.543798109609899
2,786.0,0.007173606699702331,0.08919238216468793,14.543720575318861
2,787.0,0.007173032952793423,0.089192944977959,14.543644638837801
2,788.0,0.007172471278323539,0.08919350500992757,14.543570300166726
2,789.0,0.007171921676292677,0.08919406226059363,14.543497559305626
2,790.0,0.0071713841467008375,0.08919461672995718,14.543426416254508
2,791.0,0.007170858689548021,0.08919516841801825,14.543356871013371
2,792.0,0.007170345304834226,0.0891957173247768,14.543288923582216
2,793.0,0.007169843992559455,0.08919626345023285,14.54322257396104
2,794.0,0.007169354752723706,0.0891968067943864,14.543157822149839
2,795.0,0.007168877585326979,0.08919734735723743,14.543094668148626
2,796.0,0.007168412490369275,0.08919788513878597,14.543033111957387
2,797.0,0.007167959467850593,0.08919842013903201,14.54297315357613
2,798.0,0.007167518517770934,0.08919895235797555,14.542914793004854
2,799.0,0.007167089640130298,0.08919948179561658,14.54285803024356
2,800.0,0.007166672834928684,0.08920000845195511,14.542802865292241
2,801.0,0.007166268102166092,0.08920053232699113,14.542749298150907
2,802.0,0.007165875441842524,0.08920105342072465,14.542697328819552
2,803.0,0.007165494853957978,0.08920157173315567,14.542646957298176
2,804.0,0.007165126338512454,0.08920208726428419,14.54259818358678
2,805.0,0.007164769895505953,0.0892026000141102,14.542551007685365
2,806.0,0.007164429119645312,0.08920311066106311,14.542505905360136
2,807.0,0.007164098177778681,0.08920361767688287,14.542462104582482
2,808.0,0.0071637765301457495,0.08920412093714893,14.542419533914115
2,809.0,0.007163464176746518,0.08920462044186127,14.542378193355036
2,810.0,0.007163161117580985,0.08920511619101991,14.54233808290524
2,811.0,0.007162867352649151,0.08920560818462485,14.542299202564736
2,812.0,0.007162582881951017,0.08920609642267609,14.542261552333521
2,813.0,0.007162307705486582,0.08920658090517361,14.54222513221159
2,814.0,0.007162041823255846,0.08920706163211745,14.542189942198949
2,815.0,0.00716178523525881,0.08920753860350757,14.542155982295595
2,816.0,0.007161537941495473,0.08920801181934399,14.542123252501527
2,817.0,0.007161299941965835,0.08920848127962669,14.542091752816747
2,818.0,0.007161071236669896,0.0892089469843557,14.542061483241252
2,819.0,0.007160851825607657,0.089209408933531,14.542032443775046
2,820.0,0.007160641708779117,0.0892098671271526,14.542004634418127
2,821.0,0.007160440886184276,0.0892103215652205,14.5419780551705
2,822.0,0.0071602493578231344,0.08921077224773469,14.541952706032156
2,823.0,0.007160067123695692,0.08921121917469518,14.541928587003097
2,824.0,0.0071598941838019485,0.08921166234610196,14.54190569808333
2,825.0,0.007159730538141905,0.08921210176195504,14.541884039272851
2,826.0,0.0071595761867155605,0.08921253742225442,14.541863610571655
2,827.0,0.007159431129522915,0.08921296932700008,14.541844411979747
2,828.0,0.0071592988879327895,0.0892133974639482,14.541826909556908
2,829.0,0.007159173715754677,0.08921382151273619,14.541810342784023
2,830.0,0.007159055131539111,0.08921424145862178,14.541794647940359
2,831.0,0.007158943135286091,0.08921465730160497,14.541779825025909
2,832.0,0.007158837726995616,0.08921506904168575,14.541765874040678
2,833.0,0.0071587389066676875,0.08921547667886412,14.541752794984658
2,834.0,0.007158646674302305,0.08921588021314009,14.541740587857863
2,835.0,0.007158561029899469,0.08921627964451366,14.541729252660282
2,836.0,0.007158481973459178,0.08921667497298483,14.54171878939192
2,837.0,0.0071584095049814335,0.08921706619855359,14.541709198052775
2,838.0,0.007158343624466234,0.08921745332121994,14.541700478642843
2,839.0,0.007158284331913582,0.0892178363409839,14.541692631162132
2,840.0,0.0071582316273234746,0.08921821525784544,14.541685655610635
2,841.0,0.007158185510695914,0.08921859007180459,14.541679551988357
2,842.0,0.007158145982030898,0.08921896078286133,14.541674320295296
2,843.0,0.007158113041328429,0.08921932739101568,14.541669960531456
2,844.0,0.007158086688588506,0.0892196898962676,14.541666472696823
2,845.0,0.0071580669238111285,0.08922004829861714,14.541663856791414
2,846.0,0.007158053746996297,0.08922040259806427,14.541662112815226
2,847.0,0.007158047158144012,0.08922075279460899,14.541661240768248
2,848.0,0.007158047157254272,0.0892210988882513,14.54166124065049
2,849.0,0.007158053744327078,0.08922144087899123,14.541662112461946
2,850.0,0.007158067025217337,0.08922177875058819,14.541663870212718
2,851.0,0.007158090182332624,0.0892221118962338,14.541666935100423
2,852.0,0.007158117477446537,0.08922244108302929,14.541670547660017
2,853.0,0.007158148910559075,0.08922276631097464,14.541674707891499
2,854.0,0.007158184481670238,0.08922308758006985,14.541679415794878
2,855.0,0.007158224190780027,0.08922340489031493,14.541684671370144
2,856.0,0.007158268037888441,0.08922371824170987,14.5416904746173
2,857.0,0.007158316022995481,0.08922402763425466,14.541696825536347
2,858.0,0.007158368146101146,0.08922433306794933,14.541703724127284
2,859.0,0.007158424407205437,0.08922463454279385,14.54171117039011
2,860.0,0.007158484806308353,0.08922493205878824,14.54171916432483
2,861.0,0.007158549343409894,0.08922522561593249,14.541727705931438
2,862.0,0.007158618018510061,0.0892255152142266,14.541736795209937
2,863.0,0.0071586908316088535,0.08922580085367059,14.541746432160327
2,864.0,0.007158767782706271,0.08922608253426442,14.541756616782605
2,865.0,0.007158848871802314,0.08922636025600814,14.541767349076778
2,866.0,0.007158934098896982,0.0892266340189017,14.541778629042836
2,867.0,0.007159023463990276,0.08922690382294513,14.54179045668079
2,868.0,0.007159116967082196,0.08922716966813843,14.54180283199063
2,869.0,0.00715921460817274,0.08922743155448158,14.541815754972362
2,870.0,0.007159316387261911,0.0892276894819746,14.541829225625987
2,871.0,0.0071594223043497055,0.08922794345061748,14.541843243951497
2,872.0,0.007159532359436126,0.08922819346041022,14.541857809948901
2,873.0,0.007159646552521173,0.08922843951135284,14.541872923618195
2,874.0,0.007159764918247805,0.08922868159149157,14.541888589544442
2,875.0,0.007159890354517708,0.08922891859312562,14.54190519127037
2,876.0,0.007160017862393409,0.08922915213525007,14.541922067177214
2,877.0,0.007160147441874906,0.08922938221786489,14.541939217264977
2,878.0,0.007160279092962201,0.08922960884097007,14.541956641533663
2,879.0,0.007160412815655292,0.08922983200456563,14.541974339983263
2,880.0,0.007160548609954181,0.08923005170865157,14.541992312613784
2,881.0,0.0071606864758588665,0.08923026795322787,14.54201055942522
2,882.0,0.0071608264133693495,0.08923048073829457,14.542029080417578
2,883.0,0.00716096842248563,0.08923069006385162,14.54204787559085
2,884.0,0.007161112503207707,0.08923089592989905,14.542066944945043
2,885.0,0.007161258655535582,0.08923109833643686,14.542086288480155
2,886.0,0.007161406879469253,0.08923129728346504,14.542105906196182
2,887.0,0.007161557175008722,0.0892314927709836,14.542125798093126
2,888.0,0.007161709542153988,0.08923168479899253,14.542145964170993
2,889.0,0.007161863980905051,0.08923187336749183,14.542166404429782
2,890.0,0.007162020491261911,0.08923205847648152,14.542187118869482
2,891.0,0.007162179073224568,0.08923224012596156,14.542208107490104
2,892.0,0.007162339726793023,0.089232418315932,14.542229370291645
2,893.0,0.007162502451967274,0.0892325930463928,14.542250907274102
2,894.0,0.007162667248747322,0.08923276431734398,14.542272718437475
2,895.0,0.0071628341171331685,0.08923293212878552,14.54229480378177
2,896.0,0.007163003057124811,0.08923309648071745,14.542317163306983
2,897.0,0.0071631740687222506,0.08923325737313975,14.542339797013113
2,898.0,0.007163347151925488,0.08923341480605242,14.542362704900164
2,899.0,0.007163522306734522,0.08923356877945547,14.542385886968132
2,900.0,0.007163700942404591,0.08923371843359673,14.542409529734597
2,901.0,0.007163881801856083,0.08923386434456645,14.542433466822706
2,902.0,0.007164063129963541,0.0892340075209749,14.542457465938316
2,903.0,0.007164244926726965,0.08923414796282209,14.542481527081422
2,904.0,0.007164427192146355,0.089234285670108,14.542505650252027
2,905.0,0.007164609926221711,0.08923442064283264,14.54252983545013
2,906.0,0.007164793128953033,0.08923455288099601,14.542554082675727
2,907.0,0.007164976800340321,0.0892346823845981,14.542578391928826
2,908.0,0.007165160940383575,0.08923480915363893,14.54260276320942
2,909.0,0.007165345549082795,0.0892349331881185,14.54262719651751
2,910.0,0.00716553062643798,0.08923505448803677,14.542651691853097
2,911.0,0.007165716172449132,0.08923517305339379,14.54267624921618
2,912.0,0.0071659021871162505,0.08923528888418954,14.542700868606763
2,913.0,0.007166088670439334,0.08923540198042401,14.542725550024844
2,914.0,0.007166275622418384,0.08923551234209721,14.542750293470421
2,915.0,0.0071664630430534,0.08923561996920915,14.5427750989435
2,916.0,0.0071666509323443815,0.0892357248617598,14.542799966444072
2,917.0,0.0071668392902913295,0.08923582701974919,14.54282489597214
2,918.0,0.007167028116894243,0.08923592644317732,14.542849887527709
2,919.0,0.007167217412153123,0.08923602313204416,14.542874941110775
2,920.0,0.007167407176067969,0.08923611708634975,14.542900056721335
2,921.0,0.007167597408638781,0.08923620830609405,14.542925234359396
2,922.0,0.007167788109865559,0.08923629679127709,14.542950474024952
2,923.0,0.007167979279748302,0.08923638254189886,14.542975775718006
2,924.0,0.007168170918287012,0.08923646555795935,14.543001139438557
2,925.0,0.0071683630254816885,0.08923654583945857,14.543026565186604
2,926.0,0.00716855560133233,0.08923662338639653,14.54305205296215
2,927.0,0.007168748652177985,0.0892366981924099,14.543077603604178
2,928.0,0.007168943784199875,0.08923676850789537,14.54310342969379
2,929.0,0.007169138286025466,0.08923683691812699,14.54312917237574
2,930.0,0.007169332157654757,0.08923690342310475,14.543154831650025
2,931.0,0.007169525399087749,0.08923696802282866,14.543180407516644
2,932.0,0.007169718010324442,0.0892370307172987,14.543205899975602
2,933.0,0.007169909991364835,0.08923709150651488,14.543231309026895
2,934.0,0.007170101342208929,0.0892371503904772,14.543256634670522
2,935.0,0.007170292062856723,0.08923720736918567,14.543281876906487
2,936.0,0.007170482153308218,0.08923726244264027,14.54330703573479
2,937.0,0.007170671613563414,0.08923731561084101,14.543332111155424
2,938.0,0.00717086044362231,0.0892373668737879,14.543357103168399
2,939.0,0.007171048643484907,0.08923741623148093,14.543382011773705
2,940.0,0.007171236213151204,0.08923746368392009,14.543406836971352
2,941.0,0.007171423152621202,0.0892375092311054,14.543431578761332
2,942.0,0.007171609461894901,0.08923755287303685,14.543456237143653
2,943.0,0.0071717951409723,0.08923759460971444,14.543480812118307
2,944.0,0.0071719801898534,0.08923763444113818,14.543505303685295
2,945.0,0.007172164608538201,0.08923767236730805,14.543529711844618
2,946.0,0.007172348397026702,0.08923770838822406,14.543554036596282
2,947.0,0.007172531555318903,0.0892377425038862,14.543578277940279
2,948.0,0.007172714083414806,0.0892377747142945,14.543602435876611
2,949.0,0.0071728959813144085,0.08923780501944895,14.54362651040528
2,950.0,0.007173077249017712,0.08923783341934952,14.543650501526287
2,951.0,0.007173257886524716,0.08923785991399623,14.543674409239634
2,952.0,0.007173437893835421,0.0892378845033891,14.54369823354531
2,953.0,0.007173617270949826,0.0892379071875281,14.543721974443324
2,954.0,0.0071737960178679325,0.08923792796641324,14.543745631933673
2,955.0,0.007173974134589738,0.08923794684004452,14.54376920601636
2,956.0,0.007174151621115246,0.08923796380842193,14.543792696691384
2,957.0,0.0071743284774444535,0.0892379788715455,14.543816103958742
2,958.0,0.007174505262767161,0.0892379906129057,14.543839501828256
2,959.0,0.007174681133178119,0.0892380005936778,14.543862778607481
2,960.0,0.007174855784750638,0.08923800948874472,14.543885894071153
2,961.0,0.007175029217484717,0.08923801729810645,14.543908848219266
2,962.0,0.007175201431380358,0.08923802402176302,14.54393164105182
2,963.0,0.007175372426437557,0.0892380296597144,14.54395427256882
2,964.0,0.007175542202656319,0.08923803421196061,14.54397674277026
2,965.0,0.00717571076003664,0.08923803767850165,14.543999051656149
2,966.0,0.007175878098578521,0.0892380400593375,14.544021199226478
2,967.0,0.007176044218281964,0.08923804135446818,14.54404318548125
2,968.0,0.007176209119146967,0.08923804156389369,14.544065010420464
2,969.0,0.007176372801173531,0.08923804068761401,14.544086674044122
2,970.0,0.0071765352643616545,0.08923803872562917,14.544108176352223
2,971.0,0.007176696508711339,0.08923803567793914,14.544129517344768
2,972.0,0.007176856534222584,0.08923803154454395,14.544150697021754
2,973.0,0.007177015340895389,0.08923802632544357,14.544171715383188
2,974.0,0.007177172928729755,0.08923802002063802,14.544192572429061
2,975.0,0.007177329297725682,0.08923801263012729,14.54421326815938
2,976.0,0.007177484447883169,0.08923800415391138,14.54423380257414
2,977.0,0.007177638379202217,0.08923799459199029,14.544254175673345
2,978.0,0.007177791091682825,0.08923798394436404,14.544274387456992
2,979.0,0.007177942585324994,0.08923797221103259,14.544294437925082
2,980.0,0.007178092860128722,0.08923795939199598,14.544314327077613
2,981.0,0.007178241916094012,0.0892379454872542,14.544334054914593
2,982.0,0.007178389753220863,0.08923793049680723,14.544353621436015
2,983.0,0.007178536371509273,0.08923791442065508,14.544373026641878
2,984.0,0.0071786817709592445,0.08923789725879777,14.544392270532184
2,985.0,0.007178825951570776,0.08923787901123527,14.544411353106932
2,986.0,0.007178968913343868,0.0892378596779676,14.544430274366125
2,987.0,0.007179110656278521,0.08923783925899476,14.544449034309762
2,988.0,0.0071792511803747345,0.08923781775431673,14.544467632937842
2,989.0,0.007179390485632508,0.08923779516393353,14.544486070250363
2,990.0,0.007179528572051842,0.08923777148784516,14.544504346247326
2,991.0,0.007179665439632737,0.0892377467260516,14.544522460928736
2,992.0,0.007179800902094935,0.08923771995451281,14.544540389640048
2,993.0,0.007179934873711276,0.08923769168425633,14.544558121035106
2,994.0,0.007180067515059712,0.08923766302650775,14.544575676366714
2,995.0,0.0071801988261402435,0.08923763398126708,14.54459305563486
2,996.0,0.00718032880695287,0.08923760454853431,14.544610258839551
2,997.0,0.007180457457497591,0.08923757472830944,14.544627285980793
2,998.0,0.007180584777774408,0.08923754452059249,14.544644137058572
2,999.0,0.007180710767783319,0.08923751392538343,14.544660812072898
2,1000.0,0.007180835427524326,0.08923748294268227,14.544677311023769
2,1001.0,0.007180958756997428,0.08923745157248902,14.544693633911182
2,1002.0,0.007181080756202624,0.08923741981480368,14.544709780735136
2,1003.0,0.007181201425139916,0.08923738766962623,14.544725751495642
2,1004.0,0.007181320763809303,0.0892373551369567,14.54474154619269
2,1005.0,0.007181438772210785,0.08923732221679506,14.544757164826278
2,1006.0,0.007181555450344362,0.08923728890914133,14.544772607396414
2,1007.0,0.007181670798210034,0.0892372552139955,14.54478787390309
2,1008.0,0.007181784815807801,0.08923722113135758,14.544802964346315
2,1009.0,0.007181897503137663,0.08923718666122757,14.544817878726082
2,1010.0,0.00718200886019962,0.08923715180360545,14.544832617042392
2,1011.0,0.0071821188869936724,0.08923711655849123,14.544847179295248
2,1012.0,0.00718222758351982,0.08923708092588493,14.544861565484647
2,1013.0,0.007182334949778062,0.08923704490578653,14.54487577561059
2,1014.0,0.0071824409857684,0.08923700849819603,14.544889809673078
2,1015.0,0.007182545691490833,0.08923697170311343,14.544903667672111
2,1016.0,0.00718264906694536,0.08923693452053874,14.544917349607687
2,1017.0,0.007182751112131983,0.08923689695047195,14.544930855479809
2,1018.0,0.0071828518270507,0.08923685899291307,14.54494418528847
2,1019.0,0.007182951211701513,0.08923682064786209,14.544957339033678
2,1020.0,0.0071830492660844205,0.08923678191531902,14.54497031671543
2,1021.0,0.0071831459901994235,0.08923674279528385,14.54498311833373
2,1022.0,0.007183241384046522,0.08923670328775657,14.544995743888572
2,1023.0,0.007183335447625715,0.08923666339273721,14.545008193379955
2,1024.0,0.007183428180937003,0.08923662311022575,14.545020466807888
2,1025.0,0.007183519583980386,0.08923658244022219,14.54503256417236
2,1026.0,0.007183609656755865,0.08923654138272653,14.545044485473376
2,1027.0,0.007183698399263437,0.08923649993773879,14.54505623071094
2,1028.0,0.007183785811503106,0.08923645810525895,14.545067799885043
2,1029.0,0.007183871893474869,0.08923641588528701,14.545079192995692
2,1030.0,0.007183956645178727,0.08923637327782297,14.545090410042885
2,1031.0,0.007184040066614681,0.08923633028286683,14.545101451026627
2,1032.0,0.007184120873279422,0.08923628590564564,14.545112145940482
2,1033.0,0.007184200525248607,0.0892362415398654,14.545122688028217
2,1034.0,0.0071842791054277134,0.08923619725725954,14.545133088262515
2,1035.0,0.007184356613816744,0.08923615305782807,14.545143346643387
2,1036.0,0.007184433050415698,0.08923610894157101,14.545153463170832
2,1037.0,0.007184508415224575,0.08923606490848833,14.54516343784484
2,1038.0,0.007184582708243376,0.08923602095858003,14.545173270665423
2,1039.0,0.0071846559294721,0.08923597709184614,14.545182961632571
2,1040.0,0.007184728078910747,0.08923593330828662,14.545192510746299
2,1041.0,0.007184799156559318,0.08923588960790149,14.54520191800659
2,1042.0,0.007184869162417812,0.08923584599069076,14.545211183413455
2,1043.0,0.007184938096486229,0.08923580245665443,14.545220306966888
2,1044.0,0.007185005958764569,0.08923575900579248,14.54522928866689
2,1045.0,0.007185072749252833,0.08923571563810491,14.545238128513464
2,1046.0,0.00718513846795102,0.08923567235359173,14.54524682650661
2,1047.0,0.00718520311485913,0.08923562915225294,14.545255382646324
2,1048.0,0.007185266689977164,0.08923558603408856,14.545263796932607
2,1049.0,0.007185329193305121,0.08923554299909855,14.545272069365462
2,1050.0,0.007185390624843002,0.08923550004728294,14.545280199944887
2,1051.0,0.007185450984590805,0.08923545717864172,14.545288188670883
2,1052.0,0.007185510272548532,0.08923541439317488,14.545296035543448
2,1053.0,0.007185568488716183,0.08923537169088243,14.545303740562584
2,1054.0,0.007185625633093756,0.08923532907176437,14.54531130372829
2,1055.0,0.007185681705681253,0.08923528653582072,14.545318725040566
2,1056.0,0.007185736706478674,0.08923524408305145,14.545326004499412
2,1057.0,0.007185790635486017,0.08923520171345656,14.545333142104829
2,1058.0,0.007185843492703284,0.08923515942703605,14.545340137856812
2,1059.0,0.007185895278130475,0.08923511722378995,14.54534699175537
2,1060.0,0.007185945991767588,0.08923507510371824,14.545353703800497
2,1061.0,0.007185995633614625,0.08923503306682092,14.545360273992193
2,1062.0,0.007186044203671586,0.08923499111309798,14.54536670233046
2,1063.0,0.007186091701938469,0.08923494924254943,14.5453729888153
2,1064.0,0.007186138128415276,0.08923490745517527,14.545379133446707
2,1065.0,0.007186183483102006,0.0892348657509755,14.545385136224688
2,1066.0,0.007186227765998659,0.08923482412995012,14.545390997149235
2,1067.0,0.007186270977105236,0.08923478259209915,14.545396716220354
2,1068.0,0.0071863131164217366,0.08923474113742254,14.545402293438041
2,1069.0,0.00718635418394816,0.08923469976592034,14.545407728802301
2,1070.0,0.0071863941796845065,0.08923465847759252,14.545413022313129
2,1071.0,0.007186433103630777,0.08923461727243909,14.54541817397053
2,1072.0,0.007186470955786971,0.08923457615046006,14.5454231837745
2,1073.0,0.007186507736153087,0.08923453511165541,14.54542805172504
2,1074.0,0.007186543444729127,0.08923449415602515,14.54543277782215
2,1075.0,0.007186578081515091,0.08923445328356928,14.54543736206583
2,1076.0,0.007186610977295872,0.0892344123800911,14.545441715884204
2,1077.0,0.007186642068569162,0.08923437152638729,14.545445830872621
2,1078.0,0.007186672511811581,0.0892343309596114,14.54544986009294
2,1079.0,0.007186702307023132,0.08923429067976345,14.545453803545152
2,1080.0,0.007186731454203814,0.0892342506868434,14.54545766122926
2,1081.0,0.007186759953353628,0.08923421098085127,14.54546143314527
2,1082.0,0.007186787804472572,0.08923417156178708,14.545465119293175
2,1083.0,0.0071868150075606475,0.08923413242965078,14.545468719672972
2,1084.0,0.0071868415626178545,0.08923409358444241,14.545472234284675
2,1085.0,0.007186867469644192,0.08923405502616197,14.545475663128272
2,1086.0,0.007186892728639661,0.08923401675480944,14.545479006203767
2,1087.0,0.007186917339604261,0.08923397877038483,14.545482263511156
2,1088.0,0.007186941302537992,0.08923394107288814,14.545485435050445
2,1089.0,0.007186964617440854,0.08923390366231937,14.545488520821628
2,1090.0,0.007186987284312848,0.08923386653867851,14.545491520824713
2,1091.0,0.007187009303153973,0.08923382970196558,14.545494435059698
2,1092.0,0.007187030673964228,0.08923379315218057,14.545497263526574
2,1093.0,0.007187051396743614,0.08923375688932347,14.545500006225348
2,1094.0,0.007187071471492132,0.0892337209133943,14.54550266315602
2,1095.0,0.007187090898209782,0.08923368522439304,14.545505234318592
2,1096.0,0.007187109676896562,0.0892336498223197,14.545507719713058
2,1097.0,0.007187127807552473,0.08923361470717428,14.545510119339422
2,1098.0,0.0071871452901775155,0.08923357987895679,14.545512433197684
2,1099.0,0.007187162124771689,0.08923354533766721,14.545514661287845
2,1100.0,0.007187178311334994,0.08923351108330554,14.5455168036099
2,1101.0,0.00718719384986743,0.0892334771158718,14.545518860163854
2,1102.0,0.007187208740368997,0.08923344343536599,14.545520830949707
2,1103.0,0.007187222982839694,0.08923341004178809,14.545522715967454
2,1104.0,0.007187236577279524,0.0892333769351381,14.545524515217101
2,1105.0,0.007187249523688484,0.08923334411541603,14.545526228698645
2,1106.0,0.007187261822066576,0.08923331158262189,14.545527856412084
2,1107.0,0.007187273472413798,0.08923327933675566,14.545529398357422
2,1108.0,0.007187284474730152,0.08923324737781735,14.545530854534658
2,1109.0,0.007187294829015637,0.08923321570580696,14.545532224943784
2,1110.0,0.007187304535270253,0.0892331843207245,14.545533509584816
2,1111.0,0.0071873135934939995,0.08923315322256994,14.545534708457746
2,1112.0,0.007187322003686878,0.08923312241134332,14.545535821562572
2,1113.0,0.007187329765848887,0.0892330918870446,14.545536848899292
2,1114.0,0.007187336879980028,0.08923306164967382,14.54553779046791
2,1115.0,0.0071873433460802995,0.08923303169923094,14.545538646268424
2,1116.0,0.0071873491641497025,0.08923300203571599,14.545539416300837
2,1117.0,0.007187354334188236,0.08923297265912895,14.54554010056515
2,1118.0,0.007187358856195901,0.08923294356946984,14.545540699061357
2,1119.0,0.007187362730172697,0.08923291476673864,14.545541211789464
2,1120.0,0.007187365956118625,0.08923288625093537,14.54554163874947
2,1121.0,0.007187368534033682,0.08923285802206,14.545541979941365
2,1122.0,0.007187370463917872,0.08923283008011257,14.545542235365165
2,1123.0,0.007187371745771193,0.08923280242509306,14.545542405020859
2,1124.0,0.007187371094291265,0.08923277537542924,14.545542318796267
2,1125.0,0.00718737012957771,0.08923274862444099,14.545542191114613
2,1126.0,0.007187368913465996,0.0892327221587521,14.545542030159947
2,1127.0,0.0071873674459561245,0.08923269597836256,14.545541835932257
2,1128.0,0.007187365727048094,0.08923267008327239,14.545541608431552
2,1129.0,0.007187363756741904,0.08923264447348157,14.545541347657828
2,1130.0,0.0071873615350375565,0.08923261914899012,14.545541053611084
2,1131.0,0.00718735906193505,0.08923259410979804,14.54554072629132
2,1132.0,0.007187356337434386,0.08923256935590533,14.54554036569854
2,1133.0,0.007187353361535562,0.08923254488731197,14.545539971832739
2,1134.0,0.00718735013423858,0.08923252070401798,14.545539544693925
2,1135.0,0.00718734665554344,0.08923249680602335,14.545539084282087
2,1136.0,0.00718734292545014,0.08923247319332808,14.545538590597232
2,1137.0,0.007187338943958683,0.08923244986593218,14.545538063639361
2,1138.0,0.0071873347110690666,0.08923242682383564,14.54553750340847
2,1139.0,0.007187330226781291,0.08923240406703846,14.545536909904563
2,1140.0,0.0071873254910953584,0.08923238159554064,14.545536283127632
2,1141.0,0.007187320504011266,0.0892323594093422,14.545535623077685
2,1142.0,0.007187315265529016,0.0892323375084431,14.54553492975472
2,1143.0,0.007187309775648607,0.08923231589284339,14.545534203158734
2,1144.0,0.007187304034370039,0.08923229456254302,14.545533443289736
2,1145.0,0.007187298041693313,0.08923227351754202,14.545532650147711
2,1146.0,0.007187291797618428,0.08923225275784039,14.545531823732672
2,1147.0,0.007187285302145385,0.08923223228343811,14.545530964044614
2,1148.0,0.0071872785552741835,0.0892322120943352,14.54553007108354
2,1149.0,0.007187271557004823,0.08923219219053166,14.545529144849446
2,1150.0,0.0071872643073373045,0.08923217257202747,14.545528185342333
2,1151.0,0.007187256806271626,0.08923215323882265,14.545527192562199
2,1152.0,0.00718724905380779,0.08923213419091719,14.545526166509049
2,1153.0,0.007187241049945796,0.0892321154283111,14.54552510718288
2,1154.0,0.007187232794685643,0.08923209695100437,14.545524014583695
2,1155.0,0.007187224288027331,0.089232078758997,14.545522888711488
2,1156.0,0.007187215529970861,0.08923206085228899,14.545521729566264
2,1157.0,0.007187206520516232,0.08923204323088035,14.545520537148024
2,1158.0,0.007187197259663445,0.08923202589477107,14.545519311456763
2,1159.0,0.0071871877474124985,0.08923200884396115,14.545518052492485
2,1160.0,0.007187177983763394,0.0892319920784506,14.545516760255184
2,1161.0,0.007187167968716131,0.08923197559823942,14.545515434744868
2,1162.0,0.007187157702270709,0.0892319594033276,14.545514075961535
2,1163.0,0.0071871471844271295,0.08923194349371512,14.545512683905178
2,1164.0,0.007187136415185391,0.08923192786940203,14.545511258575809
2,1165.0,0.0071871253945454934,0.08923191253038829,14.545509799973418
2,1166.0,0.007187114122507437,0.08923189747667391,14.54550830809801
2,1167.0,0.007187102599071223,0.0892318827082589,14.545506782949582
2,1168.0,0.00718709082423685,0.08923186822514326,14.545505224528135
2,1169.0,0.007187078798004318,0.08923185402732697,14.545503632833668
2,1170.0,0.0071870665203736285,0.08923184011481004,14.545502007866189
2,1171.0,0.007187053991344779,0.08923182648759248,14.545500349625687
2,1172.0,0.007187041210917773,0.08923181314567429,14.545498658112168
2,1173.0,0.007187028179092607,0.08923180008905546,14.545496933325628
2,1174.0,0.007187014895869283,0.08923178731773598,14.545495175266073
2,1175.0,0.007187001361247799,0.08923177483171588,14.545493383933495
2,1176.0,0.007186987117860396,0.08923176298820797,14.54549149879442
2,1177.0,0.00718697245894228,0.08923175163212017,14.545489558659074
2,1178.0,0.00718695780896236,0.08923174045308452,14.545487619706714
2,1179.0,0.007186943167920635,0.08923172945110103,14.545485681937343
2,1180.0,0.007186928535817107,0.08923171862616969,14.545483745350957
2,1181.0,0.007186913912651775,0.0892317079782905,14.54548180994756
2,1182.0,0.007186899298424639,0.08923169750746346,14.545479875727146
2,1183.0,0.007186884693135699,0.08923168721368857,14.545477942689722
2,1184.0,0.007186870096784955,0.08923167709696583,14.545476010835284
2,1185.0,0.007186855509372407,0.08923166715729526,14.545474080163837
2,1186.0,0.007186840930898055,0.08923165739467682,14.545472150675371
2,1187.0,0.007186826361361899,0.08923164780911055,14.545470222369895
2,1188.0,0.007186811800763939,0.08923163840059643,14.54546829524741
2,1189.0,0.007186797249104175,0.08923162916913446,14.545466369307908
2,1190.0,0.007186782706382607,0.08923162011472464,14.54546444455139
2,1191.0,0.007186768172599235,0.08923161123736698,14.545462520977862
2,1192.0,0.007186753647754059,0.08923160253706146,14.54546059858732
2,1193.0,0.007186739131847079,0.0892315940138081,14.545458677379768
2,1194.0,0.007186724624878295,0.08923158566760689,14.545456757355199
2,1195.0,0.0071867101268477075,0.08923157749845784,14.54545483851362
2,1196.0,0.0071866956377553155,0.08923156950636094,14.545452920855029
2,1197.0,0.00718668115760112,0.08923156169131619,14.545451004379423
2,1198.0,0.00718666668638512,0.08923155405332359,14.545449089086807
2,1199.0,0.007186652224107316,0.08923154659238315,14.545447174977172
2,1200.0,0.007186637770767708,0.08923153930849485,14.545445262050528
2,1201.0,0.0071866233263662965,0.08923153220165872,14.54544335030687
2,1202.0,0.00718660889090308,0.08923152527187472,14.5454414397462
2,1203.0,0.0071865944643780605,0.08923151851914289,14.545439530368515
2,1204.0,0.007186580046791237,0.08923151194346321,14.545437622173818
2,1205.0,0.00718656563814261,0.08923150554483568,14.54543571516211
2,1206.0,0.007186551238432178,0.0892314993232603,14.545433809333387
2,1207.0,0.007186536847659942,0.08923149327873708,14.54543190468765
2,1208.0,0.007186522465825902,0.089231487411266,14.545430001224904
2,1209.0,0.007186508092930059,0.08923148172084709,14.545428098945141
2,1210.0,0.007186493728972411,0.08923147620748033,14.545426197848368
2,1211.0,0.007186479373952959,0.0892314708711657,14.545424297934579
2,1212.0,0.007186465027871704,0.08923146571190324,14.545422399203781
2,1213.0,0.007186450690728644,0.08923146072969294,14.545420501655967
2,1214.0,0.00718643636252378,0.08923145592453478,14.545418605291141
2,1215.0,0.007186422043257113,0.08923145129642877,14.5454167101093
2,1216.0,0.007186407732928641,0.08923144684537493,14.545414816110448
2,1217.0,0.007186393431538366,0.08923144257137323,14.545412923294581
2,1218.0,0.0071863791390862864,0.08923143847442368,14.545411031661708
2,1219.0,0.007186364855572403,0.08923143455452628,14.545409141211815
2,1220.0,0.007186350580996715,0.08923143081168104,14.545407251944908
2,1221.0,0.007186336315359224,0.08923142724588796,14.545405363860992
2,1222.0,0.007186322058659928,0.08923142385714702,14.545403476960063
2,1223.0,0.007186307810898828,0.08923142064545823,14.54540159124212
2,1224.0,0.0071862935720759255,0.08923141761082161,14.545399706707167
2,1225.0,0.0071862793421912175,0.08923141475323713,14.545397823355195
2,1226.0,0.007186265121244706,0.08923141207270481,14.545395941186213
2,1227.0,0.007186250909236391,0.08923140956922464,14.545394060200218
2,1228.0,0.007186236706166272,0.08923140724279661,14.545392180397208
2,1229.0,0.007186222512034348,0.08923140509342074,14.545390301777191
2,1230.0,0.007186208326840621,0.08923140312109704,14.545388424340157
2,1231.0,0.0071861941505850895,0.08923140132582547,14.545386548086109
2,1232.0,0.007186179983267754,0.08923139970760606,14.54538467301505
2,1233.0,0.0071861658248886144,0.0892313982664388,14.545382799126978
2,1234.0,0.007186151675447672,0.0892313970023237,14.54538092642189
2,1235.0,0.007186137534944924,0.08923139591526075,14.545379054899794
2,1236.0,0.0071861233670276565,0.08923139537370528,14.54537717974933
2,1237.0,0.007186109252394602,0.08923139519597117,14.545375311651133
2,1238.0,0.007186095239215826,0.08923139507086696,14.545373456980602
2,1239.0,0.007186081327491328,0.08923139499839265,14.545371615737734
2,1240.0,0.007186067517221107,0.08923139497854825,14.545369787922532
2,1241.0,0.007186053808405165,0.08923139501133376,14.545367973534992
2,1242.0,0.007186040201043501,0.08923139509674916,14.545366172575118
2,1243.0,0.007186026695136114,0.08923139523479447,14.545364385042907
2,1244.0,0.007186013290683006,0.08923139542546968,14.545362610938362
2,1245.0,0.007185999987684175,0.08923139566877479,14.545360850261478
2,1246.0,0.007185986786139623,0.0892313959647098,14.545359103012258
2,1247.0,0.007185973686049348,0.08923139631327473,14.545357369190707
2,1248.0,0.007185960687413352,0.08923139671446954,14.545355648796818
2,1249.0,0.007185947790231633,0.08923139716829427,14.545353941830593
2,1250.0,0.007185934994504193,0.0892313976747489,14.54535224829203
2,1251.0,0.00718592230023103,0.08923139823383344,14.545350568181135
2,1252.0,0.007185909707412146,0.08923139884554787,14.545348901497904
2,1253.0,0.007185897216047539,0.08923139950989221,14.545347248242333
2,1254.0,0.007185884826137211,0.08923140022686646,14.545345608414433
2,1255.0,0.00718587253768116,0.0892314009964706,14.545343982014192
2,1256.0,0.007185860350679388,0.08923140181870465,14.545342369041615
2,1257.0,0.007185848265131893,0.08923140269356859,14.545340769496706
2,1258.0,0.007185836281038677,0.08923140362106245,14.545339183379458
2,1259.0,0.007185824398399738,0.08923140460118621,14.545337610689876
2,1260.0,0.007185812617215077,0.08923140563393987,14.545336051427954
2,1261.0,0.007185800937484695,0.08923140671932343,14.545334505593702
2,1262.0,0.00718578935920859,0.08923140785733691,14.545332973187113
2,1263.0,0.0071857778823867634,0.08923140904798027,14.545331454208188
2,1264.0,0.0071857665070192145,0.08923141029125355,14.545329948656926
2,1265.0,0.007185755233105944,0.08923141158715672,14.545328456533328
2,1266.0,0.007185744060646951,0.0892314129356898,14.545326977837394
2,1267.0,0.0071857329896422364,0.08923141433685279,14.545325512569127
2,1268.0,0.0071857220200918,0.08923141579064567,14.545324060728522
2,1269.0,0.007185711151995641,0.08923141729706846,14.545322622315583
2,1270.0,0.00718570038535376,0.08923141885612115,14.54532119733031
2,1271.0,0.007185689720166158,0.08923142046780376,14.545319785772696
2,1272.0,0.007185679156432832,0.08923142213211625,14.545318387642748
2,1273.0,0.007185668694153786,0.08923142384905866,14.545317002940465
2,1274.0,0.007185658333329017,0.08923142561863096,14.545315631665844
2,1275.0,0.007185648073958526,0.08923142744083316,14.545314273818892
2,1276.0,0.007185637916042313,0.08923142931566529,14.545312929399602
2,1277.0,0.007185627859580379,0.0892314312431273,14.545311598407974
2,1278.0,0.0071856179045727215,0.08923143322321922,14.545310280844015
2,1279.0,0.007185608051019343,0.08923143525594103,14.545308976707718
2,1280.0,0.007185598298920242,0.08923143734129275,14.54530768599908
2,1281.0,0.007185588648275419,0.0892314394792744,14.545306408718114
2,1282.0,0.007185579099084874,0.08923144166988592,14.54530514486481
2,1283.0,0.007185569651348607,0.08923144391312736,14.545303894439169
2,1284.0,0.007185560305066618,0.0892314462089987,14.545302657441193
2,1285.0,0.007185551060238908,0.08923144855749994,14.54530143387088
2,1286.0,0.007185541916865474,0.08923145095863108,14.545300223728233
2,1287.0,0.00718553287494632,0.08923145341239212,14.545299027013249
2,1288.0,0.007185523934481443,0.08923145591878308,14.54529784372593
2,1289.0,0.007185515095470844,0.08923145847780393,14.545296673866275
2,1290.0,0.007185506357914523,0.08923146108945469,14.545295517434283
2,1291.0,0.0071854977218124795,0.08923146375373535,14.545294374429957
2,1292.0,0.007185489187164715,0.0892314664706459,14.545293244853296
2,1293.0,0.007185480753971228,0.08923146924018638,14.545292128704295
2,1294.0,0.0071854724222320185,0.08923147206235674,14.545291025982964
2,1295.0,0.0071854641919470875,0.08923147493715701,14.545289936689294
2,1296.0,0.007185456063116435,0.0892314778645872,14.545288860823288
2,1297.0,0.007185448035740059,0.08923148084464727,14.545287798384948
2,1298.0,0.007185440109817962,0.08923148387733726,14.545286749374268
2,1299.0,0.007185432285350143,0.08923148696265713,14.545285713791257
2,1300.0,0.007185424562336602,0.08923149010060692,14.545284691635908
2,1301.0,0.007185416940777339,0.08923149329118663,14.545283682908227
2,1302.0,0.007185409420672354,0.08923149653439622,14.545282687608207
2,1303.0,0.007185402002021646,0.0892314998302357,14.54528170573585
2,1304.0,0.007185394684825218,0.08923150317870511,14.545280737291161
2,1305.0,0.007185387469083066,0.08923150657980441,14.545279782274132
2,1306.0,0.007185380354795193,0.08923151003353362,14.54527884068477
2,1307.0,0.007185373341961598,0.08923151353989274,14.545277912523073
2,1308.0,0.00718536643058228,0.08923151709888175,14.545276997789038
2,1309.0,0.007185359620657241,0.08923152071050067,14.545276096482667
2,1310.0,0.00718535291218648,0.08923152437474949,14.545275208603961
2,1311.0,0.007185346725466727,0.08923152825446774,14.545274389779983
2,1312.0,0.00718534078464082,0.08923153219510965,14.545273603500515
2,1313.0,0.00718533490893224,0.08923153611840487,14.545272825839447
2,1314.0,0.007185329098340987,0.08923154002435342,14.545272056796781
2,1315.0,0.0071853233528670615,0.0892315439129553,14.545271296372515
2,1316.0,0.0071853176725104615,0.08923154778421051,14.54527054456665
2,1317.0,0.00718531205727119,0.08923155163811904,14.545269801379185
2,1318.0,0.007185306507149243,0.0892315554746809,14.545269066810121
2,1319.0,0.0071853010221446245,0.08923155929389608,14.545268340859456
2,1320.0,0.007185295602257333,0.08923156309576459,14.545267623527193
2,1321.0,0.007185290247487368,0.08923156688028643,14.54526691481333
2,1322.0,0.007185284957834729,0.0892315706474616,14.54526621471787
2,1323.0,0.007185279733299418,0.08923157439729008,14.54526552324081
2,1324.0,0.007185274573881433,0.08923157812977191,14.545264840382144
2,1325.0,0.0071852694795807755,0.08923158184490705,14.545264166141886
2,1326.0,0.007185264450397444,0.08923158554269552,14.545263500520022
2,1327.0,0.00718525948633144,0.08923158922313731,14.54526284351657
2,1328.0,0.0071852545873827625,0.08923159288623245,14.545262195131507
2,1329.0,0.0071852497535514126,0.0892315965319809,14.545261555364847
2,1330.0,0.007185244984837389,0.08923160016038267,14.54526092421659
2,1331.0,0.007185240281240692,0.08923160377143778,14.545260301686731
2,1332.0,0.007185235642761322,0.08923160736514621,14.545259687775276
2,1333.0,0.007185231069399279,0.08923161094150796,14.545259082482218
2,1334.0,0.007185226561154562,0.08923161450052305,14.545258485807562
2,1335.0,0.007185222118027173,0.08923161804219146,14.54525789775131
2,1336.0,0.007185217740017111,0.0892316215665132,14.545257318313453
2,1337.0,0.007185213427124375,0.08923162507348827,14.545256747494
2,1338.0,0.007185209179348966,0.08923162856311666,14.545256185292944
2,1339.0,0.007185204996690884,0.08923163203539837,14.54525563171029
2,1340.0,0.007185200879150129,0.08923163549033342,14.545255086746037
2,1341.0,0.007185196826726701,0.08923163892792178,14.545254550400184
2,1342.0,0.007185192839420599,0.08923164234816348,14.545254022672731
2,1343.0,0.007185188917231824,0.0892316457510585,14.545253503563682
2,1344.0,0.007185185060160376,0.08923164913660686,14.545252993073031
2,1345.0,0.007185181268206255,0.08923165250480854,14.54525249120078
2,1346.0,0.007185177541369461,0.08923165585566353,14.54525199794693
2,1347.0,0.007185173879649993,0.08923165918917186,14.545251513311483
2,1348.0,0.007185170283047853,0.08923166250533353,14.545251037294435
2,1349.0,0.007185166751563039,0.08923166580414851,14.545250569895787
2,1350.0,0.007185163285195552,0.08923166908561682,14.545250111115537
2,1351.0,0.007185159883945392,0.08923167234973846,14.545249660953688
2,1352.0,0.007185156547812559,0.08923167559651342,14.545249219410245
2,1353.0,0.007185153276797053,0.08923167882594171,14.545248786485198
2,1354.0,0.007185150070898873,0.08923168203802333,14.545248362178551
2,1355.0,0.007185146930118021,0.08923168523275826,14.545247946490306
2,1356.0,0.007185143854454495,0.08923168841014653,14.545247539420464
2,1357.0,0.007185140843908295,0.08923169157018813,14.545247140969018
2,1358.0,0.007185137898479423,0.08923169471288306,14.545246751135974
2,1359.0,0.007185135018167878,0.0892316978382313,14.54524636992133
2,1360.0,0.007185132202973659,0.08923170094623288,14.54524599732509
2,1361.0,0.007185129452896768,0.0892317040368878,14.545245633347248
2,1362.0,0.0071851267679372026,0.08923170711019601,14.545245277987803
2,1363.0,0.007185124148094965,0.08923171016615758,14.545244931246767
2,1364.0,0.007185121593370054,0.08923171320477245,14.545244593124123
2,1365.0,0.007185119103762469,0.08923171622604066,14.545244263619884
2,1366.0,0.007185116679272212,0.0892317192299622,14.545243942734045
2,1367.0,0.007185114319899282,0.08923172221653707,14.545243630466603
2,1368.0,0.007185112025643678,0.08923172518576526,14.545243326817564
2,1369.0,0.007185109796505401,0.08923172813764678,14.545243031786928
2,1370.0,0.007185107632484451,0.08923173107218162,14.54524274537469
2,1371.0,0.007185105533580827,0.08923173398936979,14.545242467580852
2,1372.0,0.00718510349979453,0.08923173688921128,14.545242198405418
2,1373.0,0.007185101531125561,0.0892317397717061,14.545241937848381
2,1374.0,0.0071850996275739185,0.08923174263685425,14.545241685909746
2,1375.0,0.007185097789139602,0.08923174548465573,14.545241442589512
2,1376.0,0.007185096015822613,0.08923174831511053,14.545241207887678
2,1377.0,0.007185094307622951,0.08923175112821866,14.545240981804245
2,1378.0,0.007185092664540616,0.08923175392398013,14.54524076433921
2,1379.0,0.007185091086575607,0.0892317567023949,14.545240555492578
2,1380.0,0.007185089573727926,0.08923175946346301,14.545240355264347
2,1381.0,0.00718508812599757,0.08923176220718444,14.545240163654514
2,1382.0,0.0071850867433845425,0.08923176493355921,14.545239980663084
2,1383.0,0.0071850854258888415,0.08923176764258729,14.545239806290052
2,1384.0,0.007185084173510467,0.08923177033426871,14.545239640535423
2,1385.0,0.0071850829862494196,0.08923177300860345,14.545239483399191
2,1386.0,0.007185081864105699,0.08923177566559153,14.545239334881364
2,1387.0,0.007185080807079304,0.08923177830523292,14.545239194981935
2,1388.0,0.007185079815170237,0.08923178092752765,14.545239063700905
2,1389.0,0.007185078888378498,0.0892317835324757,14.545238941038278
2,1390.0,0.007185078026704084,0.08923178612007707,14.54523882699405
2,1391.0,0.007185077230146998,0.08923178869033177,14.545238721568223
2,1392.0,0.007185076498707238,0.0892317912432398,14.545238624760797
2,1393.0,0.007185075832384805,0.08923179377880115,14.545238536571771
2,1394.0,0.007185075231179699,0.08923179629701583,14.54523845700115
2,1395.0,0.007185074695091919,0.08923179879788384,14.545238386048924
2,1396.0,0.0071850742241214675,0.08923180128140518,14.5452383237151
2,1397.0,0.007185073818268342,0.08923180374757984,14.545238269999675
2,1398.0,0.007185073477532543,0.08923180619640783,14.545238224902652
2,1399.0,0.0071850732019140716,0.08923180862788915,14.545238188424031
2,1400.0,0.007185072991412926,0.0892318110420238,14.54523816056381
2,1401.0,0.0071850728460291086,0.08923181343881176,14.545238141321988
2,1402.0,0.007185072765762617,0.08923181581825305,14.545238130698568
2,1403.0,0.007185072750613452,0.08923181818034767,14.545238128693546
2,1404.0,0.007185072800581615,0.08923182052509562,14.545238135306924
2,1405.0,0.0071850729156671045,0.0892318228524969,14.545238150538706
2,1406.0,0.00718507309586992,0.0892318251625515,14.545238174388889
2,1407.0,0.007185073341190063,0.08923182745525943,14.54523820685747
2,1408.0,0.0071850736516275325,0.08923182973062069,14.545238247944454
2,1409.0,0.007185074188143653,0.0892318319077365,14.545238318953368
2,1410.0,0.007185074931927863,0.08923183397295871,14.545238417394609
2,1411.0,0.007185075682418762,0.08923183601865942,14.545238516723485
2,1412.0,0.007185076439616351,0.0892318380448386,14.545238616940008
2,1413.0,0.007185077203520629,0.08923184005149626,14.545238718044173
2,1414.0,0.007185077974131597,0.08923184203863241,14.545238820035982
2,1415.0,0.0071850787514492545,0.08923184400624705,14.545238922915434
2,1416.0,0.007185079535473602,0.08923184595434017,14.54523902668253
2,1417.0,0.007185080326204639,0.08923184788291176,14.54523913133727
2,1418.0,0.007185081123642365,0.08923184979196185,14.54523923687965
2,1419.0,0.007185081927786781,0.08923185168149042,14.545239343309673
2,1420.0,0.007185082738637887,0.08923185355149747,14.545239450627339
2,1421.0,0.007185083556195682,0.08923185540198302,14.54523955883265
2,1422.0,0.007185084380460166,0.08923185723294703,14.545239667925602
2,1423.0,0.007185085211431341,0.08923185904438953,14.545239777906199
2,1424.0,0.007185086049109205,0.08923186083631052,14.545239888774436
2,1425.0,0.007185086893493758,0.08923186260871,14.545240000530317
2,1426.0,0.007185087744585002,0.08923186436158795,14.545240113173842
2,1427.0,0.007185088602382934,0.08923186609494439,14.545240226705012
2,1428.0,0.007185089466887557,0.08923186780877931,14.54524034112382
2,1429.0,0.007185090338098869,0.08923186950309271,14.545240456430275
2,1430.0,0.00718509121601687,0.08923187117788461,14.545240572624373
2,1431.0,0.007185092100641562,0.08923187283315498,14.54524068970611
2,1432.0,0.007185092991972942,0.08923187446890385,14.545240807675492
2,1433.0,0.007185093890011012,0.08923187608513118,14.545240926532518
2,1434.0,0.007185094794755772,0.089231877681837,14.545241046277187
2,1435.0,0.007185095706207222,0.08923187925902132,14.545241166909499
2,1436.0,0.007185096624365361,0.08923188081668411,14.545241288429452
2,1437.0,0.00718509754923019,0.08923188235482539,14.54524141083705
2,1438.0,0.0071850984808017075,0.08923188387344515,14.54524153413229
2,1439.0,0.007185099419079915,0.0892318853725434,14.545241658315172
2,1440.0,0.007185100364064813,0.08923188685212012,14.545241783385698
2,1441.0,0.0071851013157563995,0.08923188831217534,14.545241909343869
2,1442.0,0.007185102274154676,0.08923188975270904,14.545242036189679
2,1443.0,0.0071851032392596425,0.08923189117372121,14.545242163923135
2,1444.0,0.007185104211071299,0.08923189257521189,14.545242292544232
2,1445.0,0.007185105189589644,0.08923189395718102,14.545242422052976
2,1446.0,0.0071851061748146785,0.08923189531962866,14.545242552449357
2,1447.0,0.007185107166746404,0.08923189666255478,14.545242683733385
2,1448.0,0.007185108165384818,0.08923189798595937,14.545242815905054
2,1449.0,0.007185109170729921,0.08923189928984246,14.545242948964368
2,1450.0,0.007185110182781715,0.08923190057420402,14.545243082911323
2,1451.0,0.007185111201540198,0.08923190183904407,14.545243217745922
2,1452.0,0.00718511222700537,0.08923190308436262,14.545243353468166
2,1453.0,0.0071851132591772325,0.08923190431015963,14.545243490078047
2,1454.0,0.0071851142980557834,0.08923190551643513,14.545243627575575
2,1455.0,0.007185115343641025,0.08923190670318912,14.545243765960747
2,1456.0,0.007185116395932956,0.08923190787042158,14.545243905233562
2,1457.0,0.007185117454931576,0.08923190901813254,14.545244045394018
2,1458.0,0.007185118520636887,0.08923191014632198,14.545244186442114
2,1459.0,0.007185119593048886,0.0892319112549899,14.545244328377859
2,1460.0,0.007185120672167576,0.0892319123441363,14.545244471201247
2,1461.0,0.007185121757992954,0.08923191341376119,14.54524461491227
2,1462.0,0.007185122850525023,0.08923191446386457,14.545244759510947
2,1463.0,0.0071851239497637805,0.08923191549444642,14.54524490499726
2,1464.0,0.007185125055709229,0.08923191650550676,14.545245051371216
2,1465.0,0.007185126168361366,0.08923191749704558,14.545245198632818
2,1466.0,0.007185127287720193,0.08923191846906289,14.545245346782059
2,1467.0,0.007185128413785709,0.08923191942155868,14.545245495818946
2,1468.0,0.007185129546557915,0.08923192035453296,14.545245645743478
2,1469.0,0.00718513068603681,0.08923192126798572,14.545245796555646
2,1470.0,0.007185131832222396,0.08923192216191696,14.545245948255463
2,1471.0,0.007185132985114671,0.08923192303632668,14.545246100842919
2,1472.0,0.007185134144713635,0.0892319238912149,14.545246254318021
2,1473.0,0.007185135311019289,0.08923192472658159,14.545246408680764
2,1474.0,0.0071851364840316324,0.08923192554242677,14.545246563931153
2,1475.0,0.007185137663750666,0.08923192633875043,14.545246720069182
2,1476.0,0.007185138850176388,0.08923192711555258,14.545246877094856
2,1477.0,0.007185140043308801,0.08923192787283321,14.54524703500817
2,1478.0,0.007185141243147903,0.08923192861059233,14.545247193809129
2,1479.0,0.007185142449693694,0.08923192932882992,14.545247353497732
2,1480.0,0.007185143662946175,0.08923193002754601,14.545247514073976
2,1481.0,0.007185144882905346,0.08923193070674057,14.545247675537864
2,1482.0,0.007185146109571206,0.08923193136641361,14.545247837889393
2,1483.0,0.007185147342943756,0.08923193200656515,14.545248001128567
2,1484.0,0.007185148583022996,0.08923193262719516,14.545248165255382
2,1485.0,0.007185149829808925,0.08923193322830367,14.54524833026984
2,1486.0,0.0071851510833015435,0.08923193380989065,14.545248496171947
2,1487.0,0.007185152343500851,0.08923193437195612,14.545248662961693
2,1488.0,0.00718515361040685,0.08923193491450007,14.545248830639082
2,1489.0,0.007185154884019536,0.0892319354375225,14.545248999204112
2,1490.0,0.007185156164338914,0.08923193594102342,14.545249168656786
2,1491.0,0.00718515745136498,0.08923193642500282,14.545249338997104
2,1492.0,0.007185158745097737,0.08923193688946071,14.545249510225066
2,1493.0,0.007185160045537183,0.08923193733439708,14.545249682340666
2,1494.0,0.007185161352683318,0.08923193775981193,14.545249855343911
2,1495.0,0.007185162666536143,0.08923193816570528,14.545250029234802
2,1496.0,0.0071851639870956574,0.08923193855207709,14.545250204013337
2,1497.0,0.0071851653143618615,0.0892319389189274,14.545250379679509
2,1498.0,0.0071851666483347554,0.0892319392662562,14.545250556233327
2,1499.0,0.007185167989014338,0.08923193959406346,14.54525073367479
2,1500.0,0.007185169336400611,0.08923193990234922,14.545250912003892
2,1501.0,0.007185170690493574,0.08923194019111347,14.54525109122064
2,1502.0,0.007185172051293227,0.0892319404603562,14.545251271325027
2,1503.0,0.007185173418799568,0.0892319407100774,14.545251452317062
2,1504.0,0.007185174793012599,0.08923194094027709,14.54525163419674
2,1505.0,0.0071851761739323205,0.08923194115095526,14.545251816964056
2,1506.0,0.007185177561558731,0.08923194134211192,14.545252000619017
2,1507.0,0.0071851789558918305,0.08923194151374707,14.545252185161624
2,1508.0,0.007185180356931621,0.0892319416658607,14.54525237059187
2,1509.0,0.0071851817646781,0.08923194179845281,14.545252556909762
2,1510.0,0.007185183179131268,0.08923194191152341,14.545252744115295
2,1511.0,0.007185184600291127,0.08923194200507248,14.545252932208475
2,1512.0,0.0071851860281576755,0.08923194207910004,14.545253121189292
2,1513.0,0.007185187462730913,0.08923194213360609,14.545253311057756
2,1514.0,0.0071851889040108405,0.08923194216859062,14.54525350181386
2,1515.0,0.007185190319610914,0.0892319421144845,14.545253689171188
2,1516.0,0.00718519168490699,0.08923194195459781,14.545253869870688
2,1517.0,0.0071851930415109625,0.08923194179337704,14.545254049419771
2,1518.0,0.007185194389422831,0.08923194163082215,14.545254227818441
2,1519.0,0.0071851957286425934,0.08923194146693317,14.545254405066691
2,1520.0,0.007185197059170253,0.0892319413017101,14.545254581164526
2,1521.0,0.007185198381005808,0.08923194113515291,14.545254756111945
2,1522.0,0.007185199694149259,0.08923194096726164,14.545254929908946
2,1523.0,0.007185200998600606,0.08923194079803627,14.545255102555531
2,1524.0,0.007185202294359848,0.0892319406274768,14.545255274051701
2,1525.0,0.007185203581426986,0.08923194045558322,14.545255444397457
2,1526.0,0.00718520485980202,0.08923194028235555,14.545255613592794
2,1527.0,0.007185206129484949,0.08923194010779378,14.545255781637712
2,1528.0,0.007185207390475775,0.08923193993189792,14.545255948532217
2,1529.0,0.007185208642774495,0.08923193975466795,14.545256114276306
2,1530.0,0.007185209886381112,0.0892319395761039,14.545256278869976
2,1531.0,0.007185211121295625,0.08923193939620573,14.54525644231323
2,1532.0,0.007185212347518033,0.08923193921497347,14.545256604606072
2,1533.0,0.007185213565048337,0.08923193903240711,14.545256765748494
2,1534.0,0.007185214773886537,0.08923193884850665,14.5452569257405
2,1535.0,0.007185215974032632,0.0892319386632721,14.545257084582088
2,1536.0,0.007185217165486623,0.08923193847670344,14.545257242273266
2,1537.0,0.007185218348248511,0.08923193828880069,14.54525739881402
2,1538.0,0.007185219522318293,0.08923193809956384,14.545257554204362
2,1539.0,0.007185220687695972,0.08923193790899289,14.545257708444286
2,1540.0,0.007185221844381546,0.08923193771708783,14.545257861533795
2,1541.0,0.007185222992375016,0.08923193752384868,14.545258013472889
2,1542.0,0.007185224131676382,0.08923193732927544,14.545258164261563
2,1543.0,0.007185225262285643,0.0892319371333681,14.545258313899822
2,1544.0,0.0071852263842028,0.08923193693612666,14.545258462387665
2,1545.0,0.007185227497427853,0.08923193673755112,14.545258609725092
2,1546.0,0.007185228601960802,0.08923193653764147,14.545258755912101
2,1547.0,0.007185229697801647,0.08923193633639774,14.545258900948696
2,1548.0,0.007185230784950387,0.0892319361338199,14.545259044834873
2,1549.0,0.007185231863407022,0.08923193592990797,14.545259187570633
2,1550.0,0.0071852329331715545,0.08923193572466193,14.545259329155982
2,1551.0,0.0071852339942439815,0.0892319355180818,14.54525946959091
2,1552.0,0.007185235046624305,0.08923193531016757,14.545259608875423
2,1553.0,0.007185236090312523,0.08923193510091924,14.545259747009519
2,1554.0,0.007185237125308638,0.08923193489033682,14.545259883993197
2,1555.0,0.007185238151612649,0.08923193467842029,14.545260019826461
2,1556.0,0.007185239169224555,0.08923193446516967,14.54526015450931
2,1557.0,0.007185240178144357,0.08923193425058494,14.545260288041739
2,1558.0,0.007185241178372054,0.08923193403466612,14.545260420423753
2,1559.0,0.0071852421699076475,0.08923193381741319,14.545260551655351
2,1560.0,0.007185243152751136,0.08923193359882618,14.545260681736533
2,1561.0,0.007185244126902521,0.08923193337890506,14.545260810667301
2,1562.0,0.007185245092361802,0.08923193315764985,14.54526093844765
2,1563.0,0.007185246049128978,0.08923193293506053,14.54526106507758
2,1564.0,0.00718524699720405,0.08923193271113712,14.545261190557095
2,1565.0,0.0071852479365870185,0.08923193248587961,14.545261314886197
2,1566.0,0.0071852488672778814,0.089231932259288,14.545261438064882
2,1567.0,0.007185249789276641,0.08923193203136229,14.545261560093149
2,1568.0,0.007185250702583296,0.08923193180210248,14.545261680971
2,1569.0,0.007185251607197847,0.08923193157150858,14.545261800698437
2,1570.0,0.007185252503120293,0.08923193133958057,14.545261919275454
2,1571.0,0.0071852533903506354,0.08923193110631847,14.545262036702054
2,1572.0,0.007185254268888873,0.08923193087172226,14.54526215297824
2,1573.0,0.007185255138735008,0.08923193063579198,14.545262268104013
2,1574.0,0.007185255999889037,0.08923193039852757,14.545262382079365
2,1575.0,0.0071852568523509625,0.08923193015992908,14.545262494904302
2,1576.0,0.007185257696120783,0.08923192991999648,14.545262606578822
2,1577.0,0.0071852585311985,0.0892319296787298,14.545262717102927
2,1578.0,0.007185259357584112,0.089231929436129,14.545262826476614
2,1579.0,0.00718526017527762,0.08923192919219411,14.545262934699888
2,1580.0,0.007185260984279024,0.08923192894692512,14.54526304177274
2,1581.0,0.007185261784588324,0.08923192870032204,14.545263147695183
2,1582.0,0.0071852625762055195,0.08923192845238485,14.545263252467207
2,1583.0,0.0071852633591306106,0.08923192820311357,14.54526335608881
2,1584.0,0.007185264133363598,0.08923192795250819,14.545263458559997
2,1585.0,0.007185264898904481,0.0892319277005687,14.545263559880773
2,1586.0,0.007185265655753259,0.08923192744729512,14.545263660051132
2,1587.0,0.007185266403909933,0.08923192719268744,14.545263759071071
2,1588.0,0.007185267143374503,0.08923192693674567,14.545263856940597
2,1589.0,0.007185267874146969,0.08923192667946979,14.545263953659706
2,1590.0,0.00718526859622733,0.08923192642085982,14.545264049228397
2,1591.0,0.007185269309615587,0.08923192616091574,14.545264143646673
2,1592.0,0.00718527001431174,0.08923192589963758,14.545264236914532
2,1593.0,0.0071852707103157885,0.0892319256370253,14.545264329031978
2,1594.0,0.007185271397627733,0.08923192537307893,14.545264419999002
2,1595.0,0.007185272076247573,0.08923192510779847,14.545264509815613
2,1596.0,0.007185272746175309,0.0892319248411839,14.545264598481808
2,1597.0,0.007185273407410941,0.08923192457323524,14.545264685997587
2,1598.0,0.007185274059954468,0.08923192430395248,14.545264772362946
2,1599.0,0.007185274703805891,0.08923192403333562,14.545264857577893
2,1600.0,0.00718527533896521,0.08923192376138465,14.545264941642422
2,1601.0,0.007185275965432425,0.08923192348809961,14.545265024556535
2,1602.0,0.007185276583207535,0.08923192321348045,14.545265106320228
2,1603.0,0.007185277192290541,0.0892319229375272,14.54526518693351
2,1604.0,0.0071852777926814425,0.08923192266023984,14.545265266396374
2,1605.0,0.00718527838438024,0.0892319223816184,14.545265344708818
2,1606.0,0.007185278967386933,0.08923192210166284,14.545265421870853
2,1607.0,0.007185279541701522,0.08923192182037319,14.545265497882465
2,1608.0,0.007185280107324008,0.08923192153774945,14.545265572743663
2,1609.0,0.007185280664254388,0.0892319212537916,14.545265646454446
2,1610.0,0.007185281212492664,0.08923192096849966,14.545265719014813
2,1611.0,0.0071852817520388365,0.08923192068187362,14.545265790424763
2,1612.0,0.007185282282892904,0.08923192039391348,14.545265860684292
2,1613.0,0.007185282805054868,0.08923192010461924,14.54526592979341
2,1614.0,0.007185283318524726,0.0892319198139909,14.54526599775211
2,1615.0,0.0071852838233024815,0.08923191952202846,14.545266064560394
2,1616.0,0.007185284319388132,0.08923191922873193,14.545266130218264
2,1617.0,0.007185284806781679,0.08923191893410129,14.545266194725714
2,1618.0,0.007185285285483121,0.08923191863813656,14.54526625808275
2,1619.0,0.007185285755492459,0.08923191834083773,14.545266320289368
2,1620.0,0.0071852862168096925,0.0892319180422048,14.545266381345572
2,1621.0,0.007185286669434823,0.08923191774223778,14.545266441251359
2,1622.0,0.0071852871133678475,0.08923191744093666,14.545266500006724
2,1623.0,0.007185287548608768,0.08923191713830142,14.545266557611681
2,1624.0,0.007185287975157585,0.0892319168343321,14.545266614066215
2,1625.0,0.007185288393014298,0.08923191652902868,14.545266669370339
2,1626.0,0.0071852888021789055,0.08923191622239116,14.54526672352404
2,1627.0,0.00718528920265141,0.08923191591441955,14.545266776527331
2,1628.0,0.007185289594431809,0.08923191560511383,14.545266828380202
2,1629.0,0.007185289977520105,0.08923191529447401,14.545266879082655
2,1630.0,0.007185290351916296,0.08923191498250009,14.545266928634698
2,1631.0,0.007185290717620383,0.08923191466919209,14.545266977036318
2,1632.0,0.007185291074632365,0.08923191435454997,14.545267024287526
2,1633.0,0.0071852914229522434,0.08923191403857376,14.545267070388313
2,1634.0,0.007185291762580018,0.08923191372126346,14.54526711533869
2,1635.0,0.007185292093515688,0.08923191340261905,14.545267159138648
2,1636.0,0.007185292415759254,0.08923191308264054,14.545267201788189
2,1637.0,0.0071852927293107145,0.08923191276132794,14.545267243287313
2,1638.0,0.007185293034170072,0.08923191243868124,14.54526728363602
2,1639.0,0.007185293330337325,0.08923191211470044,14.545267322834313
2,1640.0,0.007185293617812474,0.08923191178938554,14.545267360882189
2,1641.0,0.007185293896595518,0.08923191146273654,14.545267397779652
2,1642.0,0.007185294166686458,0.08923191113475346,14.545267433526693
2,1643.0,0.007185294428085294,0.08923191080543626,14.54526746812332
2,1644.0,0.007185294680792025,0.08923191047478496,14.54526750156953
2,1645.0,0.007185294924806652,0.08923191014279958,14.545267533865323
2,1646.0,0.007185295160129175,0.08923190980948008,14.5452675650107
2,1647.0,0.007185295386759594,0.0892319094748265,14.545267595005663
2,1648.0,0.0071852956046979085,0.08923190913883881,14.54526762385021
2,1649.0,0.007185295813944119,0.08923190880151702,14.545267651544338
2,1650.0,0.007185296014498225,0.08923190846286114,14.545267678088052
2,1651.0,0.0071852962063602265,0.08923190812287116,14.545267703481349
2,1652.0,0.007185296389530124,0.08923190778154708,14.545267727724228
2,1653.0,0.0071852965640079175,0.0892319074388889,14.545267750816691
2,1654.0,0.0071852967297936065,0.08923190709489662,14.545267772758738
2,1655.0,0.007185296886887191,0.08923190674957024,14.545267793550368
2,1656.0,0.0071852970352886715,0.08923190640290976,14.54526781319158
2,1657.0,0.007185297174998048,0.0892319060549152,14.545267831682382
2,1658.0,0.00718529730601532,0.08923190570558652,14.545267849022762
2,1659.0,0.007185297428340487,0.08923190535492376,14.545267865212729
2,1660.0,0.007185297541973551,0.08923190500292688,14.545267880252279
2,1661.0,0.007185297646914511,0.08923190464959592,14.54526789414141
2,1662.0,0.007185297743163365,0.08923190429493084,14.545267906880127
2,1663.0,0.007185297830720116,0.08923190393893168,14.545267918468431
2,1664.0,0.007185297909584763,0.08923190358159842,14.545267928906313
2,1665.0,0.007185297979757305,0.08923190322293106,14.54526793819378
2,1666.0,0.007185298041237743,0.0892319028629296,14.545267946330833
2,1667.0,0.0071852980940260765,0.08923190250159405,14.545267953317467
2,1668.0,0.007185298138122306,0.08923190213892439,14.545267959153687
2,1669.0,0.007185298126943619,0.0892319018042848,14.545267957674167
2,1670.0,0.007185298033798222,0.08923190152024967,14.545267945346199
2,1671.0,0.007185297940430257,0.08923190123792976,14.545267932988772
2,1672.0,0.007185297846839726,0.08923190095732506,14.545267920601889
2,1673.0,0.007185297753026629,0.08923190067843556,14.54526790818555
2,1674.0,0.0071852976589909644,0.08923190040126129,14.545267895739753
2,1675.0,0.007185297564732734,0.08923190012580222,14.545267883264502
2,1676.0,0.007185297470251937,0.08923189985205837,14.545267870759789
2,1677.0,0.007185297375548573,0.08923189958002972,14.54526785822562
2,1678.0,0.007185297280622643,0.0892318993097163,14.545267845661995
2,1679.0,0.0071852971854741475,0.08923189904111807,14.54526783306891
2,1680.0,0.007185297090103084,0.08923189877423506,14.545267820446373
2,1681.0,0.007185296994509455,0.08923189850906726,14.545267807794378
2,1682.0,0.007185296898693259,0.08923189824561467,14.545267795112922
2,1683.0,0.007185296802654496,0.08923189798387729,14.545267782402014
2,1684.0,0.007185296706393167,0.08923189772385513,14.545267769661645
2,1685.0,0.007185296609909271,0.08923189746554817,14.545267756891821
2,1686.0,0.007185296513202809,0.08923189720895643,14.545267744092538
2,1687.0,0.00718529641627378,0.08923189695407989,14.545267731263797
2,1688.0,0.007185296319122185,0.08923189670091856,14.545267718405604
2,1689.0,0.0071852962217480235,0.08923189644947246,14.545267705517947
2,1690.0,0.007185296124151296,0.08923189619974156,14.545267692600842
2,1691.0,0.007185296026332001,0.08923189595172587,14.545267679654271
2,1692.0,0.00718529592829014,0.08923189570542539,14.545267666678246
2,1693.0,0.007185295830025712,0.08923189546084012,14.545267653672767
2,1694.0,0.007185295731538718,0.08923189521797006,14.545267640637828
2,1695.0,0.0071852956328291575,0.08923189497681523,14.545267627573432
2,1696.0,0.00718529553389703,0.0892318947373756,14.545267614479581
2,1697.0,0.007185295434742336,0.08923189449965117,14.54526760135627
2,1698.0,0.007185295335365076,0.08923189426364196,14.545267588203505
2,1699.0,0.00718529523576525,0.08923189402934796,14.545267575021278
2,1700.0,0.007185295135942856,0.08923189379676917,14.545267561809599
2,1701.0,0.007185295035897896,0.08923189356590559,14.545267548568457
2,1702.0,0.00718529493563037,0.08923189333675723,14.545267535297867
2,1703.0,0.007185294835140277,0.08923189310932407,14.54526752199781
2,1704.0,0.007185294734427618,0.08923189288360613,14.5452675086683
2,1705.0,0.007185294633492392,0.08923189265960339,14.545267495309334
2,1706.0,0.0071852945323346,0.08923189243731587,14.54526748192091
2,1707.0,0.007185294430954241,0.08923189221674355,14.54526746850303
2,1708.0,0.007185294329351316,0.08923189199788645,14.545267455055692
2,1709.0,0.007185294227525824,0.08923189178074456,14.545267441578897
2,1710.0,0.007185294125477765,0.08923189156531788,14.545267428072645
2,1711.0,0.007185294023207141,0.08923189135160642,14.545267414536934
2,1712.0,0.007185293920713949,0.08923189113961016,14.545267400971769
2,1713.0,0.0071852938179981915,0.08923189092932912,14.545267387377146
2,1714.0,0.007185293715059867,0.08923189072076328,14.545267373753067
2,1715.0,0.0071852936118989765,0.08923189051391266,14.545267360099526
2,1716.0,0.007185293508515519,0.08923189030877725,14.545267346416532
2,1717.0,0.007185293404909495,0.08923189010535705,14.545267332704078
2,1718.0,0.007185293301080905,0.08923188990365205,14.545267318962171
2,1719.0,0.007185293197029748,0.08923188970366228,14.545267305190803
2,1720.0,0.007185293092756025,0.08923188950538771,14.545267291389981
2,1721.0,0.007185292988259735,0.08923188930882835,14.5452672775597
2,1722.0,0.007185292883540878,0.0892318891139842,14.545267263699964
2,1723.0,0.007185292778599455,0.08923188892085528,14.545267249810772
2,1724.0,0.007185292673435466,0.08923188872944154,14.545267235892121
2,1725.0,0.007185292568048909,0.08923188853974304,14.54526722194401
2,1726.0,0.007185292462439787,0.08923188835175973,14.545267207966445
2,1727.0,0.007185292356608098,0.08923188816549164,14.545267193959422
2,1728.0,0.007185292250553843,0.08923188798093877,14.545267179922943
2,1729.0,0.007185292144277021,0.0892318877981011,14.545267165857005
2,1730.0,0.007185292037777632,0.08923188761697864,14.545267151761612
2,1731.0,0.007185291931055677,0.08923188743757139,14.545267137636758
2,1732.0,0.007185291824111156,0.08923188725987936,14.54526712348245
2,1733.0,0.007185291716944067,0.08923188708390253,14.545267109298685
2,1734.0,0.007185291609554413,0.08923188690964093,14.545267095085462
2,1735.0,0.007185291501942192,0.08923188673709452,14.545267080842784
2,1736.0,0.007185291394107405,0.08923188656626332,14.545267066570645
2,1737.0,0.007185291286050051,0.08923188639714735,14.545267052269052
2,1738.0,0.00718529117777013,0.08923188622974658,14.545267037938
2,1739.0,0.007185291069267643,0.08923188606406103,14.545267023577496
2,1740.0,0.0071852909605425895,0.08923188590009068,14.545267009187528
2,1741.0,0.0071852908515949694,0.08923188573783554,14.54526699476811
2,1742.0,0.007185290742424783,0.08923188557729562,14.545266980319228
2,1743.0,0.007185290633032029,0.08923188541847091,14.545266965840893
2,1744.0,0.00718529052341671,0.0892318852613614,14.545266951333096
2,1745.0,0.0071852904135788235,0.08923188510596712,14.545266936795846
2,1746.0,0.007185290303518371,0.08923188495228804,14.54526692222914
2,1747.0,0.007185290193235352,0.08923188480032417,14.545266907632975
2,1748.0,0.007185290082729766,0.0892318846500755,14.545266893007355
2,1749.0,0.007185289972001614,0.08923188450154206,14.545266878352272
2,1750.0,0.007185289861050896,0.08923188435472383,14.545266863667738
2,1751.0,0.00718528974987761,0.0892318842096208,14.545266848953744
2,1752.0,0.007185289638481758,0.08923188406623299,14.545266834210294
2,1753.0,0.00718528952686334,0.08923188392456038,14.545266819437389
2,1754.0,0.007185289415022355,0.08923188378460299,14.545266804635023
2,1755.0,0.007185289302958804,0.08923188364636081,14.545266789803204
2,1756.0,0.007185289190672686,0.08923188350983384,14.545266774941922
2,1757.0,0.007185289078164002,0.08923188337502208,14.545266760051188
2,1758.0,0.007185288965432752,0.08923188324192555,14.545266745130993
2,1759.0,0.007185288852478934,0.08923188311054421,14.545266730181345
2,1760.0,0.00718528873930255,0.08923188298087809,14.545266715202239
2,1761.0,0.0071852886259036,0.08923188285292717,14.545266700193675
2,1762.0,0.007185288512282083,0.08923188272669147,14.545266685155655
2,1763.0,0.007185288398438,0.08923188260217098,14.545266670088173
2,1764.0,0.00718528828437135,0.0892318824793657,14.54526665499124
2,1765.0,0.007185288170082134,0.08923188235827562,14.545266639864844
2,1766.0,0.007185288055570351,0.08923188223890076,14.545266624708995
2,1767.0,0.007185287940836001,0.08923188212124111,14.545266609523692
2,1768.0,0.007185287825879086,0.08923188200529668,14.545266594308927
2,1769.0,0.007185287710699604,0.08923188189106745,14.545266579064705
2,1770.0,0.007185287595297555,0.08923188177855344,14.545266563791028
2,1771.0,0.007185287479672939,0.08923188166775464,14.545266548487893
2,1772.0,0.007185287363825757,0.08923188155867105,14.545266533155297
2,1773.0,0.007185287247756009,0.08923188145130266,14.545266517793252
2,1774.0,0.007185287131463694,0.0892318813456495,14.545266502401747
2,1775.0,0.007185287014948812,0.08923188124171154,14.54526648698078
2,1776.0,0.007185286898211365,0.0892318811394888,14.545266471530361
2,1777.0,0.00718528678125135,0.08923188103898125,14.545266456050484
2,1778.0,0.0071852866640687695,0.08923188094018893,14.54526644054115
2,1779.0,0.007185286546663621,0.08923188084311182,14.545266425002355
2,1780.0,0.007185286429035907,0.08923188074774992,14.545266409434108
2,1781.0,0.0071852863111856275,0.08923188065410322,14.545266393836402
2,1782.0,0.00718528619311278,0.08923188056217174,14.545266378209236
2,1783.0,0.007185286074817367,0.08923188047195547,14.545266362552619
2,1784.0,0.0071852859562993865,0.0892318803834544,14.545266346866542
2,1785.0,0.0071852858375588404,0.08923188029666856,14.545266331151009
2,1786.0,0.007185285718595728,0.08923188021159792,14.545266315406016
2,1787.0,0.007185285599410048,0.0892318801282425,14.54526629963157
2,1788.0,0.007185285480001802,0.08923188004660229,14.54526628382766
2,1789.0,0.00718528536037099,0.08923187996667728,14.5452662679943
2,1790.0,0.007185285240517611,0.0892318798884675,14.545266252131478
2,1791.0,0.007185285120441665,0.0892318798119729,14.545266236239202
2,1792.0,0.0071852850001431524,0.08923187973719354,14.545266220317467
2,1793.0,0.007185284879622074,0.08923187966412938,14.545266204366278
2,1794.0,0.007185284758878429,0.08923187959278044,14.54526618838563
2,1795.0,0.007185284637912217,0.08923187952314669,14.545266172375525
2,1796.0,0.007185284516723439,0.08923187945522816,14.545266156335959
2,1797.0,0.007185284395312095,0.08923187938902485,14.54526614026694
2,1798.0,0.0071852842736781835,0.08923187932453674,14.545266124168466
2,1799.0,0.0071852841518217055,0.08923187926176386,14.545266108040533
2,1800.0,0.007185284029742662,0.08923187920070617,14.545266091883141
2,1801.0,0.007185283907441051,0.0892318791413637,14.545266075696292
2,1802.0,0.0071852837849168735,0.08923187908373645,14.545266059479987
2,1803.0,0.00718528366217013,0.0892318790278244,14.545266043234225
2,1804.0,0.00718528353920082,0.08923187897362755,14.545266026959004
2,1805.0,0.007185283416008943,0.08923187892114592,14.545266010654329
2,1806.0,0.0071852832925945005,0.08923187887037952,14.545265994320198
2,1807.0,0.00718528316895749,0.08923187882132831,14.545265977956607
2,1808.0,0.007185283045097914,0.08923187877399232,14.54526596156356
2,1809.0,0.007185282921015772,0.08923187872837153,14.545265945141054
2,1810.0,0.007185282796711062,0.08923187868446597,14.545265928689092
2,1811.0,0.007185282672183786,0.08923187864227561,14.545265912207674
2,1812.0,0.007185282547433944,0.08923187860180046,14.545265895696799
2,1813.0,0.007185282422461536,0.08923187856304052,14.545265879156466
2,1814.0,0.007185282297266561,0.08923187852599579,14.545265862586675
2,1815.0,0.007185282171849019,0.08923187849066627,14.545265845987426
2,1816.0,0.00718528204620891,0.08923187845705197,14.545265829358723
2,1817.0,0.007185281920346235,0.08923187842515289,14.54526581270056
2,1818.0,0.007185281794260994,0.089231878394969,14.545265796012941
2,1819.0,0.007185281667953187,0.08923187836650033,14.54526577929587
2,1820.0,0.007185281541422812,0.08923187833974687,14.545265762549333
2,1821.0,0.007185281414669871,0.08923187831470862,14.545265745773346
2,1822.0,0.007185281287694364,0.08923187829138558,14.545265728967898
2,1823.0,0.00718528116049629,0.08923187826977776,14.545265712132995
2,1824.0,0.00718528103307565,0.08923187824988514,14.545265695268634
2,1825.0,0.007185280905432443,0.08923187823170774,14.545265678374815
2,1826.0,0.0071852807775666695,0.08923187821524553,14.545265661451541
2,1827.0,0.007185280649478329,0.08923187820049855,14.545265644498809
2,1828.0,0.007185280521167423,0.08923187818746678,14.545265627516619
2,1829.0,0.00718528039263395,0.08923187817615022,14.545265610504972
2,1830.0,0.0071852802638779105,0.08923187816654887,14.545265593463865
2,1831.0,0.007185280134899305,0.08923187815866274,14.545265576393307
2,1832.0,0.0071852800056981326,0.08923187815249181,14.545265559293291
2,1833.0,0.0071852798762743935,0.0892318781480361,14.545265542163813
2,1834.0,0.007185279746628088,0.08923187814529558,14.545265525004881
2,1835.0,0.007185279616759216,0.08923187814427029,14.545265507816492
2,1836.0,0.007185279486667777,0.08923187814496021,14.545265490598647
2,1837.0,0.007185279356353772,0.08923187814736534,14.545265473351341
2,1838.0,0.007185279225817201,0.08923187815148567,14.545265456074583
2,1839.0,0.007185279095058063,0.08923187815732123,14.545265438768364
2,1840.0,0.0071852789640763585,0.08923187816487199,14.545265421432692
2,1841.0,0.007185278832872087,0.08923187817413795,14.545265404067559
2,1842.0,0.00718527870144525,0.08923187818511914,14.545265386672968
2,1843.0,0.007185278569795846,0.08923187819781554,14.545265369248924
2,1844.0,0.007185278437923876,0.08923187821222714,14.545265351795422
2,1845.0,0.007185278305829338,0.08923187822835396,14.545265334312461
2,1846.0,0.007185278173512235,0.089231878246196,14.545265316800043
2,1847.0,0.0071852780409725646,0.08923187826575323,14.545265299258167
2,1848.0,0.0071852779082103285,0.08923187828702568,14.545265281686838
2,1849.0,0.007185277775225525,0.08923187831001334,14.545265264086051
2,1850.0,0.007185277642018155,0.08923187833471621,14.545265246455804
2,1851.0,0.00718527750858822,0.08923187836113429,14.545265228796104
2,1852.0,0.0071852773749357165,0.08923187838926759,14.54526521110694
2,1853.0,0.0071852772410606475,0.08923187841911609,14.545265193388326
2,1854.0,0.007185277106963012,0.08923187845067981,14.545265175640251
2,1855.0,0.00718527697264281,0.08923187848395873,14.545265157862717
2,1856.0,0.007185276838100041,0.08923187851895288,14.545265140055731
2,1857.0,0.007185276703334706,0.08923187855566223,14.545265122219288
2,1858.0,0.0071852765683468045,0.08923187859408678,14.545265104353385
2,1859.0,0.007185276433136336,0.08923187863422656,14.545265086458027
2,1860.0,0.007185276297703301,0.08923187867608154,14.545265068533206
2,1861.0,0.0071852761620477,0.08923187871965174,14.545265050578935
2,1862.0,0.007185276026169533,0.08923187876493714,14.545265032595202
2,1863.0,0.007185275890068799,0.08923187881193775,14.545265014582018
2,1864.0,0.007185275753745498,0.08923187886065358,14.545264996539371
2,1865.0,0.0071852756171996305,0.08923187891108462,14.545264978467271
2,1866.0,0.007185275480431196,0.08923187896323087,14.54526496036571
2,1867.0,0.007185275343440196,0.08923187901709233,14.545264942234697
2,1868.0,0.007185275206226629,0.089231879072669,14.54526492407422
2,1869.0,0.007185275068790496,0.08923187912996089,14.54526490588429
2,1870.0,0.007185274931131797,0.08923187918896798,14.545264887664903
2,1871.0,0.0071852747932505305,0.08923187924969028,14.545264869416059
2,1872.0,0.0071852746551466975,0.0892318793121278,14.545264851137755
2,1873.0,0.0071852745168202985,0.08923187937628052,14.545264832829998
2,1874.0,0.007185274378271332,0.08923187944214847,14.545264814492782
2,1875.0,0.0071852742394998,0.08923187950973162,14.545264796126109
2,1876.0,0.007185274100505701,0.08923187957902998,14.54526477772998
2,1877.0,0.007185273961289036,0.08923187965004355,14.545264759304391
2,1878.0,0.007185273821849804,0.08923187972277233,14.545264740849346
2,1879.0,0.007185273682188006,0.08923187979721632,14.545264722364847
2,1880.0,0.007185273542303641,0.08923187987337552,14.545264703850888
2,1881.0,0.00718527340219671,0.08923187995124994,14.545264685307473
2,1882.0,0.007185273261867212,0.08923188003083957,14.545264666734603
2,1883.0,0.007185273121315147,0.0892318801121444,14.54526464813227
2,1884.0,0.007185272980540516,0.08923188019516445,14.545264629500481
2,1885.0,0.007185272839543319,0.08923188027989971,14.54526461083924
2,1886.0,0.007185272698323555,0.08923188036635019,14.545264592148536
2,1887.0,0.007185272556881225,0.08923188045451587,14.54526457342838
2,1888.0,0.007185272415216328,0.08923188054439676,14.545264554678766
2,1889.0,0.007185272273328864,0.08923188063599287,14.545264535899694
2,1890.0,0.007185272131218834,0.08923188072930417,14.545264517091162
2,1891.0,0.007185272054447502,0.08923188081635659,14.545264506930334
2,1892.0,0.007185271986975169,0.08923188090212053,14.545264498000241
2,1893.0,0.007185271919876174,0.08923188098756353,14.545264489119566
2,1894.0,0.007185271853150517,0.08923188107268559,14.545264480288301
2,1895.0,0.007185271786798198,0.08923188115748673,14.545264471506446
2,1896.0,0.007185271720819217,0.08923188124196693,14.545264462774004
2,1897.0,0.0071852716552135735,0.08923188132612618,14.545264454090974
2,1898.0,0.007185271589981267,0.0892318814099645,14.545264445457356
2,1899.0,0.0071852715251223,0.08923188149348191,14.54526443687315
2,1900.0,0.0071852714606366695,0.08923188157667836,14.545264428338355
2,1901.0,0.007185271396524378,0.08923188165955387,14.54526441985297
2,1902.0,0.007185271332785423,0.08923188174210846,14.545264411417001
2,1903.0,0.007185271269419807,0.08923188182434211,14.545264403030444
2,1904.0,0.007185271206427528,0.08923188190625482,14.545264394693296
2,1905.0,0.0071852711438085875,0.0892318819878466,14.545264386405561
2,1906.0,0.007185271081562984,0.08923188206911743,14.54526437816724
2,1907.0,0.007185271019690719,0.08923188215006735,14.545264369978328
2,1908.0,0.007185270958191792,0.08923188223069632,14.545264361838832
2,1909.0,0.007185270897066202,0.08923188231100435,14.545264353748744
2,1910.0,0.007185270836313951,0.08923188239099145,14.545264345708071
2,1911.0,0.007185270775935037,0.08923188247065762,14.545264337716807
2,1912.0,0.007185270715929461,0.08923188255000285,14.545264329774957
2,1913.0,0.007185270656297223,0.08923188262902713,14.545264321882517
2,1914.0,0.007185270597038323,0.0892318827077305,14.545264314039493
2,1915.0,0.007185270538152761,0.08923188278611292,14.545264306245876
2,1916.0,0.007185270479640536,0.08923188286417441,14.545264298501674
2,1917.0,0.007185270421501649,0.08923188294191496,14.545264290806882
2,1918.0,0.007185270363736101,0.08923188301933459,14.545264283161504
2,1919.0,0.007185270306343889,0.08923188309643326,14.545264275565538
2,1920.0,0.007185270249325016,0.08923188317321101,14.54526426801898
2,1921.0,0.007185270192679481,0.08923188324966783,14.545264260521838
2,1922.0,0.007185270136407284,0.0892318833258037,14.545264253074107
2,1923.0,0.007185270080508424,0.08923188340161864,14.54526424567579
2,1924.0,0.007185270024982903,0.08923188347711264,14.545264238326881
2,1925.0,0.0071852699698307185,0.08923188355228572,14.545264231027389
2,1926.0,0.007185269915051872,0.08923188362713784,14.545264223777304
2,1927.0,0.007185269860646364,0.08923188370166904,14.545264216576632
2,1928.0,0.007185269806614193,0.0892318837758793,14.54526420942537
2,1929.0,0.007185269752955361,0.08923188384976863,14.545264202323526
2,1930.0,0.0071852696996698665,0.08923188392333703,14.545264195271091
2,1931.0,0.007185269646757709,0.08923188399658448,14.545264188268069
2,1932.0,0.0071852695942188904,0.089231884069511,14.545264181314455
2,1933.0,0.007185269542053409,0.0892318841421166,14.545264174410256
2,1934.0,0.007185269490261266,0.08923188421440124,14.54526416755547
2,1935.0,0.007185269438842461,0.08923188428636496,14.545264160750094
2,1936.0,0.007185269387796993,0.08923188435800773,14.54526415399413
2,1937.0,0.007185269337124863,0.08923188442932958,14.545264147287577
2,1938.0,0.007185269286826071,0.0892318845003305,14.545264140630438
2,1939.0,0.007185269236900617,0.08923188457101046,14.54526413402271
2,1940.0,0.007185269187348501,0.0892318846413695,14.545264127464396
2,1941.0,0.007185269138169722,0.08923188471140761,14.545264120955489
2,1942.0,0.007185269089364282,0.08923188478112477,14.545264114496
2,1943.0,0.007185269040932179,0.08923188485052101,14.54526410808592
2,1944.0,0.007185268992873414,0.0892318849195963,14.545264101725252
2,1945.0,0.007185268945187987,0.08923188498835066,14.545264095413998
2,1946.0,0.007185268897875898,0.08923188505678409,14.545264089152154
2,1947.0,0.007185268850937147,0.08923188512489658,14.54526408293972
2,1948.0,0.007185268804371733,0.08923188519268814,14.5452640767767
2,1949.0,0.007185268758179658,0.08923188526015875,14.545264070663093
2,1950.0,0.007185268712360919,0.08923188532730844,14.545264064598893
2,1951.0,0.007185268666915519,0.08923188539413719,14.545264058584111
2,1952.0,0.007185268621843458,0.089231885460645,14.545264052618743
2,1953.0,0.007185268577144733,0.08923188552683188,14.54526404670278
2,1954.0,0.007185268532819347,0.08923188559269782,14.545264040836233
2,1955.0,0.007185268488867298,0.08923188565824283,14.545264035019098
2,1956.0,0.007185268445288587,0.0892318857234669,14.545264029251372
2,1957.0,0.007185268402083215,0.08923188578837003,14.54526402353306
2,1958.0,0.00718526835925118,0.08923188585295223,14.545264017864158
2,1959.0,0.007185268316792482,0.08923188591721351,14.54526401224467
2,1960.0,0.007185268274707123,0.08923188598115384,14.545264006674593
2,1961.0,0.007185268232995101,0.08923188604477322,14.545264001153932
2,1962.0,0.007185268191656418,0.08923188610807169,14.54526399568268
2,1963.0,0.0071852681506910715,0.08923188617104921,14.545263990260835
2,1964.0,0.007185268110099063,0.0892318862337058,14.545263984888408
2,1965.0,0.007185268069880394,0.08923188629604145,14.54526397956539
2,1966.0,0.007185268030035061,0.08923188635805618,14.545263974291789
2,1967.0,0.007185267990563067,0.08923188641974995,14.545263969067596
2,1968.0,0.00718526795146441,0.0892318864811228,14.545263963892817
2,1969.0,0.007185267912739091,0.08923188654217472,14.545263958767444
2,1970.0,0.007185267874387111,0.0892318866029057,14.54526395369149
2,1971.0,0.007185267836408467,0.08923188666331573,14.545263948664944
2,1972.0,0.007185267798803162,0.08923188672340483,14.545263943687809
2,1973.0,0.0071852677615711945,0.08923188678317301,14.54526393876009
2,1974.0,0.0071852677247125655,0.08923188684262025,14.54526393388178
2,1975.0,0.007185267688227273,0.08923188690174653,14.545263929052886
2,1976.0,0.00718526765211532,0.0892318869605519,14.5452639242734
2,1977.0,0.0071852676163767035,0.08923188701903634,14.545263919543327
2,1978.0,0.007185267581011425,0.08923188707719983,14.545263914862666
2,1979.0,0.007185267546019485,0.08923188713504239,14.545263910231418
2,1980.0,0.007185267511400883,0.089231887192564,14.54526390564958
2,1981.0,0.007185267477155618,0.08923188724976469,14.545263901117155
2,1982.0,0.007185267443283691,0.08923188730664444,14.545263896634141
2,1983.0,0.007185267409785102,0.08923188736320325,14.54526389220054
2,1984.0,0.007185267376659851,0.08923188741944114,14.545263887816352
2,1985.0,0.007185267343907938,0.08923188747535808,14.545263883481574
2,1986.0,0.007185267311529363,0.0892318875309541,14.545263879196208
2,1987.0,0.007185267279524125,0.08923188758622917,14.545263874960256
2,1988.0,0.007185267247892225,0.08923188764118331,14.545263870773715
2,1989.0,0.007185267216633663,0.08923188769581651,14.545263866636585
2,1990.0,0.00718526718574844,0.08923188775012877,14.54526386254887
2,1991.0,0.007185267155236553,0.08923188780412011,14.54526385851056
2,1992.0,0.007185267125098004,0.08923188785779052,14.54526385452167
2,1993.0,0.007185267095332794,0.08923188791113998,14.545263850582186
2,1994.0,0.0071852670659409215,0.0892318879641685,14.545263846692118
2,1995.0,0.0071852670369223865,0.0892318880168761,14.545263842851462
2,1996.0,0.007185267008277189,0.08923188806926274,14.545263839060215
2,1997.0,0.00718526698000533,0.08923188812132847,14.545263835318382
2,1998.0,0.007185266952106809,0.08923188817307325,14.545263831625958
2,1999.0,0.007185266924581626,0.0892318882244971,14.545263827982952
2,2000.0,0.00718526689742978,0.08923188827560001,14.54526382438935
2,2001.0,0.0071852668706512725,0.089231888326382,14.545263820845165
2,2002.0,0.007185266844246103,0.08923188837684304,14.545263817350392
2,2003.0,0.007185266818214271,0.08923188842698315,14.545263813905033
2,2004.0,0.007185266792555776,0.08923188847680232,14.54526381050908
2,2005.0,0.0071852667672706195,0.08923188852630055,14.545263807162542
2,2006.0,0.007185266742358801,0.08923188857547786,14.545263803865414
2,2007.0,0.007185266717820321,0.08923188862433422,14.545263800617704
2,2008.0,0.007185266693655178,0.08923188867286966,14.545263797419398
2,2009.0,0.007185266669863372,0.08923188872108415,14.54526379427051
2,2010.0,0.0071852666464449055,0.08923188876897771,14.545263791171033
2,2011.0,0.007185266623399776,0.08923188881655034,14.545263788120964
2,2012.0,0.007185266600727985,0.08923188886380203,14.545263785120312
2,2013.0,0.007185266578429531,0.08923188891073278,14.54526378216907
2,2014.0,0.0071852665565044155,0.0892318889573426,14.545263779267243
2,2015.0,0.007185266534952637,0.08923188900363148,14.54526377641482
2,2016.0,0.007185266513774197,0.08923188904959943,14.545263773611813
2,2017.0,0.007185266492969095,0.08923188909524644,14.54526377085822
2,2018.0,0.0071852664725373305,0.08923188914057252,14.545263768154038
2,2019.0,0.007185266452478904,0.08923188918557766,14.54526376549927
2,2020.0,0.007185266432793816,0.08923188923026186,14.54526376289391
2,2021.0,0.007185266413482065,0.08923188927462514,14.545263760337964
2,2022.0,0.007185266394543651,0.08923188931866748,14.545263757831428
2,2023.0,0.0071852663759785764,0.08923188936238886,14.545263755374306
2,2024.0,0.007185266357786838,0.08923188940578934,14.545263752966594
2,2025.0,0.007185266339968439,0.08923188944886887,14.545263750608296
2,2026.0,0.007185266322523378,0.08923188949162746,14.545263748299408
2,2027.0,0.007185266305451654,0.08923188953406512,14.545263746039936
2,2028.0,0.007185266288753268,0.08923188957618183,14.54526374382987
2,2029.0,0.00718526627242822,0.08923188961797762,14.545263741669219
2,2030.0,0.007185266256476509,0.08923188965945247,14.545263739557983
2,2031.0,0.0071852662408981366,0.0892318897006064,14.545263737496155
2,2032.0,0.007185266225693102,0.08923188974143938,14.54526373548374
2,2033.0,0.007185266210861406,0.08923188978195143,14.545263733520738
2,2034.0,0.007185266196403047,0.08923188982214253,14.545263731607147
2,2035.0,0.007185266182318025,0.0892318898620127,14.545263729742967
2,2036.0,0.0071852661686063425,0.08923188990156194,14.545263727928198
2,2037.0,0.007185266155267997,0.08923188994079025,14.545263726162847
2,2038.0,0.00718526614230299,0.08923188997969762,14.545263724446903
2,2039.0,0.00718526612971132,0.08923189001828405,14.545263722780373
2,2040.0,0.007185266117492988,0.08923189005654955,14.545263721163252
2,2041.0,0.007185266105647994,0.08923189009449412,14.545263719595548
2,2042.0,0.007185266094176338,0.08923189013211774,14.54526371807725
2,2043.0,0.007185266083078019,0.08923189016942043,14.545263716608364
2,2044.0,0.007185266072353039,0.0892318902064022,14.545263715188897
2,2045.0,0.007185266062001396,0.08923189024306301,14.545263713818837
2,2046.0,0.007185266052023092,0.0892318902794029,14.545263712498189
2,2047.0,0.007185266042418125,0.08923189031542185,14.545263711226953
2,2048.0,0.007185266033186495,0.08923189035111986,14.54526371000513
2,2049.0,0.007185266024328204,0.08923189038649694,14.545263708832717
2,2050.0,0.007185266015843251,0.08923189042155309,14.545263707709719
2,2051.0,0.007185266007731636,0.0892318904562883,14.54526370663613
2,2052.0,0.007185265999993358,0.08923189049070257,14.545263705611955
2,2053.0,0.0071852659926284175,0.08923189052479591,14.545263704637192
2,2054.0,0.007185265985636816,0.08923189055856831,14.545263703711843
2,2055.0,0.007185265979018552,0.08923189059201977,14.5452637028359
2,2056.0,0.007185265972773625,0.0892318906251503,14.545263702009372
2,2057.0,0.0071852659669020364,0.0892318906579599,14.545263701232258
2,2058.0,0.007185265961403786,0.08923189069044857,14.545263700504552
2,2059.0,0.0071852659562788735,0.0892318907226163,14.54526369982626
2,2060.0,0.0071852659515272985,0.08923189075446308,14.545263699197381
2,2061.0,0.007185265947149061,0.08923189078598893,14.545263698617912
2,2062.0,0.007185265943144162,0.08923189081719385,14.545263698087856
2,2063.0,0.0071852659395126,0.08923189084807784,14.545263697607213
2,2064.0,0.007185265936254377,0.08923189087864089,14.545263697175981
2,2065.0,0.007185265933369492,0.08923189090888299,14.54526369679416
2,2066.0,0.007185265930857943,0.08923189093880418,14.545263696461754
2,2067.0,0.007185265928719734,0.08923189096840442,14.545263696178756
2,2068.0,0.007185265926954861,0.08923189099768372,14.545263695945174
2,2069.0,0.007185265925563327,0.0892318910266421,14.545263695761003
2,2070.0,0.00718526592454513,0.08923189105527952,14.54526369562624
2,2071.0,0.007185265923900271,0.08923189108359603,14.545263695540894
2,2072.0,0.0071852659236287504,0.08923189111159159,14.545263695504955
2,2073.0,0.0071852659237305674,0.08923189113926623,14.54526369551843
2,2074.0,0.007185265924205723,0.08923189116661992,14.545263695581319
2,2075.0,0.007185265925054215,0.08923189119365268,14.545263695693619
2,2076.0,0.007185265926276046,0.0892318912203645,14.545263695855333
2,2077.0,0.0071852659278712145,0.08923189124675539,14.545263696066456
2,2078.0,0.0071852659298397206,0.08923189127282534,14.54526369632699
2,2079.0,0.007185265932181564,0.08923189129857437,14.545263696636935
2,2080.0,0.0071852659348967465,0.08923189132400244,14.545263696996294
2,2081.0,0.007185265937985266,0.0892318913491096,14.545263697405069
2,2082.0,0.007185265941447124,0.0892318913738958,14.54526369786325
2,2083.0,0.007185265945282319,0.08923189139836107,14.545263698370846
2,2084.0,0.007185265949490853,0.08923189142250541,14.545263698927853
2,2085.0,0.007185265954072723,0.08923189144632883,14.545263699534273
2,2086.0,0.007185265959027932,0.08923189146983129,14.545263700190107
2,2087.0,0.00718526596435648,0.08923189149301283,14.545263700895347
2,2088.0,0.007185265970058364,0.08923189151587342,14.54526370165
2,2089.0,0.007185265976133587,0.08923189153841309,14.545263702454069
2,2090.0,0.007185265982582147,0.08923189156063181,14.54526370330755
2,2091.0,0.007185265989404045,0.08923189158252962,14.545263704210438
2,2092.0,0.007185265996599281,0.08923189160410647,14.545263705162743
2,2093.0,0.007185266004167855,0.0892318916253624,14.545263706164459
2,2094.0,0.007185266012109767,0.08923189164629737,14.545263707215582
2,2095.0,0.007185266020425017,0.08923189166691142,14.545263708316124
2,2096.0,0.007185266029113604,0.08923189168720454,14.545263709466075
2,2097.0,0.00718526603817553,0.08923189170717671,14.545263710665438
2,2098.0,0.007185266047610792,0.08923189172682797,14.54526371191421
2,2099.0,0.007185266057419393,0.08923189174615827,14.545263713212401
2,2100.0,0.007185266067601333,0.08923189176516765,14.545263714559997
2,2101.0,0.007185266078156609,0.08923189178385608,14.545263715957008
2,2102.0,0.007185266089085224,0.08923189180222359,14.545263717403431
2,2103.0,0.007185266100387176,0.08923189182027015,14.545263718899266
2,2104.0,0.007185266112062466,0.08923189183799579,14.545263720444511
2,2105.0,0.007185266124111094,0.08923189185540048,14.54526372203917
2,2106.0,0.00718526613653306,0.08923189187248425,14.54526372368324
2,2107.0,0.007185266149328363,0.08923189188924707,14.545263725376723
2,2108.0,0.007185266162497005,0.08923189190568896,14.54526372711962
2,2109.0,0.007185266176038985,0.08923189192180991,14.545263728911927
2,2110.0,0.0071852661899543015,0.08923189193760994,14.545263730753643
2,2111.0,0.007185266204242957,0.08923189195308902,14.545263732644772
2,2112.0,0.00718526621890495,0.08923189196824717,14.545263734585316
2,2113.0,0.00718526623394028,0.08923189198308439,14.545263736575272
2,2114.0,0.007185266249348949,0.08923189199760066,14.54526373861464
2,2115.0,0.007185266265130955,0.089231892011796,14.545263740703417
2,2116.0,0.0071852662812863,0.08923189202567042,14.545263742841605
2,2117.0,0.007185266297814982,0.08923189203922388,14.545263745029207
2,2118.0,0.007185266314717002,0.08923189205245642,14.545263747266217
2,2119.0,0.00718526633199236,0.08923189206536802,14.545263749552648
2,2120.0,0.007185266349641056,0.08923189207795869,14.545263751888488
2,2121.0,0.007185266367663089,0.08923189209022842,14.545263754273734
2,2122.0,0.00718526638605846,0.08923189210217722,14.545263756708396
2,2123.0,0.00718526640482717,0.08923189211380508,14.54526375919247
2,2124.0,0.0071852664239692166,0.089231892125112,14.545263761725957
2,2125.0,0.0071852664434846015,0.08923189213609799,14.545263764308855
2,2126.0,0.007185266463373324,0.08923189214676304,14.545263766941165
2,2127.0,0.007185266483635385,0.08923189215710717,14.545263769622888
2,2128.0,0.007185266504270783,0.08923189216713034,14.54526377235402
2,2129.0,0.00718526652527952,0.0892318921768326,14.545263775134563
2,2130.0,0.007185266546661594,0.0892318921862139,14.545263777964523
2,2131.0,0.007185266568417006,0.08923189219527428,14.545263780843895
2,2132.0,0.007185266590545756,0.08923189220401372,14.545263783772675
2,2133.0,0.0071852666130478434,0.08923189221243223,14.54526378675087
2,2134.0,0.007185266635923269,0.0892318922205298,14.54526378977847
2,2135.0,0.007185266659172032,0.08923189222830644,14.54526379285549
2,2136.0,0.007185266682794134,0.08923189223576213,14.54526379598192
2,2137.0,0.007185266706789572,0.08923189224289689,14.54526379915776
2,2138.0,0.007185266731158349,0.08923189224971072,14.545263802383015
2,2139.0,0.007185266755900464,0.08923189225620362,14.545263805657681
2,2140.0,0.007185266781015917,0.08923189226237557,14.54526380898176
2,2141.0,0.007185266806504707,0.0892318922682266,14.54526381235525
2,2142.0,0.007185266832366835,0.08923189227375668,14.545263815778148
2,2143.0,0.007185266858602301,0.08923189227896583,14.545263819250462
2,2144.0,0.007185266885211105,0.08923189228385404,14.545263822772188
2,2145.0,0.007185266912193247,0.08923189228842134,14.545263826343323
2,2146.0,0.007185266939548727,0.08923189229266767,14.545263829963874
2,2147.0,0.007185266967277545,0.08923189229659309,14.545263833633834
2,2148.0,0.0071852669953797,0.08923189230019757,14.545263837353207
2,2149.0,0.0071852670238551925,0.0892318923034811,14.545263841121992
2,2150.0,0.007185267052704024,0.08923189230644371,14.54526384494019
2,2151.0,0.007185267081926193,0.08923189230908538,14.545263848807798
2,2152.0,0.007185267111521699,0.0892318923114061,14.545263852724819
2,2153.0,0.007185267141490544,0.0892318923134059,14.545263856691253
2,2154.0,0.007185267171832726,0.08923189231508477,14.545263860707095
2,2155.0,0.007185267202548247,0.0892318923164427,14.545263864772354
2,2156.0,0.007185267233637105,0.08923189231747969,14.545263868887025
2,2157.0,0.0071852672650993005,0.08923189231819574,14.545263873051102
2,2158.0,0.007185267296934834,0.08923189231859086,14.545263877264595
2,2159.0,0.007185267329143706,0.08923189231866505,14.5452638815275
2,2160.0,0.007185267361725915,0.0892318923184183,14.545263885839818
2,2161.0,0.007185267394681462,0.08923189231785061,14.545263890201547
2,2162.0,0.007185267428010348,0.08923189231696199,14.545263894612686
2,2163.0,0.0071852674617125705,0.08923189231575243,14.545263899073236
2,2164.0,0.007185267495788131,0.08923189231422193,14.545263903583203
2,2165.0,0.00718526753023703,0.08923189231237051,14.54526390814258
2,2166.0,0.007185267565059267,0.08923189231019815,14.54526391275137
2,2167.0,0.007185267600254841,0.08923189230770485,14.545263917409567
2,2168.0,0.007185267635823753,0.08923189230489062,14.54526392211718
2,2169.0,0.0071852676717660035,0.08923189230175545,14.545263926874208
2,2170.0,0.007185267708081591,0.08923189229829935,14.54526393168064
2,2171.0,0.007185267744770517,0.0892318922945223,14.545263936536491
2,2172.0,0.00718526778183278,0.08923189229042433,14.545263941441748
2,2173.0,0.007185267819268382,0.08923189228600542,14.545263946396421
2,2174.0,0.007185267857077321,0.08923189228126557,14.545263951400505
2,2175.0,0.007185267895259599,0.08923189227620479,14.545263956454002
2,2176.0,0.007185267933815213,0.08923189227082308,14.545263961556909
2,2177.0,0.007185267972744166,0.08923189226512042,14.545263966709232
2,2178.0,0.007185268012046457,0.08923189225909683,14.54526397191096
2,2179.0,0.007185268051722086,0.08923189225275231,14.545263977162104
2,2180.0,0.0071852680917710516,0.08923189224608685,14.545263982462664
2,2181.0,0.007185268132193356,0.08923189223910045,14.54526398781263
2,2182.0,0.007185268172988998,0.08923189223179313,14.545263993212009
2,2183.0,0.007185268214157978,0.08923189222416486,14.545263998660802
2,2184.0,0.007185268255700296,0.08923189221621566,14.545264004159003
2,2185.0,0.007185268297615951,0.08923189220794553,14.545264009706623
2,2186.0,0.007185268339904944,0.08923189219935446,14.54526401530365
2,2187.0,0.0071852683825672755,0.08923189219044246,14.545264020950087
2,2188.0,0.007185268425602945,0.08923189218120951,14.545264026645942
2,2189.0,0.0071852684690119515,0.08923189217165564,14.545264032391204
2,2190.0,0.0071852685127942965,0.08923189216178082,14.545264038185879
2,2191.0,0.007185268556949979,0.08923189215158507,14.545264044029969
2,2192.0,0.007185268601478999,0.08923189214106839,14.545264049923464
2,2193.0,0.007185268646381358,0.08923189213023078,14.54526405586638
2,2194.0,0.007185268691657054,0.08923189211907222,14.5452640618587
2,2195.0,0.0071852687373060884,0.08923189210759273,14.545264067900437
2,2196.0,0.00718526878332846,0.08923189209579231,14.545264073991584
2,2197.0,0.0071852688297241694,0.08923189208367095,14.545264080132144
2,2198.0,0.007185268876493217,0.08923189207122866,14.545264086322113
2,2199.0,0.007185268923635603,0.08923189205846542,14.545264092561496
2,2200.0,0.007185268971151326,0.08923189204538125,14.545264098850291
2,2201.0,0.007185269019040387,0.08923189203197615,14.545264105188497
2,2202.0,0.007185269067302786,0.08923189201825012,14.54526411157612
2,2203.0,0.007185269115938522,0.08923189200420314,14.545264118013147
2,2204.0,0.0071852691649475975,0.08923189198983524,14.545264124499592
2,2205.0,0.00718526921433001,0.08923189197514639,14.545264131035449
2,2206.0,0.0071852692640857595,0.08923189196013662,14.545264137620716
2,2207.0,0.007185269314214848,0.0892318919448059,14.545264144255395
2,2208.0,0.007185269364717274,0.08923189192915425,14.545264150939484
2,2209.0,0.007185269415593038,0.08923189191318166,14.545264157672989
2,2210.0,0.007185269466842139,0.08923189189688814,14.545264164455906
2,2211.0,0.007185269518464579,0.08923189188027368,14.545264171288231
2,2212.0,0.007185269570460356,0.0892318918633383,14.545264178169965
2,2213.0,0.007185269622829471,0.08923189184608196,14.545264185101122
2,2214.0,0.007185269675571924,0.0892318918285047,14.54526419208168
2,2215.0,0.007185269728687715,0.0892318918106065,14.545264199111656
2,2216.0,0.007185269782176844,0.08923189179238737,14.545264206191042
2,2217.0,0.007185269836039311,0.08923189177384731,14.545264213319843
2,2218.0,0.007185269890275115,0.0892318917549863,14.545264220498051
2,2219.0,0.007185269944884257,0.08923189173580437,14.545264227725676
2,2220.0,0.007185269999866737,0.08923189171630148,14.54526423500271
2,2221.0,0.007185270045395601,0.08923189169650424,14.545264241028542
2,2222.0,0.007185270068825966,0.08923189167668868,14.545264244129594
2,2223.0,0.0071852700921805545,0.08923189165692355,14.545264247220615
2,2224.0,0.0071852701154593674,0.08923189163720882,14.545264250301612
2,2225.0,0.007185270138662403,0.08923189161754451,14.545264253372576
2,2226.0,0.007185270161789662,0.0892318915979306,14.54526425643351
2,2227.0,0.0071852701848411455,0.08923189157836711,14.545264259484423
2,2228.0,0.007185270207816852,0.08923189155885403,14.545264262525295
2,2229.0,0.007185270230716781,0.08923189153939136,14.545264265556147
2,2230.0,0.007185270253540935,0.0892318915199791,14.545264268576966
2,2231.0,0.007185270276289312,0.08923189150061725,14.545264271587758
2,2232.0,0.007185270298961913,0.08923189148130582,14.545264274588519
2,2233.0,0.007185270321558738,0.0892318914620448,14.54526427757925
2,2234.0,0.007185270344079785,0.0892318914428342,14.545264280559953
2,2235.0,0.0071852703665250565,0.08923189142367399,14.545264283530628
2,2236.0,0.007185270388894552,0.08923189140456421,14.545264286491271
2,2237.0,0.00718527041118827,0.08923189138550483,14.545264289441887
2,2238.0,0.007185270433406212,0.08923189136649587,14.545264292382473
2,2239.0,0.007185270455548377,0.08923189134753733,14.545264295313029
2,2240.0,0.007185270477614767,0.08923189132862919,14.545264298233558
2,2241.0,0.007185270499605379,0.08923189130977147,14.545264301144059
2,2242.0,0.007185270521520216,0.08923189129096415,14.545264304044528
2,2243.0,0.007185270543359276,0.08923189127220725,14.545264306934968
2,2244.0,0.007185270565122559,0.08923189125350076,14.54526430981538
2,2245.0,0.0071852705868100655,0.08923189123484468,14.545264312685761
2,2246.0,0.007185270608421796,0.08923189121623902,14.545264315546115
2,2247.0,0.007185270629957751,0.08923189119768377,14.545264318396438
2,2248.0,0.007185270651417928,0.08923189117917892,14.545264321236735
2,2249.0,0.007185270672802329,0.08923189116072448,14.545264324067
2,2250.0,0.007185270694110953,0.08923189114232047,14.545264326887237
2,2251.0,0.007185270715343802,0.08923189112396686,14.545264329697444
2,2252.0,0.007185270736500874,0.08923189110566367,14.545264332497618
2,2253.0,0.007185270757582169,0.08923189108741089,14.545264335287772
2,2254.0,0.007185270778587688,0.08923189106920852,14.545264338067891
2,2255.0,0.00718527079951743,0.08923189105105656,14.545264340837981
2,2256.0,0.007185270820371396,0.08923189103295501,14.545264343598044
2,2257.0,0.007185270841149586,0.08923189101490388,14.545264346348075
2,2258.0,0.007185270861851999,0.08923189099690315,14.545264349088079
2,2259.0,0.007185270882478636,0.08923189097895284,14.545264351818053
2,2260.0,0.007185270903029496,0.08923189096105295,14.545264354537995
2,2261.0,0.00718527092350458,0.08923189094320345,14.545264357247914
2,2262.0,0.007185270943903887,0.08923189092540439,14.545264359947803
2,2263.0,0.007185270964227418,0.08923189090765572,14.545264362637658
2,2264.0,0.007185270984475173,0.08923189088995748,14.545264365317486
2,2265.0,0.007185271004647151,0.08923189087230964,14.545264367987286
2,2266.0,0.007185271024743352,0.08923189085471221,14.545264370647054
2,2267.0,0.007185271044763777,0.08923189083716519,14.545264373296797
2,2268.0,0.007185271064708426,0.08923189081966859,14.545264375936506
2,2269.0,0.007185271084577298,0.0892318908022224,14.545264378566191
2,2270.0,0.007185271104370394,0.08923189078482661,14.545264381185843
2,2271.0,0.007185271124087713,0.08923189076748125,14.545264383795468
2,2272.0,0.007185271143729256,0.0892318907501863,14.545264386395063
2,2273.0,0.0071852711632950225,0.08923189073294176,14.54526438898463
2,2274.0,0.007185271182785013,0.08923189071574762,14.545264391564166
2,2275.0,0.007185271202199226,0.0892318906986039,14.545264394133675
2,2276.0,0.007185271221537663,0.08923189068151059,14.54526439669315
2,2277.0,0.007185271240800324,0.0892318906644677,14.5452643992426
2,2278.0,0.007185271259987208,0.08923189064747522,14.54526440178202
2,2279.0,0.007185271279098316,0.08923189063053315,14.545264404311412
2,2280.0,0.007185271298133647,0.08923189061364148,14.545264406830775
2,2281.0,0.007185271317093202,0.08923189059680024,14.545264409340106
2,2282.0,0.007185271335976981,0.0892318905800094,14.54526441183941
2,2283.0,0.007185271354784983,0.08923189056326898,14.545264414328685
2,2284.0,0.0071852713735172085,0.08923189054657897,14.545264416807932
2,2285.0,0.007185271392173657,0.08923189052993936,14.545264419277146
2,2286.0,0.00718527141075433,0.08923189051335018,14.545264421736334
2,2287.0,0.007185271429259226,0.0892318904968114,14.54526442418549
2,2288.0,0.007185271447688346,0.08923189048032304,14.54526442662462
2,2289.0,0.00718527146604169,0.08923189046388509,14.545264429053718
2,2290.0,0.007185271484319257,0.08923189044749755,14.545264431472791
2,2291.0,0.0071852715025210465,0.08923189043116042,14.54526443388183
2,2292.0,0.00718527152064706,0.0892318904148737,14.545264436280842
2,2293.0,0.007185271538697298,0.0892318903986374,14.545264438669827
2,2294.0,0.007185271556671759,0.08923189038245151,14.54526444104878
2,2295.0,0.007185271574570444,0.08923189036631603,14.545264443417702
2,2296.0,0.007185271592393352,0.08923189035023095,14.5452644457766
2,2297.0,0.007185271610140484,0.0892318903341963,14.545264448125465
2,2298.0,0.007185271627811839,0.08923189031821205,14.545264450464302
2,2299.0,0.0071852716454074185,0.08923189030227822,14.545264452793111
2,2300.0,0.00718527166292722,0.0892318902863948,14.545264455111889
2,2301.0,0.007185271680371246,0.08923189027056179,14.54526445742064
2,2302.0,0.007185271697739496,0.08923189025477919,14.545264459719355
2,2303.0,0.007185271715031969,0.08923189023904701,14.54526446200805
2,2304.0,0.007185271732248665,0.08923189022336524,14.545264464286712
2,2305.0,0.007185271749389586,0.08923189020773388,14.545264466555343
2,2306.0,0.0071852717664547296,0.08923189019215293,14.545264468813949
2,2307.0,0.007185271783444097,0.08923189017662239,14.545264471062524
2,2308.0,0.007185271800357688,0.08923189016114226,14.545264473301067
2,2309.0,0.007185271817195502,0.08923189014571255,14.545264475529585
2,2310.0,0.00718527183395754,0.08923189013033325,14.545264477748072
2,2311.0,0.007185271850643802,0.08923189011500436,14.545264479956527
2,2312.0,0.007185271867254287,0.08923189009972589,14.545264482154957
2,2313.0,0.007185271883788996,0.08923189008449782,14.54526448434336
2,2314.0,0.0071852719002479274,0.08923189006932017,14.54526448652173
2,2315.0,0.0071852719166310836,0.08923189005419292,14.54526448869007
2,2316.0,0.007185271932938463,0.0892318900391161,14.545264490848384
2,2317.0,0.0071852719491700655,0.08923189002408967,14.545264492996667
2,2318.0,0.007185271965325892,0.08923189000911366,14.54526449513492
2,2319.0,0.007185271981405942,0.08923188999418807,14.545264497263144
2,2320.0,0.007185271997410215,0.08923188997931289,14.54526449938134
2,2321.0,0.0071852720133387124,0.08923188996448812,14.545264501489507
2,2322.0,0.0071852720291914335,0.08923188994971376,14.545264503587644
2,2323.0,0.0071852720449683775,0.08923188993498982,14.545264505675755
2,2324.0,0.007185272060669545,0.08923188992031629,14.545264507753831
2,2325.0,0.007185272076294937,0.08923188990569317,14.54526450982188
2,2326.0,0.007185272091844551,0.08923188989112045,14.545264511879903
2,2327.0,0.00718527210731839,0.08923188987659815,14.545264513927895
2,2328.0,0.007185272122716452,0.08923188986212627,14.545264515965856
2,2329.0,0.007185272138038737,0.08923188984770479,14.545264517993791
2,2330.0,0.007185272153285246,0.08923188983333373,14.545264520011695
2,2331.0,0.007185272168455979,0.08923188981901307,14.545264522019568
2,2332.0,0.007185272183550935,0.08923188980474284,14.545264524017414
2,2333.0,0.007185272198570115,0.08923188979052302,14.54526452600523
2,2334.0,0.007185272213513518,0.0892318897763536,14.545264527983019
2,2335.0,0.007185272228381145,0.0892318897622346,14.545264529950778
2,2336.0,0.007185272243172995,0.08923188974816601,14.545264531908508
2,2337.0,0.00718527225788907,0.08923188973414783,14.545264533856207
2,2338.0,0.007185272272529367,0.08923188972018006,14.545264535793876
2,2339.0,0.007185272287093888,0.08923188970626271,14.545264537721518
2,2340.0,0.0071852723015826325,0.08923188969239576,14.545264539639133
2,2341.0,0.007185272315995601,0.08923188967857923,14.545264541546713
2,2342.0,0.007185272330332793,0.08923188966481312,14.54526454344427
2,2343.0,0.007185272344594208,0.0892318896510974,14.545264545331793
2,2344.0,0.0071852723587798465,0.08923188963743212,14.545264547209289
2,2345.0,0.007185272372889709,0.08923188962381723,14.545264549076759
2,2346.0,0.007185272386923795,0.08923188961025276,14.545264550934196
2,2347.0,0.007185272400882105,0.0892318895967387,14.545264552781603
2,2348.0,0.007185272414764638,0.08923188958327505,14.545264554618983
2,2349.0,0.007185272428571394,0.08923188956986182,14.545264556446332
2,2350.0,0.007185272442302374,0.089231889556499,14.545264558263652
2,2351.0,0.0071852724559575785,0.08923188954318657,14.545264560070947
2,2352.0,0.007185272469537005,0.08923188952992459,14.545264561868208
2,2353.0,0.0071852724830406564,0.08923188951671299,14.545264563655442
2,2354.0,0.007185272496468531,0.08923188950355182,14.545264565432648
2,2355.0,0.007185272509820629,0.08923188949044106,14.54526456719982
2,2356.0,0.00718527252309695,0.0892318894773807,14.545264568956966
2,2357.0,0.007185272536297495,0.08923188946437076,14.545264570704088
2,2358.0,0.007185272549422263,0.08923188945141124,14.545264572441171
2,2359.0,0.007185272562471256,0.08923188943850212,14.545264574168229
2,2360.0,0.007185272575444472,0.08923188942564342,14.545264575885264
2,2361.0,0.007185272588341911,0.08923188941283512,14.545264577592262
2,2362.0,0.007185272601163573,0.08923188940007724,14.545264579289233
2,2363.0,0.00718527261390946,0.08923188938736977,14.545264580976175
2,2364.0,0.00718527262657957,0.08923188937471271,14.545264582653086
2,2365.0,0.007185272639173903,0.08923188936210608,14.545264584319971
2,2366.0,0.007185272651692461,0.08923188934954984,14.545264585976826
2,2367.0,0.007185272664135241,0.08923188933704401,14.54526458762365
2,2368.0,0.007185272676502245,0.08923188932458861,14.545264589260448
2,2369.0,0.007185272688793473,0.08923188931218361,14.545264590887212
2,2370.0,0.007185272701008924,0.08923188929982903,14.545264592503951
2,2371.0,0.007185272713148599,0.08923188928752486,14.54526459411066
2,2372.0,0.007185272725212497,0.08923188927527109,14.545264595707343
2,2373.0,0.0071852727372006195,0.08923188926306774,14.545264597293992
2,2374.0,0.007185272749112965,0.08923188925091481,14.545264598870611
2,2375.0,0.007185272760949534,0.08923188923881228,14.545264600437205
2,2376.0,0.007185272772710327,0.08923188922676017,14.545264601993768
2,2377.0,0.0071852727843953424,0.08923188921475847,14.545264603540302
2,2378.0,0.007185272796004582,0.08923188920280718,14.545264605076808
2,2379.0,0.0071852728075380455,0.0892318891909063,14.54526460660328
2,2380.0,0.007185272818995733,0.08923188917905583,14.54526460811973
2,2381.0,0.007185272830377643,0.08923188916725579,14.545264609626146
2,2382.0,0.007185272841683777,0.08923188915550614,14.545264611122533
2,2383.0,0.007185272852914134,0.08923188914380692,14.545264612608893
2,2384.0,0.007185272864068715,0.0892318891321581,14.545264614085223
2,2385.0,0.00718527287514752,0.0892318891205597,14.545264615551522
2,2386.0,0.007185272886150548,0.0892318891090117,14.545264617007794
2,2387.0,0.0071852728970777996,0.08923188909751412,14.545264618454036
2,2388.0,0.007185272907929275,0.08923188908606694,14.54526461989025
2,2389.0,0.007185272918704974,0.08923188907467018,14.545264621316434
2,2390.0,0.007185272929404896,0.08923188906332384,14.545264622732587
2,2391.0,0.007185272940029042,0.0892318890520279,14.545264624138715
2,2392.0,0.007185272950577411,0.08923188904078239,14.545264625534813
2,2393.0,0.007185272961050005,0.08923188902958727,14.54526462692088
2,2394.0,0.007185272971446821,0.08923188901844258,14.545264628296914
2,2395.0,0.007185272981767861,0.0892318890073483,14.545264629662924
2,2396.0,0.007185272992013125,0.08923188899630442,14.545264631018902
2,2397.0,0.007185273002182612,0.08923188898531095,14.545264632364857
2,2398.0,0.007185273012276323,0.0892318889743679,14.545264633700777
2,2399.0,0.007185273022294257,0.08923188896347527,14.54526463502667
2,2400.0,0.007185273032236415,0.08923188895263304,14.545264636342534
2,2401.0,0.007185273042102797,0.08923188894184123,14.545264637648366
2,2402.0,0.007185273051893402,0.08923188893109983,14.54526463894417
2,2403.0,0.0071852730616082305,0.08923188892040883,14.545264640229947
2,2404.0,0.007185273071247282,0.08923188890976826,14.545264641505693
2,2405.0,0.007185273080810558,0.08923188889917809,14.545264642771413
2,2406.0,0.007185273090298057,0.08923188888863834,14.545264644027098
2,2407.0,0.00718527309970978,0.089231888878149,14.54526464527276
2,2408.0,0.007185273109045726,0.08923188886771007,14.54526464650839
2,2409.0,0.007185273118305896,0.08923188885732154,14.545264647733989
2,2410.0,0.00718527312749029,0.08923188884698344,14.545264648949564
2,2411.0,0.0071852731365989065,0.08923188883669574,14.545264650155103
2,2412.0,0.007185273145631747,0.08923188882645845,14.545264651350617
2,2413.0,0.007185273154588811,0.08923188881627159,14.545264652536101
2,2414.0,0.007185273163470099,0.08923188880613513,14.545264653711557
2,2415.0,0.00718527317227561,0.08923188879604908,14.545264654876982
2,2416.0,0.007185273181005345,0.08923188878601344,14.54526465603238
2,2417.0,0.007185273189659304,0.08923188877602822,14.545264657177748
2,2418.0,0.007185273198237485,0.0892318887660934,14.545264658313087
2,2419.0,0.007185273206739891,0.08923188875620901,14.545264659438397
2,2420.0,0.00718527321516652,0.08923188874637503,14.545264660553675
2,2421.0,0.007185273223517372,0.08923188873659145,14.545264661658928
2,2422.0,0.007185273231792449,0.08923188872685829,14.545264662754148
2,2423.0,0.0071852732399917485,0.08923188871717554,14.54526466383934
2,2424.0,0.007185273248115271,0.0892318887075432,14.545264664914502
2,2425.0,0.007185273256163018,0.08923188869796127,14.545264665979637
2,2426.0,0.007185273264134988,0.08923188868842975,14.545264667034743
2,2427.0,0.007185273272031182,0.08923188867894864,14.545264668079822
2,2428.0,0.0071852732798516,0.08923188866951795,14.54526466911487
2,2429.0,0.007185273287596241,0.08923188866013768,14.545264670139886
2,2430.0,0.007185273295265106,0.0892318886508078,14.545264671154875
2,2431.0,0.007185273302858193,0.08923188864152835,14.545264672159831
2,2432.0,0.007185273310375505,0.0892318886322993,14.545264673154763
2,2433.0,0.00718527331781704,0.08923188862312068,14.545264674139663
2,2434.0,0.007185273325182799,0.08923188861399245,14.545264675114536
2,2435.0,0.007185273332472782,0.08923188860491464,14.545264676079379
2,2436.0,0.007185273339686988,0.08923188859588725,14.545264677034194
2,2437.0,0.007185273346825416,0.08923188858691027,14.54526467797898
2,2438.0,0.00718527335388807,0.0892318885779837,14.545264678913734
2,2439.0,0.007185273360874946,0.08923188856910753,14.545264679838459
2,2440.0,0.007185273367786046,0.08923188856028179,14.545264680753158
2,2441.0,0.00718527337462137,0.08923188855150645,14.545264681657825
2,2442.0,0.007185273381380917,0.08923188854278152,14.545264682552464
2,2443.0,0.007185273388064688,0.089231888534107,14.545264683437072
2,2444.0,0.007185273394672682,0.0892318885254829,14.545264684311652
2,2445.0,0.0071852734012049,0.08923188851690922,14.545264685176203
2,2446.0,0.007185273407661342,0.08923188850838594,14.545264686030727
2,2447.0,0.007185273414042006,0.08923188849991308,14.54526468687522
2,2448.0,0.007185273420346895,0.08923188849149062,14.545264687709684
2,2449.0,0.007185273426576007,0.08923188848311858,14.545264688534118
2,2450.0,0.007185273432729343,0.08923188847479695,14.545264689348523
2,2451.0,0.007185273438806902,0.08923188846652573,14.545264690152898
2,2452.0,0.0071852734448086845,0.08923188845830493,14.545264690947247
2,2453.0,0.007185273450734691,0.08923188845013454,14.545264691731564
2,2454.0,0.007185273456584921,0.08923188844201456,14.545264692505853
2,2455.0,0.007185273462359375,0.08923188843394499,14.545264693270116
2,2456.0,0.007185273468058051,0.08923188842592583,14.545264694024345
2,2457.0,0.007185273473680952,0.08923188841795708,14.545264694768546
2,2458.0,0.007185273479228076,0.08923188841003875,14.545264695502718
2,2459.0,0.007185273484699424,0.08923188840217083,14.54526469622686
2,2460.0,0.007185273490094995,0.08923188839435332,14.545264696940976
2,2461.0,0.00718527349541479,0.08923188838658622,14.545264697645061
2,2462.0,0.007185273500658808,0.08923188837886954,14.545264698339118
2,2463.0,0.007185273505827049,0.08923188837120326,14.545264699023145
2,2464.0,0.007185273510919515,0.0892318883635874,14.545264699697139
2,2465.0,0.007185273515936204,0.08923188835602196,14.545264700361109
2,2466.0,0.0071852735208771164,0.08923188834850691,14.545264701015046
2,2467.0,0.0071852735257422525,0.08923188834104229,14.545264701658956
2,2468.0,0.007185273530531612,0.08923188833362808,14.545264702292839
2,2469.0,0.007185273535245195,0.08923188832626427,14.54526470291669
2,2470.0,0.007185273539883003,0.08923188831895087,14.545264703530513
2,2471.0,0.007185273544445032,0.0892318883116879,14.545264704134304
2,2472.0,0.0071852735489312865,0.08923188830447533,14.545264704728067
2,2473.0,0.007185273553341764,0.08923188829731318,14.545264705311803
2,2474.0,0.007185273557676465,0.08923188829020144,14.545264705885513
2,2475.0,0.0071852735619353895,0.0892318882831401,14.545264706449185
2,2476.0,0.007185273566118537,0.08923188827612918,14.545264707002834
2,2477.0,0.007185273570225909,0.08923188826916868,14.545264707546451
2,2478.0,0.007185273574257504,0.08923188826225859,14.54526470808004
2,2479.0,0.0071852735782133225,0.0892318882553989,14.5452647086036
2,2480.0,0.0071852735820933655,0.08923188824858963,14.54526470911713
2,2481.0,0.0071852735858976315,0.08923188824183077,14.545264709620632
2,2482.0,0.00718527358962612,0.08923188823512233,14.545264710114104
2,2483.0,0.007185273593278833,0.0892318882284643,14.545264710597552
2,2484.0,0.00718527359685577,0.08923188822185667,14.545264711070965
2,2485.0,0.00718527360035693,0.08923188821529945,14.545264711534347
2,2486.0,0.007185273603782314,0.08923188820879266,14.545264711987704
2,2487.0,0.007185273607131921,0.08923188820233627,14.545264712431033
2,2488.0,0.007185273610405752,0.0892318881959303,14.54526471286433
2,2489.0,0.007185273613603806,0.08923188818957474,14.545264713287597
2,2490.0,0.007185273616726083,0.08923188818326959,14.545264713700837
2,2491.0,0.007185273619772585,0.08923188817701484,14.545264714104048
2,2492.0,0.00718527362274331,0.08923188817081051,14.545264714497227
2,2493.0,0.007185273625638259,0.0892318881646566,14.54526471488038
2,2494.0,0.007185273628457431,0.0892318881585531,14.545264715253502
2,2495.0,0.007185273631200826,0.08923188815250001,14.545264715616597
2,2496.0,0.007185273633868445,0.08923188814649732,14.545264715969664
2,2497.0,0.007185273636460288,0.08923188814054506,14.545264716312698
2,2498.0,0.007185273638976354,0.08923188813464321,14.545264716645702
2,2499.0,0.0071852736414166445,0.08923188812879176,14.545264716968681
2,2500.0,0.0071852736437811576,0.08923188812299072,14.54526471728163
2,2501.0,0.0071852736460698945,0.0892318881172401,14.545264717584546
2,2502.0,0.007185273648282855,0.0892318881115399,14.545264717877435
2,2503.0,0.007185273650420039,0.0892318881058901,14.545264718160297
2,2504.0,0.007185273652481446,0.08923188810029072,14.54526471843313
2,2505.0,0.007185273654467078,0.08923188809474175,14.545264718695929
2,2506.0,0.007185273656376933,0.08923188808924319,14.545264718948703
2,2507.0,0.007185273658211011,0.08923188808379504,14.545264719191445
2,2508.0,0.0071852736599693125,0.0892318880783973,14.54526471942416
2,2509.0,0.007185273661651838,0.08923188807304998,14.545264719646847
2,2510.0,0.007185273663258587,0.08923188806775306,14.545264719859503
2,2511.0,0.007185273664789559,0.08923188806250656,14.54526472006213
2,2512.0,0.007185273666244755,0.08923188805731047,14.545264720254726
2,2513.0,0.007185273667624175,0.0892318880521648,14.545264720437295
2,2514.0,0.007185273668927818,0.08923188804706954,14.545264720609836
2,2515.0,0.007185273670155685,0.08923188804202468,14.545264720772344
2,2516.0,0.007185273671307775,0.08923188803703024,14.545264720924827
2,2517.0,0.007185273672384089,0.08923188803208622,14.54526472106728
2,2518.0,0.0071852736733846265,0.08923188802719259,14.545264721199704
2,2519.0,0.007185273674309388,0.0892318880223494,14.545264721322097
2,2520.0,0.007185273675158372,0.08923188801755659,14.545264721434458
2,2521.0,0.00718527367593158,0.08923188801281422,14.545264721536796
2,2522.0,0.007185273676629011,0.08923188800812225,14.545264721629103
2,2523.0,0.007185273677250667,0.08923188800348068,14.54526472171138
2,2524.0,0.007185273677796545,0.08923188799888955,14.545264721783628
2,2525.0,0.0071852736782666475,0.08923188799434881,14.545264721845847
2,2526.0,0.007185273678660974,0.0892318879898585,14.545264721898038
2,2527.0,0.007185273678979523,0.08923188798541858,14.545264721940198
2,2528.0,0.007185273679222295,0.08923188798102909,14.54526472197233
2,2529.0,0.007185273679389292,0.08923188797669,14.54526472199443
2,2530.0,0.0071852736794805125,0.08923188797240132,14.545264722006506
2,2531.0,0.007185273679495956,0.08923188796816306,14.545264722008547
2,2532.0,0.007185273679435623,0.08923188796397521,14.545264722000562
2,2533.0,0.007185273679299513,0.08923188795983777,14.545264721982548
2,2534.0,0.007185273679087628,0.08923188795575075,14.545264721954506
2,2535.0,0.007185273678799966,0.08923188795171413,14.545264721916434
2,2536.0,0.007185273678436527,0.08923188794772793,14.54526472186833
2,2537.0,0.007185273677997312,0.08923188794379214,14.5452647218102
2,2538.0,0.00718527367748232,0.08923188793990676,14.545264721742042
2,2539.0,0.007185273676891552,0.0892318879360718,14.54526472166385
2,2540.0,0.007185273676225008,0.08923188793228724,14.545264721575633
2,2541.0,0.007185273675482687,0.0892318879285531,14.545264721477386
2,2542.0,0.00718527367466459,0.08923188792486937,14.545264721369108
2,2543.0,0.007185273673770716,0.08923188792123606,14.545264721250803
2,2544.0,0.0071852736728010656,0.08923188791765314,14.545264721122466
2,2545.0,0.007185273671755639,0.08923188791412065,14.545264720984104
2,2546.0,0.007185273670634436,0.08923188791063857,14.545264720835709
2,2547.0,0.007185273669437457,0.0892318879072069,14.545264720677288
2,2548.0,0.0071852736681647005,0.08923188790382564,14.545264720508834
2,2549.0,0.007185273666816168,0.0892318879004948,14.545264720330353
2,2550.0,0.0071852736653918595,0.08923188789721435,14.545264720141844
2,2551.0,0.007185273663891774,0.08923188789398434,14.545264719943306
2,2552.0,0.007185273662315912,0.08923188789080473,14.545264719734737
2,2553.0,0.007185273660664274,0.08923188788767553,14.545264719516139
2,2554.0,0.007185273658936859,0.08923188788459674,14.545264719287514
2,2555.0,0.0071852736571336685,0.08923188788156837,14.545264719048856
2,2556.0,0.007185273655254701,0.0892318878785904,14.545264718800174
2,2557.0,0.0071852736532999565,0.08923188787566286,14.54526471854146
2,2558.0,0.007185273651269436,0.08923188787278571,14.545264718272717
2,2559.0,0.00718527364916314,0.08923188786995899,14.545264717993945
2,2560.0,0.007185273646981066,0.08923188786718267,14.545264717705143
2,2561.0,0.0071852736447232165,0.08923188786445677,14.54526471740631
2,2562.0,0.00718527364238959,0.08923188786178128,14.545264717097451
2,2563.0,0.007185273639980188,0.0892318878591562,14.545264716778561
2,2564.0,0.007185273637495008,0.08923188785658152,14.545264716449642
2,2565.0,0.007185273634934053,0.08923188785405728,14.545264716110697
2,2566.0,0.007185273632297321,0.08923188785158342,14.545264715761721
2,2567.0,0.007185273629584812,0.08923188784916,14.545264715402713
2,2568.0,0.007185273626796528,0.08923188784678698,14.545264715033678
2,2569.0,0.007185273623932466,0.08923188784446437,14.545264714654618
2,2570.0,0.007185273620992629,0.08923188784219217,14.545264714265521
2,2571.0,0.007185273617977014,0.0892318878399704,14.545264713866402
2,2572.0,0.007185273614885623,0.08923188783779902,14.545264713457248
2,2573.0,0.007185273611718456,0.08923188783567806,14.545264713038069
2,2574.0,0.007185273608475513,0.08923188783360751,14.545264712608859
2,2575.0,0.0071852736051567926,0.08923188783158738,14.54526471216962
2,2576.0,0.007185273601762296,0.08923188782961765,14.545264711720355
2,2577.0,0.007185273598292023,0.08923188782769834,14.545264711261057
2,2578.0,0.007185273594745974,0.08923188782582944,14.545264710791729
2,2579.0,0.007185273591124149,0.08923188782401095,14.545264710312374
2,2580.0,0.007185273587426546,0.08923188782224288,14.54526470982299
2,2581.0,0.007185273583653167,0.08923188782052521,14.545264709323575
2,2582.0,0.007185273579804012,0.08923188781885796,14.545264708814132
2,2583.0,0.00718527357587908,0.08923188781724112,14.545264708294662
2,2584.0,0.007185273571878373,0.08923188781567469,14.545264707765158
2,2585.0,0.007185273567801888,0.08923188781415867,14.545264707225629
2,2586.0,0.007185273563649628,0.08923188781269306,14.54526470667607
2,2587.0,0.00718527355942159,0.08923188781127787,14.545264706116479
2,2588.0,0.007185273555117776,0.08923188780991309,14.545264705546861
2,2589.0,0.007185273550738186,0.08923188780859873,14.545264704967215
2,2590.0,0.007185273546282819,0.08923188780733476,14.545264704377539
2,2591.0,0.007185273541751676,0.08923188780612122,14.545264703777834
2,2592.0,0.0071852735371447565,0.0892318878049581,14.5452647031681
2,2593.0,0.00718527353246206,0.08923188780384537,14.545264702548337
2,2594.0,0.007185273527703588,0.08923188780278306,14.545264701918542
2,2595.0,0.007185273522869339,0.08923188780177116,14.545264701278722
2,2596.0,0.007185273517959314,0.08923188780080968,14.545264700628872
2,2597.0,0.007185273512973512,0.0892318877998986,14.545264699968993
2,2598.0,0.007185273507911934,0.08923188779903794,14.54526469929908
2,2599.0,0.007185273502774579,0.08923188779822769,14.545264698619143
2,2600.0,0.007185273497561448,0.08923188779746785,14.545264697929175
2,2601.0,0.00718527349227254,0.08923188779675843,14.545264697229175
2,2602.0,0.007185273486907856,0.08923188779609942,14.545264696519151
2,2603.0,0.007185273481467396,0.08923188779549081,14.545264695799096
2,2604.0,0.0071852734759511585,0.08923188779493263,14.545264695069012
2,2605.0,0.0071852734703591456,0.08923188779442484,14.5452646943289
2,2606.0,0.0071852734646913555,0.08923188779396748,14.545264693578755
2,2607.0,0.007185273458947789,0.08923188779356053,14.545264692818586
2,2608.0,0.007185273453128447,0.08923188779320398,14.545264692048383
2,2609.0,0.0071852734472333275,0.08923188779289785,14.545264691268152
2,2610.0,0.007185273441262432,0.08923188779264214,14.545264690477897
2,2611.0,0.00718527343521576,0.08923188779243683,14.545264689677605
2,2612.0,0.007185273429093312,0.08923188779228194,14.545264688867288
2,2613.0,0.007185273422895087,0.08923188779217746,14.545264688046942
2,2614.0,0.0071852734166210856,0.08923188779212339,14.545264687216568
2,2615.0,0.007185273410271307,0.08923188779211973,14.54526468637616
2,2616.0,0.0071852734038457535,0.08923188779216648,14.545264685525726
2,2617.0,0.007185273397344423,0.08923188779226364,14.545264684665264
2,2618.0,0.007185273390767315,0.08923188779241123,14.54526468379477
2,2619.0,0.007185273384114432,0.08923188779260921,14.54526468291425
2,2620.0,0.007185273377385772,0.08923188779285761,14.5452646820237
2,2621.0,0.007185273370581335,0.08923188779315643,14.545264681123117
2,2622.0,0.007185273363701122,0.08923188779350566,14.545264680212508
2,2623.0,0.007185273356745133,0.08923188779390528,14.54526467929187
2,2624.0,0.0071852733497133675,0.08923188779435534,14.545264678361203
2,2625.0,0.007185273342605825,0.0892318877948558,14.545264677420507
2,2626.0,0.0071852733354225064,0.08923188779540667,14.545264676469781
2,2627.0,0.007185273328163411,0.08923188779600796,14.545264675509024
2,2628.0,0.007185273320828539,0.08923188779665965,14.54526467453824
2,2629.0,0.007185273313417891,0.08923188779736177,14.54526467355743
2,2630.0,0.007185273305931467,0.08923188779811428,14.545264672566587
2,2631.0,0.007185273298369266,0.08923188779891722,14.545264671565715
2,2632.0,0.007185273290731289,0.08923188779977057,14.545264670554815
2,2633.0,0.007185273283017535,0.08923188780067431,14.545264669533884
2,2634.0,0.007185273275228004,0.08923188780162848,14.545264668502925
2,2635.0,0.007185273267362698,0.08923188780263307,14.545264667461938
2,2636.0,0.007185273259421614,0.08923188780368806,14.54526466641092
2,2637.0,0.0071852732514047545,0.08923188780479346,14.545264665349873
2,2638.0,0.0071852732433121186,0.08923188780594928,14.545264664278797
2,2639.0,0.007185273235143706,0.0892318878071555,14.545264663197692
2,2640.0,0.007185273226899517,0.08923188780841215,14.545264662106561
2,2641.0,0.007185273218579552,0.0892318878097192,14.545264661005394
2,2642.0,0.00718527321018381,0.08923188781107667,14.545264659894205
2,2643.0,0.007185273201712292,0.08923188781248455,14.545264658772984
2,2644.0,0.007185273193164997,0.08923188781394283,14.545264657641733
2,2645.0,0.007185273184541926,0.08923188781545154,14.545264656500452
2,2646.0,0.007185273175843079,0.08923188781701065,14.545264655349145
2,2647.0,0.007185273167068454,0.08923188781862017,14.545264654187804
2,2648.0,0.007185273158218054,0.0892318878202801,14.54526465301644
2,2649.0,0.007185273149291877,0.08923188782199046,14.545264651835042
2,2650.0,0.007185273140289924,0.08923188782375122,14.545264650643619
2,2651.0,0.007185273131212194,0.08923188782556238,14.545264649442164
2,2652.0,0.007185273122058688,0.08923188782742397,14.54526464823068
2,2653.0,0.0071852731128294045,0.08923188782933596,14.545264647009166
2,2654.0,0.007185273103524345,0.08923188783129837,14.545264645777625
2,2655.0,0.00718527309414351,0.0892318878333112,14.54526464453605
2,2656.0,0.007185273084686898,0.08923188783537442,14.545264643284455
2,2657.0,0.007185273075154509,0.08923188783748806,14.545264642022826
2,2658.0,0.007185273065546344,0.08923188783965212,14.545264640751162
2,2659.0,0.007185273055862403,0.08923188784186659,14.545264639469478
2,2660.0,0.007185273046102685,0.08923188784413147,14.545264638177757
2,2661.0,0.0071852730362671905,0.08923188784644676,14.545264636876013
2,2662.0,0.00718527302635592,0.08923188784881246,14.545264635564237
2,2663.0,0.007185273016368873,0.08923188785122857,14.545264634242434
2,2664.0,0.007185273006306049,0.0892318878536951,14.545264632910598
2,2665.0,0.007185272996167449,0.08923188785621204,14.545264631568738
2,2666.0,0.007185272985953073,0.08923188785877939,14.545264630216847
2,2667.0,0.00718527297566292,0.08923188786139716,14.545264628854923
2,2668.0,0.00718527296529699,0.08923188786406533,14.545264627482975
2,2669.0,0.007185272954855285,0.08923188786678392,14.545264626100996
2,2670.0,0.007185272944337802,0.08923188786955291,14.545264624708986
2,2671.0,0.007185272933744543,0.08923188787237232,14.545264623306947
2,2672.0,0.007185272923075508,0.08923188787524215,14.545264621894882
2,2673.0,0.007185272912330697,0.08923188787816239,14.545264620472786
2,2674.0,0.007185272901510108,0.08923188788113302,14.545264619040662
2,2675.0,0.007185272890613744,0.08923188788415409,14.545264617598505
2,2676.0,0.007185272879641603,0.08923188788722555,14.545264616146323
2,2677.0,0.007185272868593685,0.08923188789034744,14.54526461468411
2,2678.0,0.007185272857469992,0.08923188789351974,14.545264613211868
2,2679.0,0.007185272846270521,0.08923188789674244,14.545264611729598
2,2680.0,0.007185272834995275,0.08923188790001556,14.545264610237297
2,2681.0,0.007185272823644251,0.0892318879033391,14.54526460873497
2,2682.0,0.007185272812217452,0.08923188790671303,14.54526460722261
2,2683.0,0.007185272800714876,0.08923188791013738,14.545264605700222
2,2684.0,0.007185272789136523,0.08923188791361215,14.545264604167807
2,2685.0,0.007185272777482394,0.08923188791713732,14.545264602625359
2,2686.0,0.007185272765752489,0.08923188792071292,14.545264601072882
2,2687.0,0.007185272753946807,0.08923188792433892,14.545264599510382
2,2688.0,0.007185272742065349,0.08923188792801533,14.545264597937846
2,2689.0,0.007185272730108114,0.08923188793174215,14.545264596355285
2,2690.0,0.007185272718075102,0.0892318879355194,14.545264594762694
2,2691.0,0.007185272705966315,0.08923188793934704,14.545264593160073
2,2692.0,0.007185272693781751,0.0892318879432251,14.545264591547422
2,2693.0,0.00718527268152141,0.08923188794715357,14.545264589924745
2,2694.0,0.0071852726691852935,0.08923188795113246,14.545264588292035
2,2695.0,0.0071852726567734,0.08923188795516176,14.5452645866493
2,2696.0,0.00718527264428573,0.08923188795924147,14.54526458499653
2,2697.0,0.007185272631722283,0.08923188796337159,14.545264583333736
2,2698.0,0.007185272619083061,0.08923188796755213,14.54526458166091
2,2699.0,0.007185272606368062,0.08923188797178307,14.545264579978056
2,2700.0,0.007185272593577286,0.08923188797606443,14.54526457828517
2,2701.0,0.007185272580710734,0.08923188798039619,14.54526457658226
2,2702.0,0.007185272567768406,0.08923188798477838,14.545264574869318
2,2703.0,0.007185272554750301,0.08923188798921097,14.545264573146348
2,2704.0,0.007185272541656419,0.08923188799369397,14.545264571413348
2,2705.0,0.007185272528486761,0.08923188799822739,14.545264569670321
2,2706.0,0.0071852725152413265,0.08923188800281122,14.54526456791726
2,2707.0,0.007185272501920116,0.08923188800744546,14.545264566154172
2,2708.0,0.0071852724885231286,0.08923188801213011,14.545264564381059
2,2709.0,0.007185272475050365,0.08923188801686517,14.545264562597914
2,2710.0,0.007185272461501825,0.08923188802165065,14.545264560804739
2,2711.0,0.007185272447877509,0.08923188802648654,14.54526455900153
2,2712.0,0.007185272434177416,0.08923188803137284,14.5452645571883
2,2713.0,0.007185272420401546,0.08923188803630955,14.545264555365035
2,2714.0,0.0071852724065499,0.08923188804129668,14.545264553531746
2,2715.0,0.007185272392622477,0.08923188804633421,14.54526455168843
2,2716.0,0.007185272378619279,0.08923188805142217,14.545264549835078
2,2717.0,0.007185272364540304,0.08923188805656053,14.5452645479717
2,2718.0,0.0071852723503855525,0.0892318880617493,14.545264546098288
2,2719.0,0.007185272336155024,0.08923188806698848,14.545264544214854
2,2720.0,0.007185272321848719,0.08923188807227808,14.545264542321386
2,2721.0,0.0071852723074666384,0.08923188807761809,14.54526454041789
2,2722.0,0.007185272293008781,0.0892318880830085,14.545264538504366
2,2723.0,0.007185272278475147,0.08923188808844934,14.545264536580811
2,2724.0,0.007185272263865737,0.08923188809394057,14.545264534647233
2,2725.0,0.00718527224918055,0.08923188809948224,14.545264532703618
2,2726.0,0.0071852722344195865,0.0892318881050743,14.545264530749979
2,2727.0,0.007185272219582847,0.08923188811071678,14.545264528786307
2,2728.0,0.0071852722046703305,0.08923188811640967,14.545264526812607
2,2729.0,0.007185272189682039,0.08923188812215298,14.545264524828877
2,2730.0,0.00718527217461797,0.08923188812794669,14.54526452283512
2,2731.0,0.007185272159478124,0.08923188813379082,14.545264520831333
2,2732.0,0.007185272144262502,0.08923188813968536,14.545264518817516
2,2733.0,0.007185272128971103,0.08923188814563031,14.545264516793672
2,2734.0,0.007185272113603929,0.08923188815162567,14.545264514759795
2,2735.0,0.007185272098160978,0.08923188815767144,14.545264512715892
2,2736.0,0.00718527208264225,0.08923188816376763,14.545264510661962
2,2737.0,0.007185272067047746,0.08923188816991423,14.545264508598002
2,2738.0,0.007185272051377465,0.08923188817611125,14.545264506524008
2,2739.0,0.007185272035631408,0.08923188818235867,14.545264504439988
2,2740.0,0.0071852720198095745,0.0892318881886565,14.54526450234594
2,2741.0,0.007185272003911965,0.08923188819500474,14.545264500241858
2,2742.0,0.007185271987938578,0.0892318882014034,14.545264498127754
2,2743.0,0.007185271971889415,0.08923188820785248,14.545264496003616
2,2744.0,0.007185271960260599,0.08923188821353883,14.54526449446452
2,2745.0,0.007185271956742234,0.08923188821776655,14.54526449399886
2,2746.0,0.007185271953230327,0.08923188822198762,14.545264493534049
2,2747.0,0.0071852719497248795,0.08923188822620207,14.545264493070098
2,2748.0,0.00718527194622589,0.08923188823040988,14.545264492607002
2,2749.0,0.00718527194273336,0.08923188823461105,14.545264492144758
2,2750.0,0.007185271939247289,0.0892318882388056,14.545264491683367
2,2751.0,0.007185271935767676,0.08923188824299351,14.545264491222834
2,2752.0,0.007185271932294523,0.08923188824717478,14.545264490763156
2,2753.0,0.007185271928827827,0.08923188825134942,14.545264490304334
2,2754.0,0.007185271925367591,0.08923188825551744,14.545264489846367
2,2755.0,0.0071852719219138135,0.0892318882596788,14.54526448938925
2,2756.0,0.007185271918466495,0.08923188826383355,14.545264488932993
2,2757.0,0.007185271915025634,0.08923188826798166,14.545264488477589
2,2758.0,0.007185271911591233,0.08923188827212312,14.545264488023038
2,2759.0,0.007185271908163291,0.08923188827625797,14.545264487569343
2,2760.0,0.0071852719047418075,0.08923188828038618,14.545264487116503
2,2761.0,0.007185271901326782,0.08923188828450775,14.545264486664516
2,2762.0,0.007185271897918216,0.08923188828862269,14.545264486213387
2,2763.0,0.007185271894516109,0.089231888292731,14.545264485763115
2,2764.0,0.00718527189112046,0.08923188829683268,14.545264485313695
2,2765.0,0.0071852718877312705,0.08923188830092772,14.545264484865127
2,2766.0,0.00718527188434854,0.08923188830501612,14.545264484417414
2,2767.0,0.007185271880972267,0.0892318883090979,14.54526448397056
2,2768.0,0.007185271877602453,0.08923188831317304,14.545264483524557
2,2769.0,0.007185271874239099,0.08923188831724155,14.545264483079412
2,2770.0,0.007185271870882203,0.08923188832130342,14.545264482635123
2,2771.0,0.007185271867531766,0.08923188832535865,14.545264482191683
2,2772.0,0.007185271864187787,0.08923188832940726,14.545264481749102
2,2773.0,0.007185271860850268,0.08923188833344924,14.545264481307377
2,2774.0,0.007185271857519207,0.08923188833748458,14.545264480866503
2,2775.0,0.007185271854194605,0.08923188834151329,14.545264480426487
2,2776.0,0.007185271850876461,0.08923188834553536,14.545264479987322
2,2777.0,0.007185271847564777,0.0892318883495508,14.545264479549015
2,2778.0,0.007185271844259551,0.0892318883535596,14.545264479111562
2,2779.0,0.0071852718409607845,0.08923188835756177,14.545264478674966
2,2780.0,0.007185271837668476,0.08923188836155731,14.545264478239226
2,2781.0,0.007185271834382626,0.08923188836554621,14.545264477804333
2,2782.0,0.007185271831103236,0.08923188836952849,14.5452644773703
2,2783.0,0.007185271827830304,0.08923188837350413,14.54526447693712
2,2784.0,0.007185271824563831,0.08923188837747313,14.545264476504798
2,2785.0,0.007185271821303817,0.0892318883814355,14.54526447607333
2,2786.0,0.007185271818050261,0.08923188838539124,14.545264475642712
2,2787.0,0.007185271814803164,0.08923188838934035,14.545264475212955
2,2788.0,0.007185271811562526,0.08923188839328282,14.545264474784052
2,2789.0,0.007185271808328347,0.08923188839721866,14.545264474356
2,2790.0,0.007185271805100627,0.08923188840114786,14.545264473928805
2,2791.0,0.007185271801879365,0.08923188840507043,14.545264473502465
2,2792.0,0.0071852717986645625,0.08923188840898637,14.54526447307698
2,2793.0,0.007185271795456218,0.08923188841289567,14.545264472652352
2,2794.0,0.0071852717922543325,0.08923188841679834,14.545264472228576
2,2795.0,0.007185271789058906,0.08923188842069438,14.545264471805652
2,2796.0,0.007185271785869939,0.08923188842458378,14.545264471383588
2,2797.0,0.00718527178268743,0.08923188842846655,14.545264470962378
2,2798.0,0.007185271779511379,0.08923188843234268,14.545264470542019
2,2799.0,0.007185271776341788,0.08923188843621219,14.54526447012252
2,2800.0,0.007185271773178655,0.08923188844007506,14.545264469703872
2,2801.0,0.007185271770021981,0.08923188844393129,14.545264469286082
2,2802.0,0.007185271766871766,0.0892318884477809,14.545264468869144
2,2803.0,0.00718527176372801,0.08923188845162387,14.54526446845306
2,2804.0,0.007185271760590712,0.0892318884554602,14.545264468037834
2,2805.0,0.007185271757459873,0.08923188845928991,14.545264467623461
2,2806.0,0.007185271754335493,0.08923188846311297,14.545264467209947
2,2807.0,0.007185271751217572,0.08923188846692941,14.545264466797281
2,2808.0,0.007185271748106109,0.0892318884707392,14.545264466385474
2,2809.0,0.007185271745001105,0.08923188847454239,14.545264465974522
2,2810.0,0.00718527174190256,0.08923188847833892,14.545264465564422
2,2811.0,0.007185271738810475,0.08923188848212882,14.54526446515518
2,2812.0,0.0071852717357248465,0.08923188848591208,14.545264464746792
2,2813.0,0.0071852717326456785,0.08923188848968872,14.545264464339256
2,2814.0,0.007185271729572968,0.08923188849345873,14.545264463932577
2,2815.0,0.007185271726506718,0.08923188849722209,14.545264463526758
2,2816.0,0.007185271723446925,0.08923188850097882,14.545264463121784
2,2817.0,0.007185271720393591,0.08923188850472892,14.545264462717672
2,2818.0,0.007185271717346717,0.0892318885084724,14.545264462314412
2,2819.0,0.007185271714306301,0.08923188851220923,14.545264461912009
2,2820.0,0.007185271711272343,0.08923188851593943,14.545264461510456
2,2821.0,0.007185271708244845,0.08923188851966299,14.54526446110976
2,2822.0,0.007185271705223806,0.08923188852337993,14.545264460709918
2,2823.0,0.007185271702209225,0.08923188852709023,14.545264460310936
2,2824.0,0.007185271699201102,0.08923188853079389,14.545264459912804
2,2825.0,0.007185271696199439,0.08923188853449093,14.54526445951553
2,2826.0,0.0071852716932042345,0.08923188853818133,14.545264459119107
2,2827.0,0.007185271690215489,0.08923188854186509,14.545264458723542
2,2828.0,0.007185271687233202,0.08923188854554223,14.545264458328832
2,2829.0,0.007185271684257374,0.08923188854921273,14.545264457934975
2,2830.0,0.007185271681288004,0.08923188855287659,14.545264457541974
2,2831.0,0.007185271678325093,0.08923188855653383,14.545264457149827
2,2832.0,0.007185271675368641,0.08923188856018442,14.545264456758533
2,2833.0,0.0071852716724186486,0.0892318885638284,14.545264456368097
2,2834.0,0.007185271669475114,0.08923188856746572,14.545264455978515
2,2835.0,0.007185271666538038,0.08923188857109642,14.54526445558979
2,2836.0,0.007185271663607422,0.08923188857472049,14.545264455201917
2,2837.0,0.007185271660683263,0.08923188857833791,14.545264454814896
2,2838.0,0.007185271657765564,0.08923188858194872,14.545264454428732
2,2839.0,0.0071852716548543236,0.08923188858555288,14.545264454043426
2,2840.0,0.007185271651949542,0.08923188858915042,14.545264453658971
2,2841.0,0.007185271649051219,0.08923188859274131,14.545264453275372
2,2842.0,0.007185271646159355,0.08923188859632558,14.54526445289263
2,2843.0,0.00718527164327395,0.0892318885999032,14.545264452510741
2,2844.0,0.007185271640395003,0.08923188860347421,14.54526445212971
2,2845.0,0.007185271637522515,0.08923188860703857,14.545264451749528
2,2846.0,0.007185271634656486,0.0892318886105963,14.545264451370205
2,2847.0,0.007185271631796916,0.0892318886141474,14.545264450991732
2,2848.0,0.007185271628943804,0.08923188861769187,14.54526445061412
2,2849.0,0.007185271626097152,0.08923188862122969,14.54526445023736
2,2850.0,0.007185271623256957,0.08923188862476089,14.545264449861456
2,2851.0,0.007185271620423222,0.08923188862828545,14.545264449486403
2,2852.0,0.007185271617595946,0.08923188863180338,14.545264449112208
2,2853.0,0.007185271614775128,0.08923188863531467,14.54526444873887
2,2854.0,0.007185271611960769,0.08923188863881934,14.545264448366384
2,2855.0,0.007185271609152869,0.08923188864231738,14.545264447994754
2,2856.0,0.007185271606351427,0.08923188864580876,14.545264447623978
2,2857.0,0.007185271603556445,0.08923188864929353,14.545264447254054
2,2858.0,0.0071852716007679215,0.08923188865277165,14.545264446884989
2,2859.0,0.007185271597985856,0.08923188865624315,14.545264446516779
2,2860.0,0.00718527159521025,0.08923188865970802,14.54526444614942
2,2861.0,0.007185271592441103,0.08923188866316624,14.545264445782918
2,2862.0,0.007185271589678414,0.08923188866661784,14.545264445417274
2,2863.0,0.0071852715869221845,0.0892318886700628,14.545264445052478
2,2864.0,0.007185271584172413,0.08923188867350113,14.545264444688543
2,2865.0,0.007185271581429101,0.08923188867693282,14.54526444432546
2,2866.0,0.007185271578692247,0.08923188868035789,14.545264443963232
2,2867.0,0.007185271575961852,0.08923188868377632,14.54526444360186
2,2868.0,0.007185271573237916,0.08923188868718811,14.545264443241342
2,2869.0,0.007185271570520439,0.08923188869059327,14.545264442881678
2,2870.0,0.007185271567809421,0.0892318886939918,14.545264442522866
2,2871.0,0.007185271565104861,0.08923188869738369,14.545264442164916
2,2872.0,0.00718527156240676,0.08923188870076895,14.545264441807817
2,2873.0,0.007185271559715118,0.08923188870414758,14.545264441451572
2,2874.0,0.007185271557029934,0.08923188870751958,14.545264441096181
2,2875.0,0.00718527155435121,0.08923188871088494,14.545264440741649
2,2876.0,0.007185271551678944,0.08923188871424366,14.545264440387967
2,2877.0,0.007185271549013137,0.08923188871759576,14.545264440035146
2,2878.0,0.007185271546353789,0.08923188872094122,14.545264439683177
2,2879.0,0.007185271543700899,0.08923188872428005,14.54526443933206
2,2880.0,0.007185271541054469,0.08923188872761224,14.545264438981803
2,2881.0,0.007185271538414496,0.08923188873093779,14.545264438632396
2,2882.0,0.007185271535780983,0.08923188873425672,14.545264438283846
2,2883.0,0.007185271533153929,0.08923188873756902,14.545264437936149
2,2884.0,0.007185271530533333,0.08923188874087468,14.545264437589307
2,2885.0,0.007185271527919196,0.0892318887441737,14.545264437243322
2,2886.0,0.007185271525311518,0.0892318887474661,14.545264436898192
2,2887.0,0.007185271522710299,0.08923188875075186,14.545264436553916
2,2888.0,0.007185271520115538,0.08923188875403099,14.545264436210493
2,2889.0,0.007185271517527236,0.08923188875730347,14.545264435867928
2,2890.0,0.007185271514945394,0.08923188876056933,14.545264435526217
2,2891.0,0.007185271512370009,0.08923188876382855,14.54526443518536
2,2892.0,0.007185271509801084,0.08923188876708114,14.545264434845357
2,2893.0,0.0071852715072386174,0.0892318887703271,14.545264434506208
2,2894.0,0.007185271504682609,0.08923188877356643,14.545264434167915
2,2895.0,0.00718527150213306,0.08923188877679912,14.545264433830479
2,2896.0,0.00718527149958997,0.08923188878002518,14.545264433493898
2,2897.0,0.007185271497053339,0.0892318887832446,14.545264433158168
2,2898.0,0.0071852714945231655,0.0892318887864574,14.545264432823297
2,2899.0,0.007185271491999452,0.08923188878966355,14.545264432489278
2,2900.0,0.007185271489482196,0.08923188879286308,14.545264432156113
2,2901.0,0.0071852714869714,0.08923188879605597,14.545264431823805
2,2902.0,0.007185271484467062,0.08923188879924222,14.545264431492349
2,2903.0,0.007185271481969183,0.08923188880242185,14.545264431161751
2,2904.0,0.007185271479477763,0.08923188880559484,14.545264430832008
2,2905.0,0.007185271476992802,0.08923188880876119,14.545264430503119
2,2906.0,0.007185271474514299,0.08923188881192091,14.545264430175083
2,2907.0,0.007185271472042255,0.089231888815074,14.545264429847906
2,2908.0,0.00718527146957667,0.08923188881822046,14.545264429521582
2,2909.0,0.007185271467117544,0.0892318888213603,14.54526442919611
2,2910.0,0.007185271464664877,0.08923188882449348,14.545264428871496
2,2911.0,0.007185271462218668,0.08923188882762004,14.545264428547735
2,2912.0,0.007185271459778918,0.08923188883073996,14.545264428224828
2,2913.0,0.007185271457345627,0.08923188883385325,14.545264427902778
2,2914.0,0.0071852714549187945,0.0892318888369599,14.54526442758158
2,2915.0,0.007185271452498421,0.08923188884005992,14.545264427261241
2,2916.0,0.007185271450084506,0.0892318888431533,14.545264426941754
2,2917.0,0.00718527144767705,0.08923188884624007,14.545264426623124
2,2918.0,0.007185271445276052,0.08923188884932019,14.545264426305348
2,2919.0,0.007185271442881514,0.08923188885239368,14.545264425988426
2,2920.0,0.007185271440493434,0.08923188885546053,14.545264425672359
2,2921.0,0.007185271438111813,0.08923188885852075,14.54526442535715
2,2922.0,0.007185271435736651,0.08923188886157435,14.545264425042792
2,2923.0,0.0071852714333679474,0.0892318888646213,14.54526442472929
2,2924.0,0.007185271431005703,0.08923188886766162,14.54526442441664
2,2925.0,0.007185271428649917,0.0892318888706953,14.545264424104845
2,2926.0,0.00718527142630059,0.08923188887372237,14.545264423793908
2,2927.0,0.007185271423957721,0.08923188887674278,14.545264423483827
2,2928.0,0.0071852714216213125,0.08923188887975657,14.545264423174599
2,2929.0,0.007185271419291361,0.08923188888276372,14.545264422866227
2,2930.0,0.007185271416967869,0.08923188888576425,14.545264422558706
2,2931.0,0.007185271414650836,0.08923188888875813,14.545264422252043
2,2932.0,0.007185271412340262,0.08923188889174538,14.545264421946236
2,2933.0,0.007185271410036146,0.08923188889472601,14.545264421641281
2,2934.0,0.007185271407738489,0.08923188889769999,14.545264421337182
2,2935.0,0.007185271405447291,0.08923188890066734,14.545264421033938
2,2936.0,0.007185271403162552,0.08923188890362807,14.545264420731545
2,2937.0,0.007185271400884271,0.08923188890658215,14.545264420430014
2,2938.0,0.0071852713986124495,0.0892318889095296,14.54526442012933
2,2939.0,0.007185271396347086,0.08923188891247043,14.545264419829508
2,2940.0,0.007185271394088182,0.08923188891540461,14.545264419530534
2,2941.0,0.007185271391835737,0.08923188891833216,14.54526441923242
2,2942.0,0.007185271389589749,0.08923188892125308,14.54526441893516
2,2943.0,0.007185271387350221,0.08923188892416736,14.545264418638757
2,2944.0,0.007185271385117153,0.08923188892707502,14.545264418343205
2,2945.0,0.007185271382890542,0.08923188892997604,14.54526441804851
2,2946.0,0.00718527138067039,0.08923188893287042,14.545264417754668
2,2947.0,0.007185271378456697,0.08923188893575817,14.545264417461683
2,2948.0,0.007185271376249464,0.08923188893863929,14.54526441716955
2,2949.0,0.007185271374048689,0.08923188894151378,14.545264416878272
2,2950.0,0.007185271371854372,0.08923188894438162,14.54526441658785
2,2951.0,0.007185271369666514,0.08923188894724285,14.545264416298284
2,2952.0,0.007185271367485115,0.08923188895009743,14.545264416009573
2,2953.0,0.007185271365310175,0.08923188895294538,14.545264415721713
2,2954.0,0.007185271363141694,0.0892318889557867,14.545264415434712
2,2955.0,0.007185271360979671,0.08923188895862139,14.545264415148564
2,2956.0,0.007185271358824107,0.08923188896144943,14.545264414863269
2,2957.0,0.007185271356675002,0.08923188896427085,14.545264414578833
2,2958.0,0.007185271354532356,0.08923188896708563,14.545264414295247
2,2959.0,0.007185271352396168,0.08923188896989379,14.54526441401252
2,2960.0,0.007185271350266439,0.0892318889726953,14.545264413730647
2,2961.0,0.00718527134814317,0.08923188897549018,14.545264413449628
2,2962.0,0.007185271346026358,0.08923188897827844,14.545264413169464
2,2963.0,0.007185271343916006,0.08923188898106005,14.545264412890154
2,2964.0,0.0071852713418121125,0.08923188898383504,14.5452644126117
2,2965.0,0.007185271339714677,0.08923188898660338,14.5452644123341
2,2966.0,0.007185271337623701,0.0892318889893651,14.545264412057355
2,2967.0,0.007185271335539184,0.08923188899212019,14.545264411781469
2,2968.0,0.007185271333461125,0.08923188899486863,14.545264411506432
2,2969.0,0.007185271331389525,0.08923188899761045,14.54526441123225
2,2970.0,0.007185271329324385,0.08923188900034563,14.545264410958927
2,2971.0,0.007185271327265702,0.08923188900307417,14.545264410686457
2,2972.0,0.0071852713252134786,0.0892318890057961,14.545264410414843
2,2973.0,0.007185271323167714,0.08923188900851138,14.54526441014408
2,2974.0,0.007185271321128408,0.08923188901122002,14.545264409874173
2,2975.0,0.007185271319095561,0.08923188901392204,14.545264409605123
2,2976.0,0.007185271317069172,0.08923188901661742,14.545264409336927
2,2977.0,0.007185271315049243,0.08923188901930616,14.545264409069585
2,2978.0,0.007185271313035772,0.08923188902198828,14.545264408803098
2,2979.0,0.00718527131102876,0.08923188902466377,14.545264408537466
2,2980.0,0.007185271309028207,0.08923188902733262,14.545264408272692
2,2981.0,0.0071852713070341126,0.08923188902999482,14.545264408008768
2,2982.0,0.007185271305046477,0.0892318890326504,14.545264407745698
2,2983.0,0.0071852713030652994,0.08923188903529936,14.545264407483488
2,2984.0,0.007185271301090581,0.08923188903794167,14.545264407222131
2,2985.0,0.007185271299122322,0.08923188904057734,14.545264406961625
2,2986.0,0.007185271297160521,0.08923188904320639,14.545264406701978
2,2987.0,0.00718527129520518,0.08923188904582881,14.545264406443188
2,2988.0,0.007185271293256297,0.08923188904844459,14.545264406185245
2,2989.0,0.007185271291313872,0.08923188905105374,14.545264405928165
2,2990.0,0.007185271289377906,0.08923188905365625,14.545264405671935
2,2991.0,0.0071852712874484,0.08923188905625212,14.545264405416564
2,2992.0,0.007185271285525352,0.08923188905884137,14.54526440516204
2,2993.0,0.007185271283608762,0.08923188906142399,14.545264404908378
2,2994.0,0.007185271281698632,0.08923188906399997,14.54526440465557
2,2995.0,0.007185271279794961,0.08923188906656931,14.545264404403614
2,2996.0,0.007185271277897747,0.08923188906913203,14.545264404152515
2,2997.0,0.007185271276006993,0.08923188907168811,14.54526440390227
2,2998.0,0.0071852712741226985,0.08923188907423756,14.54526440365288
2,2999.0,0.007185271272244862,0.08923188907678037,14.545264403404344
2,3000.0,0.007185271270373484,0.08923188907931653,14.545264403156665
3,0.0,-0.1528147284286427,-0.07076811098318786,-6.631036083808988
3,1.0,-0.1532520641675811,-0.06976124098417884,-6.68891829030193
3,2.0,-0.1536762479489779,-0.06876544314652314,-6.745059810511015
3,3.0,-0.15408756736942833,-0.0677805844006818,-6.799498708385816
3,4.0,-0.15448630011673453,-0.06680653773593939,-6.8522717364285235
3,5.0,-0.15487272875310487,-0.06584316755273689,-6.903416292278151
3,6.0,-0.15524713437938661,-0.0648903388599168,-6.952969580159821
3,7.0,-0.1556097982310624,-0.06394791299920996,-7.00096882211791
3,8.0,-0.1559609857685937,-0.06301575474092862,-7.047449152343099
3,9.0,-0.15630094608689216,-0.062093739108607465,-7.092443539014816
3,10.0,-0.1566299725478033,-0.06118171377693794,-7.135990809124345
3,11.0,-0.15694831748939447,-0.060279544077967144,-7.178124360088855
3,12.0,-0.15725620912905314,-0.05938710985089682,-7.218874396908239
3,13.0,-0.15755395035052844,-0.05850424673298544,-7.258281006815601
3,14.0,-0.15784173605029803,-0.05763084602889038,-7.296369984725829
3,15.0,-0.15811983507650212,-0.056766760140775724,-7.333176913195261
3,16.0,-0.15838850751550612,-0.055911841139119414,-7.368736215142869
3,17.0,-0.15864793269743824,-0.05506598694659776,-7.40307162524796
3,18.0,-0.1588984146795612,-0.05422902218858548,-7.436223386060367
3,19.0,-0.1591401056516801,-0.05340085711765404,-7.468211640186645
3,20.0,-0.15937328107193435,-0.0525813302379968,-7.499072845028939
3,21.0,-0.15959814262712696,-0.05177031937105447,-7.528833694214455
3,22.0,-0.15981488859324972,-0.050967706263774934,-7.557520429943127
3,23.0,-0.16002377149639768,-0.050173335733290775,-7.5851664745179495
3,24.0,-0.16022493343331534,-0.04938712069666237,-7.611790634709964
3,25.0,-0.16041865302375655,-0.04860888734890753,-7.63742978636691
3,26.0,-0.1606050425891258,-0.04783856501062531,-7.662098795437657
3,27.0,-0.1607843816600224,-0.04707597648723296,-7.6858346583220545
3,28.0,-0.16095677373528464,-0.04632105477875292,-7.708651073285756
3,29.0,-0.16112248696575496,-0.04557362718540829,-7.730583530596422
3,30.0,-0.16128162225856574,-0.04483362687825891,-7.751645385502556
3,31.0,-0.16143443199019347,-0.04410088859682916,-7.7718700405048615
3,32.0,-0.16158101768916633,-0.043375343685549475,-7.791270933094741
3,33.0,-0.16172161696822102,-0.04265683398154436,-7.8098795117641995
3,34.0,-0.16185632782683418,-0.04194529201372449,-7.82770874692805
3,35.0,-0.1619853780512171,-0.0412405635242803,-7.8447887865191985
3,36.0,-0.16210885806998282,-0.040542585157279334,-7.861131598934437
3,37.0,-0.16222699116003844,-0.039851203065453596,-7.876766735291799
3,38.0,-0.16233985461435,-0.039166362208454236,-7.891704425460511
3,39.0,-0.16244767188173873,-0.038487905831074996,-7.905974243311774
3,40.0,-0.16255050504236576,-0.03781578904899253,-7.91958440527152
3,41.0,-0.1626485788483393,-0.03714985132743164,-7.93256465770341
3,42.0,-0.16274194134740633,-0.036490057530462534,-7.944921359817015
3,43.0,-0.16283081477488973,-0.03583624599832349,-7.956683924874735
3,44.0,-0.16291524108204702,-0.03518838588664909,-7.967857905204306
3,45.0,-0.16299542931380384,-0.03454632231605921,-7.978470968294274
3,46.0,-0.16307143040229993,-0.03391001764879922,-7.988529855109007
3,47.0,-0.16314342092481335,-0.03327933858400854,-7.998057935982918
3,48.0,-0.1632114854790057,-0.03265422167635874,-8.007066407575419
3,49.0,-0.16327573932234316,-0.0320345781371128,-8.015570524428641
3,50.0,-0.16333632474346274,-0.03142029919850754,-8.02358911871096
3,51.0,-0.16339328782842186,-0.030811348541343504,-8.031128289998636
3,52.0,-0.16344681530198274,-0.03020758059823826,-8.038212751664673
3,53.0,-0.16349692553289447,-0.029608980810511488,-8.044844934847509
3,54.0,-0.16354379545239647,-0.02901540849281419,-8.05104825672902
3,55.0,-0.16358746983182326,-0.02842682822142648,-8.056828642879415
3,56.0,-0.163628058747677,-0.027843150658584066,-8.062200662130513
3,57.0,-0.16366568005993898,-0.02726428055184207,-8.067179913472216
3,58.0,-0.16370036018257703,-0.02669019595903557,-8.071769892842774
3,59.0,-0.16373226819637693,-0.0261207574057624,-8.075992978401777
3,60.0,-0.1637614184568795,-0.025555953120875365,-8.079851070132005
3,61.0,-0.16378793566035843,-0.02499567810937952,-8.08336067181951
3,62.0,-0.16381190315934227,-0.024439862307818964,-8.086532815327992
3,63.0,-0.16383334645945,-0.02388848377932993,-8.089370876374042
3,64.0,-0.16385241977908688,-0.023341410146193706,-8.091895266053255
3,65.0,-0.16386913350874255,-0.02279863258173846,-8.094107359566456
3,66.0,-0.1638835860245999,-0.02226006487740884,-8.096020177186231
3,67.0,-0.16389586844294504,-0.02172562716143292,-8.097645778324182
3,68.0,-0.16390598756368668,-0.021195313397104166,-8.098985062961008
3,69.0,-0.163914080431476,-0.02066900087111081,-8.100056169213698
3,70.0,-0.1639201790314733,-0.020146660909245547,-8.100863330378292
3,71.0,-0.16392431653939932,-0.019628263287369444,-8.101410937323752
3,72.0,-0.16392662184179768,-0.01911368990025322,-8.101716048426209
3,73.0,-0.16392709577494308,-0.018602940084894277,-8.101778774368187
3,74.0,-0.16392581294239816,-0.018095944120275535,-8.101608989071332
3,75.0,-0.1639228604369094,-0.017592620232169814,-8.101218219424226
3,76.0,-0.16391823495500488,-0.017092971697859505,-8.100606028206156
3,77.0,-0.1639120345220197,-0.016596904556999758,-8.09978538925434
3,78.0,-0.1639043135688405,-0.01610436638691549,-8.098763506598864
3,79.0,-0.16389507178559679,-0.015615357675881089,-8.097540339227786
3,80.0,-0.16388441321224376,-0.015129776078917002,-8.096129657024596
3,81.0,-0.16387237478353933,-0.014647585058481011,-8.094536348373875
3,82.0,-0.16385895783444193,-0.014168783513882345,-8.092760589959878
3,83.0,-0.16384426397864216,-0.013693268770636055,-8.090815830545418
3,84.0,-0.16382832266157404,-0.013221010873149055,-8.088705967288996
3,85.0,-0.16381113423977856,-0.012752009734604374,-8.08643104737948
3,86.0,-0.16379279339574265,-0.01228616701020945,-8.084003602221859
3,87.0,-0.1637733294393099,-0.011823452006138976,-8.081427511028979
3,88.0,-0.1637527400455306,-0.011363867478524161,-8.078702466089382
3,89.0,-0.16373110797186677,-0.010907325036840186,-8.075839420508615
3,90.0,-0.16370846932186706,-0.01045378572862964,-8.072843152659146
3,91.0,-0.16368482015632826,-0.010003254083565342,-8.069713141180037
3,92.0,-0.16366022211868722,-0.00955566248247488,-8.066457544695936
3,93.0,-0.16363472646700264,-0.009110953891235545,-8.06308314730719
3,94.0,-0.1636083329620966,-0.008669128589197862,-8.059589917358151
3,95.0,-0.16358106575534356,-0.00823015986147893,-8.0559810513286
3,96.0,-0.1635530025676012,-0.00779395840043736,-8.05226683572002
3,97.0,-0.1635241433988695,-0.007360524206073149,-8.048447270532419
3,98.0,-0.16349449146999814,-0.006929854081951756,-8.0445227820513
3,99.0,-0.16346412400346633,-0.006501856702525026,-8.040503590816828
3,100.0,-0.16343305510937198,-0.00607651513709794,-8.036391564326971
3,101.0,-0.16340128122886363,-0.0056538339716719135,-8.03218623156105
3,102.0,-0.16336884851655223,-0.0052337573055430756,-8.027893701168512
3,103.0,-0.16333580210427942,-0.004816229195052635,-8.02351994643338
3,104.0,-0.16330214199204524,-0.004401249640200591,-8.01906496735565
3,105.0,-0.1632678713723866,-0.003988815363539537,-8.014529186473581
3,106.0,-0.16323305763606238,-0.00357884024417194,-8.00992152308069
3,107.0,-0.16319771135901603,-0.0031713105144413134,-8.005243376922957
3,108.0,-0.16316183098530254,-0.0027662283309005725,-8.00049454206814
3,109.0,-0.16312544001545098,-0.002363563581519074,-7.9956781288554
3,110.0,-0.1630885913561663,-0.001963245041197117,-7.99080113958651
3,111.0,-0.1630512850074485,-0.0015652727099347004,-7.985863574261476
3,112.0,-0.16301351761439814,-0.0011696516943565213,-7.98086498885305
3,113.0,-0.16297533237474762,-0.0007763225759944266,-7.975811100662254
3,114.0,-0.16293675825181247,-0.000385244360170293,-7.970705743038301
3,115.0,-0.16289779524559272,3.582953115879388e-6,-7.965548915981193
3,116.0,-0.16285844108081826,0.00039015532750871486,-7.960340318354661
3,117.0,-0.16281874302398439,0.0007745414195343941,-7.955086205968133
3,118.0,-0.1627787191094461,0.0011567681565251811,-7.949788965702374
3,119.0,-0.16273836933720345,0.0015368355384810764,-7.944448597557384
3,120.0,-0.16269769181548133,0.001914739807254772,-7.939064851153177
3,121.0,-0.1626567311341038,0.0022905492498589974,-7.933643628036722
3,122.0,-0.16261550211952955,0.0026642872659285916,-7.9281868905176704
3,123.0,-0.16257400477175854,0.003035953855463555,-7.9226946385960195
3,124.0,-0.16253223643030348,0.0034055439191835847,-7.917166520151277
3,125.0,-0.16249023474447977,0.0037731181042553554,-7.911607518141057
3,126.0,-0.16244801702108963,0.004138705305655536,-7.9060199231531385
3,127.0,-0.16240558326013307,0.004502305523384126,-7.900403735187523
3,128.0,-0.16236293081466793,0.004863913748105659,-7.894758603916443
3,129.0,-0.1623200838312499,0.0052235703787674856,-7.889087725181902
3,130.0,-0.16227706814092172,0.005581321107108647,-7.883394517770915
3,131.0,-0.1622338837436834,0.005937165933129145,-7.877678981683491
3,132.0,-0.1621905306395349,0.006291104856828977,-7.87194111691963
3,133.0,-0.1621470123727181,0.00664314246109542,-7.866181392566393
3,134.0,-0.16210336633158476,0.0069933487060251,-7.86040475704236
3,135.0,-0.16205959421152438,0.007341726891699516,-7.854611434735526
3,136.0,-0.16201569601253696,0.007688277018118667,-7.848801425645882
3,137.0,-0.1619716691793263,0.008032993132461561,-7.842974391575179
3,138.0,-0.16192753971606216,0.008375925738462377,-7.837133774224131
3,139.0,-0.16188332236013553,0.008717105012958054,-7.831281524114113
3,140.0,-0.1618390171115464,0.00905653095594859,-7.825417641245128
3,141.0,-0.1617946239702948,0.009394203567433989,-7.81954212561717
3,142.0,-0.16175014326117307,0.009730121574336175,-7.813655020217126
3,143.0,-0.1617056050431019,0.01006434980011266,-7.80776030339961
3,144.0,-0.16166101293621746,0.010396896428495448,-7.801858454296431
3,145.0,-0.16161636694051973,0.010727761459484543,-7.795949472907598
3,146.0,-0.1615716670560087,0.011056944893079944,-7.790033359233104
3,147.0,-0.16152691651512807,0.011384451401818213,-7.784110541092948
3,148.0,-0.16148214208475886,0.011710344973278945,-7.778184561134104
3,149.0,-0.16143734384450373,0.012034625808248803,-7.77225542989214
3,150.0,-0.16139252179436267,0.01235729390672779,-7.76632314736705
3,151.0,-0.1613476754991289,0.012678348047140383,-7.7603876559583975
3,152.0,-0.16130280967996818,0.012997797294590035,-7.754449580521345
3,153.0,-0.16125794646019165,0.013315699911495862,-7.748511849117672
3,154.0,-0.16121308583979935,0.01363205589785786,-7.742574461747384
3,155.0,-0.16116822781879123,0.01394686525367603,-7.7366374184104725
3,156.0,-0.16112337239716729,0.014260127978950375,-7.730700719106945
3,157.0,-0.1610785207749291,0.014571844303425932,-7.724764522659253
3,158.0,-0.16103369399979656,0.014882075166344523,-7.7188316147726646
3,159.0,-0.16098889281629,0.015190822865535964,-7.712902093985846
3,160.0,-0.1609441172244094,0.015498087401000251,-7.706975960298789
3,161.0,-0.16089936722415482,0.015803868772737387,-7.701053213711507
3,162.0,-0.16085464158494606,0.016108160855808008,-7.695133691354392
3,163.0,-0.16080995705488976,0.01641101613732395,-7.689219609870823
3,164.0,-0.16076531794111557,0.016712449195393476,-7.683311539317496
3,165.0,-0.16072072424362344,0.01701246003001659,-7.677409479694404
3,166.0,-0.16067617596241335,0.01731104864119329,-7.6715134310015465
3,167.0,-0.16063167214327215,0.017608211045494974,-7.665623266947019
3,168.0,-0.16058721879683674,0.017903965316666107,-7.659739783049906
3,169.0,-0.16054282776939555,0.018198355887154433,-7.6538645471887286
3,170.0,-0.16049849906094857,0.01849138275695995,-7.64799755936349
3,171.0,-0.1604542326714958,0.018783045926082657,-7.642138819574189
3,172.0,-0.16041002860103723,0.01907334539452256,-7.636288327820822
3,173.0,-0.16036588558676382,0.019362273829964832,-7.6304459169682435
3,174.0,-0.16032181441240506,0.01964987394295249,-7.6246130142633035
3,175.0,-0.1602778197789301,0.01993616656534563,-7.618790241888105
3,176.0,-0.16023390168633894,0.020221151697144255,-7.612977599842639
3,177.0,-0.16019006013463155,0.02050482933834836,-7.6071750881269065
3,178.0,-0.16014629512380793,0.020787199488957943,-7.601382706740909
3,179.0,-0.1601026058646722,0.02106825508336203,-7.595600351233087
3,180.0,-0.16005900253447702,0.021348044476779997,-7.589829368581946
3,181.0,-0.16001548752199954,0.021626580377400062,-7.584070074946632
3,182.0,-0.15997206082723978,0.02190386278522222,-7.578322470327142
3,183.0,-0.15992872245019768,0.022179891700246476,-7.572586554723469
3,184.0,-0.1598854723908733,0.022454667122472825,-7.566862328135626
3,185.0,-0.15984230992569337,0.02272818142325339,-7.561149694797327
3,186.0,-0.15979924307752047,0.02300047956655591,-7.555449716549505
3,187.0,-0.1597562741083271,0.02327157609813781,-7.54976269276847
3,188.0,-0.15971340301811324,0.023541471017999093,-7.544088623454217
3,189.0,-0.15967062980687893,0.023810164326139752,-7.538427508606754
3,190.0,-0.1596279544746242,0.024077656022559794,-7.532779348226082
3,191.0,-0.15958537634524328,0.0243439390151553,-7.527144052828339
3,192.0,-0.1595429001890708,0.02460904301051,-7.521522253776265
3,193.0,-0.1595005294797278,0.024872995249178964,-7.515914410810132
3,194.0,-0.15945826421721426,0.025135795731162192,-7.51032052392994
3,195.0,-0.1594161044015302,0.02539744445645968,-7.504740593135687
3,196.0,-0.1593740500326756,0.025657941425071433,-7.499174618427376
3,197.0,-0.1593321011106505,0.02591728663699745,-7.493622599805006
3,198.0,-0.15929025794264765,0.026175474786356553,-7.488084577926122
3,199.0,-0.15924852583384613,0.026432557060786076,-7.4825612549411336
3,200.0,-0.1592069049600432,0.02668853549323216,-7.477052654117138
3,201.0,-0.15916539532123877,0.026943410083694802,-7.471558775454132
3,202.0,-0.15912399691743292,0.027197180832174008,-7.466079618952116
3,203.0,-0.1590827097486256,0.027449847738669774,-7.460615184611085
3,204.0,-0.15904153353960576,0.027701404822571246,-7.455165436006347
3,205.0,-0.159000470555019,0.027951872179438113,-7.449730672867993
3,206.0,-0.15895952301806315,0.02820128174956737,-7.444311189440432
3,207.0,-0.15891869092873828,0.028449633532959023,-7.438906985723678
3,208.0,-0.1588779742870443,0.028696927529613066,-7.433518061717718
3,209.0,-0.1588373730929813,0.0289431637395295,-7.42814441742256
3,210.0,-0.15879688734654918,0.02918834216270833,-7.422786052838193
3,211.0,-0.15875651694409695,0.029432455113683798,-7.417442954246218
3,212.0,-0.15871626385903584,0.029675531203577014,-7.4121153828313115
3,213.0,-0.15867612905212378,0.0299175937787349,-7.406803465751591
3,214.0,-0.15863611252336068,0.030158642839157455,-7.401507203007052
3,215.0,-0.15859621427274664,0.03039867838484468,-7.396226594597696
3,216.0,-0.1585564343002816,0.030637700415796575,-7.390961640523524
3,217.0,-0.15851677260596558,0.030875708932013135,-7.3857123407845355
3,218.0,-0.1584772292291172,0.031112696925183543,-7.380478700584623
3,219.0,-0.15843780530611212,0.03134868749083141,-7.375260870325245
3,220.0,-0.15839850129129152,0.031583707102348264,-7.370058910139299
3,221.0,-0.15835931718465537,0.0318177557597341,-7.3648728200267914
3,222.0,-0.1583202529862037,0.032050833462988905,-7.35970259998772
3,223.0,-0.15828130869593648,0.0322829402121127,-7.354548250022087
3,224.0,-0.15824248431385377,0.03251407600710547,-7.349409770129892
3,225.0,-0.158203779875203,0.03274423882743582,-7.344287164976209
3,226.0,-0.15816519607548066,0.03297342940948336,-7.339180526611294
3,227.0,-0.1581267327824184,0.033201689954394195,-7.33408983752919
3,228.0,-0.15808838999601624,0.03342902046216833,-7.329015097729893
3,229.0,-0.15805016771627417,0.033655420932805755,-7.32395630721341
3,230.0,-0.1580120659431922,0.03388089136630648,-7.318913465979734
3,231.0,-0.15797408467677032,0.0341054317626705,-7.31388657402887
3,232.0,-0.1579362239170085,0.03432904212189782,-7.308875631360813
3,233.0,-0.15789848418119035,0.034551713509601956,-7.303880706439019
3,234.0,-0.15786086508061897,0.034773480210422,-7.298901747818721
3,235.0,-0.15782336620911885,0.034994356211565505,-7.293938701741832
3,236.0,-0.15778598756668996,0.03521434151303247,-7.288991568208344
3,237.0,-0.15774872915333232,0.035433436114822886,-7.2840603472182615
3,238.0,-0.15771159096904588,0.03565164001693676,-7.279145038771576
3,239.0,-0.1576745730138307,0.0358689532193741,-7.274245642868302
3,240.0,-0.15763767528768674,0.03608537572213489,-7.269362159508425
3,241.0,-0.15760089865840732,0.03630089914748343,-7.264494703546025
3,242.0,-0.15756424138367045,0.036515567046720945,-7.259643044381516
3,243.0,-0.15752770332596208,0.036729382064897835,-7.254807163814653
3,244.0,-0.15749128448528218,0.036942344202014095,-7.249987061845432
3,245.0,-0.15745498486163081,0.03715445345806974,-7.245182738473865
3,246.0,-0.15741880445500794,0.03736570983306475,-7.24039419369994
3,247.0,-0.15738274326541354,0.037576113326999144,-7.235621427523657
3,248.0,-0.15734680131112805,0.037785663679120514,-7.230864442364469
3,249.0,-0.15731097954955928,0.037994353932167754,-7.226123364937095
3,250.0,-0.15727527538607344,0.03820222766154236,-7.221397851836884
3,251.0,-0.15723968882067052,0.03840928486724434,-7.216687903063829
3,252.0,-0.15720421985335048,0.03861552554927369,-7.211993518617926
3,253.0,-0.15716886848411338,0.0388209497076304,-7.207314698499182
3,254.0,-0.15713363471295916,0.039025557342314485,-7.202651442707592
3,255.0,-0.15709851853988785,0.039229348453325937,-7.198003751243161
3,256.0,-0.15706351996489945,0.03943232304066476,-7.193371624105883
3,257.0,-0.15702864008281892,0.03963447223638174,-7.1887552061979045
3,258.0,-0.15699387588978153,0.039835837411138005,-7.184154099952083
3,259.0,-0.15695922718259056,0.040036421013197765,-7.179568278474951
3,260.0,-0.156924693961246,0.04023622304256102,-7.174997741766508
3,261.0,-0.1568902762257479,0.04043524349922777,-7.170442489826758
3,262.0,-0.15685597397609619,0.040633482383198014,-7.165902522655696
3,263.0,-0.15682178721229093,0.040830939694471755,-7.161377840253327
3,264.0,-0.15678771593433205,0.04102761543304898,-7.156868442619644
3,265.0,-0.15675376117057663,0.04122350045657948,-7.152374465859634
3,266.0,-0.15671992054249695,0.04141862501250513,-7.147895595170693
3,267.0,-0.1566861928948042,0.04161300159255544,-7.14343167764817
3,268.0,-0.1566525782274984,0.04180663019673042,-7.138982713292067
3,269.0,-0.15661907654057952,0.041999510825030055,-7.1345487021023875
3,270.0,-0.15658568783404758,0.04219164347745436,-7.130129644079127
3,271.0,-0.15655241210790258,0.04238302815400333,-7.12572553922229
3,272.0,-0.1565192493621445,0.04257366485467696,-7.121336387531873
3,273.0,-0.15648619986346016,0.042763551153868776,-7.1169622243043715
3,274.0,-0.15645326407046256,0.042952686592880575,-7.112603110238087
3,275.0,-0.15642043844633036,0.0431411063485899,-7.108258577228067
3,276.0,-0.15638772299106354,0.04332881042099675,-7.103928625274308
3,277.0,-0.1563551177046621,0.043515798810101106,-7.099613254376812
3,278.0,-0.15632262258712606,0.043702071515902996,-7.095312464535584
3,279.0,-0.1562902376384554,0.0438876285384024,-7.091026255750611
3,280.0,-0.15625796285865012,0.04407246987759932,-7.086754628021907
3,281.0,-0.1562257982477102,0.04425659553349377,-7.082497581349461
3,282.0,-0.1561937447214159,0.04443999818836698,-7.078255236938512
3,283.0,-0.1561618005865414,0.04462269608929995,-7.074027370687443
3,284.0,-0.15612996357803144,0.044804709342993604,-7.069813682811936
3,285.0,-0.15609823369588602,0.04498603794944793,-7.065614173311988
3,286.0,-0.15606661094010518,0.04516668190866294,-7.0614288421876115
3,287.0,-0.15603509531068888,0.045346641220638625,-7.057257689438791
3,288.0,-0.15600368680763715,0.04552591588537499,-7.053100715065541
3,289.0,-0.15597238543094996,0.04570450590287203,-7.048957919067847
3,290.0,-0.15594119118062733,0.045882411273129746,-7.044829301445722
3,291.0,-0.15591010517987067,0.04605962370412362,-7.040715010856974
3,292.0,-0.15587912499903855,0.046236165742377176,-7.036614725734003
3,293.0,-0.15584824873506306,0.04641205295867289,-7.032528194202192
3,294.0,-0.15581747638794424,0.04658728535301077,-7.028455416261547
3,295.0,-0.15578680795768204,0.04676186292539082,-7.024396391912064
3,296.0,-0.15575624344427652,0.04693578567581304,-7.020351121153744
3,297.0,-0.15572578284772762,0.04710905360427742,-7.016319603986585
3,298.0,-0.1556954261680354,0.047281666710783966,-7.012301840410596
3,299.0,-0.15566517340519978,0.047453624995332684,-7.008297830425766
3,300.0,-0.155635025570308,0.04762492124251095,-7.004307707851389
3,301.0,-0.15560498077840634,0.04779557238737661,-7.000331223210293
3,302.0,-0.1555750365807581,0.04796559736864588,-6.99636805240759
3,303.0,-0.15554519297736322,0.04813499618631877,-6.992418195443259
3,304.0,-0.15551544996822173,0.04830376884039528,-6.98848165231731
3,305.0,-0.1554858075533336,0.04847191533087541,-6.98455842302974
3,306.0,-0.15545626573269886,0.04863943565775915,-6.980648507580552
3,307.0,-0.15542682450631748,0.04880632982104651,-6.976751905969742
3,308.0,-0.1553974838741895,0.048972597820737485,-6.972868618197313
3,309.0,-0.15536824419347872,0.049138237137766515,-6.968998691534567
3,310.0,-0.15533910589676342,0.049303246742953936,-6.965142183234055
3,311.0,-0.15531006480353857,0.04946765771810506,-6.961298539998077
3,312.0,-0.15528112091380414,0.04963147006321989,-6.957467761826635
3,313.0,-0.15525227422756016,0.04979468377829842,-6.9536498487197305
3,314.0,-0.1552235247448066,0.049957298863340646,-6.949844800677358
3,315.0,-0.1551948724655435,0.050119315318346576,-6.946052617699524
3,316.0,-0.15516631738977082,0.05028073314331621,-6.942273299786225
3,317.0,-0.15513785951748857,0.05044155233824954,-6.938506846937461
3,318.0,-0.15510949884869676,0.05060177290314657,-6.934753259153234
3,319.0,-0.15508123678492713,0.050761385834619685,-6.9310127219289
3,320.0,-0.15505306994920193,0.05092041647114292,-6.927284788315112
3,321.0,-0.1550249968950784,0.05107887492688298,-6.923569266872457
3,322.0,-0.15499701762255658,0.05123676120183989,-6.919866157600937
3,323.0,-0.15496913213163646,0.05139407529601363,-6.916175460500551
3,324.0,-0.15494134042231805,0.0515508172094042,-6.912497175571299
3,325.0,-0.15491364249460135,0.05170698694201161,-6.9088313028131845
3,326.0,-0.15488603834848633,0.05186258449383585,-6.905177842226199
3,327.0,-0.15485852798397304,0.05201760986487693,-6.901536793810353
3,328.0,-0.15483111140106143,0.052172063055134846,-6.89790815756564
3,329.0,-0.15480379022358276,0.052325934499312506,-6.894292148409175
3,330.0,-0.15477655956998115,0.052479258067327984,-6.890688120257871
3,331.0,-0.15474941927513172,0.052632034858479136,-6.887096051257134
3,332.0,-0.15472236933903444,0.05278426487276597,-6.8835159414069675
3,333.0,-0.15469540976168933,0.05293594811018848,-6.879947790707369
3,334.0,-0.15466854054309637,0.053087084570746665,-6.87639159915834
3,335.0,-0.15464176168325558,0.05323767425444053,-6.8728473667598795
3,336.0,-0.15461507318216697,0.053387717161270075,-6.8693150935119895
3,337.0,-0.1545884750398305,0.0535372132912353,-6.865794779414667
3,338.0,-0.15456196750332823,0.05368616105378582,-6.862286457169686
3,339.0,-0.15453555146949205,0.0538345560281067,-6.858790245474427
3,340.0,-0.15450922239485965,0.05398242862169502,-6.855305542993125
3,341.0,-0.15448298027943103,0.05412977883455078,-6.85183234972578
3,342.0,-0.15445682512320622,0.05427660666667397,-6.848370665672389
3,343.0,-0.15443075692618516,0.054422912118064604,-6.844920490832955
3,344.0,-0.15440477568836788,0.05456869518872268,-6.841481825207473
3,345.0,-0.15437888140975442,0.054713955878648184,-6.838054668795954
3,346.0,-0.15435307409034474,0.05485869418784113,-6.8346390215983845
3,347.0,-0.15432735373013884,0.05500291011630151,-6.831234883614774
3,348.0,-0.1543017203502838,0.055146603530305274,-6.827842257643975
3,349.0,-0.154276175560687,0.05528976535473195,-6.824461356760255
3,350.0,-0.15425071437328994,0.0554324282229804,-6.8210915207846945
3,351.0,-0.15422533678809255,0.0555745921350506,-6.81773274971729
3,352.0,-0.15420004280509486,0.05571625709094258,-6.8143850435580475
3,353.0,-0.1541748324242969,0.05585742309065631,-6.811048402306968
3,354.0,-0.15414970564569858,0.05599809013419181,-6.80772282596404
3,355.0,-0.15412466246929998,0.056138258221549074,-6.804408314529275
3,356.0,-0.15409970289510108,0.056277927352728095,-6.801104868002671
3,357.0,-0.15407482692310187,0.05641709752772889,-6.797812486384224
3,358.0,-0.15405003455330235,0.05655576874655144,-6.794531169673934
3,359.0,-0.15402532735282437,0.05669393182355846,-6.7912611252833255
3,360.0,-0.15400070143653274,0.05683161226975895,-6.788001839007454
3,361.0,-0.1539761558230001,0.0569688162477048,-6.784753180952565
3,362.0,-0.1539516905122264,0.05710554375739602,-6.781515151118657
3,363.0,-0.15392730550421166,0.05724179479883262,-6.778287749505728
3,364.0,-0.15390300079895586,0.05737756937201458,-6.775070976113776
3,365.0,-0.15387877639645903,0.05751286747694192,-6.771864830942809
3,366.0,-0.15385463229672117,0.05764768911361463,-6.7686693139928185
3,367.0,-0.15383056849974228,0.0577820342820327,-6.765484425263813
3,368.0,-0.15380658500552233,0.05791590298219615,-6.762310164755787
3,369.0,-0.15378268260388908,0.05804929045406246,-6.759146637003923
3,370.0,-0.15375886052644705,0.05818220267794774,-6.755993740309643
3,371.0,-0.15373511552138372,0.058314660018624044,-6.7528510442894465
3,372.0,-0.15371144758869912,0.05844666247609135,-6.749718548943337
3,373.0,-0.15368785672839322,0.05857821005034966,-6.746596254271315
3,374.0,-0.15366434294046602,0.05870930274139898,-6.743484160273379
3,375.0,-0.15364090622491755,0.05883994054923931,-6.74038226694953
3,376.0,-0.15361754658174778,0.05897012347387064,-6.737290574299769
3,377.0,-0.15359426401095672,0.059099851515292984,-6.734209082324094
3,378.0,-0.15357105851254438,0.059229124673506335,-6.731137791022507
3,379.0,-0.15354793008651074,0.05935794294851069,-6.728076700395006
3,380.0,-0.15352488015033236,0.05948629810183041,-6.725025998047274
3,381.0,-0.15350190564807809,0.05961420982091693,-6.721985279521087
3,382.0,-0.1534790050654691,0.05974168737158632,-6.718954344398795
3,383.0,-0.1534561784025054,0.05986873075383858,-6.715933192680398
3,384.0,-0.15343342565918694,0.0599953399676737,-6.712921824365894
3,385.0,-0.15341074683551378,0.06012151501309169,-6.709920239455287
3,386.0,-0.1533881419314859,0.06024725589009255,-6.706928437948571
3,387.0,-0.1533656109471033,0.06037256259867627,-6.703946419845757
3,388.0,-0.15334315388236597,0.06049743513884286,-6.700974185146834
3,389.0,-0.15332077073727393,0.06062187351059232,-6.6980117338518115
3,390.0,-0.15329846151182716,0.060745877713924645,-6.695059065960678
3,391.0,-0.15327622777112232,0.06086943884380015,-6.692116388616923
3,392.0,-0.15325406580403517,0.06099258012375542,-6.689183210646283
3,393.0,-0.15323197468770963,0.061115307111374854,-6.686259409907022
3,394.0,-0.15320995442214572,0.06123761980665846,-6.683344986399137
3,395.0,-0.15318800500734342,0.06135951820960625,-6.680439940122631
3,396.0,-0.15316612644330274,0.061481002320218206,-6.677544271077504
3,397.0,-0.15314431873002368,0.061602072138494335,-6.674657979263754
3,398.0,-0.1531225818675062,0.06172272766443464,-6.671781064681382
3,399.0,-0.1531009158557504,0.061842968898039107,-6.668913527330394
3,400.0,-0.15307932069475616,0.061962795839307756,-6.666055367210778
3,401.0,-0.15305779638452355,0.06208220848824058,-6.663206584322541
3,402.0,-0.1530363444063977,0.06220119842140418,-6.660367374724498
3,403.0,-0.15301496148713356,0.06231978602755805,-6.6575373051965085
3,404.0,-0.15299364643786362,0.06243797840926254,-6.6547162183897335
3,405.0,-0.15297239925858783,0.06255577556651766,-6.651904114304166
3,406.0,-0.1529512199493062,0.0626731774993234,-6.649100992939802
3,407.0,-0.15293010851001873,0.06279018420767976,-6.646306854296651
3,408.0,-0.15290906494072543,0.06290679569158675,-6.643521698374703
3,409.0,-0.1528880892414263,0.06302301195104434,-6.640745525173963
3,410.0,-0.15286718141212136,0.06313883298605258,-6.637978334694436
3,411.0,-0.15284634145281056,0.06325425879661144,-6.635220126936113
3,412.0,-0.15282556936349395,0.06336928938272092,-6.632470901899
3,413.0,-0.15280486617458414,0.06348391881294091,-6.629730795960142
3,414.0,-0.15278423036815833,0.06359815698360867,-6.626999608219604
3,415.0,-0.15276365954178367,0.06371201821904322,-6.624277020710888
3,416.0,-0.15274315369546018,0.0638255025192446,-6.621563033434
3,417.0,-0.15272271282918784,0.06393860988421278,-6.6188576463889275
3,418.0,-0.15270233694296667,0.06405134031394775,-6.616160859575681
3,419.0,-0.15268202603679668,0.06416369380844955,-6.613472672994261
3,420.0,-0.15266178011067785,0.06427567036771814,-6.6107930866446605
3,421.0,-0.15264159916461018,0.06438726999175354,-6.608122100526886
3,422.0,-0.15262148319859367,0.06449849268055574,-6.605459714640931
3,423.0,-0.15260143221262834,0.06460933843412475,-6.602805928986805
3,424.0,-0.15258144620671416,0.06471980725246057,-6.600160743564496
3,425.0,-0.15256152684187324,0.06482988999700304,-6.597524378213406
3,426.0,-0.15254166992808724,0.06493961177753034,-6.594896278376739
3,427.0,-0.15252187519669796,0.06504897416194462,-6.592276408497072
3,428.0,-0.15250214264770542,0.06515797715024588,-6.589664768574411
3,429.0,-0.15248247228110962,0.06526662074243411,-6.587061358608751
3,430.0,-0.15246286409691054,0.06537490493850934,-6.5844661786001
3,431.0,-0.1524433180951082,0.06548282973847153,-6.581879228548448
3,432.0,-0.15242383427570258,0.0655903951423207,-6.579300508453805
3,433.0,-0.1524044126386937,0.06569760115005686,-6.576730018316164
3,434.0,-0.15238505318408155,0.06580444776168,-6.574167758135526
3,435.0,-0.15236575591186613,0.06591093497719011,-6.571613727911895
3,436.0,-0.15234652142217045,0.06601705935422734,-6.569068007072672
3,437.0,-0.15232734960934805,0.06612282229174186,-6.566530581635357
3,438.0,-0.1523082372740375,0.06622824264982284,-6.564001028158451
3,439.0,-0.15228918441623887,0.06633332042847025,-6.5614793466419625
3,440.0,-0.15227019103595213,0.06643805562768408,-6.558965537085888
3,441.0,-0.15225125713317728,0.06654244824746437,-6.5564595994902275
3,442.0,-0.1522323827079143,0.0666464982878111,-6.553961533854982
3,443.0,-0.15221356776016326,0.06675020574872427,-6.5514713401801545
3,444.0,-0.15219481228992407,0.06685357063020389,-6.548989018465738
3,445.0,-0.15217611629719677,0.06695659293224994,-6.5465145687117365
3,446.0,-0.15215747978198138,0.06705927265486243,-6.544047990918154
3,447.0,-0.15213890274427785,0.06716160979804137,-6.541589285084983
3,448.0,-0.1521203859722482,0.06726359988054371,-6.539138555526941
3,449.0,-0.15210192876756393,0.0673652477001181,-6.53669570981895
3,450.0,-0.15208352842798772,0.06746656906126527,-6.534260390314819
3,451.0,-0.15206518495351967,0.06756756396398518,-6.531832597014563
3,452.0,-0.15204689834415971,0.06766823240827785,-6.529412329918171
3,453.0,-0.15202866859990785,0.06776857439414329,-6.526999589025644
3,454.0,-0.15201049572076414,0.06786858992158147,-6.524594374336991
3,455.0,-0.15199237970672852,0.0679682789905924,-6.522196685852203
3,456.0,-0.151974320557801,0.06806764160117611,-6.519806523571281
3,457.0,-0.15195631827398162,0.06816667775333257,-6.517423887494232
3,458.0,-0.15193837285527034,0.06826538744706179,-6.515048777621049
3,459.0,-0.15192048430166716,0.06836377068236375,-6.512681193951733
3,460.0,-0.15190265307794734,0.06846182481506748,-6.510321198000159
3,461.0,-0.1518848794839227,0.06855954878983175,-6.507968829446992
3,462.0,-0.15186716023420033,0.06865696175740602,-6.505623653464301
3,463.0,-0.15184949532878017,0.06875406371779023,-6.503285670052083
3,464.0,-0.1518318847676623,0.06885085467098445,-6.500954879210346
3,465.0,-0.15181432855084664,0.06894733461698863,-6.498631280939084
3,466.0,-0.15179682667833327,0.06904350355580278,-6.496314875238306
3,467.0,-0.15177937915012213,0.06913936148742691,-6.494005662107998
3,468.0,-0.15176198596621324,0.06923490841186103,-6.4917036415481695
3,469.0,-0.15174464712660662,0.06933014432910511,-6.489408813558821
3,470.0,-0.15172736263130224,0.06942506923915917,-6.4871211781399465
3,471.0,-0.15171013248030013,0.06951968314202321,-6.484840735291557
3,472.0,-0.15169295667360025,0.06961398603769722,-6.482567485013638
3,473.0,-0.1516758367371454,0.06970796955401272,-6.480301629267589
3,474.0,-0.15165876928705257,0.06980165359166532,-6.478042720190139
3,475.0,-0.15164175375071712,0.0698950414286626,-6.475790681995986
3,476.0,-0.15162479012813898,0.06998813306500452,-6.473545514685125
3,477.0,-0.1516078784193182,0.0700809285006911,-6.471307218257557
3,478.0,-0.15159101862425475,0.07017342773572234,-6.469075792713287
3,479.0,-0.15157421074294866,0.07026563077009824,-6.466851238052307
3,480.0,-0.15155745477539992,0.0703575376038188,-6.464633554274623
3,481.0,-0.15154075072160852,0.07044914823688402,-6.462422741380232
3,482.0,-0.15152409858157445,0.07054046266929388,-6.460218799369132
3,483.0,-0.15150749835529773,0.07063148090104841,-6.458021728241326
3,484.0,-0.15149095004277838,0.07072220293214761,-6.455831527996822
3,485.0,-0.1514744542258502,0.07081262548601433,-6.453648275642409
3,486.0,-0.1514580108354994,0.0709027495644913,-6.451471962043981
3,487.0,-0.15144161701694484,0.07099259162839637,-6.4493022093658965
3,488.0,-0.15142527277018647,0.07108215167772952,-6.4471390176081504
3,489.0,-0.15140897809522436,0.07117142971249076,-6.44498238677075
3,490.0,-0.15139273299205847,0.07126042573268009,-6.442832316853689
3,491.0,-0.15137653746068883,0.0713491397382975,-6.440688807856973
3,492.0,-0.1513603915011154,0.07143757172934301,-6.4385518597805955
3,493.0,-0.15134429511333822,0.0715257217058166,-6.436421472624559
3,494.0,-0.15132824829735725,0.07161358966771829,-6.434297646388865
3,495.0,-0.15131225105317253,0.07170117561504806,-6.432180381073515
3,496.0,-0.15129630338078404,0.07178847954780591,-6.430069676678502
3,497.0,-0.15128040528019177,0.07187550146599186,-6.427965533203831
3,498.0,-0.15126455769067657,0.07196223613379601,-6.425868074965086
3,499.0,-0.1512487594194566,0.0720486909185357,-6.423777144095348
3,500.0,-0.15123300846472873,0.07213487727779311,-6.421692475652214
3,501.0,-0.15121730482649295,0.07222079521156824,-6.419614069635686
3,502.0,-0.15120164850474926,0.07230644471986108,-6.417541926045755
3,503.0,-0.15118603949949766,0.07239182580267166,-6.41547604488243
3,504.0,-0.15117047781073817,0.07247693845999995,-6.413416426145707
3,505.0,-0.15115496343847076,0.07256178269184596,-6.411363069835587
3,506.0,-0.15113949638269544,0.07264635849820969,-6.409315975952067
3,507.0,-0.1511240766434122,0.07273066587909115,-6.40727514449515
3,508.0,-0.1511087042206211,0.07281470483449032,-6.40524057546484
3,509.0,-0.15109337911432205,0.0728984753644072,-6.403212268861129
3,510.0,-0.1510781013245151,0.07298197746884182,-6.40119022468402
3,511.0,-0.15106287167290428,0.07306520657173955,-6.399174551687589
3,512.0,-0.15104768933661528,0.07314816788440899,-6.39716514096287
3,513.0,-0.15103255214606667,0.07323087378637551,-6.395161705361691
3,514.0,-0.15101746010125852,0.07331332427763912,-6.393164244884059
3,515.0,-0.15100241320219077,0.0733955193581998,-6.391172759529961
3,516.0,-0.15098741144886343,0.07347745902805757,-6.389187249299409
3,517.0,-0.15097245484127653,0.07355914328721241,-6.387207714192397
3,518.0,-0.15095754337943004,0.07364057213566434,-6.38523415420893
3,519.0,-0.15094267706332395,0.07372174557341335,-6.383266569348996
3,520.0,-0.15092785589295832,0.07380266360045945,-6.381304959612613
3,521.0,-0.15091307986833308,0.07388332621680262,-6.379349324999764
3,522.0,-0.15089834898944826,0.07396373342244288,-6.377399665510461
3,523.0,-0.15088366325630384,0.07404388521738021,-6.375455981144694
3,524.0,-0.1508690228282586,0.07412378070870687,-6.3735182929938965
3,525.0,-0.15085442883590772,0.07420341396558197,-6.371586750694475
3,526.0,-0.1508398779008727,0.07428280427415086,-6.369660907111674
3,527.0,-0.15082537002315352,0.07436195163441355,-6.367740762245506
3,528.0,-0.1508109052027502,0.07444085604637003,-6.365826316095962
3,529.0,-0.15079648343966273,0.07451951751002031,-6.363917568663049
3,530.0,-0.15078210473389111,0.0745979360253644,-6.362014519946758
3,531.0,-0.15076776908543535,0.07467611159240227,-6.360117169947095
3,532.0,-0.15075347649429544,0.07475404421113394,-6.358225518664061
3,533.0,-0.1507392269604714,0.0748317338815594,-6.356339566097658
3,534.0,-0.1507250204839632,0.07490918060367867,-6.354459312247878
3,535.0,-0.15071085706477083,0.07498638437749174,-6.352584757114727
3,536.0,-0.15069673670289435,0.07506334520299858,-6.3507159006982015
3,537.0,-0.1506826593983337,0.07514006308019924,-6.348852742998305
3,538.0,-0.15066862621272895,0.0752165321634169,-6.346995424525088
3,539.0,-0.1506546355390007,0.07529276196461485,-6.345143732578576
3,540.0,-0.15064068591418855,0.07536876074871367,-6.343297473533214
3,541.0,-0.15062677733829252,0.07544452851571334,-6.341456647388999
3,542.0,-0.1506129098113126,0.07552006526561388,-6.339621254145936
3,543.0,-0.15059908333324876,0.07559537099841528,-6.337791293804014
3,544.0,-0.15058529790410102,0.07567044571411755,-6.335966766363245
3,545.0,-0.15057155352386942,0.07574528941272067,-6.334147671823628
3,546.0,-0.1505578501925539,0.07581990209422465,-6.332334010185155
3,547.0,-0.1505441879101545,0.0758942837586295,-6.330525781447831
3,548.0,-0.1505305666766712,0.07596843440593522,-6.328722985611651
3,549.0,-0.15051698649210402,0.07604235403614179,-6.326925622676629
3,550.0,-0.15050344735645294,0.07611604264924922,-6.32513369264275
3,551.0,-0.15048994926971793,0.07618950024525752,-6.323347195510017
3,552.0,-0.15047649354161105,0.07626271968953212,-6.321566304621277
3,553.0,-0.15046307769240605,0.07633571526932109,-6.319790691780108
3,554.0,-0.15044970096139795,0.0764084912525023,-6.318020256305771
3,555.0,-0.1504363633485867,0.07648104763907577,-6.316254998198264
3,556.0,-0.15042306485397233,0.07655338442904148,-6.314494917457591
3,557.0,-0.15040980547755484,0.07662550162239945,-6.312740014083746
3,558.0,-0.15039658521933422,0.07669739921914964,-6.310990288076735
3,559.0,-0.15038340407931045,0.07676907721929209,-6.309245739436553
3,560.0,-0.15037026205748358,0.07684053562282679,-6.307506368163205
3,561.0,-0.15035715915385356,0.07691177442975372,-6.305772174256685
3,562.0,-0.15034409536842044,0.07698279364007292,-6.304043157717005
3,563.0,-0.15033107070118418,0.07705359325378434,-6.302319318544149
3,564.0,-0.1503180851521448,0.07712417327088802,-6.300600656738125
3,565.0,-0.15030513872130227,0.07719453369138395,-6.298887172298935
3,566.0,-0.15029223263672373,0.07726466782232426,-6.297179027763563
3,567.0,-0.15027936471206,0.07733458826357786,-6.295475933764591
3,568.0,-0.15026653405019444,0.0774043000377732,-6.293777771566949
3,569.0,-0.15025374065112712,0.07747380314491029,-6.292084541170644
3,570.0,-0.15024098451485798,0.0775430975849891,-6.290396242575668
3,571.0,-0.15022826564138703,0.07761218335800969,-6.288712875782024
3,572.0,-0.1502155840307143,0.07768106046397201,-6.287034440789716
3,573.0,-0.15020293968283976,0.07774972890287608,-6.2853609375987345
3,574.0,-0.15019033259776343,0.0778181886747219,-6.283692366209087
3,575.0,-0.15017776277548528,0.07788643977950946,-6.282028726620772
3,576.0,-0.15016523021600534,0.07795448221723876,-6.280370018833789
3,577.0,-0.1501527349193236,0.07802231598790982,-6.278716242848138
3,578.0,-0.15014027688544004,0.07808994109152262,-6.277067398663819
3,579.0,-0.1501278561143547,0.07815735752807716,-6.275423486280831
3,580.0,-0.15011547334977257,0.07822456120854335,-6.273784604129931
3,581.0,-0.15010312796308767,0.07829155603599774,-6.272150669013939
3,582.0,-0.15009081805676752,0.07835835265409315,-6.270521429790863
3,583.0,-0.1500785436308121,0.07842495106282958,-6.268896886460702
3,584.0,-0.15006630468522145,0.07849135126220705,-6.267277039023459
3,585.0,-0.15005410121999552,0.07855755325222553,-6.265661887479128
3,586.0,-0.15004193323513434,0.07862355703288504,-6.264051431827718
3,587.0,-0.1500298007306379,0.07868936260418558,-6.262445672069221
3,588.0,-0.15001770370650622,0.07875496996612713,-6.2608446082036435
3,589.0,-0.15000564216273926,0.0788203791187097,-6.259248240230979
3,590.0,-0.14999361609933706,0.07888559006193331,-6.2576565681512335
3,591.0,-0.14998162551629962,0.07895060279579795,-6.256069591964404
3,592.0,-0.14996967041362688,0.0790154173203036,-6.254487311670488
3,593.0,-0.14995775079131893,0.07908003363545027,-6.252909727269493
3,594.0,-0.1499458666493757,0.07914445174123798,-6.251336838761412
3,595.0,-0.14993401928333705,0.07920866462927276,-6.249768817613379
3,596.0,-0.1499222062518185,0.07927268616722838,-6.248205340703571
3,597.0,-0.14991042698886148,0.07933651950009867,-6.246646333126307
3,598.0,-0.149898681494466,0.07940016462788362,-6.24509179488159
3,599.0,-0.14988696976863208,0.07946362155058323,-6.243541725969425
3,600.0,-0.1498752918113597,0.07952689026819751,-6.241996126389805
3,601.0,-0.14986364762264884,0.07958997078072645,-6.24045499614273
3,602.0,-0.14985203720249954,0.07965286308817005,-6.238918335228206
3,603.0,-0.14984046055091177,0.07971556719052832,-6.2373861436462255
3,604.0,-0.14982891766788556,0.07977808308780124,-6.235858421396796
3,605.0,-0.14981740855342088,0.07984041077998884,-6.234335168479913
3,606.0,-0.14980593320751776,0.07990255026709109,-6.232816384895576
3,607.0,-0.14979449163017614,0.07996450154910802,-6.231302070643786
3,608.0,-0.1497830838213961,0.0800262646260396,-6.229792225724548
3,609.0,-0.1497717097811776,0.08008783949788584,-6.228286850137854
3,610.0,-0.1497603709080841,0.08014921865451359,-6.226786128986211
3,611.0,-0.14974906435304455,0.08021041810788379,-6.225289685189706
3,612.0,-0.14973778992309025,0.08027143892479285,-6.223797493208577
3,613.0,-0.1497265476182212,0.08033228110524077,-6.222309553042823
3,614.0,-0.1497153374384374,0.08039294464922751,-6.220825864692437
3,615.0,-0.14970415938373885,0.08045342955675311,-6.219346428157428
3,616.0,-0.14969301345412553,0.08051373582781757,-6.21787124343779
3,617.0,-0.14968189964959747,0.08057386346242086,-6.216400310533524
3,618.0,-0.14967081797015463,0.080633812460563,-6.21493362944463
3,619.0,-0.1496597684157971,0.08069358282224398,-6.213471200171115
3,620.0,-0.14964875098652475,0.08075317454746382,-6.2120130227129655
3,621.0,-0.1496377656823377,0.08081258763622251,-6.210559097070193
3,622.0,-0.14962681250323584,0.08087182208852003,-6.209109423242789
3,623.0,-0.14961589144921927,0.08093087790435641,-6.207664001230764
3,624.0,-0.14960500252028794,0.08098975508373163,-6.206222831034107
3,625.0,-0.14959414696908258,0.08104844686965973,-6.204786078442176
3,626.0,-0.14958332249692374,0.08110696623186356,-6.203353439220431
3,627.0,-0.14957252857243764,0.08116531610772545,-6.201924843040548
3,628.0,-0.1495617651956242,0.08122349649724543,-6.200500289902519
3,629.0,-0.14955103236648346,0.08128150740042347,-6.199079779806348
3,630.0,-0.14954033008501544,0.08133934881725961,-6.197663312752043
3,631.0,-0.1495296583512201,0.08139702074775382,-6.1962508887395895
3,632.0,-0.14951901716509744,0.0814545231919061,-6.194842507768998
3,633.0,-0.1495084065266475,0.08151185614971646,-6.193438169840266
3,634.0,-0.14949782643587026,0.08156901962118489,-6.192037874953389
3,635.0,-0.1494872768927657,0.0816260136063114,-6.190641623108374
3,636.0,-0.14947675789733383,0.081682838105096,-6.189249414305216
3,637.0,-0.14946626944957467,0.08173949311753866,-6.1878612485439195
3,638.0,-0.1494558115494882,0.0817959786436394,-6.186477125824481
3,639.0,-0.14944538419707443,0.08185229468339822,-6.185097046146898
3,640.0,-0.14943498806107608,0.0819084375896142,-6.183721098020533
3,641.0,-0.14942462268454348,0.08196441018781334,-6.182349220967235
3,642.0,-0.14941428634211812,0.08202022204781338,-6.180981186632564
3,643.0,-0.1494039790338,0.08207587316961434,-6.179616995016521
3,644.0,-0.14939370075958913,0.08213136355321624,-6.178256646119106
3,645.0,-0.1493834515194855,0.08218669319861904,-6.17690013994032
3,646.0,-0.14937323131348915,0.08224186210582278,-6.175547476480164
3,647.0,-0.14936304014160004,0.08229687027482743,-6.174198655738642
3,648.0,-0.14935287800381816,0.082351717705633,-6.172853677715744
3,649.0,-0.14934274490014351,0.0824064043982395,-6.171512542411471
3,650.0,-0.14933264083057615,0.08246093035264691,-6.170175249825831
3,651.0,-0.14932256579511602,0.08251529556885526,-6.168841799958819
3,652.0,-0.14931251979376314,0.08256950004686452,-6.1675121928104355
3,653.0,-0.1493025028265175,0.08262354378667469,-6.166186428380681
3,654.0,-0.1492925148933791,0.0826774267882858,-6.164864506669555
3,655.0,-0.14928255599434798,0.08273114905169782,-6.163546427677058
3,656.0,-0.1492726271741729,0.08278470493007492,-6.162232329677657
3,657.0,-0.14926272681896635,0.08283810356587291,-6.160921999070309
3,658.0,-0.14925285404598268,0.082891349825569,-6.159615319021964
3,659.0,-0.1492430088552219,0.0829444437091632,-6.158312289532628
3,660.0,-0.14923319124668402,0.08299738521665546,-6.1570129106023
3,661.0,-0.14922340122036906,0.08305017434804582,-6.155717182230981
3,662.0,-0.14921363877627697,0.08310281110333428,-6.154425104418669
3,663.0,-0.14920390391440777,0.08315529548252082,-6.15313667716536
3,664.0,-0.14919419663476144,0.08320762748560546,-6.151851900471056
3,665.0,-0.14918451693733803,0.0832598071125882,-6.150570774335765
3,666.0,-0.14917486482213752,0.08331183436346902,-6.149293298759483
3,667.0,-0.1491652402891599,0.08336370923824794,-6.148019473742207
3,668.0,-0.14915564333840514,0.08341543173692495,-6.146749299283934
3,669.0,-0.1491460739698733,0.08346700185950004,-6.145482775384674
3,670.0,-0.14913653218356435,0.08351841960597324,-6.144219902044417
3,671.0,-0.1491270179794783,0.08356968497634452,-6.14296067926317
3,672.0,-0.149117532353449,0.08362079259275335,-6.1417052388414115
3,673.0,-0.14910807383666186,0.08367175076682719,-6.1404533863787725
3,674.0,-0.14909864150978236,0.08372256455619792,-6.139205000199601
3,675.0,-0.14908923537281046,0.0837732339608655,-6.137960080303895
3,676.0,-0.14907985542574617,0.08382375898082996,-6.136718626691652
3,677.0,-0.1490705016685895,0.08387413961609129,-6.135480639362876
3,678.0,-0.14906117410134043,0.08392437586664948,-6.13424611831756
3,679.0,-0.149051872723999,0.08397446773250455,-6.133015063555714
3,680.0,-0.14904259753656515,0.08402441521365647,-6.1317874750773305
3,681.0,-0.14903334853903893,0.08407421831010528,-6.130563352882412
3,682.0,-0.14902412573142032,0.08412387702185095,-6.129342696970958
3,683.0,-0.14901492911370934,0.08417339134889348,-6.128125507342971
3,684.0,-0.14900575868590596,0.08422276129123289,-6.126911783998446
3,685.0,-0.14899661444801018,0.08427198684886916,-6.125701526937387
3,686.0,-0.148987496400022,0.08432106802180231,-6.12449473615979
3,687.0,-0.14897840454194147,0.08437000481003232,-6.123291411665664
3,688.0,-0.14896933937611762,0.0844187944846999,-6.122091619941844
3,689.0,-0.14896030087623574,0.08446743743384728,-6.120895357505529
3,690.0,-0.1489512872314588,0.08451594363377403,-6.1197023846890435
3,691.0,-0.1489422984417868,0.08456431308448013,-6.1185127014923735
3,692.0,-0.14893333450721974,0.0846125457859656,-6.117326307915533
3,693.0,-0.1489243954277576,0.0846606417382304,-6.116143203958512
3,694.0,-0.1489154812034004,0.08470860094127457,-6.114963389621316
3,695.0,-0.14890659183414812,0.08475642339509809,-6.113786864903941
3,696.0,-0.14889772732000078,0.08480410909970097,-6.1126136298063924
3,697.0,-0.1488888876609584,0.08485165805508321,-6.111443684328666
3,698.0,-0.14888007285702093,0.08489907026124481,-6.110277028470762
3,699.0,-0.1488712829081884,0.08494634571818577,-6.109113662232682
3,700.0,-0.1488625178144608,0.08499348442590607,-6.107953585614424
3,701.0,-0.14885377757583815,0.08504048638440573,-6.106796798615991
3,702.0,-0.1488450621923204,0.08508735159368476,-6.1056433012373805
3,703.0,-0.14883637166390762,0.08513408005374314,-6.104493093478592
3,704.0,-0.14882770599059975,0.08518067176458087,-6.103346175339626
3,705.0,-0.1488190661498872,0.08522712146499055,-6.1022026761931745
3,706.0,-0.1488104507082517,0.08527343720254955,-6.101062406310391
3,707.0,-0.14880185884243147,0.0853196234846858,-6.0999252567310505
3,708.0,-0.1487932905524266,0.08536568031139925,-6.098791227455149
3,709.0,-0.14878474583823703,0.08541160768268995,-6.0976603184826885
3,710.0,-0.14877622469986282,0.08545740559855784,-6.096532529813672
3,711.0,-0.14876772713730393,0.08550307405900298,-6.095407861448095
3,712.0,-0.1487592531505604,0.08554861306402534,-6.094286313385964
3,713.0,-0.14875080273963218,0.08559402261362492,-6.093167885627268
3,714.0,-0.14874237590451928,0.08563930270780172,-6.092052578172014
3,715.0,-0.14873397264522173,0.08568445334655575,-6.090940391020206
3,716.0,-0.1487255929617395,0.085729474529887,-6.089831324171836
3,717.0,-0.14871723685407262,0.08577436625779547,-6.088725377626909
3,718.0,-0.14870890432222106,0.08581912853028117,-6.087622551385422
3,719.0,-0.14870059536618485,0.0858637613473441,-6.086522845447381
3,720.0,-0.14869230998596394,0.08590826470898424,-6.085426259812776
3,721.0,-0.1486840481815584,0.08595263861520161,-6.0843327944816155
3,722.0,-0.14867581094016202,0.08599687776298237,-6.083242580110857
3,723.0,-0.14866759678679428,0.08604099039089132,-6.082155421484054
3,724.0,-0.148659404983523,0.0860849805291893,-6.0810712209345
3,725.0,-0.1486512355303482,0.0861288481778763,-6.0799899784621925
3,726.0,-0.14864308842726986,0.08617259333695235,-6.07891169406713
3,727.0,-0.148634963674288,0.0862162160064174,-6.077836367749317
3,728.0,-0.1486268612714026,0.08625971618627148,-6.076763999508751
3,729.0,-0.14861878121861366,0.08630309387651461,-6.075694589345435
3,730.0,-0.1486107235159212,0.08634634907714675,-6.074628137259363
3,731.0,-0.1486026881633252,0.08638948178816791,-6.07356464325054
3,732.0,-0.14859467516082567,0.08643249200957812,-6.072504107318966
3,733.0,-0.1485866845084226,0.08647537974137734,-6.071446529464636
3,734.0,-0.14857871620611598,0.08651814498356558,-6.070391909687553
3,735.0,-0.14857077025390586,0.08656078773614287,-6.06934024798772
3,736.0,-0.1485628466517922,0.08660330799910916,-6.0682915443651355
3,737.0,-0.148554945399775,0.0866457057724645,-6.067245798819798
3,738.0,-0.14854706649785426,0.08668798105620885,-6.066203011351704
3,739.0,-0.14853921052158503,0.08673013074378216,-6.065163258136649
3,740.0,-0.14853137718955955,0.08677215656561847,-6.064126501929788
3,741.0,-0.14852356503359748,0.0868140665488499,-6.063092548414695
3,742.0,-0.14851577405369887,0.08685586069347646,-6.062061397591375
3,743.0,-0.14850800424986366,0.08689753899949813,-6.0610330494598195
3,744.0,-0.14850025562209188,0.08693910146691493,-6.060007504020035
3,745.0,-0.14849252817038353,0.08698054809572685,-6.05898476127202
3,746.0,-0.1484848218947386,0.08702187888593388,-6.057964821215775
3,747.0,-0.14847713679515712,0.08706309383753603,-6.056947683851301
3,748.0,-0.14846947287163906,0.08710419295053332,-6.055933349178596
3,749.0,-0.14846183012418443,0.08714517622492572,-6.054921817197661
3,750.0,-0.1484542085527932,0.08718604366071324,-6.053913087908489
3,751.0,-0.14844660815746544,0.08722679525789587,-6.0529071613110945
3,752.0,-0.14843902893820107,0.08726743101647363,-6.051904037405468
3,753.0,-0.14843147089500014,0.08730795093644651,-6.050903716191605
3,754.0,-0.14842393402786264,0.08734835501781452,-6.049906197669516
3,755.0,-0.14841641833678856,0.08738864326057763,-6.048911481839198
3,756.0,-0.14840892382177792,0.08742881566473587,-6.047919568700647
3,757.0,-0.1484014514776054,0.08746886690506289,-6.046930589914165
3,758.0,-0.14839399978275566,0.08750880540767826,-6.04594434410434
3,759.0,-0.14838656813979437,0.08754863442056687,-6.0449607521996125
3,760.0,-0.14837915654872144,0.08758835394372873,-6.043979814199976
3,761.0,-0.14837176500953694,0.08762796397716384,-6.0430015301054345
3,762.0,-0.14836439352224084,0.0876674645208722,-6.042025899915988
3,763.0,-0.14835704208683315,0.0877068555748538,-6.041052923631634
3,764.0,-0.14834971070331388,0.08774613713910867,-6.040082601252373
3,765.0,-0.14834239937168298,0.08778530921363677,-6.0391149327782045
3,766.0,-0.14833510809194048,0.08782437179843813,-6.038149918209128
3,767.0,-0.1483278368640864,0.08786332489351274,-6.03718755754515
3,768.0,-0.14832058568812073,0.0879021684988606,-6.036227850786264
3,769.0,-0.14831335456404343,0.0879409026144817,-6.035270797932467
3,770.0,-0.14830614349185456,0.08797952724037607,-6.034316398983765
3,771.0,-0.14829895247155409,0.08801804237654366,-6.033364653940159
3,772.0,-0.14829178150314204,0.08805644802298453,-6.032415562801647
3,773.0,-0.14828463058661837,0.08809474417969863,-6.031469125568228
3,774.0,-0.1482774997219831,0.08813293084668598,-6.0305253422398994
3,775.0,-0.14827038988482455,0.08817100280747964,-6.029584341937614
3,776.0,-0.1482632996008637,0.08820896820450763,-6.028645929537767
3,777.0,-0.1482562282927029,0.08824683017075026,-6.0277100286207
3,778.0,-0.14824917596034215,0.08828458870620749,-6.02677663918641
3,779.0,-0.1482421426037814,0.08832224381087936,-6.025845761234897
3,780.0,-0.14823512822302073,0.08835979548476583,-6.024917394766163
3,781.0,-0.14822813281806008,0.08839724372786693,-6.023991539780202
3,782.0,-0.14822115638889943,0.08843458854018264,-6.023068196277017
3,783.0,-0.14821419893553886,0.08847182992171297,-6.022147364256611
3,784.0,-0.1482072604579783,0.08850896787245793,-6.02122904371898
3,785.0,-0.14820034095621779,0.0885460023924175,-6.020313234664127
3,786.0,-0.14819344043025728,0.08858293348159169,-6.019399937092051
3,787.0,-0.14818655888009682,0.08861976113998049,-6.018489151002749
3,788.0,-0.1481796963057364,0.08865648536758391,-6.017580876396226
3,789.0,-0.14817285270717603,0.08869310616440196,-6.016675113272481
3,790.0,-0.14816602808441567,0.08872962353043462,-6.01577186163151
3,791.0,-0.14815922243745536,0.0887660374656819,-6.014871121473316
3,792.0,-0.14815243576629508,0.0888023479701438,-6.0139728927978995
3,793.0,-0.14814566860086575,0.08883855219611496,-6.013077245742613
3,794.0,-0.1481389207367815,0.08887465140792516,-6.0121841532566
3,795.0,-0.14813219081877993,0.08891065296967442,-6.011293435968336
3,796.0,-0.148125478846861,0.0889465568813627,-6.01040509387782
3,797.0,-0.14811878482102475,0.08898236314299003,-6.009519126985052
3,798.0,-0.14811210874127115,0.0890180717545564,-6.008635535290034
3,799.0,-0.1481054506076002,0.0890536827160618,-6.0077543187927605
3,800.0,-0.1480988104200119,0.08908919602750626,-6.006875477493237
3,801.0,-0.14809218817850628,0.08912461168888974,-6.0059990113914585
3,802.0,-0.1480855838830833,0.08915992970021228,-6.005124920487428
3,803.0,-0.14807899753374298,0.08919515006147384,-6.004253204781148
3,804.0,-0.14807242913048532,0.08923027277267445,-6.003383864272614
3,805.0,-0.1480658786733103,0.0892652978338141,-6.002516898961825
3,806.0,-0.14805934616221797,0.08930022524489278,-6.001652308848789
3,807.0,-0.14805283159720828,0.0893350550059105,-6.000790093933498
3,808.0,-0.14804633497828126,0.08936978711686727,-5.999930254215955
3,809.0,-0.1480398563054369,0.08940442157776309,-5.999072789696162
3,810.0,-0.14803339557867518,0.08943895838859793,-5.998217700374113
3,811.0,-0.14802695279799613,0.08947339754937182,-5.9973649862498135
3,812.0,-0.1480205288085551,0.08950773454379035,-5.996514759181163
3,813.0,-0.14801412250029097,0.08954197550566337,-5.995666872249485
3,814.0,-0.14800773315310223,0.08957612433124648,-5.994821230147992
3,815.0,-0.1480013607669889,0.08961018102053969,-5.993977832876686
3,816.0,-0.1479950053419509,0.089644145573543,-5.99313668043556
3,817.0,-0.1479886668779883,0.08967801799025642,-5.992297772824622
3,818.0,-0.1479823453751011,0.08971179827067992,-5.9914611100438675
3,819.0,-0.14797604083328927,0.08974548641481352,-5.990626692093301
3,820.0,-0.14796975325255282,0.08977908242265721,-5.989794518972914
3,821.0,-0.14796348263289177,0.08981258629421102,-5.988964590682716
3,822.0,-0.1479572289743061,0.0898459980294749,-5.988136907222703
3,823.0,-0.1479509922767958,0.08987931762844889,-5.987311468592875
3,824.0,-0.1479447725403609,0.08991254509113299,-5.986488274793229
3,825.0,-0.14793856976500136,0.08994568041752717,-5.9856673258237665
3,826.0,-0.1479323839507172,0.08997872360763144,-5.98484862168449
3,827.0,-0.14792621509750845,0.09001167466144583,-5.9840321623754
3,828.0,-0.14792006320537507,0.0900445335789703,-5.983217947896495
3,829.0,-0.14791392827431707,0.09007730036020488,-5.982405978247773
3,830.0,-0.14790781030433445,0.09010997500514954,-5.981596253429236
3,831.0,-0.1479017100016771,0.09014255373761865,-5.980788866914384
3,832.0,-0.1478956266399645,0.09017504060820047,-5.979983722565389
3,833.0,-0.14788955929742295,0.0902074406001323,-5.979180698383772
3,834.0,-0.1478835079740525,0.09023975371341415,-5.9783797943695385
3,835.0,-0.14787747266985307,0.09027197994804602,-5.977581010522676
3,836.0,-0.14787145338482474,0.0903041193040279,-5.976784346843198
3,837.0,-0.14786545011896746,0.09033617178135979,-5.975989803331098
3,838.0,-0.14785946287228122,0.0903681373800417,-5.975197379986374
3,839.0,-0.14785349164476605,0.09040001610007362,-5.974407076809028
3,840.0,-0.14784753643642196,0.09043180794145554,-5.973618893799066
3,841.0,-0.1478415972472489,0.09046351290418748,-5.9728328309564755
3,842.0,-0.14783567407724693,0.09049513098826945,-5.972048888281269
3,843.0,-0.147829766926416,0.09052666219370142,-5.971267065773438
3,844.0,-0.14782387579475614,0.0905581065204834,-5.97048736343299
3,845.0,-0.14781800068226733,0.0905894639686154,-5.969709781259914
3,846.0,-0.1478121415889496,0.09062073453809742,-5.968934319254219
3,847.0,-0.14780629851480293,0.09065191822892946,-5.968160977415906
3,848.0,-0.1478004714598273,0.0906830150411115,-5.967389755744968
3,849.0,-0.14779466042402276,0.09071402497464355,-5.966620654241413
3,850.0,-0.14778886541799308,0.09074494797255504,-5.965853674308666
3,851.0,-0.1477830875547375,0.09077577814298124,-5.965088963254276
3,852.0,-0.147777324810297,0.09080652644666241,-5.964326253203455
3,853.0,-0.14777157718467154,0.09083719288359857,-5.963565544156204
3,854.0,-0.14776584467786116,0.0908677774537897,-5.962806836112526
3,855.0,-0.14776012728986582,0.0908982801572358,-5.962050129072415
3,856.0,-0.14775442502068553,0.0909287009939369,-5.961295423035874
3,857.0,-0.1477487378703203,0.09095903996389297,-5.9605427180029045
3,858.0,-0.14774306583877014,0.09098929706710401,-5.959792013973507
3,859.0,-0.147737408926035,0.09101947230357003,-5.959043310947675
3,860.0,-0.14773176713211497,0.09104956567329103,-5.9582966089254175
3,861.0,-0.14772614045700996,0.09107957717626701,-5.957551907906731
3,862.0,-0.14772052890072,0.09110950681249796,-5.956809207891606
3,863.0,-0.1477149324632451,0.0911393545819839,-5.956068508880059
3,864.0,-0.14770935114458525,0.09116912048472481,-5.955329810872078
3,865.0,-0.14770378494474048,0.0911988045207207,-5.954593113867673
3,866.0,-0.14769823386371073,0.09122840668997158,-5.9538584178668295
3,867.0,-0.14769269790149606,0.09125792699247742,-5.953125722869561
3,868.0,-0.14768717705809645,0.09128736542823825,-5.952395028875865
3,869.0,-0.14768167133351187,0.09131672199725405,-5.951666335885735
3,870.0,-0.1476761808852523,0.09134599585532688,-5.950939664745915
3,871.0,-0.14767070642582455,0.09137518327492294,-5.950215109758015
3,872.0,-0.14766524622490104,0.09140429360392764,-5.949492441909934
3,873.0,-0.14765980028248177,0.09143332684234097,-5.9487716612016674
3,874.0,-0.14765436859856673,0.09146228299016294,-5.948052767633223
3,875.0,-0.14764895117315593,0.09149116204739356,-5.947335761204593
3,876.0,-0.14764354800624938,0.09151996401403281,-5.946620641915783
3,877.0,-0.14763815909784703,0.09154868889008069,-5.945907409766786
3,878.0,-0.14763278444794894,0.09157733667553722,-5.94519606475761
3,879.0,-0.1476274240565551,0.09160590737040238,-5.944486606888253
3,880.0,-0.1476220779236655,0.09163440097467618,-5.943779036158711
3,881.0,-0.14761674604928013,0.09166281748835861,-5.943073352568987
3,882.0,-0.147611428433399,0.09169115691144969,-5.9423695561190835
3,883.0,-0.14760612507602208,0.0917194192439494,-5.941667646808991
3,884.0,-0.14760083597714943,0.09174760448585775,-5.940967624638723
3,885.0,-0.14759556113678102,0.09177571263717474,-5.940269489608269
3,886.0,-0.14759030055491681,0.09180374369790037,-5.939573241717628
3,887.0,-0.14758505423155688,0.09183169766803463,-5.938878880966811
3,888.0,-0.14757982216670118,0.09185957454757752,-5.938186407355811
3,889.0,-0.1475746043603497,0.09188737433652906,-5.937495820884627
3,890.0,-0.14756940081250247,0.09191509703488925,-5.936807121553261
3,891.0,-0.14756421245538787,0.09194273769380665,-5.936120432743891
3,892.0,-0.1475590378718225,0.09197030400451932,-5.935435566889633
3,893.0,-0.14755387672504272,0.09199779777462937,-5.934752479419186
3,894.0,-0.14754872901504848,0.0920252190041368,-5.934071170332545
3,895.0,-0.14754359474183978,0.09205256769304163,-5.933391639629707
3,896.0,-0.14753847390541666,0.09207984384134384,-5.932713887310674
3,897.0,-0.1475333665057791,0.09210704744904344,-5.932037913375456
3,898.0,-0.1475282725429271,0.09213417851614043,-5.931363717824043
3,899.0,-0.14752319201686068,0.09216123704263482,-5.930691300656435
3,900.0,-0.1475181249275798,0.0921882230285266,-5.930020661872635
3,901.0,-0.14751307127508448,0.09221513647381575,-5.929351801472641
3,902.0,-0.1475080310593747,0.0922419773785023,-5.928684719456455
3,903.0,-0.14750300428045052,0.09226874574258624,-5.928019415824076
3,904.0,-0.1474979909383119,0.09229544156606757,-5.927355890575508
3,905.0,-0.14749299103295882,0.0923220648489463,-5.926694143710743
3,906.0,-0.14748800456439132,0.0923486155912224,-5.926034175229789
3,907.0,-0.14748303153260936,0.0923750937928959,-5.925375985132638
3,908.0,-0.14747807193761295,0.09240149945396678,-5.924719573419292
3,909.0,-0.14747312577940214,0.09242783257443506,-5.924064940089759
3,910.0,-0.14746819305797684,0.09245409315430073,-5.923412085144029
3,911.0,-0.14746327383919255,0.09248028084133464,-5.922761017298195
3,912.0,-0.14745836902861253,0.09250639086369795,-5.922111856405261
3,913.0,-0.14745347687028737,0.09253243267848535,-5.92146437006202
3,914.0,-0.14744859736421706,0.09255840628569682,-5.920818558268477
3,915.0,-0.1474437305104016,0.09258431168533238,-5.920174421024626
3,916.0,-0.147438876308841,0.092610148877392,-5.919531958330469
3,917.0,-0.14743403475953526,0.0926359178618757,-5.918891170186006
3,918.0,-0.1474292058624844,0.09266161863878347,-5.918252056591245
3,919.0,-0.14742438961768836,0.09268725120811533,-5.917614617546175
3,920.0,-0.14741958602514718,0.09271281556987127,-5.9169788530507965
3,921.0,-0.14741479508486086,0.09273831172405127,-5.916344763105114
3,922.0,-0.14741001679682939,0.09276373967065535,-5.915712347709126
3,923.0,-0.14740525116105277,0.09278909940968351,-5.915081606862834
3,924.0,-0.14740049817753104,0.09281439094113574,-5.914452540566238
3,925.0,-0.14739575784626413,0.09283961426501204,-5.913825148819335
3,926.0,-0.14739103016725208,0.09286476938131243,-5.913199431622125
3,927.0,-0.14738631514049488,0.09288985629003689,-5.91257538897461
3,928.0,-0.14738161276599257,0.09291487499118543,-5.911953020876794
3,929.0,-0.14737692304374508,0.09293982548475804,-5.91133232732867
3,930.0,-0.14737224597375245,0.09296470777075473,-5.91071330833024
3,931.0,-0.1473675815560147,0.0929895218491755,-5.910095963881507
3,932.0,-0.14736292979053178,0.09301426772002033,-5.909480293982468
3,933.0,-0.14735829162787648,0.0930389403496984,-5.908866424443211
3,934.0,-0.1473536655720502,0.09306354780926668,-5.908254157265519
3,935.0,-0.1473490514197795,0.09308809118615634,-5.907643465545762
3,936.0,-0.1473444491710644,0.09311257048036736,-5.907034349283949
3,937.0,-0.14733985882590492,0.09313698569189975,-5.906426808480082
3,938.0,-0.14733528038430102,0.09316133682075352,-5.905820843134156
3,939.0,-0.14733071384625274,0.09318562386692865,-5.905216453246169
3,940.0,-0.14732615921176007,0.09320984683042516,-5.9046136388161266
3,941.0,-0.14732161648082295,0.09323400571124303,-5.904012399844024
3,942.0,-0.14731708565344148,0.09325810050938228,-5.903412736329867
3,943.0,-0.1473125667296156,0.0932821312248429,-5.902814648273651
3,944.0,-0.1473080597093453,0.09330609785762488,-5.902218135675374
3,945.0,-0.1473035645926306,0.09333000040772824,-5.901623198535039
3,946.0,-0.1472990813794715,0.09335383887515297,-5.901029836852648
3,947.0,-0.14729461006986802,0.09337761325989907,-5.900438050628201
3,948.0,-0.14729015066382015,0.09340132356196654,-5.8998478398616925
3,949.0,-0.14728570316132786,0.09342496978135538,-5.899259204553129
3,950.0,-0.14728126756239118,0.09344855191806559,-5.898672144702508
3,951.0,-0.1472768438670101,0.09347206997209716,-5.898086660309826
3,952.0,-0.1472724320751846,0.0934955239434501,-5.897502751375087
3,953.0,-0.14726803218691473,0.09351891383212443,-5.896920417898292
3,954.0,-0.14726364449623827,0.09354223807163264,-5.896339698795896
3,955.0,-0.14725926928293362,0.09356549524525076,-5.895760631097093
3,956.0,-0.14725490525900645,0.09358869226143485,-5.89518304433342
3,957.0,-0.14725055242445675,0.09361182912018491,-5.894606938504871
3,958.0,-0.14724621077928454,0.09363490582150095,-5.894032313611451
3,959.0,-0.14724188032348984,0.09365792236538296,-5.893459169653158
3,960.0,-0.14723756105707259,0.09368087875183095,-5.892887506629989
3,961.0,-0.14723325298003284,0.09370377498084492,-5.892317324541949
3,962.0,-0.14722895609237058,0.09372661105242486,-5.891748623389036
3,963.0,-0.1472246703940858,0.09374938696657076,-5.891181403171252
3,964.0,-0.1472203958851785,0.09377210272328264,-5.8906156638885925
3,965.0,-0.1472161325656487,0.0937947583225605,-5.890051405541064
3,966.0,-0.14721188043549635,0.09381735376440432,-5.889488628128656
3,967.0,-0.14720763949472151,0.09383988904881413,-5.888927331651378
3,968.0,-0.14720340974332416,0.0938623641757899,-5.888367516109228
3,969.0,-0.14719919118130428,0.09388477914533165,-5.887809181502204
3,970.0,-0.14719498380866192,0.09390713395743937,-5.887252327830311
3,971.0,-0.147190787625397,0.09392942861211306,-5.88669695509354
3,972.0,-0.1471866026315096,0.09395166310935273,-5.8861430632918985
3,973.0,-0.14718242882699967,0.09397383744915837,-5.885590652425384
3,974.0,-0.14717826621186722,0.09399595163152999,-5.885039722493996
3,975.0,-0.14717411478611225,0.09401800565646758,-5.884490273497734
3,976.0,-0.14716997470599227,0.09403999869169433,-5.883942326117573
3,977.0,-0.14716584658435627,0.09406192753283513,-5.883395961465229
3,978.0,-0.14716172897117533,0.094083799950268,-5.882850987626649
3,979.0,-0.14715762186644943,0.09410561594399294,-5.882307404601832
3,980.0,-0.14715352527017855,0.09412737551400993,-5.881765212390777
3,981.0,-0.14714943918236276,0.094149078660319,-5.881224410993487
3,982.0,-0.147145363603002,0.09417072538292012,-5.880685000409962
3,983.0,-0.14714129853209632,0.09419231568181331,-5.880146980640201
3,984.0,-0.14713724396964567,0.09421384955699856,-5.879610351684204
3,985.0,-0.14713319991565005,0.09423532700847587,-5.879075113541968
3,986.0,-0.1471291663701095,0.09425674803624524,-5.878541266213497
3,987.0,-0.147125143333024,0.09427811264030668,-5.878008809698793
3,988.0,-0.14712113080439357,0.09429942082066017,-5.877477743997852
3,989.0,-0.14711712878421815,0.09432067257730574,-5.876948069110669
3,990.0,-0.1471131372724978,0.09434186791024336,-5.876419785037255
3,991.0,-0.14710915626923252,0.09436300681947304,-5.875892891777604
3,992.0,-0.14710518577442228,0.0943840893049948,-5.875367389331719
3,993.0,-0.14710122578806706,0.09440511536680861,-5.874843277699592
3,994.0,-0.14709727631016692,0.09442608500491448,-5.874320556881236
3,995.0,-0.14709333734072183,0.09444699821931242,-5.873799226876642
3,996.0,-0.14708940887973176,0.09446785501000242,-5.873279287685807
3,997.0,-0.14708549092719678,0.09448865537698448,-5.87276073930874
3,998.0,-0.14708158348311684,0.0945093993202586,-5.872243581745439
3,999.0,-0.14707768715031025,0.094530083643028,-5.871727894780033
3,1000.0,-0.14707380136428452,0.09455071142214964,-5.871213603700887
3,1001.0,-0.1470699254378252,0.09457128632757518,-5.870700617553872
3,1002.0,-0.14706605937093234,0.09459180835930459,-5.870188936338996
3,1003.0,-0.14706220316360588,0.09461227751733789,-5.869678560056253
3,1004.0,-0.14705835681584586,0.09463269380167508,-5.869169488705649
3,1005.0,-0.14705452032765226,0.09465305721231616,-5.868661722287177
3,1006.0,-0.1470506936990251,0.09467336774926112,-5.868155260800846
3,1007.0,-0.14704687692996435,0.09469362541250997,-5.867650104246647
3,1008.0,-0.14704307002047004,0.09471383020206271,-5.867146252624586
3,1009.0,-0.14703927297054215,0.09473398211791934,-5.866643705934657
3,1010.0,-0.14703548578018066,0.09475408116007984,-5.866142464176864
3,1011.0,-0.14703170844938562,0.09477412732854425,-5.865642527351209
3,1012.0,-0.147027940978157,0.09479412062331254,-5.8651438954576856
3,1013.0,-0.1470241833664948,0.09481406104438471,-5.864646568496304
3,1014.0,-0.14702043561439904,0.09483394859176077,-5.8641505464670525
3,1015.0,-0.1470166977218697,0.09485378326544072,-5.863655829369942
3,1016.0,-0.14701296968890679,0.09487356506542455,-5.863162417204961
3,1017.0,-0.14700925151551028,0.09489329399171227,-5.862670309972116
3,1018.0,-0.14700554320168022,0.09491297004430388,-5.862179507671409
3,1019.0,-0.14700184474741657,0.09493259322319937,-5.861690010302837
3,1020.0,-0.14699815615271936,0.09495216352839876,-5.861201817866401
3,1021.0,-0.14699447741758856,0.09497168095990204,-5.8607149303621
3,1022.0,-0.14699080904202338,0.09499114286632152,-5.860229413965765
3,1023.0,-0.14698715071748222,0.0950105509532521,-5.85974522784134
3,1024.0,-0.14698350163447296,0.09502990954027157,-5.859262264851018
3,1025.0,-0.14697986179299563,0.09504921862737993,-5.858780524994805
3,1026.0,-0.14697623119305023,0.09506847821457715,-5.858300008272707
3,1027.0,-0.14697260983463672,0.09508768830186323,-5.857820714684706
3,1028.0,-0.14696899771775515,0.0951068488892382,-5.857342644230817
3,1029.0,-0.1469653948424055,0.09512595997670203,-5.85686579691104
3,1030.0,-0.14696180120858776,0.09514502156425475,-5.856390172725365
3,1031.0,-0.14695821681630195,0.09516403365189634,-5.855915771673801
3,1032.0,-0.14695464166554806,0.0951829962396268,-5.855442593756343
3,1033.0,-0.14695107575632607,0.09520190932744613,-5.854970638972993
3,1034.0,-0.146947519088636,0.09522077291535433,-5.854499907323753
3,1035.0,-0.14694397166247786,0.0952395870033514,-5.854030398808616
3,1036.0,-0.14694043347785166,0.09525835159143735,-5.853562113427594
3,1037.0,-0.14693690453475733,0.09527706667961218,-5.853095051180672
3,1038.0,-0.14693338483319496,0.09529573226787587,-5.852629212067863
3,1039.0,-0.1469298743731645,0.09531434835622844,-5.8521645960891595
3,1040.0,-0.14692637315466595,0.09533291494466989,-5.851701203244565
3,1041.0,-0.1469228811776993,0.0953514320332002,-5.8512390335340765
3,1042.0,-0.1469193984422646,0.0953698996218194,-5.850778086957695
3,1043.0,-0.1469159249483618,0.09538831771052746,-5.8503183635154254
3,1044.0,-0.14691246069599093,0.09540668629932439,-5.849859863207257
3,1045.0,-0.14690900568515197,0.09542500538821021,-5.849402586033203
3,1046.0,-0.146905560740939,0.09544327061971491,-5.848946641196002
3,1047.0,-0.14690212466530003,0.095461488410501,-5.84849187013123
3,1048.0,-0.14689869724287372,0.09547965990611738,-5.848038244335403
3,1049.0,-0.14689527847366005,0.09549778510656404,-5.847585763808527
3,1050.0,-0.14689186835765902,0.09551586401184096,-5.847134428550596
3,1051.0,-0.14688846689487065,0.09553389662194818,-5.846684238561614
3,1052.0,-0.14688507408529491,0.09555188293688567,-5.846235193841577
3,1053.0,-0.1468816899289318,0.09556982295665344,-5.845787294390481
3,1054.0,-0.14687831442578136,0.09558771668125149,-5.84534054020834
3,1055.0,-0.14687494757584355,0.09560556411067982,-5.844894931295141
3,1056.0,-0.14687158937911837,0.09562336524493842,-5.844450467650888
3,1057.0,-0.14686823983560585,0.0956411200840273,-5.844007149275584
3,1058.0,-0.14686489894530597,0.09565882862794646,-5.843564976169224
3,1059.0,-0.14686156670821873,0.0956764908766959,-5.843123948331813
3,1060.0,-0.14685824312434415,0.09569410683027561,-5.84268406576335
3,1061.0,-0.14685492819368218,0.0957116764886856,-5.842245328463828
3,1062.0,-0.14685162191623288,0.09572919985192588,-5.841807736433258
3,1063.0,-0.1468483242919962,0.09574667691999643,-5.84137128967163
3,1064.0,-0.1468450353209722,0.09576410769289727,-5.8409359881789555
3,1065.0,-0.14684175500316082,0.09578149217062838,-5.840501831955222
3,1066.0,-0.1468384833385621,0.09579883035318977,-5.840068821000436
3,1067.0,-0.146835220327176,0.09581612224058143,-5.839636955314598
3,1068.0,-0.14683196596900255,0.09583336783280337,-5.839206234897706
3,1069.0,-0.14682872026404173,0.0958505671298556,-5.838776659749758
3,1070.0,-0.1468254839065849,0.09586771646264894,-5.838348321761518
3,1071.0,-0.1468222560428935,0.09588482041447131,-5.837921107939091
3,1072.0,-0.1468190362727113,0.09590188111371295,-5.8374949653078065
3,1073.0,-0.14681582459603834,0.09591889856037383,-5.837069893867674
3,1074.0,-0.14681262101287454,0.09593587275445398,-5.836645893618675
3,1075.0,-0.14680942552321996,0.09595280369595337,-5.836222964560828
3,1076.0,-0.1468062381270746,0.09596969138487202,-5.835801106694129
3,1077.0,-0.14680305882443842,0.09598653582120992,-5.835380320018569
3,1078.0,-0.14679988761531146,0.09600333700496708,-5.834960604534158
3,1079.0,-0.1467967244996937,0.09602009493614348,-5.834541960240889
3,1080.0,-0.14679356947758512,0.09603680961473915,-5.8341243871387665
3,1081.0,-0.14679042254898575,0.09605348104075406,-5.833707885227788
3,1082.0,-0.14678728371389557,0.09607010921418822,-5.83329245450795
3,1083.0,-0.14678415297231462,0.09608669413504164,-5.832878094979263
3,1084.0,-0.14678103032424286,0.09610323580331431,-5.83246480664172
3,1085.0,-0.1467779157696803,0.09611973421900624,-5.83205258949532
3,1086.0,-0.14677480930862696,0.09613618938211743,-5.831641443540067
3,1087.0,-0.1467717109410828,0.09615260129264785,-5.831231368775957
3,1088.0,-0.14676862066704785,0.09616896995059754,-5.830822365202995
3,1089.0,-0.1467655384865221,0.09618529535596648,-5.830414432821173
3,1090.0,-0.14676246439950558,0.09620157750875467,-5.830007571630502
3,1091.0,-0.14675939840599822,0.09621781640896213,-5.82960178163097
3,1092.0,-0.1467563405060001,0.09623401205658882,-5.8291970628225895
3,1093.0,-0.14675329069951115,0.09625016445163477,-5.828793415205349
3,1094.0,-0.1467502489865314,0.09626627359409998,-5.828390838779256
3,1095.0,-0.14674721626039128,0.09628233477725932,-5.82798945177826
3,1096.0,-0.14674419110664005,0.09629835553638563,-5.827589066997163
3,1097.0,-0.1467411735142491,0.09631433592997928,-5.8271896829762975
3,1098.0,-0.1467381634832184,0.09633027595804021,-5.826791299715663
3,1099.0,-0.14673516101354792,0.09634617562056848,-5.826393917215262
3,1100.0,-0.14673216610523768,0.09636203491756405,-5.825997535475087
3,1101.0,-0.14672917875828773,0.09637785384902693,-5.825602154495149
3,1102.0,-0.146726198972698,0.09639363241495714,-5.825207774275442
3,1103.0,-0.14672322674846852,0.09640937061535466,-5.824814394815964
3,1104.0,-0.14672026208559932,0.09642506845021949,-5.824422016116719
3,1105.0,-0.14671730498409036,0.09644072591955163,-5.824030638177708
3,1106.0,-0.14671435544394162,0.0964563430233511,-5.823640260998921
3,1107.0,-0.14671141346515315,0.09647191976161787,-5.823250884580373
3,1108.0,-0.14670847904772494,0.09648745613435196,-5.822862508922054
3,1109.0,-0.14670555219165698,0.09650295214155337,-5.822475134023967
3,1110.0,-0.14670263289694926,0.09651840778322208,-5.822088759886114
3,1111.0,-0.1466997211636018,0.09653382305935812,-5.82170338650849
3,1112.0,-0.14669681699161458,0.09654919796996146,-5.821319013891095
3,1113.0,-0.1466939203809876,0.09656453251503212,-5.820935642033933
3,1114.0,-0.1466910313317209,0.0965798266945701,-5.820553270937005
3,1115.0,-0.14668814984381442,0.09659508050857539,-5.820171900600306
3,1116.0,-0.1466852759172682,0.096610293957048,-5.81979153102384
3,1117.0,-0.14668240955208225,0.09662546703998791,-5.819412162207607
3,1118.0,-0.14667955074825653,0.09664059975739514,-5.8190337941516015
3,1119.0,-0.14667669950579107,0.09665569210926969,-5.8186564268558305
3,1120.0,-0.14667385650515455,0.09667074050438444,-5.818280150381599
3,1121.0,-0.1466710209015292,0.09668574946089166,-5.817904852915693
3,1122.0,-0.146668192353645,0.09670072078971677,-5.817530489290378
3,1123.0,-0.14666537086150203,0.09671565449085981,-5.817157059505668
3,1124.0,-0.14666255642510023,0.09673055056432074,-5.816784563561555
3,1125.0,-0.1466597490444396,0.0967454090100996,-5.816413001458038
3,1126.0,-0.14665694871952015,0.09676022982819638,-5.81604237319512
3,1127.0,-0.14665415545034188,0.09677501301861105,-5.815672678772802
3,1128.0,-0.1466513692369048,0.09678975858134364,-5.81530391819108
3,1129.0,-0.1466485900792089,0.09680446651639414,-5.814936091449957
3,1130.0,-0.14664581797725418,0.09681913682376256,-5.814569198549428
3,1131.0,-0.14664305293104066,0.09683376950344888,-5.814203239489506
3,1132.0,-0.1466402949405683,0.09684836455545312,-5.813838214270173
3,1133.0,-0.14663754400583714,0.09686292197977528,-5.8134741228914475
3,1134.0,-0.14663480012684715,0.09687744177641534,-5.813110965353314
3,1135.0,-0.14663206330359835,0.09689192394537331,-5.81274874165578
3,1136.0,-0.1466293335360907,0.0969063684866492,-5.812387451798841
3,1137.0,-0.14662661082432427,0.09692077540024299,-5.812027095782503
3,1138.0,-0.146623895168299,0.0969351446861547,-5.811667673606762
3,1139.0,-0.14662118656801493,0.09694947634438433,-5.811309185271623
3,1140.0,-0.14661848502347202,0.09696377037493187,-5.810951630777079
3,1141.0,-0.1466157905346703,0.09697802677779732,-5.810595010123134
3,1142.0,-0.14661310310160977,0.09699224555298068,-5.810239323309786
3,1143.0,-0.14661042272429042,0.09700642670048194,-5.809884570337037
3,1144.0,-0.14660774940271223,0.09702057022030112,-5.8095307512048855
3,1145.0,-0.14660508313687526,0.09703467611243823,-5.809177865913334
3,1146.0,-0.14660242468228984,0.09704874039505498,-5.808826014455599
3,1147.0,-0.1465997729799299,0.09706276870915397,-5.808475056667586
3,1148.0,-0.14659712785323273,0.09707676199031093,-5.808124969180894
3,1149.0,-0.14659448930219832,0.09709072023852588,-5.807775751995519
3,1150.0,-0.1465918573268267,0.09710464345379882,-5.8074274051114685
3,1151.0,-0.14658923192711787,0.09711853163612974,-5.8070799285287364
3,1152.0,-0.14658661310307178,0.09713238478551865,-5.806733322247317
3,1153.0,-0.1465840008546885,0.09714620290196554,-5.806387586267225
3,1154.0,-0.14658139518196797,0.09715998598547043,-5.806042720588445
3,1155.0,-0.14657879608491023,0.0971737340360333,-5.805698725210988
3,1156.0,-0.14657620356351528,0.09718744705365416,-5.805355600134853
3,1157.0,-0.1465736176177831,0.097201125038333,-5.805013345360037
3,1158.0,-0.14657103824771367,0.09721476799006983,-5.804671960886537
3,1159.0,-0.14656846545330704,0.09722837590886464,-5.804331446714358
3,1160.0,-0.1465658992345632,0.09724194879471745,-5.803991802843503
3,1161.0,-0.1465633395914821,0.09725548664762823,-5.80365302927396
3,1162.0,-0.14656078652406382,0.097268989467597,-5.803315126005744
3,1163.0,-0.14655824003230827,0.09728245725462377,-5.80297809303884
3,1164.0,-0.14655570011621555,0.09729589000870852,-5.802641930373263
3,1165.0,-0.14655316677578556,0.09730928772985124,-5.802306638008998
3,1166.0,-0.14655064001101836,0.09732265041805196,-5.801972215946058
3,1167.0,-0.14654811982191396,0.09733597807331067,-5.801638664184437
3,1168.0,-0.14654560620847232,0.09734927069562736,-5.801305982724137
3,1169.0,-0.14654309917069344,0.09736252828500204,-5.80097417156515
3,1170.0,-0.14654059870857736,0.09737575084143471,-5.800643230707489
3,1171.0,-0.14653810482212404,0.09738893836492536,-5.800313160151144
3,1172.0,-0.14653561785749986,0.0974020890267912,-5.799984005711885
3,1173.0,-0.1465331377987868,0.09741520294576038,-5.799655765282935
3,1174.0,-0.1465306638602436,0.09742828428925879,-5.799328334869966
3,1175.0,-0.14652819604187026,0.09744133305728644,-5.799001714472968
3,1176.0,-0.14652573434366678,0.09745434924984334,-5.798675904091947
3,1177.0,-0.14652327876563315,0.09746733286692948,-5.798350903726904
3,1178.0,-0.14652082930776938,0.09748028390854485,-5.798026713377835
3,1179.0,-0.1465183859700755,0.09749320237468947,-5.797703333044747
3,1180.0,-0.14651594875255144,0.09750608826536333,-5.79738076272763
3,1181.0,-0.14651351765519727,0.09751894158056644,-5.797059002426492
3,1182.0,-0.14651109267801293,0.09753176232029878,-5.796738052141331
3,1183.0,-0.14650867382099847,0.09754455048456037,-5.796417911872147
3,1184.0,-0.14650626108415385,0.0975573060733512,-5.796098581618934
3,1185.0,-0.1465038544674791,0.09757002908667126,-5.795780061381702
3,1186.0,-0.14650145397097422,0.09758271952452056,-5.795462351160445
3,1187.0,-0.14649905959463919,0.09759537738689912,-5.795145450955164
3,1188.0,-0.14649667133847402,0.09760800267380691,-5.794829360765861
3,1189.0,-0.1464942892024787,0.09762059538524395,-5.79451408059253
3,1190.0,-0.14649191318665325,0.09763315552121023,-5.7941996104351805
3,1191.0,-0.14648954329099764,0.09764568308170574,-5.793885950293803
3,1192.0,-0.1464871795155119,0.0976581780667305,-5.793573100168406
3,1193.0,-0.14648482186019604,0.09767064047628449,-5.793261060058985
3,1194.0,-0.14648247032505002,0.09768307031036773,-5.792949829965539
3,1195.0,-0.14648012491007387,0.09769546756898022,-5.792639409888066
3,1196.0,-0.14647778561526756,0.09770783225212193,-5.792329799826573
3,1197.0,-0.14647545244063112,0.0977201643597929,-5.792020999781058
3,1198.0,-0.14647312538616453,0.09773246389199311,-5.791713009751512
3,1199.0,-0.14647080466223894,0.09774472973739892,-5.791405857580965
3,1200.0,-0.14646849057195138,0.09775696032189798,-5.791099583384867
3,1201.0,-0.14646618217000373,0.09776916065673637,-5.790794062051242
3,1202.0,-0.14646387945639605,0.09778133074191406,-5.790489293580095
3,1203.0,-0.1464615824311283,0.09779347057743108,-5.790185277971424
3,1204.0,-0.14645929109420047,0.09780558016328741,-5.789882015225223
3,1205.0,-0.14645700544561258,0.09781765949948307,-5.789579505341498
3,1206.0,-0.14645472548536462,0.09782970858601804,-5.789277748320251
3,1207.0,-0.1464524512134566,0.09784172742289232,-5.788976744161476
3,1208.0,-0.14645018262988851,0.09785371601010592,-5.788676492865177
3,1209.0,-0.14644791973466037,0.09786567434765885,-5.788376994431354
3,1210.0,-0.14644566252777214,0.09787760243555109,-5.788078248859999
3,1211.0,-0.14644341100922384,0.09788950027378265,-5.787780256151122
3,1212.0,-0.14644116517901548,0.09790136786235352,-5.787483016304722
3,1213.0,-0.14643892503714706,0.09791320520126373,-5.787186529320793
3,1214.0,-0.14643669058361858,0.09792501229051324,-5.7868907951993425
3,1215.0,-0.14643446181843003,0.09793678913010206,-5.786595813940364
3,1216.0,-0.1464322387415814,0.09794853572003022,-5.786301585543858
3,1217.0,-0.1464300213530727,0.09796025206029768,-5.786008110009829
3,1218.0,-0.14642780965290395,0.09797193815090446,-5.785715387338273
3,1219.0,-0.14642560364107512,0.09798359399185057,-5.785423417529194
3,1220.0,-0.14642340331758624,0.09799521958313599,-5.785132200582589
3,1221.0,-0.1464212086824373,0.09800681492476072,-5.784841736498458
3,1222.0,-0.14641901973562826,0.09801838001672479,-5.784552025276803
3,1223.0,-0.14641683647715917,0.09802991485902816,-5.784263066917619
3,1224.0,-0.14641465890703,0.09804141945167086,-5.783974861420912
3,1225.0,-0.1464124870252408,0.09805289379465286,-5.783687408786678
3,1226.0,-0.1464103208317915,0.0980643378879742,-5.783400709014921
3,1227.0,-0.1464081606965206,0.09807574978063092,-5.7831148110544515
3,1228.0,-0.14640600651038266,0.09808713007707665,-5.782829700472902
3,1229.0,-0.1464038576035266,0.09809848232339474,-5.782545288614226
3,1230.0,-0.14640171397595245,0.09810980651958519,-5.782261575478428
3,1231.0,-0.14639957562766018,0.098121102665648,-5.781978561065502
3,1232.0,-0.14639744255864984,0.09813237076158317,-5.781696245375457
3,1233.0,-0.1463953147689214,0.0981436108073907,-5.781414628408286
3,1234.0,-0.14639319225847486,0.09815482280307058,-5.781133710163993
3,1235.0,-0.14639107502731022,0.09816600674862284,-5.7808534906425715
3,1236.0,-0.14638896307542748,0.09817716264404745,-5.7805739698440295
3,1237.0,-0.14638685640282664,0.09818829048934441,-5.780295147768359
3,1238.0,-0.1463847550095077,0.09819939028451374,-5.780017024415568
3,1239.0,-0.1463826588954707,0.09821046202955543,-5.779739599785653
3,1240.0,-0.14638056806071556,0.09822150572446947,-5.779462873878611
3,1241.0,-0.14637848250524232,0.09823252136925588,-5.779186846694447
3,1242.0,-0.14637640222905102,0.09824350896391464,-5.778911518233159
3,1243.0,-0.14637432723214158,0.09825446850844577,-5.778636888494744
3,1244.0,-0.14637225751451408,0.09826540000284925,-5.778362957479209
3,1245.0,-0.14637019307616847,0.0982763034471251,-5.77808972518655
3,1246.0,-0.14636813391710476,0.09828717884127329,-5.777817191616763
3,1247.0,-0.14636608003732296,0.09829802618529386,-5.777545356769856
3,1248.0,-0.14636403143682306,0.09830884547918678,-5.777274220645822
3,1249.0,-0.14636198811560505,0.09831963672295206,-5.7770037832446635
3,1250.0,-0.14635995007366895,0.09833039991658969,-5.776734044566384
3,1251.0,-0.14635791731101475,0.0983411350600997,-5.7764650046109765
3,1252.0,-0.14635588982764244,0.09835184215348206,-5.776196663378445
3,1253.0,-0.14635386762355207,0.09836252119673677,-5.775929020868795
3,1254.0,-0.14635185069874357,0.09837317218986386,-5.775662077082015
3,1255.0,-0.14634983905321697,0.09838379513286329,-5.775395832018108
3,1256.0,-0.14634783339732055,0.09839438628850267,-5.775130379693009
3,1257.0,-0.1463458327400038,0.09840495091018418,-5.774865588939317
3,1258.0,-0.14634383697482176,0.09841548956016531,-5.7746014456688455
3,1259.0,-0.14634184610177448,0.09842600223844604,-5.774337949881595
3,1260.0,-0.14633986012086192,0.09843648894502637,-5.774075101577565
3,1261.0,-0.14633787903208412,0.0984469496799063,-5.7738129007567585
3,1262.0,-0.14633590283544104,0.09845738444308585,-5.773551347419172
3,1263.0,-0.14633393153093271,0.098467793234565,-5.773290441564806
3,1264.0,-0.1463319651185591,0.09847817605434375,-5.773030183193661
3,1265.0,-0.14633000359832024,0.09848853290242211,-5.77277057230574
3,1266.0,-0.14632804697021612,0.09849886377880007,-5.77251160890104
3,1267.0,-0.14632609523424672,0.09850916868347763,-5.77225329297956
3,1268.0,-0.14632414839041208,0.0985194476164548,-5.771995624541301
3,1269.0,-0.14632220643871216,0.09852970057773158,-5.771738603586263
3,1270.0,-0.146320269379147,0.09853992756730796,-5.771482230114451
3,1271.0,-0.14631833721171655,0.09855012858518394,-5.771226504125856
3,1272.0,-0.14631640993642087,0.09856030363135954,-5.770971425620486
3,1273.0,-0.1463144875532599,0.09857045270583473,-5.770716994598334
3,1274.0,-0.14631257006223367,0.09858057580860953,-5.770463211059403
3,1275.0,-0.14631065746334218,0.09859067293968393,-5.770210075003693
3,1276.0,-0.14630874975658545,0.09860074409905793,-5.769957586431209
3,1277.0,-0.14630684694196341,0.09861078928673155,-5.769705745341939
3,1278.0,-0.14630494901947616,0.09862080850270476,-5.7694545517358975
3,1279.0,-0.14630305598912363,0.09863080174697758,-5.769204005613077
3,1280.0,-0.14630116785090583,0.09864076901955002,-5.768954106973474
3,1281.0,-0.14629928460482275,0.09865071032042204,-5.7687048558170915
3,1282.0,-0.14629740625087445,0.09866062564959367,-5.768456252143937
3,1283.0,-0.14629553278906085,0.09867051500706492,-5.768208295953998
3,1284.0,-0.146293664219382,0.09868037839283576,-5.767960987247283
3,1285.0,-0.14629180107508988,0.09869021299934357,-5.76771439660069
3,1286.0,-0.14628994280617658,0.09870002175122311,-5.767468451219641
3,1287.0,-0.14628808906332955,0.09870980649369196,-5.767223104871964
3,1288.0,-0.1462862398465488,0.09871956722675009,-5.7669783575576625
3,1289.0,-0.14628439515583425,0.09872930395039752,-5.7667342092767235
3,1290.0,-0.14628255499118595,0.09873901666463424,-5.766490660029155
3,1291.0,-0.14628071935260392,0.09874870536946025,-5.766247709814957
3,1292.0,-0.14627888824008814,0.09875837006487555,-5.7660053586341276
3,1293.0,-0.14627706165363857,0.09876801075088015,-5.765763606486663
3,1294.0,-0.14627523959325528,0.09877762742747405,-5.765522453372571
3,1295.0,-0.14627342205893826,0.09878722009465722,-5.7652818992918515
3,1296.0,-0.14627160905068745,0.0987967887524297,-5.765041944244499
3,1297.0,-0.1462698005685029,0.09880633340079148,-5.764802588230514
3,1298.0,-0.1462679966123846,0.09881585403974254,-5.7645638312499
3,1299.0,-0.14626619718233252,0.0988253506692829,-5.764325673302653
3,1300.0,-0.14626440227834672,0.09883482328941255,-5.764088114388777
3,1301.0,-0.14626261190042716,0.09884427190013148,-5.763851154508271
3,1302.0,-0.14626082604857385,0.09885369650143973,-5.763614793661133
3,1303.0,-0.1462590447227868,0.09886309709333725,-5.763379031847365
3,1304.0,-0.14625726792306598,0.09887247367582408,-5.763143869066965
3,1305.0,-0.14625549564941143,0.09888182624890018,-5.762909305319939
3,1306.0,-0.1462537279018231,0.0988911548125656,-5.762675340606273
3,1307.0,-0.14625196468030102,0.09890045936682029,-5.76244197492598
3,1308.0,-0.1462502059848452,0.09890973991166428,-5.762209208279059
3,1309.0,-0.14624845181545562,0.09891899644709758,-5.761977040665505
3,1310.0,-0.14624670217213231,0.09892822897312016,-5.761745472085325
3,1311.0,-0.14624495705487522,0.09893743748973202,-5.761514502538509
3,1312.0,-0.14624321646368438,0.09894662199693319,-5.761284132025059
3,1313.0,-0.1462414803985598,0.09895578249472366,-5.761054360544982
3,1314.0,-0.14623974885950147,0.0989649189831034,-5.760825188098276
3,1315.0,-0.146238022361623,0.09897402875097154,-5.760596682861195
3,1316.0,-0.1462363003856766,0.09898311455669824,-5.760368776110311
3,1317.0,-0.14623458259000188,0.09899217820394186,-5.7601414226262415
3,1318.0,-0.14623286897459895,0.09900121969270241,-5.75991462240899
3,1319.0,-0.14623115953946778,0.09901023902297988,-5.759688375458562
3,1320.0,-0.14622945428460832,0.09901923619477429,-5.759462681774943
3,1321.0,-0.14622775321002063,0.09902821120808562,-5.75923754135815
3,1322.0,-0.14622605631570468,0.0990371640629139,-5.759012954208168
3,1323.0,-0.14622436360166047,0.09904609475925907,-5.758788920325004
3,1324.0,-0.14622267506788802,0.0990550032971212,-5.7585654397086605
3,1325.0,-0.14622099071438732,0.09906388967650025,-5.758342512359136
3,1326.0,-0.14621931054115836,0.09907275389739623,-5.758120138276425
3,1327.0,-0.14621763454820116,0.09908159595980913,-5.757898317460535
3,1328.0,-0.14621596273551568,0.09909041586373896,-5.757677049911459
3,1329.0,-0.146214295103102,0.09909921360918572,-5.757456335629205
3,1330.0,-0.14621263165096002,0.09910798919614941,-5.757236174613767
3,1331.0,-0.14621097237908978,0.09911674262463004,-5.757016566865142
3,1332.0,-0.1462093172874913,0.09912547389462757,-5.75679751238334
3,1333.0,-0.14620766637616459,0.09913418300614206,-5.756579011168351
3,1334.0,-0.14620601964510963,0.09914286995917346,-5.7563610632201865
3,1335.0,-0.1462043770943264,0.09915153475372179,-5.756143668538836
3,1336.0,-0.14620273872381492,0.09916017738978705,-5.7559268271243
3,1337.0,-0.14620110453357518,0.09916879786736923,-5.755710538976584
3,1338.0,-0.14619947452360718,0.09917739618646836,-5.755494804095684
3,1339.0,-0.14619784869391095,0.0991859723470844,-5.755279622481603
3,1340.0,-0.14619622704448645,0.09919452634921738,-5.755064994134339
3,1341.0,-0.14619460957533373,0.09920305819286727,-5.7548509190538955
3,1342.0,-0.14619299628645271,0.09921156787803412,-5.754637397240267
3,1343.0,-0.14619138717784347,0.09922005540471787,-5.754424428693456
3,1344.0,-0.146189782249506,0.09922852077291856,-5.754212013413465
3,1345.0,-0.14618818150144022,0.09923696398263618,-5.7540001514002865
3,1346.0,-0.1461865855594143,0.0992453817438161,-5.753788925475511
3,1347.0,-0.14618499361078152,0.09925377835544327,-5.753578228083819
3,1348.0,-0.1461834055161216,0.09926215455274527,-5.753368040772672
3,1349.0,-0.1461818212754345,0.0992705103357221,-5.753158363542064
3,1350.0,-0.14618024088872023,0.09927884570437373,-5.752949196392002
3,1351.0,-0.1461786643559788,0.0992871606587002,-5.752740539322484
3,1352.0,-0.14617709167721016,0.09929545519870149,-5.752532392333505
3,1353.0,-0.14617552285241436,0.0993037293243776,-5.75232475542507
3,1354.0,-0.14617395788159143,0.09931198303572854,-5.752117628597184
3,1355.0,-0.1461723967647413,0.0993202163327543,-5.751911011849834
3,1356.0,-0.146170839501864,0.09932842921545489,-5.751704905183025
3,1357.0,-0.14616928609295954,0.0993366216838303,-5.751499308596767
3,1358.0,-0.1461677365380279,0.09934479373788052,-5.751294222091044
3,1359.0,-0.14616619083706908,0.09935294537760558,-5.7510896456658696
3,1360.0,-0.1461646489900831,0.09936107660300546,-5.750885579321233
3,1361.0,-0.14616311099706997,0.09936918741408016,-5.750682023057144
3,1362.0,-0.14616157685802963,0.09937727781082968,-5.750478976873595
3,1363.0,-0.14616004657296217,0.09938534779325403,-5.750276440770592
3,1364.0,-0.1461585201418675,0.0993933973613532,-5.750074414748128
3,1365.0,-0.14615699756474565,0.0994014265151272,-5.749872898806206
3,1366.0,-0.14615547884159666,0.09940943525457603,-5.749671892944831
3,1367.0,-0.1461539639724205,0.09941742357969967,-5.749471397164001
3,1368.0,-0.14615245295721715,0.09942539149049813,-5.749271411463707
3,1369.0,-0.14615094579598664,0.09943333898697143,-5.7490719358439595
3,1370.0,-0.14614944248872896,0.09944126606911954,-5.748872970304755
3,1371.0,-0.1461479430354441,0.09944917273694248,-5.748674514846093
3,1372.0,-0.1461464474361321,0.09945705899044024,-5.748476569467975
3,1373.0,-0.1461449556907929,0.09946492482961283,-5.7482791341703985
3,1374.0,-0.14614346779942652,0.09947277025446023,-5.748082208953363
3,1375.0,-0.146141983762033,0.09948059526498247,-5.747885793816874
3,1376.0,-0.14614050357861227,0.09948839986117952,-5.747689888760924
3,1377.0,-0.1461390274197705,0.09949618314462075,-5.747494516365559
3,1378.0,-0.14613755557497038,0.09950394360436983,-5.747299714941707
3,1379.0,-0.14613608727658642,0.09951168529160027,-5.747105382892696
3,1380.0,-0.1461346225246186,0.0995194082063121,-5.74691152021852
3,1381.0,-0.14613316131906692,0.09952711234850528,-5.746718126919186
3,1382.0,-0.14613170365993144,0.09953479771817984,-5.746525202994693
3,1383.0,-0.1461302495472121,0.09954246431533578,-5.746332748445039
3,1384.0,-0.1461287989809089,0.09955011213997307,-5.746140763270225
3,1385.0,-0.1461273519610219,0.09955774119209175,-5.745949247470253
3,1386.0,-0.146125908487551,0.09956535147169178,-5.745758201045113
3,1387.0,-0.1461244685604963,0.09957294297877319,-5.745567623994818
3,1388.0,-0.14612303217985773,0.09958051571333597,-5.745377516319363
3,1389.0,-0.14612159934563534,0.09958806967538011,-5.745187878018747
3,1390.0,-0.1461201700578291,0.09959560486490564,-5.744998709092971
3,1391.0,-0.146118744316439,0.09960312128191252,-5.744810009542032
3,1392.0,-0.14611732212146508,0.09961061892640077,-5.744621779365934
3,1393.0,-0.14611590347290732,0.0996180977983704,-5.744434018564679
3,1394.0,-0.1461144883707657,0.0996255578978214,-5.744246727138259
3,1395.0,-0.14611307681504024,0.09963299922475376,-5.74405990508668
3,1396.0,-0.14611166880573095,0.0996404217791675,-5.743873552409943
3,1397.0,-0.1461102643428378,0.09964782556106261,-5.743687669108041
3,1398.0,-0.1461088634263608,0.09965521057043908,-5.743502255180982
3,1399.0,-0.14610746605629998,0.09966257680729693,-5.743317310628761
3,1400.0,-0.14610607223265532,0.09966992427163614,-5.743132835451381
3,1401.0,-0.1461046819554268,0.09967725296345671,-5.742948829648842
3,1402.0,-0.14610329522461446,0.09968456288275868,-5.742765293221142
3,1403.0,-0.14610191204021825,0.09969185402954199,-5.7425822261682775
3,1404.0,-0.14610053240223822,0.09969912640380668,-5.742399628490256
3,1405.0,-0.14609915631067433,0.09970638000555275,-5.742217500187073
3,1406.0,-0.1460977837655266,0.09971361483478018,-5.74203584125873
3,1407.0,-0.14609641476679505,0.09972083089148898,-5.741854651705229
3,1408.0,-0.1460950493144796,0.09972802817567915,-5.741673931526563
3,1409.0,-0.14609368740858036,0.09973520668735068,-5.741493680722739
3,1410.0,-0.14609232955020765,0.09974236379199365,-5.741313965616656
3,1411.0,-0.14609097521049563,0.0997495022882604,-5.741134716211923
3,1412.0,-0.14608962412765586,0.09975662355571735,-5.740955897860349
3,1413.0,-0.14608827630168836,0.09976372759436448,-5.74077751056194
3,1414.0,-0.1460869317325931,0.0997708144042018,-5.740599554316688
3,1415.0,-0.1460855904203701,0.09977788398522928,-5.740422029124595
3,1416.0,-0.14608425236501935,0.09978493633744696,-5.7402449349856655
3,1417.0,-0.14608291756654085,0.09979197146085482,-5.7400682718998945
3,1418.0,-0.1460815860249346,0.09979898935545287,-5.739892039867283
3,1419.0,-0.14608025774020061,0.0998059900212411,-5.739716238887834
3,1420.0,-0.14607893271233888,0.0998129734582195,-5.7395408689615435
3,1421.0,-0.1460776109413494,0.09981993966638811,-5.739365930088414
3,1422.0,-0.1460762924272322,0.09982688864574689,-5.739191422268445
3,1423.0,-0.1460749771699872,0.09983382039629585,-5.739017345501633
3,1424.0,-0.1460736651696145,0.099840734918035,-5.738843699787988
3,1425.0,-0.14607235642611405,0.09984763221096432,-5.738670485127498
3,1426.0,-0.14607105093948583,0.09985451227508384,-5.738497701520166
3,1427.0,-0.14606974870972989,0.09986137511039353,-5.738325348965998
3,1428.0,-0.14606844973684618,0.09986822071689341,-5.738153427464989
3,1429.0,-0.14606715402083476,0.09987504909458347,-5.737981937017145
3,1430.0,-0.14606586156169557,0.09988186024346371,-5.737810877622457
3,1431.0,-0.14606457235942863,0.09988865416353415,-5.737640249280926
3,1432.0,-0.14606328641403396,0.09989543085479476,-5.7374700519925605
3,1433.0,-0.14606200372551154,0.09990219031724555,-5.737300285757355
3,1434.0,-0.14606072429386135,0.09990893255088654,-5.737130950575305
3,1435.0,-0.14605944811908345,0.0999156575557177,-5.736962046446422
3,1436.0,-0.14605817520117778,0.09992236533173905,-5.736793573370694
3,1437.0,-0.1460569055401444,0.09992905587895058,-5.73662553134813
3,1438.0,-0.1460556391359832,0.09993572919735229,-5.73645792037872
3,1439.0,-0.14605437598869433,0.09994238528694419,-5.736290740462478
3,1440.0,-0.14605311609827767,0.09994902414772627,-5.736123991599391
3,1441.0,-0.14605185946473329,0.09995564577969854,-5.735957673789467
3,1442.0,-0.14605060608806117,0.09996225018286098,-5.735791787032702
3,1443.0,-0.14604935616934156,0.09996883629925656,-5.735626357942449
3,1444.0,-0.1460481098893977,0.09997540318850212,-5.735461410451
3,1445.0,-0.14604686659408822,0.09998195429864647,-5.735296857981518
3,1446.0,-0.14604562628341308,0.09998848962968959,-5.735132700533997
3,1447.0,-0.1460443889573723,0.09999500918163148,-5.734968938108439
3,1448.0,-0.14604315461596584,0.10000151295447215,-5.734805570704843
3,1449.0,-0.14604192325919377,0.10000800094821162,-5.734642598323208
3,1450.0,-0.14604069488705607,0.10001447316284984,-5.734480020963543
3,1451.0,-0.14603946949955268,0.10002092959838685,-5.734317838625833
3,1452.0,-0.14603824709668367,0.10002737025482264,-5.734156051310089
3,1453.0,-0.14603702767844903,0.1000337951321572,-5.733994659016309
3,1454.0,-0.1460358112448487,0.10004020423039053,-5.733833661744491
3,1455.0,-0.14603459779588276,0.10004659754952265,-5.733673059494633
3,1456.0,-0.1460333873315512,0.10005297508955355,-5.7335128522667445
3,1457.0,-0.14603217985185396,0.10005933685048321,-5.733353040060816
3,1458.0,-0.14603097535679108,0.10006568283231167,-5.733193622876849
3,1459.0,-0.14602977384636254,0.10007201303503889,-5.733034600714847
3,1460.0,-0.14602857532056837,0.10007832745866489,-5.7328759735748065
3,1461.0,-0.14602737977940855,0.10008462610318966,-5.732717741456725
3,1462.0,-0.1460261872228831,0.10009090896861322,-5.732559904360615
3,1463.0,-0.146024997650992,0.10009717605493555,-5.732402462286463
3,1464.0,-0.14602381106373524,0.10010342736215666,-5.732245415234273
3,1465.0,-0.14602262746111286,0.10010966289027655,-5.732088763204047
3,1466.0,-0.14602144684312482,0.10011588263929522,-5.731932506195783
3,1467.0,-0.14602026920977113,0.10012208660921267,-5.731776644209483
3,1468.0,-0.1460190945610518,0.10012827480002888,-5.731621177245148
3,1469.0,-0.14601792289696683,0.10013444721174387,-5.731466105302773
3,1470.0,-0.14601675421751623,0.10014060384435765,-5.731311428382363
3,1471.0,-0.14601558852269994,0.1001467446978702,-5.731157146483912
3,1472.0,-0.14601442581251803,0.10015286977228152,-5.731003259607426
3,1473.0,-0.1460132660869705,0.10015897906759164,-5.730849767752906
3,1474.0,-0.1460121093460573,0.10016507258380052,-5.730696670920348
3,1475.0,-0.14601095558977845,0.10017115032090818,-5.730543969109748
3,1476.0,-0.14600980481813397,0.10017721227891462,-5.730391662321116
3,1477.0,-0.14600865703112384,0.10018325845781982,-5.730239750554447
3,1478.0,-0.1460075127962999,0.10018928587650575,-5.730088308926291
3,1479.0,-0.14600637139206968,0.10019529834110215,-5.729937241932529
3,1480.0,-0.14600523271685664,0.10020129638625594,-5.72978653612932
3,1481.0,-0.14600409677066084,0.10020728001196712,-5.729636191516667
3,1482.0,-0.14600296355348222,0.10021324921823567,-5.729486208094562
3,1483.0,-0.1460018330653208,0.10021920400506161,-5.729336585863012
3,1484.0,-0.1460007053061766,0.10022514437244492,-5.729187324822013
3,1485.0,-0.14599958027604956,0.10023107032038563,-5.729038424971566
3,1486.0,-0.14599845797493977,0.10023698184888372,-5.7288898863116735
3,1487.0,-0.14599733840284715,0.10024287895793918,-5.728741708842333
3,1488.0,-0.14599622155977174,0.10024876164755203,-5.728593892563544
3,1489.0,-0.1459951074457135,0.10025462991772226,-5.728446437475304
3,1490.0,-0.1459939960606725,0.10026048376844987,-5.728299343577621
3,1491.0,-0.1459928874046487,0.10026632319973487,-5.728152610870491
3,1492.0,-0.14599178147764208,0.10027214821157725,-5.728006239353911
3,1493.0,-0.14599067827965267,0.10027795880397701,-5.727860229027885
3,1494.0,-0.14598957781068045,0.10028375497693415,-5.7277145798924085
3,1495.0,-0.14598848007072546,0.10028953673044867,-5.7275692919474865
3,1496.0,-0.14598738505978764,0.10029530406452059,-5.727424365193117
3,1497.0,-0.145986292777867,0.10030105697914987,-5.727279799629295
3,1498.0,-0.1459852032249636,0.10030679547433653,-5.727135595256033
3,1499.0,-0.1459841164010774,0.1003125195500806,-5.7269917520733165
3,1500.0,-0.1459830323062084,0.10031822920638202,-5.72684827008116
3,1501.0,-0.1459819509403566,0.10032392444324084,-5.726705149279552
3,1502.0,-0.14598087230352197,0.10032960526065704,-5.726562389668493
3,1503.0,-0.14597979639570458,0.10033527165863063,-5.726419991247992
3,1504.0,-0.14597872321690436,0.10034092363716159,-5.726277954018039
3,1505.0,-0.14597765276712135,0.10034656119624993,-5.726136277978641
3,1506.0,-0.14597658504635555,0.10035218433589566,-5.725994963129796
3,1507.0,-0.14597552005460696,0.10035779305609877,-5.725854009471501
3,1508.0,-0.14597445779187554,0.10036338735685926,-5.725713417003759
3,1509.0,-0.14597339825816133,0.10036896723817713,-5.725573185726571
3,1510.0,-0.14597234145346433,0.1003745327000524,-5.725433315639933
3,1511.0,-0.14597128737778453,0.10038008374248503,-5.72529380674385
3,1512.0,-0.1459702360311219,0.10038562036547505,-5.725154659038316
3,1513.0,-0.14596918772482378,0.10039114093252548,-5.725015913730732
3,1514.0,-0.1459681423430183,0.10039664606267178,-5.724877555485246
3,1515.0,-0.1459670994505688,0.10040213804679497,-5.724739526710696
3,1516.0,-0.14596605904747526,0.10040761688489509,-5.724601827407082
3,1517.0,-0.14596502113373766,0.10041308257697211,-5.724464457574408
3,1518.0,-0.14596398570935606,0.10041853512302605,-5.724327417212675
3,1519.0,-0.14596295277433044,0.10042397452305689,-5.724190706321876
3,1520.0,-0.1459619223286608,0.10042940077706464,-5.72405432490202
3,1521.0,-0.14596089437234713,0.10043481388504931,-5.723918272953106
3,1522.0,-0.14595986890538942,0.10044021384701088,-5.723782550475126
3,1523.0,-0.14595884592778768,0.10044560066294936,-5.723647157468085
3,1524.0,-0.14595782543954192,0.10045097433286475,-5.723512093931981
3,1525.0,-0.14595680744065215,0.10045633485675706,-5.72337735986682
3,1526.0,-0.14595579193111832,0.10046168223462627,-5.723242955272595
3,1527.0,-0.14595477891094047,0.1004670164664724,-5.723108880149308
3,1528.0,-0.14595376838011861,0.10047233755229543,-5.722975134496964
3,1529.0,-0.14595276033865273,0.10047764549209537,-5.722841718315555
3,1530.0,-0.1459517547865428,0.10048294028587222,-5.722708631605086
3,1531.0,-0.14595075172378885,0.10048822193362598,-5.722575874365556
3,1532.0,-0.14594975115039088,0.10049349043535666,-5.722443446596966
3,1533.0,-0.14594875306634889,0.10049874579106424,-5.722311348299314
3,1534.0,-0.14594775747166286,0.10050398800074874,-5.722179579472599
3,1535.0,-0.14594676436633278,0.10050921706441014,-5.722048140116821
3,1536.0,-0.14594577375035872,0.10051443298204846,-5.721917030231987
3,1537.0,-0.1459447856237406,0.10051963575366368,-5.72178624981809
3,1538.0,-0.14594379998647847,0.10052482537925582,-5.72165579887513
3,1539.0,-0.1459428168385723,0.10053000185882485,-5.721525677403112
3,1540.0,-0.1459418361800221,0.10053516519237081,-5.721395885402028
3,1541.0,-0.1459408580108279,0.10054031537989368,-5.721266422871887
3,1542.0,-0.14593988233098965,0.10054545242139346,-5.721137289812683
3,1543.0,-0.14593890914050736,0.10055057631687013,-5.721008486224415
3,1544.0,-0.14593793843938108,0.10055568706632373,-5.7208800121070915
3,1545.0,-0.14593697022761074,0.10056078466975424,-5.720751867460701
3,1546.0,-0.1459360045051964,0.10056586912716164,-5.720624052285254
3,1547.0,-0.14593504127213802,0.10057094043854597,-5.720496566580745
3,1548.0,-0.14593408052843562,0.1005759986039072,-5.720369410347176
3,1549.0,-0.14593312227408917,0.10058104362324535,-5.72024258358454
3,1550.0,-0.14593216709247586,0.10058607243394711,-5.720116163503907
3,1551.0,-0.14593121419557503,0.10059108918584579,-5.719990045809264
3,1552.0,-0.14593026356367936,0.10059609398258157,-5.719864227892309
3,1553.0,-0.14592931519678887,0.10060108682415445,-5.71973870975304
3,1554.0,-0.14592836909490353,0.10060606771056445,-5.719613491391461
3,1555.0,-0.14592742525802338,0.10061103664181155,-5.71948857280757
3,1556.0,-0.14592648368614838,0.10061599361789575,-5.719363954001368
3,1557.0,-0.14592554437927857,0.10062093863881708,-5.719239634972855
3,1558.0,-0.14592460733741391,0.1006258717045755,-5.719115615722027
3,1559.0,-0.14592367256055444,0.10063079281517102,-5.718991896248893
3,1560.0,-0.14592274004870012,0.10063570197060367,-5.718868476553443
3,1561.0,-0.145921809801851,0.10064059917087342,-5.718745356635684
3,1562.0,-0.14592088182000704,0.10064548441598027,-5.718622536495616
3,1563.0,-0.14591995610316824,0.10065035770592423,-5.718500016133234
3,1564.0,-0.14591903265133463,0.1006552190407053,-5.7183777955485455
3,1565.0,-0.14591811146450617,0.10066006842032349,-5.718255874741537
3,1566.0,-0.14591719254268287,0.10066490584477877,-5.718134253712221
3,1567.0,-0.14591627588586475,0.10066973131407117,-5.718012932460594
3,1568.0,-0.14591536149405182,0.10067454482820068,-5.7178919109866575
3,1569.0,-0.14591444936724404,0.10067934638716729,-5.717771189290406
3,1570.0,-0.14591353950544145,0.10068413599097101,-5.717650767371844
3,1571.0,-0.145912631908644,0.10068891363961183,-5.717530645230974
3,1572.0,-0.14591172657685175,0.10069367933308977,-5.71741082286779
3,1573.0,-0.14591082351006468,0.1006984330714048,-5.717291300282299
3,1574.0,-0.14590992270828276,0.10070317485455696,-5.7171720774744905
3,1575.0,-0.145909024171506,0.10070790468254621,-5.717053154444372
3,1576.0,-0.14590812789973442,0.10071262255537258,-5.716934531191943
3,1577.0,-0.145907233892968,0.10071732847303605,-5.7168162077172004
3,1578.0,-0.14590634215120676,0.10072202243553664,-5.716698184020149
3,1579.0,-0.1459054526744507,0.10072670444287432,-5.716580460100788
3,1580.0,-0.1459045654626998,0.10073137449504913,-5.716463035959112
3,1581.0,-0.1459036805159541,0.10073603259206103,-5.7163459115951305
3,1582.0,-0.14590279783421353,0.10074067873391004,-5.716229087008832
3,1583.0,-0.14590191741747816,0.10074531292059616,-5.716112562200224
3,1584.0,-0.14590103926574793,0.10074993515211939,-5.715996337169303
3,1585.0,-0.1459001633790229,0.10075454542847972,-5.715880411916073
3,1586.0,-0.145899289757303,0.10075914374967718,-5.715764786440529
3,1587.0,-0.14589841863023018,0.1007637289090386,-5.715649491136209
3,1588.0,-0.14589755004135954,0.10076830068457487,-5.715534531767717
3,1589.0,-0.1458966835078265,0.10077286161680517,-5.7154198444270135
3,1590.0,-0.14589581902963106,0.10077741170572953,-5.715305429114104
3,1591.0,-0.1458949566067732,0.10078195095134791,-5.715191285828984
3,1592.0,-0.14589409623925292,0.10078647935366035,-5.715077414571655
3,1593.0,-0.1458932379270702,0.10079099691266682,-5.71496381534211
3,1594.0,-0.1458923816702251,0.10079550362836735,-5.71485048814036
3,1595.0,-0.14589152746871759,0.10079999950076192,-5.714737432966399
3,1596.0,-0.14589067532254762,0.10080448452985052,-5.714624649820225
3,1597.0,-0.1458898252317153,0.10080895871563317,-5.714512138701846
3,1598.0,-0.14588897719622052,0.10081342205810986,-5.714399899611254
3,1599.0,-0.1458881312160633,0.1008178745572806,-5.714287932548451
3,1600.0,-0.1458872872912437,0.10082231621314537,-5.714176237513436
3,1601.0,-0.14588644542176168,0.1008267470257042,-5.714064814506215
3,1602.0,-0.14588560560761724,0.10083116699495706,-5.713953663526782
3,1603.0,-0.1458847678488104,0.10083557612090396,-5.7138427845751405
3,1604.0,-0.14588393214534112,0.10083997440354492,-5.713732177651287
3,1605.0,-0.14588309849720946,0.10084436184287991,-5.713621842755226
3,1606.0,-0.14588226690441536,0.10084873843890894,-5.71351177988695
3,1607.0,-0.14588143736695883,0.10085310419163203,-5.713401989046464
3,1608.0,-0.1458806098848399,0.10085745910104915,-5.71329247023377
3,1609.0,-0.14587978445805855,0.10086180316716031,-5.713183223448869
3,1610.0,-0.1458789610866148,0.10086613638996553,-5.713074248691755
3,1611.0,-0.14587813977050862,0.10087045876946478,-5.7129655459624304
3,1612.0,-0.14587732050974003,0.10087477030565807,-5.712857115260897
3,1613.0,-0.145876503304309,0.1008790709985454,-5.712748956587149
3,1614.0,-0.1458756881542156,0.10088336084812678,-5.712641069941194
3,1615.0,-0.14587487505945976,0.1008876398544022,-5.7125334553230305
3,1616.0,-0.14587406402004152,0.10089190801737168,-5.712426112732656
3,1617.0,-0.14587325503596085,0.10089616533703519,-5.712319042170072
3,1618.0,-0.14587244810721775,0.10090041181339274,-5.712212243635276
3,1619.0,-0.14587164323381227,0.10090464744644433,-5.71210571712827
3,1620.0,-0.14587084041574433,0.10090887223618997,-5.711999462649053
3,1621.0,-0.145870039653014,0.10091308618262965,-5.711893480197629
3,1622.0,-0.14586924094562126,0.10091728928576336,-5.711787769773991
3,1623.0,-0.1458684442935661,0.10092148154559114,-5.711682331378144
3,1624.0,-0.1458676496968485,0.10092566296211294,-5.711577165010088
3,1625.0,-0.14586685715546854,0.10092983353532879,-5.711472270669825
3,1626.0,-0.14586606699657803,0.10093399154699419,-5.711367691656516
3,1627.0,-0.14586527901789292,0.10093813806647889,-5.7112634011974865
3,1628.0,-0.14586449289895104,0.10094227477895122,-5.711159356878967
3,1629.0,-0.14586370863975243,0.1009464016844112,-5.711055558700963
3,1630.0,-0.14586292624029704,0.10095051878285881,-5.710952006663467
3,1631.0,-0.14586214570058492,0.10095462607429406,-5.710848700766488
3,1632.0,-0.14586136702061603,0.10095872355871695,-5.710745641010015
3,1633.0,-0.1458605902003904,0.10096281123612748,-5.710642827394058
3,1634.0,-0.14585981523990801,0.10096688910652565,-5.710540259918609
3,1635.0,-0.14585904213916887,0.10097095716991147,-5.710437938583675
3,1636.0,-0.145858270898173,0.10097501542628493,-5.710335863389256
3,1637.0,-0.14585750151692034,0.10097906387564601,-5.710234034335343
3,1638.0,-0.14585673399541094,0.10098310251799474,-5.710132451421947
3,1639.0,-0.14585596833364478,0.10098713135333111,-5.710031114649056
3,1640.0,-0.14585520453162187,0.10099115038165513,-5.709930024016681
3,1641.0,-0.14585444258934224,0.10099515960296677,-5.70982917952482
3,1642.0,-0.14585368250680583,0.10099915901726605,-5.70972858117347
3,1643.0,-0.14585292428401267,0.10100314862455298,-5.709628228962632
3,1644.0,-0.14585216792096276,0.10100712842482755,-5.709528122892304
3,1645.0,-0.1458514134176561,0.10101109841808976,-5.709428262962489
3,1646.0,-0.14585066077409267,0.10101505860433961,-5.709328649173186
3,1647.0,-0.1458499099902725,0.10101900898357709,-5.709229281524393
3,1648.0,-0.14584916106619558,0.10102294955580222,-5.709130160016115
3,1649.0,-0.1458484140018619,0.10102688032101499,-5.70903128464835
3,1650.0,-0.14584766879727148,0.10103080127921539,-5.708932655421094
3,1651.0,-0.1458469254524243,0.10103471243040343,-5.708834272334351
3,1652.0,-0.14584618396732038,0.10103861377457912,-5.708736135388119
3,1653.0,-0.1458454443419597,0.10104250531174244,-5.708638244582404
3,1654.0,-0.14584470657634224,0.1010463870418934,-5.708540599917191
3,1655.0,-0.14584397067046806,0.10105025896503202,-5.708443201392498
3,1656.0,-0.14584323662433712,0.10105412108115826,-5.708346049008314
3,1657.0,-0.14584250443794944,0.10105797339027214,-5.708249142764645
3,1658.0,-0.14584177411130497,0.10106181589237366,-5.708152482661482
3,1659.0,-0.14584104564440378,0.10106564858746282,-5.708056068698836
3,1660.0,-0.14584031903724584,0.10106947147553962,-5.7079599008767
3,1661.0,-0.14583959428983112,0.10107328455660407,-5.707863979195076
3,1662.0,-0.14583887140215968,0.10107708783065614,-5.707768303653964
3,1663.0,-0.14583815037423148,0.10108088129769587,-5.707672874253366
3,1664.0,-0.1458374312060465,0.10108466495772322,-5.7075776909932765
3,1665.0,-0.1458367138976048,0.10108843881073822,-5.7074827538737045
3,1666.0,-0.14583599871977954,0.10109220143416048,-5.707388098745216
3,1667.0,-0.1458352855858052,0.10109595328923697,-5.707293714124237
3,1668.0,-0.14583457412945933,0.10109969630136205,-5.707199551540537
3,1669.0,-0.14583386435074194,0.10110343047053573,-5.707105610994121
3,1670.0,-0.14583315624965304,0.101107155796758,-5.707011892484983
3,1671.0,-0.14583244982619262,0.10111087228002885,-5.706918396013127
3,1672.0,-0.14583174508036068,0.1011145799203483,-5.706825121578551
3,1673.0,-0.14583104201215719,0.10111827871771634,-5.7067320691812515
3,1674.0,-0.1458303406215822,0.10112196867213297,-5.706639238821236
3,1675.0,-0.1458296409086357,0.10112564978359818,-5.706546630498502
3,1676.0,-0.14582894287331766,0.101129322052112,-5.706454244213043
3,1677.0,-0.14582824651562812,0.10113298547767441,-5.706362079964869
3,1678.0,-0.14582755183556703,0.1011366400602854,-5.706270137753971
3,1679.0,-0.14582685883313443,0.10114028579994498,-5.706178417580353
3,1680.0,-0.14582616750833033,0.10114392269665316,-5.706086919444021
3,1681.0,-0.14582547786115468,0.10114755075040993,-5.705995643344968
3,1682.0,-0.14582478989160752,0.1011511699612153,-5.7059045892831906
3,1683.0,-0.14582410359968884,0.10115478032906926,-5.705813757258696
3,1684.0,-0.14582341898539863,0.1011583818539718,-5.705723147271481
3,1685.0,-0.1458227360487369,0.10116197453592293,-5.705632759321549
3,1686.0,-0.14582205478970367,0.10116555837492267,-5.705542593408895
3,1687.0,-0.1458213752082989,0.10116913337097098,-5.705452649533523
3,1688.0,-0.14582069730452263,0.10117269952406789,-5.705362927695432
3,1689.0,-0.14582002107837483,0.1011762568342134,-5.705273427894618
3,1690.0,-0.1458193465298555,0.1011798053014075,-5.705184150131087
3,1691.0,-0.14581867365896467,0.10118334492565018,-5.705095094404835
3,1692.0,-0.14581800246570228,0.10118687570694146,-5.705006260715861
3,1693.0,-0.1458173329500684,0.10119039764528133,-5.704917649064171
3,1694.0,-0.14581666511206298,0.10119391074066979,-5.704829259449759
3,1695.0,-0.14581599895168607,0.10119741499310683,-5.70474109187263
3,1696.0,-0.1458153344689376,0.10120091040259248,-5.704653146332778
3,1697.0,-0.14581467166381765,0.10120439696912671,-5.7045654228302105
3,1698.0,-0.14581401053632614,0.10120787469270955,-5.704477921364918
3,1699.0,-0.14581335108646312,0.10121134357334095,-5.704390641936909
3,1700.0,-0.14581269331422858,0.10121480361102096,-5.704303584546179
3,1701.0,-0.14581203721962252,0.10121825480574957,-5.70421674919273
3,1702.0,-0.14581138280264497,0.10122169715752675,-5.704130135876562
3,1703.0,-0.14581073006329587,0.10122513066635254,-5.7040437445976755
3,1704.0,-0.14581007900157525,0.10122855533222692,-5.703957575356066
3,1705.0,-0.14580942961748308,0.10123197115514988,-5.7038716281517345
3,1706.0,-0.14580878191101942,0.10123537813512144,-5.703785902984686
3,1707.0,-0.14580813590136005,0.10123877617140441,-5.703700402392873
3,1708.0,-0.14580749206440052,0.1012421627671068,-5.703615189361966
3,1709.0,-0.1458068497358559,0.1012455414149146,-5.703530175972603
3,1710.0,-0.14580620891572615,0.1012489121148278,-5.703445362224784
3,1711.0,-0.1458055696040113,0.10125227486684638,-5.703360748118511
3,1712.0,-0.14580493180071133,0.10125562967097036,-5.703276333653778
3,1713.0,-0.14580429550582627,0.10125897652719974,-5.703192118830591
3,1714.0,-0.14580366071935608,0.1012623154355345,-5.703108103648945
3,1715.0,-0.14580302744130075,0.10126564639597467,-5.7030242881088435
3,1716.0,-0.14580239567166034,0.10126896940852023,-5.702940672210286
3,1717.0,-0.1458017654104348,0.10127228447317117,-5.70285725595327
3,1718.0,-0.14580113665762415,0.10127559158992752,-5.7027740393377995
3,1719.0,-0.1458005094132284,0.10127889075878926,-5.702691022363874
3,1720.0,-0.14579988367724753,0.1012821819797564,-5.702608205031489
3,1721.0,-0.14579925944968153,0.10128546525282893,-5.702525587340648
3,1722.0,-0.14579863673053045,0.10128874057800685,-5.702443169291353
3,1723.0,-0.14579801551979424,0.10129200795529017,-5.7023609508836
3,1724.0,-0.1457973958174729,0.10129526738467888,-5.70227893211739
3,1725.0,-0.14579677762356646,0.10129851886617298,-5.702197112992723
3,1726.0,-0.1457961609380749,0.10130176239977248,-5.7021154935096
3,1727.0,-0.14579554576099824,0.10130499798547737,-5.70203407366802
3,1728.0,-0.14579493209233646,0.10130822562328766,-5.701952853467986
3,1729.0,-0.14579431993208958,0.10131144531320335,-5.701871832909496
3,1730.0,-0.1457937092802576,0.10131465705522442,-5.701791011992548
3,1731.0,-0.14579310013684046,0.10131786084935089,-5.701710390717143
3,1732.0,-0.14579249250183823,0.10132105669558276,-5.701629969083283
3,1733.0,-0.1457918863752509,0.10132424459392002,-5.701549747090964
3,1734.0,-0.14579128175707842,0.10132742454436267,-5.701469724740186
3,1735.0,-0.14579067864732084,0.10133059654691072,-5.701389902030955
3,1736.0,-0.14579007704597818,0.10133376060156415,-5.70131027896327
3,1737.0,-0.1457894769530504,0.101336916708323,-5.701230855537126
3,1738.0,-0.14578887836853746,0.10134006486718722,-5.701151631752524
3,1739.0,-0.14578828129243945,0.10134320507815685,-5.701072607609469
3,1740.0,-0.1457876857247563,0.10134633734123187,-5.700993783107955
3,1741.0,-0.14578709166548806,0.10134946165641227,-5.700915158247985
3,1742.0,-0.1457864991146347,0.10135257802369808,-5.700836733029559
3,1743.0,-0.1457859080721962,0.10135568644308929,-5.700758507452675
3,1744.0,-0.14578531853817264,0.10135878691458589,-5.700680481517338
3,1745.0,-0.14578473051256394,0.10136187943818788,-5.700602655223542
3,1746.0,-0.14578414399537012,0.10136496401389525,-5.700525028571289
3,1747.0,-0.14578355898659118,0.10136804064170803,-5.700447601560579
3,1748.0,-0.14578297548622715,0.1013711093216262,-5.700370374191416
3,1749.0,-0.145782393494278,0.10137417005364976,-5.700293346463792
3,1750.0,-0.14578181310702804,0.10137722233211684,-5.700216531121124
3,1751.0,-0.14578123460564202,0.10138026468352417,-5.700139965376089
3,1752.0,-0.14578065745579447,0.10138329991622225,-5.70006357850971
3,1753.0,-0.14578008165748538,0.10138632803021105,-5.699987370521985
3,1754.0,-0.14577950721071478,0.10138934902549061,-5.699911341412917
3,1755.0,-0.14577893411548265,0.10139236290206093,-5.6998354911825055
3,1756.0,-0.14577836237178898,0.10139536965992196,-5.699759819830746
3,1757.0,-0.1457777919796338,0.10139836929907375,-5.699684327357645
3,1758.0,-0.1457772229390171,0.1014013618195163,-5.6996090137631965
3,1759.0,-0.14577665524993885,0.10140434722124957,-5.699533879047406
3,1760.0,-0.1457760889123991,0.10140732550427359,-5.6994589232102735
3,1761.0,-0.1457755239263978,0.10141029666858836,-5.699384146251794
3,1762.0,-0.145774960291935,0.10141326071419386,-5.69930954817197
3,1763.0,-0.14577439800901065,0.10141621764109011,-5.699235128970799
3,1764.0,-0.14577383707762478,0.10141916744927712,-5.6991608886482865
3,1765.0,-0.1457732774977774,0.10142211013875485,-5.699086827204433
3,1766.0,-0.14577271926946847,0.10142504570952333,-5.699012944639229
3,1767.0,-0.14577216239269802,0.10142797416158257,-5.698939240952683
3,1768.0,-0.14577160686746607,0.10143089549493253,-5.6988657161447955
3,1769.0,-0.14577105269377255,0.10143380970957325,-5.698792370215557
3,1770.0,-0.14577049987161753,0.10143671680550471,-5.698719203164978
3,1771.0,-0.145769948401001,0.10143961678272691,-5.698646214993056
3,1772.0,-0.1457693982819229,0.10144250964123987,-5.698573405699786
3,1773.0,-0.1457688495143833,0.10144539538104355,-5.698500775285173
3,1774.0,-0.14576830209838218,0.10144827400213799,-5.69842832374922
3,1775.0,-0.14576775603391953,0.10145114550452317,-5.698356051091917
3,1776.0,-0.14576721132099535,0.10145400988819908,-5.698283957313274
3,1777.0,-0.14576666795960963,0.10145686715316575,-5.698212042413282
3,1778.0,-0.1457661259497624,0.10145971729942316,-5.698140306391948
3,1779.0,-0.14576558529145364,0.1014625603269713,-5.698068749249267
3,1780.0,-0.14576504598468334,0.1014653962358102,-5.697997370985244
3,1781.0,-0.14576450802945154,0.10146822502593984,-5.697926171599877
3,1782.0,-0.1457639714257582,0.10147104669736022,-5.697855151093163
3,1783.0,-0.14576343617360332,0.10147386125007135,-5.6977843094651055
3,1784.0,-0.14576290227298694,0.10147666868407322,-5.697713646715709
3,1785.0,-0.14576236972390902,0.10147946899936583,-5.697643162844962
3,1786.0,-0.14576183852636956,0.10148226219594919,-5.69757285785287
3,1787.0,-0.1457613086803686,0.10148504827382329,-5.697502731739437
3,1788.0,-0.1457607801859061,0.10148782723298813,-5.697432784504658
3,1789.0,-0.14576025304298207,0.10149059907344372,-5.697363016148534
3,1790.0,-0.14575972725159653,0.10149336379519006,-5.697293426671067
3,1791.0,-0.14575920281174945,0.10149612139822713,-5.697224016072255
3,1792.0,-0.14575867972344084,0.10149887188255495,-5.697154784352098
3,1793.0,-0.14575815798667072,0.10150161524817351,-5.697085731510597
3,1794.0,-0.14575763760143906,0.10150435149508283,-5.697016857547752
3,1795.0,-0.14575711895608942,0.1015070785851663,-5.6969482138615595
3,1796.0,-0.1457566016418757,0.10150979866797506,-5.696879746353705
3,1797.0,-0.1457560855341108,0.10151251239843145,-5.696811438521618
3,1798.0,-0.14575557063279462,0.10151521977653549,-5.696743290365289
3,1799.0,-0.14575505693792726,0.10151792080228716,-5.6966753018847225
3,1800.0,-0.14575454444950867,0.10152061547568648,-5.696607473079919
3,1801.0,-0.14575403316753885,0.10152330379673345,-5.696539803950877
3,1802.0,-0.1457535230920178,0.10152598576542805,-5.696472294497596
3,1803.0,-0.14575301422294554,0.10152866138177032,-5.696404944720078
3,1804.0,-0.14575250656032207,0.1015313306457602,-5.6963377546183205
3,1805.0,-0.14575200010414738,0.10153399355739774,-5.696270724192329
3,1806.0,-0.14575149485442143,0.10153665011668292,-5.696203853442093
3,1807.0,-0.1457509908111443,0.10153930032361573,-5.696137142367622
3,1808.0,-0.14575048797431592,0.10154194417819619,-5.6960705909689135
3,1809.0,-0.14574998634393635,0.1015445816804243,-5.6960041992459685
3,1810.0,-0.14574948592000553,0.10154721283030005,-5.69593796719878
3,1811.0,-0.1457489867025235,0.10154983762782344,-5.695871894827361
3,1812.0,-0.14574848869149026,0.10155245607299447,-5.695805982131698
3,1813.0,-0.1457479918869058,0.10155506816581315,-5.695740229111799
3,1814.0,-0.1457474962887701,0.10155767390627947,-5.695674635767663
3,1815.0,-0.14574700189708317,0.10156027329439343,-5.695609202099286
3,1816.0,-0.14574650871184502,0.10156286633015503,-5.695543928106671
3,1817.0,-0.14574601673305568,0.10156545301356427,-5.69547881378982
3,1818.0,-0.14574552596071508,0.10156803334462117,-5.695413859148729
3,1819.0,-0.14574503639482328,0.1015706073233257,-5.695349064183401
3,1820.0,-0.14574454803538026,0.10157317494967788,-5.695284428893835
3,1821.0,-0.14574406088238603,0.10157573622367769,-5.695219953280034
3,1822.0,-0.14574357493584056,0.10157829114532516,-5.695155637341991
3,1823.0,-0.14574309019574386,0.10158083971462026,-5.695091481079709
3,1824.0,-0.14574260666209596,0.10158338193156301,-5.695027484493191
3,1825.0,-0.14574212433489683,0.10158591779615339,-5.694963647582436
3,1826.0,-0.14574164321414648,0.10158844730839142,-5.694899970347441
3,1827.0,-0.1457411632998449,0.10159097046827709,-5.694836452788207
3,1828.0,-0.1457406845919921,0.10159348727581041,-5.694773094904737
3,1829.0,-0.1457402070905881,0.10159599773099137,-5.694709896697029
3,1830.0,-0.14573973079563285,0.10159850183381997,-5.69464685816508
3,1831.0,-0.1457392557071264,0.10160099958429622,-5.694583979308896
3,1832.0,-0.14573878182506872,0.1016034909824201,-5.694521260128474
3,1833.0,-0.14573830914945982,0.10160597602819163,-5.694458700623813
3,1834.0,-0.1457378376802997,0.1016084547216108,-5.694396300794914
3,1835.0,-0.14573736741758833,0.10161092706267762,-5.694334060641774
3,1836.0,-0.14573689836132578,0.10161339305139208,-5.694271980164398
3,1837.0,-0.145736430511512,0.10161585268775418,-5.694210059362789
3,1838.0,-0.14573596386814697,0.10161830597176391,-5.6941482982369305
3,1839.0,-0.14573549843123074,0.1016207529034213,-5.694086696786842
3,1840.0,-0.14573503420076328,0.10162319348272633,-5.694025255012515
3,1841.0,-0.14573457154013797,0.1016256258025918,-5.6939640210097435
3,1842.0,-0.14573411008299567,0.10162805178926966,-5.693902946290207
3,1843.0,-0.1457336496984614,0.101630472130083,-5.69384201353236
3,1844.0,-0.14573319038653515,0.10163288682503181,-5.6937812227362
3,1845.0,-0.14573273214721688,0.10163529587411609,-5.693720573901718
3,1846.0,-0.14573227498050664,0.10163769927733585,-5.693660067028926
3,1847.0,-0.1457318188864044,0.10164009703469107,-5.693599702117816
3,1848.0,-0.14573136386491017,0.10164248914618176,-5.693539479168391
3,1849.0,-0.14573090991602394,0.10164487561180792,-5.693479398180651
3,1850.0,-0.14573045703974574,0.10164725643156956,-5.693419459154597
3,1851.0,-0.14573000523607554,0.10164963160546667,-5.693359662090225
3,1852.0,-0.14572955450501338,0.10165200113349925,-5.693300006987544
3,1853.0,-0.14572910484655918,0.1016543650156673,-5.693240493846543
3,1854.0,-0.14572865626071302,0.10165672325197082,-5.693181122667225
3,1855.0,-0.14572820874747486,0.10165907584240981,-5.693121893449594
3,1856.0,-0.1457277623068447,0.10166142278698427,-5.6930628061936455
3,1857.0,-0.14572731693882257,0.1016637640856942,-5.693003860899385
3,1858.0,-0.14572687264340844,0.10166609973853961,-5.692945057566811
3,1859.0,-0.14572642942060232,0.1016684297455205,-5.6928863961959175
3,1860.0,-0.1457259872704042,0.10167075410663685,-5.6928278767867075
3,1861.0,-0.1457255461928141,0.10167307282188867,-5.692769499339189
3,1862.0,-0.14572510618783202,0.10167538589127596,-5.692711263853352
3,1863.0,-0.14572466725545793,0.10167769331479873,-5.692653170329195
3,1864.0,-0.14572422939569185,0.10167999509245697,-5.6925952187667255
3,1865.0,-0.1457237926085338,0.10168229122425067,-5.692537409165943
3,1866.0,-0.14572335689398375,0.10168458171017986,-5.692479741526846
3,1867.0,-0.1457229222520417,0.1016868665502445,-5.6924222158494295
3,1868.0,-0.14572248868270768,0.10168914574444463,-5.692364832133704
3,1869.0,-0.14572205618598164,0.10169141929278022,-5.692307590379654
3,1870.0,-0.14572162476186362,0.10169368719525128,-5.692250490587296
3,1871.0,-0.14572119441035364,0.10169594945185781,-5.692193532756625
3,1872.0,-0.14572076513145163,0.10169820606259983,-5.692136716887631
3,1873.0,-0.14572033692515765,0.1017004570274773,-5.6920800429803275
3,1874.0,-0.14571990979147167,0.10170270234649025,-5.692023511034705
3,1875.0,-0.1457194837303937,0.10170494201963867,-5.6919671210507685
3,1876.0,-0.14571905874192376,0.10170717604692256,-5.69191087302852
3,1877.0,-0.14571863482606182,0.10170940442834193,-5.6918547669679525
3,1878.0,-0.14571821198280788,0.10171162716389677,-5.691798802869069
3,1879.0,-0.14571779021216194,0.10171384425358707,-5.691742980731874
3,1880.0,-0.14571736951412403,0.10171605569741285,-5.69168730055636
3,1881.0,-0.1457169498886941,0.10171826149537411,-5.6916317623425305
3,1882.0,-0.14571653133587223,0.10172046164747083,-5.69157636609039
3,1883.0,-0.14571611385565833,0.10172265615370302,-5.691521111799933
3,1884.0,-0.14571569744805246,0.10172484501407068,-5.69146599947116
3,1885.0,-0.14571528211305457,0.10172702822857381,-5.691411029104067
3,1886.0,-0.14571486785066473,0.10172920579721242,-5.691356200698666
3,1887.0,-0.14571445466088287,0.1017313777199865,-5.6913015142549455
3,1888.0,-0.14571404254370904,0.10173354399689605,-5.691246969772913
3,1889.0,-0.1457136319386003,0.10173570232218039,-5.691192625415534
3,1890.0,-0.14571322228768965,0.10173785562638249,-5.691138407348066
3,1891.0,-0.14571281358626928,0.10174000393422016,-5.691084314947421
3,1892.0,-0.14571240583433914,0.10174214724569337,-5.69103034821359
3,1893.0,-0.14571199903189927,0.10174428556080216,-5.690976507146577
3,1894.0,-0.14571159317894966,0.10174641887954648,-5.690922791746385
3,1895.0,-0.1457111882754903,0.10174854720192639,-5.690869202013011
3,1896.0,-0.1457107843215212,0.10175067052794183,-5.690815737946459
3,1897.0,-0.14571038131704236,0.10175278885759284,-5.690762399546726
3,1898.0,-0.14570997926205376,0.1017549021908794,-5.690709186813804
3,1899.0,-0.14570957815655544,0.10175701052780153,-5.69065609974771
3,1900.0,-0.14570917800054736,0.1017591138683592,-5.690603138348433
3,1901.0,-0.14570877879402952,0.10176121221255245,-5.690550302615968
3,1902.0,-0.14570838053700197,0.10176330556038124,-5.690497592550327
3,1903.0,-0.14570798322946465,0.1017653939118456,-5.690445008151504
3,1904.0,-0.1457075868714176,0.1017674772669455,-5.690392549419501
3,1905.0,-0.14570719146286082,0.10176955562568098,-5.6903402163543175
3,1906.0,-0.14570679700379427,0.101771628988052,-5.6902880089559496
3,1907.0,-0.14570640349421798,0.10177369735405858,-5.690235927224404
3,1908.0,-0.14570601093413194,0.10177576072370073,-5.690183971159672
3,1909.0,-0.14570561932353618,0.10177781909697843,-5.690132140761762
3,1910.0,-0.14570522866243066,0.1017798724738917,-5.690080436030672
3,1911.0,-0.1457048389508154,0.1017819208544405,-5.690028856966401
3,1912.0,-0.14570445018869038,0.10178396423862487,-5.689977403568945
3,1913.0,-0.14570406237605563,0.10178600262644481,-5.68992607583831
3,1914.0,-0.14570367551291113,0.1017880360179003,-5.689874873774493
3,1915.0,-0.1457032895992569,0.10179006441299135,-5.689823797377498
3,1916.0,-0.14570290463509292,0.10179208781171795,-5.689772846647321
3,1917.0,-0.1457025206204192,0.10179410621408011,-5.689722021583959
3,1918.0,-0.14570213755523573,0.10179611962007784,-5.689671322187421
3,1919.0,-0.1457017554395425,0.10179812802971111,-5.689620748457696
3,1920.0,-0.14570137427333954,0.10180013144297995,-5.689570300394793
3,1921.0,-0.14570099405662684,0.10180212985988434,-5.689519977998711
3,1922.0,-0.1457006147894044,0.10180412328042429,-5.689469781269446
3,1923.0,-0.1457002364716722,0.1018061117045998,-5.689419710206997
3,1924.0,-0.14569985910343028,0.10180809513241086,-5.689369764811371
3,1925.0,-0.14569948268467858,0.10181007356385749,-5.689319945082558
3,1926.0,-0.14569910721541718,0.10181204699893967,-5.689270251020571
3,1927.0,-0.145698732695646,0.1018140154376574,-5.689220682625398
3,1928.0,-0.14569835912536508,0.1018159788800107,-5.6891712398970435
3,1929.0,-0.14569798650457444,0.10181793732599956,-5.68912192283551
3,1930.0,-0.14569761483327404,0.10181989077562398,-5.689072731440795
3,1931.0,-0.1456972441114639,0.10182183922888395,-5.6890236657129
3,1932.0,-0.145696874339144,0.10182378268577948,-5.6889747256518195
3,1933.0,-0.14569650551631438,0.10182572114631055,-5.688925911257564
3,1934.0,-0.14569613764297498,0.1018276546104772,-5.688877222530121
3,1935.0,-0.14569577071912587,0.1018295830782794,-5.6888286594695
3,1936.0,-0.145695404744767,0.10183150654971716,-5.688780222075696
3,1937.0,-0.14569503971989842,0.10183342502479048,-5.688731910348715
3,1938.0,-0.14569467580331702,0.101835337670007,-5.688683745305626
3,1939.0,-0.14569431306244768,0.10183724413327108,-5.688635735870235
3,1940.0,-0.14569395115815909,0.10183914619549152,-5.68858783715788
3,1941.0,-0.14569359009045124,0.10184104385666833,-5.688540049168554
3,1942.0,-0.14569322985932415,0.1018429371168015,-5.688492371902262
3,1943.0,-0.14569287046477783,0.10184482597589103,-5.688444805359008
3,1944.0,-0.14569251190681226,0.10184671043393692,-5.688397349538791
3,1945.0,-0.14569215418542744,0.10184859049093918,-5.688350004441604
3,1946.0,-0.1456917973006234,0.1018504661468978,-5.688302770067455
3,1947.0,-0.14569144125240008,0.10185233740181278,-5.688255646416337
3,1948.0,-0.14569108604075753,0.10185420425568413,-5.6882086334882525
3,1949.0,-0.14569073166569574,0.10185606670851184,-5.688161731283206
3,1950.0,-0.14569037812721472,0.10185792476029591,-5.688114939801194
3,1951.0,-0.14569002542531442,0.10185977841103634,-5.688068259042214
3,1952.0,-0.1456896735599949,0.10186162766073315,-5.688021689006269
3,1953.0,-0.14568932253125613,0.10186347250938631,-5.687975229693358
3,1954.0,-0.14568897233909814,0.10186531295699583,-5.687928881103482
3,1955.0,-0.14568862298352087,0.10186714900356171,-5.687882643236641
3,1956.0,-0.14568827446452437,0.10186898064908396,-5.6878365160928315
3,1957.0,-0.14568792678210862,0.10187080789356258,-5.687790499672058
3,1958.0,-0.14568757993627363,0.10187263073699755,-5.687744593974319
3,1959.0,-0.1456872339270194,0.10187444917938888,-5.687698798999617
3,1960.0,-0.14568688875434593,0.10187626322073659,-5.687653114747947
3,1961.0,-0.14568654441825318,0.10187807286104066,-5.6876075412193074
3,1962.0,-0.14568620091874124,0.10187987810030108,-5.68756207841371
3,1963.0,-0.14568585825581,0.10188167893851788,-5.687516726331141
3,1964.0,-0.14568551642945957,0.10188347537569102,-5.687471484971609
3,1965.0,-0.14568517543968987,0.10188526741182054,-5.687426354335111
3,1966.0,-0.14568483528650092,0.10188705504690643,-5.687381334421645
3,1967.0,-0.14568449596989272,0.10188883828094866,-5.687336425231214
3,1968.0,-0.1456841574898653,0.10189061711394727,-5.687291626763821
3,1969.0,-0.14568381984641862,0.10189239154590224,-5.687246939019461
3,1970.0,-0.1456834830395527,0.10189416157681357,-5.687202361998136
3,1971.0,-0.14568314706926752,0.10189592720668127,-5.68715789569984
3,1972.0,-0.14568281193556312,0.10189768843550531,-5.687113540124585
3,1973.0,-0.14568247763843947,0.10189944526328573,-5.687069295272361
3,1974.0,-0.14568214417789657,0.10190119769002252,-5.687025161143172
3,1975.0,-0.14568181155393442,0.10190294571571566,-5.686981137737016
3,1976.0,-0.14568147976655305,0.10190468934036517,-5.686937225053897
3,1977.0,-0.1456811488157524,0.10190642856397104,-5.686893423093807
3,1978.0,-0.14568081870153252,0.10190816338653327,-5.686849731856757
3,1979.0,-0.14568048942389342,0.10190989380805188,-5.686806151342741
3,1980.0,-0.14568016098283504,0.10191161982852684,-5.686762681551758
3,1981.0,-0.14567983337835744,0.10191334144795816,-5.68671932248381
3,1982.0,-0.14567950661046059,0.10191505866634584,-5.686676074138896
3,1983.0,-0.14567918067914448,0.1019167714836899,-5.6866329365170145
3,1984.0,-0.14567885558440916,0.10191847989999031,-5.686589909618172
3,1985.0,-0.14567853132625455,0.10192018391524708,-5.686546993442358
3,1986.0,-0.14567820790468072,0.10192188352946022,-5.686504187989582
3,1987.0,-0.14567788531968764,0.10192357874262972,-5.686461493259837
3,1988.0,-0.14567756357127534,0.10192526955475559,-5.686418909253134
3,1989.0,-0.14567724265944376,0.10192695596583781,-5.686376435969456
3,1990.0,-0.1456769228697715,0.10192863647727535,-5.6863341112056744
3,1991.0,-0.14567660396600726,0.10193031233074965,-5.686291903693483
3,1992.0,-0.14567628579561823,0.10193198432706242,-5.686249793244876
3,1993.0,-0.14567596835860436,0.10193365246621368,-5.68620777985985
3,1994.0,-0.14567565165496568,0.10193531674820343,-5.686165863538412
3,1995.0,-0.1456753356847022,0.10193697717303164,-5.686124044280555
3,1996.0,-0.14567502044781389,0.10193863374069834,-5.686082322086278
3,1997.0,-0.1456747059443008,0.10194028645120352,-5.686040696955591
3,1998.0,-0.14567439217416286,0.10194193530454719,-5.685999168888486
3,1999.0,-0.14567407913740013,0.10194358030072932,-5.685957737884962
3,2000.0,-0.14567376683401256,0.10194522143974995,-5.685916403945021
3,2001.0,-0.1456734552640002,0.10194685872160905,-5.685875167068663
3,2002.0,-0.14567314442736304,0.10194849214630664,-5.685834027255894
3,2003.0,-0.14567283432410102,0.1019501217138427,-5.685792984506702
3,2004.0,-0.14567252495421423,0.10195174742421724,-5.685752038821099
3,2005.0,-0.1456722163177026,0.10195336927743028,-5.6857111901990764
3,2006.0,-0.14567190841456618,0.10195498727348178,-5.685670438640638
3,2007.0,-0.14567160124480494,0.10195660141237177,-5.685629784145783
3,2008.0,-0.1456712948084189,0.10195821169410023,-5.685589226714512
3,2009.0,-0.14567098910540802,0.10195981811866718,-5.685548766346823
3,2010.0,-0.14567068413577233,0.10196142068607261,-5.685508403042717
3,2011.0,-0.14567037989951184,0.10196301939631652,-5.685468136802196
3,2012.0,-0.14567007639662652,0.10196461424939891,-5.685427967625257
3,2013.0,-0.1456697736271164,0.10196620524531978,-5.685387895511901
3,2014.0,-0.14566947159098145,0.10196779238407913,-5.685347920462132
3,2015.0,-0.1456691702882217,0.10196937566567696,-5.685308042475944
3,2016.0,-0.14566886971883716,0.10197095509011327,-5.685268261553342
3,2017.0,-0.14566856988282778,0.10197253065738807,-5.6852285776943186
3,2018.0,-0.1456682707801936,0.10197410236750135,-5.685188990898885
3,2019.0,-0.1456679724109346,0.10197567022045309,-5.685149501167031
3,2020.0,-0.14566767477505077,0.10197723421624333,-5.68511010849876
3,2021.0,-0.14566737787254214,0.10197879435487205,-5.685070812894073
3,2022.0,-0.1456670817034087,0.10198035063633924,-5.685031614352968
3,2023.0,-0.14566678626765045,0.10198190306064492,-5.68499251287545
3,2024.0,-0.1456664915652674,0.10198345162778907,-5.684953508461514
3,2025.0,-0.1456661975962595,0.10198499633777171,-5.684914601111162
3,2026.0,-0.14566590436062682,0.10198653719059282,-5.684875790824394
3,2027.0,-0.14566561185836932,0.10198807418625243,-5.684837077601206
3,2028.0,-0.145665320089487,0.1019896073247505,-5.684798461441605
3,2029.0,-0.14566502905397985,0.10199113660608707,-5.6847599423455835
3,2030.0,-0.1456647387518479,0.10199266203026211,-5.6847215203131505
3,2031.0,-0.14566444918309115,0.10199418359727563,-5.684683195344299
3,2032.0,-0.1456641603477096,0.10199570130712762,-5.6846449674390325
3,2033.0,-0.1456638722457032,0.1019972151598181,-5.684606836597347
3,2034.0,-0.145663584877072,0.10199872515534708,-5.684568802819244
3,2035.0,-0.14566329824181598,0.10200023129371452,-5.6845308661047245
3,2036.0,-0.14566301233993517,0.10200173357492044,-5.684493026453793
3,2037.0,-0.14566272717142953,0.10200323199896484,-5.68445528386644
3,2038.0,-0.14566244273629908,0.10200472656584773,-5.684417638342674
3,2039.0,-0.14566215903454383,0.1020062172755691,-5.684380089882492
3,2040.0,-0.14566187606616374,0.10200770412812894,-5.684342638485889
3,2041.0,-0.14566159383115884,0.10200918712352727,-5.684305284152872
3,2042.0,-0.14566131232952914,0.10201066626176408,-5.684268026883439
3,2043.0,-0.14566103156127463,0.10201214154283937,-5.684230866677589
3,2044.0,-0.14566075185273394,0.10201361125441907,-5.684193846726855
3,2045.0,-0.14566047285910647,0.10201507720745792,-5.684156921396224
3,2046.0,-0.14566019450485798,0.10201653979845615,-5.684120080688609
3,2047.0,-0.14565991678998852,0.10201799902741376,-5.684083324604006
3,2048.0,-0.14565963971449802,0.10201945489433074,-5.684046653142411
3,2049.0,-0.14565936327838652,0.10202090739920712,-5.684010066303825
3,2050.0,-0.14565908748165401,0.10202235654204286,-5.683973564088251
3,2051.0,-0.1456588123243005,0.10202380232283798,-5.683937146495687
3,2052.0,-0.14565853780632596,0.10202524474159248,-5.683900813526131
3,2053.0,-0.14565826392773043,0.10202668379830636,-5.683864565179587
3,2054.0,-0.1456579906885139,0.10202811949297962,-5.683828401456057
3,2055.0,-0.14565771808867634,0.10202955182561226,-5.683792322355532
3,2056.0,-0.1456574461282178,0.10203098079620426,-5.683756327878025
3,2057.0,-0.14565717480713822,0.10203240640475567,-5.683720418023522
3,2058.0,-0.14565690412543764,0.10203382865126644,-5.68368459279203
3,2059.0,-0.14565663408311605,0.10203524753573658,-5.683648852183549
3,2060.0,-0.14565636468017346,0.10203666305816611,-5.683613196198082
3,2061.0,-0.14565609591660986,0.10203807521855501,-5.68357762483562
3,2062.0,-0.14565582779242525,0.1020394840169033,-5.683542138096171
3,2063.0,-0.14565556030761964,0.10204088945321096,-5.683506735979736
3,2064.0,-0.14565529346219303,0.10204229152747801,-5.68347141848631
3,2065.0,-0.14565502725614538,0.10204369023970443,-5.68343618561589
3,2066.0,-0.14565476168947675,0.10204508558989023,-5.683401037368488
3,2067.0,-0.14565449676218709,0.10204647757803541,-5.683365973744088
3,2068.0,-0.14565423247427645,0.10204786620413997,-5.683330994742705
3,2069.0,-0.14565396882574477,0.1020492514682039,-5.683296100364328
3,2070.0,-0.1456537058165921,0.10205063337022721,-5.683261290608963
3,2071.0,-0.1456534434468184,0.1020520119102099,-5.683226565476606
3,2072.0,-0.14565318171642372,0.10205338708815198,-5.6831919249672636
3,2073.0,-0.14565292062540802,0.10205475890405342,-5.6831573690809325
3,2074.0,-0.14565266017377132,0.10205612735791426,-5.683122897817611
3,2075.0,-0.1456524003615136,0.10205749244973446,-5.683088511177299
3,2076.0,-0.14565214118863487,0.10205885417951405,-5.683054209159997
3,2077.0,-0.14565188265513515,0.10206021254725302,-5.683019991765705
3,2078.0,-0.1456516247610144,0.10206156755295136,-5.682985858994424
3,2079.0,-0.14565136750627267,0.10206291919660908,-5.682951810846155
3,2080.0,-0.1456511108909099,0.10206426747822618,-5.682917847320895
3,2081.0,-0.14565085491492613,0.10206561239780265,-5.682883968418646
3,2082.0,-0.14565059957832135,0.1020669539553385,-5.682850174139407
3,2083.0,-0.1456503448810956,0.10206829215083374,-5.682816464483182
3,2084.0,-0.14565009082324878,0.10206962698428836,-5.68278283944996
3,2085.0,-0.145649837404781,0.10207095845570235,-5.682749299039756
3,2086.0,-0.1456495846256922,0.10207228656507572,-5.682715843252558
3,2087.0,-0.14564933248598239,0.10207361131240847,-5.682682472088374
3,2088.0,-0.14564908098565155,0.1020749326977006,-5.682649185547196
3,2089.0,-0.14564883012469973,0.1020762507209521,-5.682615983629032
3,2090.0,-0.14564857990312688,0.10207756538216298,-5.6825828663338775
3,2091.0,-0.14564833032093305,0.10207887668133325,-5.682549833661734
3,2092.0,-0.1456480813781182,0.10208018461846288,-5.6825168856126025
3,2093.0,-0.14564783307468232,0.10208148919355191,-5.682484022186479
3,2094.0,-0.14564758541062545,0.1020827904066003,-5.682451243383364
3,2095.0,-0.14564733838594757,0.10208408825760808,-5.6824185492032635
3,2096.0,-0.14564709200064868,0.10208538274657523,-5.6823859396461724
3,2097.0,-0.1456468462547288,0.10208667387350177,-5.682353414712092
3,2098.0,-0.14564660114818787,0.10208796163838768,-5.682320974401018
3,2099.0,-0.14564635668102596,0.10208924604123297,-5.68228861871296
3,2100.0,-0.1456461130893638,0.10209052584299064,-5.682256378898933
3,2101.0,-0.14564587021512135,0.10209180187440896,-5.682224234036757
3,2102.0,-0.14564562789498517,0.10209307499276772,-5.682192162511587
3,2103.0,-0.14564538612895522,0.10209434519806697,-5.682160164323416
3,2104.0,-0.14564514491703154,0.10209561249030666,-5.68212823947225
3,2105.0,-0.1456449042592141,0.1020968768694868,-5.682096387958085
3,2106.0,-0.1456446641555029,0.10209813833560742,-5.682064609780924
3,2107.0,-0.14564442460589794,0.10209939688866851,-5.682032904940764
3,2108.0,-0.1456441856103992,0.10210065252867004,-5.682001273437605
3,2109.0,-0.14564394716900675,0.10210190525561204,-5.681969715271449
3,2110.0,-0.14564370928172052,0.1021031550694945,-5.681938230442294
3,2111.0,-0.14564347194854055,0.10210440197031741,-5.681906818950144
3,2112.0,-0.14564323516946684,0.10210564595808078,-5.681875480794997
3,2113.0,-0.14564299894449934,0.10210688703278462,-5.6818442159768505
3,2114.0,-0.14564276327363812,0.10210812519442891,-5.681813024495708
3,2115.0,-0.1456425281568831,0.10210936044301366,-5.681781906351566
3,2116.0,-0.14564229359423436,0.10211059277853889,-5.681750861544424
3,2117.0,-0.14564205958569187,0.10211182220100455,-5.68171989007429
3,2118.0,-0.14564182613125562,0.10211304871041069,-5.681688991941157
3,2119.0,-0.14564159323092563,0.10211427230675729,-5.681658167145028
3,2120.0,-0.14564136088470186,0.10211549299004434,-5.6816274156859
3,2121.0,-0.14564112909258434,0.10211671076027186,-5.681596737563769
3,2122.0,-0.14564089785457307,0.10211792561743983,-5.681566132778648
3,2123.0,-0.14564066717066804,0.10211913756154826,-5.681535601330523
3,2124.0,-0.14564043704086926,0.10212034659259717,-5.681505143219406
3,2125.0,-0.14564020746517672,0.10212155271058652,-5.681474758445287
3,2126.0,-0.14563997844359045,0.10212275591551634,-5.681444447008171
3,2127.0,-0.1456397499761104,0.10212395620738661,-5.681414208908061
3,2128.0,-0.14563952206273661,0.10212515358619735,-5.681384044144951
3,2129.0,-0.14563929470346906,0.10212634805194855,-5.681353952718844
3,2130.0,-0.14563906789830774,0.1021275396046402,-5.681323934629738
3,2131.0,-0.1456388416472527,0.10212872824427231,-5.6812939898776325
3,2132.0,-0.1456386159503039,0.1021299139708449,-5.681264118462535
3,2133.0,-0.14563839080746133,0.10213109678435793,-5.681234320384439
3,2134.0,-0.145638166218725,0.10213227668481142,-5.681204595643343
3,2135.0,-0.14563794218409493,0.10213345367220537,-5.681174944239251
3,2136.0,-0.1456377187035711,0.1021346277465398,-5.681145366172158
3,2137.0,-0.14563749577715351,0.10213579890781467,-5.681115861442072
3,2138.0,-0.14563727340484217,0.10213696715603,-5.681086430048985
3,2139.0,-0.1456370515866371,0.1021381324911858,-5.681057071992903
3,2140.0,-0.14563683032253824,0.10213929491328205,-5.681027787273822
3,2141.0,-0.14563660961254563,0.10214045442231877,-5.680998575891741
3,2142.0,-0.14563638945665927,0.10214161101829596,-5.680969437846664
3,2143.0,-0.14563616985487918,0.10214276470121358,-5.680940373138594
3,2144.0,-0.14563595080720532,0.10214391547107168,-5.6809113817675225
3,2145.0,-0.1456357323136377,0.10214506332787024,-5.680882463733452
3,2146.0,-0.14563551437417632,0.10214620827160925,-5.680853619036386
3,2147.0,-0.1456352969888212,0.10214735030228873,-5.680824847676321
3,2148.0,-0.14563508015757232,0.10214848941990867,-5.680796149653261
3,2149.0,-0.14563486388042968,0.10214962562446907,-5.680767524967199
3,2150.0,-0.1456346481573933,0.10215075891596992,-5.680738973618143
3,2151.0,-0.14563443298846315,0.10215188929441124,-5.680710495606091
3,2152.0,-0.14563421837363927,0.10215301675979302,-5.680682090931038
3,2153.0,-0.14563400431292162,0.10215414131211525,-5.68065375959299
3,2154.0,-0.1456337908063102,0.10215526295137795,-5.680625501591941
3,2155.0,-0.14563357785380504,0.1021563816775811,-5.680597316927894
3,2156.0,-0.14563336545540614,0.10215749749072472,-5.680569205600855
3,2157.0,-0.14563315361111345,0.1021586103908088,-5.680541167610813
3,2158.0,-0.14563294232092705,0.10215972037783333,-5.680513202957776
3,2159.0,-0.14563273188049847,0.10216082590048656,-5.680485350771784
3,2160.0,-0.14563252198189547,0.10216192857565756,-5.680457570297427
3,2161.0,-0.14563231256037237,0.10216302874317554,-5.680429852965488
3,2162.0,-0.14563210361592913,0.1021641264030405,-5.680402198775967
3,2163.0,-0.14563189514856578,0.10216522155525244,-5.680374607728866
3,2164.0,-0.1456316871582823,0.10216631419981136,-5.680347079824181
3,2165.0,-0.1456314796450787,0.10216740433671725,-5.680319615061914
3,2166.0,-0.14563127260895498,0.10216849196597012,-5.680292213442066
3,2167.0,-0.14563106604991113,0.10216957708756998,-5.680264874964635
3,2168.0,-0.14563085996794714,0.10217065970151681,-5.680237599629617
3,2169.0,-0.14563065436306305,0.10217173980781062,-5.68021038743702
3,2170.0,-0.14563044923525884,0.10217281740645141,-5.680183238386843
3,2171.0,-0.1456302445845345,0.10217389249743918,-5.680156152479086
3,2172.0,-0.14563004041089003,0.10217496508077394,-5.68012912971374
3,2173.0,-0.14562983671432544,0.10217603515645565,-5.680102170090817
3,2174.0,-0.14562963349484073,0.10217710272448437,-5.680075273610309
3,2175.0,-0.1456294307524359,0.10217816778486005,-5.68004844027222
3,2176.0,-0.14562922848711093,0.10217923033758272,-5.680021670076549
3,2177.0,-0.14562902669886585,0.10218029038265236,-5.679994963023292
3,2178.0,-0.14562882538770064,0.10218134792006899,-5.6799683191124535
3,2179.0,-0.1456286245536153,0.1021824029498326,-5.679941738344038
3,2180.0,-0.14562842419660987,0.10218345547194317,-5.679915220718041
3,2181.0,-0.1456282243166843,0.10218450548640073,-5.679888766234457
3,2182.0,-0.14562802491383858,0.10218555299320527,-5.67986237489329
3,2183.0,-0.14562782598807278,0.10218659799235678,-5.679836046694545
3,2184.0,-0.14562762753938682,0.10218764048385529,-5.679809781638213
3,2185.0,-0.14562742956778074,0.10218868046770077,-5.679783579724298
3,2186.0,-0.14562723207325456,0.10218971794389323,-5.679757440952809
3,2187.0,-0.14562703505580823,0.10219075291243265,-5.67973136532373
3,2188.0,-0.1456268385154418,0.10219178537331908,-5.679705352837073
3,2189.0,-0.14562664245215526,0.10219281532655246,-5.679679403492832
3,2190.0,-0.14562644686594856,0.10219384277213284,-5.679653517291009
3,2191.0,-0.14562625175682176,0.10219486771006019,-5.6796276942316055
3,2192.0,-0.14562605712477483,0.10219589014033452,-5.679601934314618
3,2193.0,-0.14562586296980776,0.10219691006295582,-5.679576237540046
3,2194.0,-0.14562566929192058,0.10219792747792412,-5.679550603907893
3,2195.0,-0.1456254760911133,0.10219894238523938,-5.67952503341816
3,2196.0,-0.14562528336738587,0.10219995478490164,-5.679499526070846
3,2197.0,-0.14562509112073832,0.10220096467691087,-5.679474081865948
3,2198.0,-0.14562489935117065,0.10220197206126706,-5.679448700803468
3,2199.0,-0.14562470805868286,0.10220297693797024,-5.679423382883404
3,2200.0,-0.14562451724327494,0.10220397930702041,-5.679398128105759
3,2201.0,-0.1456243269049469,0.10220497916841756,-5.67937293647053
3,2202.0,-0.14562413704369873,0.10220597652216168,-5.679347807977722
3,2203.0,-0.14562394765953043,0.10220697136825278,-5.679322742627329
3,2204.0,-0.14562375875244202,0.10220796370669086,-5.679297740419355
3,2205.0,-0.1456235703224335,0.10220895353747592,-5.679272801353801
3,2206.0,-0.14562338236950484,0.10220994086060796,-5.67924792543066
3,2207.0,-0.14562319489365605,0.10221092567608697,-5.679223112649939
3,2208.0,-0.14562300789488716,0.10221190798391297,-5.679198363011639
3,2209.0,-0.14562282137319812,0.10221288778408594,-5.679173676515752
3,2210.0,-0.14562263532858896,0.10221386507660589,-5.679149053162284
3,2211.0,-0.1456224497610597,0.10221483986147283,-5.679124492951235
3,2212.0,-0.1456222646706103,0.10221581213868675,-5.679099995882603
3,2213.0,-0.14562208005724078,0.10221678190824764,-5.67907556195639
3,2214.0,-0.14562189592095112,0.1022177491701555,-5.679051191172592
3,2215.0,-0.14562171226174137,0.10221871392441036,-5.679026883531214
3,2216.0,-0.14562152907961148,0.10221967617101219,-5.679002639032255
3,2217.0,-0.14562134637456148,0.10222063590996099,-5.678978457675713
3,2218.0,-0.14562116414659132,0.10222159314125677,-5.678954339461583
3,2219.0,-0.14562098239570107,0.10222254786489954,-5.678930284389879
3,2220.0,-0.14562080121111456,0.10222349961264562,-5.678906304269537
3,2221.0,-0.14562062072564363,0.10222444768808524,-5.678882416678456
3,2222.0,-0.14562044064800403,0.10222539362021549,-5.678858583064617
3,2223.0,-0.1456202609781958,0.10222633740903639,-5.678834803428023
3,2224.0,-0.14562008171621893,0.10222727905454795,-5.678811077768678
3,2225.0,-0.14561990286207338,0.10222821855675016,-5.678787406086575
3,2226.0,-0.1456197244157592,0.10222915591564301,-5.678763788381721
3,2227.0,-0.14561954637727637,0.10223009113122651,-5.678740224654108
3,2228.0,-0.1456193687466249,0.10223102420350066,-5.678716714903744
3,2229.0,-0.14561919152380476,0.10223195513246545,-5.678693259130621
3,2230.0,-0.14561901470881597,0.10223288391812091,-5.678669857334745
3,2231.0,-0.14561883830165853,0.10223381056046701,-5.6786465095161125
3,2232.0,-0.14561866230233247,0.10223473505950376,-5.678623215674731
3,2233.0,-0.14561848671083774,0.10223565741523115,-5.678599975810593
3,2234.0,-0.14561831152717436,0.1022365776276492,-5.678576789923698
3,2235.0,-0.14561813675134233,0.1022374956967579,-5.678553658014048
3,2236.0,-0.14561796238334165,0.10223841162255724,-5.6785305800816435
3,2237.0,-0.14561778842317233,0.10223932540504724,-5.678507556126488
3,2238.0,-0.14561761487083433,0.10224023704422788,-5.67848458614857
3,2239.0,-0.1456174417263277,0.10224114654009918,-5.678461670147901
3,2240.0,-0.14561726898965244,0.10224205389266111,-5.678438808124481
3,2241.0,-0.14561709666080852,0.10224295910191371,-5.678416000078304
3,2242.0,-0.14561692473979593,0.10224386216785694,-5.67839324600937
3,2243.0,-0.14561675322661471,0.10224476309049084,-5.678370545917684
3,2244.0,-0.14561658212126483,0.10224566186981537,-5.678347899803241
3,2245.0,-0.14561641142374632,0.10224655850583056,-5.6783253076660465
3,2246.0,-0.14561624113405913,0.1022474529985364,-5.678302769506093
3,2247.0,-0.1456160712522033,0.10224834534793288,-5.678280285323386
3,2248.0,-0.14561590177817885,0.10224923555402002,-5.678257855117927
3,2249.0,-0.14561573271198572,0.1022501236167978,-5.678235478889711
3,2250.0,-0.14561556405362394,0.10225100953626624,-5.678213156638741
3,2251.0,-0.14561539580309352,0.10225189331242532,-5.678190888365014
3,2252.0,-0.14561522796039444,0.10225277494527506,-5.6781686740685355
3,2253.0,-0.14561506052552672,0.10225365443481543,-5.678146513749301
3,2254.0,-0.14561489349849036,0.10225453178104646,-5.678124407407312
3,2255.0,-0.14561472687928534,0.10225540698396815,-5.678102355042569
3,2256.0,-0.14561456066791167,0.10225628004358048,-5.6780803566550695
3,2257.0,-0.14561439486436936,0.10225715095988346,-5.678058412244816
3,2258.0,-0.14561422946865837,0.10225801973287708,-5.678036521811807
3,2259.0,-0.14561406448077877,0.10225888636256135,-5.678014685356044
3,2260.0,-0.14561389990073048,0.10225975084893628,-5.677992902877526
3,2261.0,-0.14561373572851358,0.10226061319200186,-5.677971174376254
3,2262.0,-0.145613571964128,0.10226147339175808,-5.677949499852225
3,2263.0,-0.1456134086075738,0.10226233144820496,-5.677927879305447
3,2264.0,-0.14561324565885092,0.10226318736134248,-5.677906312735908
3,2265.0,-0.14561308311795942,0.10226404113117064,-5.677884800143619
3,2266.0,-0.14561292098489925,0.10226489275768946,-5.677863341528572
3,2267.0,-0.14561275925967043,0.10226574224089893,-5.677841936890771
3,2268.0,-0.14561259794227296,0.10226658958079905,-5.677820586230213
3,2269.0,-0.14561243703270685,0.10226743477738982,-5.677799289546902
3,2270.0,-0.14561227653097208,0.10226827783067124,-5.677778046840838
3,2271.0,-0.14561211643706867,0.1022691187406433,-5.677756858112018
3,2272.0,-0.1456119567509966,0.10226995750730603,-5.677735723360445
3,2273.0,-0.1456117974727559,0.10227079413065938,-5.677714642586115
3,2274.0,-0.14561163860234655,0.10227162861070341,-5.677693615789032
3,2275.0,-0.14561148013976852,0.10227246094743807,-5.677672642969191
3,2276.0,-0.14561132208502187,0.10227329114086338,-5.677651724126599
3,2277.0,-0.14561116443810657,0.10227411919097934,-5.677630859261252
3,2278.0,-0.1456110071990226,0.10227494509778595,-5.677610048373146
3,2279.0,-0.14561085036777,0.10227576886128321,-5.677589291462289
3,2280.0,-0.14561069394434872,0.10227659048147113,-5.677568588528675
3,2281.0,-0.14561053792875883,0.10227740995834968,-5.67754793957231
3,2282.0,-0.14561038232100026,0.10227822729191889,-5.677527344593188
3,2283.0,-0.14561022712107305,0.10227904248217874,-5.677506803591308
3,2284.0,-0.1456100723289772,0.10227985552912926,-5.677486316566681
3,2285.0,-0.14560991813791996,0.10228066541891004,-5.677465909090638
3,2286.0,-0.14560976443403575,0.10228147274963911,-5.677445566092861
3,2287.0,-0.14560961107605142,0.10228227826280308,-5.677425268875584
3,2288.0,-0.14560945806396694,0.10228308195840193,-5.6774050174388
3,2289.0,-0.14560930539778233,0.10228388383643568,-5.677384811782518
3,2290.0,-0.14560915307749753,0.10228468389690432,-5.677364651906721
3,2291.0,-0.14560900110311262,0.10228548213980784,-5.677344537811425
3,2292.0,-0.14560884947462754,0.10228627856514627,-5.6773244694966225
3,2293.0,-0.1456086981920423,0.10228707317291959,-5.677304446962315
3,2294.0,-0.14560854725535693,0.10228786596312779,-5.677284470208502
3,2295.0,-0.14560839666457143,0.1022886569357709,-5.6772645392351855
3,2296.0,-0.14560824641968576,0.10228944609084889,-5.677244654042363
3,2297.0,-0.14560809652069995,0.10229023342836177,-5.677224814630037
3,2298.0,-0.14560794696761398,0.10229101894830955,-5.677205020998207
3,2299.0,-0.14560779776042787,0.10229180265069222,-5.67718527314687
3,2300.0,-0.1456076488991416,0.10229258453550978,-5.677165571076028
3,2301.0,-0.1456075003837552,0.10229336460276224,-5.67714591478568
3,2302.0,-0.14560735221426863,0.10229414285244959,-5.67712630427583
3,2303.0,-0.14560720439068192,0.10229491928457182,-5.677106739546471
3,2304.0,-0.14560705691299505,0.10229569389912896,-5.677087220597608
3,2305.0,-0.14560690978120805,0.10229646669612098,-5.677067747429242
3,2306.0,-0.1456067629953209,0.1022972376755479,-5.67704832004137
3,2307.0,-0.1456066165553336,0.10229800683740971,-5.6770289384339945
3,2308.0,-0.14560647046124617,0.10229877418170641,-5.677009602607115
3,2309.0,-0.14560632471305857,0.102299539708438,-5.676990312560727
3,2310.0,-0.14560617931077083,0.10230030341760447,-5.676971068294838
3,2311.0,-0.14560603425438293,0.10230106530920585,-5.67695186980944
3,2312.0,-0.1456058895438949,0.10230182538324213,-5.676932717104542
3,2313.0,-0.1456057451793067,0.10230258363971328,-5.676913610180133
3,2314.0,-0.14560560116061835,0.10230334007861934,-5.676894549036223
3,2315.0,-0.14560545748782985,0.10230409469996028,-5.676875533672807
3,2316.0,-0.14560531416094122,0.10230484750373613,-5.676856564089884
3,2317.0,-0.14560517117995245,0.10230559848994686,-5.676837640287462
3,2318.0,-0.1456050285448635,0.10230634765859248,-5.67681876226553
3,2319.0,-0.14560488625567442,0.102307095009673,-5.676799930024092
3,2320.0,-0.1456047443123852,0.1023078405431884,-5.676781143563157
3,2321.0,-0.1456046027149958,0.1023085842591387,-5.676762402882709
3,2322.0,-0.1456044614635063,0.10230932615752389,-5.676743707982759
3,2323.0,-0.1456043205579166,0.10231006623834397,-5.676725058863302
3,2324.0,-0.1456041799982268,0.10231080450159895,-5.676706455524344
3,2325.0,-0.14560403978443684,0.10231154094728882,-5.676687897965878
3,2326.0,-0.1456038999165467,0.10231227557541359,-5.676669386187907
3,2327.0,-0.14560376039455644,0.10231300838597324,-5.676650920190433
3,2328.0,-0.145603621218466,0.10231373937896777,-5.676632499973451
3,2329.0,-0.14560348238827545,0.10231446855439721,-5.676614125536967
3,2330.0,-0.14560334390398474,0.10231519591226154,-5.676595796880976
3,2331.0,-0.14560320576559388,0.10231592145256077,-5.6765775140054835
3,2332.0,-0.14560306797310288,0.10231664517529489,-5.676559276910484
3,2333.0,-0.14560293052651171,0.10231736708046389,-5.676541085595978
3,2334.0,-0.14560279342582041,0.10231808716806778,-5.67652294006197
3,2335.0,-0.14560265667102895,0.10231880543810658,-5.676504840308453
3,2336.0,-0.14560252026213735,0.10231952189058026,-5.676486786335435
3,2337.0,-0.1456023841991456,0.10232023652548884,-5.676468778142907
3,2338.0,-0.1456022484820537,0.10232094934283231,-5.676450815730878
3,2339.0,-0.14560211311086166,0.10232166034261067,-5.676432899099346
3,2340.0,-0.14560197808556946,0.10232236952482392,-5.676415028248306
3,2341.0,-0.1456018434061771,0.10232307688947206,-5.676397203177761
3,2342.0,-0.14560170907268463,0.1023237824365551,-5.676379423887718
3,2343.0,-0.14560157508509197,0.10232448616607304,-5.67636169037816
3,2344.0,-0.14560144144339918,0.10232518807802586,-5.676344002649102
3,2345.0,-0.14560130814760625,0.10232588817241357,-5.676326360700537
3,2346.0,-0.14560117519771315,0.10232658644923617,-5.676308764532467
3,2347.0,-0.14560104259371992,0.10232728290849367,-5.676291214144894
3,2348.0,-0.14560091033562655,0.10232797755018606,-5.676273709537818
3,2349.0,-0.145600778423433,0.10232867037431334,-5.676256250711231
3,2350.0,-0.14560064685713933,0.10232936138087552,-5.676238837665144
3,2351.0,-0.1456005156367455,0.10233005056987259,-5.67622147039955
3,2352.0,-0.1456003847622515,0.10233073794130455,-5.67620414891445
3,2353.0,-0.14560025440729474,0.10233142258398771,-5.676186896191077
3,2354.0,-0.1456001244837337,0.10233210496091735,-5.6761697005637375
3,2355.0,-0.1455999948510045,0.10233278580984478,-5.6761525434285405
3,2356.0,-0.14559986550910722,0.10233346513076999,-5.676135424785494
3,2357.0,-0.14559973645804183,0.10233414292369299,-5.6761183446345935
3,2358.0,-0.14559960769780833,0.10233481918861377,-5.67610130297584
3,2359.0,-0.1455994792284067,0.10233549392553234,-5.676084299809229
3,2360.0,-0.14559935104983696,0.10233616713444871,-5.6760673351347695
3,2361.0,-0.1455992231620991,0.10233683881536286,-5.676050408952454
3,2362.0,-0.14559909556519313,0.10233750896827479,-5.676033521262283
3,2363.0,-0.14559896825911905,0.1023381775931845,-5.676016672064263
3,2364.0,-0.14559884124387687,0.10233884469009202,-5.675999861358388
3,2365.0,-0.14559871451946654,0.1023395102589973,-5.675983089144656
3,2366.0,-0.14559858808588813,0.10234017429990039,-5.675966355423073
3,2367.0,-0.1455984619431416,0.10234083681280126,-5.675949660193639
3,2368.0,-0.14559833609122694,0.10234149779769991,-5.675933003456345
3,2369.0,-0.14559821053014418,0.10234215725459635,-5.6759163852112025
3,2370.0,-0.14559808525989332,0.10234281518349059,-5.6758998054582035
3,2371.0,-0.1455979602804743,0.10234347158438259,-5.675883264197353
3,2372.0,-0.14559783559188721,0.1023441264572724,-5.675866761428646
3,2373.0,-0.145597711194132,0.10234477980215999,-5.67585029715209
3,2374.0,-0.14559758708720866,0.10234543161904536,-5.675833871367677
3,2375.0,-0.14559746327111722,0.10234608190792852,-5.675817484075412
3,2376.0,-0.14559733974585767,0.10234673066880946,-5.675801135275294
3,2377.0,-0.14559721651142998,0.1023473779016882,-5.67578482496732
3,2378.0,-0.1455970935678342,0.10234802360656473,-5.675768553151494
3,2379.0,-0.1455969709150703,0.10234866778343904,-5.675752319827811
3,2380.0,-0.14559684855313829,0.10234931043231113,-5.6757361249962806
3,2381.0,-0.14559672648203817,0.10234995155318101,-5.675719968656896
3,2382.0,-0.1455966047017699,0.10235059114604868,-5.6757038508096525
3,2383.0,-0.14559648321233357,0.10235122921091414,-5.675687771454558
3,2384.0,-0.14559636201372908,0.10235186574777738,-5.675671730591607
3,2385.0,-0.1455962411059565,0.1023525007566384,-5.675655728220809
3,2386.0,-0.1455961204890158,0.10235313423749723,-5.675639764342151
3,2387.0,-0.145596000162907,0.10235376619035383,-5.675623838955644
3,2388.0,-0.14559588012763008,0.10235439661520822,-5.675607952061284
3,2389.0,-0.14559576038318503,0.1023550255120604,-5.675592103659066
3,2390.0,-0.1455956409295719,0.10235565288091035,-5.675576293748997
3,2391.0,-0.1455955217667906,0.1023562787217581,-5.675560522331072
3,2392.0,-0.14559540289484124,0.10235690303460364,-5.675544789405295
3,2393.0,-0.14559528431372373,0.10235752581944696,-5.675529094971665
3,2394.0,-0.14559516602343814,0.10235814707628807,-5.675513439030183
3,2395.0,-0.1455950480239844,0.10235876680512697,-5.6754978215808425
3,2396.0,-0.14559493031536258,0.10235938500596366,-5.675482242623655
3,2397.0,-0.14559481289757262,0.10236000167879812,-5.675466702158609
3,2398.0,-0.14559469577061457,0.10236061682363037,-5.6754512001857105
3,2399.0,-0.14559457893448838,0.10236123044046043,-5.675435736704955
3,2400.0,-0.1455944623891941,0.10236184252928826,-5.675420311716353
3,2401.0,-0.14559434613473168,0.10236245309011387,-5.675404925219893
3,2402.0,-0.14559423017110118,0.10236306212293728,-5.675389577215581
3,2403.0,-0.14559411449830253,0.10236366962775846,-5.675374267703412
3,2404.0,-0.1455939991163358,0.10236427560457745,-5.675358996683396
3,2405.0,-0.14559388402520093,0.10236488005339421,-5.675343764155519
3,2406.0,-0.14559376922489795,0.10236548297420876,-5.675328570119792
3,2407.0,-0.14559365471542687,0.1023660843670211,-5.675313414576212
3,2408.0,-0.14559354049678766,0.10236668423183122,-5.675298297524777
3,2409.0,-0.14559342656898036,0.10236728256863914,-5.675283218965491
3,2410.0,-0.14559331293200492,0.10236787937744483,-5.675268178898349
3,2411.0,-0.1455931995858614,0.10236847465824832,-5.675253177323356
3,2412.0,-0.14559308653054973,0.10236906841104959,-5.675238214240505
3,2413.0,-0.14559297376606994,0.10236966063584865,-5.675223289649801
3,2414.0,-0.14559286129242208,0.10237025133264549,-5.675208403551247
3,2415.0,-0.14559274910960607,0.10237084050144013,-5.675193555944836
3,2416.0,-0.14559263721762197,0.10237142814223255,-5.675178746830575
3,2417.0,-0.14559252561646974,0.10237201425502275,-5.6751639762084585
3,2418.0,-0.1455924143061494,0.10237259883981074,-5.6751492440784865
3,2419.0,-0.14559230328666095,0.10237318189659653,-5.675134550440664
3,2420.0,-0.14559219255800437,0.10237376342538008,-5.675119895294987
3,2421.0,-0.14559208212017968,0.10237434342616143,-5.675105278641453
3,2422.0,-0.1455919719731869,0.10237492189894058,-5.675090700480071
3,2423.0,-0.145591862117026,0.10237549884371751,-5.675076160810833
3,2424.0,-0.14559175255169698,0.10237607426049222,-5.675061659633742
3,2425.0,-0.14559164350391532,0.10237664695957,-5.675047226955012
3,2426.0,-0.14559153475214778,0.1023772181038704,-5.675032833454313
3,2427.0,-0.14559142624256122,0.10237778797592535,-5.67501847200672
3,2428.0,-0.14559131797515562,0.1023783565757348,-5.675004142612232
3,2429.0,-0.14559120994993097,0.10237892390329877,-5.674989845270845
3,2430.0,-0.1455911021668873,0.10237948995861726,-5.674975579982569
3,2431.0,-0.1455909946260246,0.10238005474169026,-5.674961346747395
3,2432.0,-0.14559088732734288,0.10238061825251778,-5.674947145565331
3,2433.0,-0.1455907802708421,0.10238118049109982,-5.674932976436369
3,2434.0,-0.14559067345652232,0.10238174145743636,-5.6749188393605206
3,2435.0,-0.1455905668843835,0.10238230115152744,-5.6749047343377725
3,2436.0,-0.14559046055442562,0.10238285957337302,-5.674890661368128
3,2437.0,-0.14559035446664875,0.10238341672297312,-5.674876620451595
3,2438.0,-0.14559024862105283,0.10238397260032774,-5.674862611588166
3,2439.0,-0.14559014301763787,0.10238452720543686,-5.67484863477784
3,2440.0,-0.14559003765640388,0.10238508053830052,-5.674834690020624
3,2441.0,-0.14558993253735086,0.10238563259891868,-5.674820777316516
3,2442.0,-0.14558982766047882,0.10238618338729137,-5.674806896665509
3,2443.0,-0.14558972302578774,0.10238673290341857,-5.67479304806761
3,2444.0,-0.1455896186332776,0.10238728114730028,-5.674779231522814
3,2445.0,-0.14558951448294846,0.10238782811893651,-5.674765447031128
3,2446.0,-0.1455894105748003,0.10238837381832726,-5.674751694592548
3,2447.0,-0.14558930690883307,0.10238891824547253,-5.674737974207069
3,2448.0,-0.14558920348504684,0.1023894614003723,-5.674724285874702
3,2449.0,-0.14558910030344155,0.1023900032830266,-5.674710629595438
3,2450.0,-0.14558899736401726,0.10239054389343541,-5.674697005369282
3,2451.0,-0.1455888946667739,0.10239108323159873,-5.674683413196229
3,2452.0,-0.14558879221171153,0.10239162129751658,-5.674669853076285
3,2453.0,-0.14558868999883012,0.10239215809118894,-5.674656325009443
3,2454.0,-0.1455885880281297,0.10239269361261583,-5.6746428289957125
3,2455.0,-0.14558848629961024,0.10239322786179722,-5.674629365035086
3,2456.0,-0.14558838481327174,0.10239376083873312,-5.674615933127561
3,2457.0,-0.1455882835691142,0.10239429254342355,-5.674602533273149
3,2458.0,-0.14558818256713763,0.1023948229758685,-5.674589165471835
3,2459.0,-0.14558808180734203,0.10239535213606796,-5.674575829723633
3,2460.0,-0.14558798128972741,0.10239588002402193,-5.674562526028537
3,2461.0,-0.14558788101429376,0.10239640663973042,-5.674549254386547
3,2462.0,-0.14558778098104105,0.10239693198319343,-5.674536014797658
3,2463.0,-0.14558768118996934,0.10239745605441096,-5.674522807261879
3,2464.0,-0.14558758164107857,0.10239797885338299,-5.674509631779206
3,2465.0,-0.1455874823343688,0.10239850038010956,-5.674496488349638
3,2466.0,-0.14558738326983997,0.10239902063459062,-5.6744833769731775
3,2467.0,-0.1455872844474921,0.10239953961682621,-5.674470297649822
3,2468.0,-0.14558718586732525,0.10240005732681633,-5.674457250379573
3,2469.0,-0.14558708752933933,0.10240057376456095,-5.674444235162428
3,2470.0,-0.14558698943353438,0.10240108893006009,-5.67443125199839
3,2471.0,-0.1455868915799104,0.10240160282331374,-5.674418300887461
3,2472.0,-0.14558679396846738,0.10240211544432191,-5.674405381829633
3,2473.0,-0.14558669659920534,0.1024026267930846,-5.674392494824914
3,2474.0,-0.14558659947212427,0.1024031368696018,-5.674379639873303
3,2475.0,-0.14558650258722416,0.10240364567387353,-5.674366816974794
3,2476.0,-0.145586405944505,0.10240415320589975,-5.67435402612939
3,2477.0,-0.14558630954396684,0.10240465946568052,-5.674341267337096
3,2478.0,-0.14558621338560965,0.10240516445321578,-5.674328540597909
3,2479.0,-0.1455861174694334,0.10240566816850556,-5.674315845911824
3,2480.0,-0.14558602179543814,0.10240617061154987,-5.674303183278848
3,2481.0,-0.14558592636362383,0.10240667178234869,-5.6742905526989755
3,2482.0,-0.14558583117399052,0.10240717168090202,-5.67427795417221
3,2483.0,-0.14558573622653814,0.10240767030720987,-5.674265387698552
3,2484.0,-0.14558564152126674,0.10240816766127224,-5.674252853277996
3,2485.0,-0.1455855470581763,0.10240866374308912,-5.674240350910546
3,2486.0,-0.14558545283726684,0.10240915855266051,-5.674227880596208
3,2487.0,-0.14558535885853835,0.10240965208998644,-5.6742154423349715
3,2488.0,-0.14558526512199083,0.10241014435506687,-5.674203036126841
3,2489.0,-0.14558517162762427,0.10241063534790182,-5.674190661971819
3,2490.0,-0.1455850783754387,0.10241112506849129,-5.6741783198699025
3,2491.0,-0.14558498536543407,0.10241161351683527,-5.674166009821089
3,2492.0,-0.14558489259761043,0.10241210069293376,-5.6741537318253865
3,2493.0,-0.14558480007196772,0.10241258659678677,-5.674141485882784
3,2494.0,-0.14558470778850602,0.10241307122839431,-5.6741292719932925
3,2495.0,-0.14558461574722528,0.10241355458775635,-5.674117090156907
3,2496.0,-0.1455845239481255,0.10241403667487292,-5.6741049403736215
3,2497.0,-0.14558443239120666,0.10241451748974399,-5.674092822643445
3,2498.0,-0.14558434107646884,0.10241499703236959,-5.674080736966378
3,2499.0,-0.14558425000391195,0.1024154753027497,-5.674068683342414
3,2500.0,-0.14558415917353604,0.10241595230088432,-5.674056661771556
3,2501.0,-0.14558406882176922,0.10241642678609031,-5.67404470354551
3,2502.0,-0.14558397868908746,0.10241690012058699,-5.6740327743157835
3,2503.0,-0.14558388875591308,0.10241737240712312,-5.674020871491232
3,2504.0,-0.14558379902224605,0.10241784364569868,-5.6740089950718575
3,2505.0,-0.14558370948808638,0.10241831383631371,-5.673997145057652
3,2506.0,-0.1455836201534341,0.10241878297896818,-5.673985321448625
3,2507.0,-0.14558353101828916,0.10241925107366211,-5.673973524244773
3,2508.0,-0.1455834420826516,0.10241971812039549,-5.673961753446092
3,2509.0,-0.1455833533465214,0.10242018411916831,-5.6739500090525885
3,2510.0,-0.14558326480989855,0.1024206490699806,-5.6739382910642595
3,2511.0,-0.14558317647278307,0.10242111297283231,-5.673926599481102
3,2512.0,-0.14558308833517497,0.10242157582772349,-5.67391493430312
3,2513.0,-0.14558300039707422,0.10242203763465411,-5.673903295530313
3,2514.0,-0.14558291265848083,0.10242249839362419,-5.67389168316268
3,2515.0,-0.1455828251193948,0.10242295810463371,-5.673880097200217
3,2516.0,-0.14558273777981615,0.1024234167676827,-5.673868537642934
3,2517.0,-0.14558265063974488,0.10242387438277112,-5.673857004490827
3,2518.0,-0.14558256369918093,0.102424330949899,-5.673845497743891
3,2519.0,-0.14558247695812437,0.10242478646906633,-5.673834017402127
3,2520.0,-0.14558239041657517,0.1024252409402731,-5.673822563465541
3,2521.0,-0.14558230407453335,0.10242569436351932,-5.673811135934131
3,2522.0,-0.14558221793199888,0.102426146738805,-5.673799734807893
3,2523.0,-0.14558213198897177,0.10242659806613014,-5.673788360086829
3,2524.0,-0.145582046245452,0.10242704834549471,-5.673777011770937
3,2525.0,-0.14558196070143964,0.10242749757689874,-5.6737656898602244
3,2526.0,-0.14558187535693462,0.10242794576034221,-5.673754394354684
3,2527.0,-0.14558179021193698,0.10242839289582514,-5.673743125254319
3,2528.0,-0.1455817052664467,0.10242883898334752,-5.673731882559127
3,2529.0,-0.14558162052046378,0.10242928402290935,-5.6737206662691095
3,2530.0,-0.1455815359739882,0.10242972801451063,-5.673709476384262
3,2531.0,-0.14558145162702002,0.10243017095815135,-5.6736983129045955
3,2532.0,-0.1455813674795592,0.10243061285383154,-5.673687175830101
3,2533.0,-0.14558128353160574,0.10243105370155116,-5.673676065160782
3,2534.0,-0.14558119978315964,0.10243149350131024,-5.673664980896638
3,2535.0,-0.1455811162342209,0.10243193225310877,-5.673653923037667
3,2536.0,-0.14558103288478952,0.10243236995694675,-5.67364289158387
3,2537.0,-0.14558094973486552,0.10243280661282418,-5.673631886535248
3,2538.0,-0.14558086678444887,0.10243324222074106,-5.673620907891798
3,2539.0,-0.1455807840335396,0.1024336767806974,-5.673609955653527
3,2540.0,-0.14558070148213767,0.10243411029269317,-5.6735990298204255
3,2541.0,-0.14558061913024314,0.1024345427567284,-5.673588130392503
3,2542.0,-0.14558053697785595,0.10243497417280308,-5.673577257369753
3,2543.0,-0.14558045502497613,0.10243540454091721,-5.673566410752177
3,2544.0,-0.14558037327160367,0.10243583386107079,-5.673555590539775
3,2545.0,-0.14558029171773856,0.10243626213326382,-5.673544796732545
3,2546.0,-0.14558021036338084,0.10243668935749631,-5.673534029330494
3,2547.0,-0.14558012920853047,0.10243711553376823,-5.673523288333616
3,2548.0,-0.14558004825318746,0.10243754066207962,-5.67351257374191
3,2549.0,-0.14557996749735183,0.10243796474243044,-5.673501885555382
3,2550.0,-0.14557988694102356,0.10243838777482073,-5.673491223774027
3,2551.0,-0.14557980658420266,0.10243880975925046,-5.673480588397848
3,2552.0,-0.1455797264268891,0.10243923069571964,-5.673469979426838
3,2553.0,-0.14557964646908292,0.10243965058422827,-5.673459396861006
3,2554.0,-0.14557956671078412,0.10244006942477635,-5.673448840700351
3,2555.0,-0.14557948715199265,0.10244048721736389,-5.673438310944865
3,2556.0,-0.14557940779270856,0.10244090396199086,-5.673427807594558
3,2557.0,-0.14557932863293185,0.1024413196586573,-5.673417330649422
3,2558.0,-0.14557924967266248,0.10244173430736318,-5.673406880109462
3,2559.0,-0.14557917091190048,0.10244214790810852,-5.673396455974674
3,2560.0,-0.14557909235064587,0.1024425604608933,-5.673386058245066
3,2561.0,-0.14557901398889858,0.10244297196571753,-5.673375686920627
3,2562.0,-0.14557893582665868,0.10244338242258122,-5.673365342001363
3,2563.0,-0.14557885786392616,0.10244379183148435,-5.673355023487277
3,2564.0,-0.14557878010070097,0.10244420019242693,-5.6733447313783625
3,2565.0,-0.14557870253698316,0.10244460750540896,-5.673334465674621
3,2566.0,-0.14557862517277273,0.10244501377043044,-5.67332422637606
3,2567.0,-0.14557854800806963,0.10244541898749138,-5.673314013482666
3,2568.0,-0.1455784710428739,0.10244582315659176,-5.673303826994449
3,2569.0,-0.14557839427718555,0.1024462262777316,-5.673293666911405
3,2570.0,-0.14557831771100457,0.10244662835091088,-5.673283533233542
3,2571.0,-0.14557824134433095,0.10244702937612962,-5.673273425960847
3,2572.0,-0.14557816517716468,0.1024474293533878,-5.673263345093327
3,2573.0,-0.1455780892095058,0.10244782828268544,-5.673253290630986
3,2574.0,-0.14557801344135426,0.10244822616402252,-5.673243262573815
3,2575.0,-0.1455779378727101,0.10244862299739906,-5.673233260921819
3,2576.0,-0.14557786250357327,0.10244901878281504,-5.673223285674997
3,2577.0,-0.14557778733394383,0.10244941352027048,-5.6732133368333475
3,2578.0,-0.14557771236382178,0.10244980720976536,-5.673203414396878
3,2579.0,-0.14557763759320705,0.1024501998512997,-5.6731935183655775
3,2580.0,-0.1455775630220997,0.10245059144487348,-5.673183648739453
3,2581.0,-0.1455774887524754,0.1024509814553103,-5.673173819015179
3,2582.0,-0.14557741479912323,0.10245136980517255,-5.673164031150112
3,2583.0,-0.145577341008149,0.1024517573021824,-5.673154264776073
3,2584.0,-0.14557726737955276,0.10245214394633982,-5.673144519893064
3,2585.0,-0.14557719391333446,0.10245252973764483,-5.673134796501082
3,2586.0,-0.1455771206094941,0.10245291467609742,-5.673125094600122
3,2587.0,-0.14557704746803168,0.10245329876169759,-5.6731154141901925
3,2588.0,-0.14557697448894724,0.10245368199444535,-5.673105755271289
3,2589.0,-0.14557690167224074,0.1024540643743407,-5.6730961178434125
3,2590.0,-0.14557682901791222,0.10245444590138363,-5.6730865019065675
3,2591.0,-0.1455767565259616,0.10245482657557413,-5.673076907460743
3,2592.0,-0.14557668419638897,0.10245520639691222,-5.673067334505947
3,2593.0,-0.1455766120291943,0.1024555853653979,-5.673057783042181
3,2594.0,-0.14557654002437756,0.10245596348103116,-5.673048253069439
3,2595.0,-0.14557646818193878,0.102456340743812,-5.673038744587727
3,2596.0,-0.14557639650187795,0.10245671715374043,-5.67302925759704
3,2597.0,-0.14557632498419507,0.10245709271081645,-5.67301979209738
3,2598.0,-0.14557625362889015,0.10245746741504004,-5.673010348088746
3,2599.0,-0.14557618243596318,0.10245784126641122,-5.6730009255711416
3,2600.0,-0.14557611140541415,0.10245821426492999,-5.672991524544563
3,2601.0,-0.14557604053724307,0.10245858641059633,-5.672982145009009
3,2602.0,-0.14557596983144996,0.10245895770341026,-5.6729727869644835
3,2603.0,-0.1455758992880348,0.10245932814337178,-5.672963450410986
3,2604.0,-0.14557582890699758,0.10245969773048087,-5.672954135348513
3,2605.0,-0.14557575868833833,0.10246006646473756,-5.672944841777071
3,2606.0,-0.14557568863205703,0.10246043434614181,-5.672935569696653
3,2607.0,-0.14557561873815367,0.10246080137469367,-5.672926319107262
3,2608.0,-0.14557554900662825,0.1024611675503931,-5.672917090008898
3,2609.0,-0.1455754794374808,0.10246153287324011,-5.672907882401562
3,2610.0,-0.1455754100307113,0.10246189734323471,-5.672898696285253
3,2611.0,-0.14557534078631976,0.1024622609603769,-5.67288953165997
3,2612.0,-0.14557527170430618,0.10246262372466668,-5.672880388525716
3,2613.0,-0.14557520278467054,0.10246298563610402,-5.67287126688249
3,2614.0,-0.14557513402741284,0.10246334669468896,-5.672862166730287
3,2615.0,-0.1455750654325331,0.10246370690042148,-5.672853088069111
3,2616.0,-0.14557499700003132,0.10246406625330158,-5.672844030898964
3,2617.0,-0.1455749287299075,0.10246442475332927,-5.6728349952198425
3,2618.0,-0.1455748606221616,0.10246478240050454,-5.672825981031749
3,2619.0,-0.14557479267679369,0.10246513919482739,-5.6728169883346835
3,2620.0,-0.14557472489380371,0.10246549513629784,-5.672808017128645
3,2621.0,-0.1455746572731917,0.10246585022491585,-5.672799067413633
3,2622.0,-0.1455745898149576,0.10246620446068146,-5.672790139189646
3,2623.0,-0.1455745225191015,0.10246655784359465,-5.672781232456689
3,2624.0,-0.14557445538562333,0.10246691037365542,-5.672772347214757
3,2625.0,-0.1455743884145231,0.10246726205086377,-5.67276348346385
3,2626.0,-0.14557432160580083,0.10246761287521972,-5.672754641203969
3,2627.0,-0.14557425495945653,0.10246796284672324,-5.672745820435121
3,2628.0,-0.14557418847549017,0.10246831196537436,-5.672737021157296
3,2629.0,-0.14557412215390175,0.10246866023117304,-5.672728243370498
3,2630.0,-0.1455740559946913,0.10246900764411933,-5.67271948707473
3,2631.0,-0.1455739899978588,0.10246935420421319,-5.672710752269987
3,2632.0,-0.14557392416340426,0.10246969991145463,-5.672702038956272
3,2633.0,-0.14557385849132765,0.10247004476584365,-5.672693347133579
3,2634.0,-0.145573792981629,0.10247038876738027,-5.672684676801919
3,2635.0,-0.14557372763430831,0.10247073191606446,-5.672676027961284
3,2636.0,-0.1455736624493656,0.10247107421189623,-5.67266740061168
3,2637.0,-0.1455735974268008,0.1024714156548756,-5.672658794753096
3,2638.0,-0.14557353256661396,0.10247175624500254,-5.67265021038554
3,2639.0,-0.14557346786880507,0.10247209598227708,-5.672641647509014
3,2640.0,-0.14557340333337412,0.10247243486669919,-5.672633106123514
3,2641.0,-0.14557333896032115,0.10247277289826888,-5.672624586229039
3,2642.0,-0.14557327474964613,0.10247311007698616,-5.672616087825595
3,2643.0,-0.14557321070134904,0.10247344640285103,-5.672607610913174
3,2644.0,-0.14557314681542993,0.10247378187586348,-5.672599155491782
3,2645.0,-0.14557308309188877,0.10247411649602352,-5.672590721561417
3,2646.0,-0.14557301953072554,0.10247445026333113,-5.67258230912208
3,2647.0,-0.14557295613194027,0.10247478317778633,-5.672573918173767
3,2648.0,-0.14557289289553296,0.10247511523938911,-5.672565548716483
3,2649.0,-0.1455728298215036,0.10247544644813948,-5.672557200750226
3,2650.0,-0.14557276690985219,0.10247577680403742,-5.6725488742749945
3,2651.0,-0.14557270416057874,0.10247610630708297,-5.672540569290791
3,2652.0,-0.14557264157368321,0.10247643495727608,-5.672532285797612
3,2653.0,-0.14557257914916566,0.10247676275461678,-5.672524023795464
3,2654.0,-0.14557251688702608,0.10247708969910507,-5.672515783284341
3,2655.0,-0.1455724547872644,0.10247741579074095,-5.6725075642642455
3,2656.0,-0.14557239284988072,0.1024777410295244,-5.6724993667351775
3,2657.0,-0.145572331074875,0.10247806541545544,-5.672491190697137
3,2658.0,-0.1455722694622472,0.10247838894853406,-5.67248303615012
3,2659.0,-0.14557220801199736,0.10247871162876027,-5.672474903094134
3,2660.0,-0.14557214672412547,0.10247903345613404,-5.672466791529172
3,2661.0,-0.14557208559863152,0.10247935443065542,-5.672458701455239
3,2662.0,-0.14557202463551555,0.10247967455232437,-5.672450632872331
3,2663.0,-0.14557196383477752,0.10247999382114092,-5.672442585780452
3,2664.0,-0.14557190319641744,0.10248031223710505,-5.672434560179599
3,2665.0,-0.1455718427204353,0.10248062980021674,-5.672426556069772
3,2666.0,-0.14557178240683114,0.10248094651047604,-5.672418573450974
3,2667.0,-0.14557172241229638,0.10248126154554935,-5.672410633061612
3,2668.0,-0.1455716626161633,0.10248157553887378,-5.672402718931084
3,2669.0,-0.14557160295039637,0.10248188884753372,-5.672394822054761
3,2670.0,-0.14557154341499556,0.10248220147152916,-5.672386942432639
3,2671.0,-0.14557148400996095,0.1024825134108601,-5.672379080064728
3,2672.0,-0.14557142473529247,0.10248282466552652,-5.672371234951021
3,2673.0,-0.14557136559099018,0.10248313523552846,-5.672363407091522
3,2674.0,-0.14557130657705403,0.10248344512086591,-5.672355596486224
3,2675.0,-0.145571247693484,0.10248375432153885,-5.672347803135134
3,2676.0,-0.14557118894028018,0.10248406283754728,-5.67234002703825
3,2677.0,-0.1455711303174425,0.10248437066889123,-5.672332268195574
3,2678.0,-0.14557107182497098,0.10248467781557068,-5.6723245266071
3,2679.0,-0.1455710134628656,0.10248498427758562,-5.672316802272834
3,2680.0,-0.1455709552311264,0.10248529005493606,-5.672309095192774
3,2681.0,-0.14557089712975335,0.10248559514762201,-5.6723014053669205
3,2682.0,-0.14557083915874644,0.10248589955564347,-5.672293732795269
3,2683.0,-0.14557078131810572,0.10248620327900042,-5.672286077477827
3,2684.0,-0.14557072360783113,0.10248650631769286,-5.672278439414589
3,2685.0,-0.1455706660279227,0.10248680867172082,-5.672270818605557
3,2686.0,-0.14557060857838044,0.10248711034108428,-5.672263215050731
3,2687.0,-0.14557055125920434,0.10248741132578323,-5.672255628750112
3,2688.0,-0.14557049407039438,0.10248771162581768,-5.672248059703697
3,2689.0,-0.14557043701195058,0.10248801124118764,-5.672240507911486
3,2690.0,-0.14557038008387296,0.10248831017189311,-5.672232973373487
3,2691.0,-0.14557032328616146,0.10248860841793407,-5.672225456089686
3,2692.0,-0.14557026661881614,0.10248890597931053,-5.672217956060097
3,2693.0,-0.145570210081837,0.10248920285602249,-5.672210473284714
3,2694.0,-0.14557015367522397,0.10248949904806995,-5.672203007763531
3,2695.0,-0.14557009739897714,0.10248979455545291,-5.672195559496561
3,2696.0,-0.14557004125309644,0.10249008937817139,-5.672188128483791
3,2697.0,-0.14556998523758188,0.10249038351622536,-5.672180714725227
3,2698.0,-0.1455699293524335,0.10249067696961482,-5.67217331822087
3,2699.0,-0.1455698735976513,0.1024909697383398,-5.672165938970722
3,2700.0,-0.14556981797323523,0.10249126182240027,-5.672158576974774
3,2701.0,-0.14556976247918532,0.10249155322179625,-5.672151232233034
3,2702.0,-0.14556970711550157,0.10249184393652772,-5.672143904745502
3,2703.0,-0.145569651882184,0.10249213396659469,-5.672136594512175
3,2704.0,-0.14556959677923256,0.10249242331199716,-5.672129301533054
3,2705.0,-0.14556954180664727,0.10249271197273514,-5.672122025808137
3,2706.0,-0.14556948696442815,0.10249299994880863,-5.672114767337425
3,2707.0,-0.14556943225257518,0.10249328724021761,-5.6721075261209215
3,2708.0,-0.14556937767108838,0.10249357384696209,-5.672100302158622
3,2709.0,-0.14556932321996774,0.10249385976904207,-5.67209309545053
3,2710.0,-0.14556926889921323,0.10249414500645755,-5.672085905996642
3,2711.0,-0.14556921470882492,0.10249442955920854,-5.672078733796962
3,2712.0,-0.14556916064880274,0.10249471342729503,-5.6720715788514875
3,2713.0,-0.14556910671914672,0.10249499661071701,-5.672064441160216
3,2714.0,-0.14556905291985686,0.10249527910947451,-5.672057320723154
3,2715.0,-0.14556899925093314,0.1024955609235675,-5.672050217540293
3,2716.0,-0.1455689457123756,0.10249584205299599,-5.672043131611643
3,2717.0,-0.1455688923041842,0.10249612249775998,-5.672036062937194
3,2718.0,-0.14556883902635898,0.10249640225785947,-5.672029011516954
3,2719.0,-0.1455687858788999,0.10249668133329447,-5.67202197735092
3,2720.0,-0.145568732861807,0.10249695972406497,-5.672014960439092
3,2721.0,-0.14556867997508022,0.10249723743017096,-5.672007960781465
3,2722.0,-0.14556862721871963,0.10249751445161247,-5.672000978378051
3,2723.0,-0.14556857459272518,0.10249779078838947,-5.671994013228839
3,2724.0,-0.1455685220970969,0.10249806644050197,-5.6719870653338305
3,2725.0,-0.14556846973183477,0.10249834140794997,-5.671980134693032
3,2726.0,-0.14556841749693877,0.10249861569073347,-5.671973221306436
3,2727.0,-0.14556836539240897,0.10249888928885248,-5.671966325174048
3,2728.0,-0.1455683134182453,0.10249916220230698,-5.671959446295863
3,2729.0,-0.1455682615744478,0.10249943443109699,-5.671952584671884
3,2730.0,-0.14556820986101646,0.1024997059752225,-5.671945740302116
3,2731.0,-0.14556815827795128,0.10249997683468351,-5.67193891318655
3,2732.0,-0.14556810682525223,0.10250024700948003,-5.6719321033251875
3,2733.0,-0.14556805550291937,0.10250051649961203,-5.671925310718036
3,2734.0,-0.14556800431095265,0.10250078530507956,-5.671918535365088
3,2735.0,-0.1455679532493521,0.10250105342588257,-5.671911777266343
3,2736.0,-0.1455679023181177,0.10250132086202109,-5.6719050364218075
3,2737.0,-0.14556785151724944,0.10250158761349511,-5.671898312831473
3,2738.0,-0.14556780084674736,0.10250185368030462,-5.671891606495351
3,2739.0,-0.14556775030661143,0.10250211906244965,-5.671884917413432
3,2740.0,-0.14556769989684165,0.10250238375993016,-5.6718782455857175
3,2741.0,-0.14556764961743804,0.10250264777274619,-5.67187159101221
3,2742.0,-0.1455675994684006,0.10250291110089771,-5.671864953692908
3,2743.0,-0.14556754944972927,0.10250317374438474,-5.671858333627811
3,2744.0,-0.14556749956142415,0.10250343570320726,-5.671851730816921
3,2745.0,-0.14556744980348515,0.10250369697736529,-5.671845145260236
3,2746.0,-0.14556740017591233,0.10250395756685882,-5.671838576957757
3,2747.0,-0.14556735067870566,0.10250421747168785,-5.671832025909486
3,2748.0,-0.14556730131186513,0.10250447669185238,-5.671825492115417
3,2749.0,-0.14556725207539079,0.10250473522735241,-5.671818975575556
3,2750.0,-0.14556720296928258,0.10250499307818794,-5.671812476289897
3,2751.0,-0.14556715399354053,0.10250525024435898,-5.671805994258449
3,2752.0,-0.14556710514816465,0.10250550672586552,-5.6717995294812065
3,2753.0,-0.14556705643315493,0.10250576252270756,-5.671793081958167
3,2754.0,-0.14556700784851134,0.1025060176348851,-5.671786651689333
3,2755.0,-0.14556695939423395,0.10250627206239814,-5.671780238674706
3,2756.0,-0.14556691107032269,0.10250652580524668,-5.671773842914284
3,2757.0,-0.1455668628767776,0.10250677886343072,-5.671767464408071
3,2758.0,-0.14556681484177905,0.10250703108904582,-5.67176110688579
3,2759.0,-0.14556676710221436,0.10250728176371461,-5.671754788464736
3,2760.0,-0.14556671946570168,0.1025075318972051,-5.671748483682806
3,2761.0,-0.145566671932241,0.10250778148951728,-5.671742192540002
3,2762.0,-0.1455666245018323,0.10250803054065116,-5.671735915036324
3,2763.0,-0.1455665771744756,0.10250827905060673,-5.671729651171768
3,2764.0,-0.14556652995017091,0.10250852701938402,-5.671723400946344
3,2765.0,-0.14556648282891824,0.10250877444698299,-5.671717164360043
3,2766.0,-0.14556643581071754,0.10250902133340367,-5.671710941412867
3,2767.0,-0.14556638889556886,0.10250926767864604,-5.67170473210482
3,2768.0,-0.1455663420834722,0.10250951348271012,-5.6716985364358985
3,2769.0,-0.1455662953744275,0.10250975874559588,-5.6716923544061
3,2770.0,-0.14556624876843482,0.10251000346730335,-5.671686186015429
3,2771.0,-0.14556620226549416,0.10251024764783251,-5.671680031263885
3,2772.0,-0.14556615586560548,0.10251049128718338,-5.671673890151468
3,2773.0,-0.1455661095687688,0.10251073438535593,-5.671667762678175
3,2774.0,-0.14556606337498412,0.1025109769423502,-5.671661648844007
3,2775.0,-0.14556601728425145,0.10251121895816616,-5.671655548648966
3,2776.0,-0.14556597129657078,0.10251146043280382,-5.671649462093052
3,2777.0,-0.14556592541194213,0.10251170136626317,-5.671643389176263
3,2778.0,-0.14556587963036546,0.10251194175854422,-5.671637329898601
3,2779.0,-0.14556583395184078,0.10251218160964698,-5.6716312842600605
3,2780.0,-0.14556578837636813,0.10251242091957143,-5.671625252260653
3,2781.0,-0.14556574290394747,0.10251265968831758,-5.671619233900367
3,2782.0,-0.1455656975345788,0.10251289791588541,-5.671613229179205
3,2783.0,-0.14556565226826215,0.10251313560227496,-5.671607238097176
3,2784.0,-0.1455656071049975,0.1025133727474862,-5.671601260654267
3,2785.0,-0.14556556204478482,0.10251360935151914,-5.6715952968504855
3,2786.0,-0.14556551708762416,0.10251384541437378,-5.671589346685829
3,2787.0,-0.1455654722335155,0.10251408093605012,-5.6715834101602995
3,2788.0,-0.14556542748245888,0.10251431591654815,-5.671577487273897
3,2789.0,-0.14556538283445422,0.10251455035586789,-5.67157157802662
3,2790.0,-0.14556533828950158,0.10251478425400931,-5.671565682418469
3,2791.0,-0.14556529384760092,0.10251501761097244,-5.671559800449442
3,2792.0,-0.14556524950875227,0.10251525042675727,-5.671553932119541
3,2793.0,-0.14556520527295563,0.10251548270136379,-5.6715480774287705
3,2794.0,-0.14556516114021098,0.10251571443479202,-5.67154223637712
3,2795.0,-0.14556511711051834,0.10251594562704194,-5.6715364089646
3,2796.0,-0.1455650731838777,0.10251617627811356,-5.671530595191206
3,2797.0,-0.14556502936028906,0.10251640638800688,-5.671524795056934
3,2798.0,-0.14556498563975243,0.10251663595672189,-5.67151900856179
3,2799.0,-0.1455649420222678,0.1025168649842586,-5.671513235705773
3,2800.0,-0.14556489850783516,0.10251709347061702,-5.671507476488881
3,2801.0,-0.14556485509645453,0.10251732141579713,-5.671501730911115
3,2802.0,-0.1455648117881259,0.10251754881979894,-5.671495998972473
3,2803.0,-0.14556476858284925,0.10251777568262245,-5.671490280672958
3,2804.0,-0.14556472548062463,0.10251800200426765,-5.671484576012572
3,2805.0,-0.14556468248145202,0.10251822778473456,-5.671478884991311
3,2806.0,-0.1455646395853314,0.10251845302402317,-5.671473207609173
3,2807.0,-0.14556459679226275,0.10251867772213347,-5.67146754386616
3,2808.0,-0.14556455410224614,0.10251890187906545,-5.67146189376228
3,2809.0,-0.14556451151528152,0.10251912549481916,-5.671456257297519
3,2810.0,-0.14556446903136888,0.10251934856939456,-5.671450634471886
3,2811.0,-0.14556442665050828,0.10251957110279164,-5.671445025285381
3,2812.0,-0.14556438437269967,0.10251979309501043,-5.671439429738002
3,2813.0,-0.14556434219794304,0.10252001454605092,-5.6714338478297455
3,2814.0,-0.14556430012623842,0.10252023545591311,-5.671428279560615
3,2815.0,-0.1455642581575858,0.102520455824597,-5.671422724930613
3,2816.0,-0.1455642162919852,0.10252067565210259,-5.671417183939737
3,2817.0,-0.1455641745294366,0.10252089493842986,-5.671411656587988
3,2818.0,-0.14556413286994,0.10252111368357884,-5.671406142875363
3,2819.0,-0.14556409131349538,0.10252133188754953,-5.6714006428018635
3,2820.0,-0.14556404986010277,0.1025215495503419,-5.671395156367488
3,2821.0,-0.14556400850976217,0.10252176667195598,-5.671389683572243
3,2822.0,-0.14556396726247356,0.10252198325239174,-5.671384224416122
3,2823.0,-0.14556392611823696,0.10252219929164921,-5.671378778899126
3,2824.0,-0.14556388507705237,0.10252241478972839,-5.67137334702126
3,2825.0,-0.14556384413891976,0.10252262974662925,-5.671367928782514
3,2826.0,-0.14556380330383917,0.10252284416235181,-5.671362524182898
3,2827.0,-0.14556376257181056,0.10252305803689608,-5.671357133222404
3,2828.0,-0.14556372194283398,0.10252327137026204,-5.671351755901041
3,2829.0,-0.14556368141690937,0.1025234841624497,-5.6713463922187985
3,2830.0,-0.1455636409940368,0.10252369641345907,-5.671341042175689
3,2831.0,-0.1455636006742162,0.10252390812329013,-5.671335705771698
3,2832.0,-0.14556356045744762,0.10252411929194287,-5.671330383006837
3,2833.0,-0.14556352034373102,0.10252432991941733,-5.671325073881101
3,2834.0,-0.14556348033306643,0.10252454000571348,-5.671319778394493
3,2835.0,-0.14556344042545385,0.10252474955083132,-5.6713144965470095
3,2836.0,-0.14556340062089326,0.10252495855477088,-5.67130922833865
3,2837.0,-0.14556336091938468,0.10252516701753213,-5.67130397376942
3,2838.0,-0.1455633213209281,0.10252537493911507,-5.671298732839316
3,2839.0,-0.14556328182552353,0.1025255823195197,-5.671293505548335
3,2840.0,-0.14556324243317095,0.10252578915874605,-5.671288291896481
3,2841.0,-0.1455632031438704,0.10252599545679408,-5.671283091883754
3,2842.0,-0.1455631639576218,0.10252620121366382,-5.671277905510153
3,2843.0,-0.14556312487442524,0.10252640642935526,-5.671272732775673
3,2844.0,-0.14556308589428066,0.10252661110386839,-5.671267573680324
3,2845.0,-0.14556304701718809,0.10252681523720322,-5.6712624282240975
3,2846.0,-0.14556300824314752,0.10252701882935976,-5.671257296407002
3,2847.0,-0.14556296957215897,0.10252722188033798,-5.671252178229032
3,2848.0,-0.1455629310042224,0.1025274243901379,-5.671247073690186
3,2849.0,-0.14556289253933782,0.10252762635875953,-5.6712419827904625
3,2850.0,-0.14556285417750528,0.10252782778620285,-5.671236905529868
3,2851.0,-0.14556281591872472,0.10252802867246787,-5.6712318419084005
3,2852.0,-0.14556277776299614,0.1025282290175546,-5.671226791926058
3,2853.0,-0.14556273971031958,0.10252842882146301,-5.671221755582838
3,2854.0,-0.14556270176069502,0.10252862808419312,-5.671216732878748
3,2855.0,-0.14556266391412248,0.10252882680574493,-5.671211723813788
3,2856.0,-0.14556262617060192,0.10252902498611845,-5.671206728387946
3,2857.0,-0.14556258868571736,0.10252922180873796,-5.671201767193068
3,2858.0,-0.14556255130692886,0.10252941807429033,-5.6711968200402
3,2859.0,-0.1455625140081626,0.10252961391962893,-5.671191883478431
3,2860.0,-0.14556247678941864,0.10252980934475377,-5.671186957507758
3,2861.0,-0.14556243965069693,0.10253000434966483,-5.671182042128181
3,2862.0,-0.1455624025919975,0.10253019893436212,-5.671177137339702
3,2863.0,-0.14556236561332034,0.10253039309884564,-5.671172243142327
3,2864.0,-0.14556232871466546,0.10253058684311539,-5.671167359536046
3,2865.0,-0.1455622918960328,0.10253078016717136,-5.671162486520861
3,2866.0,-0.1455622551574225,0.10253097307101355,-5.671157624096776
3,2867.0,-0.1455622184988344,0.10253116555464198,-5.671152772263789
3,2868.0,-0.1455621819202686,0.10253135761805664,-5.671147931021898
3,2869.0,-0.14556214542172508,0.10253154926125753,-5.6711431003711095
3,2870.0,-0.14556210900320382,0.10253174048424464,-5.671138280311415
3,2871.0,-0.14556207266470483,0.10253193128701797,-5.67113347084282
3,2872.0,-0.1455620364062281,0.10253212166957754,-5.671128671965323
3,2873.0,-0.14556200022777366,0.10253231163192333,-5.671123883678923
3,2874.0,-0.1455619641293415,0.10253250117405535,-5.671119105983623
3,2875.0,-0.1455619281109316,0.1025326902959736,-5.671114338879421
3,2876.0,-0.14556189217254398,0.10253287899767809,-5.671109582366316
3,2877.0,-0.14556185631417862,0.10253306727916879,-5.671104836444307
3,2878.0,-0.14556182053583552,0.10253325514044573,-5.671100101113396
3,2879.0,-0.14556178483751472,0.10253344258150889,-5.671095376373587
3,2880.0,-0.1455617492192162,0.10253362960235828,-5.671090662224874
3,2881.0,-0.14556171368093992,0.10253381620299389,-5.67108595866726
3,2882.0,-0.14556167822268593,0.10253400238341574,-5.6710812657007414
3,2883.0,-0.1455616428444542,0.1025341881436238,-5.671076583325321
3,2884.0,-0.14556160754624475,0.10253437348361812,-5.671071911541002
3,2885.0,-0.14556157232805755,0.10253455840339863,-5.671067250347776
3,2886.0,-0.14556153718989265,0.1025347429029654,-5.671062599745649
3,2887.0,-0.14556150213175,0.10253492698231838,-5.671057959734624
3,2888.0,-0.14556146715362964,0.1025351106414576,-5.671053330314691
3,2889.0,-0.14556143225553156,0.10253529388038303,-5.671048711485864
3,2890.0,-0.14556139743745575,0.1025354766990947,-5.671044103248131
3,2891.0,-0.14556136269940217,0.10253565909759259,-5.6710395056014935
3,2892.0,-0.1455613280413709,0.10253584107587671,-5.6710349185459545
3,2893.0,-0.1455612934633619,0.10253602263394707,-5.671030342081519
3,2894.0,-0.14556125896537517,0.10253620377180364,-5.671025776208175
3,2895.0,-0.14556122454741072,0.10253638448944645,-5.671021220925933
3,2896.0,-0.1455611902094685,0.10253656478687548,-5.671016676234784
3,2897.0,-0.1455611559515486,0.10253674466409074,-5.671012142134735
3,2898.0,-0.14556112177365094,0.10253692412109223,-5.671007618625789
3,2899.0,-0.14556108767577558,0.10253710315787995,-5.671003105707938
3,2900.0,-0.14556105365792246,0.1025372817744539,-5.670998603381182
3,2901.0,-0.14556101972009164,0.10253745997081407,-5.670994111645526
3,2902.0,-0.14556098586228308,0.10253763774696047,-5.670989630500969
3,2903.0,-0.1455609520844968,0.1025378151028931,-5.6709851599475085
3,2904.0,-0.14556091838673277,0.10253799203861196,-5.670980699985146
3,2905.0,-0.14556088476899104,0.10253816855411704,-5.670976250613884
3,2906.0,-0.14556085123127155,0.10253834464940835,-5.670971811833717
3,2907.0,-0.14556081777357435,0.10253852032448589,-5.670967383644649
3,2908.0,-0.14556078439589942,0.10253869557934965,-5.6709629660466785
3,2909.0,-0.1455607510982468,0.10253887041399964,-5.67095855903981
3,2910.0,-0.1455607178806164,0.10253904482843587,-5.670954162624035
3,2911.0,-0.1455606847430083,0.10253921882265833,-5.670949776799361
3,2912.0,-0.14556065168542243,0.102539392396667,-5.67094540156578
3,2913.0,-0.14556061870785886,0.10253956555046191,-5.670941036923301
3,2914.0,-0.14556058581031758,0.10253973828404304,-5.670936682871922
3,2915.0,-0.14556055299279855,0.10253991059741041,-5.670932339411638
3,2916.0,-0.14556052025530178,0.102540082490564,-5.670928006542449
3,2917.0,-0.1455604875978273,0.10254025396350382,-5.670923684264362
3,2918.0,-0.1455604550203751,0.10254042501622986,-5.670919372577371
3,2919.0,-0.14556042252294515,0.10254059564874213,-5.670915071481479
3,2920.0,-0.1455603901055375,0.10254076586104063,-5.670910780976689
3,2921.0,-0.1455603577681521,0.10254093565312536,-5.670906501062989
3,2922.0,-0.14556032551078898,0.10254110502499632,-5.670902231740392
3,2923.0,-0.14556029333344814,0.1025412739766535,-5.670897973008893
3,2924.0,-0.14556026123612956,0.10254144250809691,-5.670893724868492
3,2925.0,-0.14556022921883324,0.10254161061932655,-5.670889487319186
3,2926.0,-0.1455601972815592,0.10254177831034242,-5.670885260360977
3,2927.0,-0.14556016542430744,0.10254194558114452,-5.6708810439938695
3,2928.0,-0.14556013364707795,0.10254211243173283,-5.670876838217861
3,2929.0,-0.14556010194987073,0.10254227886210739,-5.670872643032949
3,2930.0,-0.14556007033268578,0.10254244487226817,-5.670868458439135
3,2931.0,-0.1455600387955231,0.10254261046221518,-5.670864284436416
3,2932.0,-0.1455600073383827,0.10254277563194841,-5.6708601210248
3,2933.0,-0.14555997596126458,0.10254294038146787,-5.670855968204281
3,2934.0,-0.14555994466416872,0.10254310471077356,-5.670851825974858
3,2935.0,-0.14555991344709512,0.10254326861986549,-5.670847694336533
3,2936.0,-0.1455598823100438,0.10254343210874363,-5.670843573289307
3,2937.0,-0.14555985125301477,0.102543595177408,-5.670839462833178
3,2938.0,-0.14555982027600797,0.1025437578258586,-5.6708353629681465
3,2939.0,-0.14555978937902347,0.10254392005409543,-5.670831273694216
3,2940.0,-0.14555975856206124,0.10254408186211848,-5.670827195011382
3,2941.0,-0.1455597278251213,0.10254424324992777,-5.670823126919647
3,2942.0,-0.1455596971682036,0.10254440421752328,-5.670819069419008
3,2943.0,-0.1455596665913082,0.10254456476490502,-5.6708150225094665
3,2944.0,-0.14555963609443506,0.10254472489207299,-5.670810986191026
3,2945.0,-0.1455596056775842,0.10254488459902719,-5.670806960463683
3,2946.0,-0.1455595753407556,0.10254504388576761,-5.6708029453274325
3,2947.0,-0.14555954508394925,0.10254520275229427,-5.6707989407822845
3,2948.0,-0.1455595149071652,0.10254536119860715,-5.670794946828236
3,2949.0,-0.14555948481040343,0.10254551922470626,-5.670790963465285
3,2950.0,-0.14555945479366392,0.10254567683059158,-5.6707869906934265
3,2951.0,-0.14555942485694667,0.10254583401626315,-5.670783028512672
3,2952.0,-0.1455593950002517,0.10254599078172094,-5.670779076923011
3,2953.0,-0.145559365223579,0.10254614712696496,-5.670775135924452
3,2954.0,-0.1455593355269286,0.1025463030519952,-5.670771205516992
3,2955.0,-0.14555930591030045,0.10254645855681167,-5.670767285700627
3,2956.0,-0.14555927637369456,0.10254661364141437,-5.670763376475361
3,2957.0,-0.14555924691711095,0.10254676830580331,-5.670759477841189
3,2958.0,-0.1455592175405496,0.10254692254997846,-5.670755589798117
3,2959.0,-0.14555918824401054,0.10254707637393985,-5.670751712346147
3,2960.0,-0.14555915902749375,0.10254722977768746,-5.670747845485271
3,2961.0,-0.14555912989099923,0.1025473827612213,-5.670743989215496
3,2962.0,-0.14555910083452697,0.10254753532454138,-5.670740143536815
3,2963.0,-0.14555907200254056,0.10254768670940777,-5.6707363275692595
3,2964.0,-0.14555904324927224,0.10254783768096624,-5.670732522020188
3,2965.0,-0.14555901455687478,0.10254798833289425,-5.670728724527494
3,2966.0,-0.14555898592534813,0.10254813866519176,-5.670724935091162
3,2967.0,-0.14555895735469232,0.1025482886778588,-5.6707211537112014
3,2968.0,-0.14555892884490734,0.10254843837089536,-5.670717380387612
3,2969.0,-0.1455589003959932,0.10254858774430144,-5.670713615120388
3,2970.0,-0.14555887200794992,0.10254873679807705,-5.67070985790954
3,2971.0,-0.14555884368077746,0.10254888553222218,-5.670706108755056
3,2972.0,-0.14555881541447582,0.10254903394673681,-5.670702367656943
3,2973.0,-0.14555878720904503,0.10254918204162097,-5.670698634615198
3,2974.0,-0.1455587590644851,0.10254932981687466,-5.6706949096298285
3,2975.0,-0.14555873098079597,0.10254947727249787,-5.670691192700823
3,2976.0,-0.1455587029579777,0.10254962440849061,-5.670687483828192
3,2977.0,-0.14555867499603026,0.10254977122485286,-5.670683783011928
3,2978.0,-0.14555864709495364,0.10254991772158463,-5.670680090252029
3,2979.0,-0.1455586192547479,0.10255006389868591,-5.670676405548506
3,2980.0,-0.14555859147541295,0.10255020975615672,-5.670672728901349
3,2981.0,-0.14555856375694887,0.10255035529399706,-5.670669060310566
3,2982.0,-0.1455585360993556,0.10255050051220692,-5.670665399776144
3,2983.0,-0.1455585085026332,0.10255064541078629,-5.670661747298102
3,2984.0,-0.1455584809667816,0.1025507899897352,-5.67065810287642
3,2985.0,-0.14555845349180085,0.10255093424905361,-5.670654466511116
3,2986.0,-0.14555842607769096,0.10255107818874155,-5.670650838202178
3,2987.0,-0.14555839872445187,0.10255122180879901,-5.670647217949605
3,2988.0,-0.14555837143208364,0.102551365109226,-5.670643605753409
3,2989.0,-0.14555834420058625,0.1025515080900225,-5.670640001613581
3,2990.0,-0.14555831702995967,0.10255165075118852,-5.670636405530118
3,2991.0,-0.14555828992020395,0.10255179309272407,-5.6706328175030265
3,2992.0,-0.14555826287131907,0.10255193511462914,-5.67062923753231
3,2993.0,-0.145558235883305,0.10255207681690372,-5.670625665617956
3,2994.0,-0.14555820895616178,0.10255221819954782,-5.670622101759974
3,2995.0,-0.1455581820898894,0.10255235926256145,-5.670618545958362
3,2996.0,-0.14555815528448787,0.10255250000594461,-5.670614998213121
3,2997.0,-0.14555812853995717,0.10255264042969728,-5.670611458524249
3,2998.0,-0.14555810185629728,0.10255278053381947,-5.670607926891742
3,2999.0,-0.14555807523350825,0.10255292031831119,-5.670604403315609
3,3000.0,-0.14555804867159006,0.10255305978317242,-5.670600887795844
4,0.0,0.16718527157135737,-0.07076811098318786,35.721564969793874
4,1.0,0.1575820298655427,-0.06840330543414863,34.45055789233235
4,2.0,0.14863698433217315,-0.06611059095146574,33.266664314578875
4,3.0,0.1402854148520938,-0.06388521713195078,32.16131840719998
4,4.0,0.132470529057498,-0.06172284771146158,31.127003593643778
4,5.0,0.12514256437347832,-0.059619537852925605,30.1571337036526
4,6.0,0.11825789633845739,-0.057571705117201485,29.245934957797182
4,7.0,0.11177780381204533,-0.055576061040530866,28.388282540417297
4,8.0,0.10566768649673558,-0.05362956990833701,27.579597037148467
4,9.0,0.09989721446638791,-0.051729487809561756,26.815864225297563
4,10.0,0.09443892286910657,-0.04987325583930608,26.093449080129158
4,11.0,0.08926843560471834,-0.04805853787712682,25.40912537899988
4,12.0,0.0843635262446361,-0.04628314417149096,24.759951412338495
4,13.0,0.07970475720973658,-0.04454510999029854,24.143354580038558
4,14.0,0.07527391816980777,-0.042842547481969015,23.5569247106922
4,15.0,0.07105478373009075,-0.04117373190912873,22.998514342827047
4,16.0,0.06703273512834908,-0.039537072706638386,22.466188655802775
4,17.0,0.06319440812059314,-0.03793108261395897,21.958178866825413
4,18.0,0.05952758400065498,-0.036354371489147136,21.472867807183317
4,19.0,0.05602108947243453,-0.034805640492583716,21.00877667015094
4,20.0,0.05266470190686889,-0.03328367611897075,20.564552471570703
4,21.0,0.049449058140574986,-0.03178734409575217,20.13895597918211
4,22.0,0.04636556928398548,-0.030315583221635405,19.730850437318466
4,23.0,0.04340633743643114,-0.028867398870007686,19.339190543991638
4,24.0,0.04056407596900184,-0.027441856150977207,18.963011900178948
4,25.0,0.03783203085884302,-0.02603807253230813,18.601420598269566
4,26.0,0.035203901471159975,-0.024655209526705062,18.25358273741397
4,27.0,0.03267376020019994,-0.023292463312991788,17.918713787857016
4,28.0,0.030236602008221616,-0.021949145837378153,17.59615132345271
4,29.0,0.02788749093869077,-0.020624566092454683,17.285242061082577
4,30.0,0.025621495569968414,-0.019318021938340646,16.985333317830044
4,31.0,0.02343420753363315,-0.018028874888574856,16.69584163785434
4,32.0,0.021322269978232836,-0.016756633294506232,16.41632273556062
4,33.0,0.019281263080023127,-0.015500636475253541,16.1461916389746
4,34.0,0.017307910952711034,-0.014260389247800126,15.885014778392327
4,35.0,0.015399283682107684,-0.01303544120887424,15.632404374167667
4,36.0,0.013551491513175242,-0.01182518423598882,15.387845609915265
4,37.0,0.011762791390753301,-0.010629345009973114,15.151107789010682
4,38.0,0.010029225548552506,-0.009447285341477206,14.921667093651674
4,39.0,0.00834960092557865,-0.008278814933671542,14.699365619974737
4,40.0,0.0067201488017257,-0.007123308179891944,14.48370457079508
4,41.0,0.005140055746347224,-0.005980633099653227,14.27457628703879
4,42.0,0.0036057725037235426,-0.004850184968731715,14.071511018044825
4,43.0,0.0021166942030996097,-0.0037318625401671184,13.87442870803263
4,44.0,0.000669709803608202,-0.0026251236532587184,13.682917604899986
4,45.0,-0.0007360338846653451,-0.0015298177169114121,13.49686478735914
4,46.0,-0.0021026658342966293,-0.00044556743986249296,13.315988481890887
4,47.0,-0.0034319038962768405,0.000627941083641401,13.140061327689914
4,48.0,-0.004724456888280507,0.0016908319337094958,12.968989511405624
4,49.0,-0.00598290165396897,0.0027435857724128435,12.802431982939382
4,50.0,-0.007207399148144698,0.003786229766654095,12.640367439620752
4,51.0,-0.008400257732247566,0.004819201745618992,12.482490365477396
4,52.0,-0.009562015702678863,0.005842605167766288,12.32872951596952
4,53.0,-0.010693997943170394,0.0068566940703639855,12.178909540246702
4,54.0,-0.011797601171850873,0.007861744889281942,12.032845580041165
4,55.0,-0.012873146824223287,0.008857817665140755,11.890495092760334
4,56.0,-0.013922514186319403,0.00984529079491844,11.751609351368057
4,57.0,-0.014945844489652998,0.010824191483695034,11.616169663608211
4,58.0,-0.015944614823258724,0.01179482152147838,11.48398053397266
4,59.0,-0.016919453188764224,0.012757312170507478,11.354958845266408
4,60.0,-0.01787095503077594,0.0137117843612896,11.229025789277372
4,61.0,-0.018800412840843377,0.014658513833932576,11.106010302321307
4,62.0,-0.01970793111341013,0.015597520416302005,10.985898554362326
4,63.0,-0.02059484749848009,0.0165290931815879,10.868513504909911
4,64.0,-0.021461361289409602,0.017453275247981653,10.753828777114032
4,65.0,-0.022308356621948158,0.018370259631626862,10.641727353947564
4,66.0,-0.02313650005177836,0.019280196023735683,10.532121015513933
4,67.0,-0.02394603435102911,0.020183136063409095,10.42497763046589
4,68.0,-0.02473802921978338,0.02107932365298191,10.320155621988231
4,69.0,-0.025512537706493723,0.0219687696405185,10.217647969018628
4,70.0,-0.026270469098449573,0.02285168362609083,10.117334325676417
4,71.0,-0.0270121341525228,0.023728138811297816,10.019173562705912
4,72.0,-0.027737925164837297,0.02459822498218286,9.923113758978266
4,73.0,-0.02844858586076399,0.02546212056559993,9.829056481043708
4,74.0,-0.02914416757870631,0.026319836056321527,9.73699493416811
4,75.0,-0.029825484003217564,0.027171568495840542,9.646821425672508
4,76.0,-0.030492665923438075,0.028017349831054892,9.558518645368522
4,77.0,-0.031146186854592396,0.028857295037048016,9.472023922626779
4,78.0,-0.03178653240411208,0.02969152605487057,9.387272986391597
4,79.0,-0.03241377813939698,0.030520059970818168,9.304255835175676
4,80.0,-0.03302861526418747,0.031343072032360426,9.22288098686569
4,81.0,-0.03363110676856044,0.032160578062391434,9.14314010460665
4,82.0,-0.03422169151943778,0.03297268963508767,9.064975103537115
4,83.0,-0.034800737485767896,0.033779503257250494,8.988337282275628
4,84.0,-0.03536830726560537,0.0345810336050613,8.913218355852072
4,85.0,-0.03592498537509433,0.03537743527258114,8.839540962456883
4,86.0,-0.03647082305069581,0.03616872176295956,8.767298320848214
4,87.0,-0.03700615774463014,0.03695498217244918,8.696445768590856
4,88.0,-0.03753133395286638,0.03773631062756002,8.626937710996252
4,89.0,-0.03804637505217337,0.03851271215298308,8.558771054105135
4,90.0,-0.03855176988264564,0.03928432105098853,8.491881099012806
4,91.0,-0.03904760951412526,0.04005116288737232,8.426255792454613
4,92.0,-0.03953406236401991,0.040813282803437656,8.36187284407031
4,93.0,-0.04001152737453075,0.04157079409352362,8.298679453110248
4,94.0,-0.04047999144107319,0.04232369222599292,8.23667735399081
4,95.0,-0.040939815280044575,0.04307207957329968,8.175818805219276
4,96.0,-0.041391169474481404,0.043816005841692894,8.116081229810359
4,97.0,-0.04183409045329817,0.044555480233474005,8.057459806328803
4,98.0,-0.0422689723656311,0.045290618135538606,7.999902368396102
4,99.0,-0.04269585792028665,0.046021432303527635,7.9434032634215
4,100.0,-0.043114876246035154,0.04674795939528678,7.887945400969703
4,101.0,-0.043526345425769365,0.04747029529008834,7.833486682172403
4,102.0,-0.0439302492132235,0.04818843457577317,7.78002925725339
4,103.0,-0.044326832970744925,0.04890245069898821,7.7275406520451275
4,104.0,-0.0447162759895182,0.04961239896268442,7.675997137022581
4,105.0,-0.04509857270530357,0.05031827683115737,7.625399448623329
4,106.0,-0.045474010345621756,0.051020172795733336,7.575709571745509
4,107.0,-0.04584268459605533,0.051718117074001556,7.526914842222543
4,108.0,-0.046204607951377576,0.05241211254579901,7.479013606347716
4,109.0,-0.046560068358359435,0.053102250143939544,7.431967753825047
4,110.0,-0.04690911393079297,0.05378854542936766,7.385770916703786
4,111.0,-0.0472517732187212,0.05447100636180972,7.340419316332111
4,112.0,-0.04758831648281956,0.05514972026975709,7.295877183202001
4,113.0,-0.0479187666894215,0.05582469475778587,7.252141477676088
4,114.0,-0.048243161174386935,0.05649594077213043,7.20920725828318
4,115.0,-0.04856174816962297,0.05716354025541617,7.167041671064125
4,116.0,-0.048874538899040455,0.05782749700727063,7.125643230513236
4,117.0,-0.04918157032834519,0.05848782210276956,7.08500704414992
4,118.0,-0.049483071252527475,0.059144592550722755,7.04510283052747
4,119.0,-0.04977904931051781,0.059797810988248,7.005929578619079
4,120.0,-0.05006953278903669,0.06044748587401327,6.967483544624163
4,121.0,-0.05035473480635879,0.06109369018688007,6.929736521938771
4,122.0,-0.050634665377915236,0.06173642744196652,6.89268718500178
4,123.0,-0.05090933880145221,0.06237570160912026,6.856333641479628
4,124.0,-0.051178952909015446,0.06301158145948137,6.820649707929475
4,125.0,-0.05144352626035141,0.06364407359911384,6.785632927934016
4,126.0,-0.051703058458233135,0.06427317714535384,6.751283354066986
4,127.0,-0.051957725685175024,0.06489895413477798,6.717577668241682
4,128.0,-0.052207563211564216,0.06552141728205282,6.68451120235612
4,129.0,-0.05245256090777391,0.06614056248962628,6.652085297085428
4,130.0,-0.052692857945561264,0.06675643922150758,6.620281532786146
4,131.0,-0.05292851766126625,0.06736907059298845,6.589091526774712
4,132.0,-0.053159531320040185,0.06797845324683296,6.558516435124758
4,133.0,-0.05338597567562863,0.06858461433727178,6.52854609933389
4,134.0,-0.05360795723562547,0.0691875932179864,6.4991664229220065
4,135.0,-0.053825476000030695,0.0697873898889768,6.47037740588911
4,136.0,-0.05403854057068685,0.07038400668341414,6.442177909765182
4,137.0,-0.054247289909746664,0.0709774953626312,6.414549542648295
4,138.0,-0.054451733828695906,0.07156785967063345,6.38749100596988
4,139.0,-0.05465186275568359,0.07215509562338675,6.361003566582396
4,140.0,-0.054847776428702165,0.07273924031718156,6.335074023975205
4,141.0,-0.05503952548858204,0.07332031314665993,6.309695675739279
4,142.0,-0.055227109935323225,0.07389831411182186,6.284868521874622
4,143.0,-0.05541054107368088,0.0744732466262286,6.260591066175652
4,144.0,-0.055589930475374236,0.07504515366797322,6.2368485419157675
4,145.0,-0.05576527997096743,0.07561403596082826,6.213640706816366
4,146.0,-0.055936580780956896,0.07617988980692975,6.190968722861231
4,147.0,-0.056103904827269825,0.07674274250651386,6.168823071048212
4,148.0,-0.05626729793296115,0.07730261207831084,6.147197686609919
4,149.0,-0.056426760098030854,0.07785949852232066,6.126092569546354
4,150.0,-0.056582288490822565,0.0784134001161973,6.1055080946325555
4,151.0,-0.056733966973111415,0.07896434956324218,6.085433162605069
4,152.0,-0.056881807990192726,0.07951235186040978,6.065866126305683
4,153.0,-0.0570258109014375,0.08005740674461294,6.046807070522847
4,154.0,-0.05716598353699881,0.08059951643738784,6.028254958921098
4,155.0,-0.05730239684079035,0.08113870911676287,6.0102004019401996
4,156.0,-0.05743505081281212,0.08167498478273799,5.992643399580157
4,157.0,-0.05756394105719026,0.0822083415907695,5.975584533643129
4,158.0,-0.05768909110035703,0.08273878802600362,5.959020690361619
4,159.0,-0.05781054465238883,0.08326634149183702,5.942946084624913
4,160.0,-0.057928301713285654,0.0837910019882697,5.927360716433013
4,161.0,-0.05804235770516028,0.08431276757354317,5.912265191677891
4,162.0,-0.05815273508109075,0.08483164617937655,5.8976565386524955
4,163.0,-0.05825946347070174,0.0853476494603894,5.883530835820345
4,164.0,-0.05836254287399326,0.08586077741658171,5.869888083181442
4,165.0,-0.058461969935700235,0.08637102865215981,5.856728724811418
4,166.0,-0.05855775787406157,0.08687840713624571,5.84405101125153
4,167.0,-0.05864992887057003,0.08738292117578327,5.831852006739543
4,168.0,-0.05873848292522563,0.08788457077077245,5.820131711275455
4,169.0,-0.05882341878862233,0.0883833554526545,5.808890290220507
4,170.0,-0.058904737928817896,0.08887927439435087,5.798127549274492
4,171.0,-0.0589824565222698,0.08937233258469757,5.787841347452881
4,172.0,-0.05905657456897803,0.08986253002369461,5.778031684755674
4,173.0,-0.0591270920689426,0.090349866711342,5.768698561182871
4,174.0,-0.059194005186275656,0.0908343403709614,5.759842484421434
4,175.0,-0.059257317765692645,0.09131594924421897,5.751462945616052
4,176.0,-0.059317030317153435,0.0917946933953929,5.743559877272579
4,177.0,-0.05937314284065802,0.0922705728244832,5.736133279391015
4,178.0,-0.05942565442074912,0.09274358728082477,5.72918327313385
4,179.0,-0.05947455316684997,0.09321372741068916,5.722711432241254
4,180.0,-0.05951983630239892,0.09368099066253387,5.716718124196377
4,181.0,-0.05956150382739596,0.09414537703635889,5.711203348999217
4,182.0,-0.059599556549463646,0.09460688709007728,5.706166999759417
4,183.0,-0.059633984044906205,0.09506551423197178,5.701610456072687
4,184.0,-0.05966476407987254,0.09552124360730149,5.697536660630984
4,185.0,-0.05969189665436264,0.0959740752160664,5.693945613434307
4,186.0,-0.05971538176837651,0.09642400905826654,5.690837314482657
4,187.0,-0.05973522213369188,0.09687104691990127,5.688211404867159
4,188.0,-0.059751380466007586,0.09731516543017907,5.6860728192351
4,189.0,-0.05976384319143482,0.09775635600887153,5.684423354116162
4,190.0,-0.0597726103099736,0.09819461865597867,5.683263009510342
4,191.0,-0.059777681821623914,0.09862995337150048,5.6825917854176415
4,192.0,-0.059779055871960134,0.09906235911588145,5.682409927274774
4,193.0,-0.05977667390040684,0.09949179938281322,5.682725185683891
4,194.0,-0.05977053208487529,0.09991827177938672,5.683538066505618
4,195.0,-0.05976063042536548,0.10034177630560194,5.684848569739954
4,196.0,-0.059746972332467244,0.10076231512063129,5.68665624398893
4,197.0,-0.05972953545263701,0.10117987429420353,5.688964047786022
4,198.0,-0.05970825895447186,0.10159441549001173,5.691780032281666
4,199.0,-0.059683142837971784,0.10200593870805594,5.695104197475865
4,200.0,-0.05965418710313678,0.10241444394833613,5.698936543368618
4,201.0,-0.059621399580187744,0.10281993628760046,5.703276033615481
4,202.0,-0.05958473192194107,0.10322238478588784,5.708129067057016
4,203.0,-0.05954413034825371,0.10362175480207761,5.71350276159617
4,204.0,-0.059499594859125676,0.10401804633616976,5.719397117232941
4,205.0,-0.05945112545455696,0.10441125938816428,5.72581213396733
4,206.0,-0.05939873246719092,0.10480140088410204,5.732746444254581
4,207.0,-0.05934234795433479,0.10518842596748919,5.740209040437699
4,208.0,-0.05928192227589934,0.10557230166973015,5.748206492475728
4,209.0,-0.05921745543188457,0.10595302799082493,5.756738800368674
4,210.0,-0.059148947422290495,0.10633060493077352,5.765805964116532
4,211.0,-0.059076409994211834,0.10670504069775232,5.775406428969249
4,212.0,-0.058999760957213813,0.10707627891617709,5.78555107298525
4,213.0,-0.05891895272408569,0.10744428674138908,5.796246194421255
4,214.0,-0.05883398529482747,0.10780906417338829,5.807491793277268
4,215.0,-0.058744858669439154,0.10817061121217471,5.819287869553284
4,216.0,-0.05865158533372578,0.10852893703376303,5.831632770729556
4,217.0,-0.05855407249102983,0.10888397499545727,5.844538778618008
4,218.0,-0.05845227433014279,0.10923569197009575,5.858011956418131
4,219.0,-0.05834619085106466,0.10958408795767847,5.872052304129925
4,220.0,-0.05823582205379546,0.10992916295820544,5.88665982175339
4,221.0,-0.05812118067576255,0.11027092693878601,5.901832823466085
4,222.0,-0.05800216532552887,0.1106093029678707,5.917584728615154
4,223.0,-0.05787873330843453,0.11094425838616169,5.933921187919022
4,224.0,-0.057750884624479526,0.11127579319365898,5.950842201377693
4,225.0,-0.057618619273663865,0.11160390739036258,5.968347768991164
4,226.0,-0.05748194963229155,0.11192861144922754,5.986436252732354
4,227.0,-0.05734076830482739,0.11224981830794431,6.005121866602064
4,228.0,-0.05719503685202973,0.11256749649631247,6.0244096981061315
4,229.0,-0.057044755273898566,0.11288164601433201,6.044299747244553
4,230.0,-0.0568899235704339,0.11319226686200293,6.064792014017329
4,231.0,-0.05673055310680397,0.11349936967318365,6.085884994223099
4,232.0,-0.05656653383854839,0.11380285773160075,6.1075932524528875
4,233.0,-0.05639783247400268,0.11410270141563121,6.129921194921021
4,234.0,-0.056224449013166845,0.11439890072527505,6.1528688216275
4,235.0,-0.05604638345604089,0.11469145566053225,6.176436132572322
4,236.0,-0.05586364551060155,0.11498037661985773,6.200621842886534
4,237.0,-0.05567612662644484,0.11526555806807083,6.225440319419989
4,238.0,-0.0554837992783798,0.11554697281636045,6.250895205183416
4,239.0,-0.05528666346640644,0.1158246208647266,6.2769865001768075
4,240.0,-0.05508471919052476,0.11609850221316927,6.303714204400169
4,241.0,-0.05487797391219906,0.11636862659042528,6.331077330314682
4,242.0,-0.05466632550231154,0.11663488087206177,6.359089394900919
4,243.0,-0.05444975251998372,0.11689724079518503,6.387753235899416
4,244.0,-0.0542282549652156,0.11715570635979505,6.417068853310174
4,245.0,-0.05400183283800718,0.11741027756589185,6.4470362471331955
4,246.0,-0.05377049088556771,0.11766096301958873,6.477654789066415
4,247.0,-0.053534139071573686,0.11790764366107175,6.508936395586364
4,248.0,-0.05329276203038664,0.11815029853780311,6.540883100364159
4,249.0,-0.053046359762006556,0.11838892764978279,6.573494903399797
4,250.0,-0.052794932266433454,0.11862353099701081,6.60677180469328
4,251.0,-0.052538481306833924,0.11885411561786023,6.640713570886192
4,252.0,-0.0522769352694558,0.11908055861399497,6.67532968019315
4,253.0,-0.052010284507733824,0.1193028426008299,6.710621409355183
4,254.0,-0.051738529021668006,0.11952096757836506,6.7465887583722886
4,255.0,-0.05146166881125834,0.11973493354660042,6.783231727244466
4,256.0,-0.05117970266975296,0.1199447455728174,6.820550475687594
4,257.0,-0.05089258425311256,0.12015027946330087,6.858551137422321
4,258.0,-0.0506003089202388,0.12035152151468509,6.897234326706733
4,259.0,-0.05030287667113167,0.12054847172697006,6.936600043540828
4,260.0,-0.05000028750579116,0.1207411301001558,6.976648287924605
4,261.0,-0.04969253763737385,0.12092949941061285,7.017379561053909
4,262.0,-0.04937961315334696,0.12111345714160127,7.058795704278582
4,263.0,-0.04906151335090207,0.1212929932247301,7.10089681061664
4,264.0,-0.04873823823003918,0.12146810765999935,7.143682880068082
4,265.0,-0.04840978779075829,0.12163880044740903,7.1871539126329065
4,266.0,-0.0480761565234359,0.12180507188524572,7.231310637520134
4,267.0,-0.04773737015542717,0.12196680449307125,7.276149649665987
4,268.0,-0.047393430523778486,0.12212399162071481,7.321670705933925
4,269.0,-0.04704433762848984,0.12227663326817644,7.367873806323947
4,270.0,-0.04669009146956125,0.12242472943545611,7.4147589508360525
4,271.0,-0.046330686223062856,0.12256827794340905,7.462326910278298
4,272.0,-0.04596619417920169,0.12270717002259472,7.510568116905998
4,273.0,-0.04559661802953515,0.122841402049016,7.5594822144864775
4,274.0,-0.04522195777406322,0.12297097402267287,7.6090692030197395
4,275.0,-0.04484221341278592,0.12309588594356535,7.659329082505779
4,276.0,-0.04445738083242224,0.12321613340253695,7.710262397345065
4,277.0,-0.044067585135568764,0.12333162022727188,7.761852589973959
4,278.0,-0.043672827964786304,0.12344234525608236,7.814099442996455
4,279.0,-0.04327310932007484,0.12354830848896836,7.867002956412554
4,280.0,-0.04286842776693476,0.12364951050443608,7.920563320080973
4,281.0,-0.042458787882659804,0.12374594348123842,7.974779928188289
4,282.0,-0.04204436842659806,0.12383752953995103,8.02962912159902
4,283.0,-0.041625169398749544,0.12392426868057389,8.085110900313166
4,284.0,-0.04120119079911425,0.12400616090310704,8.141225264330725
4,285.0,-0.04077242842823943,0.1240832072329736,8.197972769457158
4,286.0,-0.040338937340413314,0.12415539144994266,8.255346129154004
4,287.0,-0.039900895159776344,0.12422266770268596,8.313321834532656
4,288.0,-0.03945830188632852,0.12428503599120351,8.371899885593104
4,289.0,-0.03901115752006983,0.12434249631549532,8.431080282335357
4,290.0,-0.03855943947584966,0.1243950502148008,8.490866013946514
4,291.0,-0.03810338205917671,0.12444266531601918,8.55122606965241
4,292.0,-0.03764304737145285,0.12448533377882837,8.612152230215857
4,293.0,-0.03717843541267806,0.12452305560322832,8.67364449563686
4,294.0,-0.036709525317906375,0.12455583148954844,8.735705627430214
4,295.0,-0.03623643890029141,0.12458365418123139,8.798319503396227
4,296.0,-0.035759406234863095,0.12460651375832936,8.861455672672548
4,297.0,-0.035278427321621446,0.12462441022084234,8.92511413525917
4,298.0,-0.03479350216056646,0.12463734356877032,8.989294891156094
4,299.0,-0.034304609687529845,0.12464531246358075,9.054000728245558
4,300.0,-0.033812096673103975,0.12464832508518221,9.11918575078833
4,301.0,-0.03331602503907061,0.12464638313429938,9.184841763320279
4,302.0,-0.03281639478542974,0.12463948661093228,9.25096876584141
4,303.0,-0.03231317055681741,0.12462763250265296,9.317571437700552
4,304.0,-0.031806569033621335,0.1246108381217355,9.384621100841397
4,305.0,-0.03129685207186703,0.12458912510952304,9.45208309812713
4,306.0,-0.0307840196715545,0.12456249346601556,9.519957429557753
4,307.0,-0.03026807183268373,0.12453094319121309,9.588244095133257
4,308.0,-0.02974899651355921,0.12449447280459333,9.65694468859467
4,309.0,-0.029227250645502766,0.12445314242338586,9.725998734223296
4,310.0,-0.028702885476341387,0.12440695877350844,9.795399449272976
4,311.0,-0.028175901006075078,0.12435592185496111,9.865146833743704
4,312.0,-0.027646248493861752,0.12430002334351228,9.935247338577485
4,313.0,-0.027114251657391314,0.1242393207416439,10.005658119130018
4,314.0,-0.026580180399298714,0.12417386122018517,10.076343453280618
4,315.0,-0.026044034719583956,0.1241036447791361,10.147303341029279
4,316.0,-0.025505814618247042,0.1240286714184967,10.218537782376007
4,317.0,-0.024965582181305186,0.12394895190091212,10.290038560119799
4,318.0,-0.024423800419103713,0.12386458915793525,10.36174439397179
4,319.0,-0.023880492181323702,0.12377558849500818,10.433652259733766
4,320.0,-0.02333565746796516,0.12368194991213091,10.50576215740573
4,321.0,-0.022789336363029756,0.12358368570142235,10.57806878179477
4,322.0,-0.022242023027227494,0.12348091900825552,10.650506729802737
4,323.0,-0.021693734643242535,0.1233736540120612,10.723073727269112
4,324.0,-0.021144471211074878,0.12326189071283941,10.795769774193893
4,325.0,-0.020594284017977908,0.12314564654926223,10.868588082612758
4,326.0,-0.020043685286888265,0.12302506637895802,10.941460858857942
4,327.0,-0.019492686122298507,0.12290015326366689,11.014386633229002
4,328.0,-0.01894128652420864,0.12277090720338887,11.087365405725931
4,329.0,-0.01838954845162769,0.12263735157291174,11.16038897595751
4,330.0,-0.017837995300999908,0.12249965182845281,11.233388071421247
4,331.0,-0.01728663198812061,0.12235780948164214,11.306362041502402
4,332.0,-0.01673545734210746,0.12221182413471406,11.37931104116945
4,333.0,-0.016184547433051547,0.12206172714125779,11.452225002402956
4,334.0,-0.015634425800782198,0.12190770181024906,11.525034633723145
4,335.0,-0.015085092445299415,0.12174974814168789,11.597739935130019
4,336.0,-0.014536540457165174,0.12158786355836698,11.670341821100674
4,337.0,-0.01398887322389432,0.12142209351187337,11.742826608103336
4,338.0,-0.013442592971520747,0.12125263179885878,11.815127825579081
4,339.0,-0.012897699700044458,0.1210794784193232,11.88724547352792
4,340.0,-0.012354185528923678,0.12090262978089572,11.95918059495435
4,341.0,-0.011812221070408663,0.12072215735845654,12.030910609006595
4,342.0,-0.011272193759306454,0.12053823215546652,12.102384237960225
4,343.0,-0.01073410359561705,0.12035085417192563,12.173601481815242
4,344.0,-0.010197931264981015,0.12016001738603511,12.244564896863393
4,345.0,-0.009664076691062179,0.11996591040917522,12.315221552456597
4,346.0,-0.009132671087384813,0.11976859275115165,12.38555408223846
4,347.0,-0.008603711523356495,0.11956806300691909,12.455562874078396
4,348.0,-0.00807729160570316,0.11936437508491583,12.525235538950403
4,349.0,-0.00755381620672218,0.11915773181076919,12.594518491245456
4,350.0,-0.007033285326413559,0.11894813318447914,12.663411730963556
4,351.0,-0.006515676378219881,0.11873556967168968,12.731918247478
4,352.0,-0.0060013394034778,0.11852023835603948,12.7999917121604
4,353.0,-0.005490419627286638,0.11830221758202895,12.867612904196088
4,354.0,-0.004982917049646394,0.11808150734965808,12.934781823585064
4,355.0,-0.004478889088266136,0.11785814992183577,13.001490870985688
4,356.0,-0.003978715992622533,0.11763237313798287,13.067689719665495
4,357.0,-0.003482405063958167,0.11740418117509197,13.133377403291327
4,358.0,-0.0029899332351246777,0.11717356172712629,13.198556974843582
4,359.0,-0.0025015861082686693,0.11694070994145525,13.263190634341726
4,360.0,-0.0020175140602657683,0.11670572336276701,13.327258479123811
4,361.0,-0.0015377170911159753,0.11646860199106157,13.390760509189839
4,362.0,-0.0010622290864438888,0.11622937915458809,13.45369223971375
4,363.0,-0.0005913770300386487,0.11598829439888253,13.516010393776872
4,364.0,-0.00012517714700779393,0.11574535900906736,13.577712823955755
4,365.0,0.0003363909776487325,0.11550055922841898,13.638802232213996
4,366.0,0.0007931129919943455,0.11525407876770964,13.699250248670175
4,367.0,0.0012448446651980411,0.11500603326098847,13.759037784102905
4,368.0,0.0016915859972598186,0.11475642270825549,13.818164838512176
4,369.0,0.0021333001464343285,0.11450528174273993,13.8766265358238
4,370.0,0.0025697606564748583,0.11425282762420509,13.93439290412817
4,371.0,0.0030009512631927714,0.11399907605006204,13.991461790829371
4,372.0,0.003426870320251341,0.11374403540592216,14.047832978031648
4,373.0,0.0038473255670728097,0.11348791210226307,14.10348101968641
4,374.0,0.004262278659787091,0.11323074459393687,14.158400840910433
4,375.0,0.004671737286173764,0.1129725285260801,14.212593459195778
4,376.0,0.005075555071448699,0.11271344951445293,14.266039501564837
4,377.0,0.005473673698159867,0.11245357580259249,14.318731249593295
4,378.0,0.005866102015382051,0.1121928979986813,14.370669874472817
4,379.0,0.0062527441845694545,0.11193156581780002,14.421842691791861
4,380.0,0.006633525931699089,0.11166968302634057,14.472239871243973
4,381.0,0.007008452134069337,0.11140724257568334,14.52186205834875
4,382.0,0.0073774753257912565,0.11114434490177047,14.570702970906641
4,383.0,0.0077405124260320705,0.1108811339445223,14.618751613013384
4,384.0,0.00809756343479178,0.11061760970393882,14.666007984668962
4,385.0,0.008448617607320864,0.11035381806397755,14.712470663785613
4,386.0,0.008793596084263645,0.11008994044672786,14.758129213179474
4,387.0,0.00913249783145791,0.10982597888661873,14.802983495977251
4,388.0,0.009465323167539527,0.10956195449475964,14.84703355435099
4,389.0,0.009792021055504516,0.10929804941284837,14.89027263345735
4,390.0,0.010112585662724851,0.10903428065133712,14.932699961337061
4,391.0,0.010427020697859477,0.10877065271282324,14.9743160288381
4,392.0,0.010735305416497282,0.1085073344641459,15.015118090398694
4,393.0,0.011037433106515894,0.10824436277273981,15.055105257656834
4,394.0,0.011333406433080988,0.10798173300766861,15.094277883352206
4,395.0,0.01162323140633138,0.10771958873471739,15.13263676293797
4,396.0,0.011906906826546215,0.10745799042581831,15.170181737628821
4,397.0,0.012184432904171991,0.10719693092366658,15.206912835277745
4,398.0,0.012455833520330273,0.10693651869206094,15.242833216596036
4,399.0,0.012721121454531909,0.10667684034414529,15.277944572975963
4,400.0,0.012980295771483826,0.10641789180069886,15.312246780629726
4,401.0,0.013233384785479687,0.10615973901581945,15.345743587007279
4,402.0,0.013480425356008833,0.10590249603512931,15.378439870531265
4,403.0,0.013721417483071263,0.10564616285862849,15.410335631201683
4,404.0,0.013956381546734767,0.10539076852561845,15.44143356635879
4,405.0,0.014185385009426829,0.10513644403810808,15.47174260478157
4,406.0,0.014408429454124622,0.10488319290514445,15.501262955980037
4,407.0,0.014625527091973681,0.10463102713257941,15.529996236122225
4,408.0,0.014836768324339432,0.10438007119533876,15.557954409998654
4,409.0,0.015042162864575688,0.10413033955665056,15.585138763189951
4,410.0,0.015241714434248758,0.10388183377482947,15.6115497882524
4,411.0,0.015435527213414093,0.1036346628923101,15.637201273612025
4,412.0,0.015623626177545376,0.10338885453661065,15.662096524819672
4,413.0,0.015806008554462344,0.10314440528529004,15.686235174972087
4,414.0,0.015982779715808717,0.10290140221241537,15.70963117020423
4,415.0,0.01615398811892107,0.10265988718695547,15.73229092393561
4,416.0,0.016319628386878324,0.10241985613027843,15.754213724520625
4,417.0,0.01647979194742377,0.1021813699419378,15.775411672592833
4,418.0,0.016634559628590152,0.10194448472904234,15.795895465894178
4,419.0,0.016783928805201798,0.1017091989499718,15.815664756977737
4,420.0,0.01692796012787372,0.10147554535446023,15.834727573066319
4,421.0,0.017066775960193917,0.10124359328090965,15.853100109210633
4,422.0,0.017200376302162385,0.10101334272932005,15.870782365410683
4,423.0,0.01732879290590702,0.10078480769913013,15.88777854412023
4,424.0,0.01745217914237405,0.10055805955425567,15.904108944272082
4,425.0,0.017570541548913046,0.10033310139186165,15.919774431096744
4,426.0,0.017683894175530297,0.10010993831452317,15.934776864138925
4,427.0,0.017792400984802274,0.09988863315242404,15.9491379441536
4,428.0,0.017896084753045757,0.0996691947157549,15.962860685629067
4,429.0,0.017994946545233544,0.09945162328896587,15.975945229516485
4,430.0,0.01808914678245924,0.09923596939027907,15.988412807848906
4,431.0,0.01817873186722369,0.09902224767233928,16.000269562084476
4,432.0,0.01826369559330469,0.09881045658888468,16.011514670818027
4,433.0,0.018344179842462217,0.09860063255798164,16.022166912366988
4,434.0,0.018420262026672175,0.09839279535593154,16.03223653235177
4,435.0,0.018491935013956705,0.09818694357880378,16.04172258684171
4,436.0,0.018559306929886738,0.09798309955308945,16.050639386459217
4,437.0,0.018622493304683158,0.09778128671754285,16.05900222184602
4,438.0,0.018681492732412656,0.09758150485979436,16.0668109069242
4,439.0,0.01873636470299425,0.09738376380887898,16.074073315296285
4,440.0,0.01878726947434461,0.09718808857325871,16.08081065739856
4,441.0,0.018834207046463738,0.09699447915293358,16.087022933231015
4,442.0,0.01887720718443556,0.09680293945108139,16.09271408225842
4,443.0,0.018916447816369853,0.09661348982089525,16.09790765360031
4,444.0,0.018951939938413088,0.09642613146668348,16.10260510261732
4,445.0,0.018983694293592146,0.09624086562013484,16.106807851169236
4,446.0,0.01901188799222102,0.0960577058035947,16.11053934013878
4,447.0,0.019036550894958343,0.0958766541439147,16.11380352164021
4,448.0,0.019057681446374267,0.09569771090138005,16.116600189809464
4,449.0,0.019075441983624764,0.09552088276443721,16.11895083027405
4,450.0,0.019089887286650654,0.09534617167565772,16.12086269326203
4,451.0,0.019101010212550784,0.0951735778111886,16.122334833397023
4,452.0,0.019108945084078843,0.09500310234175413,16.123385028547773
4,453.0,0.019113777095438364,0.0948347454114813,16.124024554327136
4,454.0,0.0191155000069963,0.09466850729266706,16.124252584907957
4,455.0,0.019114207914982893,0.09450438606048757,16.12408157410306
4,456.0,0.01911002125000966,0.09434237804087457,16.123527461130067
4,457.0,0.01910294001207661,0.09418248323382808,16.12259024598899
4,458.0,0.019093009428473546,0.09402469978052334,16.121275914596588
4,459.0,0.019080386934244718,0.09386901802057651,16.119605303776666
4,460.0,0.019065073297312354,0.09371543790034753,16.117578515165178
4,461.0,0.019047090850737993,0.09356395806833552,16.115198504584768
4,462.0,0.019026601820458424,0.09341456391577153,16.112486742942874
4,463.0,0.01900361957198341,0.09326725413977159,16.109444999189822
4,464.0,0.018978150513326353,0.09312202846343644,16.106074121438215
4,465.0,0.018950349173414784,0.09297886862814149,16.102394561881873
4,466.0,0.018920246498138043,0.09283777075322182,16.098410416267367
4,467.0,0.018887839479099357,0.09269873562260604,16.094121286427736
4,468.0,0.01885326373319657,0.0925617434958295,16.08954512151414
4,469.0,0.01881657217117648,0.09242678625772847,16.08468892436329
4,470.0,0.01877775829052449,0.09229386526241015,16.07955183435518
4,471.0,0.01873692838165233,0.09216296224691797,16.07414791922544
4,472.0,0.018694162008882673,0.09203406277251362,16.068487709461618
4,473.0,0.0186494554637919,0.091907167666731,16.06257071424688
4,474.0,0.018602872302970922,0.09178226460090133,16.056405345415424
4,475.0,0.018554525918697894,0.09165932980179847,16.05000661064824
4,476.0,0.018504416310972816,0.09153836326942244,16.043374509945323
4,477.0,0.018452567988558686,0.0914193599806221,16.036512287087497
4,478.0,0.018399116960191576,0.09130228770184577,16.029437943086442
4,479.0,0.018344069849056004,0.09118714480046751,16.022152354533073
4,480.0,0.018287430971912003,0.09107393064364039,16.01465609275869
4,481.0,0.018229330263388018,0.09096261095456261,16.00696635485541
4,482.0,0.018169794462374735,0.09085317843986702,15.999086679765657
4,483.0,0.018108818047296218,0.09074563500289752,15.99101633669847
4,484.0,0.018046502257846472,0.09063995127609792,15.982768724917516
4,485.0,0.01798290615887463,0.0905361094878859,15.974351661766514
4,486.0,0.017918027845367127,0.09043411029453464,15.965764895113349
4,487.0,0.017851910812053232,0.09033394037359427,15.957014181567125
4,488.0,0.017784661967733022,0.09023556439900764,15.948113670708343
4,489.0,0.0177162813124065,0.09013898237077472,15.93906336253701
4,490.0,0.017646775104742014,0.0900441926498665,15.92986408539962
4,491.0,0.017576260479926133,0.0899511533030301,15.920531342358151
4,492.0,0.01750475619237247,0.08985985741685353,15.911067615594455
4,493.0,0.017432256573690994,0.0897703074522903,15.901472154886468
4,494.0,0.017358842574013104,0.08968247230737014,15.891755674136135
4,495.0,0.017284574645600966,0.08959632790313583,15.881926174313895
4,496.0,0.017209452788454583,0.08951187423958734,15.87198365541975
4,497.0,0.017133492264340914,0.08942910561971791,15.861930137377223
4,498.0,0.017056800537690577,0.0893479759295351,15.851779843305554
4,499.0,0.016979384156805534,0.08926848227440538,15.84153363988481
4,500.0,0.01690123803687383,0.08919062732904033,15.831190854130579
4,501.0,0.01682244257682872,0.0891143743712938,15.820762126992683
4,502.0,0.01674304524451226,0.0890397010012427,15.810253740929186
4,503.0,0.016663046039924443,0.08896660721888702,15.799665695940083
4,504.0,0.01658245569091758,0.0888950884602572,15.788999411876777
4,505.0,0.01650137184409679,0.08882509543972841,15.778267812450864
4,506.0,0.016419802402152493,0.08875662405225881,15.767471943598265
4,507.0,0.016337742615841287,0.08868967708337175,15.756611176747693
4,508.0,0.016255248190598995,0.08862422501801179,15.745692884618217
4,509.0,0.01617237794637972,0.08856023535241152,15.734724852141234
4,510.0,0.016089131883183456,0.08849770808657095,15.723707079316753
4,511.0,0.01600550854841489,0.08843664465606227,15.712639373891053
4,512.0,0.01592158927975493,0.08837699744568901,15.701532501058969
4,513.0,0.015837397490929918,0.08831875234267095,15.690389559671175
4,514.0,0.015752933181939863,0.0882619093470081,15.679210549727664
4,515.0,0.015668205519873298,0.08820646359558994,15.667996684509822
4,516.0,0.015583296517167316,0.08815236256346991,15.656758818517739
4,517.0,0.0154982118558215,0.08809960250002702,15.645497703774735
4,518.0,0.015412949847399807,0.08804818463343503,15.634213116813136
4,519.0,0.015327536318134414,0.08799809232780954,15.622908475783266
4,520.0,0.015242037611986923,0.08794927920998159,15.611592561433067
4,521.0,0.015156453728957334,0.08790174527995118,15.60026537376254
4,522.0,0.01507078079764036,0.08785549366074363,15.58892640038391
4,523.0,0.01498505956687705,0.08781049492627006,15.577581034482838
4,524.0,0.014899337333497206,0.08776671315337248,15.566235535883589
4,525.0,0.014813614097500828,0.08772414834205089,15.554889904586156
4,526.0,0.014727885753110567,0.08768280416258989,15.5435435971832
4,527.0,0.014642196734185512,0.08764264554356802,15.532202494579423
4,528.0,0.014556584666132556,0.08760364140303785,15.52087157656811
4,529.0,0.014471049548951698,0.08756579174099938,15.509550843149253
4,530.0,0.014385587498043386,0.0875291003506356,15.49823978018881
4,531.0,0.014300239461854308,0.08749353214913201,15.486943807290606
4,532.0,0.014215040208164043,0.08745905586739826,15.475667526035581
4,533.0,0.014129989736972591,0.08742567150543434,15.464410936423727
4,534.0,0.014045084813415753,0.08739338245952773,15.4531736103147
4,535.0,0.01396035691926809,0.0873621597151627,15.441959714380486
4,536.0,0.013875843627512775,0.08733196642963495,15.430774221475989
4,537.0,0.013791544938149802,0.08730280260294448,15.419617131601202
4,538.0,0.013707459821122276,0.08727466939473513,15.408488308426163
4,539.0,0.013623603202715929,0.08724755278084771,15.397389727472826
4,540.0,0.013540021114318436,0.08722140342920706,15.386327481081807
4,541.0,0.013456713555929797,0.08719622133981317,15.375301569253107
4,542.0,0.013373680527550013,0.08717200651266603,15.364311991986728
4,543.0,0.013290924581677035,0.08714875749582227,15.353359087110565
4,544.0,0.013208492695961251,0.08712641960277757,15.342449072204888
4,545.0,0.013126389503130406,0.08710498719935113,15.331582560419914
4,546.0,0.0130446150031845,0.08708446028554294,15.320759551755643
4,547.0,0.012963166568775563,0.08706484310587369,15.309979698477637
4,548.0,0.01288207934585222,0.08704609148541677,15.29924765221821
4,549.0,0.012801369347984249,0.08702818415948511,15.288565532403398
4,550.0,0.012721036575171648,0.0870111211280787,15.277933339033206
4,551.0,0.012641080657718512,0.08699490296729163,15.26735102317768
4,552.0,0.012561509767346433,0.08697952032677689,15.256819666379528
4,553.0,0.012482359142810366,0.08696492151108315,15.246343932554156
4,554.0,0.012403628784110313,0.0869511065202104,15.23592382170156
4,555.0,0.012325318691246272,0.08693807535415868,15.225559333821746
4,556.0,0.012247426783944563,0.08692583252846298,15.215250193586577
4,557.0,0.012169980841531489,0.08691433420812689,15.205000077642076
4,558.0,0.012092992857687382,0.08690356011140869,15.194810573374351
4,559.0,0.012016462832412238,0.08689351023830841,15.184681680783413
4,560.0,0.011940390765706063,0.08688418458882603,15.174613399869257
4,561.0,0.011864778207800294,0.08687558279538612,15.164605935807929
4,562.0,0.011789653649076507,0.08686765154992902,15.15466305935494
4,563.0,0.01171501953999898,0.08686038593445695,15.14478509483384
4,564.0,0.011640875880567713,0.08685378594896992,15.134972042244634
4,565.0,0.011567222123591667,0.08684785294914883,15.125223829165552
4,566.0,0.011494064966518806,0.08684257592793806,15.115541342016419
4,567.0,0.01142142569717371,0.08683790708682035,15.1059273982808
4,568.0,0.011349304315556379,0.08683384642579568,15.096381997958698
4,569.0,0.01127770082166681,0.08683039394486407,15.086905141050106
4,570.0,0.011206614188121487,0.08682755290991008,15.077496691578892
4,571.0,0.011136053618453153,0.08682530311290369,15.068157867649898
4,572.0,0.011066033472050405,0.08682360532419489,15.058890569755178
4,573.0,0.010996553748913245,0.08682245954378368,15.049694797894729
4,574.0,0.010927614449041672,0.08682186577167003,15.040570552068555
4,575.0,0.010859214859540023,0.08682182698023179,15.031517737923577
4,576.0,0.010791361872325931,0.08682232558404365,15.022537267618036
4,577.0,0.01072406709356841,0.08682332143637968,15.013630677250196
4,578.0,0.010657330523267462,0.08682481453723986,15.004797966820068
4,579.0,0.010591152161423084,0.0868268048866242,14.996039136327642
4,580.0,0.01052553200803528,0.0868292924845327,14.987354185772926
4,581.0,0.010460472392344041,0.0868322747865816,14.978743423435201
4,582.0,0.010395984143827558,0.08683570129703866,14.97020828261625
4,583.0,0.0103320672930208,0.08683957184309746,14.961748767357431
4,584.0,0.01026872183992377,0.08684388642475796,14.953364877658752
4,585.0,0.010205947784536464,0.0868486450420202,14.945056613520203
4,586.0,0.010143745640594962,0.08685385175019521,14.936824042935724
4,587.0,0.01008212252625119,0.0868594607075494,14.928668108006091
4,588.0,0.010021079560699584,0.08686546217177774,14.920588956858793
4,589.0,0.00996061674394014,0.08687185614288023,14.912586589493824
4,590.0,0.009900734075972861,0.08687864262085689,14.904661005911187
4,591.0,0.009841431602946437,0.08688582580124223,14.896812212218752
4,592.0,0.009782712200231376,0.08689338394232544,14.889040588977197
4,593.0,0.009724577422350026,0.08690128488704092,14.881346341930483
4,594.0,0.009667027269302391,0.08690952863538866,14.873729471078608
4,595.0,0.009610061741088468,0.08691811518736865,14.86618997642157
4,596.0,0.009553680837708257,0.0869270445429809,14.858727857959371
4,597.0,0.009497885650693873,0.08693632176769202,14.851343260158336
4,598.0,0.009442676030827865,0.08694590583570087,14.844036163269251
4,599.0,0.009388051408366264,0.08695578497590116,14.836806491885442
4,600.0,0.00933401178330907,0.08696595918829286,14.829654246006896
4,601.0,0.009280557155656283,0.086976428472876,14.822579425633625
4,602.0,0.009227687525407903,0.08698719282965055,14.815582030765619
4,603.0,0.009175404656874315,0.08699825486395966,14.808662294912681
4,604.0,0.00912370377985221,0.08700957001316213,14.801819586729433
4,605.0,0.009072584353486039,0.08702113462660599,14.795053834632636
4,606.0,0.00902204637777581,0.08703294870429122,14.788365038622288
4,607.0,0.008972089852721516,0.08704501224621781,14.781753198698382
4,608.0,0.00892271477832316,0.0870573252523858,14.775218314860929
4,609.0,0.008873923170359288,0.08706988964365955,14.768760653902001
4,610.0,0.008825706217729871,0.08708266208305138,14.762379049655955
4,611.0,0.008778063451553197,0.087095640658345,14.756073440065421
4,612.0,0.008730994871829264,0.08710882536954045,14.7498438251304
4,613.0,0.008684500478558073,0.08712221621663772,14.743690204850886
4,614.0,0.008638580271739624,0.0871358131996368,14.737612579226886
4,615.0,0.008593236756274871,0.08714962009788431,14.731611279786737
4,616.0,0.008548458266288401,0.08716359697242737,14.725684762529925
4,617.0,0.008504243206250792,0.08717773909174233,14.719832816285132
4,618.0,0.008460591576162047,0.0871920464558292,14.71405544105236
4,619.0,0.008417503376022161,0.08720651906468797,14.7083526368316
4,620.0,0.008374978605831139,0.08722115691831864,14.70272440362286
4,621.0,0.008333020241244122,0.08723596540838356,14.697171135259685
4,622.0,0.008291617137539667,0.0872509144033812,14.69169135671726
4,623.0,0.008250763468480004,0.08726599034282799,14.686284296882077
4,624.0,0.008210459234065133,0.08728119322672392,14.680949955754127
4,625.0,0.008170704434295056,0.08729652305506902,14.675688333333415
4,626.0,0.008131499069169771,0.08731197982786326,14.670499429619937
4,627.0,0.008092844127954585,0.08732756523822434,14.665383375544822
4,628.0,0.008054738568588224,0.08734327390568747,14.660340033189298
4,629.0,0.008017165494660382,0.08735907394953031,14.655367166281726
4,630.0,0.00798012490617106,0.08737496536975285,14.650464774822103
4,631.0,0.007943616803120257,0.0873909481663551,14.645632858810432
4,632.0,0.007907641185507974,0.08740702233933706,14.640871418246713
4,633.0,0.007872198053334209,0.08742318788869873,14.636180453130947
4,634.0,0.007837291290457274,0.08743944971482875,14.631560477499074
4,635.0,0.007802906159651632,0.08745578321390761,14.627009540851613
4,636.0,0.007769033927014234,0.08747217537283394,14.622526487240094
4,637.0,0.007735674592545081,0.08748862619160776,14.618111316664509
4,638.0,0.007702828156244172,0.08750513567022906,14.613764029124875
4,639.0,0.007670494618111507,0.08752170380869784,14.60948462462117
4,640.0,0.007638673978147087,0.0875383306070141,14.60527310315341
4,641.0,0.0076073706133239095,0.08755502005413324,14.601130044022186
4,642.0,0.007576562237677313,0.08757174317641216,14.597052497638218
4,643.0,0.007546244876733612,0.0875884951805423,14.59303993797245
4,644.0,0.007516418530492807,0.0876052760665237,14.589092365024875
4,645.0,0.007487083198954899,0.08762208583435635,14.585209778795502
4,646.0,0.0074582388821198865,0.08763892448404025,14.581392179284322
4,647.0,0.00742988557998777,0.08765579201557538,14.57763956649134
4,648.0,0.0074020274862351505,0.08767269124211476,14.573952495457531
4,649.0,0.007374638430184254,0.0876895943941992,14.570327502444538
4,650.0,0.007347716568008478,0.08770649963540486,14.56676434341844
4,651.0,0.007321261899707821,0.08772340696573173,14.563263018379244
4,652.0,0.007295274425282286,0.08774031638517985,14.559823527326943
4,653.0,0.0072697541447318695,0.08775722789374918,14.556445870261548
4,654.0,0.007244701058056574,0.08777414149143972,14.553130047183046
4,655.0,0.007220119586607703,0.08779105971168015,14.549876643265595
4,656.0,0.0071959817334418565,0.0878079577353798,14.546681953061144
4,657.0,0.007172285680139982,0.08782483404324799,14.543545735898523
4,658.0,0.00714903142670208,0.08784168863528471,14.540467991777728
4,659.0,0.007126218973128151,0.08785852151148997,14.537448720698757
4,660.0,0.007103848319418194,0.08787533267186376,14.534487922661611
4,661.0,0.007081919465572211,0.0878921221164061,14.531585597666295
4,662.0,0.007060437597014621,0.08790889269551562,14.528742432013463
4,663.0,0.0070393749303392,0.08792562353677363,14.525954748517124
4,664.0,0.007018727453968964,0.08794231180404802,14.523222016237524
4,665.0,0.006998495167903913,0.08795895749733877,14.520544235174661
4,666.0,0.006978678072144048,0.08797556061664587,14.517921405328538
4,667.0,0.0069592761666893675,0.08799212116196933,14.515353526699164
4,668.0,0.006940289451539873,0.08800863913330914,14.51284059928652
4,669.0,0.006921723602585581,0.08802511746236645,14.510383374305327
4,670.0,0.006903554691978713,0.08804154075082196,14.507978684859978
4,671.0,0.006885773487562744,0.08805790347422243,14.505625309057221
4,672.0,0.006868379989337675,0.0880742056325679,14.503323246897057
4,673.0,0.006851374197303505,0.08809044722585833,14.50107249837948
4,674.0,0.006834756111460233,0.08810662825409377,14.4988730635045
4,675.0,0.0068185257318078615,0.08812274871727417,14.496724942272108
4,676.0,0.00680268739195944,0.08813881061269876,14.494628708244132
4,677.0,0.006787227601903261,0.08815480620044137,14.49258257599219
4,678.0,0.006772127476588375,0.08817072598791127,14.490584046044312
4,679.0,0.00675738701601478,0.08818656997510847,14.488633118400498
4,680.0,0.0067430062201824775,0.08820233816203298,14.486729793060755
4,681.0,0.0067289850890914675,0.08821803054868478,14.484874070025073
4,682.0,0.006715323622741748,0.08823364713506389,14.483065949293456
4,683.0,0.006702021821133323,0.0882491879211703,14.481305430865907
4,684.0,0.0066890843209142445,0.08826465404047065,14.479593128411505
4,685.0,0.0066764791239977495,0.08828003211894604,14.47792480692336
4,686.0,0.006664205282538806,0.08829532178312699,14.476300340952404
4,687.0,0.006652262796537415,0.08831052303301348,14.474719730498636
4,688.0,0.0066406516659935745,0.08832563586860555,14.473182975562063
4,689.0,0.0066293718909072865,0.08834066028990316,14.471690076142675
4,690.0,0.00661842347127855,0.08835559629690633,14.470241032240477
4,691.0,0.0066078120797156414,0.08837044548728658,14.468836594635826
4,692.0,0.00659751640576694,0.0883852002308744,14.467473942850427
4,693.0,0.0065875237707338895,0.08839985641691105,14.466151398834713
4,694.0,0.00657783417461649,0.08841441404539653,14.464868962588678
4,695.0,0.00656844761741474,0.08842887311633085,14.463626634112329
4,696.0,0.006559364099128641,0.088443233629714,14.462424413405657
4,697.0,0.006550583619758192,0.08845749558554598,14.46126230046867
4,698.0,0.006542106179303393,0.08847165898382679,14.460140295301366
4,699.0,0.00653393634679489,0.08848572434854625,14.45905900262353
4,700.0,0.0065260419833715905,0.08849968344746868,14.458014168796533
4,701.0,0.006518422567485381,0.08851353615664204,14.457005724792502
4,702.0,0.006511078099136262,0.08852728247606632,14.456033670611435
4,703.0,0.006504008578324232,0.08854092240574153,14.455098006253335
4,704.0,0.006497214005049291,0.08855445594566766,14.454198731718199
4,705.0,0.006490694379311441,0.08856788309584471,14.45333584700603
4,706.0,0.006484454435079938,0.08858120458051032,14.452509978666555
4,707.0,0.006478479176155489,0.08859441711898064,14.451719141924618
4,708.0,0.006472751204837976,0.0886075175826563,14.45096103416194
4,709.0,0.0064672705211274,0.08862050597153728,14.450235655378517
4,710.0,0.006462037125023759,0.08863338228562359,14.449543005574352
4,711.0,0.006457051016527054,0.08864614652491523,14.44888308474944
4,712.0,0.006452312195637286,0.08865879868941219,14.448255892903788
4,713.0,0.006447820662354453,0.08867133877911448,14.447661430037392
4,714.0,0.006443582353058817,0.08868376719217759,14.447100481841332
4,715.0,0.006439572162887216,0.0886960806851222,14.446569725639812
4,716.0,0.006435782214621983,0.08870827840095133,14.446068118868274
4,717.0,0.006432212508263119,0.08872036033966497,14.445595661526728
4,718.0,0.0064288630438106235,0.08873232650126314,14.445152353615164
4,719.0,0.006425733821264497,0.08874417688574582,14.444738195133588
4,720.0,0.006422824840624739,0.08875591149311302,14.444353186082
4,721.0,0.006420136101891349,0.08876753032336474,14.4439973264604
4,722.0,0.006417673059881797,0.08877903326862845,14.443671338224119
4,723.0,0.006415406974670119,0.0887904186787901,14.443371417589985
4,724.0,0.006413334861988624,0.08880168642976455,14.443097169584554
4,725.0,0.0064114567218373116,0.08881283652155178,14.442848594207831
4,726.0,0.006409772554216181,0.08882386895415181,14.442625691459815
4,727.0,0.0064082823591252325,0.08883478372756462,14.442428461340505
4,728.0,0.006406986136564467,0.08884558084179023,14.442256903849904
4,729.0,0.006405883886533883,0.08885626029682862,14.44211101898801
4,730.0,0.006404980557091947,0.08886682162037496,14.441991461639653
4,731.0,0.0064042470369463965,0.08887726503781908,14.441894378870622
4,732.0,0.006403682140397167,0.08888759057523725,14.441819613751292
4,733.0,0.006403285867444257,0.0888977982326295,14.441767166281657
4,734.0,0.0064030582180876665,0.08890788800999583,14.441737036461719
4,735.0,0.0064029991923273966,0.08891785990733621,14.44172922429148
4,736.0,0.006403108790163447,0.08892771392465067,14.44174372977094
4,737.0,0.006403387011595817,0.08893745006193919,14.441780552900093
4,738.0,0.0064038389883690405,0.08894706757605465,14.441840372874973
4,739.0,0.006404437090735435,0.08895656834749702,14.441919532846578
4,740.0,0.006405179516798557,0.08896595252452952,14.442017794330528
4,741.0,0.006406066266558406,0.08897522010715217,14.442135157326815
4,742.0,0.006407097340014983,0.08898437109536496,14.442271621835454
4,743.0,0.006408272737168287,0.08899340548916791,14.442427187856435
4,744.0,0.006409592458018319,0.08900232328856102,14.442601855389755
4,745.0,0.006411056502565079,0.08901112449354426,14.442795624435423
4,746.0,0.006412670431490044,0.08901980810090745,14.443009230960072
4,747.0,0.006414410766031442,0.08902837702247725,14.443239567505485
4,748.0,0.006416272288547279,0.08903683199142538,14.443485943506941
4,749.0,0.006418254999037553,0.08904517300775187,14.443748358964438
4,750.0,0.006420358897502267,0.0890534000714567,14.444026813877981
4,751.0,0.00642258398394142,0.0890615131825399,14.444321308247567
4,752.0,0.006424930258355011,0.08906951234100144,14.444631842073193
4,753.0,0.00642739772074304,0.08907739754684132,14.444958415354865
4,754.0,0.006429990823650123,0.08908516781555918,14.445301617395222
4,755.0,0.006432696296030963,0.08909282539085894,14.445659691746494
4,756.0,0.006435501088359704,0.0891003728655898,14.446030911279424
4,757.0,0.006438405200636347,0.08910781023975173,14.44641527599401
4,758.0,0.006441408632860892,0.08911513751334474,14.446812785890256
4,759.0,0.0064445113850333385,0.08912235468636884,14.44722344096815
4,760.0,0.006447713457153686,0.08912946175882401,14.447647241227706
4,761.0,0.006451014849221936,0.08913645873071027,14.448084186668922
4,762.0,0.006454415561238088,0.08914334560202761,14.448534277291792
4,763.0,0.006457920499348329,0.08915012074927442,14.44899816243398
4,764.0,0.006461505658712454,0.08915679033430401,14.4494726650098
4,765.0,0.006465169630974437,0.08916335473918775,14.449957598620685
4,766.0,0.006468912416134281,0.08916981396392562,14.450452963266637
4,767.0,0.006472734014191984,0.08917616800851763,14.450958758947651
4,768.0,0.006476634425147548,0.0891824168729638,14.451474985663735
4,769.0,0.006480613649000971,0.0891885605572641,14.452001643414881
4,770.0,0.006484671685752253,0.08919459906141854,14.452538732201093
4,771.0,0.006488811160155133,0.0892005314703192,14.453086599413457
4,772.0,0.0064930270221481255,0.08920635905875862,14.45364457666685
4,773.0,0.006497302635097647,0.08921208731743535,14.454210462071574
4,774.0,0.006501637999003698,0.08921771624634939,14.454784255627622
4,775.0,0.006506033113866277,0.08922324584550075,14.455365957334992
4,776.0,0.0065104879796853855,0.08922867611488941,14.455955567193696
4,777.0,0.006515002596461023,0.0892340070545154,14.456553085203721
4,778.0,0.006519576964193188,0.08923923866437869,14.457158511365073
4,779.0,0.006524211082881883,0.08924437094447929,14.457771845677753
4,780.0,0.00652890821499008,0.08924940249947665,14.45839351993486
4,781.0,0.00653366065999853,0.08925433605908573,14.45902251495821
4,782.0,0.006538455314922348,0.08925917693371313,14.459657096543143
4,783.0,0.006543292179761534,0.08926392512335889,14.460297264689656
4,784.0,0.006548171254516089,0.089268580628023,14.460943019397751
4,785.0,0.006553092539186012,0.08927314344770544,14.461594360667428
4,786.0,0.006558056033771304,0.08927761358240624,14.462251288498685
4,787.0,0.006563061738271965,0.08928199103212538,14.462913802891526
4,788.0,0.006568109652687993,0.08928627579686285,14.463581903845947
4,789.0,0.006573201540454836,0.08929046698373405,14.464255824755943
4,790.0,0.006578335536000596,0.08929456508941269,14.46493531870957
4,791.0,0.00658349578933773,0.0892985778158432,14.465618287931203
4,792.0,0.006588682300466237,0.08930250516302557,14.466304732420845
4,793.0,0.006593895069386119,0.08930634713095982,14.466994652178498
4,794.0,0.006599134096097374,0.08931010371964593,14.467688047204158
4,795.0,0.006604399380600004,0.08931377492908389,14.468384917497826
4,796.0,0.006609690922894007,0.08931736075927374,14.469085263059503
4,797.0,0.006615008722979385,0.08932086121021544,14.469789083889182
4,798.0,0.006620352780856136,0.08932427628190902,14.470496379986878
4,799.0,0.0066257274784383355,0.089327603164452,14.471207731307134
4,800.0,0.006631117715141332,0.08933085038597538,14.471921139259218
4,801.0,0.006636519907012312,0.08933402006278449,14.472636129500236
4,802.0,0.006641934054051274,0.08933711219487933,14.4733527020302
4,803.0,0.0066473601562582205,0.08934012678225992,14.474070856849092
4,804.0,0.006652798213633149,0.08934306382492622,14.474790593956929
4,805.0,0.006658248226176061,0.08934592332287827,14.475511913353698
4,806.0,0.006663710193886955,0.08934870527611605,14.47623481503941
4,807.0,0.006669184116765833,0.08935140968463956,14.476959299014057
4,808.0,0.006674669994812693,0.08935403654844881,14.477685365277644
4,809.0,0.0066801717338660594,0.08935658271620674,14.478413530775232
4,810.0,0.006685673074696379,0.08935905939505731,14.47914164356725
4,811.0,0.006691173770849529,0.0893614667607072,14.479869671035036
4,812.0,0.006696673822325509,0.08936380481315642,14.480597613178588
4,813.0,0.006702173229124321,0.08936607355240496,14.481325469997905
4,814.0,0.006707671991245963,0.08936827297845282,14.482053241492986
4,815.0,0.006713170108690436,0.08937040309130001,14.482780927663839
4,816.0,0.00671866758145774,0.08937246389094651,14.483508528510454
4,817.0,0.006724164409547875,0.08937445537739235,14.48423604403283
4,818.0,0.00672966059296084,0.0893763775506375,14.48496347423098
4,819.0,0.00673515983888827,0.08937822691312115,14.485691309758668
4,820.0,0.006740648939299934,0.08938001430507792,14.486417802508285
4,821.0,0.006746126543804697,0.08938174087967288,14.487142773753035
4,822.0,0.0067515926524025615,0.08938340663690603,14.487866223492915
4,823.0,0.006757047265093526,0.08938501157677736,14.488588151727923
4,824.0,0.006762490381877591,0.08938655569928691,14.489308558458058
4,825.0,0.006767922002754755,0.08938803900443464,14.49002744368332
4,826.0,0.00677334212772502,0.08938946149222056,14.490744807403715
4,827.0,0.006778750756788384,0.08939082316264468,14.49146064961924
4,828.0,0.006784147889944849,0.089392124015707,14.492174970329891
4,829.0,0.006789535575949401,0.08939336183485583,14.492888040692245
4,830.0,0.006794909875283313,0.08939454009568347,14.493599339303595
4,831.0,0.006800263613994346,0.0893956661643063,14.494307916677887
4,832.0,0.006805596792082498,0.08939674004072434,14.49501377281512
4,833.0,0.006810909409547772,0.08939776172493757,14.495716907715304
4,834.0,0.006816201466390166,0.08939873121694601,14.496417321378424
4,835.0,0.006821472962609681,0.08939964851674964,14.497115013804487
4,836.0,0.006826723898206316,0.08940051362434848,14.497809984993497
4,837.0,0.006831954273180071,0.0894013265397425,14.498502234945446
4,838.0,0.006837164087530947,0.08940208726293174,14.499191763660342
4,839.0,0.006842353341258943,0.08940279579391616,14.499878571138177
4,840.0,0.006847523687053399,0.08940344984695661,14.500562876115495
4,841.0,0.006852672117691045,0.08940405264681768,14.501244280580647
4,842.0,0.006857792738208783,0.08940461186962297,14.501922004324193
4,843.0,0.006862885548606612,0.08940512751537248,14.502596047346131
4,844.0,0.0068679505488845344,0.08940559958406623,14.50326640964647
4,845.0,0.006872987739042549,0.0894060280757042,14.503933091225198
4,846.0,0.0068779971190806545,0.08940641299028641,14.504596092082322
4,847.0,0.006882978688998852,0.08940675432781285,14.505255412217842
4,848.0,0.006887932448797142,0.0894070520882835,14.505911051631754
4,849.0,0.006892858398475524,0.0894073062716984,14.506563010324061
4,850.0,0.006897756538033998,0.08940751687805752,14.507211288294764
4,851.0,0.006902626867472564,0.08940768390736087,14.507855885543862
4,852.0,0.00690747140448417,0.08940780319669403,14.508497069116805
4,853.0,0.0069122839385909645,0.08940788515357713,14.509134017045184
4,854.0,0.0069170632453627165,0.08940793199193167,14.509766567273365
4,855.0,0.006921809324799428,0.08940794371175766,14.510394719801338
4,856.0,0.006926522176901097,0.08940792031305508,14.511018474629111
4,857.0,0.006931201801667725,0.08940786179582395,14.511637831756678
4,858.0,0.006935848199099311,0.08940776816006425,14.512252791184041
4,859.0,0.006940461369195856,0.08940763940577601,14.5128633529112
4,860.0,0.006945041311957359,0.08940747553295919,14.513469516938159
4,861.0,0.0069495880273838205,0.08940727654161382,14.514071283264913
4,862.0,0.0069541015154752405,0.08940704243173989,14.514668651891464
4,863.0,0.006958581776231619,0.08940677320333738,14.515261622817809
4,864.0,0.006963029940332681,0.0894064651227192,14.51585034569154
4,865.0,0.006967442810858621,0.0894061258091302,14.516434397394308
4,866.0,0.00697181886912463,0.08940575952094403,14.51701357692533
4,867.0,0.006976158115130711,0.08940536625816069,14.51758788428461
4,868.0,0.0069804605488768615,0.08940494602078018,14.518157319472142
4,869.0,0.006984726170363084,0.0894044988088025,14.518721882487931
4,870.0,0.006988954979589376,0.08940402462222766,14.519281573331968
4,871.0,0.0069931469765557395,0.08940352346105564,14.519836392004265
4,872.0,0.006997302161262173,0.08940299532528645,14.520386338504812
4,873.0,0.007001420533708678,0.08940244021492011,14.520931412833615
4,874.0,0.007005502093895253,0.08940185812995659,14.521471614990674
4,875.0,0.007009546841821899,0.08940124907039589,14.522006944975985
4,876.0,0.007013554777488616,0.08940061303623803,14.522537402789549
4,877.0,0.007017526220318247,0.08939994588284539,14.523063030707581
4,878.0,0.0070214594666575866,0.08939925654234832,14.523583603248381
4,879.0,0.007025354119482738,0.08939854788329066,14.52409906786509
4,880.0,0.007029210178793703,0.0893978199056724,14.5246094245577
4,881.0,0.007033027644590481,0.08939707260949356,14.525114673326222
4,882.0,0.007036806516873071,0.08939630599475412,14.525614814170652
4,883.0,0.007040546795641473,0.0893955200614541,14.526109847090986
4,884.0,0.007044248480895688,0.08939471480959349,14.526599772087229
4,885.0,0.007047911572635716,0.08939389023917227,14.527084589159381
4,886.0,0.007051536070861556,0.08939304635019048,14.527564298307436
4,887.0,0.007055121975573209,0.08939218314264807,14.528038899531401
4,888.0,0.007058669286770674,0.08939130061654509,14.528508392831277
4,889.0,0.007062178004453952,0.08939039877188151,14.528972778207054
4,890.0,0.007065648086037117,0.08938947723780953,14.529432050022416
4,891.0,0.007069078672370821,0.08938853243989736,14.529886094567322
4,892.0,0.007072470609179275,0.08938757530261449,14.530335023774974
4,893.0,0.007075823896462481,0.08938660582596089,14.53077883764536
4,894.0,0.0070791385342204366,0.08938562400993659,14.531217536178485
4,895.0,0.0070824145224531445,0.08938462985454157,14.531651119374349
4,896.0,0.007085651861160603,0.08938362335977584,14.53207958723295
4,897.0,0.007088850550342813,0.0893826045256394,14.53250293975429
4,898.0,0.007092010589999774,0.08938157335213225,14.532921176938366
4,899.0,0.007095131980131486,0.08938052983925437,14.533334298785181
4,900.0,0.007098214720737949,0.08937947398700578,14.533742305294737
4,901.0,0.007101258811819163,0.08937840579538649,14.534145196467028
4,902.0,0.007104264253375129,0.08937732526439648,14.53454297230206
4,903.0,0.007107231045405845,0.08937623239403576,14.534935632799831
4,904.0,0.007110159187911313,0.08937512718430433,14.535323177960334
4,905.0,0.007113047248500214,0.0893740063726956,14.535705418203898
4,906.0,0.007115896880263425,0.08937287584978769,14.5360825723202
4,907.0,0.007118709373923956,0.0893717390984506,14.536454811138857
4,908.0,0.007121484729481809,0.08937059611868431,14.53682213465987
4,909.0,0.007124222946936984,0.08936944691048884,14.537184542883235
4,910.0,0.00712692402628948,0.08936829147386417,14.537542035808956
4,911.0,0.0071295879675392975,0.08936712980881031,14.537894613437027
4,912.0,0.007132214770686436,0.08936596191532727,14.538242275767457
4,913.0,0.007134804435730897,0.08936478779341503,14.538585022800241
4,914.0,0.007137356962672679,0.0893636074430736,14.538922854535377
4,915.0,0.007139872351511783,0.08936242086430299,14.53925577097287
4,916.0,0.0071423506022482075,0.08936122805710318,14.539583772112714
4,917.0,0.007144791714881954,0.08936002902147419,14.539906857954914
4,918.0,0.007147195689413022,0.08935882375741601,14.540225028499467
4,919.0,0.007149562525841411,0.08935761226492862,14.540538283746379
4,920.0,0.007151890653274151,0.08935639252086239,14.540846415785005
4,921.0,0.0071541811756850975,0.08935516695633149,14.541149570728365
4,922.0,0.0071564373820329165,0.08935394024753972,14.541448183876316
4,923.0,0.007158659272317609,0.08935271239448708,14.541742255228854
4,924.0,0.007160846846539176,0.08935148339717358,14.542031784785982
4,925.0,0.007163000104697615,0.08935025325559921,14.542316772547702
4,926.0,0.007165119046792929,0.08934902196976398,14.542597218514004
4,927.0,0.007167203672825116,0.08934778953966788,14.542873122684904
4,928.0,0.007169253982794176,0.0893465559653109,14.543144485060392
4,929.0,0.007171269976700111,0.08934532124669306,14.54341130564047
4,930.0,0.007173251654542918,0.08934408538381436,14.543673584425134
4,931.0,0.007175199016322599,0.08934284837667478,14.543931321414393
4,932.0,0.007177112062039154,0.08934161022527434,14.544184516608237
4,933.0,0.007178990791692582,0.08934037092961303,14.544433170006672
4,934.0,0.007180835205282884,0.08933913048969086,14.544677281609696
4,935.0,0.007182645302810059,0.08933788890550781,14.54491685141731
4,936.0,0.007184418432199449,0.08933664413042834,14.545151528422453
4,937.0,0.00718615808313793,0.08933539967097573,14.545381774491734
4,938.0,0.00718786721352834,0.08933415804176112,14.54560798110915
4,939.0,0.007189545823370676,0.08933291924278451,14.545830148274705
4,940.0,0.0071911939126649395,0.08933168327404588,14.546048275988392
4,941.0,0.00719281148141113,0.08933045013554526,14.546262364250216
4,942.0,0.007194398529609248,0.08932921982728262,14.546472413060181
4,943.0,0.007195955057259293,0.08932799234925798,14.546678422418278
4,944.0,0.007197481064361265,0.08932676770147134,14.54688039232451
4,945.0,0.007198976550915165,0.08932554588392269,14.547078322778882
4,946.0,0.007200441516920991,0.08932432689661203,14.547272213781387
4,947.0,0.007201875962378745,0.08932311073953937,14.547462065332027
4,948.0,0.007203279887288427,0.0893218974127047,14.547647877430808
4,949.0,0.007204653291650035,0.08932068691610802,14.54782965007772
4,950.0,0.007205996175463571,0.08931947924974934,14.548007383272772
4,951.0,0.0072073085387290335,0.08931827441362866,14.54818107701596
4,952.0,0.007208589160611284,0.08931707179701934,14.548350569727456
4,953.0,0.007209836939141954,0.08931587124966807,14.548515715559683
4,954.0,0.007211058602757026,0.08931467640623247,14.548677405033779
4,955.0,0.007212254151456499,0.08931348726671255,14.548835638149741
4,956.0,0.007213423585240374,0.08931230383110832,14.54899041490758
4,957.0,0.0072145669041086494,0.08931112609941975,14.549141735307284
4,958.0,0.007215684108061327,0.08930995407164688,14.549289599348855
4,959.0,0.007216775197098407,0.08930878774778968,14.549434007032298
4,960.0,0.007217840171219888,0.08930762712784815,14.54957495835761
4,961.0,0.0072188790304257705,0.08930647221182231,14.549712453324789
4,962.0,0.007219891774716054,0.08930532299971214,14.549846491933836
4,963.0,0.00722087840409074,0.08930417949151764,14.549977074184756
4,964.0,0.007221838918549827,0.08930304168723883,14.550104200077545
4,965.0,0.007222773318093316,0.08930190958687571,14.550227869612199
4,966.0,0.007223681602721206,0.08930078319042825,14.550348082788725
4,967.0,0.007224563772433498,0.08929966249789648,14.55046483960712
4,968.0,0.007225419827230192,0.08929854750928039,14.550578140067383
4,969.0,0.007226247462273347,0.08929743758396931,14.550687679119886
4,970.0,0.007227048421753416,0.08929633358902096,14.550793687611508
4,971.0,0.007227827944333605,0.08929523715283667,14.550896858889166
4,972.0,0.007228586030013915,0.08929414827541646,14.550997192952861
4,973.0,0.007229322678794346,0.08929306695676029,14.551094689802598
4,974.0,0.007230037890674898,0.08929199319686819,14.551189349438364
4,975.0,0.00723073166565557,0.08929092699574014,14.55128117186017
4,976.0,0.007231404003736364,0.08928986835337616,14.55137015706801
4,977.0,0.007232054904917277,0.08928881726977624,14.551456305061887
4,978.0,0.007232684369198312,0.08928777374494037,14.551539615841799
4,979.0,0.007233292396579468,0.08928673777886857,14.551620089407745
4,980.0,0.007233878987060744,0.08928570937156084,14.551697725759734
4,981.0,0.007234444140642142,0.08928468852301716,14.551772524897755
4,982.0,0.007234987857323659,0.08928367523323755,14.55184448682181
4,983.0,0.007235510137105298,0.08928266950222198,14.551913611531909
4,984.0,0.007236010979987057,0.08928167132997049,14.551979899028035
4,985.0,0.007236490385968937,0.08928068071648305,14.552043349310203
4,986.0,0.007236947664495713,0.08927969757976016,14.552103870982123
4,987.0,0.00723738003307383,0.08927872181382941,14.552161095775556
4,988.0,0.007237795630711332,0.08927775456784573,14.552216100903488
4,989.0,0.007238194457408218,0.0892767958418091,14.552268886365937
4,990.0,0.007238576513164488,0.08927584563571953,14.552319452162891
4,991.0,0.0072389417979801425,0.08927490394957703,14.552367798294354
4,992.0,0.007239290311855182,0.08927397078338158,14.552413924760328
4,993.0,0.007239622054789605,0.0892730461371332,14.552457831560812
4,994.0,0.007239937026783413,0.08927213001083188,14.552499518695798
4,995.0,0.007240235227836605,0.08927122240447762,14.552538986165299
4,996.0,0.007240516657949181,0.08927032331807042,14.552576233969306
4,997.0,0.007240781317121142,0.08926943275161028,14.55261126210782
4,998.0,0.007241029205352487,0.0892685507050972,14.552644070580845
4,999.0,0.007241260322643216,0.0892676771785312,14.55267465938838
4,1000.0,0.00724147466899333,0.08926681217191224,14.55270302853042
4,1001.0,0.007241672244402828,0.08926595568524034,14.552729178006977
4,1002.0,0.00724185304887171,0.08926510771851551,14.552753107818031
4,1003.0,0.007242017082399977,0.08926426827173774,14.552774817963606
4,1004.0,0.007242162444663576,0.0892634374143436,14.552794056932225
4,1005.0,0.007242289866939161,0.08926261536560935,14.552810921509733
4,1006.0,0.007242404947203342,0.08926180204844371,14.552826152598852
4,1007.0,0.007242507685456117,0.08926099746284669,14.55283975019958
4,1008.0,0.007242598081697487,0.08926020160881827,14.552851714311915
4,1009.0,0.0072426761359274516,0.08925941448635846,14.55286204493586
4,1010.0,0.007242741848146011,0.08925863609546728,14.552870742071413
4,1011.0,0.007242795218353166,0.0892578664361447,14.552877805718577
4,1012.0,0.007242836246548915,0.08925710550839072,14.552883235877344
4,1013.0,0.0072428649327332595,0.08925635331220537,14.552887032547723
4,1014.0,0.007242881276906198,0.08925560984758862,14.552889195729712
4,1015.0,0.007242885279067732,0.0892548751145405,14.552889725423308
4,1016.0,0.00724287693921786,0.08925414911306097,14.552888621628513
4,1017.0,0.007242856257356584,0.08925343184315007,14.55288588434533
4,1018.0,0.007242823233483902,0.08925272330480777,14.552881513573752
4,1019.0,0.0072427778675998155,0.08925202349803409,14.552875509313779
4,1020.0,0.007242720159704323,0.08925133242282901,14.552867871565418
4,1021.0,0.007242650109797425,0.08925065007919256,14.552858600328666
4,1022.0,0.0072425677178791234,0.08924997646712471,14.552847695603523
4,1023.0,0.007242468986246746,0.08924931239799382,14.552834628286533
4,1024.0,0.007242361463108998,0.089248656750407,14.55282039739729
4,1025.0,0.0072422456199850525,0.08924800944454783,14.552805065342252
4,1026.0,0.0072421214568749075,0.08924737048041631,14.552788632121409
4,1027.0,0.007241988973778565,0.08924673985801244,14.552771097734762
4,1028.0,0.007241848170696024,0.0892461175773362,14.552752462182319
4,1029.0,0.007241699047627284,0.08924550363838762,14.552732725464075
4,1030.0,0.007241541604572346,0.08924489804116668,14.55271188758003
4,1031.0,0.00724137584153121,0.08924430078567339,14.552689948530187
4,1032.0,0.007241201758503875,0.08924371187190773,14.552666908314537
4,1033.0,0.007241019355490342,0.08924313129986972,14.552642766933092
4,1034.0,0.00724082863249061,0.08924255906955936,14.552617524385841
4,1035.0,0.00724062958950468,0.08924199518097664,14.552591180672797
4,1036.0,0.007240422226532551,0.08924143963412157,14.552563735793942
4,1037.0,0.007240206543574225,0.08924089242899413,14.552535189749292
4,1038.0,0.0072399825406297,0.08924035356559434,14.552505542538842
4,1039.0,0.007239750217698976,0.0892398230439222,14.55247479416259
4,1040.0,0.007239509574782053,0.0892393008639777,14.55244294462054
4,1041.0,0.007239260611878933,0.08923878702576085,14.552409993912686
4,1042.0,0.007239000103550902,0.0892382826565239,14.55237551514616
4,1043.0,0.007238733486744692,0.08923778618894812,14.552340227911074
4,1044.0,0.007238462042368537,0.08923729721611982,14.552304301738038
4,1045.0,0.007238185770422436,0.08923681573803902,14.552267736627053
4,1046.0,0.007237904670906389,0.08923634175470573,14.552230532578115
4,1047.0,0.007237618743820397,0.08923587526611991,14.55219268959123
4,1048.0,0.00723732798916446,0.08923541627228161,14.552154207666396
4,1049.0,0.007237032406938577,0.0892349647731908,14.552115086803608
4,1050.0,0.007236731997142748,0.08923452076884748,14.552075327002873
4,1051.0,0.007236426759776975,0.08923408425925167,14.55203492826419
4,1052.0,0.007236116694841255,0.08923365524440335,14.551993890587553
4,1053.0,0.0072358018023355895,0.08923323372430253,14.55195221397297
4,1054.0,0.007235482082259979,0.0892328196989492,14.551909898420435
4,1055.0,0.007235157534614423,0.08923241316834336,14.551866943929948
4,1056.0,0.007234828159398922,0.08923201413248504,14.551823350501515
4,1057.0,0.007234493956613474,0.0892316225913742,14.55177911813513
4,1058.0,0.007234154926258082,0.08923123854501086,14.551734246830797
4,1059.0,0.007233811068332744,0.08923086199339501,14.55168873658851
4,1060.0,0.00723346238283746,0.08923049293652667,14.551642587408278
4,1061.0,0.00723310886977223,0.08923013137440583,14.551595799290093
4,1062.0,0.007232748010117913,0.08922977864276269,14.551548038837046
4,1063.0,0.007232383618648999,0.08922943302269867,14.551499810941701
4,1064.0,0.007232017279019937,0.08922909373039357,14.5514513252037
4,1065.0,0.007231648991230725,0.0892287607658474,14.551402581623048
4,1066.0,0.007231278755281365,0.08922843412906015,14.551353580199734
4,1067.0,0.007230906571171855,0.0892281138200318,14.551304320933774
4,1068.0,0.007230532438902196,0.0892277998387624,14.55125480382515
4,1069.0,0.007230156358472389,0.08922749218525192,14.55120502887388
4,1070.0,0.007229778329882432,0.08922719085950034,14.551154996079951
4,1071.0,0.007229398353132327,0.0892268958615077,14.551104705443368
4,1072.0,0.007229016428222072,0.08922660719127397,14.551054156964128
4,1073.0,0.007228632555151668,0.08922632484879917,14.551003350642237
4,1074.0,0.0072282467339211155,0.08922604883408329,14.550952286477685
4,1075.0,0.007227858964530414,0.08922577914712633,14.550900964470479
4,1076.0,0.007227469246979564,0.0892255157879283,14.550849384620621
4,1077.0,0.007227077581268565,0.08922525875648918,14.550797546928107
4,1078.0,0.007226683967397416,0.08922500805280899,14.55074545139294
4,1079.0,0.007226288405366119,0.08922476367688773,14.550693098015117
4,1080.0,0.007225890895174673,0.08922452562872536,14.550640486794638
4,1081.0,0.007225491436823077,0.08922429390832194,14.550587617731505
4,1082.0,0.007225090030311332,0.08922406851567743,14.550534490825717
4,1083.0,0.007224685450620201,0.0892238503976526,14.550480943943677
4,1084.0,0.007224278433755194,0.08922363922980814,14.550427074497097
4,1085.0,0.007223871684130529,0.0892234330321348,14.550373240420274
4,1086.0,0.007223465201746207,0.08922323180463256,14.550319441713217
4,1087.0,0.007223058986602225,0.08922303554730142,14.550265678375922
4,1088.0,0.007222653038698586,0.08922284426014139,14.550211950408388
4,1089.0,0.007222247358035288,0.08922265794315246,14.550158257810613
4,1090.0,0.0072218419446123325,0.08922247659633464,14.5501046005826
4,1091.0,0.007221436798429719,0.08922230021968793,14.550050978724352
4,1092.0,0.007221031919487447,0.08922212881321231,14.54999739223586
4,1093.0,0.007220627307785517,0.08922196237690781,14.549943841117125
4,1094.0,0.0072202229633239285,0.08922180091077442,14.549890325368159
4,1095.0,0.007219818886102683,0.08922164441481212,14.54983684498895
4,1096.0,0.007219415076121778,0.08922149288902094,14.549783399979507
4,1097.0,0.007219011533381215,0.08922134633340086,14.54972999033982
4,1098.0,0.007218608257880994,0.08922120474795188,14.549676616069897
4,1099.0,0.007218205249621115,0.08922106813267401,14.549623277169736
4,1100.0,0.007217802508601577,0.08922093648756725,14.549569973639331
4,1101.0,0.0072174000348223825,0.08922080981263159,14.549516705478695
4,1102.0,0.007216997828283529,0.08922068810786704,14.549463472687812
4,1103.0,0.007216595888985017,0.08922057137327359,14.549410275266698
4,1104.0,0.007216194216926847,0.08922045960885125,14.549357113215342
4,1105.0,0.0072157928121090184,0.08922035281460002,14.549303986533744
4,1106.0,0.007215390635829864,0.08922025228564409,14.549250757747796
4,1107.0,0.007214988747125996,0.08922015705757062,14.549197567022972
4,1108.0,0.007214588653927451,0.08922006537438582,14.549144613936653
4,1109.0,0.00721419035623423,0.08921997723608968,14.549091898488834
4,1110.0,0.007213793854046333,0.08921989264268221,14.54903942067952
4,1111.0,0.007213399147363761,0.08921981159416341,14.548987180508707
4,1112.0,0.007213006236186511,0.08921973409053327,14.548935177976396
4,1113.0,0.007212615120514586,0.0892196601317918,14.548883413082589
4,1114.0,0.007212225800347984,0.089219589717939,14.54883188582728
4,1115.0,0.007211838275686706,0.08921952284897486,14.548780596210477
4,1116.0,0.007211452546530752,0.08921945952489939,14.548729544232172
4,1117.0,0.007211068612880122,0.0892193997457126,14.548678729892373
4,1118.0,0.007210686474734815,0.08921934351141446,14.548628153191075
4,1119.0,0.007210306132094832,0.08921929082200498,14.548577814128278
4,1120.0,0.007209927584960173,0.08921924167748418,14.548527712703983
4,1121.0,0.007209550833330838,0.08921919607785206,14.548477848918193
4,1122.0,0.007209175877206826,0.08921915402310858,14.548428222770902
4,1123.0,0.007208802716588139,0.08921911551325379,14.548378834262113
4,1124.0,0.007208431351474775,0.08921908054828764,14.548329683391827
4,1125.0,0.0072080617818667345,0.08921904912821019,14.548280770160046
4,1126.0,0.007207694007764018,0.08921902125302138,14.54823209456676
4,1127.0,0.0072073280291666255,0.08921899692272126,14.548183656611982
4,1128.0,0.007206963846074557,0.08921897613730978,14.548135456295704
4,1129.0,0.007206601458487812,0.08921895889678698,14.548087493617928
4,1130.0,0.00720624086640639,0.08921894520115285,14.548039768578654
4,1131.0,0.007205881576548733,0.08921893640904081,14.547992215891142
4,1132.0,0.007205524204248527,0.08921893153689495,14.54794491699596
4,1133.0,0.007205169472092645,0.08921892883634622,14.547897967528836
4,1134.0,0.007204817380081087,0.08921892830739463,14.547851367489777
4,1135.0,0.007204467928213851,0.08921892995004019,14.547805116878774
4,1136.0,0.00720412111649094,0.08921893376428289,14.547759215695836
4,1137.0,0.007203776944912352,0.08921893975012274,14.547713663940954
4,1138.0,0.007203435413478087,0.08921894790755973,14.547668461614132
4,1139.0,0.007203096522188146,0.08921895823659387,14.54762360871537
4,1140.0,0.007202760271042528,0.08921897073722515,14.54757910524467
4,1141.0,0.007202426660041234,0.08921898540945358,14.54753495120203
4,1142.0,0.007202095689184263,0.08921900225327917,14.54749114658745
4,1143.0,0.007201767358471616,0.08921902126870189,14.54744769140093
4,1144.0,0.007201441667903292,0.08921904245572175,14.547404585642472
4,1145.0,0.007201118617479291,0.08921906581433876,14.547361829312072
4,1146.0,0.007200798207199615,0.08921909134455293,14.547319422409732
4,1147.0,0.007200480437064261,0.08921911904636423,14.547277364935452
4,1148.0,0.007200165307073231,0.08921914891977267,14.547235656889232
4,1149.0,0.007199852817226525,0.08921918096477827,14.547194298271075
4,1150.0,0.007199542967524142,0.08921921518138101,14.547153289080978
4,1151.0,0.007199235757966083,0.0892192515695809,14.547112629318937
4,1152.0,0.007198931188552347,0.08921929012937792,14.547072318984958
4,1153.0,0.007198629259282934,0.0892193308607721,14.547032358079042
4,1154.0,0.007198329970157845,0.08921937376376342,14.546992746601186
4,1155.0,0.00719803332117708,0.08921941883835188,14.546953484551382
4,1156.0,0.0071977393123406385,0.0892194660845375,14.546914571929646
4,1157.0,0.0071974479436485205,0.08921951550232025,14.546876008735968
4,1158.0,0.007197159215100725,0.08921956709170016,14.546837794970353
4,1159.0,0.007196873367399242,0.0892196225971714,14.546799962490155
4,1160.0,0.007196590425605495,0.08921967993153866,14.546762514612308
4,1161.0,0.007196310323074308,0.08921973823860713,14.546725442516188
4,1162.0,0.007196033059805679,0.08921979751837679,14.546688746201806
4,1163.0,0.007195758635799607,0.08921985777084764,14.54665242566915
4,1164.0,0.007195487051056094,0.08921991899601966,14.54661648091823
4,1165.0,0.00719521830557514,0.08921998119389289,14.546580911949047
4,1166.0,0.007194952399356742,0.08922004436446732,14.546545718761589
4,1167.0,0.007194689332400904,0.08922010850774291,14.54651090135587
4,1168.0,0.007194429104707624,0.08922017362371971,14.54647645973188
4,1169.0,0.007194171716276902,0.0892202397123977,14.54644239388962
4,1170.0,0.007193917167108738,0.08922030677377688,14.546408703829098
4,1171.0,0.007193665457203132,0.08922037480785724,14.546375389550306
4,1172.0,0.007193416586560085,0.0892204438146388,14.546342451053247
4,1173.0,0.0071931705551795955,0.08922051379412155,14.54630988833792
4,1174.0,0.007192927363061664,0.08922058474630548,14.546277701404327
4,1175.0,0.007192687010206291,0.0892206566711906,14.546245890252465
4,1176.0,0.007192449496613477,0.08922072956877693,14.546214454882337
4,1177.0,0.00719221482228322,0.08922080343906443,14.546183395293939
4,1178.0,0.0071919829872155215,0.08922087828205312,14.546152711487272
4,1179.0,0.007191753991410381,0.08922095409774301,14.546122403462343
4,1180.0,0.0071915278348677995,0.08922103088613409,14.546092471219147
4,1181.0,0.0071913045175877755,0.08922110864722635,14.54606291475768
4,1182.0,0.00719108403957031,0.0892211873810198,14.546033734077945
4,1183.0,0.007190866400815403,0.08922126708751446,14.546004929179944
4,1184.0,0.007190651601323054,0.0892213477667103,14.545976500063675
4,1185.0,0.0071904396410932625,0.08922142941860732,14.545948446729138
4,1186.0,0.00719023052012603,0.08922151204320554,14.545920769176336
4,1187.0,0.007190024238421355,0.08922159564050496,14.545893467405262
4,1188.0,0.007189820795979239,0.08922168021050556,14.545866541415924
4,1189.0,0.007189620192799681,0.08922176575320734,14.54583999120832
4,1190.0,0.007189423099177274,0.08922185309850364,14.545813905497193
4,1191.0,0.007189229502847539,0.0892219418882973,14.545788282659323
4,1192.0,0.007189038407006826,0.08922203075072666,14.545762990765871
4,1193.0,0.007188849811655135,0.0892221196857917,14.545738029816839
4,1194.0,0.007188663716792467,0.08922220869349246,14.545713399812223
4,1195.0,0.007188480122418821,0.0892222977738289,14.545689100752028
4,1196.0,0.007188299028534198,0.08922238692680104,14.545665132636248
4,1197.0,0.007188120435138597,0.08922247615240887,14.545641495464894
4,1198.0,0.007187944342232019,0.0892225654506524,14.54561818923795
4,1199.0,0.007187770749814462,0.08922265482153162,14.545595213955432
4,1200.0,0.007187599657885928,0.08922274426504653,14.54557256961733
4,1201.0,0.007187431066446417,0.08922283378119715,14.545550256223644
4,1202.0,0.007187264975495928,0.08922292336998346,14.54552827377438
4,1203.0,0.007187101385034461,0.08922301303140547,14.545506622269537
4,1204.0,0.007186940295062017,0.08922310276546316,14.54548530170911
4,1205.0,0.007186781705578595,0.08922319257215655,14.545464312093099
4,1206.0,0.0071866256165841955,0.08922328245148564,14.545443653421511
4,1207.0,0.007186472028078818,0.08922337240345042,14.545423325694339
4,1208.0,0.007186320940062463,0.0892234624280509,14.545403328911588
4,1209.0,0.007186172352535131,0.08922355252528708,14.545383663073252
4,1210.0,0.007186026265496821,0.08922364269515895,14.54536432817934
4,1211.0,0.007185882678947533,0.08922373293766651,14.545345324229844
4,1212.0,0.007185741592887268,0.08922382325280977,14.545326651224768
4,1213.0,0.007185603007316025,0.08922391364058872,14.545308309164108
4,1214.0,0.007185466922233805,0.08922400410100338,14.545290298047869
4,1215.0,0.007185333337640607,0.08922409463405372,14.54527261787605
4,1216.0,0.0071852022535364305,0.08922418523973977,14.545255268648647
4,1217.0,0.0071850736699212775,0.0892242759180615,14.545238250365664
4,1218.0,0.007184947586795146,0.08922436666901892,14.545221563027098
4,1219.0,0.007184824004158038,0.08922445749261206,14.545205206632954
4,1220.0,0.007184702922009951,0.08922454838884088,14.545189181183229
4,1221.0,0.007184584340350888,0.08922463935770539,14.545173486677916
4,1222.0,0.007184468259180846,0.0892247303992056,14.545158123117028
4,1223.0,0.007184354678499827,0.0892248215133415,14.545143090500558
4,1224.0,0.00718424359830783,0.08922491270011311,14.545128388828505
4,1225.0,0.007184136520388934,0.0892250045840486,14.545114216864818
4,1226.0,0.007184032003472284,0.08922509635187903,14.545100383854585
4,1227.0,0.007183929324513994,0.08922518766604665,14.545086794101596
4,1228.0,0.007183828483514065,0.08922527852655145,14.545073447605843
4,1229.0,0.007183729480472497,0.08922536893339342,14.545060344367334
4,1230.0,0.007183632315389288,0.08922545888657257,14.54504748438607
4,1231.0,0.00718353698826444,0.0892255483860889,14.545034867662041
4,1232.0,0.0071834434990979525,0.08922563743194241,14.54502249419526
4,1233.0,0.007183351847889826,0.0892257260241331,14.545010363985716
4,1234.0,0.007183262034640059,0.08922581416266097,14.544998477033413
4,1235.0,0.007183174059348653,0.089225901847526,14.544986833338353
4,1236.0,0.007183087922015607,0.08922598907872824,14.544975432900532
4,1237.0,0.007183003622640923,0.08922607585626763,14.544964275719956
4,1238.0,0.007182921161224598,0.08922616218014422,14.544953361796615
4,1239.0,0.0071828405377666335,0.08922624805035798,14.54494269113052
4,1240.0,0.007182761752267029,0.0892263334669089,14.54493226372167
4,1241.0,0.007182684804725786,0.08922641842979702,14.544922079570052
4,1242.0,0.007182609695142904,0.08922650293902232,14.54491213867568
4,1243.0,0.007182536423518381,0.08922658699458479,14.544902441038548
4,1244.0,0.007182464989852219,0.08922667059648444,14.544892986658661
4,1245.0,0.007182395394144417,0.08922675374472126,14.54488377553601
4,1246.0,0.007182327636394976,0.08922683643929527,14.544874807670602
4,1247.0,0.007182261716603896,0.08922691868020646,14.544866083062436
4,1248.0,0.007182197634771175,0.08922700046745483,14.544857601711513
4,1249.0,0.007182135390896815,0.08922708180104036,14.54484936361783
4,1250.0,0.007182074984980816,0.08922716268096308,14.544841368781386
4,1251.0,0.007182016417023177,0.08922724310722298,14.544833617202185
4,1252.0,0.007181959687023899,0.08922732307982005,14.544826108880224
4,1253.0,0.007181904794982981,0.08922740259875431,14.544818843815506
4,1254.0,0.007181851740900423,0.08922748166402575,14.544811822008029
4,1255.0,0.007181800524776226,0.08922756027563436,14.54480504345779
4,1256.0,0.00718175114661039,0.08922763843358014,14.544798508164796
4,1257.0,0.007181703606402913,0.08922771613786312,14.544792216129045
4,1258.0,0.007181657904153797,0.08922779338848326,14.544786167350528
4,1259.0,0.007181614039863042,0.0892278701854406,14.54478036182926
4,1260.0,0.007181572013530647,0.0892279465287351,14.54477479956523
4,1261.0,0.007181531825156613,0.08922802241836678,14.544769480558442
4,1262.0,0.00718149508322088,0.0892280979078078,14.544764617694232
4,1263.0,0.007181460068278113,0.08922817279956687,14.544759983400787
4,1264.0,0.007181426148917122,0.08922824705253662,14.54475549410965
4,1265.0,0.0071813933251379065,0.0892283206667171,14.544751149820819
4,1266.0,0.007181361596940469,0.08922839364210826,14.544746950534293
4,1267.0,0.007181330964324807,0.08922846597871012,14.544742896250073
4,1268.0,0.0071813014272909224,0.0892285376765227,14.54473898696816
4,1269.0,0.007181272985838813,0.08922860873554596,14.544735222688553
4,1270.0,0.007181245639968481,0.08922867915577992,14.54473160341125
4,1271.0,0.0071812193896799255,0.08922874893722459,14.544728129136255
4,1272.0,0.007181194234973147,0.08922881807987995,14.544724799863566
4,1273.0,0.007181170175848144,0.08922888658374602,14.544721615593177
4,1274.0,0.007181147212304918,0.08922895444882278,14.544718576325103
4,1275.0,0.007181125344343469,0.08922902167511025,14.544715682059326
4,1276.0,0.0071811045719637956,0.08922908826260842,14.544712932795864
4,1277.0,0.007181084895165899,0.08922915421131729,14.544710328534704
4,1278.0,0.007181066313949779,0.08922921952123686,14.544707869275847
4,1279.0,0.007181048828315436,0.08922928419236713,14.544705555019302
4,1280.0,0.007181032438262869,0.08922934822470809,14.544703385765057
4,1281.0,0.0071810171437920785,0.08922941161825976,14.54470136151312
4,1282.0,0.007181002944903064,0.08922947437302213,14.544699482263491
4,1283.0,0.007180989841595827,0.08922953648899519,14.544697748016166
4,1284.0,0.007180977833870366,0.08922959796617896,14.544696158771147
4,1285.0,0.0071809669217266815,0.08922965880457344,14.544694714528433
4,1286.0,0.0071809571051647736,0.0892297190041786,14.544693415288027
4,1287.0,0.007180948384184643,0.08922977856499446,14.544692261049928
4,1288.0,0.0071809407587862875,0.08922983748702104,14.544691251814132
4,1289.0,0.0071809342289697094,0.0892298957702583,14.544690387580642
4,1290.0,0.007180928794734908,0.08922995341470627,14.544689668349458
4,1291.0,0.007180924456081882,0.08923001042036495,14.544689094120582
4,1292.0,0.007180921213010633,0.08923006678723432,14.54468866489401
4,1293.0,0.007180919065521161,0.08923012251531438,14.544688380669745
4,1294.0,0.007180918013613466,0.08923017760460515,14.544688241447785
4,1295.0,0.007180918057287547,0.08923023205510662,14.544688247228132
4,1296.0,0.007180919196543404,0.08923028586681879,14.544688398010784
4,1297.0,0.0071809214313810375,0.08923033903974166,14.544688693795745
4,1298.0,0.007180924761800448,0.08923039157387523,14.544689134583008
4,1299.0,0.0071809291878016344,0.0892304434692195,14.544689720372578
4,1300.0,0.007180934709384598,0.08923049472577448,14.544690451164454
4,1301.0,0.00718094192862713,0.08923054518129288,14.544691406644763
4,1302.0,0.0071809511420994595,0.08923059467971597,14.544692626065135
4,1303.0,0.00718096080942135,0.08923064359632656,14.544693905553343
4,1304.0,0.007180970930592801,0.08923069193112464,14.544695245109395
4,1305.0,0.0071809815056138124,0.0892307396841102,14.54469664473329
4,1306.0,0.0071809925344843845,0.08923078685528327,14.544698104425024
4,1307.0,0.007181004017204516,0.08923083344464382,14.5446996241846
4,1308.0,0.007181015953774209,0.08923087945219187,14.54470120401202
4,1309.0,0.007181028344193461,0.08923092487792741,14.54470284390728
4,1310.0,0.0071810411884622736,0.08923096972185045,14.544704543870383
4,1311.0,0.007181054486580647,0.08923101398396097,14.544706303901327
4,1312.0,0.007181068238548581,0.08923105766425898,14.544708124000117
4,1313.0,0.007181082444366075,0.0892311007627445,14.544710004166744
4,1314.0,0.007181097104033129,0.0892311432794175,14.544711944401213
4,1315.0,0.007181112217549745,0.089231185214278,14.544713944703522
4,1316.0,0.007181127784915919,0.089231226567326,14.544716005073676
4,1317.0,0.0071811438061316546,0.08923126733856149,14.54471812551167
4,1318.0,0.007181160281196951,0.08923130752798446,14.544720306017508
4,1319.0,0.007181177210111807,0.08923134713559493,14.544722546591185
4,1320.0,0.007181194592876223,0.0892313861613929,14.54472484723271
4,1321.0,0.0071812124294902,0.08923142460537835,14.54472720794207
4,1322.0,0.0071812307199537375,0.0892314624675513,14.544729628719276
4,1323.0,0.007181249464266835,0.08923149974791175,14.544732109564322
4,1324.0,0.0071812686624294925,0.08923153644645967,14.544734650477208
4,1325.0,0.007181288314441711,0.08923157256319511,14.544737251457937
4,1326.0,0.00718130842030349,0.08923160809811803,14.544739912506508
4,1327.0,0.007181328980014829,0.08923164305122845,14.544742633622922
4,1328.0,0.007181349993575728,0.08923167742252636,14.544745414807176
4,1329.0,0.007181371460986187,0.08923171121201175,14.544748256059272
4,1330.0,0.007181393382246207,0.08923174441968465,14.544751157379212
4,1331.0,0.0071814157573557875,0.08923177704554504,14.544754118766992
4,1332.0,0.007181438586314928,0.08923180908959291,14.544757140222615
4,1333.0,0.007181461869123629,0.08923184055182828,14.544760221746078
4,1334.0,0.007181485605781891,0.08923187143225116,14.544763363337383
4,1335.0,0.007181509796289713,0.08923190173086151,14.544766564996529
4,1336.0,0.007181534440647095,0.08923193144765935,14.544769826723519
4,1337.0,0.0071815595388540375,0.08923196058264471,14.544773148518349
4,1338.0,0.00718158509091054,0.08923198913581754,14.54477653038102
4,1339.0,0.007181611096816603,0.08923201710717787,14.544779972311536
4,1340.0,0.007181637556572227,0.0892320444967257,14.54478347430989
4,1341.0,0.00718166447017741,0.08923207130446101,14.54478703637609
4,1342.0,0.007181691837632154,0.08923209753038382,14.544790658510127
4,1343.0,0.007181719658936459,0.08923212317449412,14.544794340712007
4,1344.0,0.0071817484996859575,0.08923214783616315,14.544798157839379
4,1345.0,0.007181778139591799,0.08923217158171592,14.544802080736584
4,1346.0,0.007181807792535768,0.08923219493471168,14.544806005359417
4,1347.0,0.007181837458517866,0.08923221789515041,14.544809931707869
4,1348.0,0.007181867137538092,0.08923224046303212,14.54481385978194
4,1349.0,0.007181896829596446,0.0892322626383568,14.544817789581636
4,1350.0,0.00718192653469293,0.08923228442112446,14.54482172110695
4,1351.0,0.007181956252827541,0.0892323058113351,14.544825654357886
4,1352.0,0.007181985984000281,0.0892323268089887,14.544829589334443
4,1353.0,0.007182015728211149,0.08923234741408528,14.54483352603662
4,1354.0,0.007182045485460146,0.08923236762662484,14.544837464464413
4,1355.0,0.007182075255747271,0.08923238744660737,14.544841404617832
4,1356.0,0.007182105039072525,0.08923240687403289,14.544845346496874
4,1357.0,0.007182134835435907,0.08923242590890136,14.544849290101531
4,1358.0,0.007182164644837417,0.08923244455121282,14.544853235431814
4,1359.0,0.007182194467277057,0.08923246280096726,14.544857182487714
4,1360.0,0.007182224302754824,0.08923248065816466,14.544861131269236
4,1361.0,0.00718225415127072,0.08923249812280505,14.544865081776381
4,1362.0,0.0071822840128247445,0.08923251519488841,14.544869034009144
4,1363.0,0.007182313887416897,0.08923253187441474,14.544872987967528
4,1364.0,0.007182343775047178,0.08923254816138405,14.544876943651534
4,1365.0,0.007182373675715588,0.08923256405579634,14.544880901061163
4,1366.0,0.007182403589422126,0.0892325795576516,14.544884860196406
4,1367.0,0.007182433516166793,0.08923259466694983,14.544888821057276
4,1368.0,0.007182463455949588,0.08923260938369104,14.544892783643766
4,1369.0,0.007182493408770511,0.08923262370787523,14.544896747955875
4,1370.0,0.007182523374629563,0.08923263763950239,14.544900713993606
4,1371.0,0.007182553353526743,0.08923265117857253,14.544904681756957
4,1372.0,0.0071825833454620515,0.08923266432508563,14.544908651245926
4,1373.0,0.007182613350435489,0.08923267707904171,14.544912622460519
4,1374.0,0.007182643368447055,0.08923268944044078,14.544916595400732
4,1375.0,0.007182673399496749,0.08923270140928281,14.544920570066566
4,1376.0,0.007182703443584571,0.08923271298556783,14.544924546458018
4,1377.0,0.007182733500710522,0.08923272416929581,14.544928524575099
4,1378.0,0.007182763570874602,0.08923273496046677,14.544932504417796
4,1379.0,0.007182793654076809,0.08923274535908071,14.544936485986112
4,1380.0,0.007182823750317146,0.08923275536513763,14.54494046928005
4,1381.0,0.00718285385959561,0.08923276497863751,14.544944454299609
4,1382.0,0.007182883981912204,0.08923277419958037,14.544948441044786
4,1383.0,0.007182914117266925,0.08923278302796621,14.54495242951559
4,1384.0,0.007182944265659775,0.08923279146379502,14.544956419712008
4,1385.0,0.007182974427090753,0.0892327995070668,14.544960411634053
4,1386.0,0.007183004601559861,0.08923280715778158,14.544964405281716
4,1387.0,0.007183034789067096,0.08923281441593932,14.544968400654996
4,1388.0,0.007183064989612459,0.08923282128154003,14.544972397753904
4,1389.0,0.007183095203195952,0.08923282775458372,14.544976396578427
4,1390.0,0.007183125429817572,0.08923283383507037,14.544980397128572
4,1391.0,0.007183155669477322,0.08923283952300001,14.54498439940434
4,1392.0,0.0071831859849446535,0.08923284467216042,14.544988411713383
4,1393.0,0.007183216559773291,0.08923284870643257,14.544992458349382
4,1394.0,0.00718324694179241,0.08923285256859202,14.544996479466679
4,1395.0,0.007183277131002009,0.08923285625863878,14.54500047506527
4,1396.0,0.007183307127402088,0.08923285977657282,14.545004445145166
4,1397.0,0.007183336930992648,0.08923286312239416,14.545008389706357
4,1398.0,0.007183366541773688,0.08923286629610279,14.545012308748843
4,1399.0,0.007183395959745208,0.08923286929769872,14.545016202272631
4,1400.0,0.007183425184907209,0.08923287212718194,14.545020070277715
4,1401.0,0.007183454217259691,0.08923287478455245,14.545023912764096
4,1402.0,0.007183483056802652,0.08923287726981026,14.545027729731776
4,1403.0,0.007183511703536095,0.08923287958295537,14.545031521180755
4,1404.0,0.007183540157460018,0.08923288172398776,14.54503528711103
4,1405.0,0.00718356841857442,0.08923288369290745,14.545039027522604
4,1406.0,0.007183596486879305,0.08923288548971443,14.545042742415477
4,1407.0,0.007183624362374668,0.0892328871144087,14.545046431789645
4,1408.0,0.007183652045060513,0.08923288856699028,14.545050095645115
4,1409.0,0.007183679534936838,0.08923288984745914,14.54505373398188
4,1410.0,0.007183706832003643,0.0892328909558153,14.545057346799943
4,1411.0,0.007183733936260929,0.08923289189205875,14.545060934099306
4,1412.0,0.007183760847708695,0.0892328926561895,14.545064495879965
4,1413.0,0.007183787566346942,0.08923289324820755,14.54506803214192
4,1414.0,0.007183814092175669,0.08923289366811288,14.545071542885177
4,1415.0,0.007183840425194877,0.08923289391590551,14.545075028109729
4,1416.0,0.007183866565404565,0.08923289399158543,14.545078487815584
4,1417.0,0.0071838925128047335,0.08923289389515265,14.545081922002732
4,1418.0,0.007183918267395382,0.08923289362660716,14.545085330671174
4,1419.0,0.007183943829176511,0.08923289318594896,14.545088713820924
4,1420.0,0.007183969198148121,0.08923289257317805,14.545092071451966
4,1421.0,0.007183994374310211,0.08923289178829445,14.545095403564305
4,1422.0,0.007184019357662782,0.08923289083129814,14.545098710157946
4,1423.0,0.007184044148205833,0.08923288970218912,14.545101991232881
4,1424.0,0.007184068745939364,0.0892328884009674,14.545105246789118
4,1425.0,0.007184093150863376,0.08923288692763297,14.545108476826648
4,1426.0,0.0071841173629778685,0.08923288528218583,14.54511168134548
4,1427.0,0.0071841413822828415,0.08923288346462598,14.545114860345608
4,1428.0,0.007184165208778295,0.08923288147495344,14.545118013827034
4,1429.0,0.007184188842464229,0.08923287931316817,14.54512114178976
4,1430.0,0.007184212283340642,0.08923287697927021,14.54512424423378
4,1431.0,0.0071842355314075375,0.08923287447325955,14.545127321159102
4,1432.0,0.007184258586664913,0.08923287179513617,14.545130372565719
4,1433.0,0.007184281449112768,0.0892328689449001,14.545133398453634
4,1434.0,0.007184304118751103,0.08923286592255131,14.545136398822848
4,1435.0,0.00718432659557992,0.0892328627280898,14.54513937367336
4,1436.0,0.0071843488795992165,0.0892328593615156,14.54514232300517
4,1437.0,0.007184370970808994,0.08923285582282871,14.545145246818278
4,1438.0,0.007184392869209252,0.0892328521120291,14.545148145112684
4,1439.0,0.00718441457479999,0.08923284822911678,14.545151017888386
4,1440.0,0.007184436087581208,0.08923284417409176,14.545153865145389
4,1441.0,0.007184457407552907,0.08923283994695404,14.54515668688369
4,1442.0,0.007184478534715087,0.0892328355477036,14.545159483103287
4,1443.0,0.007184499469067746,0.08923283097634045,14.54516225380418
4,1444.0,0.007184520210610886,0.0892328262328646,14.545164998986374
4,1445.0,0.007184540759344507,0.08923282131727606,14.545167718649866
4,1446.0,0.007184561115268608,0.0892328162295748,14.545170412794654
4,1447.0,0.0071845812783831895,0.08923281096976084,14.545173081420742
4,1448.0,0.007184601248688252,0.08923280553783416,14.545175724528129
4,1449.0,0.007184621026183794,0.08923279993379478,14.545178342116811
4,1450.0,0.007184640216226776,0.08923279366846537,14.545180881955044
4,1451.0,0.007184659086222473,0.08923278721325517,14.545183379434416
4,1452.0,0.007184677767473364,0.08923278075081408,14.545185851933063
4,1453.0,0.0071846962599794485,0.08923277428114211,14.545188299450976
4,1454.0,0.007184714563740728,0.08923276780423928,14.545190721988162
4,1455.0,0.007184732678757202,0.08923276132010555,14.545193119544614
4,1456.0,0.00718475060502887,0.08923275482874095,14.54519549212034
4,1457.0,0.007184768342555732,0.08923274833014547,14.545197839715337
4,1458.0,0.007184785891337789,0.08923274182431912,14.545200162329609
4,1459.0,0.00718480325137504,0.08923273531126188,14.545202459963143
4,1460.0,0.007184820422667485,0.08923272879097377,14.545204732615952
4,1461.0,0.007184837405215125,0.08923272226345477,14.54520698028803
4,1462.0,0.007184854199017958,0.0892327157287049,14.545209202979379
4,1463.0,0.007184870804075987,0.08923270918672416,14.545211400689999
4,1464.0,0.0071848872203892095,0.08923270263751253,14.545213573419886
4,1465.0,0.007184903447957626,0.08923269608107003,14.545215721169049
4,1466.0,0.007184919486781237,0.08923268951739664,14.545217843937479
4,1467.0,0.007184935336860042,0.08923268294649238,14.545219941725177
4,1468.0,0.007184950998194042,0.08923267636835724,14.545222014532149
4,1469.0,0.007184966470783236,0.08923266978299123,14.545224062358393
4,1470.0,0.007184981754627625,0.08923266319039433,14.545226085203904
4,1471.0,0.007184996849727208,0.08923265659056656,14.545228083068688
4,1472.0,0.007185011756081984,0.0892326499835079,14.54523005595274
4,1473.0,0.007185026473691956,0.08923264336921836,14.545232003856064
4,1474.0,0.007185041002557122,0.08923263674769796,14.545233926778659
4,1475.0,0.007185055342677482,0.08923263011894668,14.545235824720523
4,1476.0,0.007185069494053036,0.08923262348296451,14.545237697681658
4,1477.0,0.007185083456683785,0.08923261683975146,14.545239545662062
4,1478.0,0.007185097230569727,0.08923261018930755,14.545241368661738
4,1479.0,0.007185110815710865,0.08923260353163275,14.545243166680688
4,1480.0,0.007185124212107196,0.08923259686672706,14.545244939718904
4,1481.0,0.007185137419758722,0.0892325901945905,14.545246687776391
4,1482.0,0.007185150438665442,0.08923258351522306,14.545248410853148
4,1483.0,0.007185163268827357,0.08923257682862475,14.545250108949174
4,1484.0,0.007185175910244465,0.08923257013479556,14.545251782064476
4,1485.0,0.007185188362916768,0.08923256343373549,14.545253430199041
4,1486.0,0.007185200626844266,0.08923255672544454,14.54525505335288
4,1487.0,0.007185212702026957,0.08923255000992271,14.54525665152599
4,1488.0,0.007185224588464843,0.08923254328717001,14.545258224718376
4,1489.0,0.007185236286157924,0.08923253655718642,14.545259772930025
4,1490.0,0.007185247795106198,0.08923252981997196,14.545261296160946
4,1491.0,0.0071852591153096675,0.08923252307552662,14.545262794411137
4,1492.0,0.007185270246768331,0.0892325163238504,14.545264267680599
4,1493.0,0.007185281189482189,0.0892325095649433,14.545265715969332
4,1494.0,0.007185291943451241,0.08923250279880532,14.545267139277335
4,1495.0,0.0071853025086754865,0.08923249602543647,14.545268537604608
4,1496.0,0.007185312885154927,0.08923248924483673,14.545269910951152
4,1497.0,0.007185323072889562,0.08923248245700613,14.545271259316968
4,1498.0,0.007185333071879391,0.08923247566194464,14.545272582702053
4,1499.0,0.007185342882124414,0.08923246885965228,14.545273881106409
4,1500.0,0.007185352503624632,0.08923246205012902,14.545275154530033
4,1501.0,0.007185361936380044,0.0892324552333749,14.54527640297293
4,1502.0,0.007185371180390651,0.0892324484093899,14.545277626435098
4,1503.0,0.007185380235656452,0.08923244157817402,14.545278824916535
4,1504.0,0.0071853891021774466,0.08923243473972726,14.545279998417241
4,1505.0,0.007185397779953636,0.08923242789404963,14.54528114693722
4,1506.0,0.00718540626898502,0.08923242104114111,14.545282270476466
4,1507.0,0.007185414569271598,0.08923241418100171,14.545283369034987
4,1508.0,0.00718542268081337,0.08923240731363144,14.545284442612779
4,1509.0,0.007185430603610337,0.08923240043903029,14.545285491209839
4,1510.0,0.0071854383376624975,0.08923239355719827,14.545286514826167
4,1511.0,0.007185445882969853,0.08923238666813535,14.545287513461767
4,1512.0,0.007185453239532402,0.08923237977184156,14.54528848711664
4,1513.0,0.007185460407350146,0.08923237286831691,14.54528943579078
4,1514.0,0.007185467386423085,0.08923236595756136,14.545290359484191
4,1515.0,0.007185474176751217,0.08923235903957494,14.545291258196878
4,1516.0,0.007185480778334544,0.08923235211435765,14.545292131928829
4,1517.0,0.007185487191173065,0.08923234518190946,14.54529298068005
4,1518.0,0.00718549341526678,0.08923233824223041,14.545293804450546
4,1519.0,0.00718549945061569,0.08923233129532047,14.545294603240311
4,1520.0,0.007185505297219794,0.08923232434117967,14.545295377049344
4,1521.0,0.007185510955079092,0.08923231737980798,14.545296125877648
4,1522.0,0.007185516256077272,0.08923231040542404,14.545296827474717
4,1523.0,0.007185520816791325,0.08923230343718756,14.54529743109379
4,1524.0,0.007185525295318283,0.08923229651865701,14.54529802383524
4,1525.0,0.007185529691658147,0.08923228964983237,14.545298605699081
4,1526.0,0.007185534005810916,0.08923228283071366,14.545299176685301
4,1527.0,0.007185538237776592,0.08923227606130085,14.545299736793908
4,1528.0,0.0071855423875551725,0.08923226934159398,14.545300286024899
4,1529.0,0.007185546455146658,0.08923226267159302,14.545300824378273
4,1530.0,0.00718555044055105,0.08923225605129798,14.545301351854027
4,1531.0,0.007185554343768348,0.08923224948070886,14.545301868452169
4,1532.0,0.007185558164798551,0.08923224295982565,14.545302374172692
4,1533.0,0.00718556190364166,0.08923223648864836,14.5453028690156
4,1534.0,0.007185565560297674,0.08923223006717701,14.545303352980895
4,1535.0,0.007185569134766594,0.08923222369541156,14.545303826068567
4,1536.0,0.00718557262704842,0.08923221737335203,14.545304288278626
4,1537.0,0.0071855760371431505,0.08923221110099842,14.54530473961107
4,1538.0,0.0071855793650507874,0.08923220487835073,14.545305180065899
4,1539.0,0.00718558261077133,0.08923219870540897,14.545305609643107
4,1540.0,0.007185585774304778,0.08923219258217312,14.545306028342699
4,1541.0,0.007185588855651131,0.08923218650864319,14.545306436164678
4,1542.0,0.007185591854810391,0.08923218048481917,14.545306833109041
4,1543.0,0.007185594771782555,0.08923217451070108,14.545307219175788
4,1544.0,0.007185597606567626,0.0892321685862889,14.545307594364914
4,1545.0,0.007185600359165602,0.08923216271158264,14.545307958676425
4,1546.0,0.007185603029576483,0.08923215688658231,14.545308312110322
4,1547.0,0.0071856056178002704,0.08923215111128789,14.5453086546666
4,1548.0,0.007185608123836964,0.08923214538569939,14.545308986345265
4,1549.0,0.007185610547686562,0.08923213970981682,14.54530930714631
4,1550.0,0.007185612889349066,0.08923213408364015,14.545309617069744
4,1551.0,0.0071856151488244755,0.08923212850716941,14.545309916115556
4,1552.0,0.007185617326112791,0.08923212298040459,14.545310204283755
4,1553.0,0.0071856194212140114,0.08923211750334568,14.545310481574338
4,1554.0,0.0071856214341281385,0.0892321120759927,14.545310747987301
4,1555.0,0.007185623364855171,0.08923210669834564,14.54531100352265
4,1556.0,0.007185625213395108,0.08923210137040449,14.545311248180386
4,1557.0,0.007185626979747952,0.08923209609216926,14.545311481960502
4,1558.0,0.0071856286639137,0.08923209086363995,14.545311704863003
4,1559.0,0.007185630265892355,0.08923208568481657,14.545311916887886
4,1560.0,0.007185631785683915,0.08923208055569909,14.545312118035154
4,1561.0,0.00718563322328838,0.08923207547628755,14.545312308304803
4,1562.0,0.0071856345787057515,0.08923207044658191,14.545312487696838
4,1563.0,0.007185635851936029,0.08923206546658219,14.545312656211259
4,1564.0,0.007185637042979211,0.0892320605362884,14.545312813848062
4,1565.0,0.0071856381518353,0.08923205565570053,14.545312960607248
4,1566.0,0.0071856391785042936,0.08923205082481857,14.545313096488817
4,1567.0,0.0071856401229861925,0.08923204604364253,14.54531322149277
4,1568.0,0.0071856409852809975,0.08923204131217241,14.545313335619108
4,1569.0,0.0071856417653887086,0.08923203663040821,14.545313438867828
4,1570.0,0.007185642463309324,0.08923203199834993,14.54531353123893
4,1571.0,0.007185643079042846,0.08923202741599758,14.545313612732421
4,1572.0,0.007185643612589274,0.08923202288335112,14.545313683348292
4,1573.0,0.0071856440639486065,0.0892320184004106,14.545313743086547
4,1574.0,0.007185644433120845,0.089232013967176,14.545313791947185
4,1575.0,0.007185644720105989,0.08923200958364731,14.545313829930206
4,1576.0,0.007185644924904039,0.08923200524982455,14.545313857035616
4,1577.0,0.007185645047514995,0.0892320009657077,14.545313873263407
4,1578.0,0.007185645087938856,0.08923199673129677,14.545313878613578
4,1579.0,0.007185645046175622,0.08923199254659177,14.545313873086135
4,1580.0,0.007185644922225294,0.08923198841159267,14.545313856681078
4,1581.0,0.007185644716087873,0.0892319843262995,14.545313829398403
4,1582.0,0.007185644427763356,0.08923198029071225,14.545313791238112
4,1583.0,0.007185644057251745,0.08923197630483092,14.545313742200207
4,1584.0,0.00718564360455304,0.0892319723686555,14.545313682284679
4,1585.0,0.00718564306966724,0.08923196848218601,14.54531361149154
4,1586.0,0.007185642452594346,0.08923196464542243,14.545313529820785
4,1587.0,0.007185641753334357,0.08923196085836477,14.54531343727241
4,1588.0,0.007185640971887274,0.08923195712101303,14.545313333846423
4,1589.0,0.007185640108253097,0.08923195343336722,14.545313219542814
4,1590.0,0.0071856391624318255,0.08923194979542731,14.545313094361594
4,1591.0,0.00718563813442346,0.08923194620719334,14.545312958302759
4,1592.0,0.007185637024227999,0.08923194266866527,14.545312811366303
4,1593.0,0.007185635831845444,0.08923193917984312,14.545312653552232
4,1594.0,0.007185634557275795,0.08923193574072691,14.545312484860546
4,1595.0,0.007185633200519051,0.0892319323513166,14.54531230529124
4,1596.0,0.007185631761575213,0.08923192901161221,14.545312114844322
4,1597.0,0.00718563024044428,0.08923192572161374,14.545311913519784
4,1598.0,0.007185628637126254,0.0892319224813212,14.545311701317635
4,1599.0,0.007185626951621132,0.08923191929073457,14.545311478237863
4,1600.0,0.0071856251839289165,0.08923191614985386,14.545311244280478
4,1601.0,0.007185623334049607,0.08923191305867906,14.54531099944548
4,1602.0,0.0071856214019832025,0.08923191001721019,14.54531074373286
4,1603.0,0.007185619387729703,0.08923190702544724,14.545310477142626
4,1604.0,0.00718561706342276,0.08923190425808433,14.545310169516238
4,1605.0,0.007185614581522059,0.08923190163418677,14.545309841032017
4,1606.0,0.0071856121004081125,0.08923189904089142,14.545309512651926
4,1607.0,0.007185609620080921,0.08923189647819828,14.545309184375967
4,1608.0,0.007185607140540486,0.08923189394610735,14.545308856204128
4,1609.0,0.007185604661786804,0.08923189144461864,14.545308528136426
4,1610.0,0.007185602183819877,0.08923188897373213,14.545308200172848
4,1611.0,0.007185599706639705,0.08923188653344784,14.545307872313398
4,1612.0,0.007185597230246288,0.08923188412376576,14.545307544558078
4,1613.0,0.007185594754639626,0.08923188174468588,14.545307216906886
4,1614.0,0.007185592279819719,0.08923187939620822,14.545306889359823
4,1615.0,0.007185589805786567,0.08923187707833277,14.54530656191689
4,1616.0,0.007185587332540169,0.08923187479105954,14.545306234578085
4,1617.0,0.007185584860080526,0.08923187253438851,14.545305907343407
4,1618.0,0.007185582388407639,0.0892318703083197,14.545305580212855
4,1619.0,0.007185579917521506,0.0892318681128531,14.545305253186436
4,1620.0,0.007185577447422127,0.08923186594798871,14.54530492626414
4,1621.0,0.007185574978109504,0.08923186381372653,14.54530459944598
4,1622.0,0.007185572509583636,0.08923186171006656,14.545304272731943
4,1623.0,0.007185570041844522,0.0892318596370088,14.545303946122036
4,1624.0,0.007185567574892164,0.08923185759455325,14.54530361961626
4,1625.0,0.0071855651087265595,0.08923185558269991,14.54530329321461
4,1626.0,0.0071855626433477105,0.0892318536014488,14.545302966917088
4,1627.0,0.007185560178755616,0.08923185165079987,14.545302640723692
4,1628.0,0.0071855577149502765,0.08923184973075318,14.54530231463443
4,1629.0,0.007185555251931692,0.08923184784130869,14.545301988649294
4,1630.0,0.007185552789699862,0.0892318459824664,14.545301662768285
4,1631.0,0.007185550328254788,0.08923184415422634,14.545301336991406
4,1632.0,0.007185547867596468,0.08923184235658849,14.545301011318656
4,1633.0,0.007185545407724903,0.08923184058955284,14.545300685750034
4,1634.0,0.007185542948640092,0.08923183885311942,14.545300360285543
4,1635.0,0.007185540490342038,0.08923183714728819,14.545300034925177
4,1636.0,0.007185538032830736,0.08923183547205918,14.54529970966894
4,1637.0,0.007185535576106191,0.08923183382743238,14.54529938451683
4,1638.0,0.0071855331201684,0.08923183221340779,14.545299059468851
4,1639.0,0.007185530665017364,0.08923183062998542,14.545298734525002
4,1640.0,0.007185528210653083,0.08923182907716526,14.545298409685278
4,1641.0,0.007185525757075557,0.0892318275549473,14.545298084949682
4,1642.0,0.007185523304284786,0.08923182606333156,14.54529776031822
4,1643.0,0.0071855208522807685,0.08923182460231803,14.545297435790882
4,1644.0,0.007185518401063507,0.08923182317190671,14.545297111367672
4,1645.0,0.007185515950633,0.0892318217720976,14.545296787048592
4,1646.0,0.0071855135009892485,0.0892318204028907,14.54529646283364
4,1647.0,0.007185511052132251,0.08923181906428601,14.545296138722819
4,1648.0,0.007185508604062009,0.08923181775628354,14.545295814716123
4,1649.0,0.007185506156778521,0.08923181647888329,14.545295490813553
4,1650.0,0.0071855037102817884,0.08923181523208523,14.54529516701512
4,1651.0,0.007185501264571811,0.0892318140158894,14.545294843320807
4,1652.0,0.007185498819648588,0.08923181283029576,14.545294519730627
4,1653.0,0.00718549637551212,0.08923181167530435,14.545294196244575
4,1654.0,0.0071854939321624066,0.08923181055091514,14.545293872862652
4,1655.0,0.007185491489599448,0.08923180945712815,14.545293549584857
4,1656.0,0.007185489047823245,0.08923180839394336,14.545293226411188
4,1657.0,0.007185486606833796,0.08923180736136078,14.54529290334165
4,1658.0,0.007185484166631102,0.08923180635938043,14.545292580376241
4,1659.0,0.007185481727215164,0.08923180538800228,14.54529225751496
4,1660.0,0.00718547928858598,0.08923180444722634,14.545291934757808
4,1661.0,0.00718547685074355,0.08923180353705262,14.545291612104783
4,1662.0,0.0071854744136878755,0.0892318026574811,14.545291289555887
4,1663.0,0.007185471977418956,0.0892318018085118,14.54529096711112
4,1664.0,0.007185469541936791,0.0892318009901447,14.545290644770478
4,1665.0,0.007185467107241382,0.08923180020237982,14.545290322533969
4,1666.0,0.007185464673332726,0.08923179944521716,14.545290000401588
4,1667.0,0.007185462240210826,0.0892317987186567,14.545289678373335
4,1668.0,0.007185459807875681,0.08923179802269846,14.545289356449212
4,1669.0,0.007185457376327291,0.08923179735734242,14.545289034629212
4,1670.0,0.007185454945565654,0.08923179672258859,14.545288712913342
4,1671.0,0.007185452515590774,0.08923179611843698,14.545288391301602
4,1672.0,0.007185450086402648,0.08923179554488758,14.545288069793992
4,1673.0,0.007185447658001277,0.0892317950019404,14.54528774839051
4,1674.0,0.007185445230386661,0.08923179448959541,14.545287427091154
4,1675.0,0.0071854428035588,0.08923179400785264,14.54528710589593
4,1676.0,0.007185440377517693,0.08923179355671208,14.545286784804834
4,1677.0,0.007185437952263341,0.08923179313617374,14.545286463817863
4,1678.0,0.007185435527795744,0.0892317927462376,14.545286142935023
4,1679.0,0.007185433104114902,0.0892317923869037,14.54528582215631
4,1680.0,0.0071854306812208155,0.08923179205817197,14.545285501481729
4,1681.0,0.007185428259113483,0.08923179176004248,14.545285180911275
4,1682.0,0.007185425837792906,0.08923179149251519,14.545284860444946
4,1683.0,0.007185423417259083,0.08923179125559011,14.54528454008275
4,1684.0,0.007185420997512015,0.08923179104926725,14.54528421982468
4,1685.0,0.007185418578551703,0.0892317908735466,14.54528389967074
4,1686.0,0.007185416160378145,0.08923179072842816,14.545283579620923
4,1687.0,0.007185413742991342,0.08923179061391193,14.545283259675243
4,1688.0,0.007185411326391293,0.0892317905299979,14.545282939833688
4,1689.0,0.007185408910578,0.0892317904766861,14.54528262009626
4,1690.0,0.007185406495551461,0.0892317904539765,14.545282300462963
4,1691.0,0.007185404081311677,0.08923179046186912,14.54528198093379
4,1692.0,0.007185401667858649,0.08923179050036394,14.545281661508751
4,1693.0,0.0071853992551923745,0.08923179056946097,14.545281342187836
4,1694.0,0.0071853968433128555,0.08923179066916022,14.545281022971052
4,1695.0,0.007185394432220091,0.08923179079946168,14.545280703858397
4,1696.0,0.007185392021914081,0.08923179096036536,14.54528038484987
4,1697.0,0.007185389612394827,0.08923179115187124,14.545280065945471
4,1698.0,0.007185387203662327,0.08923179137397934,14.5452797471452
4,1699.0,0.007185384825814476,0.08923179167153636,14.545279432432569
4,1700.0,0.007185382572447041,0.08923179215227288,14.54527913419516
4,1701.0,0.007185380335306257,0.0892317926340997,14.545278838105373
4,1702.0,0.007185378114392124,0.08923179311701682,14.545278544163216
4,1703.0,0.007185375909704642,0.08923179360102423,14.545278252368686
4,1704.0,0.007185373721243812,0.08923179408612196,14.545277962721787
4,1705.0,0.007185371549009634,0.08923179457230998,14.545277675222513
4,1706.0,0.007185369393002106,0.08923179505958831,14.545277389870863
4,1707.0,0.00718536725322123,0.08923179554795695,14.545277106666848
4,1708.0,0.007185365129667005,0.08923179603741586,14.545276825610456
4,1709.0,0.007185363022339432,0.0892317965279651,14.545276546701695
4,1710.0,0.007185360931238509,0.08923179701960464,14.545276269940558
4,1711.0,0.007185358856364238,0.08923179751233447,14.545275995327051
4,1712.0,0.007185356797716619,0.0892317980061546,14.545275722861174
4,1713.0,0.00718535475529565,0.08923179850106504,14.54527545254292
4,1714.0,0.007185352729101334,0.08923179899706578,14.5452751843723
4,1715.0,0.007185350719133668,0.08923179949415683,14.545274918349305
4,1716.0,0.007185348725392653,0.08923179999233816,14.545274654473932
4,1717.0,0.007185346747878291,0.08923180049160981,14.545274392746194
4,1718.0,0.007185344786590579,0.08923180099197175,14.54527413316608
4,1719.0,0.007185342841529519,0.089231801493424,14.545273875733598
4,1720.0,0.00718534091269511,0.08923180199596654,14.54527362044874
4,1721.0,0.007185339000087352,0.08923180249959939,14.54527336731151
4,1722.0,0.007185337103706246,0.08923180300432254,14.54527311632191
4,1723.0,0.00718533522355179,0.089231803510136,14.545272867479936
4,1724.0,0.007185333359623986,0.08923180401703976,14.54527262078559
4,1725.0,0.0071853315119228345,0.0892318045250338,14.545272376238872
4,1726.0,0.007185329680448333,0.08923180503411816,14.54527213383978
4,1727.0,0.007185327865200483,0.08923180554429282,14.54527189358832
4,1728.0,0.007185326066179285,0.08923180605555778,14.545271655484484
4,1729.0,0.007185324283384737,0.08923180656791305,14.545271419528278
4,1730.0,0.007185322516816842,0.0892318070813586,14.545271185719697
4,1731.0,0.007185320766475598,0.08923180759589447,14.545270954058747
4,1732.0,0.007185319032361004,0.08923180811152064,14.545270724545423
4,1733.0,0.007185317314473062,0.0892318086282371,14.545270497179729
4,1734.0,0.007185315612811772,0.08923180914604387,14.545270271961659
4,1735.0,0.007185313927377133,0.08923180966494094,14.54527004889122
4,1736.0,0.007185312258169145,0.0892318101849283,14.545269827968408
4,1737.0,0.007185310605187808,0.08923181070600598,14.545269609193223
4,1738.0,0.007185308968433123,0.08923181122817396,14.545269392565666
4,1739.0,0.0071853073479050894,0.08923181175143223,14.545269178085737
4,1740.0,0.007185305743603707,0.08923181227578081,14.545268965753436
4,1741.0,0.007185304155528975,0.0892318128012197,14.545268755568761
4,1742.0,0.0071853025836808955,0.08923181332774886,14.545268547531716
4,1743.0,0.007185301028059467,0.08923181385536835,14.545268341642297
4,1744.0,0.0071852994886646895,0.08923181438407814,14.545268137900507
4,1745.0,0.007185297965496563,0.08923181491387822,14.545267936306344
4,1746.0,0.007185296458555089,0.0892318154447686,14.545267736859811
4,1747.0,0.0071852949678402655,0.0892318159767493,14.545267539560903
4,1748.0,0.007185293493352093,0.08923181650982029,14.545267344409623
4,1749.0,0.007185292035090573,0.08923181704398157,14.545267151405973
4,1750.0,0.007185290593055703,0.08923181757923317,14.545266960549949
4,1751.0,0.007185289167247485,0.08923181811557505,14.545266771841554
4,1752.0,0.007185287757665919,0.08923181865300725,14.545266585280787
4,1753.0,0.007185286364311003,0.08923181919152975,14.545266400867645
4,1754.0,0.007185284987182739,0.08923181973114255,14.545266218602134
4,1755.0,0.0071852836262811266,0.08923182027184565,14.54526603848425
4,1756.0,0.007185282281606165,0.08923182081363905,14.545265860513991
4,1757.0,0.007185280953157854,0.08923182135652276,14.545265684691364
4,1758.0,0.007185279640936196,0.08923182190049675,14.545265511016362
4,1759.0,0.007185278344941188,0.08923182244556106,14.545265339488989
4,1760.0,0.007185277065172833,0.08923182299171567,14.545265170109241
4,1761.0,0.0071852758016311274,0.08923182353896057,14.545265002877125
4,1762.0,0.007185274554316074,0.08923182408729578,14.545264837792631
4,1763.0,0.007185273323227672,0.0892318246367213,14.545264674855773
4,1764.0,0.007185272108365921,0.08923182518723712,14.545264514066538
4,1765.0,0.007185270909730822,0.08923182573884322,14.545264355424932
4,1766.0,0.0071852697273223735,0.08923182629153964,14.545264198930953
4,1767.0,0.007185268561140577,0.08923182684532636,14.545264044584599
4,1768.0,0.007185267411185431,0.08923182740020338,14.545263892385876
4,1769.0,0.007185266277456937,0.0892318279561707,14.54526374233478
4,1770.0,0.007185265159955093,0.08923182851322832,14.545263594431312
4,1771.0,0.0071852640586799014,0.08923182907137624,14.545263448675472
4,1772.0,0.007185262973631362,0.08923182963061446,14.545263305067262
4,1773.0,0.007185261904809472,0.089231830190943,14.545263163606675
4,1774.0,0.007185260852214235,0.08923183075236182,14.545263024293718
4,1775.0,0.007185259815845648,0.08923183131487095,14.54526288712839
4,1776.0,0.007185258795703714,0.08923183187847038,14.545262752110688
4,1777.0,0.0071852577917884295,0.08923183244316012,14.545262619240615
4,1778.0,0.007185256804099797,0.08923183300894015,14.545262488518171
4,1779.0,0.007185255832637816,0.08923183357581048,14.545262359943353
4,1780.0,0.007185254877402487,0.08923183414377112,14.545262233516162
4,1781.0,0.007185253938393808,0.08923183471282206,14.545262109236598
4,1782.0,0.007185253015611781,0.0892318352829633,14.545261987104665
4,1783.0,0.007185252109056406,0.08923183585419484,14.545261867120358
4,1784.0,0.007185251218727681,0.08923183642651668,14.545261749283679
4,1785.0,0.007185250344625608,0.08923183699992883,14.54526163359463
4,1786.0,0.0071852494867501865,0.08923183757443127,14.545261520053206
4,1787.0,0.007185248645101416,0.08923183815002401,14.54526140865941
4,1788.0,0.007185247819679296,0.08923183872670706,14.54526129941324
4,1789.0,0.007185247010483829,0.08923183930448042,14.545261192314701
4,1790.0,0.007185246217515012,0.08923183988334407,14.545261087363789
4,1791.0,0.007185245440772847,0.08923184046329802,14.545260984560503
4,1792.0,0.0071852446802573335,0.08923184104434227,14.545260883904849
4,1793.0,0.00718524393596847,0.08923184162647683,14.54526078539682
4,1794.0,0.007185243207906259,0.08923184220970169,14.545260689036418
4,1795.0,0.0071852424960707,0.08923184279401684,14.545260594823645
4,1796.0,0.007185241800461791,0.0892318433794223,14.545260502758499
4,1797.0,0.007185241121079534,0.08923184396591807,14.545260412840982
4,1798.0,0.007185240457923928,0.08923184455350414,14.54526032507109
4,1799.0,0.007185239810994973,0.0892318451421805,14.54526023944883
4,1800.0,0.00718523918029267,0.08923184573194716,14.545260155974194
4,1801.0,0.007185238565817018,0.08923184632280413,14.545260074647187
4,1802.0,0.007185237967568018,0.0892318469147514,14.545259995467807
4,1803.0,0.007185237385545668,0.08923184750778897,14.545259918436058
4,1804.0,0.0071852368197499695,0.08923184810191685,14.545259843551936
4,1805.0,0.007185236270180923,0.08923184869713502,14.54525977081544
4,1806.0,0.007185235736838528,0.0892318492934435,14.54525970022657
4,1807.0,0.007185235219722784,0.08923184989084228,14.54525963178533
4,1808.0,0.007185234718833691,0.08923185048933135,14.545259565491717
4,1809.0,0.00718523423417125,0.08923185108891073,14.545259501345733
4,1810.0,0.0071852337657354595,0.08923185168958041,14.54525943934738
4,1811.0,0.007185233313526321,0.0892318522913404,14.545259379496647
4,1812.0,0.007185232877543833,0.08923185289419068,14.545259321793544
4,1813.0,0.007185232457787997,0.08923185349813126,14.545259266238075
4,1814.0,0.0071852320542588125,0.08923185410316214,14.545259212830226
4,1815.0,0.0071852316669562795,0.08923185470928334,14.545259161570012
4,1816.0,0.007185231295880397,0.08923185531649483,14.545259112457419
4,1817.0,0.007185230941031166,0.08923185592479663,14.54525906549246
4,1818.0,0.0071852306024085865,0.08923185653418872,14.545259020675125
4,1819.0,0.007185230280012659,0.0892318571446711,14.545258978005418
4,1820.0,0.007185229973843381,0.0892318577562438,14.545258937483338
4,1821.0,0.007185229683900756,0.0892318583689068,14.545258899108886
4,1822.0,0.0071852294101847815,0.0892318589826601,14.545258862882063
4,1823.0,0.007185229152695459,0.0892318595975037,14.545258828802867
4,1824.0,0.007185228911432788,0.0892318602134376,14.5452587968713
4,1825.0,0.007185228686396768,0.0892318608304618,14.545258767087361
4,1826.0,0.0071852284775873985,0.08923186144857631,14.545258739451048
4,1827.0,0.0071852282850046805,0.08923186206778112,14.545258713962363
4,1828.0,0.0071852281086486145,0.08923186268807623,14.545258690621306
4,1829.0,0.0071852279485192,0.08923186330946163,14.545258669427877
4,1830.0,0.007185227804616436,0.08923186393193734,14.545258650382076
4,1831.0,0.007185227676940324,0.08923186455550336,14.545258633483906
4,1832.0,0.007185227565490862,0.08923186518015967,14.545258618733358
4,1833.0,0.007185227482253229,0.08923186579990153,14.545258607716702
4,1834.0,0.0071852275816627125,0.08923186633084153,14.545258620873733
4,1835.0,0.0071852276822029085,0.08923186685819623,14.545258634180417
4,1836.0,0.007185227783873816,0.08923186738196563,14.545258647636752
4,1837.0,0.007185227886675437,0.08923186790214972,14.545258661242743
4,1838.0,0.00718522799060777,0.08923186841874851,14.54525867499838
4,1839.0,0.007185228095670815,0.08923186893176199,14.54525868890367
4,1840.0,0.007185228201864573,0.08923186944119017,14.545258702958614
4,1841.0,0.0071852283091890425,0.08923186994703305,14.54525871716321
4,1842.0,0.007185228417644225,0.08923187044929062,14.545258731517457
4,1843.0,0.00718522852723012,0.0892318709479629,14.545258746021355
4,1844.0,0.007185228637946727,0.08923187144304985,14.545258760674907
4,1845.0,0.007185228749794046,0.08923187193455151,14.545258775478109
4,1846.0,0.007185228862772079,0.08923187242246787,14.545258790430964
4,1847.0,0.007185228976880823,0.08923187290679892,14.545258805533473
4,1848.0,0.00718522909212028,0.08923187338754467,14.545258820785628
4,1849.0,0.007185229208490449,0.08923187386470512,14.54525883618744
4,1850.0,0.007185229325991331,0.08923187433828025,14.5452588517389
4,1851.0,0.007185229444622924,0.08923187480827008,14.545258867440017
4,1852.0,0.007185229564385231,0.0892318752746746,14.545258883290787
4,1853.0,0.0071852296852782495,0.08923187573749383,14.5452588992912
4,1854.0,0.00718522980730198,0.08923187619672776,14.545258915441272
4,1855.0,0.007185229930456424,0.08923187665237638,14.545258931740992
4,1856.0,0.00718523005474158,0.0892318771044397,14.54525894819037
4,1857.0,0.007185230180157448,0.0892318775529177,14.54525896478939
4,1858.0,0.007185230306704028,0.0892318779978104,14.545258981538069
4,1859.0,0.007185230434381322,0.0892318784391178,14.5452589984364
4,1860.0,0.007185230563189327,0.08923187887683989,14.545259015484383
4,1861.0,0.0071852306931280445,0.08923187931097669,14.545259032682013
4,1862.0,0.007185230824197475,0.08923187974152817,14.545259050029298
4,1863.0,0.007185230956397617,0.08923188016849436,14.545259067526237
4,1864.0,0.007185231089728472,0.08923188059187524,14.545259085172827
4,1865.0,0.00718523122419004,0.08923188101167082,14.545259102969068
4,1866.0,0.00718523135978232,0.08923188142788109,14.54525912091496
4,1867.0,0.007185231496505312,0.08923188184050605,14.545259139010504
4,1868.0,0.007185231634359016,0.08923188224954572,14.5452591572557
4,1869.0,0.007185231773343433,0.08923188265500007,14.54525917565055
4,1870.0,0.0071852319134585625,0.08923188305686913,14.545259194195049
4,1871.0,0.007185232054704404,0.08923188345515287,14.545259212889205
4,1872.0,0.007185232197080958,0.08923188384985133,14.545259231733008
4,1873.0,0.007185232340588225,0.08923188424096447,14.545259250726465
4,1874.0,0.0071852324852262036,0.0892318846284923,14.545259269869572
4,1875.0,0.007185232630994895,0.08923188501243483,14.545259289162333
4,1876.0,0.007185232777894299,0.08923188539279206,14.545259308604745
4,1877.0,0.007185232925924415,0.08923188576956399,14.545259328196808
4,1878.0,0.007185233075085243,0.0892318861427506,14.545259347938522
4,1879.0,0.007185233225376784,0.08923188651235192,14.54525936782989
4,1880.0,0.007185233376799037,0.08923188687836793,14.54525938787091
4,1881.0,0.007185233529352002,0.08923188724079864,14.545259408061582
4,1882.0,0.007185233683035681,0.08923188759964404,14.545259428401906
4,1883.0,0.0071852338378500715,0.08923188795490414,14.54525944889188
4,1884.0,0.007185233993795174,0.08923188830657894,14.545259469531509
4,1885.0,0.007185234150870989,0.08923188865466843,14.545259490320786
4,1886.0,0.007185234309077517,0.08923188899917261,14.545259511259719
4,1887.0,0.007185234468414757,0.0892318893400915,14.545259532348304
4,1888.0,0.007185234628882709,0.08923188967742508,14.545259553586536
4,1889.0,0.0071852347904813735,0.08923189001117335,14.545259574974423
4,1890.0,0.007185234953210751,0.08923189034133631,14.545259596511961
4,1891.0,0.00718523511707084,0.08923189066791398,14.54525961819915
4,1892.0,0.007185235282061642,0.08923189099090635,14.545259640035994
4,1893.0,0.007185235448183156,0.08923189131031341,14.54525966202249
4,1894.0,0.007185235615435383,0.08923189162613515,14.545259684158637
4,1895.0,0.007185235783818323,0.08923189193837161,14.545259706444435
4,1896.0,0.007185235953331974,0.08923189224702276,14.545259728879886
4,1897.0,0.007185236123976337,0.08923189255208859,14.545259751464988
4,1898.0,0.007185236295751414,0.08923189285356913,14.54525977419974
4,1899.0,0.007185236468657203,0.08923189315146436,14.545259797084148
4,1900.0,0.007185236642693703,0.08923189344577429,14.545259820118206
4,1901.0,0.007185236817860916,0.08923189373649891,14.545259843301915
4,1902.0,0.007185236994158842,0.08923189402363822,14.545259866635273
4,1903.0,0.007185237171587481,0.08923189430719225,14.545259890118288
4,1904.0,0.007185237350146831,0.08923189458716095,14.545259913750952
4,1905.0,0.0071852375298368945,0.08923189486354437,14.54525993753327
4,1906.0,0.0071852377106576696,0.08923189513634246,14.54525996146524
4,1907.0,0.007185237892609157,0.08923189540555526,14.545259985546862
4,1908.0,0.007185238075691358,0.08923189567118275,14.545260009778133
4,1909.0,0.00718523825990427,0.08923189593322495,14.54526003415906
4,1910.0,0.007185238445247895,0.08923189619168183,14.545260058689637
4,1911.0,0.007185238631722232,0.08923189644655341,14.545260083369865
4,1912.0,0.007185238819327282,0.0892318966978397,14.545260108199749
4,1913.0,0.007185239008063044,0.08923189694554066,14.54526013317928
4,1914.0,0.007185239197929519,0.08923189718965634,14.545260158308464
4,1915.0,0.0071852393889267055,0.0892318974301867,14.545260183587299
4,1916.0,0.007185239581054604,0.08923189766713176,14.54526020901579
4,1917.0,0.007185239774313216,0.0892318979004915,14.545260234593929
4,1918.0,0.0071852399687025404,0.08923189813026597,14.545260260321719
4,1919.0,0.007185240164222576,0.0892318983564551,14.545260286199163
4,1920.0,0.007185240360873325,0.08923189857905896,14.54526031222626
4,1921.0,0.007185240558654786,0.0892318987980775,14.545260338403011
4,1922.0,0.00718524075756696,0.08923189901351072,14.545260364729408
4,1923.0,0.007185240957609846,0.08923189922535867,14.54526039120546
4,1924.0,0.007185241158783444,0.08923189943362128,14.545260417831162
4,1925.0,0.007185241361087755,0.08923189963829861,14.54526044460652
4,1926.0,0.0071852415645227785,0.08923189983939063,14.54526047153153
4,1927.0,0.0071852417690885136,0.08923190003689734,14.545260498606186
4,1928.0,0.007185241974784962,0.08923190023081876,14.545260525830496
4,1929.0,0.007185242181612122,0.08923190042115485,14.54526055320446
4,1930.0,0.007185242389569995,0.08923190060790566,14.545260580728076
4,1931.0,0.00718524259865858,0.08923190079107116,14.545260608401342
4,1932.0,0.0071852428088778775,0.08923190097065134,14.545260636224262
4,1933.0,0.007185243020227887,0.08923190114664624,14.545260664196833
4,1934.0,0.007185243232708609,0.08923190131905583,14.545260692319056
4,1935.0,0.007185243446320044,0.0892319014878801,14.54526072059093
4,1936.0,0.007185243661062191,0.08923190165311908,14.545260749012453
4,1937.0,0.007185243876935051,0.08923190181477275,14.545260777583636
4,1938.0,0.007185244093938623,0.08923190197284112,14.545260806304466
4,1939.0,0.007185244312072907,0.08923190212732418,14.545260835174947
4,1940.0,0.007185244531337904,0.08923190227822193,14.54526086419508
4,1941.0,0.007185244751733612,0.08923190242553439,14.545260893364867
4,1942.0,0.007185244973260034,0.08923190256926154,14.545260922684307
4,1943.0,0.007185245195917168,0.08923190270940339,14.545260952153393
4,1944.0,0.007185245419705014,0.08923190284595993,14.545260981772136
4,1945.0,0.007185245644623572,0.08923190297893117,14.54526101154053
4,1946.0,0.007185245870672843,0.0892319031083171,14.545261041458577
4,1947.0,0.007185246097852827,0.08923190323411774,14.545261071526276
4,1948.0,0.007185246326163522,0.08923190335633306,14.545261101743623
4,1949.0,0.00718524655560493,0.08923190347496308,14.545261132110621
4,1950.0,0.007185246786177051,0.0892319035900078,14.545261162627279
4,1951.0,0.007185247017879884,0.0892319037014672,14.545261193293582
4,1952.0,0.007185247250713429,0.08923190380934132,14.54526122410954
4,1953.0,0.0071852474846776865,0.08923190391363013,14.545261255075149
4,1954.0,0.007185247719772657,0.08923190401433362,14.545261286190412
4,1955.0,0.007185247955998339,0.08923190411145182,14.545261317455324
4,1956.0,0.007185248193354734,0.08923190420498471,14.545261348869886
4,1957.0,0.007185248431841841,0.0892319042949323,14.545261380434106
4,1958.0,0.00718524867145966,0.08923190438129458,14.545261412147969
4,1959.0,0.007185248912208193,0.08923190446407156,14.545261444011492
4,1960.0,0.007185249154087437,0.08923190454326324,14.545261476024667
4,1961.0,0.0071852493970973935,0.08923190461886961,14.545261508187485
4,1962.0,0.007185249641238063,0.08923190469089068,14.545261540499965
4,1963.0,0.007185249886509444,0.08923190475932644,14.545261572962092
4,1964.0,0.007185250132911538,0.0892319048241769,14.545261605573872
4,1965.0,0.007185250380444345,0.08923190488544205,14.545261638335306
4,1966.0,0.007185250629107864,0.0892319049431219,14.545261671246388
4,1967.0,0.007185250878902095,0.08923190499721645,14.545261704307125
4,1968.0,0.007185251129827038,0.08923190504772568,14.545261737517512
4,1969.0,0.007185251381882694,0.08923190509464962,14.545261770877554
4,1970.0,0.007185251635069063,0.08923190513798826,14.545261804387241
4,1971.0,0.007185251889386143,0.08923190517774159,14.545261838046587
4,1972.0,0.007185252144833936,0.08923190521390961,14.545261871855582
4,1973.0,0.007185252401412442,0.08923190524649233,14.54526190581423
4,1974.0,0.00718525265912166,0.08923190527548974,14.545261939922527
4,1975.0,0.00718525291796159,0.08923190530090186,14.545261974180479
4,1976.0,0.007185253177932232,0.08923190532272866,14.54526200858808
4,1977.0,0.007185253439033587,0.08923190534097017,14.545262043145335
4,1978.0,0.007185253701265655,0.08923190535562636,14.545262077852243
4,1979.0,0.007185253964628434,0.08923190536669726,14.545262112708803
4,1980.0,0.007185254229121927,0.08923190537418285,14.545262147715013
4,1981.0,0.0071852544947461315,0.08923190537808313,14.545262182870877
4,1982.0,0.007185254761501048,0.08923190537839812,14.54526221817639
4,1983.0,0.007185255029386678,0.0892319053751278,14.545262253631552
4,1984.0,0.00718525529840302,0.08923190536827218,14.545262289236375
4,1985.0,0.007185255568550074,0.08923190535783124,14.545262324990842
4,1986.0,0.00718525583982784,0.08923190534380501,14.545262360894963
4,1987.0,0.007185256112236319,0.08923190532619348,14.545262396948738
4,1988.0,0.007185256385775511,0.08923190530499663,14.545262433152166
4,1989.0,0.007185256660445414,0.08923190528021448,14.545262469505241
4,1990.0,0.0071852569362460305,0.08923190525184703,14.545262506007973
4,1991.0,0.007185257213177359,0.08923190521989427,14.545262542660355
4,1992.0,0.0071852574912393994,0.08923190518435621,14.545262579462387
4,1993.0,0.0071852577704321526,0.08923190514523285,14.545262616414073
4,1994.0,0.007185258050755618,0.08923190510252418,14.54526265351541
4,1995.0,0.007185258332209797,0.08923190505623022,14.545262690766402
4,1996.0,0.007185258614794687,0.08923190500635093,14.54526272816704
4,1997.0,0.0071852588985102895,0.08923190495288635,14.545262765717332
4,1998.0,0.007185259183356605,0.08923190489583646,14.545262803417277
4,1999.0,0.007185259469333632,0.08923190483520128,14.545262841266872
4,2000.0,0.0071852597564413725,0.08923190477098078,14.54526287926612
4,2001.0,0.007185260044679825,0.08923190470317499,14.545262917415025
4,2002.0,0.00718526033404899,0.08923190463178389,14.545262955713575
4,2003.0,0.007185260624548867,0.08923190455680748,14.54526299416178
4,2004.0,0.007185260916179457,0.08923190447824576,14.545263032759635
4,2005.0,0.007185261208940758,0.08923190439609875,14.545263071507144
4,2006.0,0.007185261502832773,0.08923190431036644,14.545263110404303
4,2007.0,0.0071852617978555,0.08923190422104882,14.545263149451118
4,2008.0,0.007185262094008938,0.08923190412814588,14.545263188647581
4,2009.0,0.00718526239129309,0.08923190403165765,14.545263227993697
4,2010.0,0.0071852626897079535,0.08923190393158412,14.545263267489466
4,2011.0,0.00718526298925353,0.08923190382792529,14.545263307134881
4,2012.0,0.007185263289929819,0.08923190372068114,14.545263346929953
4,2013.0,0.007185263526132342,0.08923190359554078,14.545263378191803
4,2014.0,0.007185263735014849,0.0892319034645252,14.545263405837792
4,2015.0,0.007185263942692401,0.08923190333398813,14.545263433324308
4,2016.0,0.0071852641491649966,0.08923190320392958,14.545263460651345
4,2017.0,0.007185264354432638,0.08923190307434957,14.5452634878189
4,2018.0,0.007185264558495323,0.08923190294524806,14.545263514826985
4,2019.0,0.007185264761353054,0.08923190281662509,14.545263541675585
4,2020.0,0.007185264963005828,0.08923190268848064,14.545263568364708
4,2021.0,0.007185265163453648,0.0892319025608147,14.545263594894353
4,2022.0,0.007185265362696511,0.08923190243362729,14.54526362126452
4,2023.0,0.0071852655607344195,0.0892319023069184,14.54526364747521
4,2024.0,0.007185265757567373,0.08923190218068802,14.545263673526419
4,2025.0,0.00718526595319537,0.08923190205493617,14.545263699418154
4,2026.0,0.007185266147618413,0.08923190192966285,14.545263725150408
4,2027.0,0.0071852663408365,0.08923190180486805,14.545263750723183
4,2028.0,0.007185266532849631,0.08923190168055176,14.545263776136483
4,2029.0,0.007185266723657807,0.089231901556714,14.545263801390306
4,2030.0,0.007185266913261028,0.08923190143335476,14.545263826484646
4,2031.0,0.007185267101659293,0.08923190131047404,14.545263851419511
4,2032.0,0.007185267288852603,0.08923190118807185,14.545263876194896
4,2033.0,0.007185267474840957,0.08923190106614817,14.545263900810806
4,2034.0,0.007185267659624356,0.08923190094470303,14.545263925267232
4,2035.0,0.0071852678432028,0.08923190082373639,14.54526394956419
4,2036.0,0.007185268025576288,0.08923190070324828,14.54526397370166
4,2037.0,0.007185268206744821,0.0892319005832387,14.545263997679656
4,2038.0,0.007185268386708398,0.08923190046370763,14.545264021498172
4,2039.0,0.00718526856546702,0.08923190034465509,14.54526404515721
4,2040.0,0.0071852687430206865,0.08923190022608106,14.545264068656774
4,2041.0,0.007185268919369397,0.08923190010798557,14.545264091996856
4,2042.0,0.007185269094513154,0.08923189999036858,14.545264115177464
4,2043.0,0.007185269268451954,0.08923189987323013,14.545264138198588
4,2044.0,0.007185269441185798,0.0892318997565702,14.54526416106024
4,2045.0,0.007185269612714688,0.08923189964038879,14.54526418376241
4,2046.0,0.007185269783038622,0.0892318995246859,14.545264206305102
4,2047.0,0.007185269952157601,0.08923189940946152,14.545264228688314
4,2048.0,0.007185270120071624,0.08923189929471567,14.545264250912053
4,2049.0,0.007185270286780692,0.08923189918044834,14.54526427297631
4,2050.0,0.007185270452284805,0.08923189906665954,14.545264294881088
4,2051.0,0.0071852706165839615,0.08923189895334926,14.545264316626392
4,2052.0,0.007185270779678163,0.08923189884051749,14.545264338212219
4,2053.0,0.00718527094156741,0.08923189872816426,14.545264359638562
4,2054.0,0.0071852711022517,0.08923189861628954,14.54526438090543
4,2055.0,0.007185271261731035,0.08923189850489334,14.545264402012819
4,2056.0,0.007185271420005416,0.08923189839397568,14.54526442296073
4,2057.0,0.00718527157707484,0.08923189828353652,14.545264443749165
4,2058.0,0.007185271732939309,0.0892318981735759,14.545264464378123
4,2059.0,0.007185271887598823,0.08923189806409378,14.545264484847596
4,2060.0,0.0071852720410533815,0.08923189795509019,14.545264505157594
4,2061.0,0.007185272193302984,0.08923189784656513,14.545264525308115
4,2062.0,0.0071852723443476315,0.08923189773851858,14.545264545299158
4,2063.0,0.007185272494187324,0.08923189763095056,14.545264565130726
4,2064.0,0.007185272642822061,0.08923189752386106,14.545264584802812
4,2065.0,0.007185272790251842,0.08923189741725009,14.54526460431542
4,2066.0,0.007185272936476668,0.08923189731111762,14.54526462366855
4,2067.0,0.0071852730814965385,0.08923189720546369,14.545264642862202
4,2068.0,0.007185273225311453,0.08923189710028827,14.545264661896377
4,2069.0,0.007185273367921413,0.08923189699559138,14.545264680771073
4,2070.0,0.007185273509326418,0.08923189689137301,14.54526469948629
4,2071.0,0.007185273649526466,0.08923189678763317,14.545264718042029
4,2072.0,0.0071852737885215595,0.08923189668437184,14.545264736438293
4,2073.0,0.007185273926311697,0.08923189658158903,14.545264754675076
4,2074.0,0.007185274062896881,0.08923189647928476,14.54526477275238
4,2075.0,0.007185274198277108,0.08923189637745899,14.54526479067021
4,2076.0,0.007185274332452379,0.08923189627611175,14.545264808428556
4,2077.0,0.007185274465422696,0.08923189617524303,14.545264826027427
4,2078.0,0.007185274597188057,0.08923189607485284,14.54526484346682
4,2079.0,0.007185274727748462,0.08923189597494116,14.545264860746737
4,2080.0,0.007185274857103912,0.089231895875508,14.545264877867172
4,2081.0,0.007185274985254408,0.08923189577655338,14.545264894828133
4,2082.0,0.007185275112199947,0.08923189567807727,14.545264911629614
4,2083.0,0.007185275237940531,0.08923189558007968,14.545264928271616
4,2084.0,0.007185275362476159,0.08923189548256062,14.545264944754141
4,2085.0,0.007185275485806833,0.08923189538552008,14.545264961077187
4,2086.0,0.00718527560793255,0.08923189528895806,14.545264977240755
4,2087.0,0.007185275728853312,0.08923189519287456,14.545264993244844
4,2088.0,0.007185275848569119,0.08923189509726957,14.545265009089457
4,2089.0,0.0071852759670799704,0.08923189500214311,14.54526502477459
4,2090.0,0.007185276084385867,0.08923189490749518,14.545265040300245
4,2091.0,0.007185276200486808,0.08923189481332576,14.545265055666423
4,2092.0,0.007185276315382793,0.08923189471963487,14.545265070873125
4,2093.0,0.0071852764290738225,0.0892318946264225,14.545265085920343
4,2094.0,0.007185276541559898,0.08923189453368865,14.545265100808088
4,2095.0,0.0071852766528410165,0.08923189444143333,14.545265115536354
4,2096.0,0.00718527676291718,0.08923189434965652,14.54526513010514
4,2097.0,0.007185276871788388,0.08923189425835824,14.545265144514445
4,2098.0,0.007185276979454641,0.08923189416753848,14.545265158764279
4,2099.0,0.007185277085915939,0.08923189407719724,14.545265172854632
4,2100.0,0.007185277191172281,0.08923189398733453,14.545265186785505
4,2101.0,0.007185277295223667,0.08923189389795033,14.545265200556901
4,2102.0,0.007185277398070098,0.08923189380904466,14.545265214168818
4,2103.0,0.007185277499711574,0.0892318937206175,14.54526522762126
4,2104.0,0.007185277600148094,0.08923189363266887,14.545265240914222
4,2105.0,0.0071852776993796596,0.08923189354519875,14.545265254047706
4,2106.0,0.007185277797406269,0.08923189345820717,14.545265267021714
4,2107.0,0.007185277894227923,0.0892318933716941,14.545265279836242
4,2108.0,0.0071852779898446215,0.08923189328565956,14.54526529249129
4,2109.0,0.007185278084256365,0.08923189320010354,14.545265304986863
4,2110.0,0.0071852781774631525,0.08923189311502604,14.545265317322958
4,2111.0,0.007185278269464986,0.08923189303042706,14.545265329499571
4,2112.0,0.007185278360261863,0.0892318929463066,14.545265341516709
4,2113.0,0.007185278449853784,0.08923189286266467,14.545265353374367
4,2114.0,0.00718527853824075,0.08923189277950125,14.545265365072549
4,2115.0,0.007185278625422761,0.08923189269681636,14.545265376611251
4,2116.0,0.0071852787113998165,0.08923189261461,14.545265387990474
4,2117.0,0.007185278796171917,0.08923189253288215,14.545265399210225
4,2118.0,0.007185278879739062,0.08923189245163282,14.545265410270494
4,2119.0,0.007185278962101251,0.08923189237086201,14.545265421171282
4,2120.0,0.007185279043258485,0.08923189229056973,14.545265431912593
4,2121.0,0.007185279123210763,0.08923189221075596,14.54526544249443
4,2122.0,0.007185279201958086,0.08923189213142073,14.545265452916782
4,2123.0,0.007185279279500453,0.089231892052564,14.545265463179664
4,2124.0,0.007185279355837865,0.08923189197418581,14.545265473283063
4,2125.0,0.007185279430970323,0.08923189189628614,14.545265483226983
4,2126.0,0.007185279504897824,0.08923189181886498,14.545265493011426
4,2127.0,0.00718527957762037,0.08923189174192235,14.545265502636394
4,2128.0,0.0071852796491379605,0.08923189166545824,14.54526551210188
4,2129.0,0.007185279719450596,0.08923189158947266,14.545265521407893
4,2130.0,0.007185279788558275,0.08923189151396559,14.545265530554419
4,2131.0,0.0071852798564609995,0.08923189143893705,14.545265539541473
4,2132.0,0.007185279923158768,0.08923189136438703,14.54526554836905
4,2133.0,0.007185279988651582,0.08923189129031553,14.545265557037148
4,2134.0,0.007185280052939441,0.08923189121672255,14.545265565545765
4,2135.0,0.007185280116022343,0.08923189114360809,14.545265573894907
4,2136.0,0.0071852801779002905,0.08923189107097215,14.54526558208457
4,2137.0,0.007185280238573282,0.08923189099881473,14.545265590114754
4,2138.0,0.007185280298041319,0.08923189092713585,14.545265597985457
4,2139.0,0.0071852803563044,0.08923189085593547,14.54526560569669
4,2140.0,0.007185280413362525,0.08923189078521362,14.545265613248437
4,2141.0,0.007185280469215695,0.0892318907149703,14.545265620640707
4,2142.0,0.00718528052386391,0.0892318906452055,14.545265627873503
4,2143.0,0.00718528057730717,0.08923189057591921,14.545265634946817
4,2144.0,0.0071852806295454735,0.08923189050711144,14.545265641860656
4,2145.0,0.007185280680578822,0.08923189043878221,14.545265648615016
4,2146.0,0.007185280730407216,0.08923189037093149,14.5452656552099
4,2147.0,0.007185280779030654,0.0892318903035593,14.5452656616453
4,2148.0,0.007185280826449136,0.08923189023666563,14.545265667921225
4,2149.0,0.007185280872662663,0.08923189017025046,14.545265674037674
4,2150.0,0.007185280917671235,0.08923189010431383,14.54526567999464
4,2151.0,0.007185280961474851,0.08923189003885573,14.545265685792131
4,2152.0,0.0071852810040735115,0.08923188997387614,14.545265691430146
4,2153.0,0.007185281045467217,0.08923188990937507,14.545265696908679
4,2154.0,0.007185281085655967,0.08923188984535253,14.54526570222774
4,2155.0,0.007185281124639761,0.0892318897818085,14.545265707387316
4,2156.0,0.0071852811624186,0.089231889718743,14.545265712387415
4,2157.0,0.007185281198992484,0.08923188965615603,14.545265717228038
4,2158.0,0.007185281234361412,0.08923188959404757,14.54526572190918
4,2159.0,0.007185281268525385,0.08923188953241763,14.545265726430848
4,2160.0,0.0071852813014844025,0.08923188947126622,14.545265730793037
4,2161.0,0.0071852813332384646,0.08923188941059333,14.545265734995747
4,2162.0,0.007185281363787571,0.08923188935039895,14.545265739038978
4,2163.0,0.0071852813931317224,0.08923188929068311,14.54526574292273
4,2164.0,0.007185281421270918,0.08923188923144577,14.545265746647006
4,2165.0,0.007185281448205159,0.08923188917268697,14.545265750211803
4,2166.0,0.007185281473934444,0.08923188911440669,14.545265753617123
4,2167.0,0.007185281498458773,0.08923188905660492,14.545265756862964
4,2168.0,0.0071852815217781476,0.0892318889992817,14.545265759949327
4,2169.0,0.007185281543892566,0.08923188894243697,14.545265762876213
4,2170.0,0.00718528156480203,0.08923188888607077,14.545265765643618
4,2171.0,0.007185281584506538,0.0892318888301831,14.545265768251548
4,2172.0,0.00718528160300609,0.08923188877477395,14.545265770699997
4,2173.0,0.0071852816203006875,0.08923188871984332,14.545265772988971
4,2174.0,0.007185281636390329,0.08923188866539121,14.545265775118464
4,2175.0,0.007185281651275016,0.08923188861141762,14.54526577708848
4,2176.0,0.007185281664954747,0.08923188855792255,14.545265778899017
4,2177.0,0.007185281677429522,0.089231888504906,14.545265780550077
4,2178.0,0.007185281688699342,0.08923188845236799,14.54526578204166
4,2179.0,0.007185281698764207,0.08923188840030848,14.545265783373761
4,2180.0,0.007185281707624116,0.0892318883487275,14.545265784546388
4,2181.0,0.00718528171527907,0.08923188829762504,14.545265785559538
4,2182.0,0.007185281721729069,0.08923188824700111,14.545265786413204
4,2183.0,0.007185281726974112,0.0892318881968557,14.545265787107397
4,2184.0,0.0071852817310142,0.0892318881471888,14.54526578764211
4,2185.0,0.007185281733849332,0.08923188809800044,14.545265788017346
4,2186.0,0.007185281735479509,0.08923188804929058,14.5452657882331
4,2187.0,0.00718528173590473,0.08923188800105926,14.545265788289381
4,2188.0,0.0071852817351249956,0.08923188795330646,14.545265788186182
4,2189.0,0.007185281733140306,0.08923188790603216,14.545265787923505
4,2190.0,0.0071852817299506615,0.0892318878592364,14.54526578750135
4,2191.0,0.007185281725556061,0.08923188781291916,14.54526578691972
4,2192.0,0.007185281719956506,0.08923188776708045,14.545265786178602
4,2193.0,0.007185281713151995,0.08923188772172025,14.545265785278017
4,2194.0,0.0071852817051425285,0.08923188767683858,14.545265784217948
4,2195.0,0.007185281695928107,0.08923188763243542,14.545265782998401
4,2196.0,0.00718528168550873,0.08923188758851079,14.545265781619378
4,2197.0,0.007185281673884397,0.08923188754506468,14.545265780080872
4,2198.0,0.007185281661055109,0.0892318875020971,14.545265778382893
4,2199.0,0.007185281647020866,0.08923188745960803,14.545265776525435
4,2200.0,0.007185281631781667,0.08923188741759748,14.5452657745085
4,2201.0,0.007185281615337512,0.08923188737606545,14.545265772332087
4,2202.0,0.007185281597688402,0.08923188733501196,14.545265769996192
4,2203.0,0.007185281578834337,0.08923188729443698,14.54526576750082
4,2204.0,0.007185281558775317,0.08923188725434052,14.545265764845972
4,2205.0,0.007185281537511341,0.08923188721472258,14.545265762031645
4,2206.0,0.00718528151504241,0.08923188717558317,14.545265759057843
4,2207.0,0.007185281491368523,0.08923188713692227,14.545265755924557
4,2208.0,0.007185281466489681,0.0892318870987399,14.545265752631794
4,2209.0,0.007185281440405884,0.08923188706103606,14.545265749179553
4,2210.0,0.00718528141311713,0.08923188702381073,14.545265745567836
4,2211.0,0.007185281384623422,0.08923188698706393,14.545265741796639
4,2212.0,0.007185281354924758,0.08923188695079565,14.54526573786597
4,2213.0,0.007185281324021139,0.08923188691500587,14.545265733775818
4,2214.0,0.007185281291912564,0.08923188687969463,14.545265729526186
4,2215.0,0.0071852812585990345,0.08923188684486191,14.545265725117076
4,2216.0,0.007185281224080549,0.08923188681050773,14.54526572054849
4,2217.0,0.0071852811883571085,0.08923188677663205,14.545265715820424
4,2218.0,0.0071852811514287115,0.0892318867432349,14.545265710932886
4,2219.0,0.00718528111329536,0.08923188671031626,14.545265705885862
4,2220.0,0.007185281073957053,0.08923188667787615,14.545265700679364
4,2221.0,0.007185281033413791,0.08923188664591457,14.545265695313384
4,2222.0,0.007185280991665573,0.0892318866144315,14.545265689787932
4,2223.0,0.0071852809487124,0.08923188658342696,14.545265684102997
4,2224.0,0.0071852809045542705,0.08923188655290093,14.545265678258584
4,2225.0,0.0071852808591911866,0.08923188652285342,14.545265672254697
4,2226.0,0.007185280812623147,0.08923188649328445,14.545265666091332
4,2227.0,0.0071852807648501524,0.08923188646419399,14.545265659768484
4,2228.0,0.007185280715872202,0.08923188643558205,14.545265653286158
4,2229.0,0.007185280665689297,0.08923188640744864,14.545265646644358
4,2230.0,0.007185280614301435,0.08923188637979375,14.54526563984308
4,2231.0,0.0071852805617086185,0.08923188635261738,14.54526563288232
4,2232.0,0.007185280507910847,0.08923188632591952,14.545265625762084
4,2233.0,0.0071852804529081195,0.0892318862997002,14.54526561848237
4,2234.0,0.007185280396700437,0.0892318862739594,14.545265611043178
4,2235.0,0.007185280339287798,0.08923188624869711,14.54526560344451
4,2236.0,0.007185280280670205,0.08923188622391334,14.54526559568636
4,2237.0,0.007185280220847656,0.0892318861996081,14.545265587768734
4,2238.0,0.0071852801598201515,0.08923188617578139,14.545265579691629
4,2239.0,0.007185280097587692,0.08923188615243319,14.545265571455044
4,2240.0,0.007185280034150276,0.08923188612956352,14.545265563058985
4,2241.0,0.0071852799695079055,0.08923188610717236,14.545265554503445
4,2242.0,0.00718527990366058,0.08923188608525973,14.545265545788427
4,2243.0,0.007185279836608298,0.08923188606382562,14.545265536913929
4,2244.0,0.007185279768351062,0.08923188604287004,14.545265527879957
4,2245.0,0.007185279698888869,0.08923188602239297,14.545265518686508
4,2246.0,0.007185279628221721,0.08923188600239443,14.545265509333575
4,2247.0,0.007185279556349618,0.0892318859828744,14.54526549982117
4,2248.0,0.00718527948327256,0.0892318859638329,14.545265490149283
4,2249.0,0.007185279408990546,0.08923188594526991,14.54526548031792
4,2250.0,0.0071852793335035765,0.08923188592718546,14.545265470327076
4,2251.0,0.007185279256811652,0.08923188590957952,14.545265460176758
4,2252.0,0.007185279178914772,0.08923188589245211,14.545265449866958
4,2253.0,0.007185279099812936,0.08923188587580322,14.545265439397681
4,2254.0,0.007185279019506145,0.08923188585963285,14.545265428768928
4,2255.0,0.007185278937994399,0.089231885843941,14.545265417980694
4,2256.0,0.007185278855277697,0.08923188582872767,14.545265407032984
4,2257.0,0.00718527877135604,0.08923188581399286,14.545265395925794
4,2258.0,0.007185278686229427,0.08923188579973658,14.545265384659128
4,2259.0,0.0071852785998978595,0.08923188578595881,14.545265373232983
4,2260.0,0.007185278512361336,0.08923188577265957,14.545265361647358
4,2261.0,0.007185278423619857,0.08923188575983886,14.545265349902257
4,2262.0,0.007185278333673423,0.08923188574749666,14.545265337997678
4,2263.0,0.0071852782425220335,0.08923188573563298,14.54526532593362
4,2264.0,0.007185278150165689,0.08923188572424783,14.545265313710086
4,2265.0,0.007185278056604388,0.0892318857133412,14.545265301327074
4,2266.0,0.007185277961838132,0.08923188570291309,14.545265288784579
4,2267.0,0.007185277865866921,0.0892318856929635,14.545265276082608
4,2268.0,0.007185277768690754,0.08923188568349243,14.54526526322116
4,2269.0,0.007185277692486543,0.0892318856932561,14.54526525313539
4,2270.0,0.007185277621753832,0.08923188570758152,14.545265243773784
4,2271.0,0.007185277551275876,0.08923188572188806,14.545265234445893
4,2272.0,0.007185277481052676,0.08923188573617574,14.54526522515172
4,2273.0,0.007185277411084232,0.08923188575044455,14.545265215891263
4,2274.0,0.007185277341370542,0.08923188576469449,14.545265206664528
4,2275.0,0.00718527727191161,0.08923188577892556,14.545265197471506
4,2276.0,0.007185277202707432,0.08923188579313777,14.545265188312209
4,2277.0,0.00718527713375801,0.08923188580733112,14.545265179186622
4,2278.0,0.007185277065063343,0.08923188582150558,14.545265170094751
4,2279.0,0.007185276996623432,0.08923188583566119,14.5452651610366
4,2280.0,0.007185276928438278,0.08923188584979792,14.545265152012167
4,2281.0,0.007185276860507878,0.0892318858639158,14.545265143021451
4,2282.0,0.007185276792832234,0.0892318858780148,14.545265134064453
4,2283.0,0.0071852767254113456,0.08923188589209492,14.545265125141174
4,2284.0,0.007185276658245213,0.08923188590615619,14.545265116251606
4,2285.0,0.007185276591333835,0.0892318859201986,14.54526510739576
4,2286.0,0.007185276524677214,0.08923188593422211,14.545265098573633
4,2287.0,0.007185276458275348,0.08923188594822679,14.54526508978522
4,2288.0,0.007185276392128238,0.08923188596221257,14.545265081030525
4,2289.0,0.007185276326235883,0.08923188597617951,14.54526507230955
4,2290.0,0.007185276260598284,0.08923188599012756,14.54526506362229
4,2291.0,0.00718527619521544,0.08923188600405675,14.545265054968748
4,2292.0,0.007185276130087352,0.08923188601796708,14.545265046348922
4,2293.0,0.00718527606521402,0.08923188603185854,14.545265037762816
4,2294.0,0.007185276000595444,0.08923188604573112,14.545265029210427
4,2295.0,0.007185275936231622,0.08923188605958485,14.545265020691753
4,2296.0,0.007185275872122557,0.0892318860734197,14.545265012206796
4,2297.0,0.007185275808268247,0.08923188608723569,14.545265003755558
4,2298.0,0.0071852757446686935,0.0892318861010328,14.545264995338037
4,2299.0,0.0071852756813238945,0.08923188611481105,14.545264986954235
4,2300.0,0.007185275618233852,0.08923188612857043,14.54526497860415
4,2301.0,0.0071852755553985645,0.08923188614231095,14.545264970287784
4,2302.0,0.0071852754928180326,0.0892318861560326,14.545264962005131
4,2303.0,0.007185275430492256,0.08923188616973537,14.545264953756199
4,2304.0,0.007185275368421236,0.08923188618341929,14.545264945540982
4,2305.0,0.007185275306604971,0.08923188619708433,14.54526493735948
4,2306.0,0.007185275245043462,0.0892318862107305,14.545264929211701
4,2307.0,0.007185275183736708,0.0892318862243578,14.545264921097639
4,2308.0,0.00718527512268471,0.08923188623796625,14.545264913017292
4,2309.0,0.007185275061887468,0.08923188625155583,14.545264904970663
4,2310.0,0.007185275001344981,0.08923188626512653,14.54526489695775
4,2311.0,0.00718527494105725,0.08923188627867837,14.545264888978556
4,2312.0,0.007185274881024274,0.08923188629221133,14.545264881033077
4,2313.0,0.007185274821246054,0.08923188630572544,14.545264873121315
4,2314.0,0.00718527476172259,0.08923188631922067,14.54526486524328
4,2315.0,0.007185274702453881,0.08923188633269705,14.545264857398953
4,2316.0,0.007185274643439927,0.08923188634615455,14.545264849588346
4,2317.0,0.00718527458468073,0.08923188635959317,14.545264841811452
4,2318.0,0.007185274526176288,0.08923188637301294,14.545264834068282
4,2319.0,0.007185274467926601,0.08923188638641383,14.545264826358826
4,2320.0,0.007185274409931671,0.08923188639979586,14.545264818683087
4,2321.0,0.007185274352191496,0.08923188641315902,14.545264811041067
4,2322.0,0.0071852742947060766,0.08923188642650332,14.545264803432763
4,2323.0,0.007185274237475413,0.08923188643982874,14.545264795858179
4,2324.0,0.007185274180499504,0.0892318864531353,14.54526478831731
4,2325.0,0.0071852741237783515,0.089231886466423,14.54526478081016
4,2326.0,0.007185274067311955,0.08923188647969181,14.545264773336722
4,2327.0,0.007185274011100313,0.08923188649294177,14.545264765897008
4,2328.0,0.007185273955143427,0.08923188650617285,14.54526475849101
4,2329.0,0.007185273899441297,0.08923188651938507,14.545264751118726
4,2330.0,0.007185273843993922,0.08923188653257842,14.545264743780162
4,2331.0,0.007185273788801304,0.0892318865457529,14.545264736475318
4,2332.0,0.00718527373386344,0.08923188655890851,14.54526472920419
4,2333.0,0.0071852736791803325,0.08923188657204527,14.545264721966774
4,2334.0,0.00718527362475198,0.08923188658516315,14.54526471476308
4,2335.0,0.007185273570578384,0.08923188659826216,14.545264707593102
4,2336.0,0.007185273516659542,0.0892318866113423,14.54526470045684
4,2337.0,0.007185273462995457,0.08923188662440358,14.5452646933543
4,2338.0,0.007185273409586128,0.089231886637446,14.545264686285476
4,2339.0,0.007185273356431553,0.08923188665046954,14.54526467925037
4,2340.0,0.007185273303531735,0.08923188666347422,14.545264672248978
4,2341.0,0.007185273250886672,0.08923188667646002,14.545264665281305
4,2342.0,0.007185273198496365,0.08923188668942696,14.54526465834735
4,2343.0,0.007185273146360813,0.08923188670237503,14.545264651447111
4,2344.0,0.007185273094480017,0.08923188671530423,14.545264644580588
4,2345.0,0.007185273042853977,0.08923188672821457,14.545264637747788
4,2346.0,0.007185272991482692,0.08923188674110603,14.5452646309487
4,2347.0,0.007185272940366163,0.08923188675397864,14.545264624183332
4,2348.0,0.007185272889504389,0.08923188676683237,14.545264617451679
4,2349.0,0.007185272838897371,0.08923188677966723,14.54526461075375
4,2350.0,0.007185272788545109,0.08923188679248323,14.545264604089532
4,2351.0,0.007185272738447602,0.08923188680528035,14.54526459745903
4,2352.0,0.007185272688604851,0.08923188681805862,14.54526459086225
4,2353.0,0.007185272639016855,0.08923188683081801,14.545264584299188
4,2354.0,0.007185272589683616,0.08923188684355854,14.545264577769839
4,2355.0,0.007185272540605131,0.0892318868562802,14.54526457127421
4,2356.0,0.007185272491781402,0.08923188686898299,14.545264564812298
4,2357.0,0.00718527244321243,0.08923188688166692,14.545264558384101
4,2358.0,0.007185272394898212,0.08923188689433197,14.545264551989627
4,2359.0,0.00718527234683875,0.08923188690697816,14.545264545628864
4,2360.0,0.0071852722990340435,0.08923188691960547,14.545264539301819
4,2361.0,0.0071852722514840935,0.08923188693221393,14.545264533008497
4,2362.0,0.007185272204188898,0.08923188694480351,14.545264526748888
4,2363.0,0.007185272157148459,0.08923188695737423,14.545264520522997
4,2364.0,0.007185272110362775,0.08923188696992608,14.545264514330826
4,2365.0,0.007185272063831846,0.08923188698245907,14.545264508172371
4,2366.0,0.007185272017555674,0.08923188699497318,14.545264502047628
4,2367.0,0.007185271971534258,0.08923188700746842,14.54526449595661
4,2368.0,0.007185271925767596,0.0892318870199448,14.545264489899308
4,2369.0,0.00718527188025569,0.08923188703240231,14.545264483875718
4,2370.0,0.00718527183499854,0.08923188704484096,14.54526447788585
4,2371.0,0.007185271789996146,0.08923188705726073,14.5452644719297
4,2372.0,0.007185271745248507,0.08923188706966165,14.545264466007266
4,2373.0,0.007185271700755624,0.08923188708204369,14.545264460118549
4,2374.0,0.007185271656517496,0.08923188709440685,14.545264454263549
4,2375.0,0.007185271612534123,0.08923188710675116,14.545264448442268
4,2376.0,0.007185271568805507,0.08923188711907659,14.545264442654702
4,2377.0,0.007185271525331646,0.08923188713138316,14.545264436900856
4,2378.0,0.007185271482112541,0.08923188714367086,14.545264431180724
4,2379.0,0.007185271439148192,0.0892318871559397,14.545264425494313
4,2380.0,0.007185271396438597,0.08923188716818967,14.545264419841619
4,2381.0,0.007185271353983759,0.08923188718042077,14.54526441422264
4,2382.0,0.007185271311783676,0.089231887192633,14.545264408637381
4,2383.0,0.00718527126983835,0.08923188720482636,14.54526440308584
4,2384.0,0.007185271228147778,0.08923188721700086,14.54526439756801
4,2385.0,0.007185271186711962,0.08923188722915648,14.545264392083904
4,2386.0,0.007185271145530902,0.08923188724129325,14.545264386633514
4,2387.0,0.007185271104604597,0.08923188725341114,14.54526438121684
4,2388.0,0.007185271063933047,0.08923188726551017,14.545264375833886
4,2389.0,0.007185271023516254,0.08923188727759032,14.545264370484647
4,2390.0,0.007185270983354216,0.0892318872896516,14.545264365169125
4,2391.0,0.007185270943446934,0.08923188730169403,14.545264359887321
4,2392.0,0.007185270903794407,0.08923188731371758,14.545264354639237
4,2393.0,0.007185270864396636,0.08923188732572226,14.545264349424867
4,2394.0,0.007185270825253621,0.08923188733770808,14.545264344244215
4,2395.0,0.0071852707863653605,0.08923188734967503,14.545264339097278
4,2396.0,0.007185270747731857,0.08923188736162312,14.545264333984065
4,2397.0,0.007185270709353108,0.08923188737355234,14.545264328904565
4,2398.0,0.007185270671229115,0.08923188738546269,14.545264323858783
4,2399.0,0.007185270633359878,0.08923188739735416,14.545264318846714
4,2400.0,0.007185270595745396,0.08923188740922677,14.545264313868369
4,2401.0,0.00718527055838567,0.08923188742108051,14.545264308923741
4,2402.0,0.0071852705212807,0.0892318874329154,14.545264304012825
4,2403.0,0.007185270484430484,0.0892318874447314,14.545264299135633
4,2404.0,0.007185270447835025,0.08923188745652855,14.545264294292156
4,2405.0,0.007185270411494322,0.08923188746830682,14.545264289482397
4,2406.0,0.007185270375408373,0.08923188748006623,14.54526428470635
4,2407.0,0.007185270339577181,0.08923188749180677,14.545264279964025
4,2408.0,0.007185270304000744,0.08923188750352844,14.545264275255418
4,2409.0,0.007185270268679063,0.08923188751523124,14.545264270580526
4,2410.0,0.007185270233612137,0.08923188752691517,14.545264265939354
4,2411.0,0.0071852701987999675,0.08923188753858025,14.5452642613319
4,2412.0,0.007185270164242552,0.08923188755022644,14.54526425675816
4,2413.0,0.007185270129939894,0.08923188756185377,14.545264252218136
4,2414.0,0.007185270095891991,0.08923188757346223,14.545264247711835
4,2415.0,0.007185270062098843,0.08923188758505184,14.545264243239247
4,2416.0,0.007185270028560451,0.08923188759662257,14.545264238800376
4,2417.0,0.007185269995276815,0.08923188760817442,14.545264234395226
4,2418.0,0.007185269962247934,0.08923188761970742,14.545264230023792
4,2419.0,0.007185269929473809,0.08923188763122154,14.545264225686074
4,2420.0,0.00718526989695444,0.0892318876427168,14.545264221382075
4,2421.0,0.007185269864689825,0.0892318876541932,14.545264217111793
4,2422.0,0.007185269832679967,0.08923188766565071,14.545264212875226
4,2423.0,0.007185269800924865,0.08923188767708937,14.54526420867238
4,2424.0,0.007185269769424517,0.08923188768850916,14.54526420450325
4,2425.0,0.007185269738178926,0.08923188769991008,14.545264200367837
4,2426.0,0.00718526970718809,0.08923188771129213,14.54526419626614
4,2427.0,0.00718526967645201,0.08923188772265532,14.545264192198163
4,2428.0,0.007185269645970685,0.08923188773399963,14.545264188163905
4,2429.0,0.0071852696157441165,0.08923188774532508,14.54526418416336
4,2430.0,0.007185269585772303,0.08923188775663166,14.545264180196535
4,2431.0,0.0071852695560552455,0.08923188776791938,14.545264176263425
4,2432.0,0.007185269526592943,0.08923188777918822,14.545264172364035
4,2433.0,0.007185269497385396,0.0892318877904382,14.54526416849836
4,2434.0,0.007185269468432605,0.08923188780166931,14.545264164666404
4,2435.0,0.00718526943973457,0.08923188781288155,14.545264160868168
4,2436.0,0.00718526941129129,0.08923188782407493,14.545264157103643
4,2437.0,0.007185269383102766,0.08923188783524943,14.54526415337284
4,2438.0,0.007185269355168998,0.08923188784640508,14.545264149675754
4,2439.0,0.007185269327489985,0.08923188785754185,14.545264146012384
4,2440.0,0.007185269300065728,0.08923188786865975,14.54526414238273
4,2441.0,0.007185269272896226,0.08923188787975879,14.545264138786798
4,2442.0,0.00718526924598148,0.08923188789083895,14.54526413522458
4,2443.0,0.007185269219321489,0.08923188790190026,14.54526413169608
4,2444.0,0.007185269192916254,0.08923188791294269,14.545264128201298
4,2445.0,0.007185269166765775,0.08923188792396626,14.545264124740234
4,2446.0,0.007185269140870052,0.08923188793497096,14.545264121312885
4,2447.0,0.007185269115229083,0.08923188794595678,14.545264117919253
4,2448.0,0.007185269089842871,0.08923188795692374,14.545264114559343
4,2449.0,0.007185269064711414,0.08923188796787185,14.545264111233145
4,2450.0,0.007185269039834714,0.08923188797880106,14.54526410794067
4,2451.0,0.007185269015212768,0.08923188798971143,14.545264104681907
4,2452.0,0.007185268990845578,0.08923188800060292,14.545264101456864
4,2453.0,0.007185268966733144,0.08923188801147555,14.545264098265537
4,2454.0,0.007185268942875465,0.0892318880223293,14.54526409510793
4,2455.0,0.007185268919272542,0.08923188803316419,14.545264091984038
4,2456.0,0.0071852688959243745,0.08923188804398022,14.545264088893864
4,2457.0,0.007185268872830963,0.08923188805477736,14.54526408583741
4,2458.0,0.0071852688499923064,0.08923188806555565,14.545264082814668
4,2459.0,0.0071852688274084055,0.08923188807631507,14.545264079825646
4,2460.0,0.007185268805079261,0.08923188808705562,14.545264076870344
4,2461.0,0.007185268783004871,0.0892318880977773,14.545264073948756
4,2462.0,0.007185268761185237,0.08923188810848012,14.545264071060886
4,2463.0,0.007185268739620359,0.08923188811916406,14.545264068206736
4,2464.0,0.007185268718310237,0.08923188812982914,14.545264065386299
4,2465.0,0.007185268697254869,0.08923188814047535,14.545264062599582
4,2466.0,0.007185268676454258,0.0892318881511027,14.545264059846584
4,2467.0,0.007185268655908402,0.08923188816171118,14.545264057127303
4,2468.0,0.007185268635617303,0.08923188817230078,14.545264054441732
4,2469.0,0.007185268615580958,0.08923188818287152,14.545264051789887
4,2470.0,0.007185268595799369,0.0892318881934234,14.545264049171756
4,2471.0,0.007185268576272536,0.0892318882039564,14.545264046587345
4,2472.0,0.007185268557000458,0.08923188821447053,14.54526404403665
4,2473.0,0.007185268537983136,0.0892318882249658,14.545264041519667
4,2474.0,0.007185268519220569,0.08923188823544222,14.545264039036407
4,2475.0,0.0071852685007127584,0.08923188824589975,14.545264036586866
4,2476.0,0.007185268482459703,0.08923188825633842,14.545264034171037
4,2477.0,0.007185268464461403,0.08923188826675821,14.545264031788932
4,2478.0,0.00718526844671786,0.08923188827715915,14.54526402944054
4,2479.0,0.007185268429229071,0.08923188828754121,14.545264027125864
4,2480.0,0.007185268411995039,0.0892318882979044,14.54526402484491
4,2481.0,0.007185268395015761,0.08923188830824874,14.545264022597669
4,2482.0,0.007185268378291239,0.08923188831857419,14.545264020384145
4,2483.0,0.007185268361821474,0.08923188832888079,14.545264018204342
4,2484.0,0.0071852683456064634,0.08923188833916851,14.545264016058256
4,2485.0,0.007185268329646209,0.08923188834943738,14.545264013945886
4,2486.0,0.007185268313940709,0.08923188835968736,14.545264011867232
4,2487.0,0.007185268298489966,0.08923188836991848,14.545264009822297
4,2488.0,0.007185268283293978,0.08923188838013074,14.545264007811081
4,2489.0,0.007185268268352746,0.08923188839032413,14.54526400583358
4,2490.0,0.007185268253666269,0.08923188840049864,14.545264003889795
4,2491.0,0.007185268239234548,0.0892318884106543,14.545264001979731
4,2492.0,0.007185268225057583,0.08923188842079108,14.545264000103383
4,2493.0,0.007185268211135373,0.089231888430909,14.545263998260754
4,2494.0,0.007185268197467919,0.08923188844100804,14.545263996451844
4,2495.0,0.00718526818405522,0.08923188845108823,14.545263994676645
4,2496.0,0.007185268170897277,0.08923188846114954,14.545263992935165
4,2497.0,0.00718526815799409,0.08923188847119198,14.545263991227404
4,2498.0,0.007185268145345658,0.08923188848121556,14.545263989553362
4,2499.0,0.007185268132951982,0.08923188849122027,14.545263987913035
4,2500.0,0.007185268120813061,0.08923188850120611,14.545263986306429
4,2501.0,0.007185268108928896,0.08923188851117309,14.545263984733538
4,2502.0,0.007185268097299487,0.0892318885211212,14.545263983194362
4,2503.0,0.007185268085924833,0.08923188853105044,14.545263981688903
4,2504.0,0.007185268074804935,0.0892318885409608,14.545263980217166
4,2505.0,0.0071852680639397926,0.0892318885508523,14.545263978779145
4,2506.0,0.007185268053329406,0.08923188856072495,14.545263977374837
4,2507.0,0.007185268042973775,0.08923188857057872,14.54526397600425
4,2508.0,0.007185268032872899,0.08923188858041362,14.545263974667382
4,2509.0,0.007185268023026778,0.08923188859022965,14.545263973364227
4,2510.0,0.007185268013435414,0.08923188860002682,14.545263972094792
4,2511.0,0.007185268004098805,0.0892318886098051,14.545263970859077
4,2512.0,0.007185267995016952,0.08923188861956453,14.545263969657077
4,2513.0,0.007185267986189855,0.0892318886293051,14.545263968488793
4,2514.0,0.0071852679776175125,0.0892318886390268,14.545263967354225
4,2515.0,0.007185267969299926,0.08923188864872962,14.54526396625338
4,2516.0,0.0071852679612370955,0.08923188865841358,14.545263965186248
4,2517.0,0.00718526795342902,0.08923188866807867,14.545263964152838
4,2518.0,0.007185267945875701,0.0892318886777249,14.545263963153138
4,2519.0,0.0071852679385771365,0.08923188868735225,14.545263962187162
4,2520.0,0.007185267931533328,0.08923188869696073,14.545263961254898
4,2521.0,0.0071852679247442755,0.08923188870655036,14.545263960356355
4,2522.0,0.007185267918209979,0.08923188871612112,14.545263959491528
4,2523.0,0.007185267911930437,0.089231888725673,14.54526395866042
4,2524.0,0.007185267905905651,0.08923188873520602,14.545263957863027
4,2525.0,0.007185267900135621,0.08923188874472017,14.545263957099351
4,2526.0,0.007185267894620347,0.08923188875421545,14.545263956369395
4,2527.0,0.0071852678893598275,0.08923188876369187,14.545263955673157
4,2528.0,0.007185267884354064,0.08923188877314941,14.545263955010633
4,2529.0,0.007185267879603057,0.08923188878258809,14.545263954381829
4,2530.0,0.007185267875106804,0.0892318887920079,14.545263953786742
4,2531.0,0.007185267870865307,0.08923188880140884,14.545263953225373
4,2532.0,0.007185267866878567,0.08923188881079092,14.54526395269772
4,2533.0,0.0071852678631465815,0.08923188882015412,14.545263952203785
4,2534.0,0.007185267859669352,0.08923188882949847,14.545263951743568
4,2535.0,0.007185267856446877,0.08923188883882394,14.545263951317065
4,2536.0,0.007185267853479158,0.08923188884813055,14.545263950924284
4,2537.0,0.007185267850766196,0.08923188885741828,14.545263950565218
4,2538.0,0.0071852678483079885,0.08923188886668715,14.545263950239871
4,2539.0,0.007185267846104537,0.08923188887593715,14.545263949948238
4,2540.0,0.007185267844155841,0.08923188888516828,14.545263949690323
4,2541.0,0.0071852678424619,0.08923188889438055,14.545263949466127
4,2542.0,0.007185267841022715,0.08923188890357395,14.545263949275649
4,2543.0,0.007185267839838286,0.08923188891274848,14.545263949118889
4,2544.0,0.007185267838908613,0.08923188892190415,14.545263948995844
4,2545.0,0.007185267838233695,0.08923188893104095,14.545263948906516
4,2546.0,0.0071852678378135325,0.08923188894015888,14.545263948850907
4,2547.0,0.007185267837648126,0.08923188894925793,14.545263948829017
4,2548.0,0.007185267837737474,0.08923188895833813,14.545263948840839
4,2549.0,0.0071852678380815785,0.08923188896739945,14.545263948886383
4,2550.0,0.007185267838680439,0.08923188897644191,14.545263948965644
4,2551.0,0.007185267839534055,0.0892318889854655,14.545263949078622
4,2552.0,0.007185267840642426,0.08923188899447022,14.545263949225317
4,2553.0,0.0071852678420055525,0.08923188900345608,14.54526394940573
4,2554.0,0.007185267843623435,0.08923188901242306,14.545263949619857
4,2555.0,0.007185267845496074,0.08923188902137118,14.545263949867705
4,2556.0,0.007185267847623467,0.08923188903030042,14.545263950149272
4,2557.0,0.007185267850005617,0.08923188903921081,14.54526395046455
4,2558.0,0.007185267852642521,0.08923188904810232,14.545263950813553
4,2559.0,0.007185267855534182,0.08923188905697498,14.54526395119627
4,2560.0,0.007185267858680598,0.08923188906582875,14.545263951612702
4,2561.0,0.00718526786208177,0.08923188907466367,14.545263952062854
4,2562.0,0.007185267865737697,0.08923188908347972,14.545263952546723
4,2563.0,0.007185267869648381,0.08923188909227689,14.545263953064309
4,2564.0,0.007185267873813819,0.0892318891010552,14.545263953615613
4,2565.0,0.007185267878234013,0.08923188910981464,14.545263954200632
4,2566.0,0.007185267882908963,0.08923188911855522,14.545263954819372
4,2567.0,0.007185267887838668,0.08923188912727692,14.54526395547183
4,2568.0,0.00718526789302313,0.08923188913597976,14.545263956158
4,2569.0,0.007185267898462346,0.08923188914466373,14.54526395687789
4,2570.0,0.007185267904156319,0.08923188915332883,14.5452639576315
4,2571.0,0.007185267910105046,0.08923188916197507,14.545263958418825
4,2572.0,0.0071852679163085294,0.08923188917060243,14.545263959239868
4,2573.0,0.007185267922766769,0.08923188917921093,14.545263960094628
4,2574.0,0.0071852679294797635,0.08923188918780056,14.545263960983105
4,2575.0,0.007185267936447514,0.08923188919637133,14.5452639619053
4,2576.0,0.00718526794367002,0.08923188920492323,14.545263962861213
4,2577.0,0.007185267951147282,0.08923188921345626,14.545263963850841
4,2578.0,0.007185267958879298,0.08923188922197042,14.545263964874191
4,2579.0,0.007185267966866072,0.08923188923046571,14.545263965931253
4,2580.0,0.0071852679751076,0.08923188923894214,14.545263967022036
4,2581.0,0.007185267983603884,0.08923188924739969,14.545263968146536
4,2582.0,0.0071852679923549235,0.08923188925583839,14.54526396930475
4,2583.0,0.007185268001360719,0.08923188926425821,14.545263970496682
4,2584.0,0.007185268010621269,0.08923188927265917,14.545263971722337
4,2585.0,0.007185268020136576,0.08923188928104125,14.545263972981706
4,2586.0,0.007185268029906639,0.08923188928940448,14.545263974274791
4,2587.0,0.0071852680399314564,0.08923188929774883,14.545263975601593
4,2588.0,0.00718526805021103,0.08923188930607431,14.545263976962113
4,2589.0,0.007185268060745358,0.08923188931438093,14.545263978356356
4,2590.0,0.007185268071534443,0.08923188932266868,14.545263979784309
4,2591.0,0.007185268082578283,0.08923188933093756,14.545263981245983
4,2592.0,0.007185268093876878,0.08923188933918758,14.545263982741373
4,2593.0,0.00718526810543023,0.08923188934741871,14.545263984270479
4,2594.0,0.007185268117238337,0.08923188935563099,14.545263985833309
4,2595.0,0.0071852681293012,0.08923188936382441,14.545263987429848
4,2596.0,0.007185268141618818,0.08923188937199895,14.545263989060107
4,2597.0,0.007185268154191192,0.08923188938015462,14.545263990724086
4,2598.0,0.007185268167018321,0.08923188938829144,14.54526399242178
4,2599.0,0.007185268180100206,0.08923188939640937,14.54526399415319
4,2600.0,0.007185268193436847,0.08923188940450845,14.54526399591832
4,2601.0,0.007185268207028243,0.08923188941258865,14.54526399771717
4,2602.0,0.007185268220874395,0.08923188942064998,14.545263999549734
4,2603.0,0.007185268234975302,0.08923188942869245,14.545264001416015
4,2604.0,0.0071852682493309655,0.08923188943671606,14.545264003316012
4,2605.0,0.007185268263941384,0.0892318894447208,14.54526400524973
4,2606.0,0.007185268278806558,0.08923188945270666,14.545264007217163
4,2607.0,0.007185268293926489,0.08923188946067366,14.545264009218313
4,2608.0,0.007185268309301174,0.08923188946862179,14.54526401125318
4,2609.0,0.007185268324930615,0.08923188947655104,14.54526401332177
4,2610.0,0.007185268340814812,0.08923188948446145,14.54526401542407
4,2611.0,0.007185268356953764,0.08923188949235297,14.545264017560093
4,2612.0,0.007185268373347473,0.08923188950022563,14.54526401972983
4,2613.0,0.0071852683899959364,0.08923188950807942,14.545264021933283
4,2614.0,0.007185268406899155,0.08923188951591435,14.545264024170457
4,2615.0,0.00718526842405713,0.0892318895237304,14.545264026441346
4,2616.0,0.0071852684414698605,0.0892318895315276,14.545264028745956
4,2617.0,0.007185268459137347,0.08923188953930591,14.545264031084281
4,2618.0,0.007185268477059588,0.08923188954706537,14.54526403345632
4,2619.0,0.007185268495236586,0.08923188955480596,14.545264035862083
4,2620.0,0.007185268513668339,0.08923188956252767,14.545264038301559
4,2621.0,0.007185268532354847,0.08923188957023052,14.545264040774757
4,2622.0,0.007185268551296111,0.0892318895779145,14.545264043281668
4,2623.0,0.007185268570492131,0.08923188958557962,14.545264045822298
4,2624.0,0.007185268589942906,0.08923188959322587,14.545264048396643
4,2625.0,0.0071852686096484375,0.08923188960085325,14.545264051004706
4,2626.0,0.0071852686296087235,0.08923188960846176,14.545264053646486
4,2627.0,0.007185268649823766,0.0892318896160514,14.545264056321988
4,2628.0,0.007185268670293564,0.08923188962362218,14.545264059031203
4,2629.0,0.007185268691018117,0.0892318896311741,14.545264061774137
4,2630.0,0.007185268711997426,0.08923188963870714,14.545264064550787
4,2631.0,0.007185268733231491,0.08923188964622131,14.545264067361158
4,2632.0,0.007185268754720311,0.08923188965371662,14.54526407020524
4,2633.0,0.007185268776463887,0.08923188966119305,14.545264073083047
4,2634.0,0.007185268798462218,0.08923188966865062,14.545264075994567
4,2635.0,0.0071852688207153055,0.08923188967608932,14.545264078939804
4,2636.0,0.007185268843223148,0.08923188968350916,14.545264081918758
4,2637.0,0.0071852688659857465,0.08923188969091013,14.545264084931434
4,2638.0,0.0071852688890031,0.08923188969829222,14.545264087977824
4,2639.0,0.00718526891227521,0.08923188970565546,14.54526409105793
4,2640.0,0.007185268935802075,0.08923188971299982,14.545264094171753
4,2641.0,0.007185268959583695,0.08923188972032532,14.545264097319293
4,2642.0,0.007185268983620072,0.08923188972763195,14.545264100500553
4,2643.0,0.007185269007911204,0.0892318897349197,14.545264103715533
4,2644.0,0.007185269032457092,0.0892318897421886,14.545264106964227
4,2645.0,0.007185269057257735,0.08923188974943863,14.545264110246636
4,2646.0,0.007185269082313134,0.08923188975666978,14.545264113562766
4,2647.0,0.007185269107623288,0.08923188976388208,14.545264116912614
4,2648.0,0.007185269133188198,0.08923188977107549,14.545264120296176
4,2649.0,0.0071852691590078635,0.08923188977825006,14.54526412371346
4,2650.0,0.007185269185082285,0.08923188978540574,14.545264127164456
4,2651.0,0.0071852692114114615,0.08923188979254255,14.545264130649173
4,2652.0,0.007185269237995394,0.08923188979966051,14.545264134167608
4,2653.0,0.007185269264834083,0.0892318898067596,14.545264137719755
4,2654.0,0.007185269291927526,0.08923188981383981,14.545264141305628
4,2655.0,0.007185269319275726,0.08923188982090116,14.54526414492521
4,2656.0,0.0071852693468786805,0.08923188982794364,14.545264148578516
4,2657.0,0.0071852693747363906,0.08923188983496726,14.545264152265535
4,2658.0,0.007185269402848857,0.089231889841972,14.54526415598627
4,2659.0,0.007185269431216079,0.08923188984895787,14.545264159740727
4,2660.0,0.0071852694489193845,0.08923188984750097,14.545264162083793
4,2661.0,0.007185269464780332,0.08923188984463523,14.545264164183019
4,2662.0,0.007185269480606769,0.08923188984177308,14.54526416627768
4,2663.0,0.007185269496398697,0.0892318898389145,14.545264168367767
4,2664.0,0.0071852695121561155,0.08923188983605951,14.545264170453294
4,2665.0,0.0071852695278790246,0.0892318898332081,14.54526417253425
4,2666.0,0.007185269543567425,0.08923188983036026,14.545264174610637
4,2667.0,0.007185269559221315,0.089231889827516,14.545264176682458
4,2668.0,0.007185269574840696,0.08923188982467532,14.545264178749713
4,2669.0,0.007185269590425568,0.08923188982183822,14.5452641808124
4,2670.0,0.00718526960597593,0.08923188981900469,14.545264182870522
4,2671.0,0.007185269621491783,0.08923188981617475,14.545264184924072
4,2672.0,0.007185269636973126,0.08923188981334838,14.545264186973057
4,2673.0,0.007185269652419961,0.0892318898105256,14.545264189017475
4,2674.0,0.007185269667832286,0.0892318898077064,14.545264191057324
4,2675.0,0.0071852696832101015,0.08923188980489077,14.545264193092608
4,2676.0,0.007185269698553407,0.08923188980207872,14.545264195123327
4,2677.0,0.007185269713862204,0.08923188979927026,14.545264197149473
4,2678.0,0.007185269729136491,0.08923188979646536,14.545264199171054
4,2679.0,0.007185269744376269,0.08923188979366405,14.545264201188065
4,2680.0,0.007185269759581538,0.08923188979086631,14.54526420320051
4,2681.0,0.007185269774752297,0.08923188978807217,14.545264205208388
4,2682.0,0.007185269789888547,0.0892318897852816,14.545264207211702
4,2683.0,0.007185269804990287,0.08923188978249459,14.545264209210446
4,2684.0,0.007185269820057519,0.08923188977971118,14.54526421120462
4,2685.0,0.00718526983509024,0.08923188977693135,14.545264213194232
4,2686.0,0.007185269850088453,0.08923188977415508,14.545264215179271
4,2687.0,0.007185269865052156,0.08923188977138241,14.545264217159746
4,2688.0,0.007185269879981349,0.0892318897686133,14.545264219135655
4,2689.0,0.007185269894876034,0.08923188976584778,14.545264221106994
4,2690.0,0.0071852699097362084,0.08923188976308585,14.545264223073767
4,2691.0,0.0071852699245618734,0.08923188976032749,14.545264225035972
4,2692.0,0.00718526993935303,0.08923188975757271,14.54526422699361
4,2693.0,0.007185269954109676,0.08923188975482149,14.545264228946676
4,2694.0,0.007185269968831814,0.08923188975207387,14.545264230895182
4,2695.0,0.0071852699835194414,0.08923188974932983,14.545264232839116
4,2696.0,0.0071852699981725604,0.08923188974658935,14.545264234778482
4,2697.0,0.00718527001279117,0.08923188974385247,14.545264236713281
4,2698.0,0.007185270027375269,0.08923188974111916,14.545264238643513
4,2699.0,0.00718527004192486,0.08923188973838943,14.545264240569182
4,2700.0,0.007185270056439941,0.08923188973566328,14.54526424249028
4,2701.0,0.007185270070920512,0.0892318897329407,14.54526424440681
4,2702.0,0.007185270085366575,0.08923188973022171,14.545264246318775
4,2703.0,0.007185270099778128,0.0892318897275063,14.54526424822617
4,2704.0,0.007185270114155171,0.08923188972479447,14.545264250128998
4,2705.0,0.007185270128497706,0.0892318897220862,14.54526425202726
4,2706.0,0.0071852701428057305,0.08923188971938154,14.545264253920953
4,2707.0,0.007185270157079246,0.08923188971668043,14.545264255810082
4,2708.0,0.007185270171318252,0.08923188971398291,14.54526425769464
4,2709.0,0.007185270185522749,0.08923188971128897,14.545264259574632
4,2710.0,0.007185270199692736,0.08923188970859862,14.545264261450058
4,2711.0,0.007185270213828214,0.08923188970591182,14.545264263320913
4,2712.0,0.007185270227929183,0.08923188970322862,14.545264265187202
4,2713.0,0.007185270241995642,0.089231889700549,14.545264267048925
4,2714.0,0.007185270256027592,0.08923188969787296,14.54526426890608
4,2715.0,0.007185270270025032,0.08923188969520049,14.54526427075867
4,2716.0,0.007185270283987963,0.08923188969253161,14.545264272606689
4,2717.0,0.007185270297916385,0.0892318896898663,14.54526427445014
4,2718.0,0.007185270311810297,0.08923188968720457,14.545264276289027
4,2719.0,0.0071852703256697,0.08923188968454641,14.545264278123346
4,2720.0,0.007185270339494594,0.08923188968189184,14.545264279953095
4,2721.0,0.007185270353284978,0.08923188967924085,14.545264281778278
4,2722.0,0.007185270367040853,0.08923188967659344,14.545264283598897
4,2723.0,0.007185270380762218,0.08923188967394961,14.545264285414943
4,2724.0,0.007185270394449075,0.08923188967130936,14.545264287226424
4,2725.0,0.007185270408101421,0.08923188966867268,14.545264289033337
4,2726.0,0.007185270421719258,0.08923188966603958,14.545264290835684
4,2727.0,0.007185270435302586,0.08923188966341007,14.545264292633462
4,2728.0,0.0071852704488514045,0.08923188966078413,14.545264294426675
4,2729.0,0.007185270462365714,0.08923188965816177,14.545264296215318
4,2730.0,0.007185270475845514,0.08923188965554299,14.545264297999395
4,2731.0,0.007185270489290805,0.08923188965292779,14.545264299778905
4,2732.0,0.007185270502701586,0.08923188965031617,14.545264301553848
4,2733.0,0.007185270516077857,0.08923188964770812,14.54526430332422
4,2734.0,0.00718527052941962,0.08923188964510366,14.545264305090026
4,2735.0,0.007185270542726873,0.08923188964250277,14.545264306851267
4,2736.0,0.007185270555999616,0.08923188963990547,14.545264308607942
4,2737.0,0.00718527056923785,0.08923188963731174,14.545264310360045
4,2738.0,0.007185270582441575,0.08923188963472159,14.545264312107586
4,2739.0,0.00718527059561079,0.08923188963213502,14.545264313850556
4,2740.0,0.007185270608745496,0.08923188962955203,14.545264315588955
4,2741.0,0.0071852706218456935,0.08923188962697262,14.545264317322793
4,2742.0,0.007185270634911381,0.08923188962439679,14.54526431905206
4,2743.0,0.007185270647942559,0.08923188962182453,14.545264320776763
4,2744.0,0.007185270660939227,0.08923188961925586,14.545264322496896
4,2745.0,0.007185270673901387,0.08923188961669076,14.54526432421246
4,2746.0,0.007185270686829036,0.08923188961412926,14.54526432592346
4,2747.0,0.007185270699722177,0.08923188961157132,14.545264327629893
4,2748.0,0.007185270712580807,0.08923188960901696,14.545264329331756
4,2749.0,0.007185270725404929,0.08923188960646618,14.545264331029054
4,2750.0,0.007185270738194542,0.08923188960391898,14.54526433272178
4,2751.0,0.007185270750949644,0.08923188960137536,14.545264334409945
4,2752.0,0.007185270763670238,0.08923188959883532,14.545264336093538
4,2753.0,0.007185270776356323,0.08923188959629885,14.545264337772565
4,2754.0,0.007185270789007897,0.08923188959376598,14.545264339447025
4,2755.0,0.007185270801624962,0.08923188959123667,14.545264341116916
4,2756.0,0.007185270814207519,0.08923188958871094,14.545264342782241
4,2757.0,0.007185270826755566,0.08923188958618879,14.545264344443
4,2758.0,0.007185270839269103,0.08923188958367023,14.54526434609919
4,2759.0,0.007185270851748131,0.08923188958115524,14.545264347750814
4,2760.0,0.007185270864192649,0.08923188957864382,14.545264349397868
4,2761.0,0.007185270876602658,0.089231889576136,14.545264351040355
4,2762.0,0.007185270888978158,0.08923188957363175,14.545264352678279
4,2763.0,0.007185270901319148,0.08923188957113107,14.545264354311628
4,2764.0,0.00718527091362563,0.08923188956863398,14.545264355940414
4,2765.0,0.007185270925897601,0.08923188956614046,14.545264357564633
4,2766.0,0.007185270938135064,0.08923188956365052,14.545264359184284
4,2767.0,0.007185270950338016,0.08923188956116418,14.545264360799369
4,2768.0,0.0071852709625064605,0.0892318895586814,14.545264362409887
4,2769.0,0.007185270974640394,0.0892318895562022,14.545264364015832
4,2770.0,0.007185270986739819,0.08923188955372657,14.545264365617218
4,2771.0,0.007185270998804735,0.08923188955125454,14.545264367214031
4,2772.0,0.007185271010835141,0.08923188954878608,14.545264368806277
4,2773.0,0.007185271022831037,0.08923188954632119,14.545264370393957
4,2774.0,0.007185271034792425,0.0892318895438599,14.54526437197707
4,2775.0,0.007185271046719303,0.08923188954140217,14.545264373555614
4,2776.0,0.007185271058611671,0.08923188953894802,14.54526437512959
4,2777.0,0.00718527107046953,0.08923188953649745,14.545264376698999
4,2778.0,0.00718527108229288,0.08923188953405047,14.545264378263843
4,2779.0,0.007185271094081721,0.08923188953160706,14.545264379824118
4,2780.0,0.007185271105836052,0.08923188952916723,14.545264381379827
4,2781.0,0.007185271117555873,0.08923188952673099,14.545264382930966
4,2782.0,0.0071852711292411855,0.08923188952429831,14.545264384477539
4,2783.0,0.007185271140891989,0.08923188952186922,14.545264386019543
4,2784.0,0.007185271152508282,0.0892318895194437,14.545264387556982
4,2785.0,0.007185271164090066,0.08923188951702178,14.545264389089857
4,2786.0,0.0071852711756373415,0.08923188951460342,14.545264390618158
4,2787.0,0.007185271187150107,0.08923188951218865,14.545264392141895
4,2788.0,0.007185271198628363,0.08923188950977745,14.54526439366106
4,2789.0,0.007185271210072109,0.08923188950736984,14.545264395175664
4,2790.0,0.007185271221481347,0.08923188950496579,14.545264396685699
4,2791.0,0.007185271232856075,0.08923188950256533,14.545264398191163
4,2792.0,0.007185271244196293,0.08923188950016846,14.545264399692064
4,2793.0,0.007185271255502002,0.08923188949777515,14.545264401188398
4,2794.0,0.0071852712667732025,0.08923188949538542,14.54526440268016
4,2795.0,0.007185271278009893,0.08923188949299929,14.545264404167355
4,2796.0,0.007185271289212074,0.08923188949061672,14.545264405649986
4,2797.0,0.007185271300379745,0.08923188948823774,14.545264407128046
4,2798.0,0.0071852713115129075,0.08923188948586233,14.545264408601543
4,2799.0,0.007185271322611561,0.0892318894834905,14.545264410070471
4,2800.0,0.007185271333675704,0.08923188948112225,14.545264411534832
4,2801.0,0.007185271344705338,0.08923188947875758,14.545264412994625
4,2802.0,0.007185271355700463,0.08923188947639649,14.545264414449848
4,2803.0,0.007185271366661078,0.08923188947403898,14.54526441590051
4,2804.0,0.007185271377587185,0.08923188947168505,14.545264417346598
4,2805.0,0.007185271388478781,0.08923188946933469,14.545264418788124
4,2806.0,0.007185271399335869,0.08923188946698792,14.545264420225077
4,2807.0,0.007185271410158446,0.08923188946464472,14.545264421657466
4,2808.0,0.0071852714209465155,0.0892318894623051,14.545264423085287
4,2809.0,0.007185271431700074,0.08923188945996907,14.54526442450854
4,2810.0,0.007185271442419124,0.08923188945763662,14.545264425927227
4,2811.0,0.007185271453103665,0.08923188945530773,14.545264427341346
4,2812.0,0.007185271463753696,0.08923188945298244,14.545264428750901
4,2813.0,0.0071852714743692175,0.08923188945066071,14.545264430155884
4,2814.0,0.007185271484950229,0.08923188944834258,14.5452644315563
4,2815.0,0.007185271495496732,0.08923188944602801,14.545264432952148
4,2816.0,0.007185271506008726,0.08923188944371703,14.545264434343432
4,2817.0,0.007185271516486211,0.08923188944140963,14.545264435730147
4,2818.0,0.007185271526929185,0.0892318894391058,14.545264437112293
4,2819.0,0.007185271537337651,0.08923188943680554,14.545264438489875
4,2820.0,0.007185271547711607,0.08923188943450888,14.545264439862887
4,2821.0,0.007185271558051053,0.0892318894322158,14.545264441231332
4,2822.0,0.007185271568355991,0.08923188942992628,14.54526444259521
4,2823.0,0.0071852715786264185,0.08923188942764035,14.54526444395452
4,2824.0,0.007185271588862337,0.08923188942535801,14.545264445309263
4,2825.0,0.0071852715990637465,0.08923188942307923,14.545264446659438
4,2826.0,0.007185271609230646,0.08923188942080404,14.545264448005046
4,2827.0,0.007185271619363037,0.08923188941853243,14.545264449346089
4,2828.0,0.0071852716294609174,0.08923188941626438,14.54526445068256
4,2829.0,0.0071852716395242894,0.08923188941399993,14.545264452014464
4,2830.0,0.007185271649553152,0.08923188941173905,14.545264453341806
4,2831.0,0.007185271659547504,0.08923188940948175,14.545264454664578
4,2832.0,0.007185271669507348,0.08923188940722804,14.54526445598278
4,2833.0,0.007185271679432682,0.0892318894049779,14.545264457296417
4,2834.0,0.007185271689323507,0.08923188940273133,14.545264458605486
4,2835.0,0.0071852716991798226,0.08923188940048835,14.545264459909987
4,2836.0,0.007185271709001628,0.08923188939824894,14.545264461209921
4,2837.0,0.007185271718788925,0.08923188939601312,14.54526446250529
4,2838.0,0.007185271728541712,0.08923188939378088,14.545264463796089
4,2839.0,0.0071852717382599905,0.08923188939155222,14.54526446508232
4,2840.0,0.007185271747943759,0.08923188938932712,14.545264466363987
4,2841.0,0.007185271757593018,0.08923188938710562,14.545264467641088
4,2842.0,0.007185271767207768,0.08923188938488769,14.545264468913613
4,2843.0,0.007185271776788008,0.08923188938267333,14.545264470181575
4,2844.0,0.0071852717863337395,0.08923188938046256,14.545264471444971
4,2845.0,0.007185271795844961,0.08923188937825538,14.545264472703801
4,2846.0,0.007185271805321673,0.08923188937605175,14.54526447395806
4,2847.0,0.007185271814763876,0.08923188937385172,14.545264475207757
4,2848.0,0.0071852718241715696,0.08923188937165527,14.545264476452884
4,2849.0,0.007185271833544754,0.0892318893694624,14.545264477693438
4,2850.0,0.007185271842883429,0.0892318893672731,14.54526447892943
4,2851.0,0.007185271852187594,0.08923188936508739,14.545264480160855
4,2852.0,0.00718527186145725,0.08923188936290524,14.545264481387711
4,2853.0,0.007185271870692397,0.08923188936072668,14.54526448261
4,2854.0,0.007185271879893034,0.0892318893585517,14.545264483827726
4,2855.0,0.007185271889059162,0.0892318893563803,14.545264485040875
4,2856.0,0.0071852718981907805,0.08923188935421247,14.545264486249462
4,2857.0,0.00718527190728789,0.08923188935204823,14.545264487453483
4,2858.0,0.007185271916350489,0.08923188934988757,14.545264488652935
4,2859.0,0.00718527192537858,0.08923188934773048,14.54526448984782
4,2860.0,0.007185271934372161,0.08923188934557698,14.545264491038134
4,2861.0,0.007185271943331233,0.08923188934342705,14.545264492223888
4,2862.0,0.007185271952255795,0.0892318893412807,14.545264493405067
4,2863.0,0.007185271961145848,0.08923188933913793,14.545264494581687
4,2864.0,0.007185271970001392,0.08923188933699874,14.545264495753731
4,2865.0,0.007185271978822426,0.08923188933486313,14.545264496921213
4,2866.0,0.00718527198760895,0.0892318893327311,14.545264498084125
4,2867.0,0.007185271996360966,0.08923188933060264,14.545264499242467
4,2868.0,0.007185272005078472,0.08923188932847777,14.545264500396248
4,2869.0,0.007185272013761469,0.08923188932635648,14.54526450154546
4,2870.0,0.007185272022409956,0.08923188932423876,14.545264502690104
4,2871.0,0.007185272031023934,0.08923188932212463,14.54526450383018
4,2872.0,0.0071852720396034025,0.08923188932001407,14.545264504965687
4,2873.0,0.0071852720481483615,0.08923188931790708,14.54526450609663
4,2874.0,0.007185272056658812,0.08923188931580368,14.545264507223004
4,2875.0,0.007185272065134752,0.08923188931370386,14.545264508344811
4,2876.0,0.007185272073576183,0.08923188931160762,14.545264509462049
4,2877.0,0.007185272081983105,0.08923188930951496,14.545264510574723
4,2878.0,0.007185272090355517,0.08923188930742587,14.545264511682829
4,2879.0,0.007185272098693419,0.08923188930534037,14.545264512786362
4,2880.0,0.007185272106996813,0.08923188930325844,14.54526451388533
4,2881.0,0.0071852721152656975,0.08923188930118009,14.545264514979735
4,2882.0,0.0071852721235000725,0.08923188929910533,14.545264516069569
4,2883.0,0.007185272131699938,0.08923188929703414,14.54526451715484
4,2884.0,0.007185272139865293,0.08923188929496653,14.545264518235536
4,2885.0,0.00718527214799614,0.0892318892929025,14.545264519311672
4,2886.0,0.007185272156092478,0.08923188929084204,14.545264520383238
4,2887.0,0.007185272164154305,0.08923188928878517,14.545264521450235
4,2888.0,0.007185272172181624,0.08923188928673188,14.545264522512664
4,2889.0,0.007185272180174433,0.08923188928468216,14.545264523570529
4,2890.0,0.007185272188132733,0.08923188928263603,14.545264524623825
4,2891.0,0.007185272196056523,0.08923188928059347,14.545264525672556
4,2892.0,0.007185272203945804,0.0892318892785545,14.545264526716714
4,2893.0,0.007185272211800576,0.0892318892765191,14.54526452775631
4,2894.0,0.007185272219620838,0.08923188927448727,14.545264528791336
4,2895.0,0.007185272227406591,0.08923188927245904,14.545264529821793
4,2896.0,0.0071852722351578345,0.08923188927043438,14.545264530847685
4,2897.0,0.007185272242874569,0.08923188926841329,14.54526453186901
4,2898.0,0.0071852722505567936,0.08923188926639579,14.545264532885763
4,2899.0,0.007185272258204509,0.08923188926438186,14.545264533897955
4,2900.0,0.007185272265817715,0.08923188926237152,14.545264534905579
4,2901.0,0.007185272273396412,0.08923188926036475,14.545264535908633
4,2902.0,0.007185272280940599,0.08923188925836156,14.54526453690712
4,2903.0,0.007185272288450277,0.08923188925636195,14.545264537901042
4,2904.0,0.007185272295925446,0.08923188925436593,14.545264538890391
4,2905.0,0.007185272303366104,0.08923188925237348,14.545264539875175
4,2906.0,0.007185272310772255,0.08923188925038461,14.545264540855399
4,2907.0,0.007185272318143895,0.08923188924839931,14.545264541831047
4,2908.0,0.007185272325481026,0.0892318892464176,14.545264542802126
4,2909.0,0.007185272332783647,0.08923188924443946,14.545264543768646
4,2910.0,0.00718527234005176,0.08923188924246492,14.54526454473059
4,2911.0,0.007185272347285363,0.08923188924049394,14.545264545687976
4,2912.0,0.007185272354484456,0.08923188923852654,14.545264546640787
4,2913.0,0.00718527236164904,0.08923188923656272,14.545264547589033
4,2914.0,0.007185272368779115,0.08923188923460249,14.545264548532712
4,2915.0,0.007185272375874681,0.08923188923264583,14.545264549471826
4,2916.0,0.007185272382935736,0.08923188923069274,14.545264550406369
4,2917.0,0.007185272389962283,0.08923188922874324,14.545264551336345
4,2918.0,0.0071852723969543205,0.08923188922679731,14.545264552261754
4,2919.0,0.007185272403911849,0.08923188922485498,14.545264553182596
4,2920.0,0.007185272410834867,0.08923188922291621,14.545264554098871
4,2921.0,0.007185272417723376,0.08923188922098102,14.545264555010577
4,2922.0,0.007185272424577376,0.08923188921904941,14.545264555917715
4,2923.0,0.0071852724313968665,0.08923188921712139,14.54526455682029
4,2924.0,0.007185272438181847,0.08923188921519694,14.545264557718294
4,2925.0,0.007185272444932319,0.08923188921327607,14.545264558611732
4,2926.0,0.007185272451648282,0.08923188921135877,14.545264559500604
4,2927.0,0.007185272458329734,0.08923188920944507,14.545264560384904
4,2928.0,0.007185272464976678,0.08923188920753493,14.545264561264641
4,2929.0,0.007185272471589112,0.08923188920562838,14.545264562139808
4,2930.0,0.007185272478167037,0.0892318892037254,14.54526456301041
4,2931.0,0.007185272484710452,0.08923188920182601,14.545264563876444
4,2932.0,0.007185272491219358,0.08923188919993019,14.545264564737908
4,2933.0,0.007185272497693755,0.08923188919803796,14.545264565594808
4,2934.0,0.007185272504133642,0.0892318891961493,14.545264566447141
4,2935.0,0.00718527251053902,0.08923188919426422,14.545264567294904
4,2936.0,0.0071852725169098885,0.08923188919238272,14.545264568138096
4,2937.0,0.007185272523246248,0.0892318891905048,14.545264568976727
4,2938.0,0.007185272529548098,0.08923188918863045,14.545264569810788
4,2939.0,0.0071852725358154375,0.08923188918675969,14.545264570640283
4,2940.0,0.007185272542048269,0.08923188918489251,14.545264571465212
4,2941.0,0.007185272548246591,0.0892318891830289,14.54526457228557
4,2942.0,0.0071852725544104025,0.08923188918116888,14.545264573101361
4,2943.0,0.007185272560539705,0.08923188917931243,14.545264573912586
4,2944.0,0.007185272566634499,0.08923188917745956,14.545264574719242
4,2945.0,0.0071852725726947834,0.08923188917561027,14.545264575521335
4,2946.0,0.007185272578720558,0.08923188917376457,14.545264576318859
4,2947.0,0.007185272584711824,0.08923188917192243,14.54526457711181
4,2948.0,0.0071852725906685795,0.08923188917008387,14.545264577900202
4,2949.0,0.007185272596590827,0.08923188916824891,14.54526457868402
4,2950.0,0.007185272602478563,0.08923188916641751,14.545264579463273
4,2951.0,0.0071852726083317916,0.0892318891645897,14.545264580237959
4,2952.0,0.00718527261415051,0.08923188916276546,14.545264581008079
4,2953.0,0.007185272619934719,0.08923188916094481,14.54526458177363
4,2954.0,0.007185272625684419,0.08923188915912772,14.545264582534612
4,2955.0,0.007185272631399609,0.08923188915731423,14.545264583291027
4,2956.0,0.00718527263708029,0.08923188915550431,14.545264584042878
4,2957.0,0.007185272642726462,0.08923188915369797,14.545264584790159
4,2958.0,0.007185272648338124,0.0892318891518952,14.54526458553287
4,2959.0,0.007185272653915277,0.08923188915009603,14.545264586271019
4,2960.0,0.007185272659457921,0.08923188914830042,14.545264587004601
4,2961.0,0.007185272664966055,0.0892318891465084,14.54526458773361
4,2962.0,0.00718527267043968,0.08923188914471995,14.545264588458053
4,2963.0,0.007185272675878795,0.08923188914293508,14.54526458917793
4,2964.0,0.007185272681283401,0.08923188914115379,14.545264589893241
4,2965.0,0.0071852726866534974,0.08923188913937609,14.545264590603985
4,2966.0,0.0071852726919890844,0.08923188913760195,14.545264591310156
4,2967.0,0.007185272697290163,0.08923188913583141,14.545264592011767
4,2968.0,0.007185272702556731,0.08923188913406443,14.545264592708808
4,2969.0,0.007185272707788791,0.08923188913230104,14.54526459340128
4,2970.0,0.0071852727129863405,0.08923188913054123,14.545264594089184
4,2971.0,0.007185272718149381,0.08923188912878499,14.545264594772524
4,2972.0,0.007185272723277912,0.08923188912703234,14.545264595451293
4,2973.0,0.0071852727283719334,0.08923188912528326,14.545264596125499
4,2974.0,0.007185272733431445,0.08923188912353777,14.545264596795132
4,2975.0,0.007185272738456448,0.08923188912179585,14.545264597460202
4,2976.0,0.0071852727434469415,0.08923188912005751,14.545264598120703
4,2977.0,0.007185272748402926,0.08923188911832275,14.545264598776637
4,2978.0,0.007185272753324401,0.08923188911659156,14.545264599428004
4,2979.0,0.0071852727582113664,0.08923188911486396,14.545264600074804
4,2980.0,0.0071852727630638226,0.08923188911313994,14.545264600717035
4,2981.0,0.007185272767881769,0.0892318891114195,14.545264601354695
4,2982.0,0.0071852727726652065,0.08923188910970263,14.545264601987796
4,2983.0,0.007185272777414134,0.08923188910798935,14.545264602616324
4,2984.0,0.007185272782128552,0.08923188910627965,14.545264603240287
4,2985.0,0.007185272786808462,0.08923188910457351,14.545264603859682
4,2986.0,0.007185272791453861,0.08923188910287096,14.54526460447451
4,2987.0,0.007185272796064752,0.089231889101172,14.545264605084768
4,2988.0,0.007185272800641133,0.0892318890994766,14.545264605690463
4,2989.0,0.007185272805183005,0.08923188909778479,14.545264606291589
4,2990.0,0.007185272809690366,0.08923188909609656,14.545264606888143
4,2991.0,0.00718527281416322,0.0892318890944119,14.545264607480135
4,2992.0,0.007185272818601563,0.08923188909273083,14.545264608067558
4,2993.0,0.007185272823005397,0.08923188909105334,14.545264608650415
4,2994.0,0.007185272827374722,0.08923188908937942,14.5452646092287
4,2995.0,0.0071852728317095375,0.08923188908770908,14.545264609802425
4,2996.0,0.007185272836009843,0.08923188908604232,14.545264610371577
4,2997.0,0.00718527284027564,0.08923188908437914,14.545264610936165
4,2998.0,0.007185272844506927,0.08923188908271953,14.545264611496183
4,2999.0,0.007185272848703705,0.08923188908106353,14.545264612051636
4,3000.0,0.0071852728528659735,0.08923188907941108,14.545264612602518
