traj_id,time,S_N,S_T,q
1,0.0,0.0757995967100463,0.8239316768268116,4.361042819400572
1,1.0,0.07526433364958718,0.8280793067249249,4.3508157383121695
1,2.0,0.07472986753879428,0.8322389910117606,4.340603884257842
1,3.0,0.07419614499204659,0.8364108242954083,4.330406237217497
1,4.0,0.07366312726673437,0.8405948779856804,4.32022205694986
1,5.0,0.07313075377753205,0.8447912615482019,4.310050185872641
1,6.0,0.0725989788320342,0.8490000593254248,4.299889750957291
1,7.0,0.0720677599399785,0.853221350446436,4.289739940357464
1,8.0,0.07153702892707542,0.8574552632313948,4.279599451491236
1,9.0,0.07100675601480955,0.861701853137424,4.2694677153910945
1,10.0,0.07047686468860057,0.8659612665007469,4.259343270120145
1,11.0,0.06994733271204492,0.8702335467150132,4.249225690815324
1,12.0,0.06941807445288142,0.8745188600064324,4.239113341331449
1,13.0,0.06888906611071684,0.8788172520040243,4.229005766922864
1,14.0,0.06836022767814409,0.8831288812114562,4.218901438916472
1,15.0,0.06783152397094762,0.8874538167408229,4.208799685059969
1,16.0,0.06730289099045286,0.8917921887324541,4.198699282553423
1,17.0,0.06677426235176016,0.896144128228927,4.188598963004146
1,18.0,0.06624561245306011,0.9005096893497975,4.178498237247462
1,19.0,0.06571683743155265,0.9048890821836648,4.168395120813761
1,20.0,0.0651879313167471,0.9092823209001185,4.1582894996269975
1,21.0,0.06465878141547657,0.9136896378413498,4.148179220498878
1,22.0,0.06412936828085314,0.9181110725274472,4.138063911864625
1,23.0,0.06359961063941351,0.9225467968482166,4.127942020861059
1,24.0,0.06306943765372909,0.9269969574022714,4.1178121940226
1,25.0,0.06253882893784461,0.9314616007216435,4.107674041842047
1,26.0,0.062007657269723016,0.935940994463096,4.097525133533147
1,27.0,0.06147591894436577,0.9404351472498578,4.087365398305811
1,28.0,0.060943500188104696,0.944944304341117,4.077192662326986
1,29.0,0.06041034774353396,0.9494685783326536,4.06700590802635
1,30.0,0.05987642753509334,0.9540080473673431,4.056804484334279
1,31.0,0.059341603421841846,0.9585630035527674,4.046585790054192
1,32.0,0.058805876462517524,0.9631334462155148,4.036349845415022
1,33.0,0.05826911409865694,0.9677196667650311,4.026094117669313
1,34.0,0.05773126451674148,0.9723217768799534,4.015817616834576
1,35.0,0.05719229014646872,0.9769398643683703,4.005519625068393
1,36.0,0.05665203904590298,0.9815742616308271,3.995197239270194
1,37.0,0.056110514236182255,0.9862249636155543,3.984850517163789
1,38.0,0.05556757418115926,0.9908922873807678,3.974476754468306
1,39.0,0.0550231521474501,0.995576379335154,3.964074676132693
1,40.0,0.05447721991442521,1.0002773075645992,3.9536437429554097
1,41.0,0.053929600944397874,1.0049954656289692,3.9431805818936083
1,42.0,0.05338029324444643,1.0097308585719138,3.9326851548692443
1,43.0,0.052829166683640794,1.014483783694439,3.922154975516878
1,44.0,0.05227611389803298,1.0192544802950676,3.9115879924717087
1,45.0,0.05172112678872861,1.0240429707616348,3.9009840509910383
1,46.0,0.051164006964664506,1.0288497051598644,3.890339360487322
1,47.0,0.05060471800806872,1.0336747644907767,3.879653225139132
1,48.0,0.050043195745980505,1.0385183016133497,3.8689244188165124
1,49.0,0.04947924251916556,1.043380762908103,3.8581491649147117
1,50.0,0.048912868797335494,1.0482621266774963,3.84732766347479
1,51.0,0.048343895116900744,1.0531628073905934,3.8364564855497134
1,52.0,0.04777221098242746,1.058083054569916,3.825533519942493
1,53.0,0.0471978084230673,1.0630228911728818,3.8145586143569616
1,54.0,0.046620443557675514,1.067982877377879,3.8035271090427503
1,55.0,0.04604006777565051,1.0729631227630445,3.7924380752143696
1,56.0,0.045456630392271685,1.0779637515376352,3.7812905444568736
1,57.0,0.04486986697493116,1.0829853684375896,3.7700794643503897
1,58.0,0.04427977939414761,1.088027969610393,3.7588048706342545
1,59.0,0.04368622153570091,1.0930918991778034,3.747463971555986
1,60.0,0.04308897762432264,1.0981776497002542,3.7360526443742073
1,61.0,0.04248806380689288,1.1032851867172644,3.7245711976016183
1,62.0,0.041883242289179154,1.1084150643432624,3.713015087788319
1,63.0,0.04127435320574175,1.1135676471320708,3.7013812604421625
1,64.0,0.04066140840101871,1.1187429121500063,3.689669941870618
1,65.0,0.04004410221500437,1.1239415685564618,3.6778752919365747
1,66.0,0.03942231206835285,1.1291638955317163,3.6659949685600295
1,67.0,0.03879604269009454,1.1344098880307036,3.654029062096885
1,68.0,0.03816493508822886,1.1396803767029062,3.641970713414555
1,69.0,0.037528887064263695,1.14497559392243,3.6298179698427697
1,70.0,0.036887899710713115,1.1502955439432334,3.617570852255805
1,71.0,0.036241569135203155,1.1556411596267464,3.6052216436255975
1,72.0,0.03558979568772044,1.1610126673112966,3.5927684399747517
1,73.0,0.03493258515539466,1.1664100607063113,3.5802113518758985
1,74.0,0.034269495235186444,1.1718343602363985,3.567541928402039
1,75.0,0.03360040734960062,1.1772858350550948,3.55475790393511
1,76.0,0.03292534013273938,1.1827644486125224,3.541859634510279
1,77.0,0.032243829135348206,1.188271271993436,3.528838246060685
1,78.0,0.0315557057040446,1.1938066880290925,3.5156905161860807
1,79.0,0.030861001987167635,1.1993706276275,3.5024170591333554
1,80.0,0.030159269590471365,1.2049641251915921,3.4890093075929918
1,81.0,0.029450245199559653,1.2105877784305583,3.475462230510392
1,82.0,0.028733961212084335,1.2162415156600253,3.461776446895976
1,83.0,0.028010050456332248,1.2219261853582681,3.447944941330298
1,84.0,0.0272781002037599,1.2276427240902152,3.433959827955741
1,85.0,0.026538121007331175,1.2333911083220095,3.419821308404037
1,86.0,0.025789897383223816,1.239171841270261,3.405525265502366
1,87.0,0.025032814026259547,1.2449863158265468,3.3910599428333383
1,88.0,0.024266870936438367,1.2508345319908665,3.3764253403969544
1,89.0,0.023491964714973033,1.2567167360872793,3.361619482589328
1,90.0,0.02270733839271135,1.2626346387857599,3.346627906269862
1,91.0,0.021912950732213082,1.2685883322063003,3.331449823529438
1,92.0,0.021108768526131978,1.2745779010029865,3.316084599887092
1,93.0,0.02029396347231088,1.2806052127844676,3.30051640926785
1,94.0,0.019468403873986705,1.286670561425039,3.2847427353884546
1,95.0,0.018632111216310674,1.2927739062155055,3.268763988758057
1,96.0,0.0177842391381032,1.2989171498188672,3.2525639982543573
1,97.0,0.01692451596940429,1.3051008967712499,3.236137573175969
1,98.0,0.016052958838056297,1.311325106185306,3.2194850407784883
1,99.0,0.015168811214044047,1.3175914683227263,3.2025919463117525
1,100.0,0.014271689660898847,1.3239008452011876,3.185450963591408
1,101.0,0.013361578377188878,1.330253279178665,3.1680617907051145
1,102.0,0.012437558704827498,1.3366508115961626,3.1504068751792573
1,103.0,0.011499397061884485,1.3430939567907803,3.1324817540469003
1,104.0,0.010546962061061586,1.3495830156467332,3.1142839169376253
1,105.0,0.009579202251230984,1.3561203058527829,3.0957932741483707
1,106.0,0.00859601952762836,1.3627060416364307,3.077007951226265
1,107.0,0.007597007148178981,1.3693411081742994,3.0579201766950246
1,108.0,0.006581283087925363,1.376027453839529,3.0385130980172184
1,109.0,0.005548791833495326,1.3827652071032375,3.0187856545185703
1,110.0,0.0044984937504082625,1.3895566386465354,2.998717982272497
1,111.0,0.003430198729167019,1.3964021620448404,2.978306448924394
1,112.0,0.0023431749342603817,1.4033033756665592,2.9575370715532077
1,113.0,0.001236675160862804,1.4102618944699177,2.936395573581859
1,114.0,0.00011046125895799375,1.4172782293239963,2.9148774047626143
1,115.0,-0.001036590585764401,1.4243548122763812,2.8929610927747973
1,116.0,-0.0022046909329095335,1.4314921048694245,2.8706426145308552
1,117.0,-0.0033950183652678846,1.4386926379774074,2.8478994512682245
1,118.0,-0.00460782300011238,1.4459569505773189,2.8247268240850523
1,119.0,-0.00584432732069116,1.4532876560652954,2.8011013754283294
1,120.0,-0.007104878295459717,1.4606854953595894,2.7770164758950737
1,121.0,-0.008390683950797246,1.4681530391885258,2.752449044154534
1,122.0,-0.009702290241681573,1.475691439724426,2.727388648838958
1,123.0,-0.011040774345449096,1.4833029707979417,2.7018147087037567
1,124.0,-0.012406840302830485,1.490989129147595,2.675713771892873
1,125.0,-0.013801744135610278,1.4987525576966947,2.649061840044403
1,126.0,-0.015226096671852356,1.5065945386890371,2.6218472422835886
1,127.0,-0.016681364653385662,1.514518138666587,2.594041954095517
1,128.0,-0.01816813711770523,1.5225245891127412,2.5656347209500887
1,129.0,-0.019688043089126445,1.5306172741601192,2.536594417658588
1,130.0,-0.021241756682487043,1.5387975837978383,2.506908164148361
1,131.0,-0.022830816226533636,1.5470687031286505,2.4765465681186956
1,132.0,-0.0244563945133776,1.5554330539783778,2.445487221447477
1,133.0,-0.026119678663952334,1.5638930738560466,2.4137074422368787
1,134.0,-0.02782236642207565,1.5724522374312144,2.3811747922990736
1,135.0,-0.029565474027308938,1.5811126220264247,2.3478698547058867
1,136.0,-0.03135080616840637,1.5898778962041158,2.3137581479105953
1,137.0,-0.03317988065308183,1.5987511391168416,2.2788106717005685
1,138.0,-0.03505414517873114,1.607735267254013,2.2429997654361093
1,139.0,-0.03697556229210626,1.6168342324899072,2.206287931433827
1,140.0,-0.038945749520709595,1.6260512911760305,2.1686442641705286
1,141.0,-0.04096651800276079,1.6353900642078296,2.1300341588718443
1,142.0,-0.043040034403063344,1.644854868590662,2.0904162178433077
1,143.0,-0.04516826241802124,1.6544496046131736,2.0497529214355343
1,144.0,-0.04735315764188496,1.6641781420538253,2.0080069048041085
1,145.0,-0.04959723528434352,1.6740454350388634,1.9651301107312922
1,146.0,-0.05190278674350335,1.6840559744198567,1.9210787582877218
1,147.0,-0.05427212756565319,1.6942143040650925,1.8758086051532974
1,148.0,-0.056707917623614754,1.7045256081465623,1.8292688300832103
1,149.0,-0.05921295259826257,1.7149953146318426,1.7814060169964472
1,150.0,-0.0617901853553618,1.7256291317105503,1.732163746536145
1,151.0,-0.06444241083114313,1.7364324458871712,1.6814886168489354
1,152.0,-0.06717282420409613,1.7474113758950391,1.6293195787948378
1,153.0,-0.06998480432782395,1.7585723843443972,1.5755920738187446
1,154.0,-0.07288187366245645,1.7699221771325988,1.5202387995266746
1,155.0,-0.07586774771904158,1.7814677935471537,1.4631887649693558
1,156.0,-0.07894634773766314,1.7932166303394417,1.4043670484059356
1,157.0,-0.08212170702377594,1.805176265092377,1.3436965869023383
1,158.0,-0.0853981186593398,1.8173547274841515,1.281095354067122
1,159.0,-0.08878021757892741,1.8297606355825127,1.2164747918524468
1,160.0,-0.09227285223221508,1.8424029840107494,1.1497422626532638
1,161.0,-0.095881146665271,1.8552912317608503,1.0807998631421976
1,162.0,-0.09961052392699742,1.8684353386146493,1.009543977050974
1,163.0,-0.10346672882166748,1.8818458057819247,0.9358648404457841
1,164.0,-0.10745585150820956,1.895533712632282,0.8596460908241452
1,165.0,-0.11158438448208428,1.909510803924472,0.7807636783824247
1,166.0,-0.11585913813286923,1.9237893477363592,0.6990874794270613
1,167.0,-0.12028742114119569,1.9383824535447007,0.6144778495944012
1,168.0,-0.1248769830378481,1.9533039421100569,0.5267867213535719
1,169.0,-0.1296360723121239,1.9685684484988701,0.4358564937506992
1,170.0,-0.13457347630698194,1.9841914825347868,0.3415192701464849
1,171.0,-0.13969856371654965,2.0001894925662955,0.24359604623143763
1,172.0,-0.1450212513808167,2.0165797767405342,0.1418973444678623
1,173.0,-0.1505524967060145,2.0333813519877113,0.03621380558865154
1,174.0,-0.15626076653222343,2.050477934518304,-0.07285207752504022
1,175.0,-0.16201281768570863,2.0674347333666505,-0.18275447490113583
1,176.0,-0.16779695745673845,2.084210142249805,-0.2932699780898431
1,177.0,-0.17361186218288494,2.100795854512032,-0.4043732963435188
1,178.0,-0.17945618780210013,2.117183660116275,-0.5160387491462307
1,179.0,-0.1853285651897525,2.133365422589134,-0.6282401771201677
1,180.0,-0.1912275840567924,2.14933298766921,-0.7409506343736104
1,181.0,-0.19715181447423463,2.1650783165273064,-0.854142799761568
1,182.0,-0.20309979414838933,2.180593413440635,-0.9677887337581413
1,183.0,-0.20907004024026635,2.1958703992742565,-1.0818601042856772
1,184.0,-0.21506104014264374,2.210901461910253,-1.1963280104954976
1,185.0,-0.22107126175243805,2.2256789175005385,-1.3111631790384253
1,186.0,-0.2270991460737141,2.2401951748494993,-1.426335822733122
1,187.0,-0.23314311662854414,2.2544427867134673,-1.541815820376029
1,188.0,-0.23920157369910947,2.2684144262728263,-1.6575726067272514
1,189.0,-0.24527290225996368,2.2821029261941814,-1.7735753240694903
1,190.0,-0.25135546810453246,2.2955012664214807,-1.8897927481984516
1,191.0,-0.25744765231608,2.308602714373857,-2.0061939470473513
1,192.0,-0.26354779260071437,2.3214005820336574,-2.122747159757499
1,193.0,-0.26965421308811854,2.3338883616623534,-2.239420366070277
1,194.0,-0.2757652299987193,2.3460597504205243,-2.356181394607714
1,195.0,-0.2818791505445879,2.357908647439341,-2.472997901872397
1,196.0,-0.2879942745546095,2.3694291621334753,-2.589837403298995
1,197.0,-0.2941088961220612,2.3806156222127743,-2.7066673047339544
1,198.0,-0.3002213052667094,2.3914625813458392,-2.823454934192602
1,199.0,-0.30632978961034013,2.401964826471584,-2.9401675738729
1,200.0,-0.31243263984022696,2.4121173953268,-3.056772564543998
1,201.0,-0.3185281761915341,2.42191564385055,-3.1732378115360893
1,202.0,-0.3246146778220842,2.431355051712667,-3.289530435329198
1,203.0,-0.3306904391225588,2.4404313905935746,-3.4056178474521714
1,204.0,-0.3367537603341308,2.4491406955003105,-3.5214675712171175
1,205.0,-0.34280294922211607,2.457479269632896,-3.6370472736972674
1,206.0,-0.34883632273727805,2.4654436887820674,-3.752324797468937
1,207.0,-0.35485220866126044,2.4730308052480368,-3.8672681920502194
1,208.0,-0.3608489472326771,2.480237751271545,-3.9818457449701152
1,209.0,-0.3668248927504564,2.4870619419700843,-4.096026012403051
1,210.0,-0.37277842763782215,2.4935010942178883,-4.209778087884383
1,211.0,-0.37870795794863676,2.4995532074622178,-4.323071516451669
1,212.0,-0.38461187969549504,2.5052165297369444,-4.435875651287544
1,213.0,-0.39048861762383785,2.5104896127508667,-4.5481603945629185
1,214.0,-0.3963366179606375,2.515371298341665,-4.659896058888693
1,215.0,-0.40215434982458004,2.5198607184830957,-4.771053394259603
1,216.0,-0.40794030659328784,2.5239572947913502,-4.881603614177266
1,217.0,-0.413693007225053,2.5276607375358675,-4.991518420904062
1,218.0,-0.41941099753270816,2.53097104416144,-5.100770029802536
1,219.0,-0.4250928514074258,2.533888497329971,-5.209331192718095
1,220.0,-0.430737191939954,2.536413652082243,-5.317175601534949
1,221.0,-0.4363426548052362,2.538547333489289,-5.4242771885790635
1,222.0,-0.44190789922138674,2.540290651112734,-5.530610336007401
1,223.0,-0.4474316207828831,2.5416449872151374,-5.636150121007166
1,224.0,-0.4529125483850977,2.5426119932678115,-5.740872257033933
1,225.0,-0.45834944512335607,2.543193585431554,-5.844753110989626
1,226.0,-0.46374110913159944,2.543391939646002,-5.947769719246548
1,227.0,-0.4690863743598097,2.543209486345139,-6.049899802501362
1,228.0,-0.47438411128954494,2.542648904817366,-6.1511217794465765
1,229.0,-0.4796332285664696,2.5417131146447374,-6.251414797962723
1,230.0,-0.4848326918725155,2.5404052084901134,-6.350759095702017
1,231.0,-0.48998147579750023,2.5387285774963337,-6.44913508051649
1,232.0,-0.4950786008917089,2.5366868238152795,-6.546524038408487
1,233.0,-0.5001231268517037,2.534283766453268,-6.642908003334366
1,234.0,-0.5051141528729161,2.531523433956398,-6.738269763941339
1,235.0,-0.5100508179405083,2.528410056878416,-6.832592869124867
1,236.0,-0.5149323010591648,2.5249480600529774,-6.925861632419196
1,237.0,-0.5197578214226253,2.5211420546922474,-7.018061135236578
1,238.0,-0.5245266385239173,2.5169968303337567,-7.109177228973429
1,239.0,-0.529238056299078,2.5125173176668065,-7.19919661418296
1,240.0,-0.5338914227754561,2.5077085600125555,-7.288106833855404
1,241.0,-0.5384861122266632,2.502575849972965,-7.375895932459015
1,242.0,-0.5430215433672309,2.4971246020452034,-7.462552803578905
1,243.0,-0.5474971749501121,2.4913603681878858,-7.548067105800084
1,244.0,-0.5519125055574189,2.4852888293001594,-7.6324292587091485
1,245.0,-0.5562670733413185,2.478915786688971,-7.715630437943673
1,246.0,-0.5605604557168761,2.472247153543725,-7.797662569323477
1,247.0,-0.5647922690087065,2.465288946436902,-7.878518322099317
1,248.0,-0.5689621680533571,2.4580472768685313,-7.9581911013557605
1,249.0,-0.5730698493930263,2.4505282681436884,-8.036675109032426
1,250.0,-0.5771150429151163,2.4427381542606414,-8.113965184183892
1,251.0,-0.5810975131592874,2.4346832995671295,-8.190056827953118
1,252.0,-0.5850170625519432,2.4263701107568694,-8.264946265371611
1,253.0,-0.5888735295247758,2.4178050492186705,-8.338630409411124
1,254.0,-0.5926667878994937,2.4089946231435677,-8.411106849227872
1,255.0,-0.596396746242129,2.3999453797758297,-8.482373837825534
1,256.0,-0.6000633471890605,2.3906638978195973,-8.552430279177777
1,257.0,-0.6036665667468791,2.3811567800120095,-8.621275714851059
1,258.0,-0.6072064135682165,2.371430645872798,-8.688910310168145
1,259.0,-0.6106829272347664,2.3614919955271523,-8.755334821402382
1,260.0,-0.614096177210009,2.351347491421145,-8.820550575767808
1,261.0,-0.6174462641709332,2.341003764511695,-8.884559496863874
1,262.0,-0.6207333184379169,2.3304674346302323,-8.947364074675733
1,263.0,-0.6239574991605756,2.319745105663489,-9.008967350018528
1,264.0,-0.6271189934935931,2.308843359477167,-9.069372898790293
1,265.0,-0.6302180157619419,2.297768750061071,-9.12858481602213
1,266.0,-0.633254806617339,2.2865277978992986,-9.186607699760865
1,267.0,-0.6362296321877312,2.2751269845683364,-9.243446634818621
1,268.0,-0.6391427820289848,2.263572720566191,-9.299107153636431
1,269.0,-0.6419945650483239,2.2518712960394818,-9.353595158394855
1,270.0,-0.6447853187155081,2.2400290826402203,-9.406917097008673
1,271.0,-0.647515401552641,2.2280523605112057,-9.459079819632313
1,272.0,-0.650185193351511,2.215947347730053,-9.510090582812518
1,273.0,-0.652795094314315,2.2037201962507766,-9.559957033070447
1,274.0,-0.6553455241982741,2.1913769879311302,-9.608687190558163
1,275.0,-0.6578369214972053,2.1789237312712695,-9.656289433421211
1,276.0,-0.6602697427513382,2.166366360040777,-9.702772484611522
1,277.0,-0.662644461605593,2.1537107287911255,-9.748145393894267
1,278.0,-0.6649615616809584,2.140962535314128,-9.792417401643833
1,279.0,-0.667221543323405,2.1281274265554604,-9.835598067792876
1,280.0,-0.6694249269132565,2.11521102178252,-9.877697335063317
1,281.0,-0.671572245309437,2.1022188317049504,-9.918725384601272
1,282.0,-0.6736640446942265,2.089156276673922,-9.958692652117469
1,283.0,-0.67570088387937,2.076028685131463,-9.997609814629351
1,284.0,-0.6776833336118893,2.0628412918998897,-10.035487777197448
1,285.0,-0.6796119759481709,2.049599237069405,-10.072337660966294
1,286.0,-0.681487396554419,2.0363075051235513,-10.108170656051936
1,287.0,-0.6833101824177532,2.0229709278379433,-10.14299797780868
1,288.0,-0.6850809454735622,2.0095943754167735,-10.176831318268546
1,289.0,-0.68680030321438,1.996182590258264,-10.20968247564195
1,290.0,-0.688468881202568,1.9827402155095015,-10.241563402326637
1,291.0,-0.6900873125352336,1.9692717945659006,-10.27248619468407
1,292.0,-0.69165623734409,1.9557817707622422,-10.302463083483413
1,293.0,-0.693176281593271,1.9422743507754856,-10.33150602879893
1,294.0,-0.6946480821678754,1.9287536975854578,-10.359627199367893
1,295.0,-0.6960722953239463,1.9152239656956547,-10.386839134041304
1,296.0,-0.6974495795732095,1.9016891905679405,-10.413154414768709
1,297.0,-0.6987805980018648,1.8881533080695567,-10.438585710902498
1,298.0,-0.7000660168274717,1.8746201484531129,-10.463145751624836
1,299.0,-0.7013064638880608,1.8610932160093263,-10.486846532813868
1,300.0,-0.7025026070764565,1.847576145610804,-10.509700815660452
1,301.0,-0.7036551179843457,1.8340724736934568,-10.531721432028297
1,302.0,-0.704764670924699,1.8205856400220106,-10.552921265775712
1,303.0,-0.7058319420704893,1.8071189850339267,-10.573313236299416
1,304.0,-0.706857554112576,1.7936754961917225,-10.592909241132375
1,305.0,-0.7078421761987581,1.7802583080412284,-10.611722065443805
1,306.0,-0.7087864835448886,1.7668704788334821,-10.629764610343061
1,307.0,-0.7096911528721072,1.7535149744705816,-10.647049805700496
1,308.0,-0.7105568377525997,1.7401945676376085,-10.66359013908761
1,309.0,-0.7113841536303478,1.7269118051493095,-10.679397369573858
1,310.0,-0.7121737765630384,1.7136694047817176,-10.694484414353223
1,311.0,-0.7129263789475331,1.700469974593165,-10.708864120673606
1,312.0,-0.7136426153986357,1.6873159667385524,-10.722548996027443
1,313.0,-0.714323074496269,1.674209529431822,-10.735550286202157
1,314.0,-0.7149684222545681,1.6611530266112655,-10.747880716493164
1,315.0,-0.7155793240066811,1.6481487301466664,-10.759552999184496
1,316.0,-0.7161564085287637,1.6351987095206548,-10.77057914807872
1,317.0,-0.7167002491539824,1.6223048064313037,-10.78097011764891
1,318.0,-0.7172115065280132,1.6094690754924807,-10.790738530617238
1,319.0,-0.7176908376809502,1.5966934739086442,-10.799896940624231
1,320.0,-0.7181387942368627,1.5839795886134267,-10.808455887354965
1,321.0,-0.7185559850557021,1.5713291313912874,-10.816427004080161
1,322.0,-0.7189430593076598,1.55874384810896,-10.823822694263995
1,323.0,-0.7193006105909003,1.5462252658224465,-10.830654299575642
1,324.0,-0.7196291653539335,1.5337747063932685,-10.836931878679717
1,325.0,-0.7199293663299351,1.5213937209454678,-10.842667712050606
1,326.0,-0.7202018196889785,1.509083696774513,-10.847873381564494
1,327.0,-0.7204470091658145,1.4968457096986811,-10.852558129769376
1,328.0,-0.7206655592745752,1.4846810975527063,-10.856733889034842
1,329.0,-0.7208580703397994,1.4725910708856909,-10.860412129548532
1,330.0,-0.7210249968423916,1.4605765176072645,-10.863601534915588
1,331.0,-0.7211669499920578,1.448638584710394,-10.866313783302658
1,332.0,-0.7212845066695409,1.4367782832038396,-10.86855989696511
1,333.0,-0.7213780989710216,1.424996347319279,-10.870348131811117
1,334.0,-0.7214483369005058,1.4132937621321542,-10.871690142970454
1,335.0,-0.7214957450789488,1.4016713130292537,-10.872595954189284
1,336.0,-0.721520756927385,1.3901296313436313,-10.873073846689298
1,337.0,-0.7215239890808764,1.378669551175785,-10.873135602297502
1,338.0,-0.7215058600884552,1.367291599358776,-10.872789218081515
1,339.0,-0.7214668722291504,1.355996385446275,-10.872044290908265
1,340.0,-0.7214075951412111,1.344784532733236,-10.87091170465335
1,341.0,-0.721328378929226,1.3336564059029503,-10.869398148640737
1,342.0,-0.7212298044916978,1.3226125626475989,-10.867514721891695
1,343.0,-0.721112298528291,1.3116533677543576,-10.865269577205074
1,344.0,-0.7209762846352271,1.3007791679313152,-10.862670808083365
1,345.0,-0.7208223192657196,1.2899903544632647,-10.85972904648037
1,346.0,-0.720650707059673,1.2792871274081403,-10.856450113042502
1,347.0,-0.7204620268463385,1.2686698125335418,-10.852845067254556
1,348.0,-0.7202565967917579,1.2581385645185357,-10.848919988202047
1,349.0,-0.7200348978402284,1.2476935873221981,-10.844684065116752
1,350.0,-0.7197973754709558,1.237335022664016,-10.840145809611547
1,351.0,-0.7195443517799636,1.2270629625420189,-10.835311375860705
1,352.0,-0.7192763608446364,1.2168774993569973,-10.83019096829102
1,353.0,-0.7189936479714819,1.2067786665541287,-10.824789273886767
1,354.0,-0.7186967665971141,1.1967664800089346,-10.819116866964661
1,355.0,-0.7183859422117769,1.1868409356356082,-10.813178055886667
1,356.0,-0.7180617025138005,1.1770019712236182,-10.806982923197259
1,357.0,-0.7177242875270125,1.1672495465485648,-10.800536054946413
1,358.0,-0.717374169608403,1.157583536501496,-10.793846476291291
1,359.0,-0.7170116348934076,1.1480038482299992,-10.786919654319982
1,360.0,-0.7166370789682395,1.1385103199952922,-10.77976314735769
1,361.0,-0.7162508342731165,1.1291027925730828,-10.772383307221515
1,362.0,-0.7158532343606241,1.1197810819557645,-10.764786506982187
1,363.0,-0.7154446359541692,1.1105449641506415,-10.756979562427066
1,364.0,-0.7150253354304764,1.1013942324390595,-10.748968136320926
1,365.0,-0.7145956921752079,1.0923286087362627,-10.7407590953179
1,366.0,-0.714155985569676,1.083347856336951,-10.73235777745744
1,367.0,-0.7137065590090234,1.0744516604906955,-10.72377074386851
1,368.0,-0.7132476938337488,1.0656397393054464,-10.715003370024045
1,369.0,-0.7127796984685167,1.0569117677053752,-10.706061548884513
1,370.0,-0.7123028770199195,1.0482673923053818,-10.696951090906504
1,371.0,-0.7118174807891051,1.0397063170312182,-10.687676797611756
1,372.0,-0.7113238592385356,1.0312280790594763,-10.678245346055345
1,373.0,-0.7108221868318035,1.022832456171259,-10.668660069651136
1,374.0,-0.7103128648154966,1.014518855741035,-10.658928634875105
1,375.0,-0.7097960105449874,1.0062871150757506,-10.649053283994643
1,376.0,-0.7092720485996333,0.998136546711115,-10.639042129296659
1,377.0,-0.7087410614214232,0.9900670257420319,-10.628896745970934
1,378.0,-0.7082034757192103,0.9820777998916461,-10.618625286991904
1,379.0,-0.707659366893297,0.9741687407778136,-10.608229193006348
1,380.0,-0.7071091306009266,0.9663390944284509,-10.597716023696615
1,381.0,-0.7065528746227306,0.9585886509214482,-10.587087838388928
1,382.0,-0.7059909194426573,0.9509167571808632,-10.576350760456206
1,383.0,-0.7054234546662178,0.9433230017177706,-10.565508412623572
1,384.0,-0.7048506725171796,0.935806978297192,-10.554564467642244
1,385.0,-0.7042728757499934,0.9283679778890404,-10.543524710133928
1,386.0,-0.7036901463001224,0.9210058261025892,-10.5323907056104
1,387.0,-0.7031028478976027,0.9137196212209913,-10.521169403732205
1,388.0,-0.7025110254437417,0.9065092614673735,-10.509861662412673
1,389.0,-0.7019150240048061,0.899373843867186,-10.498474074710336
1,390.0,-0.7013149246407544,0.8923131517374908,-10.487008189409023
1,391.0,-0.7007109841830856,0.8853264821817982,-10.475468913696915
1,392.0,-0.7001033860629884,0.8784132988157808,-10.463859752328553
1,393.0,-0.699492242186576,0.8715732969674866,-10.452182843454272
1,394.0,-0.6988778502483399,0.8648055585856783,-10.44044387501694
1,395.0,-0.6982602471025899,0.8581099857476876,-10.42864355117875
1,396.0,-0.6976397423791713,0.8514855832335071,-10.416787787927134
1,397.0,-0.6970163850564399,0.8449321945762788,-10.404877521074134
1,398.0,-0.6963904192175916,0.8384490041731882,-10.392917414230633
1,399.0,-0.6957619805976938,0.8320355307494752,-10.380910060838332
1,400.0,-0.6951311777960646,0.8256914152066488,-10.368857535865807
1,401.0,-0.6944982593183191,0.8194157327995346,-10.356764587421546
1,402.0,-0.6938632570821759,0.8132083827579618,-10.34463182534605
1,403.0,-0.6932264378058741,0.8070683387135121,-10.332464345729937
1,404.0,-0.6925878397251327,0.8009954553940428,-10.320262879129498
1,405.0,-0.6919476737609943,0.7949888935331929,-10.308031455538147
1,406.0,-0.6913060535074187,0.7890481743130489,-10.29577224535531
1,407.0,-0.6906630714622937,0.7831729350523601,-10.283487015905255
1,408.0,-0.6900189393130415,0.777362243675284,-10.271179811824332
1,409.0,-0.6893736835086345,0.7716160017582532,-10.258851138463667
1,410.0,-0.6887275302482458,0.7659331834080025,-10.246505317730474
1,411.0,-0.68808051265884,0.7603136397534023,-10.234142982569887
1,412.0,-0.687432807563866,0.7547565446643598,-10.221767511484723
1,413.0,-0.6867845129612549,0.7492614129859045,-10.209380776886618
1,414.0,-0.6861357052695541,0.7438278941470612,-10.196984238877604
1,415.0,-0.6854865643061941,0.7384550613083363,-10.184581333165427
1,416.0,-0.684837111953649,0.7331428193789313,-10.172172477850744
1,417.0,-0.6841875384200581,0.7278901607798692,-10.159761307172882
1,418.0,-0.6835378725477904,0.7226969334837287,-10.147348372212734
1,419.0,-0.6828882613845851,0.7175623371511458,-10.134936482559203
1,420.0,-0.6822387889510038,0.7124858865831337,-10.122527243563296
1,421.0,-0.6815895179617313,0.707467247637016,-10.110121853492215
1,422.0,-0.6809406000486073,0.702505510628369,-10.097723209521636
1,423.0,-0.680292053233778,0.6976005847029594,-10.085331655994302
1,424.0,-0.6796440363025477,0.692751492108995,-10.072950226764597
1,425.0,-0.6789965741893205,0.6879580794615566,-10.060579398245325
1,426.0,-0.6783497882627563,0.6832195801635725,-10.048221489384332
1,427.0,-0.6777037499939575,0.678535514269058,-10.035877865754586
1,428.0,-0.6770585104800766,0.6739055666868053,-10.023549503651209
1,429.0,-0.6764141965508308,0.6693288536115518,-10.011238826364549
1,430.0,-0.6757708229721926,0.6648052889391484,-9.99894611602279
1,431.0,-0.6751285212079208,0.6603339327838263,-9.986673884457254
1,432.0,-0.6744873126380707,0.6559146318497808,-9.974422540169064
1,433.0,-0.6738472965791595,0.651546658440352,-9.962193980763626
1,434.0,-0.6732085332781927,0.6472295419058436,-9.949989357359053
1,435.0,-0.6725710640236703,0.6429629876331381,-9.937809458840047
1,436.0,-0.6719349939053598,0.6387461438721157,-9.925656293119458
1,437.0,-0.6713003349472362,0.6345789294995883,-9.913530089935096
1,438.0,-0.6706671949457651,0.6304604477985242,-9.901432908915725
1,439.0,-0.6700355920558019,0.6263905467122314,-9.88936509693972
1,440.0,-0.6694056067313229,0.6223685404522816,-9.87732819121261
1,441.0,-0.6687772892139556,0.6183939706764584,-9.865323151683329
1,442.0,-0.6681506725429708,0.6144665637920443,-9.853350609621469
1,443.0,-0.6675258428190086,0.6105855042513063,-9.841412210121375
1,444.0,-0.666902809759777,0.6067507159429889,-9.829508138855836
1,445.0,-0.6662816607301485,0.6029613484942811,-9.817640065074427
1,446.0,-0.6656624109640564,0.5992172519894847,-9.805808279846495
1,447.0,-0.6650451248422878,0.5955177839266552,-9.794014013272863
1,448.0,-0.664429843713335,0.5918625004409535,-9.782258055384483
1,449.0,-0.6638165937051358,0.5882511488631252,-9.770540905398573
1,450.0,-0.6632054443852827,0.5846829523991718,-9.758863892518407
1,451.0,-0.662596403533173,0.5811578398435133,-9.747227165382158
1,452.0,-0.6619895409324159,0.5776750087124501,-9.73563205732046
1,453.0,-0.6613848691757716,0.5742343119269336,-9.724078808938698
1,454.0,-0.6607824389987119,0.5708351504370776,-9.712568389621502
1,455.0,-0.6601822838654704,0.5674770963462324,-9.701101438758096
1,456.0,-0.6595844241357531,0.5641599173625247,-9.689678345354151
1,457.0,-0.6589889150259811,0.5608828767578776,-9.678300164410192
1,458.0,-0.6583957626870727,0.5576459080357764,-9.666967013449637
1,459.0,-0.6578050218214391,0.5544482569168235,-9.655679937652017
1,460.0,-0.6572167026367389,0.5512897796839225,-9.64443913205144
1,461.0,-0.6566308443279412,0.5481699200223981,-9.633245345532252
1,462.0,-0.6560474733855814,0.5450882669519584,-9.622099084239698
1,463.0,-0.6554666053742981,0.5420446077086244,-9.611000645561793
1,464.0,-0.6548882830895161,0.5390382459943762,-9.599950847175512
1,465.0,-0.6543125113139219,0.5360691197735025,-9.588949780461956
1,466.0,-0.6537393318542158,0.5331365223656448,-9.577998244206883
1,467.0,-0.6531687527652504,0.5302403138778466,-9.567096392311498
1,468.0,-0.6526008035296467,0.5273799793128711,-9.556244788089769
1,469.0,-0.6520355044979136,0.5245551246547377,-9.545443820371636
1,470.0,-0.6514728672020949,0.5217655570509295,-9.534693709495759
1,471.0,-0.6509129238108048,0.5190106182820075,-9.523995070096419
1,472.0,-0.6503556778801122,0.5162902521237845,-9.513347970118163
1,473.0,-0.6498011602457285,0.513603797966454,-9.502752998727976
1,474.0,-0.6492493771565571,0.5109511162525006,-9.492210275321423
1,475.0,-0.6487003495603202,0.5083317414334122,-9.481720200139195
1,476.0,-0.6481540928965448,0.5057452840092248,-9.471283068178852
1,477.0,-0.6476106149301932,0.5031915810524187,-9.460899027802762
1,478.0,-0.647069938990617,0.5006700038102913,-9.450568524756559
1,479.0,-0.6465320675227653,0.49818050293316085,-9.440291605755014
1,480.0,-0.6459970218616693,0.4957224688483859,-9.43006867843899
1,481.0,-0.6454648070345523,0.49329574633953577,-9.419899838861859
1,482.0,-0.6449354362744539,0.49089994357313244,-9.409785339862596
1,483.0,-0.644408921220433,0.4885346491281891,-9.399725403824572
1,484.0,-0.6438852662607455,0.48619974448855824,-9.389720114592633
1,485.0,-0.6433644871746897,0.4838946241808884,-9.379769773656221
1,486.0,-0.6428465856089063,0.48161923940276974,-9.369874412477115
1,487.0,-0.6423315746217776,0.47937304707330025,-9.360034280557183
1,488.0,-0.6418194583334811,0.47715584651227566,-9.3502494566192
1,489.0,-0.6413102434260717,0.4749673603120696,-9.340520068334804
1,490.0,-0.6408039381187931,0.47280711819477417,-9.330846272746175
1,491.0,-0.6403005443113,0.4706750557808792,-9.321228106149336
1,492.0,-0.6398000709728153,0.4685705980063388,-9.31166573991604
1,493.0,-0.6393025192792362,0.46649367386832463,-9.302159196513735
1,494.0,-0.6388078953558075,0.4644438412502811,-9.292708592975298
1,495.0,-0.6383162019564766,0.4624208198217444,-9.28331398191943
1,496.0,-0.6378274414894812,0.46042445916777036,-9.273975409359464
1,497.0,-0.6373416178865313,0.458454232529068,-9.264692950417189
1,498.0,-0.6368587318200366,0.4565101095428438,-9.255466617940098
1,499.0,-0.636378786175985,0.4545915788605464,-9.246296467069737
1,500.0,-0.6359017813756356,0.4526984958884123,-9.237182505854959
1,501.0,-0.6354277188506164,0.45083058454634756,-9.228124761649362
1,502.0,-0.6349565985278802,0.44898744444096617,-9.219123233057267
1,503.0,-0.6344884210105004,0.4471690198582266,-9.210177931601372
1,504.0,-0.6340231852536523,0.4453747924964115,-9.201288837318595
1,505.0,-0.6335608911503433,0.44360469877895076,-9.19245594816466
1,506.0,-0.6331015373776608,0.44185836461788786,-9.183679238863151
1,507.0,-0.6326451218987315,0.44013551153612296,-9.174958670496247
1,508.0,-0.6321916446379684,0.4384360386135613,-9.16629424161974
1,509.0,-0.631741100980036,0.4367594552416618,-9.157685864050052
1,510.0,-0.6312934908947794,0.43510573399060615,-9.149133537211023
1,511.0,-0.6308488097195825,0.4334744554770495,-9.140637172015703
1,512.0,-0.6304070546121462,0.4318654213088621,-9.132196714157296
1,513.0,-0.6299682242726686,0.43027849264618434,-9.12381213880095
1,514.0,-0.6295323112312967,0.42871321955259084,-9.11548330322284
1,515.0,-0.6290993155668498,0.4271695868616434,-9.107210208928931
1,516.0,-0.6286692293886199,0.42564716231748506,-9.098992705154272
1,517.0,-0.6282420495442953,0.42414579712682104,-9.090830731668767
1,518.0,-0.6278177732496638,0.4226653277158417,-9.082724235275457
1,519.0,-0.6273963908193632,0.42120534331220433,-9.074673030919577
1,520.0,-0.6269779023319529,0.41976583161303643,-9.066677120102122
1,521.0,-0.6265622970650024,0.4183463658065395,-9.058736297953438
1,522.0,-0.626149571720179,0.41694682683051654,-9.050850501453438
1,523.0,-0.625739721871252,0.41556703529045663,-9.043019646031711
1,524.0,-0.6253327362151834,0.4142066168605797,-9.035243515725128
1,525.0,-0.6249286147052299,0.4128655586266724,-9.027522109640584
1,526.0,-0.62452734428046,0.41154344963817263,-9.019855178227496
1,527.0,-0.6241289210920701,0.41024017774621013,-9.012242647948144
1,528.0,-0.6237333400904415,0.40895558069144344,-9.004684422321263
1,529.0,-0.6233405877996044,0.40768929144462773,-8.997180243866278
1,530.0,-0.622950664273171,0.4064413032453057,-8.989730113607544
1,531.0,-0.622563554725606,0.40521122966097123,-8.982333749043088
1,532.0,-0.6221792541527087,0.4039989481360318,-8.974991054559432
1,533.0,-0.6217977579107394,0.40280433295264495,-8.967701941430283
1,534.0,-0.6214190498723946,0.4016270094281142,-8.96046610151699
1,535.0,-0.6210431302202896,0.4004669764091514,-8.953283538308714
1,536.0,-0.620669983402403,0.39932388488345455,-8.946153954658518
1,537.0,-0.6202996024370178,0.39819758661846716,-8.939077217169206
1,538.0,-0.6199319837144578,0.39708799665952604,-8.93205325687198
1,539.0,-0.61956710862743,0.3959947365166757,-8.925081718243908
1,540.0,-0.6192049768643364,0.39491779736259014,-8.918162595331399
1,541.0,-0.6188455738211929,0.3938568905793325,-8.91129560910131
1,542.0,-0.6184888890619837,0.3928118204271498,-8.904480560156406
1,543.0,-0.618134920710752,0.39178254596178014,-8.897717412653439
1,544.0,-0.6177836482815353,0.3907686961808279,-8.891005775174408
1,545.0,-0.6174350693832592,0.3897702285967152,-8.884345602033898
1,546.0,-0.617089173421944,0.38878695364923216,-8.877736690816512
1,547.0,-0.6167459441969679,0.3878185992142571,-8.871178731982722
1,548.0,-0.6164053816754312,0.3868651608910947,-8.864671724903925
1,549.0,-0.616067465525695,0.3859263064005773,-8.858215281110725
1,550.0,-0.6157321889817848,0.38500192905466607,-8.851809271328044
1,551.0,-0.6153995473812295,0.38409195034076443,-8.845453606471706
1,552.0,-0.6150695185024014,0.38319603085607995,-8.839147861960972
1,553.0,-0.6147421021371241,0.38231416606647306,-8.832892033818286
1,554.0,-0.6144172824502131,0.3814461188062555,-8.826685819486404
1,555.0,-0.6140950456460365,0.38059169037277196,-8.820528955377092
1,556.0,-0.6137753909499065,0.37975086638377287,-8.814421426688666
1,557.0,-0.6134582952210282,0.3789233220260546,-8.808362791278176
1,558.0,-0.6131437528766789,0.3781089811713969,-8.802352942478528
1,559.0,-0.6128317580796964,0.3773077602503597,-8.796391768761136
1,560.0,-0.6125222871992907,0.3765193458335767,-8.790478818620896
1,561.0,-0.612215340451313,0.3757437395614668,-8.784614096181997
1,562.0,-0.6119109009531469,0.3749807212035755,-8.77879727887429
1,563.0,-0.6116089537914269,0.37423010246794536,-8.77302808175339
1,564.0,-0.6113094986393692,0.3734918768127993,-8.767306498575568
1,565.0,-0.6110125113831176,0.37276574653726774,-8.76163206860593
1,566.0,-0.6107179849967544,0.3720516269773065,-8.756004657602777
1,567.0,-0.610425915229479,0.371349464105135,-8.750424184347562
1,568.0,-0.6101362762308492,0.37065895377366875,-8.744890154925077
1,569.0,-0.6098490666610178,0.3699800802162373,-8.739402543735336
1,570.0,-0.6095642742217064,0.3693126996582934,-8.733961115799508
1,571.0,-0.6092818780300935,0.3686565772258696,-8.728565472116934
1,572.0,-0.609001878982751,0.3680117215019097,-8.7232156298181
1,573.0,-0.6087242556960303,0.3673778960175878,-8.71791118033323
1,574.0,-0.6084489955751443,0.3667549646495634,-8.712651883018207
1,575.0,-0.6081760978911429,0.366142917646451,-8.707437723945239
1,576.0,-0.607905536374416,0.3655414767711062,-8.702268201190213
1,577.0,-0.6076373044746006,0.3649505739825997,-8.697143189597684
1,578.0,-0.6073713982615732,0.3643701664203498,-8.692062614076164
1,579.0,-0.6071077901499112,0.36379997335355047,-8.687025947560796
1,580.0,-0.6068464776725745,0.3632399701705912,-8.682033142914719
1,581.0,-0.6065874524799937,0.36269007115026425,-8.67708404060568
1,582.0,-0.606330688584381,0.3621500219347418,-8.672178144094245
1,583.0,-0.6060761869550181,0.36161983131090625,-8.667315471900144
1,584.0,-0.6058239309180115,0.3610993376695804,-8.662495705441213
1,585.0,-0.6055739013764333,0.360588360391162,-8.65771847983924
1,586.0,-0.6053260993571921,0.36008690809894456,-8.652983814715004
1,587.0,-0.6050805023791878,0.3595947713501667,-8.648291280530106
1,588.0,-0.6048370968009543,0.35911182535849606,-8.643640616641909
1,589.0,-0.6045958829062117,0.3586380714665267,-8.639031828471351
1,590.0,-0.6043568345179716,0.3581732742139078,-8.634464415864013
1,591.0,-0.6041199421216024,0.35771734936323757,-8.629938197027212
1,592.0,-0.6038852047867891,0.35727028737426003,-8.62545315418575
1,593.0,-0.6036525942324868,0.35683184212152236,-8.621008746983756
1,594.0,-0.6034221039775124,0.3564019580313719,-8.616604851587557
1,595.0,-0.6031937316681723,0.3559806136097663,-8.612241423025976
1,596.0,-0.6029674480324004,0.355567562037005,-8.607917902008046
1,597.0,-0.602743248745377,0.3551627673719919,-8.60363420590097
1,598.0,-0.6025211300536997,0.3547661971065501,-8.599390262989825
1,599.0,-0.6023010623829491,0.3543776093653255,-8.595185508206686
1,600.0,-0.6020830428779863,0.35399698113372263,-8.591019886999435
1,601.0,-0.6018670666072601,0.3536242713345939,-8.586893305142668
1,602.0,-0.6016531040261568,0.3532592453613684,-8.58280519813796
1,603.0,-0.6014411532202603,0.3529018882320355,-8.578755529407225
1,604.0,-0.60123120845766,0.3525521537608587,-8.574744189432904
1,605.0,-0.6010232402802037,0.352209814608032,-8.570770615368541
1,606.0,-0.6008172473036562,0.35187486024483006,-8.566834780766046
1,607.0,-0.6006132234817018,0.3515472433768192,-8.562936570100614
1,608.0,-0.6004111393177998,0.3512267425611706,-8.559075419792325
1,609.0,-0.6002109936198845,0.35091334897476484,-8.555251307064804
1,610.0,-0.6000127805669074,0.3506070182918446,-8.551464120697341
1,611.0,-0.5998164704243971,0.350307533159449,-8.547713292563964
1,612.0,-0.5996220618746486,0.3500148840755093,-8.543998797487747
1,613.0,-0.5994295498545239,0.349729033389369,-8.540320538729114
1,614.0,-0.5992389042369555,0.34944976649678744,-8.536677940660889
1,615.0,-0.5990501232222158,0.34917707074045434,-8.53307096889632
1,616.0,-0.5988632029636163,0.34891091804467067,-8.529499549938093
1,617.0,-0.5986781129639597,0.34865109655546356,-8.525963101087093
1,618.0,-0.5984948504813884,0.34839758745102806,-8.522461569955635
1,619.0,-0.5983134131967358,0.34815037390119097,-8.518994912232218
1,620.0,-0.598133770587269,0.3479092489975934,-8.515562544729828
1,621.0,-0.5979559183335799,0.3476741837833441,-8.512164384919075
1,622.0,-0.5977798557278843,0.34744517270451913,-8.508800419276573
1,623.0,-0.5976055530463876,0.3472220190132143,-8.505470079880345
1,624.0,-0.5974330035034184,0.34700467827028103,-8.50217323707898
1,625.0,-0.597262207773092,0.3467931541907676,-8.498909903752557
1,626.0,-0.5970931384055921,0.3465872692226332,-8.495679555427184
1,627.0,-0.5969257849224655,0.3463869563177947,-8.492481991894788
1,628.0,-0.5967601487442474,0.34619222402879885,-8.489317240297032
1,629.0,-0.5965962070044116,0.34600292763153917,-8.486184863731319
1,630.0,-0.5964339438763729,0.34581896817283325,-8.483084559804707
1,631.0,-0.596273360386357,0.3456403518130416,-8.480016348124941
1,632.0,-0.5961144415917544,0.34546698563650374,-8.476979943188875
1,633.0,-0.5959571641359118,0.34529872694150143,-8.47397489872924
1,634.0,-0.5958015280188292,0.34513557572803477,-8.471001214746034
1,635.0,-0.5956475274440879,0.3449774960796913,-8.468058780489148
1,636.0,-0.5954951320721315,0.34482430665533786,-8.46514701627146
1,637.0,-0.5953443407829008,0.3446760008334754,-8.462265900692396
1,638.0,-0.5951951524678133,0.3445325713503288,-8.45941541257066
1,639.0,-0.5950475367559186,0.34439384038416737,-8.456594971619303
1,640.0,-0.5949014879047207,0.3442597746325319,-8.45380446811849
1,641.0,-0.5947570072861909,0.34413038153231085,-8.451043928281983
1,642.0,-0.5946140700421563,0.3440055183939469,-8.448312877153514
1,643.0,-0.5944726624873561,0.34388510748909124,-8.445611053253666
1,644.0,-0.5943327853107652,0.34376915259527274,-8.442938469746439
1,645.0,-0.5941944266385742,0.34365758634787213,-8.440294899763172
1,646.0,-0.5940575605508761,0.34355026467853017,-8.437679848061416
1,647.0,-0.5939221870476707,0.34344718758724674,-8.435093314641168
1,648.0,-0.5937883041594606,0.3433483435499011,-8.432535261871937
1,649.0,-0.5936558810835387,0.3432535646400359,-8.430005101217347
1,650.0,-0.5935249135698533,0.34316282789962665,-8.427502751473172
1,651.0,-0.5933954031641159,0.3430761412286949,-8.425028242172766
1,652.0,-0.5932673260779069,0.34299337726915957,-8.422581118799261
1,653.0,-0.5931406676295699,0.3429144582412525,-8.420161100835452
1,654.0,-0.5930154278191048,0.3428393841449737,-8.417768188281343
1,655.0,-0.5928916005518668,0.34276812224962233,-8.415402264688725
1,656.0,-0.5927691557499928,0.3427005164282877,-8.41306275537055
1,657.0,-0.592648092774587,0.34263656339803106,-8.410749648119667
1,658.0,-0.5925284125543773,0.34257626742315145,-8.408462960680946
1,659.0,-0.5924100875398297,0.3425194879835742,-8.406202166675238
1,660.0,-0.5922931076680635,0.34246617422084874,-8.403967073834648
1,661.0,-0.5921774731559019,0.34241632719733905,-8.401757686301943
1,662.0,-0.5920631756816033,0.3423699045503846,-8.399573845076569
1,663.0,-0.591950186808577,0.34232676542389523,-8.397415006830691
1,664.0,-0.5918385065368232,0.342286909817871,-8.395281171564305
1,665.0,-0.5917281359043425,0.34225034234246254,-8.393172359110126
1,666.0,-0.5916190476016954,0.3422169299505879,-8.391088047676396
1,667.0,-0.5915112315151804,0.3421866238145878,-8.389028044024213
1,668.0,-0.5914046876447975,0.3421594239344624,-8.386992348153582
1,669.0,-0.5912994105043888,0.34213530336819736,-8.38498085524243
1,670.0,-0.5911953700696086,0.34211411992516544,-8.382992991626258
1,671.0,-0.591092565636127,0.3420958703015534,-8.381028743847676
1,672.0,-0.5909909989636929,0.342080562394288,-8.379088145529582
1,673.0,-0.5908906474315105,0.3420680906727664,-8.377170764464482
1,674.0,-0.590791495869808,0.342058385101033,-8.37527631080892
1,675.0,-0.590693544278585,0.3420514456790878,-8.373404784562899
1,676.0,-0.5905967917883916,0.3420472678690204,-8.371556169114145
1,677.0,-0.5905012083751962,0.3420457154665067,-8.369729890804152
1,678.0,-0.5904067890991708,0.34204676625195324,-8.367925855249387
1,679.0,-0.5903135341868255,0.342050421215395,-8.366144066777702
1,680.0,-0.5902214360827016,0.34205664600095176,-8.364384381029621
1,681.0,-0.5901304664932437,0.34206531566366155,-8.36264625741024
1,682.0,-0.5900406254184518,0.3420764302035244,-8.360929695919568
1,683.0,-0.5899519147071859,0.34208999741650475,-8.359234731883104
1,684.0,-0.5898643141128848,0.3421059290538526,-8.357560978456998
1,685.0,-0.5897778066344936,0.342124151853242,-8.355908110808146
1,686.0,-0.5896923922720124,0.34214466581467284,-8.354276128936538
1,687.0,-0.5896080722967296,0.34216747592741603,-8.352665057132242
1,688.0,-0.589524819936224,0.3421924686397383,-8.351074383864107
1,689.0,-0.5894426255295759,0.34221960334230894,-8.349503924544381
1,690.0,-0.5893614890767854,0.342248880035128,-8.347953679173061
1,691.0,-0.5892814102182123,0.34228029669492566,-8.346423640878637
1,692.0,-0.589202359563486,0.3423137318263305,-8.344913248109735
1,693.0,-0.5891243319500628,0.3423491642692075,-8.343422402227471
1,694.0,-0.5890473273779426,0.3423865940235565,-8.341951103231844
1,695.0,-0.5889713437287151,0.342426011895673,-8.340499310647136
1,696.0,-0.5888963510859537,0.3424672972970249,-8.33906645287082
1,697.0,-0.5888223468341309,0.34251043977597273,-8.337652479928938
1,698.0,-0.5887493309732463,0.3425554393325165,-8.336257391821484
1,699.0,-0.5886773001782718,0.3426022821608272,-8.334881125018324
1,700.0,-0.5886062247710282,0.3426508515791255,-8.333523112469042
1,701.0,-0.5885361033791122,0.34270114223993053,-8.33218332795161
1,702.0,-0.5884669360025239,0.34275315414324237,-8.330861771466031
1,703.0,-0.5883987190707886,0.34280687284403427,-8.329558374792512
1,704.0,-0.5883314231215777,0.3428621853196533,-8.328272575004817
1,705.0,-0.5882650470993235,0.34291908755745504,-8.327004351934578
1,706.0,-0.5881995910040261,0.3429775795574394,-8.325753705581809
1,707.0,-0.5881350520912163,0.34303765035042627,-8.324520583508903
1,708.0,-0.5880714009005047,0.34309918961604713,-8.323304422826673
1,709.0,-0.5880086358480069,0.34316219147620886,-8.322105193272401
1,710.0,-0.5879467569337227,0.3432266559309114,-8.320922894846083
1,711.0,-0.5878857630933285,0.34329257850671774,-8.319757507212069
1,712.0,-0.587825625116932,0.34335985239008326,-8.318608472267321
1,713.0,-0.5877663398019607,0.343428465972937,-8.31747572882143
1,714.0,-0.5877079071484141,0.3434984192552791,-8.316359276874385
1,715.0,-0.5876503280496319,0.3435697149831528,-8.315259133494909
1,716.0,-0.5875935749738253,0.34364225480888183,-8.314174772642893
1,717.0,-0.5875376414068703,0.34371601567345395,-8.313106069855293
1,718.0,-0.5874825273487669,0.3437909975768692,-8.312053025132107
1,719.0,-0.5874282349584066,0.3438672077548617,-8.311015679722502
1,720.0,-0.5873747417734515,0.3439445677458991,-8.309993604446571
1,721.0,-0.5873220352812099,0.34402303431328707,-8.308986560228767
1,722.0,-0.5872701154816814,0.3441026074570256,-8.307994547069075
1,723.0,-0.5872189837076155,0.3441832916109323,-8.307017590431872
1,724.0,-0.5871686287792888,0.34426504828578364,-8.306055476710153
1,725.0,-0.5871190280761472,0.34434780123825853,-8.305107773701028
1,726.0,-0.5870701815981908,0.34443155046835694,-8.304174481404496
1,727.0,-0.5870220893454196,0.3445162959760789,-8.303255599820565
1,728.0,-0.5869747510301309,0.344602036269555,-8.302351123452198
1,729.0,-0.5869281382881655,0.3446886779448295,-8.301460510355485
1,730.0,-0.5868822476646195,0.34477620973027223,-8.300583694518798
1,731.0,-0.5868370791594931,0.3448646316258832,-8.299720675942151
1,732.0,-0.5867926351038041,0.3449539508862449,-8.298871499163466
1,733.0,-0.5867488960210308,0.34504410466330576,-8.29803579205177
1,734.0,-0.5867058473228083,0.3451350464837359,-8.297213275872352
1,735.0,-0.5866634890091366,0.3452267763475353,-8.296403950625217
1,736.0,-0.5866218210800156,0.3453192942547039,-8.295607816310365
1,737.0,-0.586580842692293,0.3454125969864695,-8.294824856817973
1,738.0,-0.5865405255952696,0.3455065967098827,-8.294054532371987
1,739.0,-0.5865008675339509,0.3456012864817932,-8.293296799887015
1,740.0,-0.5864618685083371,0.34569666630220103,-8.292551659363065
1,741.0,-0.5864235306795446,0.34579274255172926,-8.291819152091819
1,742.0,-0.586385838530024,0.3458894677985961,-8.291098981584982
1,743.0,-0.5863487744645058,0.34598678914417935,-8.290390811655984
1,744.0,-0.5863123384829901,0.34608470658847895,-8.289694642304829
1,745.0,-0.5862765305854767,0.346183220131495,-8.289010473531517
1,746.0,-0.5862413527786315,0.34628233527580526,-8.288338343676696
1,747.0,-0.5862067801992897,0.34638197893608824,-8.28767777768871
1,748.0,-0.5861728051615223,0.3464821287655123,-8.28702862871525
1,749.0,-0.5861394276653289,0.3465827847640775,-8.286390896756304
1,750.0,-0.5861066477107097,0.3466839469317837,-8.285764581811879
1,751.0,-0.5860744653075952,0.34678561472483665,-8.285149684071708
1,752.0,-0.5860428529356344,0.3468877100826713,-8.284545677714233
1,753.0,-0.5860118079842324,0.34699022567737,-8.283952512859736
1,754.0,-0.585981330453389,0.3470931615089328,-8.283370189508222
1,755.0,-0.5859514203431043,0.3471965175773598,-8.282798707659683
1,756.0,-0.5859220758498751,0.3473002882291304,-8.282238032855233
1,757.0,-0.5858932694840334,0.34740439822925867,-8.281687639859548
1,758.0,-0.5858650008513011,0.3475088465104231,-8.281147521139303
1,759.0,-0.5858372699516784,0.34761363307262366,-8.28061767669449
1,760.0,-0.5858100769257881,0.3477187582830233,-8.280098109211954
1,761.0,-0.5857834191459237,0.34782421444703354,-8.279588768485029
1,762.0,-0.5857572698574558,0.34792993089400615,-8.279089143322523
1,763.0,-0.5857316290603845,0.34803590762394115,-8.278599233724437
1,764.0,-0.5857064967547099,0.34814214463683857,-8.278119039690775
1,765.0,-0.5856818729404318,0.34824864193269833,-8.277648561221532
1,766.0,-0.5856577567419928,0.3483553965886777,-8.277187781587738
1,767.0,-0.5856341209858829,0.34846233932255233,-8.276736181594806
1,768.0,-0.5856109649373781,0.3485694682826543,-8.276293747204614
1,769.0,-0.5855882885964785,0.34867678346898356,-8.27586047841717
1,770.0,-0.5855660919631841,0.3487842848815402,-8.275436375232474
1,771.0,-0.5855443765147696,0.34889197562985164,-8.27502146587629
1,772.0,-0.5855231162417006,0.34899979167226874,-8.274615253393677
1,773.0,-0.5855023073625639,0.3491077238115551,-8.274217665534525
1,774.0,-0.5854819498773596,0.34921577204771065,-8.273828702298841
1,775.0,-0.5854620437860877,0.34932393638073533,-8.273448363686612
1,776.0,-0.5854425920532856,0.3494322235261978,-8.27307670634021
1,777.0,-0.5854235748231774,0.34954058618987427,-8.272713350882379
1,778.0,-0.5854049811556521,0.3496489987371608,-8.272358088284307
1,779.0,-0.5853868110507099,0.34975746116805745,-8.272010918545993
1,780.0,-0.5853690645083507,0.3498659734825641,-8.271671841667438
1,781.0,-0.5853517418748918,0.34997453644946214,-8.271340864265603
1,782.0,-0.5853348409729897,0.3500831444024156,-8.271017944738762
1,783.0,-0.5853183362968436,0.35019173993351516,-8.270702595756635
1,784.0,-0.5853022278464534,0.35030032304276076,-8.270394817319229
1,785.0,-0.5852865156218191,0.35040889373015244,-8.270094609426542
1,786.0,-0.5852711996229407,0.35051745199569023,-8.269801972078573
1,787.0,-0.5852562830015202,0.35062600435527047,-8.269516965493771
1,788.0,-0.5852417469540525,0.3507345098047492,-8.269239230400247
1,789.0,-0.5852275803022144,0.3508429444297677,-8.26896855321775
1,790.0,-0.5852137830460059,0.350951308230326,-8.26870493394628
1,791.0,-0.585200355185427,0.35105960120642415,-8.268448372585844
1,792.0,-0.5851872967204778,0.3511678233580621,-8.268198869136432
1,793.0,-0.585174610276995,0.3512759795570885,-8.267956473768987
1,794.0,-0.5851622715630833,0.3513840198358657,-8.267720722346885
1,795.0,-0.5851502759335094,0.3514919347893711,-8.26749152611531
1,796.0,-0.5851386233882733,0.3515997244176047,-8.267268885074255
1,797.0,-0.5851273139273748,0.35170738872056645,-8.267052799223732
1,798.0,-0.5851163475508142,0.35181492769825645,-8.266843268563731
1,799.0,-0.5851057263975373,0.35192234487663715,-8.26664033396234
1,800.0,-0.5850954251940724,0.3520295911882865,-8.266443512528307
1,801.0,-0.5850854412945556,0.35213666157915224,-8.266252753708057
1,802.0,-0.5850757746989868,0.3522435560492344,-8.266068057501586
1,803.0,-0.585066425407366,0.35235027459853296,-8.265889423908892
1,804.0,-0.5850573934196931,0.3524568172270479,-8.265716852929978
1,805.0,-0.585048681666297,0.3525631887200904,-8.265550400553597
1,806.0,-0.5850402660412437,0.3526693449171158,-8.265389606196226
1,807.0,-0.5850321424826146,0.35277527851212015,-8.265234392248239
1,808.0,-0.5850243109904095,0.3528809895051034,-8.265084758709625
1,809.0,-0.5850167715646285,0.3529864778960656,-8.264940705580392
1,810.0,-0.5850095242052716,0.3530917436850066,-8.264802232860536
1,811.0,-0.5850025725748808,0.3531967927923836,-8.264669410528947
1,812.0,-0.5849958986959679,0.35330159404660316,-8.264541895096148
1,813.0,-0.5849894922006518,0.353406129947523,-8.26441948846672
1,814.0,-0.5849833530889322,0.3535104004951431,-8.264302190640647
1,815.0,-0.5849774813608093,0.3536144056894634,-8.264190001617946
1,816.0,-0.584971877016283,0.353718145530484,-8.264082921398604
1,817.0,-0.5849665400553532,0.3538216200182047,-8.263980949982631
1,818.0,-0.5849614722619912,0.353924831105893,-8.263884121455721
1,819.0,-0.5849566478937642,0.35402773828664924,-8.263791943966368
1,820.0,-0.5849520667926829,0.35413034131687676,-8.263704414495917
1,821.0,-0.5849477289587472,0.3542326401965756,-8.263621533044375
1,822.0,-0.5849436343919574,0.3543346349257456,-8.263543299611742
1,823.0,-0.5849397830923133,0.3544363255043869,-8.263469714198017
1,824.0,-0.5849361778339143,0.3545377157851059,-8.263400829806928
1,825.0,-0.5849328092569841,0.3546387914414074,-8.263336467604562
1,826.0,-0.5849296604086868,0.35473952813885945,-8.263276303679097
1,827.0,-0.5849267312890222,0.35483992587746205,-8.263220338030541
1,828.0,-0.5849240218979902,0.35493998465721516,-8.263168570658886
1,829.0,-0.584921532235591,0.35503970447811883,-8.263121001564137
1,830.0,-0.5849192623018244,0.3551390853401731,-8.263077630746288
1,831.0,-0.5849172148873842,0.3552381307251319,-8.263038511526135
1,832.0,-0.5849153814450323,0.3553368286366014,-8.263003480594637
1,833.0,-0.5849137447823513,0.35543515681878013,-8.262972209462383
1,834.0,-0.5849123048993412,0.35553311527166814,-8.262944698129383
1,835.0,-0.584911061796002,0.3556307039952655,-8.26292094659562
1,836.0,-0.5849100154723339,0.35572792298957207,-8.26290095486111
1,837.0,-0.5849091659283366,0.355824772254588,-8.26288472292584
1,838.0,-0.5849085131640104,0.3559212517903131,-8.262872250789822
1,839.0,-0.5849080609313878,0.3560173650064969,-8.262863610141803
1,840.0,-0.5849077841762277,0.356113082996848,-8.262858322279305
1,841.0,-0.5849076818533807,0.3562084045930775,-8.262856367233033
1,842.0,-0.5849077539628469,0.35630332979518536,-8.262857745002979
1,843.0,-0.5849080005046262,0.3563978586031715,-8.262862455589143
1,844.0,-0.5849084214787186,0.356491991017036,-8.262870498991534
1,845.0,-0.5849090168851242,0.3565857270367789,-8.262881875210143
1,846.0,-0.5849097898736773,0.3566790695844281,-8.262896644427745
1,847.0,-0.5849107322765628,0.356772009624422,-8.262914650584792
1,848.0,-0.5849118273796861,0.3568645308043599,-8.262935574331017
1,849.0,-0.584913075183047,0.3569566331242417,-8.262959415666424
1,850.0,-0.5849144756866458,0.3570483165840674,-8.26298617459101
1,851.0,-0.5849160288904823,0.357139581183837,-8.263015851104779
1,852.0,-0.5849177347945566,0.3572304269235505,-8.263048445207724
1,853.0,-0.5849195933988686,0.357320853803208,-8.263083956899852
1,854.0,-0.5849216072466045,0.3574108637357804,-8.263122434772914
1,855.0,-0.584923771744381,0.3575004519115282,-8.26316379106277
1,856.0,-0.5849260678452481,0.3575896030895272,-8.26320766184611
1,857.0,-0.5849284955492058,0.3576783172697776,-8.263254047122937
1,858.0,-0.5849310548562541,0.35776659445227926,-8.263302946893246
1,859.0,-0.584933745766393,0.3578544346370323,-8.263354361157045
1,860.0,-0.5849365682796225,0.3579418378240366,-8.263408289914327
1,861.0,-0.5849395223959426,0.3580288040132923,-8.263464733165103
1,862.0,-0.5849426081153533,0.3581153332047992,-8.263523690909361
1,863.0,-0.5849458312466839,0.3582014282302883,-8.26358527413434
1,864.0,-0.5849491721726913,0.3582870764890451,-8.263649108020351
1,865.0,-0.584952624274153,0.35837227411773065,-8.263715066096266
1,866.0,-0.5849561875510688,0.3584570211163448,-8.263783148362071
1,867.0,-0.5849598620034391,0.35854131748488755,-8.26385335481778
1,868.0,-0.5849636476312636,0.35862516322335897,-8.263925685463386
1,869.0,-0.5849675444345425,0.35870855833175896,-8.264000140298888
1,870.0,-0.5849715524132756,0.35879150281008765,-8.26407671932429
1,871.0,-0.584975671567463,0.3588739966583449,-8.264155422539593
1,872.0,-0.584979907784159,0.3589560414918801,-8.264236362426645
1,873.0,-0.5849842442527289,0.35903762996203153,-8.264319217790634
1,874.0,-0.5849886722117644,0.3591187589084305,-8.264403821230431
1,875.0,-0.5849931916612654,0.35919942833107693,-8.264490172746044
1,876.0,-0.5849978026012319,0.35927963822997094,-8.264578272337468
1,877.0,-0.5850025050316638,0.35935938860511246,-8.264668120004707
1,878.0,-0.5850072989525613,0.35943867945650154,-8.264759715747754
1,879.0,-0.5850121843639243,0.35951751078413813,-8.264853059566615
1,880.0,-0.5850171612657528,0.3595958825880222,-8.26494815146129
1,881.0,-0.5850222296580467,0.3596737948681539,-8.26504499143178
1,882.0,-0.5850273964751872,0.359751247229046,-8.265143711970834
1,883.0,-0.5850326384382499,0.3598282363833066,-8.265243868296322
1,884.0,-0.5850379531135617,0.3599047621237379,-8.265345413908914
1,885.0,-0.5850433405011224,0.3599808244503399,-8.265448348808608
1,886.0,-0.585048800600932,0.36005642336311267,-8.265552672995405
1,887.0,-0.5850543334129905,0.3601315588620561,-8.265658386469301
1,888.0,-0.585059938937298,0.3602062309471703,-8.265765489230294
1,889.0,-0.5850656171738544,0.3602804396184552,-8.265873981278398
1,890.0,-0.5850713681226598,0.3603541848759108,-8.2659838626136
1,891.0,-0.5850771917837141,0.3604274667195371,-8.266095133235904
1,892.0,-0.5850830938446782,0.3605002835220238,-8.266207901817424
1,893.0,-0.5850890609271685,0.36057263628981046,-8.266321912742141
1,894.0,-0.585095083177494,0.3606445269193359,-8.266436977739081
1,895.0,-0.5851011605956548,0.3607159554106002,-8.266553096808243
1,896.0,-0.5851072931816506,0.36078692176360333,-8.266670269949628
1,897.0,-0.5851134809354815,0.36085742597834525,-8.266788497163233
1,898.0,-0.5851197238571477,0.36092746805482595,-8.266907778449067
1,899.0,-0.5851260219466489,0.36099704799304555,-8.267028113807111
1,900.0,-0.5851323752039853,0.3610661657930039,-8.267149503237384
1,901.0,-0.5851387836291568,0.3611348214547011,-8.26727194673988
1,902.0,-0.5851452472221635,0.3612030149781371,-8.267395444314593
1,903.0,-0.5851517717656806,0.36127074252991703,-8.267520106449053
1,904.0,-0.5851583422403434,0.3613380106047155,-8.267645646173591
1,905.0,-0.5851649520200357,0.36140482277522784,-8.267771936885364
1,906.0,-0.5851716011047577,0.36147117904145426,-8.267898978584366
1,907.0,-0.5851782894945093,0.3615370794033946,-8.268026771270605
1,908.0,-0.5851850171892906,0.3616025238610489,-8.26815531494408
1,909.0,-0.5851917841891016,0.3616675124144172,-8.268284609604788
1,910.0,-0.585198590493942,0.36173204506349943,-8.268414655252727
1,911.0,-0.5852054361038121,0.3617961218082957,-8.268545451887904
1,912.0,-0.5852123210187118,0.3618597426488059,-8.26867699951031
1,913.0,-0.5852192452386412,0.36192290758503004,-8.268809298119955
1,914.0,-0.5852262129667767,0.361985612273152,-8.268942428025431
1,915.0,-0.5852332148369277,0.3620478636123849,-8.269076210270265
1,916.0,-0.5852402421420095,0.3621096695700749,-8.269210478491281
1,917.0,-0.5852472948820224,0.362171030146222,-8.269345232688492
1,918.0,-0.5852543730569664,0.3622319453408262,-8.269480472861886
1,919.0,-0.5852614766668413,0.36229241515388755,-8.26961619901147
1,920.0,-0.5852686057116471,0.362352439585406,-8.269752411137238
1,921.0,-0.5852757601913839,0.3624120186353816,-8.269889109239202
1,922.0,-0.5852829401060518,0.36247115230381427,-8.27002629331735
1,923.0,-0.5852901454556506,0.36252984059070403,-8.270163963371687
1,924.0,-0.5852973762401804,0.36258808349605093,-8.27030211940221
1,925.0,-0.5853046348085729,0.362645877609557,-8.270440806289125
1,926.0,-0.5853119179086418,0.3627032255909261,-8.270579961894063
1,927.0,-0.5853192145602826,0.3627601421771854,-8.27071937642407
1,928.0,-0.5853265247634953,0.36281662736833487,-8.270859049879148
1,929.0,-0.58533384851828,0.3628726811643746,-8.270998982259297
1,930.0,-0.5853411858246366,0.36292830356530453,-8.271139173564507
1,931.0,-0.585348536682565,0.3629834945711247,-8.271279623794793
1,932.0,-0.5853559010920655,0.3630382541818351,-8.271420332950148
1,933.0,-0.5853632790531379,0.36309258239743575,-8.27156130103057
1,934.0,-0.5853706705657822,0.3631464792179266,-8.271702528036062
1,935.0,-0.5853780756299984,0.3631999446433077,-8.271844013966623
1,936.0,-0.5853854948091124,0.3632529775785215,-8.271985769585521
1,937.0,-0.5853929301311797,0.3633055725570444,-8.272127833642088
1,938.0,-0.5854003689366863,0.36335775285275834,-8.272269964255496
1,939.0,-0.5854078112256327,0.3634095184656634,-8.27241216142575
1,940.0,-0.5854152569980184,0.3634608693957595,-8.27255442515284
1,941.0,-0.5854227062538436,0.36351180564304664,-8.27269675543677
1,942.0,-0.5854301589931085,0.3635623272075248,-8.272839152277543
1,943.0,-0.5854376152158127,0.3636124340891941,-8.272981615675157
1,944.0,-0.5854450749219565,0.3636621262880544,-8.27312414562961
1,945.0,-0.5854525381115397,0.3637114038041057,-8.273266742140903
1,946.0,-0.5854600047845626,0.3637602666373481,-8.27340940520904
1,947.0,-0.5854674749410249,0.3638087147877816,-8.273552134834016
1,948.0,-0.5854749518017892,0.3638567389833418,-8.273694992555711
1,949.0,-0.5854824247424187,0.36390436467863957,-8.273837775376778
1,950.0,-0.5854898927305932,0.363951594487864,-8.27398046357305
1,951.0,-0.5854973557663126,0.3639984284110152,-8.274123057144523
1,952.0,-0.585504813849577,0.36404486644809314,-8.274265556091196
1,953.0,-0.5855122669803864,0.3640909085990978,-8.274407960413072
1,954.0,-0.5855197151587408,0.3641365548640292,-8.274550270110154
1,955.0,-0.5855271583846402,0.3641818052428873,-8.274692485182435
1,956.0,-0.5855345966580846,0.3642266597356721,-8.274834605629914
1,957.0,-0.585542029979074,0.3642711183423836,-8.2749766314526
1,958.0,-0.5855494583476084,0.36431518106302185,-8.275118562650489
1,959.0,-0.5855568842549987,0.3643588390028894,-8.275260446824172
1,960.0,-0.5855643005832532,0.36440211374011944,-8.275402147972708
1,961.0,-0.5855717049837035,0.364445012911225,-8.275543621220928
1,962.0,-0.5855790974563495,0.36448753651620613,-8.275684866568833
1,963.0,-0.5855864780011915,0.3645296845550627,-8.275825884016424
1,964.0,-0.5855938466182292,0.3645714570277948,-8.275966673563696
1,965.0,-0.5856012033074628,0.36461285393440246,-8.276107235210654
1,966.0,-0.5856085480688921,0.36465387527488563,-8.276247568957292
1,967.0,-0.5856158809025173,0.36469452104924427,-8.27638767480362
1,968.0,-0.5856232018083383,0.3647347912574785,-8.276527552749632
1,969.0,-0.5856305107863551,0.36477468589958817,-8.276667202795327
1,970.0,-0.5856378095152776,0.36481419746863164,-8.276806657015213
1,971.0,-0.5856450939676581,0.3648533410043577,-8.276945838458293
1,972.0,-0.5856523608171078,0.3648921303296116,-8.277084683568425
1,973.0,-0.5856596100636269,0.36493056544439334,-8.27722319234562
1,974.0,-0.5856668417072151,0.36496864634870296,-8.277361364789865
1,975.0,-0.5856740557478726,0.36500637304254047,-8.27749920090117
1,976.0,-0.5856812521855992,0.36504374552590585,-8.277636700679533
1,977.0,-0.5856884310203951,0.3650807637987991,-8.277773864124951
1,978.0,-0.5856955922522603,0.3651174278612202,-8.277910691237425
1,979.0,-0.5857027358811947,0.36515373771316917,-8.278047182016957
1,980.0,-0.5857098619071983,0.36518969335464607,-8.27818333646355
1,981.0,-0.5857169712281335,0.3652252896919133,-8.278319171732333
1,982.0,-0.585724062354098,0.3652605328127711,-8.27845465935628
1,983.0,-0.5857311313532262,0.3652954436944454,-8.278589724210624
1,984.0,-0.5857381782255178,0.3653300223369361,-8.278724366295366
1,985.0,-0.585745202970973,0.3653642687402433,-8.278858585610507
1,986.0,-0.5857522055895916,0.36539818290436704,-8.27899238215605
1,987.0,-0.5857591860813738,0.36543176482930717,-8.279125755931986
1,988.0,-0.5857661444463196,0.3654650145150638,-8.279258706938323
1,989.0,-0.5857730806844288,0.36549793196163693,-8.279391235175058
1,990.0,-0.5857799947957015,0.3655305171690265,-8.279523340642188
1,991.0,-0.5857868867801378,0.36556277013723254,-8.27965502333972
1,992.0,-0.5857937568710763,0.3655946891524469,-8.279786287725969
1,993.0,-0.5858006054777436,0.3656262692819518,-8.279917141619881
1,994.0,-0.585807428447053,0.36565753940055024,-8.280047505669907
1,995.0,-0.5858142257790043,0.3656884995082421,-8.280177379876042
1,996.0,-0.5858209974735977,0.36571914960502755,-8.280306764238293
1,997.0,-0.5858277435308331,0.36574948969090654,-8.280435658756648
1,998.0,-0.5858344639507105,0.365779519765879,-8.280564063431122
1,999.0,-0.5858411587332298,0.365809239829945,-8.280691978261698
1,1000.0,-0.5858478278783913,0.3658386498831045,-8.280819403248394
1,1001.0,-0.5858544713861946,0.36586774992535753,-8.280946338391198
1,1002.0,-0.5858610892566399,0.36589653995670407,-8.281072783690107
1,1003.0,-0.5858676814897273,0.3659250199771441,-8.281198739145134
1,1004.0,-0.585874248944444,0.3659531799337725,-8.281324221168635
1,1005.0,-0.5858807883941087,0.36598104954095934,-8.28144916810956
1,1006.0,-0.5858872995823586,0.3660086313195188,-8.281573575069675
1,1007.0,-0.5858937825091937,0.3660359252694509,-8.281697442048982
1,1008.0,-0.5859002371746138,0.3660629313907557,-8.281820769047473
1,1009.0,-0.5859066635786192,0.3660896496834331,-8.281943556065157
1,1010.0,-0.5859130617212097,0.36611608014748315,-8.282065803102029
1,1011.0,-0.5859194316023854,0.36614222278290587,-8.282187510158089
1,1012.0,-0.5859257732221461,0.36616807758970127,-8.282308677233342
1,1013.0,-0.585932086580492,0.3661936445678693,-8.282429304327778
1,1014.0,-0.585938371677423,0.36621892371741,-8.282549391441407
1,1015.0,-0.5859446290690798,0.3662439059033237,-8.282668949200202
1,1016.0,-0.5859508568802609,0.3662686146819353,-8.282787941775364
1,1017.0,-0.585957054576107,0.3662930575153988,-8.282906358947523
1,1018.0,-0.5859632221566183,0.36631723440371433,-8.283024200716675
1,1019.0,-0.5859693596217947,0.36634114534688184,-8.283141467082832
1,1020.0,-0.5859754669716362,0.3663647903449013,-8.283258158045983
1,1021.0,-0.5859815442061428,0.36638816939777274,-8.283374273606128
1,1022.0,-0.5859875913253145,0.36641128250549615,-8.283489813763278
1,1023.0,-0.5859936083291514,0.3664341296680716,-8.283604778517422
1,1024.0,-0.5859995952176532,0.3664567108854989,-8.283719167868561
1,1025.0,-0.5860055519908203,0.3664790261577783,-8.283832981816706
1,1026.0,-0.5860114789262495,0.3665010681031135,-8.283946225665789
1,1027.0,-0.5860173751406085,0.36652285253939637,-8.284058882538302
1,1028.0,-0.5860232400497238,0.3665443924074107,-8.284170941272654
1,1029.0,-0.5860290736535957,0.3665656877071566,-8.28428240186884
1,1030.0,-0.5860348759522239,0.366586738438634,-8.284393264326859
1,1031.0,-0.5860406469456085,0.36660754460184286,-8.284503528646717
1,1032.0,-0.5860463866337495,0.3666281061967833,-8.284613194828406
1,1033.0,-0.5860520950166469,0.36664842322345526,-8.28472226287193
1,1034.0,-0.5860577720943008,0.3666684956818587,-8.284830732777293
1,1035.0,-0.586063417866711,0.3666883235719937,-8.284938604544486
1,1036.0,-0.5860690323338776,0.36670790689386024,-8.285045878173516
1,1037.0,-0.5860746155735811,0.3667272407533327,-8.285152555150503
1,1038.0,-0.5860801672870944,0.36674633196944434,-8.28525862976778
1,1039.0,-0.5860856870731034,0.3667651993198918,-8.285364094357575
1,1040.0,-0.586091174931608,0.3667838428046751,-8.285468948919894
1,1041.0,-0.5860966308626082,0.36680226242379416,-8.285573193454727
1,1042.0,-0.5861020548661041,0.366820458177249,-8.285676827962082
1,1043.0,-0.5861074469420956,0.3668384300650397,-8.285779852441957
1,1044.0,-0.5861128070905828,0.36685617808716614,-8.285882266894353
1,1045.0,-0.5861181353115655,0.3668737022436284,-8.285984071319266
1,1046.0,-0.5861234316050439,0.3668910025344265,-8.286085265716698
1,1047.0,-0.5861286959710179,0.3669080789595604,-8.286185850086651
1,1048.0,-0.5861339284017233,0.3669249297206304,-8.286285824280776
1,1049.0,-0.5861391287583939,0.3669415517184346,-8.286385185647715
1,1050.0,-0.5861442970458666,0.3669579697467871,-8.286483934279886
1,1051.0,-0.5861494332641413,0.36697418380568786,-8.286582070177284
1,1052.0,-0.586154537413218,0.3669901938951369,-8.286679593339914
1,1053.0,-0.5861596094930968,0.3670060000151342,-8.286776503767772
1,1054.0,-0.5861646495037774,0.36702160216567975,-8.286872801460861
1,1055.0,-0.5861696574452603,0.3670370003467736,-8.286968486419182
1,1056.0,-0.586174633317545,0.3670521945584157,-8.287063558642735
1,1057.0,-0.586179577120632,0.36706718480060607,-8.287158018131517
1,1058.0,-0.5861844888545208,0.36708197107334467,-8.287251864885524
1,1059.0,-0.5861893685192118,0.3670965533766316,-8.287345098904767
1,1060.0,-0.5861942158359137,0.36711092324142625,-8.28743771486248
1,1061.0,-0.5861990313043917,0.367125106406531,-8.287529722307493
1,1062.0,-0.5862038149661799,0.3671391046576648,-8.28762112203339
1,1063.0,-0.5862085668212784,0.36715291799482763,-8.287711914040166
1,1064.0,-0.5862132868696872,0.36716654641801943,-8.287802098327823
1,1065.0,-0.5862179751114063,0.3671799899272403,-8.287891674896368
1,1066.0,-0.5862226315464356,0.3671932485224902,-8.287980643745792
1,1067.0,-0.5862272561747752,0.3672063222037691,-8.288069004876096
1,1068.0,-0.5862318489964251,0.36721921097107707,-8.288156758287284
1,1069.0,-0.5862364100113854,0.36723191482441403,-8.288243903979353
1,1070.0,-0.5862409392196558,0.36724443376378,-8.288330441952304
1,1071.0,-0.5862454362752506,0.36725676045419353,-8.28841636559551
1,1072.0,-0.5862499018228258,0.3672689130106933,-8.28850168722618
1,1073.0,-0.5862543361663709,0.3672808988569396,-8.288586412652533
1,1074.0,-0.5862587393058859,0.3672927179929325,-8.288670541874573
1,1075.0,-0.586263111241371,0.3673043704186719,-8.288754074892307
1,1076.0,-0.5862674519728259,0.3673158561341579,-8.28883701170572
1,1077.0,-0.5862717615002507,0.3673271751393904,-8.288919352314815
1,1078.0,-0.5862760398236456,0.3673383274343695,-8.289001096719604
1,1079.0,-0.5862802869430104,0.3673493130190951,-8.289082244920078
1,1080.0,-0.5862845028583452,0.3673601318935673,-8.289162796916239
1,1081.0,-0.5862886875696499,0.36737078405778606,-8.28924275270808
1,1082.0,-0.586292840836439,0.36738126560924655,-8.289322107700743
1,1083.0,-0.5862969628239981,0.3673915810807506,-8.289400865052269
1,1084.0,-0.5863010544968938,0.36740174718230456,-8.289479043192298
1,1085.0,-0.586305115855126,0.36741176391390845,-8.28955664212082
1,1086.0,-0.5863091468986946,0.3674216312755622,-8.289633661837838
1,1087.0,-0.5863131476275997,0.36743134926726584,-8.289710102343351
1,1088.0,-0.5863171180418413,0.3674409178890194,-8.289785963637364
1,1089.0,-0.5863210581414192,0.36745033714082287,-8.289861245719871
1,1090.0,-0.5863249679263337,0.3674596070226762,-8.289935948590875
1,1091.0,-0.5863288473965846,0.3674687275345795,-8.290010072250377
1,1092.0,-0.586332696552172,0.3674776986765326,-8.290083616698372
1,1093.0,-0.5863365153930958,0.36748652044853564,-8.29015658193486
1,1094.0,-0.5863403033071908,0.36749518543708654,-8.290228956263427
1,1095.0,-0.5863440616967915,0.36750371306213503,-8.290300766477968
1,1096.0,-0.5863477909015364,0.36751210777954074,-8.290372019067844
1,1097.0,-0.5863514909214254,0.36752036958930356,-8.290442714033045
1,1098.0,-0.5863551617564584,0.3675284984914236,-8.290512851373576
1,1099.0,-0.5863588034066355,0.36753649448590076,-8.290582431089431
1,1100.0,-0.5863624158719567,0.3675443575727351,-8.290651453180622
1,1101.0,-0.5863659991524219,0.3675520877519266,-8.29071991764714
1,1102.0,-0.5863695532480312,0.36755968502347525,-8.29078782448898
1,1103.0,-0.5863730781587846,0.36756714938738105,-8.290855173706158
1,1104.0,-0.5863765738846821,0.3675744808436441,-8.290921965298661
1,1105.0,-0.5863800403523372,0.3675816786114607,-8.290988197864326
1,1106.0,-0.5863834769949816,0.36758873740838627,-8.291053860574108
1,1107.0,-0.5863868857826114,0.36759567886831224,-8.291118991068023
1,1108.0,-0.5863902667152266,0.36760250299123853,-8.291183589346076
1,1109.0,-0.5863936197928272,0.36760920977716527,-8.291247655408263
1,1110.0,-0.5863969450154133,0.3676157992260924,-8.29131118925458
1,1111.0,-0.5864002423829847,0.36762227133801983,-8.291374190885037
1,1112.0,-0.5864035118955415,0.3676286261129477,-8.291436660299626
1,1113.0,-0.5864067535530838,0.36763486355087593,-8.29149859749835
1,1114.0,-0.5864099673556115,0.36764098365180453,-8.291560002481209
1,1115.0,-0.5864131533031245,0.3676469864157335,-8.291620875248206
1,1116.0,-0.5864163113956229,0.3676528718426629,-8.291681215799331
1,1117.0,-0.5864194414439018,0.367658638222828,-8.291741020519519
1,1118.0,-0.5864225431248482,0.367664283292065,-8.291800283235169
1,1119.0,-0.5864256184444109,0.36766982568946643,-8.291859042273225
1,1120.0,-0.5864286674025899,0.36767526541503226,-8.291917297633692
1,1121.0,-0.5864316899993852,0.3676806024687625,-8.29197504931657
1,1122.0,-0.5864346862347968,0.3676858368506572,-8.292032297321853
1,1123.0,-0.5864376561088247,0.3676909685607163,-8.292089041649552
1,1124.0,-0.5864405996214689,0.3676959975989399,-8.292145282299655
1,1125.0,-0.5864435167727293,0.36770092396532783,-8.292201019272168
1,1126.0,-0.5864464075626061,0.36770574765988023,-8.29225625256709
1,1127.0,-0.5864492719910992,0.36771046868259705,-8.292310982184421
1,1128.0,-0.5864521100582085,0.3677150870334783,-8.29236520812416
1,1129.0,-0.5864549217639342,0.367719602712524,-8.29241893038631
1,1130.0,-0.5864577061390734,0.36772400845101283,-8.292472130452659
1,1131.0,-0.5864604656552367,0.3677283242961284,-8.292524855547384
1,1132.0,-0.5864632004347967,0.3677325512173023,-8.292577108008624
1,1133.0,-0.5864659104777538,0.36773668921453456,-8.292628887836377
1,1134.0,-0.5864685957841077,0.3677407382878252,-8.292680195030648
1,1135.0,-0.5864712563538587,0.3677446984371743,-8.292731029591435
1,1136.0,-0.5864738921870065,0.3677485696625817,-8.292781391518742
1,1137.0,-0.5864765032835512,0.36775235196404754,-8.292831280812553
1,1138.0,-0.5864790896434928,0.3677560453415717,-8.29288069747289
1,1139.0,-0.5864816512668315,0.3677596497951543,-8.292929641499736
1,1140.0,-0.586484188153567,0.3677631653247952,-8.2929781128931
1,1141.0,-0.5864867003036994,0.36776659193049455,-8.293026111652976
1,1142.0,-0.5864891870304507,0.3677699248856089,-8.293073624657348
1,1143.0,-0.5864916493883001,0.3677731721251511,-8.29312067205377
1,1144.0,-0.5864940887355476,0.36777634326110914,-8.293167279794796
1,1145.0,-0.5864965050721933,0.36777943829348303,-8.29321344788043
1,1146.0,-0.586498898398237,0.36778245722227265,-8.293259176310668
1,1147.0,-0.5865012687136788,0.3677854000474781,-8.293304465085516
1,1148.0,-0.5865036160185189,0.36778826676909937,-8.293349314204969
1,1149.0,-0.5865059403127569,0.3677910573871364,-8.293393723669029
1,1150.0,-0.5865082415963931,0.3677937719015893,-8.293437693477697
1,1151.0,-0.5865105198694274,0.36779641031245797,-8.29348122363097
1,1152.0,-0.5865127751318598,0.3677989726197424,-8.293524314128847
1,1153.0,-0.5865150073836904,0.36780145882344273,-8.293566964971337
1,1154.0,-0.5865172166249191,0.3678038689235588,-8.29360917615843
1,1155.0,-0.5865194019364902,0.36780619729867436,-8.293650930130061
1,1156.0,-0.5865215650691833,0.36780845535969664,-8.29369226033775
1,1157.0,-0.586523706991018,0.36781064920235446,-8.293733185277105
1,1158.0,-0.5865258277019941,0.36781277882664787,-8.293773704948121
1,1159.0,-0.586527927202112,0.3678148442325769,-8.293813819350811
1,1160.0,-0.5865300054913714,0.3678168454201414,-8.29385352848516
1,1161.0,-0.5865320625697723,0.36781878238934157,-8.29389283235118
1,1162.0,-0.5865340984373149,0.36782065514017737,-8.29393173094886
1,1163.0,-0.586536113093999,0.36782246367264865,-8.293970224278208
1,1164.0,-0.5865381065398246,0.3678242079867556,-8.29400831233922
1,1165.0,-0.586540078774792,0.3678258880824981,-8.294045995131897
1,1166.0,-0.5865420297989008,0.3678275039598762,-8.294083272656241
1,1167.0,-0.5865439596121512,0.36782905561888984,-8.29412014491225
1,1168.0,-0.5865458675378712,0.3678305392960888,-8.294156598970995
1,1169.0,-0.5865477543515836,0.36783195976081795,-8.29419264965011
1,1170.0,-0.5865496218024002,0.36783332695209336,-8.29422833036926
1,1171.0,-0.5865514698903214,0.36783464086991513,-8.294263641128444
1,1172.0,-0.5865532986153468,0.3678359015142832,-8.294298581927658
1,1173.0,-0.5865551079774767,0.36783710888519755,-8.29433315276691
1,1174.0,-0.5865568979767111,0.3678382629826582,-8.294367353646198
1,1175.0,-0.5865586686130497,0.36783936380666515,-8.29440118456552
1,1176.0,-0.5865604198864929,0.3678404113572184,-8.294434645524875
1,1177.0,-0.5865621517970404,0.36784140563431794,-8.294467736524263
1,1178.0,-0.5865638643446923,0.3678423466379638,-8.29450045756369
1,1179.0,-0.5865655575294486,0.3678432343681559,-8.29453280864315
1,1180.0,-0.5865672313513094,0.3678440688248944,-8.294564789762644
1,1181.0,-0.5865688858102746,0.3678448500081791,-8.29459640092217
1,1182.0,-0.5865705197833341,0.36784557233430865,-8.294627620664782
1,1183.0,-0.586572135461048,0.3678462472788678,-8.294658490844727
1,1184.0,-0.5865737336483411,0.3678468789523819,-8.29468902684141
1,1185.0,-0.5865753143452133,0.36784746735485097,-8.294719228654841
1,1186.0,-0.5865768775516645,0.36784801248627497,-8.294749096285015
1,1187.0,-0.5865784232676949,0.36784851434665394,-8.294778629731933
1,1188.0,-0.5865799514933044,0.3678489729359879,-8.29480782899559
1,1189.0,-0.5865814622284932,0.3678493882542768,-8.294836694075997
1,1190.0,-0.5865829554732609,0.36784976030152067,-8.294865224973146
1,1191.0,-0.5865844312276078,0.3678500890777195,-8.294893421687036
1,1192.0,-0.5865858894915339,0.3678503745828733,-8.294921284217674
1,1193.0,-0.5865873302650391,0.367850616816982,-8.294948812565051
1,1194.0,-0.5865887535481233,0.3678508157800457,-8.294976006729174
1,1195.0,-0.5865901593407867,0.36785097147206436,-8.295002866710039
1,1196.0,-0.5865915467039178,0.3678510796315188,-8.295029374564379
1,1197.0,-0.586592917021646,0.36785114695283183,-8.295055556738264
1,1198.0,-0.5865942717237604,0.36785118006367407,-8.295081440550167
1,1199.0,-0.5865956108102615,0.3678511789640455,-8.295107026000093
1,1200.0,-0.5865969342811488,0.36785114365394606,-8.295132313088034
1,1201.0,-0.5865982421364226,0.3678510741333758,-8.295157301814003
1,1202.0,-0.5865995343760829,0.3678509704023348,-8.295181992177987
1,1203.0,-0.5866008110001296,0.3678508324608229,-8.295206384179993
1,1204.0,-0.5866020720085627,0.36785066030884017,-8.295230477820024
1,1205.0,-0.5866033174013823,0.36785045394638666,-8.29525427309807
1,1206.0,-0.5866045471785882,0.3678502133734623,-8.295277770014136
1,1207.0,-0.5866057613401806,0.3678499385900671,-8.295300968568222
1,1208.0,-0.5866069598861594,0.3678496295962011,-8.295323868760335
1,1209.0,-0.5866081428165246,0.36784928639186426,-8.295346470590465
1,1210.0,-0.5866093101312763,0.36784890897705663,-8.295368774058614
1,1211.0,-0.5866104605609321,0.3678484921770744,-8.29539075490924
1,1212.0,-0.5866115964825793,0.36784804615949374,-8.295412458560499
1,1213.0,-0.586612718645012,0.36784757405393065,-8.295433899319335
1,1214.0,-0.58661382704823,0.3678470758603852,-8.295455077185744
1,1215.0,-0.5866149216922335,0.3678465515788572,-8.295475992159734
1,1216.0,-0.5866160025770223,0.36784600120934685,-8.295496644241295
1,1217.0,-0.5866170697025965,0.3678454247518541,-8.29551703343044
1,1218.0,-0.5866181230689562,0.36784482220637893,-8.295537159727155
1,1219.0,-0.5866191626761013,0.3678441935729213,-8.295557023131446
1,1220.0,-0.5866201885240317,0.36784353885148124,-8.295576623643312
1,1221.0,-0.5866212006127477,0.3678428580420588,-8.29559596126276
1,1222.0,-0.586622198942249,0.3678421511446539,-8.29561503598978
1,1223.0,-0.5866231835125356,0.3678414181592666,-8.295633847824377
1,1224.0,-0.5866241543236077,0.36784065908589686,-8.295652396766553
1,1225.0,-0.5866251113754652,0.3678398739245447,-8.2956706828163
1,1226.0,-0.5866260540515912,0.36783906037642555,-8.295688694194054
1,1227.0,-0.586626982510791,0.36783821929556404,-8.295706433934058
1,1228.0,-0.5866278990293163,0.36783735931795897,-8.29572394552783
1,1229.0,-0.5866288036071668,0.36783648044361045,-8.295741228975372
1,1230.0,-0.5866296962443428,0.36783558267251837,-8.295758284276692
1,1231.0,-0.5866305769408441,0.36783466600468284,-8.295775111431782
1,1232.0,-0.5866314456966707,0.36783373044010376,-8.295791710440648
1,1233.0,-0.5866323025118226,0.36783277597878117,-8.29580808130328
1,1234.0,-0.5866331473863,0.3678318026207151,-8.295824224019693
1,1235.0,-0.5866339803201027,0.3678308103659055,-8.295840138589872
1,1236.0,-0.5866348013132306,0.3678297992143523,-8.295855825013824
1,1237.0,-0.586635610365684,0.3678287691660557,-8.295871283291554
1,1238.0,-0.5866364074774627,0.36782772022101556,-8.295886513423051
1,1239.0,-0.5866371926485668,0.3678266523792319,-8.295901515408325
1,1240.0,-0.5866379658789962,0.36782556564070473,-8.295916289247371
1,1241.0,-0.586638727168751,0.36782446000543406,-8.295930834940187
1,1242.0,-0.5866394763889067,0.36782333504034503,-8.295945150023464
1,1243.0,-0.5866402122406833,0.36782218656650756,-8.295959209681872
1,1244.0,-0.5866409379142185,0.36782102546573764,-8.295973074868236
1,1245.0,-0.5866416534095122,0.3678198517380352,-8.29598674558256
1,1246.0,-0.5866423587265646,0.36781866538340036,-8.296000221824844
1,1247.0,-0.5866430538653755,0.367817466401833,-8.296013503595082
1,1248.0,-0.5866437388259451,0.36781625479333324,-8.296026590893282
1,1249.0,-0.5866444136082732,0.36781503055790093,-8.296039483719438
1,1250.0,-0.58664507821236,0.36781379369553624,-8.296052182073558
1,1251.0,-0.5866457326382054,0.36781254420623904,-8.296064685955631
1,1252.0,-0.5866463768858092,0.3678112820900094,-8.296076995365661
1,1253.0,-0.5866470109551718,0.36781000734684727,-8.296089110303654
1,1254.0,-0.5866476348462929,0.3678087199767527,-8.2961010307696
1,1255.0,-0.5866482485591726,0.36780741997972566,-8.296112756763511
1,1256.0,-0.5866488520938109,0.36780610735576613,-8.296124288285377
1,1257.0,-0.5866494454502078,0.36780478210487416,-8.296135625335202
1,1258.0,-0.5866500286283632,0.36780344422704975,-8.296146767912981
1,1259.0,-0.5866506016282773,0.36780209372229283,-8.29615771601872
1,1260.0,-0.5866511628156653,0.3678007258522452,-8.296168438426722
1,1261.0,-0.5866517152832997,0.3677993500271595,-8.296178994229493
1,1262.0,-0.5866522592618307,0.3677979669360526,-8.296189387833978
1,1263.0,-0.5866527947512583,0.3677965765789245,-8.296199619240188
1,1264.0,-0.5866533217515826,0.3677951789557752,-8.29620968844811
1,1265.0,-0.5866538402628035,0.36779377406660463,-8.296219595457753
1,1266.0,-0.5866543502849211,0.36779236191141285,-8.296229340269115
1,1267.0,-0.5866548518179352,0.3677909424901999,-8.296238922882193
1,1268.0,-0.5866553448618459,0.3677895158029657,-8.296248343296991
1,1269.0,-0.5866558294166533,0.3677880818497103,-8.296257601513506
1,1270.0,-0.5866563054823574,0.36778664063043365,-8.296266697531742
1,1271.0,-0.5866567730589579,0.36778519214513583,-8.296275631351694
1,1272.0,-0.5866572321464553,0.3677837363938168,-8.296284402973367
1,1273.0,-0.5866576827448491,0.36778227337647657,-8.296293012396758
1,1274.0,-0.5866581248541396,0.36778080309311506,-8.296301459621866
1,1275.0,-0.5866585584743267,0.3677793255437324,-8.296309744648692
1,1276.0,-0.5866589836054105,0.3677778407283285,-8.296317867477235
1,1277.0,-0.5866594002473908,0.36777634864690334,-8.2963258281075
1,1278.0,-0.5866598070091391,0.36777484575813385,-8.296333599959679
1,1279.0,-0.5866602059807009,0.36777333771472265,-8.296341222967536
1,1280.0,-0.5866605980628442,0.36777182687237137,-8.296348714341718
1,1281.0,-0.586660983255569,0.36777031323108,-8.296356074082231
1,1282.0,-0.5866613615588753,0.3677687967908485,-8.296363302189073
1,1283.0,-0.5866617329727629,0.36776727755167693,-8.29637039866224
1,1284.0,-0.5866620974972322,0.36776575551356533,-8.296377363501739
1,1285.0,-0.5866624551322828,0.3677642306765136,-8.296384196707566
1,1286.0,-0.5866628058779149,0.3677627030405218,-8.29639089827972
1,1287.0,-0.5866631497341285,0.3677611726055899,-8.2963974682182
1,1288.0,-0.5866634867009235,0.36775963937171785,-8.296403906523011
1,1289.0,-0.5866638167782999,0.3677581033389058,-8.296410213194148
1,1290.0,-0.5866641399662579,0.3677565645071536,-8.296416388231616
1,1291.0,-0.5866644562647974,0.36775502287646133,-8.296422431635412
1,1292.0,-0.5866647656739182,0.367753478446829,-8.296428343405534
1,1293.0,-0.5866650681936205,0.36775193121825656,-8.296434123541985
1,1294.0,-0.5866653638239043,0.367750381190744,-8.296439772044765
1,1295.0,-0.5866656525647697,0.3677488283642914,-8.296445288913871
1,1296.0,-0.5866659344162164,0.3677472727388987,-8.296450674149307
1,1297.0,-0.5866662090653985,0.36774571362968167,-8.296455921773632
1,1298.0,-0.586666475474384,0.36774414894288004,-8.29646101195545
1,1299.0,-0.5866667364889795,0.36774258504739227,-8.296465999068571
1,1300.0,-0.5866669921091849,0.36774102194321834,-8.296470883113003
1,1301.0,-0.5866672423350002,0.3677394596303582,-8.296475664088737
1,1302.0,-0.5866674871664255,0.36773789810881197,-8.296480341995776
1,1303.0,-0.5866677266034606,0.3677363373785795,-8.296484916834125
1,1304.0,-0.5866679606461056,0.36773477743966093,-8.296489388603774
1,1305.0,-0.5866681892943606,0.36773321829205613,-8.296493757304729
1,1306.0,-0.5866684125482254,0.36773165993576523,-8.29649802293699
1,1307.0,-0.5866686304077002,0.3677301023707881,-8.29650218550056
1,1308.0,-0.5866688428727849,0.36772854559712487,-8.29650624499543
1,1309.0,-0.5866690499434796,0.36772698961477546,-8.29651020142161
1,1310.0,-0.586669251619784,0.3677254344237399,-8.296514054779095
1,1311.0,-0.5866694479016984,0.3677238800240182,-8.296517805067882
1,1312.0,-0.5866696387892227,0.36772232641561026,-8.296521452287976
1,1313.0,-0.586669824282357,0.3677207735985162,-8.296524996439377
1,1314.0,-0.5866700043811012,0.36771922157273595,-8.296528437522081
1,1315.0,-0.5866701790854552,0.3677176703382696,-8.296531775536092
1,1316.0,-0.5866703483954192,0.367716119895117,-8.296535010481412
1,1317.0,-0.5866705123109931,0.3677145702432783,-8.296538142358033
1,1318.0,-0.5866706708321768,0.3677130213827534,-8.29654117116596
1,1319.0,-0.5866708221598167,0.36771147027475015,-8.296544062529401
1,1320.0,-0.5866709692207304,0.3677099222506066,-8.296546872370019
1,1321.0,-0.586671112263327,0.3677083777488023,-8.296549605434082
1,1322.0,-0.5866712512876068,0.36770683676933724,-8.296552261721592
1,1323.0,-0.5866713862935697,0.36770529931221146,-8.296554841232552
1,1324.0,-0.5866715172812157,0.36770376537742494,-8.296557343966954
1,1325.0,-0.5866716442505447,0.3677022349649777,-8.296559769924805
1,1326.0,-0.586671767201557,0.36770070807486976,-8.296562119106106
1,1327.0,-0.5866718861342523,0.36769918470710106,-8.29656439151085
1,1328.0,-0.5866720010486306,0.3676976648616716,-8.296566587139045
1,1329.0,-0.5866721119446922,0.36769614853858146,-8.296568705990683
1,1330.0,-0.5866722188224367,0.36769463573783057,-8.29657074806577
1,1331.0,-0.5866723216818643,0.36769312645941893,-8.296572713364304
1,1332.0,-0.5866724205229752,0.3676916207033466,-8.296574601886286
1,1333.0,-0.586672515345769,0.3676901184696135,-8.296576413631712
1,1334.0,-0.586672606150246,0.3676886197582197,-8.296578148600583
1,1335.0,-0.5866726929364061,0.36768712456916514,-8.296579806792908
1,1336.0,-0.5866727757042492,0.3676856329024498,-8.29658138820867
1,1337.0,-0.5866728544537755,0.3676841447580738,-8.296582892847885
1,1338.0,-0.5866729291849848,0.36768266013603706,-8.296584320710549
1,1339.0,-0.5866729998978774,0.36768117903633957,-8.296585671796656
1,1340.0,-0.5866730665924529,0.3676797014589814,-8.296586946106213
1,1341.0,-0.5866731292687115,0.36767822740396244,-8.296588143639214
1,1342.0,-0.5866731867136633,0.3676767553952467,-8.296589241219495
1,1343.0,-0.5866732400119951,0.36767528703834146,-8.296590259571778
1,1344.0,-0.5866732905356068,0.3676738240905827,-8.296591224908473
1,1345.0,-0.5866733382844985,0.3676723665519704,-8.29659213722958
1,1346.0,-0.5866733832586701,0.36767091442250455,-8.296592996535097
1,1347.0,-0.5866734254581217,0.36766946770218517,-8.29659380282502
1,1348.0,-0.5866734648828532,0.36766802639101226,-8.296594556099356
1,1349.0,-0.5866735015328647,0.3676665904889858,-8.296595256358103
1,1350.0,-0.5866735354081561,0.36766515999610583,-8.296595903601256
1,1351.0,-0.5866735665087275,0.3676637349123723,-8.296596497828826
1,1352.0,-0.5866735948345788,0.3676623152377853,-8.296597039040797
1,1353.0,-0.58667362038571,0.3676609009723447,-8.296597527237184
1,1354.0,-0.5866736431621213,0.36765949211605065,-8.296597962417982
1,1355.0,-0.5866736631638124,0.367658088668903,-8.296598344583183
1,1356.0,-0.5866736803907835,0.36765669063090184,-8.2965986737328
1,1357.0,-0.5866736948430346,0.3676552980020471,-8.296598949866823
1,1358.0,-0.5866737065205656,0.3676539107823389,-8.296599172985262
1,1359.0,-0.5866737154233765,0.36765252897177714,-8.296599343088108
1,1360.0,-0.5866737215514675,0.36765115257036185,-8.296599460175363
1,1361.0,-0.5866737249048383,0.367649781578093,-8.296599524247025
1,1362.0,-0.5866737254834891,0.36764841599497067,-8.296599535303102
1,1363.0,-0.5866737232874197,0.3676470558209948,-8.296599493343587
1,1364.0,-0.5866737183166304,0.36764570105616534,-8.296599398368478
1,1365.0,-0.586673710571121,0.3676443517004824,-8.296599250377785
1,1366.0,-0.5866737000508916,0.36764300775394587,-8.296599049371496
1,1367.0,-0.5866736867559421,0.3676416692165559,-8.296598795349626
1,1368.0,-0.5866736702338464,0.36764033581484534,-8.296598479667812
1,1369.0,-0.5866736494793944,0.36763900716664194,-8.29659808311987
1,1370.0,-0.5866736270477991,0.3676376849740542,-8.29659765452735
1,1371.0,-0.5866736029390607,0.36763636923708215,-8.296597193890255
1,1372.0,-0.586673577153179,0.36763505995572576,-8.296596701208578
1,1373.0,-0.5866735496901542,0.3676337571299851,-8.29659617648232
1,1374.0,-0.5866735205499862,0.3676324607598601,-8.296595619711487
1,1375.0,-0.5866734897326751,0.36763117084535085,-8.296595030896075
1,1376.0,-0.5866734572382208,0.3676298873864573,-8.296594410036084
1,1377.0,-0.5866734230666233,0.3676286103831794,-8.296593757131513
1,1378.0,-0.5866733872178826,0.3676273398355172,-8.296593072182363
1,1379.0,-0.5866733496919988,0.3676260757434707,-8.296592355188633
1,1380.0,-0.5866733104889719,0.3676248181070399,-8.29659160615033
1,1381.0,-0.5866732696088017,0.3676235669262248,-8.296590825067447
1,1382.0,-0.5866732270514883,0.36762232220102536,-8.296590011939982
1,1383.0,-0.5866731828170318,0.36762108393144166,-8.29658916676794
1,1384.0,-0.5866731369054321,0.3676198521174736,-8.296588289551321
1,1385.0,-0.5866730893166893,0.36761862675912127,-8.29658738029012
1,1386.0,-0.5866730400508032,0.36761740785638464,-8.296586438984344
1,1387.0,-0.586672989107774,0.3676161954092637,-8.296585465633987
1,1388.0,-0.5866729364876017,0.36761498941775844,-8.296584460239051
1,1389.0,-0.5866728821902861,0.3676137898818689,-8.29658342279954
1,1390.0,-0.5866728262158274,0.367612596801595,-8.296582353315447
1,1391.0,-0.5866727685642255,0.3676114101769369,-8.296581251786776
1,1392.0,-0.5866727092354804,0.3676102300078944,-8.296580118213527
1,1393.0,-0.5866726482295922,0.3676090562944676,-8.296578952595699
1,1394.0,-0.5866725855465608,0.36760788903665653,-8.296577754933292
1,1395.0,-0.5866725211863862,0.36760672823446117,-8.296576525226307
1,1396.0,-0.5866724551490684,0.36760557388788145,-8.296575263474743
1,1397.0,-0.5866723874346075,0.36760442599691745,-8.296573969678601
1,1398.0,-0.5866723180430035,0.36760328456156915,-8.296572643837882
1,1399.0,-0.5866722460631706,0.3676021498930776,-8.296571268544792
1,1400.0,-0.5866721714711831,0.36760102233976355,-8.296569843342196
1,1401.0,-0.5866720961303057,0.36759990142251564,-8.296568403830822
1,1402.0,-0.5866720200405383,0.3675987871413339,-8.296566950010677
1,1403.0,-0.586671943201881,0.3675976794962184,-8.296565481881757
1,1404.0,-0.5866718656143337,0.36759657848716903,-8.296563999444063
1,1405.0,-0.5866717872778964,0.3675954841141858,-8.296562502697592
1,1406.0,-0.5866717081925691,0.36759439637726876,-8.296560991642343
1,1407.0,-0.586671628358352,0.36759331527641786,-8.296559466278328
1,1408.0,-0.5866715477752448,0.36759224081163316,-8.296557926605534
1,1409.0,-0.5866714664432476,0.3675911729829146,-8.296556372623964
1,1410.0,-0.5866713843623605,0.3675901117902622,-8.296554804333626
1,1411.0,-0.5866713015325835,0.36758905723367596,-8.29655322173451
1,1412.0,-0.5866712179539165,0.3675880093131559,-8.296551624826618
1,1413.0,-0.5866711336263595,0.367586968028702,-8.296550013609954
1,1414.0,-0.5866710485499126,0.36758593338031426,-8.296548388084512
1,1415.0,-0.5866709627245756,0.3675849053679927,-8.296546748250298
1,1416.0,-0.5866708761503489,0.3675838839917373,-8.29654509410731
1,1417.0,-0.586670788827232,0.3675828692515481,-8.296543425655548
1,1418.0,-0.5866707007552252,0.367581861147425,-8.296541742895014
1,1419.0,-0.5866706119343285,0.3675808596793681,-8.2965400458257
1,1420.0,-0.5866705223645418,0.36757986484737737,-8.296538334447614
1,1421.0,-0.5866704320458651,0.36757887665145283,-8.296536608760757
1,1422.0,-0.5866703409782984,0.3675778950915944,-8.296534868765116
1,1423.0,-0.5866702491618419,0.36757692016780213,-8.296533114460711
1,1424.0,-0.5866701565964952,0.3675759518800761,-8.296531345847526
1,1425.0,-0.5866700632822588,0.36757499022841617,-8.296529562925572
1,1426.0,-0.5866699692191323,0.36757403521282245,-8.296527765694838
1,1427.0,-0.5866698744071158,0.36757308683329487,-8.296525954155332
1,1428.0,-0.5866697788462094,0.36757214508983344,-8.296524128307052
1,1429.0,-0.586669682536413,0.3675712099824382,-8.296522288149996
1,1430.0,-0.5866695854777267,0.3675702815111091,-8.296520433684165
1,1431.0,-0.5866694876701504,0.3675693596758462,-8.296518564909562
1,1432.0,-0.5866693891136842,0.36756844447664944,-8.296516681826184
1,1433.0,-0.5866692898083279,0.3675675359135188,-8.296514784434033
1,1434.0,-0.5866691897540817,0.36756663398645445,-8.296512872733103
1,1435.0,-0.5866690889509456,0.36756573869545617,-8.296510946723405
1,1436.0,-0.5866689873989195,0.3675648500405241,-8.296509006404927
1,1437.0,-0.5866688842590901,0.3675639696309007,-8.296507035748858
1,1438.0,-0.5866687801691792,0.3675630967542404,-8.296505046939918
1,1439.0,-0.5866686759888395,0.3675622299132774,-8.29650305640319
1,1440.0,-0.5866685717180709,0.3675613691080117,-8.296501064138667
1,1441.0,-0.5866684673568733,0.36756051433844317,-8.296499070146346
1,1442.0,-0.5866683629052468,0.367559665604572,-8.296497074426238
1,1443.0,-0.5866682583631914,0.367558822906398,-8.296495076978333
1,1444.0,-0.5866681537307071,0.36755798624392133,-8.296493077802639
1,1445.0,-0.5866680490077939,0.367557155617142,-8.296491076899148
1,1446.0,-0.5866679441944518,0.36755633102605983,-8.296489074267871
1,1447.0,-0.5866678392906808,0.36755551247067497,-8.296487069908794
1,1448.0,-0.5866677342964808,0.3675546999509874,-8.296485063821926
1,1449.0,-0.586667629211852,0.3675538934669971,-8.296483056007267
1,1450.0,-0.5866675240367942,0.36755309301870404,-8.29648104646481
1,1451.0,-0.5866674187713075,0.3675522986061083,-8.29647903519456
1,1452.0,-0.5866673134153919,0.36755151022920973,-8.296477022196521
1,1453.0,-0.5866672079690475,0.3675507278880085,-8.296475007470688
1,1454.0,-0.586667102432274,0.3675499515825046,-8.296472991017064
1,1455.0,-0.5866669968050717,0.36754918131269787,-8.296470972835642
1,1456.0,-0.5866668910874404,0.3675484170785885,-8.296468952926428
1,1457.0,-0.5866667852793803,0.3675476588801763,-8.296466931289425
1,1458.0,-0.5866666793808912,0.36754690671746143,-8.296464907924625
1,1459.0,-0.5866665733919733,0.3675461605904438,-8.296462882832031
1,1460.0,-0.5866664673126264,0.36754542049912353,-8.296460856011645
1,1461.0,-0.5866663611428506,0.36754468644350047,-8.296458827463471
1,1462.0,-0.586666254882646,0.3675439584235747,-8.296456797187501
1,1463.0,-0.5866661485320124,0.3675432364393461,-8.296454765183736
1,1464.0,-0.5866660420909499,0.3675425204908149,-8.296452731452176
1,1465.0,-0.5866659355594585,0.3675418105779809,-8.296450695992826
1,1466.0,-0.586665828937538,0.3675411067008442,-8.296448658805682
1,1467.0,-0.5866657222251889,0.36754040885940475,-8.296446619890746
1,1468.0,-0.5866656154224107,0.3675397170536626,-8.296444579248016
1,1469.0,-0.5866655085292036,0.3675390312836177,-8.296442536877496
1,1470.0,-0.5866654015455676,0.3675383515492701,-8.296440492779176
1,1471.0,-0.5866652944715027,0.36753767785061975,-8.296438446953072
1,1472.0,-0.5866651873070089,0.36753701018766666,-8.296436399399166
1,1473.0,-0.5866650800520862,0.36753634856041084,-8.296434350117472
1,1474.0,-0.5866649727067346,0.3675356929688523,-8.296432299107988
1,1475.0,-0.5866648652709541,0.36753504341299104,-8.296430246370704
1,1476.0,-0.5866647577447446,0.36753439989282705,-8.296428191905632
1,1477.0,-0.5866646498751835,0.36753376364385504,-8.29642613088026
1,1478.0,-0.5866645416363451,0.36753313529025633,-8.296424062799234
1,1479.0,-0.5866644336736787,0.36753251193176406,-8.296421999994935
1,1480.0,-0.5866643259871845,0.3675318935683784,-8.296419942467356
1,1481.0,-0.5866642185768626,0.36753128020009923,-8.296417890216503
1,1482.0,-0.5866641114427127,0.36753067182692656,-8.296415843242373
1,1483.0,-0.586664004584735,0.3675300684488605,-8.296413801544965
1,1484.0,-0.5866638980029294,0.36752947006590087,-8.29641176512428
1,1485.0,-0.586663791697296,0.36752887667804784,-8.296409733980317
1,1486.0,-0.5866636856678347,0.3675282882853013,-8.29640770811308
1,1487.0,-0.5866635799145455,0.36752770488766134,-8.296405687522563
1,1488.0,-0.5866634744374286,0.36752712648512786,-8.296403672208774
1,1489.0,-0.5866633692364838,0.36752655307770093,-8.296401662171702
1,1490.0,-0.586663264311711,0.3675259846653805,-8.296399657411353
1,1491.0,-0.5866631596631106,0.3675254212481666,-8.296397657927733
1,1492.0,-0.5866630552906822,0.3675248628260593,-8.296395663720833
1,1493.0,-0.5866629511944259,0.3675243093990585,-8.296393674790655
1,1494.0,-0.5866628473743418,0.3675237609671642,-8.296391691137204
1,1495.0,-0.5866627438304299,0.3675232175303764,-8.296389712760472
1,1496.0,-0.5866626405626901,0.3675226790886952,-8.296387739660462
1,1497.0,-0.5866625375711225,0.3675221456421205,-8.296385771837182
1,1498.0,-0.586662434855727,0.36752161719065235,-8.296383809290619
1,1499.0,-0.5866623324165037,0.3675210937342907,-8.296381852020781
1,1500.0,-0.5866622302534525,0.36752057527303555,-8.29637990002767
1,1501.0,-0.5866621283665735,0.367520061806887,-8.296377953311273
1,1502.0,-0.5866620267558667,0.36751955333584496,-8.296376011871608
1,1503.0,-0.5866619254213319,0.3675190498599094,-8.296374075708663
1,1504.0,-0.5866618243629693,0.3675185513790804,-8.29637214482244
1,1505.0,-0.586661723580779,0.36751805789335795,-8.296370219212942
1,1506.0,-0.5866616230747607,0.367517569402742,-8.29636829888016
1,1507.0,-0.5866615228449145,0.3675170859072326,-8.296366383824108
1,1508.0,-0.5866614228912406,0.36751660740682973,-8.296364474044783
1,1509.0,-0.5866613232137387,0.36751613390153337,-8.296362569542172
1,1510.0,-0.586661223812409,0.36751566539134356,-8.29636067031629
1,1511.0,-0.5866611246872515,0.36751520187626024,-8.296358776367132
1,1512.0,-0.5866610258382661,0.3675147433562835,-8.296356887694694
1,1513.0,-0.5866609272654529,0.36751428983141327,-8.296355004298979
1,1514.0,-0.5866608289688118,0.36751384130164955,-8.296353126179989
1,1515.0,-0.5866607309483429,0.3675133977669924,-8.296351253337722
1,1516.0,-0.5866606332040462,0.36751295922744176,-8.296349385772174
1,1517.0,-0.5866605357063268,0.3675125261216524,-8.2963475229179
1,1518.0,-0.5866604383345575,0.36751210088988395,-8.296345662470106
1,1519.0,-0.5866603413962136,0.36751167949690594,-8.296343810303613
1,1520.0,-0.5866602448912952,0.3675112619427184,-8.296341966418433
1,1521.0,-0.5866601488198023,0.3675108482273213,-8.296340130814558
1,1522.0,-0.5866600531817348,0.36751043835071456,-8.296338303491988
1,1523.0,-0.5866599579770928,0.36751003231289836,-8.296336484450723
1,1524.0,-0.5866598632058762,0.36750963011387255,-8.296334673690765
1,1525.0,-0.586659768868085,0.3675092317536372,-8.296332871212114
1,1526.0,-0.5866596749637194,0.3675088372321923,-8.29633107701477
1,1527.0,-0.5866595814927792,0.36750844654953785,-8.296329291098727
1,1528.0,-0.5866594884552644,0.36750805970567385,-8.296327513463993
1,1529.0,-0.5866593958511751,0.3675076767006003,-8.296325744110566
1,1530.0,-0.5866593036805112,0.36750729753431716,-8.296323983038448
1,1531.0,-0.5866592119432729,0.3675069222068245,-8.296322230247632
1,1532.0,-0.5866591206394599,0.36750655071812227,-8.296320485738123
1,1533.0,-0.5866590297690725,0.3675061830682105,-8.29631874950992
1,1534.0,-0.5866589393321104,0.36750581925708914,-8.296317021563024
1,1535.0,-0.5866588493285738,0.36750545928475825,-8.296315301897435
1,1536.0,-0.5866587597584627,0.3675051031512178,-8.29631359051315
1,1537.0,-0.5866586706217771,0.36750475085646783,-8.296311887410177
1,1538.0,-0.5866585819185168,0.36750440240050825,-8.296310192588502
1,1539.0,-0.5866584936486822,0.36750405778333917,-8.296308506048137
1,1540.0,-0.5866584058122728,0.3675037170049605,-8.296306827789076
1,1541.0,-0.586658318409289,0.36750338006537225,-8.29630515781132
1,1542.0,-0.5866582314397306,0.3675030469645745,-8.296303496114875
1,1543.0,-0.5866581449035977,0.36750271770256715,-8.296301842699735
1,1544.0,-0.5866580588008902,0.3675023922793503,-8.296300197565897
1,1545.0,-0.5866579731316082,0.3675020706949238,-8.296298560713373
1,1546.0,-0.5866578878957516,0.36750175294928783,-8.29629693214215
1,1547.0,-0.5866578030933205,0.36750143904244226,-8.296295311852232
1,1548.0,-0.5866577187243148,0.36750112897438714,-8.296293699843622
1,1549.0,-0.5866576347887347,0.36750082274512247,-8.296292096116321
1,1550.0,-0.5866575512865799,0.36750052035464825,-8.296290500670322
1,1551.0,-0.5866574682178506,0.3675002218029645,-8.296288913505627
1,1552.0,-0.5866573855825468,0.3674999270900712,-8.296287334622244
1,1553.0,-0.5866573033806683,0.36749963621596826,-8.296285764020164
1,1554.0,-0.5866572216122155,0.36749934918065585,-8.296284201699391
1,1555.0,-0.586657140277188,0.36749906598413384,-8.296282647659922
1,1556.0,-0.586657059375586,0.3674987866264023,-8.296281101901762
1,1557.0,-0.5866569789074094,0.3674985111074612,-8.296279564424909
1,1558.0,-0.5866568988919891,0.3674982403496234,-8.296278035598707
1,1559.0,-0.5866568193837683,0.3674979754497581,-8.296276516463385
1,1560.0,-0.5866567403361145,0.3674977132902942,-8.296275006127955
1,1561.0,-0.5866566617490278,0.3674974538712318,-8.296273504592412
1,1562.0,-0.5866565836225082,0.36749719719257085,-8.296272011856766
1,1563.0,-0.5866565059565555,0.3674969432543113,-8.296270527921005
1,1564.0,-0.58665642875117,0.3674966920564533,-8.296269052785144
1,1565.0,-0.5866563520063516,0.3674964435989967,-8.296267586449167
1,1566.0,-0.5866562757221002,0.3674961978819416,-8.296266128913084
1,1567.0,-0.5866561998984159,0.3674959549052879,-8.296264680176892
1,1568.0,-0.5866561245352987,0.36749571466903574,-8.296263240240588
1,1569.0,-0.5866560496327484,0.367495477173185,-8.296261809104182
1,1570.0,-0.5866559751907654,0.3674952424177357,-8.296260386767665
1,1571.0,-0.5866559012093493,0.3674950104026879,-8.296258973231039
1,1572.0,-0.5866558276885003,0.3674947811280415,-8.296257568494303
1,1573.0,-0.5866557546282185,0.3674945545937966,-8.29625617255746
1,1574.0,-0.5866556820285037,0.3674943307999532,-8.296254785420505
1,1575.0,-0.586655609889356,0.3674941097465112,-8.296253407083443
1,1576.0,-0.5866555382107752,0.36749389143347067,-8.296252037546274
1,1577.0,-0.5866554669927616,0.3674936758608316,-8.296250676808997
1,1578.0,-0.586655396235315,0.367493463028594,-8.296249324871606
1,1579.0,-0.5866553259384356,0.36749325293675783,-8.296247981734112
1,1580.0,-0.5866552561021232,0.36749304558532314,-8.296246647396512
1,1581.0,-0.5866551867263778,0.3674928409742899,-8.296245321858795
1,1582.0,-0.5866551178111996,0.36749263910365815,-8.296244005120975
1,1583.0,-0.5866550493565884,0.36749243997342784,-8.296242697183041
1,1584.0,-0.5866549813625442,0.367492243583599,-8.296241398045002
1,1585.0,-0.5866549138290672,0.36749204993417156,-8.296240107706856
1,1586.0,-0.5866548467561572,0.36749185902514564,-8.296238826168599
1,1587.0,-0.5866547801438143,0.3674916708565212,-8.296237553430235
1,1588.0,-0.5866547139920384,0.3674914854282982,-8.296236289491759
1,1589.0,-0.5866546483008297,0.3674913027404766,-8.296235034353181
1,1590.0,-0.5866545830701879,0.3674911227930565,-8.296233788014487
1,1591.0,-0.5866545183001133,0.3674909455860379,-8.296232550475686
1,1592.0,-0.5866544539906058,0.3674907711194207,-8.296231321736782
1,1593.0,-0.5866543901416652,0.367490599393205,-8.296230101797763
1,1594.0,-0.5866543267532918,0.3674904304073907,-8.296228890658636
1,1595.0,-0.5866542638254855,0.36749026416197794,-8.296227688319401
1,1596.0,-0.5866542013582461,0.3674901006569666,-8.296226494780056
1,1597.0,-0.586654139351574,0.3674899398923567,-8.296225310040606
1,1598.0,-0.5866540778054687,0.3674897818681483,-8.296224134101045
1,1599.0,-0.5866540167199307,0.3674896265843413,-8.296222966961373
1,1600.0,-0.5866539560949596,0.3674894740409358,-8.296221808621597
1,1601.0,-0.5866538961243053,0.3674893263615012,-8.296220662783615
1,1602.0,-0.5866538366472132,0.36748918143040127,-8.296219526375953
1,1603.0,-0.5866537775816012,0.36748903829048885,-8.296218397830293
1,1604.0,-0.5866537189274696,0.36748889694176395,-8.296217277146646
1,1605.0,-0.5866536606848183,0.3674887573842266,-8.296216164325003
1,1606.0,-0.5866536028536472,0.36748861961787677,-8.296215059365364
1,1607.0,-0.5866535454339564,0.3674884836427144,-8.296213962267739
1,1608.0,-0.5866534884257459,0.36748834945873965,-8.29621287303212
1,1609.0,-0.5866534318290156,0.36748821706595236,-8.296211791658504
1,1610.0,-0.5866533756437656,0.3674880864643526,-8.296210718146897
1,1611.0,-0.586653319869996,0.3674879576539403,-8.296209652497302
1,1612.0,-0.5866532645077065,0.36748783063471563,-8.29620859470971
1,1613.0,-0.5866532095568974,0.3674877054066784,-8.296207544784126
1,1614.0,-0.5866531550175685,0.3674875819698287,-8.29620650272055
1,1615.0,-0.5866531008897199,0.3674874603241665,-8.29620546851898
1,1616.0,-0.5866530471733515,0.3674873404696919,-8.29620444217942
1,1617.0,-0.5866529938684635,0.36748722240640475,-8.296203423701865
1,1618.0,-0.5866529409750557,0.36748710613430513,-8.29620241308632
1,1619.0,-0.5866528884931282,0.36748699165339305,-8.29620141033278
1,1620.0,-0.586652836422681,0.3674868789636685,-8.296200415441247
1,1621.0,-0.5866527847637141,0.3674867680651315,-8.296199428411724
1,1622.0,-0.5866527335162274,0.36748665895778193,-8.296198449244207
1,1623.0,-0.5866526826802209,0.3674865516416199,-8.296197477938696
1,1624.0,-0.5866526322556948,0.36748644611664544,-8.296196514495193
1,1625.0,-0.5866525822426489,0.36748634238285843,-8.296195558913702
1,1626.0,-0.5866525326410833,0.367486240440259,-8.296194611194212
1,1627.0,-0.586652483450998,0.3674861402888471,-8.29619367133673
1,1628.0,-0.5866524346723929,0.36748604192862266,-8.29619273934126
1,1629.0,-0.5866523863052682,0.3674859453595858,-8.296191815207795
1,1630.0,-0.5866523383496236,0.36748585058173644,-8.296190898936334
1,1631.0,-0.5866522908054594,0.36748575759507457,-8.296189990526887
1,1632.0,-0.5866522436727755,0.36748566639960023,-8.296189089979443
1,1633.0,-0.5866521969515718,0.3674855769953134,-8.296188197294
1,1634.0,-0.5866521506418484,0.36748548938221415,-8.296187312470574
1,1635.0,-0.5866521047436053,0.36748540356030235,-8.296186435509156
1,1636.0,-0.5866520592568424,0.36748531952957814,-8.296185566409738
1,1637.0,-0.5866520141815598,0.3674852372900414,-8.296184705172331
1,1638.0,-0.5866519695177574,0.3674851568416922,-8.296183851796934
1,1639.0,-0.5866519252654354,0.36748507818453047,-8.296183006283542
1,1640.0,-0.5866518814245937,0.3674850013185563,-8.296182168632155
1,1641.0,-0.5866518379952322,0.36748492624376966,-8.29618133884278
1,1642.0,-0.586651794977351,0.3674848529601705,-8.296180516915408
1,1643.0,-0.58665175237095,0.3674847814677589,-8.296179702850049
1,1644.0,-0.5866517101760294,0.36748471176653486,-8.296178896646696
1,1645.0,-0.586651668392589,0.36748464385649826,-8.296178098305344
1,1646.0,-0.5866516273043624,0.36748457957967234,-8.2961773132472
1,1647.0,-0.5866515866422545,0.3674845170249452,-8.296176536330753
1,1648.0,-0.5866515463037429,0.367484455503885,-8.29617576559715
1,1649.0,-0.586651506288828,0.36748439501649166,-8.29617500104639
1,1650.0,-0.5866514665975094,0.3674843355627652,-8.296174242678468
1,1651.0,-0.5866514272297872,0.3674842771427057,-8.29617349049339
1,1652.0,-0.5866513881856616,0.36748421975631307,-8.296172744491159
1,1653.0,-0.5866513494651324,0.3674841634035874,-8.296172004671766
1,1654.0,-0.5866513110681997,0.3674841080845286,-8.296171271035217
1,1655.0,-0.5866512729948634,0.36748405379913673,-8.296170543581509
1,1656.0,-0.5866512352451235,0.3674840005474117,-8.296169822310642
1,1657.0,-0.5866511978189801,0.36748394832935366,-8.296169107222623
1,1658.0,-0.5866511607164332,0.3674838971449625,-8.29616839831744
1,1659.0,-0.5866511239374828,0.36748384699423825,-8.296167695595106
1,1660.0,-0.5866510874821287,0.3674837978771809,-8.296166999055611
1,1661.0,-0.5866510513503711,0.36748374979379045,-8.296166308698957
1,1662.0,-0.58665101554221,0.3674837027440669,-8.296165624525148
1,1663.0,-0.5866509800576453,0.36748365672801026,-8.296164946534176
1,1664.0,-0.5866509448966771,0.36748361174562055,-8.296164274726054
1,1665.0,-0.5866509100593054,0.3674835677968977,-8.296163609100773
1,1666.0,-0.5866508755455301,0.3674835248818418,-8.296162949658331
1,1667.0,-0.5866508413553512,0.3674834830004528,-8.29616229639873
1,1668.0,-0.5866508074887687,0.3674834421527307,-8.296161649321977
1,1669.0,-0.5866507739457829,0.3674834023386755,-8.296161008428067
1,1670.0,-0.5866507407263933,0.36748336355828726,-8.296160373716994
1,1671.0,-0.5866507078306004,0.36748332581156584,-8.296159745188767
1,1672.0,-0.5866506752584038,0.3674832890985114,-8.296159122843385
1,1673.0,-0.5866506430098036,0.3674832534191238,-8.29615850668084
1,1674.0,-0.5866506110848,0.3674832187734032,-8.296157896701141
1,1675.0,-0.5866505794833927,0.3674831851613494,-8.29615729290428
1,1676.0,-0.5866505482055819,0.3674831525829626,-8.296156695290264
1,1677.0,-0.5866505172513676,0.36748312103824265,-8.296156103859092
1,1678.0,-0.5866504866207498,0.36748309052718964,-8.296155518610762
1,1679.0,-0.5866504563137285,0.3674830610498035,-8.296154939545275
1,1680.0,-0.5866504263303035,0.3674830326060843,-8.296154366662629
1,1681.0,-0.586650396670475,0.367483005196032,-8.296153799962825
1,1682.0,-0.5866503673342429,0.3674829788196466,-8.296153239445863
1,1683.0,-0.5866503383216074,0.3674829534769281,-8.296152685111743
1,1684.0,-0.5866503096325683,0.3674829291678765,-8.296152136960469
1,1685.0,-0.5866502812671256,0.36748290589249183,-8.296151594992034
1,1686.0,-0.5866502532252793,0.3674828836507741,-8.296151059206444
1,1687.0,-0.5866502255070296,0.3674828624427232,-8.296150529603699
1,1688.0,-0.5866501981123763,0.36748284226833927,-8.296150006183789
1,1689.0,-0.5866501710413194,0.3674828231276222,-8.296149488946728
1,1690.0,-0.586650144293859,0.36748280502057207,-8.296148977892505
1,1691.0,-0.5866501178699951,0.3674827879471888,-8.296148473021125
1,1692.0,-0.5866500917697276,0.36748277190747247,-8.296147974332591
1,1693.0,-0.5866500659930566,0.36748275690142307,-8.296147481826896
1,1694.0,-0.5866500405399819,0.36748274292904054,-8.296146995504046
1,1695.0,-0.5866500158196459,0.36748273179237284,-8.296146523181372
1,1696.0,-0.5866499913238319,0.3674827211405036,-8.296146055148556
1,1697.0,-0.5866499670515236,0.3674827109688324,-8.296145591386185
1,1698.0,-0.586649943002721,0.3674827012773592,-8.296145131894262
1,1699.0,-0.5866499191774242,0.367482692066084,-8.296144676672782
1,1700.0,-0.586649895575633,0.3674826833350069,-8.296144225721743
1,1701.0,-0.5866498721973475,0.36748267508412774,-8.29614377904115
1,1702.0,-0.5866498490425678,0.36748266731344664,-8.296143336631005
1,1703.0,-0.5866498261112938,0.36748266002296354,-8.296142898491302
1,1704.0,-0.5866498034035255,0.3674826532126784,-8.29614246462204
1,1705.0,-0.5866497809192629,0.36748264688259136,-8.296142035023223
1,1706.0,-0.586649758658506,0.3674826410327023,-8.296141609694853
1,1707.0,-0.5866497366212549,0.36748263566301126,-8.296141188636927
1,1708.0,-0.5866497148075094,0.3674826307735182,-8.296140771849444
1,1709.0,-0.5866496932172697,0.36748262636422324,-8.296140359332403
1,1710.0,-0.5866496718505356,0.36748262243512625,-8.296139951085811
1,1711.0,-0.5866496507073073,0.3674826189862273,-8.29613954710966
1,1712.0,-0.5866496297875847,0.36748261601752635,-8.296139147403956
1,1713.0,-0.5866496090913679,0.3674826135290234,-8.296138751968693
1,1714.0,-0.5866495886186567,0.3674826115207185,-8.296138360803877
1,1715.0,-0.5866495683694511,0.36748260999261156,-8.2961379739095
1,1716.0,-0.5866495483437515,0.3674826089447027,-8.296137591285577
1,1717.0,-0.5866495285415574,0.3674826083769918,-8.29613721293209
1,1718.0,-0.586649508962869,0.367482608289479,-8.296136838849048
1,1719.0,-0.5866494896076865,0.36748260868216415,-8.296136469036451
1,1720.0,-0.5866494704760096,0.36748260955504736,-8.296136103494298
1,1721.0,-0.5866494515678384,0.36748261090812856,-8.296135742222594
1,1722.0,-0.586649432883173,0.36748261274140775,-8.296135385221328
1,1723.0,-0.5866494144220132,0.367482615054885,-8.296135032490511
1,1724.0,-0.5866493961843592,0.36748261784856023,-8.296134684030136
1,1725.0,-0.5866493781702108,0.3674826211224335,-8.296134339840204
1,1726.0,-0.5866493603795682,0.3674826248765048,-8.296133999920718
1,1727.0,-0.5866493428124313,0.3674826291107741,-8.296133664271677
1,1728.0,-0.5866493254688001,0.36748263382524143,-8.296133332893078
1,1729.0,-0.5866493083486747,0.3674826390199068,-8.296133005784924
1,1730.0,-0.5866492914520549,0.36748264469477016,-8.296132682947217
1,1731.0,-0.5866492747789408,0.3674826508498315,-8.296132364379948
1,1732.0,-0.5866492583293325,0.3674826574850909,-8.296132050083127
1,1733.0,-0.5866492421032299,0.3674826646005483,-8.296131740056753
1,1734.0,-0.586649226100633,0.36748267219620373,-8.296131434300818
1,1735.0,-0.5866492103215417,0.36748268027205716,-8.296131132815331
1,1736.0,-0.5866491947659563,0.36748268882810864,-8.296130835600287
1,1737.0,-0.5866491794338765,0.3674826978643581,-8.296130542655686
1,1738.0,-0.5866491643253025,0.36748270738080563,-8.296130253981532
1,1739.0,-0.5866491494402342,0.36748271737745114,-8.296129969577821
1,1740.0,-0.5866491347786715,0.36748272785429464,-8.296129689444555
1,1741.0,-0.5866491203406146,0.3674827388113362,-8.296129413581731
1,1742.0,-0.5866491061260634,0.36748275024857574,-8.29612914198935
1,1743.0,-0.5866490921350179,0.36748276216601333,-8.296128874667419
1,1744.0,-0.586649078367478,0.3674827745636489,-8.296128611615927
1,1745.0,-0.586649064823444,0.36748278744148255,-8.296128352834879
1,1746.0,-0.5866490515029157,0.3674828007995142,-8.296128098324282
1,1747.0,-0.586649038405893,0.36748281463774385,-8.296127848084119
1,1748.0,-0.5866490255323761,0.3674828289561715,-8.296127602114405
1,1749.0,-0.586649013206933,0.3674828447304674,-8.296127366616545
1,1750.0,-0.5866490011195409,0.36748286096213323,-8.296127135667042
1,1751.0,-0.5866489891619973,0.36748287731722334,-8.296126907198506
1,1752.0,-0.5866489773343021,0.3674828937957378,-8.296126681210934
1,1753.0,-0.5866489656364553,0.3674829103976765,-8.296126457704336
1,1754.0,-0.5866489540684571,0.3674829271230395,-8.296126236678703
1,1755.0,-0.5866489426303073,0.3674829439718268,-8.29612601813404
1,1756.0,-0.5866489313220059,0.36748296094403843,-8.296125802070343
1,1757.0,-0.5866489201435531,0.36748297803967434,-8.296125588487616
1,1758.0,-0.5866489090949486,0.36748299525873457,-8.296125377385858
1,1759.0,-0.5866488981761927,0.3674830126012191,-8.296125168765066
1,1760.0,-0.5866488873872852,0.3674830300671279,-8.296124962625244
1,1761.0,-0.5866488767282261,0.36748304765646106,-8.296124758966393
1,1762.0,-0.5866488661990156,0.36748306536921843,-8.296124557788508
1,1763.0,-0.5866488557996534,0.3674830832054002,-8.296124359091593
1,1764.0,-0.5866488455301397,0.3674831011650062,-8.296124162875644
1,1765.0,-0.5866488353904745,0.3674831192480365,-8.296123969140663
1,1766.0,-0.5866488253806578,0.3674831374544911,-8.296123777886647
1,1767.0,-0.5866488155006895,0.3674831557843701,-8.29612358911361
1,1768.0,-0.5866488057505697,0.3674831742376733,-8.296123402821534
1,1769.0,-0.5866487961302983,0.3674831928144008,-8.296123219010424
1,1770.0,-0.5866487866398753,0.3674832115145526,-8.296123037680287
1,1771.0,-0.5866487772793009,0.36748323033812874,-8.296122858831117
1,1772.0,-0.5866487680485749,0.36748324928512915,-8.296122682462917
1,1773.0,-0.5866487589476974,0.3674832683555539,-8.296122508575685
1,1774.0,-0.5866487499766683,0.3674832875494029,-8.296122337169416
1,1775.0,-0.5866487411354877,0.36748330686667624,-8.296122168244127
1,1776.0,-0.5866487324241555,0.36748332630737385,-8.296122001799793
1,1777.0,-0.5866487238426717,0.3674833458714958,-8.29612183783643
1,1778.0,-0.5866487153910366,0.367483365559042,-8.296121676354042
1,1779.0,-0.5866487070692498,0.3674833853700125,-8.296121517352619
1,1780.0,-0.5866486988773114,0.3674834053044074,-8.296121360832165
1,1781.0,-0.5866486908152215,0.36748342536222645,-8.29612120679268
1,1782.0,-0.5866486828829802,0.3674834455434699,-8.296121055234163
1,1783.0,-0.5866486750805873,0.3674834658481376,-8.296120906156615
1,1784.0,-0.5866486674080428,0.3674834862762296,-8.296120759560031
1,1785.0,-0.5866486598653468,0.367483506827746,-8.29612061544442
1,1786.0,-0.5866486524524991,0.3674835275026866,-8.296120473809772
1,1787.0,-0.5866486451695,0.3674835483010515,-8.296120334656097
1,1788.0,-0.5866486380163494,0.36748356922284076,-8.296120197983392
1,1789.0,-0.5866486309930472,0.36748359026805427,-8.296120063791653
1,1790.0,-0.5866486240995934,0.3674836114366921,-8.296119932080881
1,1791.0,-0.5866486173359882,0.36748363272875423,-8.296119802851079
1,1792.0,-0.5866486107022314,0.36748365414424067,-8.296119676102242
1,1793.0,-0.586648604198323,0.3674836756831514,-8.29611955183438
1,1794.0,-0.5866485978242632,0.3674836973454864,-8.296119430047481
1,1795.0,-0.5866485915800517,0.3674837191312457,-8.296119310741553
1,1796.0,-0.5866485854656887,0.36748374104042936,-8.29611919391659
1,1797.0,-0.5866485794811742,0.36748376307303726,-8.2961190795726
1,1798.0,-0.5866485736265081,0.3674837852290695,-8.296118967709576
1,1799.0,-0.5866485679016905,0.36748380750852605,-8.296118858327517
1,1800.0,-0.5866485623067214,0.3674838299114069,-8.29611875142643
1,1801.0,-0.5866485568416007,0.367483852437712,-8.296118647006312
1,1802.0,-0.5866485515063284,0.3674838750874414,-8.296118545067165
1,1803.0,-0.5866485463009047,0.36748389786059515,-8.29611844560898
1,1804.0,-0.5866485412253294,0.3674839207571732,-8.296118348631765
1,1805.0,-0.5866485362796026,0.3674839437771755,-8.296118254135523
1,1806.0,-0.5866485314637242,0.36748396692060215,-8.296118162120246
1,1807.0,-0.5866485267776942,0.3674839901874531,-8.296118072585937
1,1808.0,-0.5866485222215128,0.3674840135777283,-8.296117985532597
1,1809.0,-0.5866485177951798,0.36748403709142785,-8.296117900960223
1,1810.0,-0.5866485134986952,0.36748406072855166,-8.296117818868822
1,1811.0,-0.5866485093320591,0.3674840844890998,-8.296117739258385
1,1812.0,-0.5866485056368996,0.3674841089182329,-8.296117668656285
1,1813.0,-0.5866485020299796,0.36748413334423613,-8.296117599740148
1,1814.0,-0.5866484984783753,0.36748415771204673,-8.296117531880906
1,1815.0,-0.5866484949820867,0.3674841820216647,-8.296117465078563
1,1816.0,-0.5866484915411139,0.36748420627309014,-8.296117399333118
1,1817.0,-0.5866484881554568,0.3674842304663229,-8.29611733464457
1,1818.0,-0.5866484848251153,0.367484254601363,-8.29611727101292
1,1819.0,-0.5866484815500898,0.3674842786782106,-8.296117208438169
1,1820.0,-0.5866484783303797,0.3674843026968655,-8.296117146920313
1,1821.0,-0.5866484751659855,0.3674843266573278,-8.296117086459361
1,1822.0,-0.586648472056907,0.3674843505595975,-8.296117027055299
1,1823.0,-0.5866484690031442,0.3674843744036746,-8.296116968708139
1,1824.0,-0.5866484660046971,0.367484398189559,-8.296116911417878
1,1825.0,-0.5866484630615658,0.3674844219172509,-8.296116855184513
1,1826.0,-0.5866484601737502,0.36748444558675014,-8.296116800008045
1,1827.0,-0.5866484573412503,0.3674844691980567,-8.296116745888476
1,1828.0,-0.5866484545640661,0.36748449275117073,-8.296116692825803
1,1829.0,-0.5866484518421976,0.36748451624609213,-8.29611664082003
1,1830.0,-0.5866484491756448,0.3674845396828209,-8.296116589871156
1,1831.0,-0.5866484465644078,0.3674845630613571,-8.296116539979174
1,1832.0,-0.5866484440084866,0.3674845863817006,-8.296116491144097
1,1833.0,-0.586648441507881,0.36748460964385155,-8.296116443365916
1,1834.0,-0.5866484390625911,0.36748463284780986,-8.29611639664463
1,1835.0,-0.586648436672617,0.36748465599357555,-8.296116350980249
1,1836.0,-0.5866484343379587,0.3674846790811486,-8.296116306372756
1,1837.0,-0.5866484320586159,0.3674847021105291,-8.296116262822162
1,1838.0,-0.586648429834589,0.3674847250817169,-8.296116220328473
1,1839.0,-0.5866484276658778,0.3674847479947122,-8.296116178891676
1,1840.0,-0.5866484255524822,0.3674847708495148,-8.296116138511781
1,1841.0,-0.5866484234944025,0.3674847936461248,-8.296116099188785
1,1842.0,-0.5866484214916384,0.3674848163845422,-8.29611606092268
1,1843.0,-0.58664841954419,0.367484839064767,-8.296116023713475
1,1844.0,-0.5866484176520574,0.36748486168679917,-8.296115987561175
1,1845.0,-0.5866484158152405,0.3674848842506387,-8.296115952465765
1,1846.0,-0.5866484140337394,0.36748490675628565,-8.296115918427255
1,1847.0,-0.5866484123075539,0.36748492920374,-8.296115885445644
1,1848.0,-0.5866484106366842,0.36748495159300165,-8.296115853520927
1,1849.0,-0.5866484090211301,0.36748497392407076,-8.296115822653112
1,1850.0,-0.5866484074608919,0.36748499619694724,-8.296115792842192
1,1851.0,-0.5866484059559693,0.3674850184116311,-8.296115764088173
1,1852.0,-0.5866484045063625,0.36748504056812237,-8.29611573639105
1,1853.0,-0.5866484031120713,0.36748506266642095,-8.296115709750827
1,1854.0,-0.586648401773096,0.36748508470652697,-8.296115684167498
1,1855.0,-0.5866484004894362,0.36748510668844037,-8.296115659641066
1,1856.0,-0.5866483992610924,0.36748512861216115,-8.296115636171535
1,1857.0,-0.5866483980880641,0.36748515047768937,-8.296115613758905
1,1858.0,-0.5866483969703515,0.3674851722850249,-8.296115592403169
1,1859.0,-0.5866483959079548,0.36748519403416785,-8.296115572104329
1,1860.0,-0.5866483949008737,0.36748521572511816,-8.296115552862387
1,1861.0,-0.5866483939491084,0.36748523735787586,-8.296115534677345
1,1862.0,-0.5866483930526588,0.367485258932441,-8.296115517549202
1,1863.0,-0.5866483922115249,0.36748528044881346,-8.296115501477958
1,1864.0,-0.5866483914257067,0.3674853019069933,-8.296115486463606
1,1865.0,-0.5866483906952042,0.3674853233069806,-8.296115472506159
1,1866.0,-0.5866483900200176,0.3674853446487752,-8.296115459605604
1,1867.0,-0.5866483894001465,0.36748536593237724,-8.296115447761947
1,1868.0,-0.5866483888355912,0.3674853871577866,-8.296115436975192
1,1869.0,-0.5866483883263517,0.3674854083250034,-8.296115427245333
1,1870.0,-0.5866483878724278,0.3674854294340276,-8.296115418572372
1,1871.0,-0.5866483874738198,0.36748545048485914,-8.29611541095631
1,1872.0,-0.5866483871305274,0.3674854714774981,-8.296115404397144
1,1873.0,-0.5866483868425506,0.36748549241194445,-8.296115398894871
1,1874.0,-0.5866483866098897,0.3674855132881982,-8.296115394449505
1,1875.0,-0.5866483864325445,0.3674855341062593,-8.296115391061033
1,1876.0,-0.586648386310515,0.3674855548661278,-8.296115388729458
1,1877.0,-0.5866483862438012,0.36748557556780365,-8.296115387454781
1,1878.0,-0.5866483862324031,0.3674855962112869,-8.296115387237002
1,1879.0,-0.5866483862763208,0.36748561679657754,-8.296115388076123
1,1880.0,-0.5866483863755542,0.36748563732367556,-8.296115389972137
1,1881.0,-0.5866483865301033,0.36748565779258097,-8.296115392925055
1,1882.0,-0.5866483867399681,0.36748567820329375,-8.296115396934868
1,1883.0,-0.5866483870051487,0.3674856985558139,-8.296115402001577
1,1884.0,-0.586648387325645,0.36748571885014153,-8.296115408125184
1,1885.0,-0.5866483877014569,0.36748573908627646,-8.29611541530569
1,1886.0,-0.5866483881325847,0.3674857592642188,-8.296115423543094
1,1887.0,-0.5866483886190281,0.36748577938396854,-8.2961154328374
1,1888.0,-0.5866483891607872,0.3674857994455256,-8.296115443188599
1,1889.0,-0.5866483898266285,0.3674858194027586,-8.296115455910588
1,1890.0,-0.5866483907426961,0.36748583912801186,-8.296115473413568
1,1891.0,-0.5866483916666708,0.36748585875717416,-8.296115491067622
1,1892.0,-0.5866483925985523,0.36748587829024537,-8.296115508872752
1,1893.0,-0.5866483935383406,0.3674858977272255,-8.296115526828954
1,1894.0,-0.5866483944860359,0.3674859170681146,-8.296115544936232
1,1895.0,-0.586648395441638,0.3674859363129127,-8.296115563194581
1,1896.0,-0.586648396405147,0.3674859554616198,-8.296115581604004
1,1897.0,-0.5866483973765628,0.36748597451423576,-8.296115600164503
1,1898.0,-0.5866483983558857,0.36748599347076066,-8.296115618876076
1,1899.0,-0.5866483993431153,0.3674860123311946,-8.296115637738723
1,1900.0,-0.5866484003382517,0.3674860310955374,-8.29611565675244
1,1901.0,-0.5866484013412951,0.36748604976378924,-8.296115675917234
1,1902.0,-0.5866484023522455,0.36748606833595,-8.296115695233102
1,1903.0,-0.5866484033711026,0.3674860868120197,-8.296115714700042
1,1904.0,-0.5866484043978666,0.36748610519199837,-8.296115734318057
1,1905.0,-0.5866484054325375,0.367486123475886,-8.296115754087143
1,1906.0,-0.5866484064751153,0.3674861416636826,-8.29611577400731
1,1907.0,-0.5866484075255999,0.3674861597553881,-8.296115794078545
1,1908.0,-0.5866484085839915,0.3674861777510026,-8.296115814300856
1,1909.0,-0.5866484096502899,0.36748619565052604,-8.296115834674241
1,1910.0,-0.5866484107244951,0.3674862134539585,-8.296115855198702
1,1911.0,-0.5866484118066073,0.3674862311612998,-8.296115875874236
1,1912.0,-0.5866484128966264,0.36748624877255015,-8.29611589670084
1,1913.0,-0.5866484139945524,0.3674862662877094,-8.29611591767852
1,1914.0,-0.5866484151003851,0.3674862837067776,-8.296115938807276
1,1915.0,-0.5866484162141248,0.36748630102975477,-8.296115960087104
1,1916.0,-0.5866484173357713,0.3674863182566409,-8.296115981518007
1,1917.0,-0.5866484184653248,0.367486335387436,-8.29611600309998
1,1918.0,-0.5866484196027851,0.36748635242214006,-8.29611602483303
1,1919.0,-0.5866484207481524,0.367486369360753,-8.296116046717158
1,1920.0,-0.5866484219014264,0.367486386203275,-8.296116068752355
1,1921.0,-0.5866484230626073,0.36748640294970586,-8.296116090938625
1,1922.0,-0.5866484242316952,0.36748641960004574,-8.296116113275971
1,1923.0,-0.5866484254086899,0.36748643615429455,-8.296116135764391
1,1924.0,-0.5866484265935915,0.36748645261245233,-8.296116158403883
1,1925.0,-0.5866484277863999,0.36748646897451903,-8.296116181194453
1,1926.0,-0.5866484289871153,0.3674864852404947,-8.296116204136094
1,1927.0,-0.5866484301957375,0.36748650141037936,-8.296116227228811
1,1928.0,-0.5866484314122666,0.36748651748417294,-8.2961162504726
1,1929.0,-0.5866484326367026,0.3674865334618755,-8.296116273867462
1,1930.0,-0.5866484338690455,0.367486549343487,-8.2961162974134
1,1931.0,-0.5866484351092952,0.36748656512900746,-8.296116321110409
1,1932.0,-0.5866484363574518,0.3674865808184368,-8.296116344958497
1,1933.0,-0.5866484376135154,0.3674865964117752,-8.296116368957655
1,1934.0,-0.5866484388774857,0.36748661190902254,-8.296116393107889
1,1935.0,-0.5866484401493629,0.3674866273101788,-8.296116417409193
1,1936.0,-0.5866484414291471,0.36748664261524405,-8.296116441861574
1,1937.0,-0.5866484427168381,0.3674866578242182,-8.29611646646503
1,1938.0,-0.586648444012436,0.36748667293710136,-8.296116491219559
1,1939.0,-0.5866484453159407,0.36748668795389344,-8.29611651612516
1,1940.0,-0.5866484466273524,0.3674867028745945,-8.296116541181835
1,1941.0,-0.5866484479466709,0.3674867176992045,-8.296116566389589
1,1942.0,-0.5866484492738963,0.36748673242772345,-8.29611659174841
1,1943.0,-0.5866484506090286,0.36748674706015133,-8.29611661725831
1,1944.0,-0.5866484519520677,0.36748676159648824,-8.29611664291928
1,1945.0,-0.5866484533030137,0.367486776036734,-8.296116668731326
1,1946.0,-0.5866484546618667,0.36748679038088883,-8.296116694694447
1,1947.0,-0.5866484560286265,0.36748680462895256,-8.296116720808639
1,1948.0,-0.5866484574032932,0.3674868187809252,-8.296116747073908
1,1949.0,-0.5866484587858667,0.3674868328368069,-8.296116773490247
1,1950.0,-0.5866484601763471,0.3674868467965975,-8.296116800057662
1,1951.0,-0.5866484615747345,0.367486860660297,-8.296116826776155
1,1952.0,-0.5866484629810286,0.3674868744279055,-8.296116853645715
1,1953.0,-0.5866484643952297,0.367486888099423,-8.296116880666354
1,1954.0,-0.5866484658173376,0.3674869016748494,-8.296116907838066
1,1955.0,-0.5866484672473524,0.36748691515418475,-8.296116935160851
1,1956.0,-0.5866484686852741,0.3674869285374291,-8.296116962634708
1,1957.0,-0.5866484701311027,0.36748694182458236,-8.296116990259637
1,1958.0,-0.5866484715848381,0.3674869550156446,-8.296117018035648
1,1959.0,-0.5866484730464805,0.36748696811061576,-8.296117045962731
1,1960.0,-0.5866484745160297,0.36748698110949596,-8.296117074040884
1,1961.0,-0.5866484759934858,0.367486994012285,-8.296117102270113
1,1962.0,-0.5866484774788487,0.3674870068189831,-8.296117130650414
1,1963.0,-0.5866484789721186,0.3674870195295901,-8.29611715918179
1,1964.0,-0.5866484804732953,0.36748703214410605,-8.296117187864239
1,1965.0,-0.586648481982379,0.36748704466253096,-8.296117216697766
1,1966.0,-0.5866484834993694,0.36748705708486484,-8.296117245682362
1,1967.0,-0.5866484850242668,0.3674870694111077,-8.296117274818036
1,1968.0,-0.586648486557071,0.3674870816412595,-8.296117304104781
1,1969.0,-0.5866484880977821,0.3674870937753202,-8.296117333542599
1,1970.0,-0.5866484896464002,0.3674871058132899,-8.296117363131497
1,1971.0,-0.586648491202925,0.3674871177551685,-8.29611739287146
1,1972.0,-0.5866484927673568,0.36748712960095614,-8.296117422762503
1,1973.0,-0.5866484943396953,0.3674871413506527,-8.29611745280462
1,1974.0,-0.5866484959199408,0.3674871530042582,-8.296117482997806
1,1975.0,-0.5866484975080932,0.36748716456177266,-8.296117513342072
1,1976.0,-0.5866484991041525,0.3674871760231961,-8.296117543837408
1,1977.0,-0.5866485007081187,0.3674871873885285,-8.29611757448382
1,1978.0,-0.5866485023199917,0.3674871986577698,-8.296117605281305
1,1979.0,-0.5866485039397716,0.3674872098309201,-8.296117636229864
1,1980.0,-0.5866485055674584,0.3674872209079793,-8.296117667329499
1,1981.0,-0.5866485072030521,0.36748723188894755,-8.296117698580204
1,1982.0,-0.5866485088465526,0.36748724277382466,-8.296117729981981
1,1983.0,-0.58664851049796,0.3674872535626108,-8.29611776153484
1,1984.0,-0.5866485121572743,0.36748726425530587,-8.296117793238766
1,1985.0,-0.5866485138244955,0.36748727485190985,-8.296117825093772
1,1986.0,-0.5866485154996235,0.3674872853524228,-8.296117857099848
1,1987.0,-0.5866485171826584,0.36748729575684475,-8.296117889256994
1,1988.0,-0.5866485188736003,0.36748730606517566,-8.29611792156522
1,1989.0,-0.5866485205724489,0.3674873162774155,-8.296117954024517
1,1990.0,-0.5866485222792045,0.36748732639356424,-8.29611798663489
1,1991.0,-0.5866485239938669,0.367487336413622,-8.296118019396335
1,1992.0,-0.5866485257164362,0.3674873463375887,-8.296118052308856
1,1993.0,-0.5866485274469124,0.36748735616546435,-8.29611808537245
1,1994.0,-0.5866485291852955,0.36748736589724895,-8.296118118587119
1,1995.0,-0.5866485309315854,0.36748737553294253,-8.29611815195286
1,1996.0,-0.5866485326857823,0.367487385072545,-8.296118185469675
1,1997.0,-0.586648534447886,0.3674873945160565,-8.296118219137565
1,1998.0,-0.5866485362178966,0.36748740386347695,-8.296118252956528
1,1999.0,-0.5866485379958141,0.3674874131148063,-8.296118286926564
1,2000.0,-0.5866485397816384,0.36748742227004466,-8.296118321047675
1,2001.0,-0.5866485415773419,0.36748743122828503,-8.296118355357546
1,2002.0,-0.5866485433840579,0.36748743951599366,-8.296118389877826
1,2003.0,-0.586648545183602,0.367487447752531,-8.296118424261074
1,2004.0,-0.5866485469759741,0.367487455937897,-8.296118458507292
1,2005.0,-0.5866485487611744,0.36748746407209176,-8.296118492616479
1,2006.0,-0.5866485505392028,0.3674874721551152,-8.296118526588634
1,2007.0,-0.5866485523100593,0.3674874801869673,-8.296118560423762
1,2008.0,-0.5866485540737438,0.36748748816764815,-8.29611859412186
1,2009.0,-0.5866485558302565,0.3674874960971577,-8.29611862768292
1,2010.0,-0.5866485575795973,0.3674875039754959,-8.296118661106952
1,2011.0,-0.5866485593217662,0.3674875118026628,-8.296118694393954
1,2012.0,-0.5866485610567632,0.3674875195786585,-8.296118727543925
1,2013.0,-0.5866485627845883,0.36748752730348283,-8.296118760556865
1,2014.0,-0.5866485645052415,0.3674875349771358,-8.296118793432775
1,2015.0,-0.5866485662187227,0.3674875425996176,-8.296118826171652
1,2016.0,-0.5866485679250322,0.36748755017092805,-8.2961188587735
1,2017.0,-0.5866485696241697,0.36748755769106717,-8.296118891238319
1,2018.0,-0.5866485713161352,0.367487565160035,-8.296118923566102
1,2019.0,-0.5866485730009289,0.36748757257783154,-8.296118955756853
1,2020.0,-0.5866485746785507,0.3674875799444568,-8.296118987810578
1,2021.0,-0.5866485763490006,0.3674875872599107,-8.296119019727273
1,2022.0,-0.5866485780122785,0.3674875945241934,-8.296119051506933
1,2023.0,-0.5866485796683847,0.3674876017373047,-8.296119083149565
1,2024.0,-0.5866485813173188,0.36748760889924476,-8.296119114655163
1,2025.0,-0.5866485829590812,0.3674876160100135,-8.296119146023731
1,2026.0,-0.5866485845936715,0.36748762306961097,-8.29611917725527
1,2027.0,-0.58664858622109,0.3674876300780371,-8.296119208349776
1,2028.0,-0.5866485878413366,0.3674876370352919,-8.296119239307254
1,2029.0,-0.5866485894544113,0.3674876439413755,-8.296119270127697
1,2030.0,-0.5866485910603141,0.36748765079628776,-8.296119300811112
1,2031.0,-0.586648592659045,0.36748765760002866,-8.296119331357495
1,2032.0,-0.586648594250604,0.36748766435259833,-8.296119361766845
1,2033.0,-0.5866485958349911,0.3674876710539967,-8.296119392039166
1,2034.0,-0.5866485974122062,0.36748767770422375,-8.296119422174456
1,2035.0,-0.5866485989822495,0.3674876843032795,-8.296119452172714
1,2036.0,-0.5866486005451209,0.36748769085116395,-8.29611948203394
1,2037.0,-0.5866486021008205,0.3674876973478771,-8.296119511758143
1,2038.0,-0.586648603649348,0.36748770379341894,-8.296119541345305
1,2039.0,-0.5866486051907037,0.36748771018778953,-8.296119570795442
1,2040.0,-0.5866486067248875,0.3674877165309888,-8.296119600108549
1,2041.0,-0.5866486082518995,0.3674877228230167,-8.296119629284622
1,2042.0,-0.5866486097717394,0.3674877290638734,-8.296119658323667
1,2043.0,-0.5866486112844075,0.36748773525355877,-8.296119687225676
1,2044.0,-0.5866486127899038,0.3674877413920728,-8.29611971599066
1,2045.0,-0.586648614288228,0.36748774747941554,-8.296119744618606
1,2046.0,-0.5866486157793804,0.36748775351558705,-8.29611977310953
1,2047.0,-0.5866486172633609,0.3674877595005872,-8.296119801463416
1,2048.0,-0.5866486187401695,0.367487765434416,-8.29611982968027
1,2049.0,-0.5866486202098062,0.3674877713170736,-8.2961198577601
1,2050.0,-0.586648621672271,0.3674877771485599,-8.296119885702895
1,2051.0,-0.5866486231275639,0.36748778292887485,-8.296119913508656
1,2052.0,-0.5866486245756849,0.3674877886580185,-8.296119941177391
1,2053.0,-0.586648626016634,0.3674877943359909,-8.296119968709093
1,2054.0,-0.5866486274504112,0.36748779996279196,-8.296119996103766
1,2055.0,-0.5866486288770165,0.3674878055384217,-8.296120023361405
1,2056.0,-0.58664863029645,0.3674878110628802,-8.296120050482015
1,2057.0,-0.5866486317087114,0.36748781653616736,-8.296120077465593
1,2058.0,-0.586648633113801,0.3674878219582832,-8.296120104312143
1,2059.0,-0.5866486345117188,0.3674878273292278,-8.296120131021661
1,2060.0,-0.5866486359024645,0.3674878326490011,-8.296120157594144
1,2061.0,-0.5866486372860384,0.36748783791760303,-8.2961201840296
1,2062.0,-0.5866486386624404,0.3674878431350337,-8.296120210328022
1,2063.0,-0.5866486400316706,0.3674878483012931,-8.296120236489418
1,2064.0,-0.5866486413937287,0.3674878534163812,-8.296120262513776
1,2065.0,-0.5866486427486151,0.3674878584802979,-8.29612028840111
1,2066.0,-0.5866486440963296,0.3674878634930434,-8.29612031415141
1,2067.0,-0.586648645436872,0.3674878684546176,-8.29612033976468
1,2068.0,-0.5866486467702426,0.3674878733650205,-8.296120365240919
1,2069.0,-0.5866486480964413,0.36748787822425205,-8.296120390580127
1,2070.0,-0.5866486494154681,0.36748788303231233,-8.296120415782303
1,2071.0,-0.5866486507273231,0.36748788778920133,-8.296120440847448
1,2072.0,-0.5866486520320061,0.367487892494919,-8.296120465775562
1,2073.0,-0.5866486533295172,0.3674878971494654,-8.296120490566647
1,2074.0,-0.5866486546198564,0.36748790175284046,-8.296120515220702
1,2075.0,-0.5866486559030237,0.36748790630504424,-8.296120539737723
1,2076.0,-0.5866486571790192,0.36748791080607673,-8.296120564117713
1,2077.0,-0.5866486584478426,0.3674879152559379,-8.296120588360672
1,2078.0,-0.5866486597094943,0.3674879196546278,-8.2961206124666
1,2079.0,-0.586648660963974,0.36748792400214636,-8.296120636435498
1,2080.0,-0.5866486622112818,0.3674879282984937,-8.296120660267364
1,2081.0,-0.5866486634514178,0.3674879325436697,-8.296120683962203
1,2082.0,-0.5866486646843817,0.3674879367376743,-8.296120707520009
1,2083.0,-0.5866486659101738,0.36748794088050774,-8.296120730940782
1,2084.0,-0.586648667128794,0.3674879449721698,-8.296120754224527
1,2085.0,-0.5866486683402424,0.36748794901266063,-8.29612077737124
1,2086.0,-0.5866486695445188,0.3674879530019801,-8.29612080038092
1,2087.0,-0.5866486707416233,0.3674879569401283,-8.296120823253569
1,2088.0,-0.5866486719315559,0.3674879608271052,-8.29612084598919
1,2089.0,-0.5866486731143167,0.3674879646629108,-8.29612086858778
1,2090.0,-0.5866486742899055,0.3674879684475451,-8.29612089104934
1,2091.0,-0.5866486754583224,0.3674879721810081,-8.296120913373867
1,2092.0,-0.5866486766195674,0.3674879758632998,-8.296120935561358
1,2093.0,-0.5866486777736405,0.3674879794944202,-8.296120957611823
1,2094.0,-0.5866486789205417,0.36748798307436925,-8.296120979525258
1,2095.0,-0.586648680060271,0.3674879866031471,-8.29612100130166
1,2096.0,-0.5866486811928285,0.36748799008075356,-8.296121022941035
1,2097.0,-0.586648682318214,0.36748799350718875,-8.296121044443375
1,2098.0,-0.5866486834364276,0.36748799688245265,-8.296121065808684
1,2099.0,-0.5866486845474694,0.36748800020654526,-8.296121087036967
1,2100.0,-0.5866486856513392,0.3674880034794666,-8.296121108128215
1,2101.0,-0.5866486867480372,0.36748800670121656,-8.296121129082433
1,2102.0,-0.5866486878375632,0.3674880098717953,-8.29612114989962
1,2103.0,-0.5866486889199173,0.3674880129912027,-8.296121170579772
1,2104.0,-0.5866486899950996,0.3674880160594388,-8.2961211911229
1,2105.0,-0.5866486910631098,0.3674880190765036,-8.296121211528991
1,2106.0,-0.5866486921239483,0.3674880220423971,-8.296121231798054
1,2107.0,-0.5866486931776148,0.3674880249571193,-8.296121251930087
1,2108.0,-0.5866486942241095,0.36748802782067025,-8.296121271925086
1,2109.0,-0.5866486952634322,0.36748803063304986,-8.296121291783061
1,2110.0,-0.586648696295583,0.3674880333942582,-8.296121311504
1,2111.0,-0.5866486973205619,0.36748803610429515,-8.296121331087905
1,2112.0,-0.586648698338369,0.3674880387631609,-8.296121350534786
1,2113.0,-0.5866486993490041,0.3674880413708553,-8.29612136984463
1,2114.0,-0.5866487003524673,0.3674880439273784,-8.296121389017442
1,2115.0,-0.5866487013487587,0.3674880464327302,-8.29612140805323
1,2116.0,-0.5866487023378781,0.3674880488869107,-8.296121426951986
1,2117.0,-0.5866487033198257,0.36748805128991996,-8.296121445713704
1,2118.0,-0.5866487042946013,0.36748805364175785,-8.296121464338396
1,2119.0,-0.586648705262205,0.36748805594242445,-8.296121482826058
1,2120.0,-0.5866487062226369,0.3674880581919198,-8.296121501176689
1,2121.0,-0.5866487071758968,0.36748806039024384,-8.296121519390287
1,2122.0,-0.5866487081219848,0.3674880625373965,-8.296121537466854
1,2123.0,-0.5866487090609009,0.36748806463337796,-8.296121555406392
1,2124.0,-0.5866487099926452,0.36748806667818806,-8.2961215732089
1,2125.0,-0.5866487109172175,0.3674880686718269,-8.296121590874371
1,2126.0,-0.586648711834618,0.36748807061429445,-8.296121608402817
1,2127.0,-0.5866487127448465,0.3674880725055906,-8.29612162579423
1,2128.0,-0.5866487136479032,0.36748807434571557,-8.296121643048611
1,2129.0,-0.5866487145437879,0.3674880761346692,-8.296121660165962
1,2130.0,-0.5866487154325007,0.3674880778724515,-8.296121677146285
1,2131.0,-0.5866487163140416,0.36748807955906254,-8.296121693989571
1,2132.0,-0.5866487171884107,0.36748808119450227,-8.296121710695832
1,2133.0,-0.5866487180556078,0.3674880827787707,-8.296121727265058
1,2134.0,-0.5866487189156331,0.36748808431186786,-8.296121743697258
1,2135.0,-0.5866487197684864,0.36748808579379366,-8.296121759992424
1,2136.0,-0.5866487206141678,0.3674880872245482,-8.296121776150555
1,2137.0,-0.5866487214526774,0.3674880886041314,-8.296121792171663
1,2138.0,-0.586648722284015,0.36748808993254334,-8.29612180805573
1,2139.0,-0.5866487231081807,0.367488091209784,-8.296121823802777
1,2140.0,-0.5866487239251746,0.36748809243585334,-8.296121839412784
1,2141.0,-0.5866487247349965,0.36748809361075135,-8.296121854885769
1,2142.0,-0.5866487255226785,0.3674880946649313,-8.296121869935726
1,2143.0,-0.5866487262589674,0.3674880954803005,-8.296121884003732
1,2144.0,-0.586648726990745,0.36748809628547563,-8.296121897985552
1,2145.0,-0.5866487277180115,0.36748809708045677,-8.296121911881173
1,2146.0,-0.5866487284407668,0.3674880978652439,-8.2961219256906
1,2147.0,-0.5866487291590109,0.367488098639837,-8.296121939413835
1,2148.0,-0.586648729872744,0.3674880994042361,-8.296121953050879
1,2149.0,-0.5866487305819658,0.3674881001584412,-8.296121966601728
1,2150.0,-0.5866487312866764,0.36748810090245226,-8.296121980066385
1,2151.0,-0.586648731986876,0.3674881016362693,-8.29612199344485
1,2152.0,-0.5866487326825643,0.3674881023598924,-8.296122006737118
1,2153.0,-0.5866487333737416,0.3674881030733214,-8.296122019943198
1,2154.0,-0.5866487340604075,0.36748810377655644,-8.29612203306308
1,2155.0,-0.5866487347425624,0.36748810446959745,-8.296122046096771
1,2156.0,-0.5866487354202061,0.36748810515244446,-8.29612205904427
1,2157.0,-0.5866487360933388,0.36748810582509744,-8.296122071905577
1,2158.0,-0.5866487367619602,0.3674881064875565,-8.296122084680686
1,2159.0,-0.5866487374260704,0.36748810713982144,-8.296122097369604
1,2160.0,-0.5866487380856695,0.3674881077818924,-8.29612210997233
1,2161.0,-0.5866487387407574,0.36748810841376933,-8.29612212248886
1,2162.0,-0.5866487393913342,0.36748810903545226,-8.296122134919202
1,2163.0,-0.5866487400373999,0.36748810964694123,-8.296122147263349
1,2164.0,-0.5866487406789542,0.36748811024823613,-8.2961221595213
1,2165.0,-0.5866487413159975,0.367488110839337,-8.296122171693062
1,2166.0,-0.5866487419485297,0.3674881114202439,-8.296122183778625
1,2167.0,-0.5866487425765506,0.3674881119909568,-8.296122195777999
1,2168.0,-0.5866487432000606,0.3674881125514757,-8.296122207691182
1,2169.0,-0.5866487438190592,0.3674881131018005,-8.29612221951817
1,2170.0,-0.5866487444335466,0.3674881136419314,-8.296122231258964
1,2171.0,-0.586648745043523,0.3674881141718682,-8.296122242913565
1,2172.0,-0.5866487456489882,0.3674881146916111,-8.296122254481974
1,2173.0,-0.5866487462499422,0.36748811520115987,-8.296122265964188
1,2174.0,-0.5866487468463851,0.36748811570051465,-8.296122277360208
1,2175.0,-0.5866487474383167,0.3674881161896755,-8.296122288670036
1,2176.0,-0.5866487480257373,0.36748811666864223,-8.296122299893673
1,2177.0,-0.5866487486086467,0.367488117137415,-8.296122311031116
1,2178.0,-0.5866487491870449,0.36748811759599376,-8.296122322082368
1,2179.0,-0.5866487497609321,0.36748811804437853,-8.296122333047425
1,2180.0,-0.5866487503303079,0.3674881184825693,-8.296122343926287
1,2181.0,-0.5866487508951727,0.367488118910566,-8.296122354718955
1,2182.0,-0.5866487514555263,0.3674881193283687,-8.296122365425434
1,2183.0,-0.5866487520113687,0.3674881197359774,-8.296122376045714
1,2184.0,-0.5866487525627,0.3674881201333921,-8.29612238657981
1,2185.0,-0.5866487531095201,0.3674881205206128,-8.296122397027707
1,2186.0,-0.5866487536518291,0.36748812089763944,-8.296122407389406
1,2187.0,-0.5866487541896269,0.3674881212644721,-8.29612241766492
1,2188.0,-0.5866487547229136,0.3674881216211108,-8.296122427854241
1,2189.0,-0.586648755251689,0.36748812196755537,-8.296122437957367
1,2190.0,-0.5866487557759533,0.367488122303806,-8.296122447974295
1,2191.0,-0.5866487562957065,0.36748812262986263,-8.296122457905033
1,2192.0,-0.5866487568109485,0.36748812294572525,-8.29612246774958
1,2193.0,-0.5866487573216793,0.3674881232513938,-8.296122477507934
1,2194.0,-0.586648757827899,0.3674881235468684,-8.296122487180094
1,2195.0,-0.5866487583296076,0.36748812383214896,-8.296122496766063
1,2196.0,-0.5866487588268049,0.3674881241072355,-8.296122506265831
1,2197.0,-0.5866487593194911,0.3674881243721281,-8.296122515679416
1,2198.0,-0.5866487598076662,0.3674881246268266,-8.296122525006803
1,2199.0,-0.5866487602913301,0.36748812487133115,-8.296122534247994
1,2200.0,-0.5866487607704828,0.3674881251056416,-8.296122543402994
1,2201.0,-0.5866487612451244,0.3674881253297581,-8.296122552471806
1,2202.0,-0.5866487617152548,0.3674881255436806,-8.29612256145442
1,2203.0,-0.586648762180874,0.3674881257474091,-8.296122570350844
1,2204.0,-0.5866487626419822,0.36748812594094354,-8.296122579161068
1,2205.0,-0.5866487630985792,0.367488126124284,-8.296122587885105
1,2206.0,-0.5866487635506649,0.36748812629743044,-8.296122596522947
1,2207.0,-0.5866487639982395,0.36748812646038287,-8.296122605074595
1,2208.0,-0.586648764441303,0.3674881266131413,-8.296122613540055
1,2209.0,-0.5866487648798553,0.36748812675570575,-8.296122621919316
1,2210.0,-0.5866487653138964,0.36748812688807614,-8.296122630212386
1,2211.0,-0.5866487657434264,0.3674881270102525,-8.296122638419263
1,2212.0,-0.5866487661684453,0.3674881271222349,-8.296122646539947
1,2213.0,-0.5866487665889529,0.36748812722402324,-8.296122654574438
1,2214.0,-0.5866487670049494,0.3674881273156176,-8.296122662522736
1,2215.0,-0.5866487674164348,0.3674881273970179,-8.29612267038484
1,2216.0,-0.586648767823409,0.3674881274682243,-8.296122678160751
1,2217.0,-0.586648768225872,0.3674881275292366,-8.296122685850468
1,2218.0,-0.5866487686238239,0.3674881275800549,-8.296122693453993
1,2219.0,-0.5866487690172646,0.3674881276206792,-8.296122700971328
1,2220.0,-0.5866487694061941,0.3674881276511095,-8.296122708402466
1,2221.0,-0.5866487697906125,0.36748812767134575,-8.296122715747408
1,2222.0,-0.5866487701705198,0.367488127681388,-8.296122723006162
1,2223.0,-0.5866487705459159,0.3674881276812363,-8.296122730178723
1,2224.0,-0.5866487709168008,0.3674881276708905,-8.296122737265089
1,2225.0,-0.5866487712831745,0.3674881276503507,-8.296122744265261
1,2226.0,-0.5866487716450371,0.36748812761961697,-8.29612275117924
1,2227.0,-0.5866487720023886,0.36748812757868915,-8.29612275800703
1,2228.0,-0.5866487723552288,0.3674881275275674,-8.296122764748622
1,2229.0,-0.586648772703558,0.36748812746625154,-8.296122771404022
1,2230.0,-0.586648773047376,0.36748812739474174,-8.296122777973231
1,2231.0,-0.5866487733866828,0.36748812731303787,-8.296122784456248
1,2232.0,-0.5866487737214784,0.36748812722114005,-8.296122790853065
1,2233.0,-0.586648774051763,0.36748812711904816,-8.296122797163697
1,2234.0,-0.5866487743775363,0.3674881270067623,-8.296122803388132
1,2235.0,-0.5866487746987984,0.3674881268842824,-8.296122809526373
1,2236.0,-0.5866487750155495,0.3674881267516085,-8.296122815578421
1,2237.0,-0.5866487753277893,0.3674881266087406,-8.296122821544278
1,2238.0,-0.586648775635518,0.3674881264556787,-8.296122827423941
1,2239.0,-0.5866487759387355,0.3674881262924228,-8.296122833217414
1,2240.0,-0.5866487762374419,0.3674881261189728,-8.29612283892469
1,2241.0,-0.5866487765316372,0.36748812593532887,-8.29612284454577
1,2242.0,-0.5866487768213212,0.3674881257414909,-8.296122850080662
1,2243.0,-0.5866487771064941,0.3674881255374589,-8.29612285552936
1,2244.0,-0.5866487773871558,0.36748812532323294,-8.296122860891867
1,2245.0,-0.5866487776633065,0.36748812509881296,-8.296122866168178
1,2246.0,-0.5866487779349459,0.3674881248641989,-8.296122871358294
1,2247.0,-0.5866487782020742,0.3674881246193909,-8.29612287646222
1,2248.0,-0.5866487784646912,0.3674881243643889,-8.29612288147995
1,2249.0,-0.5866487787227972,0.36748812409919285,-8.296122886411489
1,2250.0,-0.586648778976392,0.3674881238238028,-8.296122891256834
1,2251.0,-0.5866487792254756,0.36748812353821875,-8.296122896015987
1,2252.0,-0.5866487794700481,0.3674881232424406,-8.296122900688948
1,2253.0,-0.5866487797101094,0.36748812293646854,-8.296122905275713
1,2254.0,-0.5866487799456596,0.36748812262030245,-8.296122909776287
1,2255.0,-0.5866487801766985,0.36748812229394234,-8.296122914190663
1,2256.0,-0.5866487804032263,0.3674881219573882,-8.29612291851885
1,2257.0,-0.5866487806252431,0.3674881216106401,-8.296122922760844
1,2258.0,-0.5866487808427485,0.36748812125369795,-8.296122926916645
1,2259.0,-0.5866487810557429,0.3674881208865618,-8.296122930986252
1,2260.0,-0.5866487812642261,0.36748812050923163,-8.296122934969667
1,2261.0,-0.5866487814681982,0.36748812012170745,-8.296122938866892
1,2262.0,-0.586648781667659,0.36748811972398926,-8.296122942677917
1,2263.0,-0.5866487818626087,0.36748811931607706,-8.296122946402752
1,2264.0,-0.5866487820530474,0.36748811889797084,-8.296122950041395
1,2265.0,-0.5866487822389748,0.3674881184696706,-8.296122953593844
1,2266.0,-0.586648782420391,0.36748811803117637,-8.2961229570601
1,2267.0,-0.586648782597296,0.36748811758248817,-8.29612296044016
1,2268.0,-0.58664878276969,0.3674881171236059,-8.296122963734033
1,2269.0,-0.5866487829375727,0.36748811665452963,-8.296122966941706
1,2270.0,-0.5866487831009444,0.36748811617525934,-8.296122970063191
1,2271.0,-0.5866487832598049,0.36748811568579504,-8.296122973098482
1,2272.0,-0.5866487834141542,0.3674881151861368,-8.296122976047577
1,2273.0,-0.5866487835639923,0.36748811467628445,-8.296122978910482
1,2274.0,-0.5866487837093193,0.3674881141562381,-8.296122981687194
1,2275.0,-0.5866487838501351,0.36748811362599776,-8.296122984377712
1,2276.0,-0.5866487839864397,0.36748811308556345,-8.296122986982034
1,2277.0,-0.5866487841182332,0.3674881125349351,-8.296122989500168
1,2278.0,-0.5866487842455156,0.3674881119741127,-8.296122991932107
1,2279.0,-0.5866487843682867,0.36748811140309634,-8.29612299427785
1,2280.0,-0.5866487844865468,0.3674881108218859,-8.2961229965374
1,2281.0,-0.5866487846002957,0.36748811023048156,-8.296122998710764
1,2282.0,-0.5866487847095333,0.3674881096288831,-8.296123000797927
1,2283.0,-0.5866487848037095,0.3674881090107044,-8.29612300259732
1,2284.0,-0.586648784859498,0.3674881083677975,-8.29612300366325
1,2285.0,-0.5866487849147685,0.36748810772686324,-8.29612300471928
1,2286.0,-0.5866487849695209,0.3674881070879016,-8.296123005765418
1,2287.0,-0.5866487850237553,0.3674881064509125,-8.296123006801656
1,2288.0,-0.5866487850774716,0.3674881058158961,-8.296123007827996
1,2289.0,-0.58664878513067,0.3674881051828522,-8.296123008844436
1,2290.0,-0.5866487851833503,0.36748810455178094,-8.29612300985098
1,2291.0,-0.5866487852355126,0.3674881039226823,-8.296123010847625
1,2292.0,-0.5866487852871569,0.3674881032955562,-8.296123011834377
1,2293.0,-0.5866487853382831,0.3674881026704027,-8.296123012811229
1,2294.0,-0.5866487853888913,0.3674881020472218,-8.29612301377818
1,2295.0,-0.5866487854389815,0.36748810142601357,-8.296123014735235
1,2296.0,-0.5866487854885537,0.36748810080677785,-8.296123015682392
1,2297.0,-0.5866487855376078,0.3674881001895148,-8.296123016619651
1,2298.0,-0.5866487855861439,0.3674880995742243,-8.296123017547012
1,2299.0,-0.586648785634162,0.3674880989609064,-8.296123018464481
1,2300.0,-0.586648785681662,0.3674880983495611,-8.296123019372047
1,2301.0,-0.5866487857286441,0.3674880977401884,-8.296123020269713
1,2302.0,-0.586648785775108,0.3674880971327883,-8.296123021157486
1,2303.0,-0.5866487858210541,0.3674880965273608,-8.296123022035362
1,2304.0,-0.5866487858664821,0.3674880959239059,-8.296123022903334
1,2305.0,-0.5866487859113919,0.3674880953224236,-8.296123023761412
1,2306.0,-0.5866487859557838,0.36748809472291394,-8.296123024609596
1,2307.0,-0.5866487859996578,0.3674880941253768,-8.296123025447876
1,2308.0,-0.5866487860430135,0.3674880935298123,-8.29612302627626
1,2309.0,-0.5866487860858514,0.36748809293622037,-8.29612302709475
1,2310.0,-0.5866487861281712,0.36748809234460106,-8.296123027903336
1,2311.0,-0.586648786169973,0.36748809175495434,-8.29612302870203
1,2312.0,-0.5866487862112567,0.36748809116728026,-8.296123029490822
1,2313.0,-0.5866487862520224,0.3674880905815787,-8.29612303026972
1,2314.0,-0.5866487862922701,0.3674880899978498,-8.296123031038716
1,2315.0,-0.5866487863319998,0.36748808941609346,-8.296123031797821
1,2316.0,-0.5866487863712114,0.36748808883630973,-8.29612303254702
1,2317.0,-0.586648786409905,0.3674880882584986,-8.296123033286328
1,2318.0,-0.5866487864480806,0.3674880876826601,-8.296123034015732
1,2319.0,-0.5866487864857381,0.36748808710879416,-8.296123034735244
1,2320.0,-0.5866487865228777,0.36748808653690085,-8.296123035444854
1,2321.0,-0.5866487865594991,0.36748808596698007,-8.296123036144568
1,2322.0,-0.5866487865956027,0.36748808539903194,-8.296123036834386
1,2323.0,-0.5866487866311881,0.3674880848330564,-8.296123037514302
1,2324.0,-0.5866487866662555,0.3674880842690535,-8.296123038184325
1,2325.0,-0.586648786700805,0.3674880837070231,-8.296123038844451
1,2326.0,-0.5866487867348363,0.3674880831469654,-8.296123039494672
1,2327.0,-0.5866487867683498,0.3674880825888802,-8.296123040135003
1,2328.0,-0.586648786801345,0.36748808203276767,-8.296123040765432
1,2329.0,-0.5866487868338224,0.3674880814786277,-8.296123041385965
1,2330.0,-0.5866487868657816,0.36748808092646035,-8.296123041996598
1,2331.0,-0.5866487868972229,0.3674880803762656,-8.296123042597333
1,2332.0,-0.586648786928146,0.36748807982804343,-8.296123043188173
1,2333.0,-0.5866487869585513,0.3674880792817939,-8.296123043769116
1,2334.0,-0.5866487869884385,0.36748807873751693,-8.296123044340161
1,2335.0,-0.5866487870178075,0.36748807819521256,-8.296123044901302
1,2336.0,-0.5866487870466587,0.3674880776548808,-8.29612304545255
1,2337.0,-0.5866487870749918,0.36748807711652165,-8.296123045993902
1,2338.0,-0.5866487871028069,0.36748807658013505,-8.296123046525356
1,2339.0,-0.5866487871301039,0.3674880760457211,-8.296123047046908
1,2340.0,-0.586648787156883,0.3674880755132797,-8.296123047558567
1,2341.0,-0.586648787183144,0.36748807498281094,-8.296123048060327
1,2342.0,-0.5866487872088869,0.36748807445431475,-8.29612304855219
1,2343.0,-0.5866487872341118,0.36748807392779115,-8.296123049034152
1,2344.0,-0.5866487872588187,0.3674880734032402,-8.296123049506217
1,2345.0,-0.5866487872830076,0.3674880728806618,-8.296123049968385
1,2346.0,-0.5866487873066785,0.367488072360056,-8.296123050420658
1,2347.0,-0.5866487873298313,0.3674880718414228,-8.296123050863027
1,2348.0,-0.5866487873524661,0.36748807132476224,-8.296123051295504
1,2349.0,-0.5866487873745829,0.36748807081007423,-8.296123051718086
1,2350.0,-0.5866487873961816,0.3674880702973588,-8.296123052130765
1,2351.0,-0.5866487874172623,0.367488069786616,-8.296123052533545
1,2352.0,-0.586648787437825,0.36748806927784583,-8.29612305292643
1,2353.0,-0.5866487874578697,0.3674880687710482,-8.296123053309415
1,2354.0,-0.5866487874773963,0.3674880682662232,-8.296123053682502
1,2355.0,-0.586648787496405,0.3674880677633708,-8.296123054045697
1,2356.0,-0.5866487875148956,0.367488067262491,-8.296123054398992
1,2357.0,-0.5866487875328682,0.3674880667635838,-8.296123054742385
1,2358.0,-0.5866487875503227,0.36748806626664915,-8.296123055075881
1,2359.0,-0.5866487875672592,0.36748806577168713,-8.296123055399484
1,2360.0,-0.5866487875836778,0.3674880652786977,-8.296123055713183
1,2361.0,-0.5866487875995782,0.3674880647876809,-8.296123056016988
1,2362.0,-0.5866487876149606,0.3674880642986367,-8.296123056310897
1,2363.0,-0.5866487876298251,0.36748806381156507,-8.296123056594904
1,2364.0,-0.5866487876441715,0.36748806332646605,-8.29612305686902
1,2365.0,-0.5866487876579998,0.3674880628433396,-8.296123057133231
1,2366.0,-0.5866487876713101,0.3674880623621858,-8.296123057387543
1,2367.0,-0.5866487876841024,0.36748806188300454,-8.296123057631965
1,2368.0,-0.5866487876963767,0.36748806140579593,-8.296123057866485
1,2369.0,-0.586648787708133,0.36748806093055986,-8.296123058091109
1,2370.0,-0.5866487877193712,0.36748806045729643,-8.29612305830583
1,2371.0,-0.5866487877300914,0.3674880599860056,-8.29612305851066
1,2372.0,-0.5866487877402936,0.36748805951668734,-8.296123058705588
1,2373.0,-0.5866487877499778,0.3674880590493417,-8.29612305889062
1,2374.0,-0.5866487877591439,0.36748805858396866,-8.296123059065751
1,2375.0,-0.5866487877677921,0.3674880581205682,-8.296123059230991
1,2376.0,-0.5866487877759221,0.36748805765914033,-8.296123059386328
1,2377.0,-0.5866487877835341,0.3674880571996851,-8.296123059531768
1,2378.0,-0.5866487877906281,0.3674880567422024,-8.296123059667314
1,2379.0,-0.5866487877972042,0.3674880562866924,-8.296123059792958
1,2380.0,-0.5866487878032621,0.3674880558331549,-8.296123059908703
1,2381.0,-0.5866487878088021,0.3674880553815901,-8.296123060014557
1,2382.0,-0.586648787813824,0.36748805493199777,-8.29612306011051
1,2383.0,-0.586648787818328,0.3674880544843781,-8.296123060196564
1,2384.0,-0.5866487878223138,0.367488054038731,-8.296123060272718
1,2385.0,-0.5866487878257817,0.3674880535950566,-8.296123060338978
1,2386.0,-0.5866487878287314,0.3674880531533547,-8.29612306039534
1,2387.0,-0.5866487878311633,0.36748805271362545,-8.296123060441804
1,2388.0,-0.5866487878330771,0.3674880522758687,-8.296123060478369
1,2389.0,-0.5866487878344727,0.36748805184008465,-8.296123060505034
1,2390.0,-0.5866487878353505,0.36748805140627316,-8.296123060521806
1,2391.0,-0.5866487878357102,0.3674880509744343,-8.296123060528679
1,2392.0,-0.5866487878355519,0.367488050544568,-8.296123060525652
1,2393.0,-0.5866487878348754,0.36748805011667435,-8.29612306051273
1,2394.0,-0.586648787833681,0.3674880496907532,-8.29612306048991
1,2395.0,-0.5866487878319686,0.36748804926680473,-8.296123060457191
1,2396.0,-0.5866487878297382,0.36748804884482883,-8.296123060414574
1,2397.0,-0.5866487878269897,0.3674880484248256,-8.29612306036206
1,2398.0,-0.5866487878237232,0.36748804800679485,-8.29612306029965
1,2399.0,-0.5866487878199387,0.3674880475907368,-8.29612306022734
1,2400.0,-0.5866487878156361,0.36748804717665123,-8.296123060145133
1,2401.0,-0.5866487878108155,0.36748804676453833,-8.296123060053027
1,2402.0,-0.586648787805477,0.367488046354398,-8.296123059951023
1,2403.0,-0.5866487877996204,0.3674880459462303,-8.296123059839122
1,2404.0,-0.5866487877932457,0.3674880455400352,-8.296123059717324
1,2405.0,-0.586648787786353,0.3674880451358127,-8.296123059585627
1,2406.0,-0.5866487877789424,0.3674880447335628,-8.296123059444037
1,2407.0,-0.5866487877710136,0.36748804433328547,-8.296123059292544
1,2408.0,-0.5866487877625668,0.36748804393498075,-8.296123059131155
1,2409.0,-0.5866487877536021,0.3674880435386486,-8.296123058959868
1,2410.0,-0.5866487877441192,0.3674880431442891,-8.296123058778681
1,2411.0,-0.5866487877341184,0.36748804275190217,-8.296123058587602
1,2412.0,-0.5866487877235995,0.36748804236148785,-8.29612305838662
1,2413.0,-0.5866487877125627,0.36748804197304613,-8.296123058175741
1,2414.0,-0.5866487877010078,0.367488041586577,-8.29612305795497
1,2415.0,-0.5866487876889348,0.36748804120208045,-8.296123057724296
1,2416.0,-0.5866487876763439,0.3674880408195565,-8.296123057483724
1,2417.0,-0.5866487876632349,0.3674880404390052,-8.296123057233256
1,2418.0,-0.5866487876496078,0.3674880400604264,-8.296123056972887
1,2419.0,-0.5866487876354628,0.36748803968382027,-8.296123056702621
1,2420.0,-0.5866487876207997,0.3674880393091867,-8.296123056422461
1,2421.0,-0.5866487876056187,0.36748803893652576,-8.296123056132402
1,2422.0,-0.5866487875899196,0.36748803856583745,-8.296123055832444
1,2423.0,-0.5866487875737024,0.36748803819712167,-8.296123055522589
1,2424.0,-0.5866487875569673,0.36748803783037853,-8.296123055202838
1,2425.0,-0.5866487875397141,0.367488037465608,-8.296123054873185
1,2426.0,-0.5866487875219428,0.36748803710281003,-8.296123054533638
1,2427.0,-0.5866487875036536,0.36748803674198466,-8.296123054184191
1,2428.0,-0.5866487874848463,0.3674880363831319,-8.296123053824848
1,2429.0,-0.586648787465521,0.36748803602625174,-8.296123053455602
1,2430.0,-0.5866487874456776,0.36748803567134414,-8.296123053076464
1,2431.0,-0.5866487874253163,0.3674880353184092,-8.29612305268743
1,2432.0,-0.5866487874044369,0.3674880349674468,-8.296123052288493
1,2433.0,-0.5866487873830395,0.367488034618457,-8.296123051879663
1,2434.0,-0.5866487873611241,0.3674880342714399,-8.296123051460933
1,2435.0,-0.5866487873386906,0.3674880339263953,-8.296123051032302
1,2436.0,-0.5866487873157391,0.3674880335833233,-8.296123050593776
1,2437.0,-0.5866487872922697,0.36748803324222395,-8.296123050145354
1,2438.0,-0.5866487872682821,0.3674880329030971,-8.29612304968703
1,2439.0,-0.5866487872437766,0.367488032565943,-8.296123049218812
1,2440.0,-0.5866487872187529,0.3674880322307614,-8.296123048740697
1,2441.0,-0.5866487871932113,0.36748803189755236,-8.296123048252683
1,2442.0,-0.5866487871671517,0.367488031566316,-8.29612304775477
1,2443.0,-0.586648787140574,0.3674880312370522,-8.29612304724696
1,2444.0,-0.5866487871134783,0.367488030909761,-8.296123046729251
1,2445.0,-0.5866487870858647,0.3674880305844424,-8.296123046201645
1,2446.0,-0.5866487870577329,0.3674880302610964,-8.296123045664142
1,2447.0,-0.5866487870290831,0.367488029939723,-8.296123045116742
1,2448.0,-0.5866487869999153,0.3674880296203222,-8.296123044559444
1,2449.0,-0.5866487869702295,0.367488029302894,-8.296123043992248
1,2450.0,-0.5866487869400256,0.3674880289874384,-8.296123043415154
1,2451.0,-0.5866487869093038,0.36748802867395536,-8.296123042828162
1,2452.0,-0.5866487868780639,0.36748802836244493,-8.296123042231272
1,2453.0,-0.586648786846306,0.36748802805290715,-8.296123041624485
1,2454.0,-0.58664878681403,0.3674880277453419,-8.2961230410078
1,2455.0,-0.586648786781236,0.3674880274397493,-8.296123040381216
1,2456.0,-0.586648786747924,0.36748802713612927,-8.296123039744735
1,2457.0,-0.5866487867140939,0.36748802683448184,-8.296123039098356
1,2458.0,-0.586648786679746,0.367488026534807,-8.296123038442081
1,2459.0,-0.5866487866448798,0.3674880262371048,-8.296123037775905
1,2460.0,-0.5866487866094957,0.36748802594137514,-8.296123037099834
1,2461.0,-0.5866487865735937,0.3674880256476181,-8.296123036413867
1,2462.0,-0.5866487865371735,0.3674880253558337,-8.296123035718
1,2463.0,-0.5866487865002352,0.36748802506602185,-8.296123035012235
1,2464.0,-0.5866487864627791,0.3674880247781826,-8.29612303429657
1,2465.0,-0.5866487864248048,0.367488024492316,-8.29612303357101
1,2466.0,-0.5866487863863126,0.3674880242084219,-8.296123032835553
1,2467.0,-0.5866487863473022,0.3674880239265005,-8.296123032090199
1,2468.0,-0.586648786307774,0.36748802364655164,-8.296123031334941
1,2469.0,-0.5866487862677275,0.3674880233685754,-8.296123030569792
1,2470.0,-0.5866487862271632,0.3674880230925717,-8.296123029794744
1,2471.0,-0.5866487861860809,0.3674880228185407,-8.296123029009797
1,2472.0,-0.5866487861444805,0.3674880225464822,-8.296123028214954
1,2473.0,-0.5866487861023619,0.3674880222763964,-8.29612302741021
1,2474.0,-0.5866487860597255,0.3674880220082831,-8.296123026595568
1,2475.0,-0.586648786016571,0.36748802174214246,-8.296123025771035
1,2476.0,-0.5866487859728985,0.3674880214779744,-8.296123024936596
1,2477.0,-0.586648785928708,0.3674880212157789,-8.296123024092266
1,2478.0,-0.5866487858839994,0.36748802095555605,-8.296123023238033
1,2479.0,-0.5866487858387728,0.3674880206973058,-8.296123022373907
1,2480.0,-0.5866487857930281,0.36748802044102813,-8.296123021499877
1,2481.0,-0.5866487857467655,0.36748802018672305,-8.296123020615957
1,2482.0,-0.5866487856999848,0.36748801993439056,-8.296123019722131
1,2483.0,-0.5866487856526861,0.36748801968403066,-8.296123018818413
1,2484.0,-0.5866487856048693,0.3674880194356434,-8.296123017904794
1,2485.0,-0.5866487855565345,0.3674880191892287,-8.29612301698128
1,2486.0,-0.5866487855076818,0.3674880189447866,-8.296123016047869
1,2487.0,-0.586648785458311,0.3674880187023171,-8.296123015104559
1,2488.0,-0.5866487854084221,0.3674880184618202,-8.296123014151348
1,2489.0,-0.5866487853580152,0.36748801822329596,-8.29612301318824
1,2490.0,-0.5866487853070904,0.36748801798674424,-8.296123012215238
1,2491.0,-0.5866487852556475,0.36748801775216516,-8.296123011232337
1,2492.0,-0.5866487852036866,0.3674880175195587,-8.29612301023954
1,2493.0,-0.5866487851512076,0.3674880172889248,-8.29612300923684
1,2494.0,-0.5866487850982106,0.36748801706026346,-8.296123008224246
1,2495.0,-0.5866487850446955,0.36748801683357474,-8.296123007201755
1,2496.0,-0.5866487849906625,0.36748801660885866,-8.296123006169363
1,2497.0,-0.5866487849361115,0.3674880163861151,-8.296123005127079
1,2498.0,-0.5866487848810423,0.3674880161653442,-8.29612300407489
1,2499.0,-0.5866487848254552,0.3674880159465459,-8.296123003012807
1,2500.0,-0.5866487847693501,0.3674880157297202,-8.296123001940824
1,2501.0,-0.5866487847127269,0.3674880155148671,-8.296123000858948
1,2502.0,-0.5866487846555857,0.36748801530198655,-8.29612299976717
1,2503.0,-0.5866487845979265,0.36748801509107865,-8.296122998665497
1,2504.0,-0.5866487845397492,0.36748801488214333,-8.296122997553924
1,2505.0,-0.586648784481054,0.3674880146751806,-8.296122996432457
1,2506.0,-0.5866487844218407,0.36748801447019047,-8.296122995301086
1,2507.0,-0.5866487843621093,0.3674880142671729,-8.296122994159822
1,2508.0,-0.58664878430186,0.367488014066128,-8.296122993008659
1,2509.0,-0.5866487842410926,0.36748801386705565,-8.296122991847598
1,2510.0,-0.5866487841798071,0.3674880136699559,-8.29612299067664
1,2511.0,-0.5866487841180037,0.3674880134748288,-8.296122989495782
1,2512.0,-0.5866487840556822,0.36748801328167424,-8.29612298830503
1,2513.0,-0.5866487839928428,0.3674880130904923,-8.296122987104377
1,2514.0,-0.5866487839294853,0.36748801290128297,-8.296122985893827
1,2515.0,-0.5866487838656097,0.3674880127140462,-8.296122984673378
1,2516.0,-0.5866487838012162,0.36748801252878205,-8.296122983443036
1,2517.0,-0.5866487837363046,0.3674880123454905,-8.296122982202794
1,2518.0,-0.5866487836846694,0.3674880122284176,-8.296122981216218
1,2519.0,-0.5866487836412665,0.367488012150293,-8.296122980386933
1,2520.0,-0.5866487835979723,0.3674880120724157,-8.29612297955973
1,2521.0,-0.586648783554787,0.36748801199478587,-8.2961229787346
1,2522.0,-0.5866487835117107,0.36748801191740343,-8.296122977911558
1,2523.0,-0.5866487834687432,0.36748801184026836,-8.296122977090592
1,2524.0,-0.5866487834258846,0.3674880117633807,-8.296122976271707
1,2525.0,-0.5866487833831349,0.36748801168674045,-8.296122975454905
1,2526.0,-0.5866487833404941,0.36748801161034755,-8.296122974640182
1,2527.0,-0.5866487832979621,0.367488011534202,-8.29612297382754
1,2528.0,-0.586648783255539,0.36748801145830395,-8.296122973016974
1,2529.0,-0.5866487832132249,0.36748801138265325,-8.296122972208494
1,2530.0,-0.5866487831710196,0.3674880113072499,-8.296122971402097
1,2531.0,-0.5866487831289233,0.367488011232094,-8.296122970597775
1,2532.0,-0.5866487830869358,0.36748801115718543,-8.296122969795535
1,2533.0,-0.5866487830450572,0.3674880110825243,-8.296122968995371
1,2534.0,-0.5866487830032875,0.36748801100811057,-8.296122968197295
1,2535.0,-0.5866487829616267,0.3674880109339442,-8.296122967401299
1,2536.0,-0.5866487829200747,0.36748801086002525,-8.296122966607378
1,2537.0,-0.5866487828786316,0.3674880107863537,-8.296122965815538
1,2538.0,-0.5866487828372975,0.36748801071292947,-8.296122965025784
1,2539.0,-0.5866487827960722,0.36748801063975267,-8.296122964238107
1,2540.0,-0.5866487827549559,0.3674880105668233,-8.296122963452511
1,2541.0,-0.5866487827139484,0.36748801049414126,-8.296122962668996
1,2542.0,-0.5866487826730498,0.36748801042170665,-8.296122961887562
1,2543.0,-0.5866487826322601,0.36748801034951944,-8.296122961108205
1,2544.0,-0.5866487825915793,0.3674880102775796,-8.296122960330932
1,2545.0,-0.5866487825510074,0.3674880102058872,-8.296122959555742
1,2546.0,-0.5866487825105443,0.3674880101344421,-8.296122958782625
1,2547.0,-0.5866487824701901,0.36748801006324444,-8.296122958011594
1,2548.0,-0.5866487824299449,0.36748800999229414,-8.296122957242645
1,2549.0,-0.5866487823898084,0.3674880099215913,-8.296122956475768
1,2550.0,-0.586648782349781,0.3674880098511358,-8.29612295571098
1,2551.0,-0.5866487823098624,0.3674880097809277,-8.296122954948267
1,2552.0,-0.5866487822700527,0.367488009710967,-8.296122954187638
1,2553.0,-0.5866487822303519,0.3674880096412537,-8.29612295342909
1,2554.0,-0.5866487821907599,0.3674880095717878,-8.296122952672617
1,2555.0,-0.5866487821512769,0.36748800950256927,-8.296122951918232
1,2556.0,-0.5866487821119027,0.3674880094335981,-8.296122951165922
1,2557.0,-0.5866487820726375,0.36748800936487436,-8.296122950415695
1,2558.0,-0.586648782033481,0.367488009296398,-8.296122949667549
1,2559.0,-0.5866487819944336,0.36748800922816904,-8.296122948921482
1,2560.0,-0.586648781955495,0.3674880091601875,-8.296122948177494
1,2561.0,-0.5866487819166653,0.3674880090924533,-8.296122947435592
1,2562.0,-0.5866487818779444,0.36748800902496653,-8.296122946695768
1,2563.0,-0.5866487818393326,0.36748800895772715,-8.296122945958022
1,2564.0,-0.5866487818008295,0.36748800889073513,-8.296122945222358
1,2565.0,-0.5866487817624353,0.3674880088239905,-8.296122944488774
1,2566.0,-0.58664878172415,0.36748800875749327,-8.296122943757268
1,2567.0,-0.5866487816859737,0.3674880086912435,-8.296122943027848
1,2568.0,-0.5866487816479061,0.367488008625241,-8.296122942300507
1,2569.0,-0.5866487816099476,0.367488008559486,-8.296122941575247
1,2570.0,-0.5866487815720979,0.36748800849397834,-8.296122940852063
1,2571.0,-0.5866487815343571,0.3674880084287181,-8.296122940130966
1,2572.0,-0.5866487814967251,0.3674880083637052,-8.296122939411942
1,2573.0,-0.5866487814592021,0.36748800829893974,-8.296122938695007
1,2574.0,-0.5866487814217879,0.3674880082344216,-8.296122937980146
1,2575.0,-0.5866487813844826,0.3674880081701509,-8.296122937267363
1,2576.0,-0.5866487813472863,0.36748800810612764,-8.296122936556669
1,2577.0,-0.5866487813101987,0.3674880080423517,-8.296122935848048
1,2578.0,-0.5866487812732201,0.3674880079788232,-8.296122935141511
1,2579.0,-0.5866487812363504,0.3674880079155421,-8.296122934437056
1,2580.0,-0.5866487811995896,0.36748800785250835,-8.296122933734681
1,2581.0,-0.5866487811629376,0.367488007789722,-8.296122933034383
1,2582.0,-0.5866487811263946,0.36748800772718304,-8.29612293233617
1,2583.0,-0.5866487810899604,0.3674880076648915,-8.296122931640035
1,2584.0,-0.5866487810536352,0.36748800760284733,-8.29612293094598
1,2585.0,-0.5866487810174188,0.36748800754105054,-8.296122930254011
1,2586.0,-0.5866487809813112,0.36748800747950117,-8.296122929564115
1,2587.0,-0.5866487809453127,0.36748800741819915,-8.2961229288763
1,2588.0,-0.586648780909423,0.36748800735714454,-8.29612292819057
1,2589.0,-0.5866487808736421,0.36748800729633735,-8.296122927506918
1,2590.0,-0.5866487808379702,0.3674880072357775,-8.296122926825346
1,2591.0,-0.5866487808024071,0.3674880071754651,-8.296122926145856
1,2592.0,-0.5866487807669529,0.36748800711540003,-8.296122925468445
1,2593.0,-0.5866487807316076,0.3674880070555824,-8.296122924793117
1,2594.0,-0.5866487806963713,0.36748800699601214,-8.296122924119867
1,2595.0,-0.5866487806612438,0.36748800693668926,-8.2961229234487
1,2596.0,-0.5866487806262252,0.3674880068776138,-8.29612292277961
1,2597.0,-0.5866487805913155,0.36748800681878574,-8.296122922112604
1,2598.0,-0.5866487805565147,0.36748800676020504,-8.296122921447678
1,2599.0,-0.5866487805218227,0.36748800670187176,-8.296122920784827
1,2600.0,-0.5866487804872397,0.36748800664378584,-8.296122920124063
1,2601.0,-0.5866487804527655,0.3674880065859473,-8.296122919465377
1,2602.0,-0.5866487804184002,0.3674880065283562,-8.296122918808772
1,2603.0,-0.5866487803841438,0.3674880064710125,-8.296122918154248
1,2604.0,-0.5866487803499963,0.36748800641391616,-8.296122917501801
1,2605.0,-0.5866487803159577,0.3674880063570672,-8.296122916851438
1,2606.0,-0.586648780282028,0.36748800630046563,-8.296122916203158
1,2607.0,-0.5866487802482072,0.3674880062441115,-8.296122915556957
1,2608.0,-0.5866487802144952,0.3674880061880047,-8.29612291491283
1,2609.0,-0.5866487801808922,0.36748800613214533,-8.296122914270793
1,2610.0,-0.586648780147398,0.3674880060765333,-8.296122913630828
1,2611.0,-0.5866487801140128,0.3674880060211687,-8.296122912992953
1,2612.0,-0.5866487800807363,0.3674880059660515,-8.29612291235715
1,2613.0,-0.5866487800475688,0.3674880059111817,-8.296122911723428
1,2614.0,-0.5866487800145103,0.3674880058565593,-8.296122911091791
1,2615.0,-0.5866487799815605,0.36748800580218427,-8.296122910462232
1,2616.0,-0.5866487799487197,0.3674880057480566,-8.296122909834756
1,2617.0,-0.5866487799159877,0.3674880056941764,-8.296122909209357
1,2618.0,-0.5866487798833647,0.3674880056405435,-8.29612290858604
1,2619.0,-0.5866487798508505,0.36748800558715805,-8.2961229079648
1,2620.0,-0.5866487798184452,0.36748800553402,-8.296122907345646
1,2621.0,-0.5866487797861488,0.3674880054811293,-8.296122906728572
1,2622.0,-0.5866487797539613,0.36748800542848603,-8.296122906113574
1,2623.0,-0.5866487797218827,0.3674880053760901,-8.296122905500662
1,2624.0,-0.586648779689913,0.3674880053239416,-8.296122904889824
1,2625.0,-0.5866487796580522,0.3674880052720405,-8.296122904281074
1,2626.0,-0.5866487796263002,0.36748800522038677,-8.296122903674403
1,2627.0,-0.5866487795946571,0.36748800516898045,-8.296122903069808
1,2628.0,-0.586648779563123,0.3674880051178215,-8.296122902467296
1,2629.0,-0.5866487795316977,0.36748800506691,-8.296122901866866
1,2630.0,-0.5866487795003813,0.3674880050162458,-8.296122901268511
1,2631.0,-0.5866487794691738,0.36748800496582906,-8.29612290067224
1,2632.0,-0.5866487794380753,0.36748800491565964,-8.296122900078053
1,2633.0,-0.5866487794070855,0.3674880048657377,-8.29612289948594
1,2634.0,-0.5866487793762046,0.3674880048160631,-8.29612289889591
1,2635.0,-0.5866487793454327,0.3674880047666359,-8.296122898307964
1,2636.0,-0.5866487793147697,0.3674880047174561,-8.296122897722096
1,2637.0,-0.5866487792842154,0.36748800466852366,-8.296122897138307
1,2638.0,-0.5866487792537702,0.36748800461983866,-8.296122896556602
1,2639.0,-0.5866487792234338,0.367488004571401,-8.296122895976977
1,2640.0,-0.5866487791932062,0.3674880045232108,-8.296122895399428
1,2641.0,-0.5866487791630877,0.3674880044752679,-8.296122894823963
1,2642.0,-0.586648779133078,0.36748800442757246,-8.296122894250576
1,2643.0,-0.5866487791031771,0.3674880043801244,-8.296122893679275
1,2644.0,-0.5866487790733852,0.3674880043329237,-8.29612289311005
1,2645.0,-0.586648779043702,0.36748800428597045,-8.296122892542906
1,2646.0,-0.5866487790141279,0.3674880042392646,-8.296122891977843
1,2647.0,-0.5866487789846626,0.3674880041928061,-8.296122891414859
1,2648.0,-0.5866487789553062,0.36748800414659494,-8.296122890853953
1,2649.0,-0.5866487789260587,0.36748800410063126,-8.296122890295132
1,2650.0,-0.5866487788969201,0.36748800405491494,-8.296122889738394
1,2651.0,-0.5866487788678904,0.367488004009446,-8.296122889183732
1,2652.0,-0.5866487788389696,0.36748800396422443,-8.296122888631153
1,2653.0,-0.5866487788101576,0.3674880039192503,-8.296122888080651
1,2654.0,-0.5866487787814546,0.3674880038745235,-8.296122887532233
1,2655.0,-0.5866487787528604,0.36748800383004415,-8.296122886985893
1,2656.0,-0.586648778724375,0.3674880037858122,-8.296122886441637
1,2657.0,-0.5866487786959987,0.3674880037418276,-8.29612288589946
1,2658.0,-0.5866487786677312,0.3674880036980904,-8.296122885359363
1,2659.0,-0.5866487786395725,0.3674880036546006,-8.296122884821344
1,2660.0,-0.5866487786115229,0.36748800361135825,-8.296122884285412
1,2661.0,-0.586648778583582,0.3674880035683632,-8.296122883751552
1,2662.0,-0.58664877855575,0.36748800352561556,-8.296122883219775
1,2663.0,-0.586648778528027,0.36748800348311533,-8.296122882690085
1,2664.0,-0.5866487785004129,0.3674880034408625,-8.296122882162472
1,2665.0,-0.5866487784729075,0.36748800339885707,-8.296122881636936
1,2666.0,-0.5866487784455111,0.367488003357099,-8.29612288111348
1,2667.0,-0.5866487784182236,0.36748800331558834,-8.296122880592108
1,2668.0,-0.586648778391045,0.36748800327432507,-8.29612288007282
1,2669.0,-0.5866487783639752,0.36748800323330916,-8.296122879555602
1,2670.0,-0.5866487783370145,0.3674880031925407,-8.296122879040476
1,2671.0,-0.5866487783101625,0.36748800315201957,-8.296122878527422
1,2672.0,-0.5866487782834194,0.3674880031117459,-8.296122878016453
1,2673.0,-0.5866487782567852,0.3674880030717196,-8.296122877507562
1,2674.0,-0.58664877823026,0.3674880030319406,-8.296122877000755
1,2675.0,-0.5866487782038435,0.3674880029924091,-8.296122876496025
1,2676.0,-0.586648778177536,0.36748800295312495,-8.296122875993378
1,2677.0,-0.5866487781513374,0.36748800291408823,-8.296122875492811
1,2678.0,-0.5866487781252477,0.36748800287529887,-8.296122874994323
1,2679.0,-0.5866487780992669,0.36748800283675687,-8.296122874497916
1,2680.0,-0.5866487780733949,0.36748800279846233,-8.296122874003592
1,2681.0,-0.5866487780476318,0.3674880027604151,-8.296122873511342
1,2682.0,-0.5866487780219777,0.36748800272261534,-8.296122873021178
1,2683.0,-0.5866487779964323,0.36748800268506293,-8.296122872533092
1,2684.0,-0.586648777970996,0.36748800264775794,-8.29612287204709
1,2685.0,-0.5866487779456685,0.3674880026107003,-8.296122871563167
1,2686.0,-0.5866487779204498,0.3674880025738901,-8.296122871081321
1,2687.0,-0.5866487778953401,0.3674880025373273,-8.29612287060156
1,2688.0,-0.5866487778703392,0.3674880025010118,-8.296122870123876
1,2689.0,-0.5866487778454473,0.36748800246494373,-8.296122869648276
1,2690.0,-0.5866487778206643,0.3674880024291231,-8.296122869174754
1,2691.0,-0.58664877779599,0.36748800239354984,-8.296122868703312
1,2692.0,-0.5866487777714248,0.36748800235822393,-8.296122868233953
1,2693.0,-0.5866487777469683,0.3674880023231455,-8.296122867766671
1,2694.0,-0.5866487777226208,0.36748800228831435,-8.296122867301474
1,2695.0,-0.5866487776983822,0.3674880022537307,-8.296122866838356
1,2696.0,-0.5866487776742525,0.36748800221939437,-8.296122866377317
1,2697.0,-0.5866487776502316,0.3674880021853055,-8.296122865918358
1,2698.0,-0.5866487776263197,0.36748800215146393,-8.296122865461482
1,2699.0,-0.5866487776025167,0.3674880021178698,-8.296122865006687
1,2700.0,-0.5866487775788224,0.36748800208452304,-8.296122864553967
1,2701.0,-0.5866487775552371,0.3674880020514237,-8.296122864103333
1,2702.0,-0.5866487775317607,0.36748800201857174,-8.296122863654778
1,2703.0,-0.5866487775083932,0.36748800198596715,-8.2961228632083
1,2704.0,-0.5866487774851346,0.36748800195361,-8.296122862763909
1,2705.0,-0.5866487774619848,0.3674880019215002,-8.296122862321598
1,2706.0,-0.5866487774389441,0.3674880018896378,-8.296122861881361
1,2707.0,-0.5866487774160121,0.36748800185802283,-8.29612286144321
1,2708.0,-0.586648777393189,0.3674880018266552,-8.296122861007138
1,2709.0,-0.5866487773704748,0.367488001795535,-8.296122860573146
1,2710.0,-0.5866487773478695,0.3674880017646622,-8.296122860141235
1,2711.0,-0.5866487773253731,0.36748800173403673,-8.296122859711405
1,2712.0,-0.5866487773029856,0.3674880017036587,-8.296122859283656
1,2713.0,-0.586648777280707,0.367488001673528,-8.296122858857986
1,2714.0,-0.5866487772585373,0.36748800164364476,-8.296122858434392
1,2715.0,-0.5866487772364763,0.3674880016140089,-8.296122858012886
1,2716.0,-0.5866487772145245,0.3674880015846204,-8.296122857593456
1,2717.0,-0.5866487771926814,0.36748800155547934,-8.296122857176112
1,2718.0,-0.5866487771709472,0.3674880015265856,-8.296122856760842
1,2719.0,-0.5866487771493218,0.36748800149793936,-8.296122856347655
1,2720.0,-0.5866487771278055,0.3674880014695404,-8.296122855936549
1,2721.0,-0.586648777106398,0.36748800144138893,-8.296122855527523
1,2722.0,-0.5866487770850993,0.3674880014134848,-8.296122855120576
1,2723.0,-0.5866487770639096,0.36748800138582804,-8.296122854715712
1,2724.0,-0.5866487770428287,0.3674880013584187,-8.296122854312927
1,2725.0,-0.5866487770218568,0.36748800133125675,-8.296122853912225
1,2726.0,-0.5866487770009937,0.36748800130434217,-8.296122853513598
1,2727.0,-0.5866487769802395,0.367488001277675,-8.29612285311706
1,2728.0,-0.5866487769595942,0.36748800125125525,-8.296122852722593
1,2729.0,-0.5866487769390578,0.36748800122508285,-8.296122852330216
1,2730.0,-0.5866487769186303,0.36748800119915787,-8.296122851939911
1,2731.0,-0.5866487768983116,0.36748800117348024,-8.296122851551688
1,2732.0,-0.5866487768781019,0.36748800114805,-8.296122851165553
1,2733.0,-0.5866487768580011,0.3674880011228672,-8.296122850781494
1,2734.0,-0.5866487768380091,0.3674880010979318,-8.296122850399513
1,2735.0,-0.586648776818126,0.36748800107324375,-8.29612285001961
1,2736.0,-0.5866487767983518,0.36748800104880314,-8.296122849641794
1,2737.0,-0.5866487767786865,0.3674880010246099,-8.296122849266057
1,2738.0,-0.5866487767591302,0.36748800100066403,-8.296122848892402
1,2739.0,-0.5866487767396826,0.36748800097696555,-8.296122848520822
1,2740.0,-0.586648776720344,0.36748800095351447,-8.296122848151326
1,2741.0,-0.5866487767011143,0.36748800093031075,-8.29612284778391
1,2742.0,-0.5866487766819934,0.3674880009073545,-8.296122847418577
1,2743.0,-0.5866487766629814,0.36748800088464556,-8.29612284705532
1,2744.0,-0.5866487766440783,0.3674880008621841,-8.296122846694146
1,2745.0,-0.5866487766252841,0.36748800083996996,-8.296122846335054
1,2746.0,-0.5866487766065989,0.3674880008180032,-8.29612284597804
1,2747.0,-0.5866487765880225,0.36748800079628385,-8.296122845623106
1,2748.0,-0.5866487765695549,0.3674880007748119,-8.296122845270254
1,2749.0,-0.5866487765511963,0.3674880007535874,-8.296122844919482
1,2750.0,-0.5866487765329466,0.36748800073261023,-8.296122844570789
1,2751.0,-0.5866487765148057,0.3674880007118804,-8.29612284422418
1,2752.0,-0.5866487764967737,0.3674880006913981,-8.29612284387965
1,2753.0,-0.5866487764788506,0.3674880006711631,-8.2961228435372
1,2754.0,-0.5866487764610365,0.3674880006511755,-8.296122843196832
1,2755.0,-0.5866487764433311,0.3674880006314353,-8.29612284285854
1,2756.0,-0.5866487764257348,0.3674880006119425,-8.296122842522333
1,2757.0,-0.5866487764082472,0.36748800059269704,-8.296122842188204
1,2758.0,-0.5866487763908687,0.367488000573699,-8.296122841856159
1,2759.0,-0.5866487763735989,0.3674880005549484,-8.296122841526191
1,2760.0,-0.586648776356438,0.36748800053644515,-8.296122841198304
1,2761.0,-0.5866487763393861,0.3674880005181893,-8.296122840872497
1,2762.0,-0.5866487763224429,0.3674880005001808,-8.296122840548774
1,2763.0,-0.5866487763056087,0.36748800048241975,-8.29612284022713
1,2764.0,-0.5866487762888835,0.3674880004649061,-8.296122839907564
1,2765.0,-0.5866487762722671,0.3674880004476398,-8.29612283959008
1,2766.0,-0.5866487762557595,0.3674880004306209,-8.296122839274677
1,2767.0,-0.5866487762393608,0.3674880004138494,-8.296122838961356
1,2768.0,-0.5866487762230711,0.36748800039732527,-8.29612283865011
1,2769.0,-0.5866487762068903,0.36748800038104856,-8.296122838340949
1,2770.0,-0.5866487761908183,0.3674880003650192,-8.296122838033869
1,2771.0,-0.5866487761748552,0.3674880003492373,-8.296122837728866
1,2772.0,-0.586648776159001,0.3674880003337027,-8.296122837425944
1,2773.0,-0.5866487761432557,0.36748800031841555,-8.296122837125107
1,2774.0,-0.5866487761276193,0.3674880003033758,-8.296122836826349
1,2775.0,-0.5866487761120918,0.36748800028858347,-8.296122836529669
1,2776.0,-0.5866487760966732,0.36748800027403844,-8.296122836235071
1,2777.0,-0.5866487760813635,0.3674880002597409,-8.296122835942553
1,2778.0,-0.5866487760661626,0.36748800024569067,-8.296122835652115
1,2779.0,-0.5866487760510706,0.3674880002318879,-8.296122835363757
1,2780.0,-0.5866487760360876,0.36748800021833244,-8.29612283507748
1,2781.0,-0.5866487760212133,0.3674880002050244,-8.296122834793287
1,2782.0,-0.586648776006448,0.3674880001919638,-8.296122834511172
1,2783.0,-0.5866487759917915,0.36748800017915056,-8.296122834231136
1,2784.0,-0.5866487759772441,0.3674880001665847,-8.29612283395318
1,2785.0,-0.5866487759628054,0.36748800015426625,-8.296122833677307
1,2786.0,-0.5866487759484756,0.3674880001421952,-8.29612283340351
1,2787.0,-0.5866487759342548,0.36748800013037153,-8.296122833131797
1,2788.0,-0.5866487759201429,0.36748800011879523,-8.29612283286217
1,2789.0,-0.5866487759061397,0.36748800010746635,-8.296122832594614
1,2790.0,-0.5866487758922456,0.3674880000963849,-8.296122832329148
1,2791.0,-0.5866487758784603,0.36748800008555077,-8.296122832065752
1,2792.0,-0.5866487758647838,0.36748800007496407,-8.296122831804443
1,2793.0,-0.5866487758512163,0.36748800006462473,-8.296122831545214
1,2794.0,-0.5866487758377577,0.3674880000545328,-8.296122831288063
1,2795.0,-0.5866487758244079,0.36748800004468823,-8.296122831032994
1,2796.0,-0.586648775811167,0.36748800003509113,-8.296122830780003
1,2797.0,-0.5866487757980351,0.36748800002574133,-8.296122830529095
1,2798.0,-0.5866487757850121,0.367488000016639,-8.296122830280273
1,2799.0,-0.5866487757720978,0.36748800000778403,-8.296122830033523
1,2800.0,-0.5866487757592925,0.3674879999991764,-8.296122829788857
1,2801.0,-0.5866487757465961,0.3674879999908162,-8.296122829546274
1,2802.0,-0.5866487757340085,0.36748799998270343,-8.296122829305764
1,2803.0,-0.58664877572153,0.36748799997483805,-8.296122829067341
1,2804.0,-0.5866487757091602,0.36748799996722004,-8.296122828830995
1,2805.0,-0.5866487756968993,0.3674879999598494,-8.296122828596731
1,2806.0,-0.5866487756847474,0.3674879999527262,-8.296122828364553
1,2807.0,-0.5866487756727042,0.36748799994585035,-8.296122828134445
1,2808.0,-0.58664877566077,0.3674879999392219,-8.296122827906421
1,2809.0,-0.5866487756489447,0.3674879999328408,-8.296122827680483
1,2810.0,-0.5866487756372283,0.36748799992670717,-8.296122827456621
1,2811.0,-0.5866487756256208,0.3674879999208209,-8.29612282723484
1,2812.0,-0.5866487756141221,0.367487999915182,-8.29612282701514
1,2813.0,-0.5866487756027324,0.36748799990979053,-8.296122826797518
1,2814.0,-0.5866487755914516,0.3674879999046464,-8.296122826581982
1,2815.0,-0.5866487755802795,0.36748799989974973,-8.296122826368519
1,2816.0,-0.5866487755692165,0.3674879998951004,-8.296122826157141
1,2817.0,-0.5866487755582622,0.36748799989069847,-8.29612282594784
1,2818.0,-0.586648775547417,0.36748799988654396,-8.296122825740628
1,2819.0,-0.5866487755366805,0.3674879998826368,-8.29612282553549
1,2820.0,-0.586648775526053,0.36748799987897707,-8.296122825332434
1,2821.0,-0.5866487755155344,0.3674879998755647,-8.296122825131459
1,2822.0,-0.5866487755051246,0.3674879998723997,-8.296122824932562
1,2823.0,-0.5866487754948237,0.36748799986948216,-8.296122824735747
1,2824.0,-0.5866487754846318,0.36748799986681197,-8.29612282454101
1,2825.0,-0.5866487754745486,0.3674879998643892,-8.296122824348359
1,2826.0,-0.5866487754645745,0.3674879998622138,-8.296122824157784
1,2827.0,-0.5866487754547092,0.3674879998602858,-8.296122823969293
1,2828.0,-0.5866487754449528,0.36748799985860514,-8.29612282378288
1,2829.0,-0.5866487754353052,0.36748799985717195,-8.296122823598548
1,2830.0,-0.5866487754257665,0.3674879998559861,-8.296122823416296
1,2831.0,-0.5866487754163368,0.36748799985504765,-8.296122823236125
1,2832.0,-0.586648775407016,0.3674879998543566,-8.296122823058035
1,2833.0,-0.5866487753978039,0.36748799985391295,-8.296122822882023
1,2834.0,-0.5866487753887009,0.36748799985371666,-8.296122822708096
1,2835.0,-0.5866487753797066,0.3674879998537678,-8.296122822536244
1,2836.0,-0.5866487753708214,0.3674879998540663,-8.296122822366481
1,2837.0,-0.586648775362045,0.3674879998546122,-8.29612282219879
1,2838.0,-0.5866487753533773,0.36748799985540553,-8.29612282203318
1,2839.0,-0.5866487753448187,0.36748799985644626,-8.296122821869652
1,2840.0,-0.5866487753363689,0.36748799985773434,-8.29612282170821
1,2841.0,-0.5866487753280282,0.3674879998592698,-8.296122821548842
1,2842.0,-0.5866487753197961,0.3674879998610527,-8.296122821391554
1,2843.0,-0.586648775311673,0.3674879998630829,-8.29612282123635
1,2844.0,-0.5866487753036589,0.36748799986536057,-8.296122821083229
1,2845.0,-0.5866487752957535,0.3674879998678856,-8.296122820932181
1,2846.0,-0.5866487752879571,0.36748799987065806,-8.296122820783218
1,2847.0,-0.5866487752802696,0.36748799987367786,-8.296122820636338
1,2848.0,-0.5866487752726909,0.3674879998769451,-8.296122820491531
1,2849.0,-0.5866487752652212,0.3674879998804597,-8.296122820348813
1,2850.0,-0.5866487752578603,0.3674879998842217,-8.29612282020817
1,2851.0,-0.5866487752506083,0.3674879998882311,-8.296122820069609
1,2852.0,-0.5866487752434653,0.36748799989248787,-8.29612281993313
1,2853.0,-0.586648775236431,0.36748799989699205,-8.296122819798729
1,2854.0,-0.5866487752295056,0.36748799990174363,-8.296122819666406
1,2855.0,-0.5866487752226893,0.3674879999067426,-8.296122819536171
1,2856.0,-0.5866487752159817,0.36748799991198894,-8.296122819408012
1,2857.0,-0.5866487752093831,0.36748799991748266,-8.296122819281932
1,2858.0,-0.5866487752028933,0.3674879999232238,-8.296122819157938
1,2859.0,-0.5866487751965125,0.36748799992921233,-8.29612281903602
1,2860.0,-0.5866487751902405,0.36748799993544823,-8.296122818916183
1,2861.0,-0.5866487751840773,0.36748799994193154,-8.296122818798425
1,2862.0,-0.5866487751780232,0.3674879999486622,-8.29612281868275
1,2863.0,-0.5866487751720778,0.36748799995564035,-8.296122818569152
1,2864.0,-0.5866487751662414,0.3674879999628658,-8.29612281845764
1,2865.0,-0.5866487751605138,0.3674879999703387,-8.296122818348207
1,2866.0,-0.5866487751548952,0.367487999978059,-8.296122818240855
1,2867.0,-0.5866487751493855,0.3674879999860266,-8.296122818135581
1,2868.0,-0.5866487751439846,0.36748799999424164,-8.296122818032389
1,2869.0,-0.5866487751386926,0.3674880000027041,-8.296122817931277
1,2870.0,-0.5866487751335095,0.3674880000114139,-8.296122817832243
1,2871.0,-0.5866487751284353,0.36748800002037113,-8.296122817735293
1,2872.0,-0.58664877512347,0.36748800002957577,-8.296122817640423
1,2873.0,-0.5866487751186136,0.36748800003902776,-8.296122817547635
1,2874.0,-0.586648775113866,0.36748800004872717,-8.296122817456924
1,2875.0,-0.5866487751092274,0.367488000058674,-8.296122817368293
1,2876.0,-0.5866487751046976,0.36748800006886817,-8.296122817281747
1,2877.0,-0.5866487751002767,0.3674880000793097,-8.296122817197276
1,2878.0,-0.5866487750959647,0.3674880000899987,-8.296122817114886
1,2879.0,-0.5866487750917616,0.367488000100935,-8.29612281703458
1,2880.0,-0.5866487750876674,0.3674880001121188,-8.296122816956357
1,2881.0,-0.5866487750836821,0.36748800012354993,-8.296122816880208
1,2882.0,-0.5866487750798057,0.3674880001352285,-8.296122816806147
1,2883.0,-0.5866487750760382,0.3674880001471544,-8.296122816734158
1,2884.0,-0.5866487750723794,0.3674880001593277,-8.296122816664255
1,2885.0,-0.5866487750688297,0.36748800017174843,-8.29612281659643
1,2886.0,-0.5866487750653888,0.3674880001844165,-8.296122816530687
1,2887.0,-0.5866487750620568,0.36748800019733197,-8.296122816467022
1,2888.0,-0.5866487750588337,0.3674880002104949,-8.29612281640544
1,2889.0,-0.5866487750557196,0.36748800022390515,-8.296122816345937
1,2890.0,-0.5866487750527142,0.36748800023756284,-8.296122816288515
1,2891.0,-0.5866487750498178,0.3674880002514679,-8.296122816233176
1,2892.0,-0.5866487750470303,0.36748800026562034,-8.296122816179915
1,2893.0,-0.5866487750443516,0.36748800028002016,-8.296122816128738
1,2894.0,-0.5866487750417818,0.3674880002946674,-8.296122816079633
1,2895.0,-0.586648775039321,0.367488000309562,-8.296122816032618
1,2896.0,-0.586648775036969,0.367488000324704,-8.296122815987678
1,2897.0,-0.5866487750347259,0.36748800034009343,-8.296122815944818
1,2898.0,-0.5866487750325916,0.3674880003557302,-8.296122815904042
1,2899.0,-0.5866487750305663,0.36748800037161444,-8.296122815865346
1,2900.0,-0.5866487750286499,0.367488000387746,-8.296122815828728
1,2901.0,-0.5866487750268423,0.367488000404125,-8.296122815794192
1,2902.0,-0.5866487750251437,0.36748800042075136,-8.296122815761738
1,2903.0,-0.586648775023554,0.3674880004376251,-8.296122815731362
1,2904.0,-0.586648775022073,0.3674880004547462,-8.296122815703068
1,2905.0,-0.586648775020701,0.3674880004721148,-8.296122815676853
1,2906.0,-0.5866487750194379,0.3674880004897307,-8.296122815652717
1,2907.0,-0.5866487750182837,0.367488000507594,-8.296122815630666
1,2908.0,-0.5866487750172384,0.36748800052570474,-8.296122815610694
1,2909.0,-0.586648775016302,0.36748800054406283,-8.2961228155928
1,2910.0,-0.5866487750154744,0.36748800056266834,-8.296122815576988
1,2911.0,-0.5866487750147558,0.36748800058152126,-8.29612281556326
1,2912.0,-0.586648775014146,0.36748800060062153,-8.296122815551609
1,2913.0,-0.5866487750136451,0.36748800061996917,-8.296122815542038
1,2914.0,-0.5866487750132532,0.36748800063956427,-8.29612281553455
1,2915.0,-0.5866487750129701,0.3674880006594067,-8.296122815529142
1,2916.0,-0.5866487750127958,0.36748800067949655,-8.296122815525813
1,2917.0,-0.5866487750127305,0.3674880006998338,-8.296122815524564
1,2918.0,-0.586648775012774,0.36748800072041843,-8.296122815525395
1,2919.0,-0.5866487750129266,0.36748800074125043,-8.29612281552831
1,2920.0,-0.5866487750131878,0.36748800076232985,-8.296122815533296
1,2921.0,-0.586648775013558,0.3674880007836567,-8.296122815540375
1,2922.0,-0.5866487750140372,0.36748800080523086,-8.29612281554953
1,2923.0,-0.5866487750146252,0.36748800082705246,-8.296122815560766
1,2924.0,-0.5866487750153221,0.3674880008491214,-8.296122815574078
1,2925.0,-0.5866487750161279,0.3674880008714378,-8.296122815589474
1,2926.0,-0.5866487750170426,0.3674880008940016,-8.296122815606953
1,2927.0,-0.5866487750180661,0.3674880009168127,-8.296122815626507
1,2928.0,-0.5866487750191985,0.3674880009398713,-8.296122815648143
1,2929.0,-0.5866487750204399,0.3674880009631772,-8.296122815671863
1,2930.0,-0.5866487750217901,0.3674880009867305,-8.296122815697663
1,2931.0,-0.5866487750232493,0.36748800101053125,-8.29612281572554
1,2932.0,-0.5866487750248173,0.36748800103457935,-8.296122815755501
1,2933.0,-0.5866487750264942,0.36748800105887486,-8.296122815787541
1,2934.0,-0.58664877502828,0.3674880010834177,-8.296122815821658
1,2935.0,-0.5866487750301747,0.36748800110820806,-8.29612281585786
1,2936.0,-0.5866487750321782,0.3674880011332457,-8.296122815896139
1,2937.0,-0.5866487750342906,0.3674880011585308,-8.296122815936505
1,2938.0,-0.5866487750365119,0.3674880011840633,-8.296122815978949
1,2939.0,-0.5866487750388422,0.3674880012098431,-8.296122816023468
1,2940.0,-0.5866487750412813,0.36748800123587033,-8.29612281607007
1,2941.0,-0.5866487750438293,0.367488001262145,-8.296122816118753
1,2942.0,-0.5866487750464862,0.36748800128866704,-8.296122816169522
1,2943.0,-0.586648775049252,0.36748800131543646,-8.296122816222367
1,2944.0,-0.5866487750521266,0.36748800134245324,-8.296122816277292
1,2945.0,-0.5866487750551101,0.36748800136971743,-8.296122816334297
1,2946.0,-0.5866487750582027,0.36748800139722904,-8.296122816393382
1,2947.0,-0.586648775061404,0.36748800142498805,-8.29612281645455
1,2948.0,-0.5866487750647142,0.36748800145299443,-8.296122816517798
1,2949.0,-0.5866487750681333,0.36748800148124816,-8.296122816583125
1,2950.0,-0.5866487750716614,0.36748800150974936,-8.296122816650534
1,2951.0,-0.5866487750752982,0.3674880015384979,-8.296122816720024
1,2952.0,-0.586648775079044,0.36748800156749384,-8.29612281679159
1,2953.0,-0.5866487750828987,0.36748800159673717,-8.296122816865239
1,2954.0,-0.5866487750868622,0.3674880016262279,-8.296122816940969
1,2955.0,-0.5866487750909347,0.367488001655966,-8.296122817018782
1,2956.0,-0.586648775095116,0.3674880016859515,-8.296122817098672
1,2957.0,-0.5866487750994063,0.36748800171618445,-8.296122817180647
1,2958.0,-0.5866487751038053,0.36748800174666474,-8.296122817264697
1,2959.0,-0.5866487751083134,0.36748800177739244,-8.296122817350833
1,2960.0,-0.5866487751129302,0.3674880018083675,-8.296122817439041
1,2961.0,-0.586648775117656,0.36748800183958996,-8.296122817529337
1,2962.0,-0.5866487751224907,0.36748800187105984,-8.296122817621713
1,2963.0,-0.5866487751274342,0.3674880019027771,-8.296122817716165
1,2964.0,-0.5866487751324867,0.36748800193474174,-8.296122817812702
1,2965.0,-0.586648775137648,0.36748800196695375,-8.296122817911318
1,2966.0,-0.5866487751429182,0.36748800199941317,-8.296122818012012
1,2967.0,-0.5866487751482974,0.36748800203212,-8.296122818114792
1,2968.0,-0.5866487751537853,0.3674880020650742,-8.296122818219647
1,2969.0,-0.5866487751593822,0.3674880020982758,-8.296122818326586
1,2970.0,-0.586648775165088,0.36748800213172483,-8.296122818435604
1,2971.0,-0.5866487751709026,0.3674880021654212,-8.296122818546705
1,2972.0,-0.5866487751768262,0.367488002199365,-8.29612281865988
1,2973.0,-0.5866487751828586,0.36748800223355615,-8.29612281877514
1,2974.0,-0.586648775189,0.3674880022679947,-8.296122818892481
1,2975.0,-0.5866487751952503,0.36748800230268064,-8.296122819011904
1,2976.0,-0.5866487752016093,0.36748800233761403,-8.296122819133402
1,2977.0,-0.5866487752080773,0.3674880023727947,-8.296122819256986
1,2978.0,-0.5866487752146542,0.3674880024082229,-8.296122819382648
1,2979.0,-0.58664877522134,0.3674880024438984,-8.296122819510389
1,2980.0,-0.5866487752281346,0.3674880024798213,-8.296122819640214
1,2981.0,-0.5866487752350382,0.3674880025159916,-8.29612281977212
1,2982.0,-0.5866487752420506,0.36748800255240927,-8.2961228199061
1,2983.0,-0.586648775249172,0.3674880025890744,-8.296122820042168
1,2984.0,-0.5866487752564022,0.36748800262598685,-8.296122820180313
1,2985.0,-0.5866487752637413,0.36748800266314674,-8.296122820320539
1,2986.0,-0.5866487752711893,0.367488002700554,-8.296122820462845
1,2987.0,-0.5866487752787461,0.36748800273820864,-8.29612282060723
1,2988.0,-0.586648775286412,0.36748800277611066,-8.296122820753698
1,2989.0,-0.5866487752941867,0.3674880028142601,-8.296122820902246
1,2990.0,-0.5866487753020702,0.3674880028526569,-8.296122821052872
1,2991.0,-0.5866487753100627,0.3674880028913012,-8.296122821205582
1,2992.0,-0.586648775318164,0.36748800293019274,-8.29612282136037
1,2993.0,-0.5866487753263742,0.36748800296933176,-8.296122821517239
1,2994.0,-0.5866487753346933,0.36748800300871814,-8.29612282167619
1,2995.0,-0.5866487753431213,0.36748800304835194,-8.296122821837223
1,2996.0,-0.5866487753516582,0.3674880030882331,-8.296122822000331
1,2997.0,-0.5866487753603039,0.36748800312836166,-8.296122822165524
1,2998.0,-0.5866487753690586,0.36748800316873764,-8.296122822332798
1,2999.0,-0.5866487753779221,0.367488003209361,-8.29612282250215
1,3000.0,-0.5866487753868945,0.36748800325023173,-8.296122822673583
2,0.0,0.3957995967100464,0.8239316768268116,10.475169106167295
2,1.0,0.396769463661232,0.8175567270371151,10.49370000935764
2,2.0,0.39770087065847975,0.8112119171029913,10.511496071874985
2,3.0,0.398593817759725,0.8048986142090727,10.528557294826285
2,4.0,0.39944831092058447,0.7986181512367787,10.54488379200339
2,5.0,0.40026439381707724,0.7923718413269298,10.560476397908474
2,6.0,0.40104212008188056,0.7861609483969915,10.575336137282045
2,7.0,0.4017815732089606,0.7799867188473583,10.589464605413644
2,8.0,0.40248286591752647,0.7738504275442947,10.602863955989147
2,9.0,0.4031461106522838,0.767753119429978,10.61553633744958
2,10.0,0.4037714497033797,0.7616959303807939,10.62748446848223
2,11.0,0.40435905861748106,0.7556800322615346,10.638711703194874
2,12.0,0.4049091262296577,0.7497064736042649,10.649221649592084
2,13.0,0.4054218296889713,0.7437761501854904,10.65901769239804
2,14.0,0.40589740933403273,0.7378901489293576,10.66810442367717
2,15.0,0.4063361189494925,0.7320494419767499,10.676486692402607
2,16.0,0.4067381720631151,0.7262547892907669,10.68416857837347
2,17.0,0.4071038706254107,0.720507171515151,10.691155850850858
2,18.0,0.4074335195537746,0.7148074430526767,10.69745433578309
2,19.0,0.4077273684538214,0.7091562652758033,10.703068802295943
2,20.0,0.4079857815747572,0.703554516578728,10.708006209969566
2,21.0,0.4082090939277201,0.698002904857726,10.712272959742721
2,22.0,0.4083975989821929,0.6925020251697885,10.715874658832538
2,23.0,0.40855172255960864,0.6870526514624774,10.718819443257813
2,24.0,0.40867179662887104,0.6816553227333013,10.721113655830425
2,25.0,0.40875818508450473,0.6763106072040161,10.72276424935375
2,26.0,0.408811357021532,0.6710191488276033,10.723780186659676
2,27.0,0.40883162290666736,0.6657813407262413,10.724167399725395
2,28.0,0.4088194418339182,0.6605977282291957,10.72393466029697
2,29.0,0.4087752774822277,0.6554687904887819,10.723090827723192
2,30.0,0.40869946177312866,0.6503948538861163,10.721642243910841
2,31.0,0.40859253242558524,0.6453763914828297,10.719599182865085
2,32.0,0.40845488496440885,0.6404137100242384,10.716969201737943
2,33.0,0.40828695282688576,0.6355071280036816,10.713760582061623
2,34.0,0.4080892897430127,0.6306569922329697,10.709983903758397
2,35.0,0.4078622313436918,0.6258634966953786,10.705645579608653
2,36.0,0.4076063492047815,0.6211269324903493,10.700756530509194
2,37.0,0.407322093915735,0.6164474916638142,10.695325365712597
2,38.0,0.4070098912584584,0.6118253425724669,10.689360220482431
2,39.0,0.40667034386174844,0.6072606737835011,10.68287260903297
2,40.0,0.40630378802025946,0.6027535782481004,10.67586895682667
2,41.0,0.4059108389221919,0.5983041889151706,10.668361018045868
2,42.0,0.4054919272012273,0.5939125738902864,10.660357020655292
2,43.0,0.40504752794538507,0.5895787923645521,10.651866041992905
2,44.0,0.4045782358696627,0.5853028798253374,10.642899445066824
2,45.0,0.4040843930531429,0.5810848485323027,10.63346376586053
2,46.0,0.403566666057686,0.5769246816959855,10.623571740134617
2,47.0,0.403025389742974,0.572822360997254,10.613229765934042
2,48.0,0.4024611708354069,0.5687778235532476,10.60244943576452
2,49.0,0.40187447814477983,0.5647910003080776,10.591239707008217
2,50.0,0.40126575469727016,0.5608618131677868,10.579609044408873
2,51.0,0.4006356111669486,0.5569901239311329,10.567569115898952
2,52.0,0.39998437459920644,0.5531758523876634,10.555126170218523
2,53.0,0.3993127229566998,0.5494187962015217,10.54229316095915
2,54.0,0.3986209471918092,0.5457188637563096,10.52907564724457
2,55.0,0.39790971831369265,0.5420758081423125,10.51548644980832
2,56.0,0.39717935476296806,0.5384895076160382,10.501531652982129
2,57.0,0.39643045222505147,0.5349597036386584,10.487222638315558
2,58.0,0.3956634361279426,0.531486201382858,10.472567534310222
2,59.0,0.3948787665869681,0.5280687735109791,10.45757513222617
2,60.0,0.3940769780862189,0.5247071385114626,10.442255644260989
2,61.0,0.3932584235127228,0.5214011020263105,10.426615812901721
2,62.0,0.3924237078476275,0.5181503069562771,10.410667197308175
2,63.0,0.39157311509049547,0.5149545811169454,10.394415223759067
2,64.0,0.3907072861975971,0.5118135071363901,10.377872138778093
2,65.0,0.3898264643079679,0.5087269242908361,10.361042587936401
2,66.0,0.38893130149565086,0.5056943692596179,10.343939030181016
2,67.0,0.38802201938587744,0.5027156835157951,10.326565700026476
2,68.0,0.38709926444727943,0.4997903699935685,10.308934949319207
2,69.0,0.3861632489753831,0.4969182653721366,10.291050834314388
2,70.0,0.3852146036092218,0.4940988484038485,10.27292540440793
2,71.0,0.3842535379731069,0.49133194653700457,10.254562664817064
2,72.0,0.3832806616207274,0.48861702113900113,10.235974262067508
2,73.0,0.38229618406834376,0.4859538884881838,10.217164199312007
2,74.0,0.381300692073044,0.483341996836743,10.19814368750973
2,75.0,0.38029439486858335,0.48078115148183165,10.178916724415691
2,76.0,0.37927785701488026,0.47827078973796117,10.15949409687563
2,77.0,0.3782512856406614,0.4758107077410906,10.139879762424524
2,78.0,0.37721522499983723,0.473400332519936,10.120084119928439
2,79.0,0.3761698775622922,0.471039453905396,10.100111037907505
2,80.0,0.37511576966649135,0.4687274883481052,10.079970572923743
2,81.0,0.37405309648541074,0.4664642227119087,10.059666454077847
2,82.0,0.37298236876925844,0.4642490621771529,10.039208440092546
2,83.0,0.37190377213457243,0.4620817939553034,10.01860007747707
2,84.0,0.37081780364450273,0.45996181131157665,9.997850863440398
2,85.0,0.3697246377267716,0.4578889047188572,9.97696413071103
2,86.0,0.36862475904782865,0.4558624552621794,9.955949139638594
2,87.0,0.3675183299543611,0.4538822589192303,9.934808992123553
2,88.0,0.3664058233439813,0.4519476849148184,9.913552723652538
2,89.0,0.36528738931198707,0.4500585361701507,9.892183202043068
2,90.0,0.36416348900083295,0.44821417104644595,9.870709238180151
2,91.0,0.363034260721157,0.44641440000420013,9.849133474716005
2,92.0,0.36190015336783155,0.4446585722077315,9.827464488525436
2,93.0,0.36076129443185023,0.4429465054652104,9.805704715533553
2,94.0,0.35961811970151947,0.44127754200399943,9.783862482192669
2,95.0,0.3584707471630123,0.4396515061078953,9.761940042822667
2,96.0,0.35731959841784855,0.43806773579585156,9.739945452813965
2,97.0,0.3561647834612805,0.4365260604220899,9.717880813806765
2,98.0,0.35500670854117,0.4350258168486763,9.6957538878346
2,99.0,0.3538454772459144,0.43356683771629473,9.67356665412417
2,100.0,0.352681479329622,0.43214846195423057,9.651326559568714
2,101.0,0.3515148135202442,0.4307705234810085,9.629035490528125
2,102.0,0.35034585205171315,0.42943236655206457,9.606700559143864
2,103.0,0.3491746902227982,0.4281338242644433,9.584323586255657
2,104.0,0.34800168189453995,0.42687424937537927,9.561911332960657
2,105.0,0.346826920195551,0.42565347209587484,9.539465578634172
2,106.0,0.3456507399896633,0.42447085664542644,9.516992721400445
2,107.0,0.34447323328023266,0.4233262284182667,9.4944945191349
2,108.0,0.34329471551526997,0.4222189658500531,9.471976998990588
2,109.0,0.3421152784545177,0.42114888767293635,9.449441914188299
2,110.0,0.3409352178808631,0.42011538911689744,9.426894916146557
2,111.0,0.33975462604670437,0.4191182804874472,9.40433776749914
2,112.0,0.33857377897312413,0.4181569762128354,9.3817757420828
2,113.0,0.3373927700054168,0.417231276497095,9.359210623412904
2,114.0,0.3362118554456969,0.4163406171944124,9.33664730856288
2,115.0,0.33503113020614234,0.41548478682910595,9.314087610985972
2,116.0,0.3338508310394252,0.4146632447323795,9.291536054231367
2,117.0,0.33267105478210074,0.4138757662722222,9.268994488520706
2,118.0,0.3314920189211495,0.41312183613256726,9.246467069300449
2,119.0,0.3303138224681536,0.41240121515345424,9.223955688349706
2,120.0,0.3291366640303468,0.4117134150744158,9.20146414038632
2,121.0,0.3279606449475996,0.41105818094284113,9.178994361675183
2,122.0,0.32678594542399725,0.4104350530875333,9.156549795311717
2,123.0,0.3256126691927688,0.40984375960611136,9.134132423289865
2,124.0,0.3244409786110969,0.40928387078570183,9.111745347710624
2,125.0,0.32327097979133074,0.4087550967241822,9.089390596024941
2,126.0,0.3221028178692006,0.4082570388767948,9.067070941289643
2,127.0,0.32093660125115697,0.4077893883974808,9.044788454788254
2,128.0,0.3197724585362764,0.40735177896611724,9.022545593617629
2,129.0,0.3186105002774485,0.40694388195212355,9.00034447007255
2,130.0,0.3174508392719848,0.40656536416974143,8.978187239331163
2,131.0,0.31629358801663404,0.40621587646405644,8.956076050828871
2,132.0,0.3151388442832648,0.4058951195534838,8.934012772658019
2,133.0,0.313986722262284,0.40560272311634626,8.911999586614142
2,134.0,0.3128373055098175,0.40533842241226686,8.890038089174434
2,135.0,0.3116907096189665,0.4051018254039228,8.868130488935215
2,136.0,0.31054700476572866,0.404892702403735,8.846278126724327
2,137.0,0.3094063073949029,0.40471064011695823,8.824483227411166
2,138.0,0.3082686758366432,0.4045554415604419,8.802746905489256
2,139.0,0.30713422552086084,0.40442667816594413,8.781071366436896
2,140.0,0.3060030065331334,0.4043241741342462,8.759457567221412
2,141.0,0.3048751303746364,0.4042474967606266,8.737907638256152
2,142.0,0.303750640672639,0.40419648638546807,8.716422413111836
2,143.0,0.3026296445319065,0.4041707080297431,8.69500393820116
2,144.0,0.30151218001850394,0.4041700162582435,8.673652940838899
2,145.0,0.3003983494594568,0.4041939756008582,8.652371376151168
2,146.0,0.29928818616588027,0.40424245296195466,8.631159880601606
2,147.0,0.29818178737330875,0.4043150141423419,8.610020312035013
2,148.0,0.2970791823708429,0.4044115364766237,8.588953230067839
2,149.0,0.2959804630418497,0.4045315888282875,8.567960390282913
2,150.0,0.29488565532374184,0.40467505698335027,8.547042288257167
2,151.0,0.29379484552943874,0.40484151474225516,8.526200573140883
2,152.0,0.2927080568643705,0.4050308542409593,8.505435688311966
2,153.0,0.29162536988798665,0.4052426562132564,8.484749172991188
2,154.0,0.29054680564378116,0.40547681689424814,8.464141429249116
2,155.0,0.28947243878750933,0.40573292610816275,8.443613883506732
2,156.0,0.28840228872638957,0.40601088174561706,8.423166906570863
2,157.0,0.2873364240934845,0.4063102850729438,8.402801809789052
2,158.0,0.28627486313884487,0.4066310329740465,8.382518941858532
2,159.0,0.2852176683862252,0.40697274073835443,8.362319497398456
2,160.0,0.28416485736124447,0.4073353013257528,8.342203811264604
2,161.0,0.28311648642666887,0.4077183468891417,8.322172960360321
2,162.0,0.2820725727655185,0.40812176326640726,8.302227272995463
2,163.0,0.2810331665667965,0.4085452026059406,8.28236770811348
2,164.0,0.27999828499847595,0.40898854011265345,8.262594593736733
2,165.0,0.2789679721073927,0.4094514513820449,8.242908771452463
2,166.0,0.2779422453132701,0.4099337971366115,8.22331057409313
2,167.0,0.2769211426029725,0.41043528022060516,8.203800727460258
2,168.0,0.2759046818480445,0.41095574265647683,8.184379573019095
2,169.0,0.27489289511576703,0.41149491871566607,8.165047723467785
2,170.0,0.27388580085481357,0.41205262710942336,8.145805531298572
2,171.0,0.2728834254194835,0.4126286381205182,8.126653500053695
2,172.0,0.27188578787823914,0.41322274211637844,8.107591994067485
2,173.0,0.2708929091543454,0.4138347504070171,8.088621413113328
2,174.0,0.26990480888684076,0.4144644195366324,8.069742132427356
2,175.0,0.268921502934569,0.41511160731816044,8.050954455018859
2,176.0,0.2679430111517804,0.4157760369383762,8.032258760235942
2,177.0,0.26696934540965733,0.4164575994173627,8.013655274897072
2,178.0,0.26600052481301356,0.4171560013692074,7.995144364031132
2,179.0,0.2650365582808741,0.4178711551359181,7.976726198050764
2,180.0,0.26407746352503414,0.4186027591650121,7.95840111536895
2,181.0,0.2631232472742105,0.41935073982180093,7.940169244548884
2,182.0,0.262173925415148,0.4201147939149495,7.92203088913296
2,183.0,0.26122950307133497,0.4208948547906783,7.903986147013842
2,184.0,0.2602899940192472,0.4216906247101167,7.886035281413763
2,185.0,0.25935540219976566,0.42250203638186534,7.868178367629736
2,186.0,0.258425739152265,0.4233288052019322,7.850415626140486
2,187.0,0.25750100788379676,0.4241708550199612,7.832747114400686
2,188.0,0.25658121773990983,0.42502792266741923,7.8151730109724085
2,189.0,0.2556663708574535,0.4258999142840353,7.797693356683681
2,190.0,0.2547564746131406,0.42678659708246086,7.780308292478733
2,191.0,0.2538515301409034,0.42768784998516535,7.763017840023202
2,192.0,0.25295154326667174,0.42860348020424055,7.745822110631062
2,193.0,0.2520565137816053,0.4295333292538421,7.728721100312074
2,194.0,0.25116644658292503,0.43047725466378584,7.711714902635699
2,195.0,0.25028133979899025,0.43143505367402424,7.694803481841165
2,196.0,0.24940119752268397,0.43240663306944194,7.677986916129731
2,197.0,0.2485260165823099,0.43339175559832527,7.661265144900924
2,198.0,0.24765579978378505,0.43439035712207674,7.644638221766402
2,199.0,0.24679054324485605,0.4354021877593458,7.628106072549331
2,200.0,0.24593024842910644,0.43642719674246605,7.6116687252138835
2,201.0,0.2450749108308191,0.43746513406234105,7.595326093670917
2,202.0,0.24422453048508894,0.4385159492115281,7.579078178590984
2,203.0,0.24337910263858317,0.4395794053551797,7.562924889153842
2,204.0,0.24253862551202357,0.44065543832364373,7.5468661913634545
2,205.0,0.24170309477701782,0.44174383858891275,7.530902002518767
2,206.0,0.240872506147274,0.4428445135534957,7.515032240723124
2,207.0,0.2400468566952663,0.44395729599201644,7.499256850041326
2,208.0,0.23922613862260456,0.445082049236511,7.483575681472307
2,209.0,0.23841035168713737,0.4462186642585342,7.467988730389369
2,210.0,0.2375994843182667,0.4473669536425315,7.452495775717201
2,211.0,0.23679353737124992,0.44852685375023066,7.437096833796907
2,212.0,0.23599249788900276,0.449698149067683,7.421791657062075
2,213.0,0.2351963661479712,0.4508807977127616,7.406580250794668
2,214.0,0.23440512918203513,0.4520745786096825,7.391462367255632
2,215.0,0.23361878563420596,0.4532794515059512,7.376437980517472
2,216.0,0.232837323674832,0.45449520865055837,7.361506864555232
2,217.0,0.2320607390770542,0.45572179184798434,7.346668938607821
2,218.0,0.23128902267355392,0.45695902657001136,7.331924027518539
2,219.0,0.2305221657473068,0.4582068160735034,7.317271964734301
2,220.0,0.2297601636962539,0.4594650400117079,7.302712662325199
2,221.0,0.22900300227504708,0.4607335479137203,7.288245848110428
2,222.0,0.2282506808372822,0.46201227616332646,7.273871509739378
2,223.0,0.22750318183137835,0.4633010322607198,7.259589311860224
2,224.0,0.22676050511381052,0.46459978105012006,7.2453992517306895
2,225.0,0.22602263346271578,0.46590832128175563,7.231301000298758
2,226.0,0.22528956479534515,0.46722661884171607,7.2172945177700845
2,227.0,0.22456128428983965,0.4685544882616917,7.2033795209486735
2,228.0,0.22383778571707233,0.4698918711718514,7.1895558908168145
2,229.0,0.2231190591462513,0.4712386236326569,7.1758234376303935
2,230.0,0.2224050916901658,0.47259463705360266,7.162181915158057
2,231.0,0.22169588086798508,0.47395983431474703,7.148631275999448
2,232.0,0.22099140717213156,0.47533404820984654,7.135171147430218
2,233.0,0.22029167056920596,0.47671724306894214,7.121801528812217
2,234.0,0.21959665131616027,0.478109231944013,7.108522042922044
2,235.0,0.21890634790430996,0.4795099878617992,7.095332660933797
2,236.0,0.2182207432505683,0.4809193339428057,7.082233056447012
2,237.0,0.21753983131726606,0.48233722124156275,7.069223114102085
2,238.0,0.21686360100627505,0.48376351419322383,7.056302621851027
2,239.0,0.2161920386610496,0.4851981115983432,7.043471318763071
2,240.0,0.2155251417473056,0.4866409463778863,7.030729156416554
2,241.0,0.2148628895131589,0.4880918574070735,7.0180757383125965
2,242.0,0.21420528199017824,0.4895508172806905,7.005511065054373
2,243.0,0.21355229889441527,0.49101764893713024,6.993034749083689
2,244.0,0.21290393781280584,0.49249232620230754,6.9806467442949875
2,245.0,0.21226018283920448,0.4939746919628931,6.968346746775198
2,246.0,0.2116210250535206,0.49546468438492147,6.956134586091317
2,247.0,0.21098645722721157,0.49696220395402446,6.944010124130154
2,248.0,0.21035646175631476,0.4984671266114771,6.931973024539046
2,249.0,0.20973103796754883,0.49997941351726277,6.9200232744538495
2,250.0,0.20911016472089866,0.5014988976622538,6.908160469959806
2,251.0,0.20849384117440253,0.5030255598462944,6.896384594969853
2,252.0,0.20788204955395453,0.504559239526705,6.884695309880462
2,253.0,0.20727478333473548,0.5060998921790224,6.873092490024236
2,254.0,0.20667203306553994,0.5076474068156406,6.861575954820347
2,255.0,0.20607378319048625,0.5092016781102194,6.850145407048095
2,256.0,0.2054800326602404,0.5107626634367123,6.838800826658227
2,257.0,0.2048907605400598,0.5123302035376708,6.827541813658055
2,258.0,0.20430596648585642,0.5139042820729506,6.816368361473213
2,259.0,0.20372563290659698,0.5154847426186567,6.805280133998077
2,260.0,0.20314975357584614,0.5170715436665969,6.79427701226636
2,261.0,0.2025783198708155,0.5186645808960597,6.783358831525508
2,262.0,0.20201131620102836,0.5202637487152717,6.772525293893826
2,263.0,0.20144874208171798,0.5218690114754729,6.761776390109044
2,264.0,0.20089057737137445,0.5234802117024586,6.751111735334489
2,265.0,0.20033682138382877,0.5250973345260643,6.740531316459779
2,266.0,0.1997874585853056,0.5267202336628747,6.730034836686585
2,267.0,0.19924248093970887,0.5283488567844041,6.719622142472074
2,268.0,0.19870188372659925,0.5299831252429277,6.709293143624492
2,269.0,0.19816564924592991,0.5316229141608,6.699047501955332
2,270.0,0.19763377814758082,0.5332682030042417,6.688885229881621
2,271.0,0.1971062521546058,0.5349188348142248,6.6788059781922415
2,272.0,0.19658306877978424,0.5365747889398321,6.668809699364753
2,273.0,0.19606421701533344,0.5382359425299671,6.658896183077368
2,274.0,0.19554968546543655,0.53990221651554,6.649065211594258
2,275.0,0.19503947329717375,0.5415735675496715,6.63931676900112
2,276.0,0.19453356215031659,0.5432498469937899,6.629650504495595
2,277.0,0.19403195228015985,0.544931044448163,6.620066422955511
2,278.0,0.19353462961773352,0.5466170155081649,6.610564255570058
2,279.0,0.19304158715374264,0.5483077116572329,6.6011438684151225
2,280.0,0.1925528219863719,0.5500030633769412,6.591805206046756
2,281.0,0.19206831767863283,0.5517029421961543,6.582547954409257
2,282.0,0.19158807539286068,0.5534073351844999,6.573372135710957
2,283.0,0.19111208009371772,0.5551160898822813,6.564277462676996
2,284.0,0.19064032808322165,0.5568291783086983,6.555263864651343
2,285.0,0.19017281343466283,0.5585465036877263,6.546331228394462
2,286.0,0.18970952350825088,0.5602679632797423,6.537479312402369
2,287.0,0.1892504591414693,0.5619935357231424,6.528708132676566
2,288.0,0.18879560558074596,0.5637230670780202,6.52001740732579
2,289.0,0.18834496094464184,0.5654565398495344,6.511407100402058
2,290.0,0.18789851819713452,0.5671938425062173,6.502877077470587
2,291.0,0.18745626714386904,0.5689348870859305,6.494427143751459
2,292.0,0.18701820849530768,0.5706796467930758,6.486057312819225
2,293.0,0.18658432847848544,0.572427967979964,6.47776732151874
2,294.0,0.1861546260695695,0.5741798378874323,6.46955715028799
2,295.0,0.1857290944805977,0.5759351390086969,6.461426669431796
2,296.0,0.18530772496083212,0.5776937890471373,6.453375711752917
2,297.0,0.18489051833638254,0.5794557601716741,6.4454042930355415
2,298.0,0.18447746223993322,0.5812208981040604,6.43751217698176
2,299.0,0.18406855584247558,0.5829891911632821,6.429699347752002
2,300.0,0.18366379360923615,0.5847605232330333,6.421965699595314
2,301.0,0.18326316750154154,0.586534809172751,6.414311078919625
2,302.0,0.18286667861676642,0.5883120249033164,6.4067355066920815
2,303.0,0.18247431636412506,0.5900920140943863,6.399238780558301
2,304.0,0.18208607956619857,0.5918747622504346,6.391820878021761
2,305.0,0.18170196472952974,0.5936601630586502,6.384481732334218
2,306.0,0.18132196402082035,0.5954481193069271,6.377221193827624
2,307.0,0.1809460787908715,0.5972386147343594,6.370039288311256
2,308.0,0.18057430067239785,0.5990314914393455,6.362935855914367
2,309.0,0.180206627635932,0.6008267254158965,6.355910857860645
2,310.0,0.17984305883143206,0.6026242323529915,6.34896427790864
2,311.0,0.1794835863548303,0.604423891557909,6.3420959650381405
2,312.0,0.17912821159478617,0.6062256966611141,6.3353059457817675
2,313.0,0.17877692893810873,0.6080294933075578,6.328594112890278
2,314.0,0.17842973535834977,0.6098352384269702,6.3219604085384
2,315.0,0.17808663215106668,0.6116428801853002,6.31540485747989
2,316.0,0.1777476121765812,0.6134522678035851,6.30892732329945
2,317.0,0.17741267623334941,0.6152634004922126,6.302527821252898
2,318.0,0.17708182192840205,0.6170761404086372,6.296206305618622
2,319.0,0.1767550456390898,0.6188904159186344,6.289962707179946
2,320.0,0.17643234900912336,0.6207062010133618,6.283797057342669
2,321.0,0.17611372769022507,0.6225233301827977,6.277709273025793
2,322.0,0.1757991810247026,0.6243417893316573,6.271699341663025
2,323.0,0.17548870990595003,0.6261614817887625,6.265767280324128
2,324.0,0.1751823105087421,0.6279822887286397,6.259913015921883
2,325.0,0.17487998412856165,0.6298042057536841,6.25413657320862
2,326.0,0.17458172980606615,0.6316270724863803,6.24843793385452
2,327.0,0.1742875459094737,0.6334508396128613,6.24281706668171
2,328.0,0.1739974346283068,0.6352754664756517,6.237274013524616
2,329.0,0.17371139411155626,0.6371007857659494,6.231808739016663
2,330.0,0.1734294244646846,0.6389267936507146,6.2264212451728875
2,331.0,0.1731515278279917,0.6407533723670856,6.221111572887236
2,332.0,0.1728777028466615,0.642580415327883,6.215879696273723
2,333.0,0.17260795087195527,0.6444079158933762,6.210725641150415
2,334.0,0.17234227369141814,0.6462357040391146,6.205649441671303
2,335.0,0.1720806707348459,0.6480637340040856,6.200651086941697
2,336.0,0.17182314467457963,0.6498919642936,6.195730628021066
2,337.0,0.1715696969013353,0.6517202199683885,6.19088809148133
2,338.0,0.17132032749715473,0.6535484969749369,6.186123478890031
2,339.0,0.17107504051118616,0.6553766821454698,6.181436867612804
2,340.0,0.170833836892332,0.657204654665635,6.176828275779994
2,341.0,0.17059671764395462,0.6590324131819792,6.172297722562486
2,342.0,0.170363687762183,0.6608597875681793,6.167845303419542
2,343.0,0.1701347478565479,0.6626867168907197,6.1634710299972495
2,344.0,0.16990990031524242,0.6645131744216451,6.159174947925965
2,345.0,0.16968915053649275,0.6663389717569779,6.1549571603476805
2,346.0,0.16947249871943695,0.6681640886502954,6.150817671067253
2,347.0,0.16925994950380946,0.6699884535525691,6.1467565687344425
2,348.0,0.16905150762942228,0.6718118972845741,6.14277394391115
2,349.0,0.1688471733253998,0.6736344257093344,6.138869800975175
2,350.0,0.1686469538279932,0.6754558936985678,6.135044278186998
2,351.0,0.16845085245033417,0.6772761964560334,6.1312974388494474
2,352.0,0.16825887026490077,0.6790953300234333,6.12762930345398
2,353.0,0.1680710164385974,0.6809131066432952,6.124040047149382
2,354.0,0.16788729291869225,0.6827294697205073,6.120529707141415
2,355.0,0.1677077023655785,0.6845443921396528,6.117098334261266
2,356.0,0.1675322548933015,0.6863576712835353,6.113746121754405
2,357.0,0.1673609513268748,0.6881692841434155,6.110473085384074
2,358.0,0.16719379674529988,0.6899791687125776,6.107279322192945
2,359.0,0.16703080099683137,0.6917871321452677,6.104165020348125
2,360.0,0.16687196399896664,0.6935931783928332,6.101130178273262
2,361.0,0.1667172946290904,0.6953971810653011,6.098174965585395
2,362.0,0.1665668006050561,0.6971989979667091,6.095299529746802
2,363.0,0.16642048204538912,0.6989986344215049,6.09250387302211
2,364.0,0.16627835112883682,0.7007959138199846,6.089788228106314
2,365.0,0.16614041339104152,0.7025907403529034,6.087152700766967
2,366.0,0.16600666980495876,0.7043831096117789,6.084597309593982
2,367.0,0.16587713498366868,0.7061728136027565,6.08212233379429
2,368.0,0.16575181257087662,0.7079597925070844,6.079727842986874
2,369.0,0.16563070495108553,0.709744025015517,6.077413882731586
2,370.0,0.1655138282587686,0.7115252878285712,6.075180761304069
2,371.0,0.1654011845870491,0.713303548044058,6.073028518696886
2,372.0,0.16529277824918212,0.7150787616956181,6.070957237321873
2,373.0,0.16518862600025835,0.7168507035713815,6.06896723731259
2,374.0,0.16508872874690042,0.7186193598916788,6.067058535991554
2,375.0,0.1649930931820149,0.7203846596552475,6.065231261237752
2,376.0,0.16490173584361828,0.7221463865260668,6.06348572903719
2,377.0,0.16481465640911247,0.7239045452521575,6.061821933226101
2,378.0,0.16473186552695632,0.7256590168624096,6.060240077260802
2,379.0,0.16465337757298373,0.7274096200685792,6.0587404358152455
2,380.0,0.16457919195347778,0.7291563637641325,6.057322997545491
2,381.0,0.16450932288233,0.7308990883772106,6.055988034031314
2,382.0,0.16444378262853024,0.7326376444214023,6.054735779691944
2,383.0,0.16438257065227527,0.7343720405193764,6.053566224213551
2,384.0,0.1643257041399801,0.7361020855887976,6.052479695970861
2,385.0,0.1642731935589983,0.7378276559318998,6.05147639495988
2,386.0,0.16422503860343723,0.7395487576834504,6.050556315336023
2,387.0,0.1641812589009858,0.7412651755703318,6.04971983211857
2,388.0,0.1641418634163234,0.7429768064714969,6.048967116592463
2,389.0,0.1641068521897905,0.7446836527128571,6.048298169528472
2,390.0,0.16407624683139596,0.7463854805599427,6.047713403821359
2,391.0,0.16405005508916862,0.7480822029643319,6.04721296750996
2,392.0,0.16402827739410125,0.7497738179221285,6.0467968688290945
2,393.0,0.1640109369546629,0.7514600775769705,6.046465551214739
2,394.0,0.16399804057209363,0.7531409070542371,6.046219144615765
2,395.0,0.1639895890485419,0.7548163001917321,6.046057664358545
2,396.0,0.16398560687740757,0.7564859981825932,6.045981578429761
2,397.0,0.16398610016693757,0.7581499349197728,6.045991003537519
2,398.0,0.16399107001500587,0.7598081008273329,6.0460859606585045
2,399.0,0.1640005419449928,0.7614602283950715,6.046266937458878
2,400.0,0.16401452161294386,0.7631062572472375,6.04653404200669
2,401.0,0.1640330102927203,0.7647461755803066,6.046887298641155
2,402.0,0.1640560343233357,0.7663797087699177,6.047327210612446
2,403.0,0.16408359914204468,0.7680067993723372,6.047853881808254
2,404.0,0.1641157060494508,0.7696274348406695,6.048467337078749
2,405.0,0.16415238200329324,0.7712413346560932,6.049168091495876
2,406.0,0.16419363245567176,0.7728484416016568,6.049956249230964
2,407.0,0.16423945857255215,0.7744487440139184,6.050831832561711
2,408.0,0.16428988772390796,0.7760419566397807,6.0517953644364715
2,409.0,0.16434492561943112,0.7776280197253638,6.052846953948304
2,410.0,0.16440457313611362,0.7792069240933197,6.053986617853583
2,411.0,0.16446885781078338,0.7807783811876217,6.055214882288691
2,412.0,0.1645377858719255,0.7823423257334866,6.056531866259081
2,413.0,0.16461135778035713,0.7838987524405184,6.057937578569423
2,414.0,0.16468960092582846,0.7854473715020619,6.059432542545941
2,415.0,0.16477252234404918,0.7869881087481571,6.061016892617439
2,416.0,0.16486012199952932,0.7885209637869257,6.062690628105823
2,417.0,0.16495242672466037,0.7900456486015924,6.064454261688061
2,418.0,0.16504944468509755,0.7915620761849066,6.066307949382429
2,419.0,0.16515117533452522,0.7930702514692803,6.068251680750666
2,420.0,0.1652576444180002,0.7945698926392233,6.070285947694422
2,421.0,0.16536886159211917,0.7960608951563507,6.07241093471886
2,422.0,0.16548482586656835,0.7975432689129432,6.07462662290241
2,423.0,0.1656055612334886,0.7990167444728086,6.076933470654377
2,424.0,0.16573107923905123,0.8004811941318325,6.079331698583355
2,425.0,0.16586137860840916,0.8019366313764245,6.081821282331295
2,426.0,0.16599648077450208,0.8033828075009322,6.084402631409757
2,427.0,0.16613639960233278,0.8048195648670138,6.0870760107324235
2,428.0,0.16628113378960765,0.806246917971423,6.089841395416833
2,429.0,0.16643070127270895,0.8076646497784326,6.092699128167068
2,430.0,0.1665851186799044,0.8090725646173327,6.09564952669353
2,431.0,0.16674438503268296,0.8104706739723119,6.098692572300159
2,432.0,0.16690851373132884,0.8118588064255716,6.101828521021419
2,433.0,0.16707752460074757,0.8132367186493081,6.105057751644739
2,434.0,0.16725141741713928,0.8146044134289006,6.108380259894052
2,435.0,0.16743019995632835,0.8159617823447297,6.1117961943392745
2,436.0,0.16761389562241985,0.8173085230636175,6.115306002154322
2,437.0,0.16780250441541383,0.8186446355855634,6.118909683339195
2,438.0,0.16799603047309178,0.819970055258313,6.122607316953018
2,439.0,0.16819449801440126,0.821284447943583,6.126399365738613
2,440.0,0.1683979080525437,0.8225878001521627,6.130285849054859
2,441.0,0.16860626232640855,0.8238800790815846,6.134266800126102
2,442.0,0.16881958382543585,0.8251609408423353,6.138342658203399
2,443.0,0.16903787528774653,0.8264303459785285,6.142513475603056
2,444.0,0.16926113676202542,0.8276882876429282,6.146779253255278
2,445.0,0.16948938853350817,0.8289344306212879,6.151140378742853
2,446.0,0.16972263549145644,0.8301686974566111,6.155596945483164
2,447.0,0.16996087678830252,0.8313910987646657,6.16014893728204
2,448.0,0.17020412857748465,0.8326013316521614,6.164796662777482
2,449.0,0.17045239816985705,0.8337992660610757,6.169540261655385
2,450.0,0.17070568461693458,0.8349849187151577,6.17437971579338
2,451.0,0.17096399876995616,0.8361580483934109,6.179315232522233
2,452.0,0.17122735034890849,0.8373184550530248,6.184346997558277
2,453.0,0.17149573898189827,0.8384661470443558,6.189475003795878
2,454.0,0.17176916959114807,0.8396009803517814,6.194699345282193
2,455.0,0.1720476538422386,0.8407226645706515,6.200020244907328
2,456.0,0.17233119173516986,0.8418311997009659,6.205437702671282
2,457.0,0.17261978436415332,0.8429265274376748,6.210951739480765
2,458.0,0.17291344240397064,0.8440082971153703,6.216562559295038
2,459.0,0.1732121664554943,0.8450764908448312,6.22227017359476
2,460.0,0.17351595631187783,0.8461310957230442,6.228074578427783
2,461.0,0.17382481876786973,0.8471717634403453,6.233975903618957
2,462.0,0.17413875529267936,0.8481984283690855,6.239974177239938
2,463.0,0.1744577654960818,0.8492111036083363,6.246069391834844
2,464.0,0.17478185157439244,0.8502094888469744,6.252261589367889
2,465.0,0.1751110149704373,0.8511934453581721,6.258550797406637
2,466.0,0.17544525563849236,0.8521629884054526,6.264937015077455
2,467.0,0.17578457218704563,0.8531179198938481,6.27142021579322
2,468.0,0.17612896396852118,0.8540579985768291,6.278000387180926
2,469.0,0.17647843098291902,0.8549832244543955,6.284677529240575
2,470.0,0.1768329713988836,0.8558935315214996,6.291451606981107
2,471.0,0.17719257923192722,0.8567885757200544,6.298322506059042
2,472.0,0.17755725432220407,0.8576683459377725,6.305290223420262
2,473.0,0.17792699602870232,0.8585328345957539,6.312354746817185
2,474.0,0.17830179278070274,0.859381703073484,6.319515855172187
2,475.0,0.17868164233289238,0.8602148804269653,6.326773505584871
2,476.0,0.17906654540426428,0.8610323838738525,6.334127711792784
2,477.0,0.17945648822017382,0.8618339535839447,6.341578210608686
2,478.0,0.17985146227212304,0.8626194202819695,6.3491248394637285
2,479.0,0.1802514677262436,0.8633887863982036,6.35676760153213
2,480.0,0.18065649714839133,0.8641419553405688,6.36450635477234
2,481.0,0.18106652847209587,0.8648786159637947,6.372340677568152
2,482.0,0.18148156169735719,0.865598768267881,6.3802705699195625
2,483.0,0.18190159545273948,0.8663024004711352,6.38829600562304
2,484.0,0.1823265986978012,0.8669891850022643,6.396416391599892
2,485.0,0.18275656603639145,0.8676590639232572,6.404631624747786
2,486.0,0.18319149948025779,0.8683120544639256,6.412941743504464
2,487.0,0.18363137040282712,0.8689479213585706,6.421346200912169
2,488.0,0.1840761583913158,0.8695664949237648,6.429844606951097
2,489.0,0.1845258634457238,0.8701677751595083,6.438436961621245
2,490.0,0.1849804768623962,0.8707517051950874,6.447123098624975
2,491.0,0.18543995169598534,0.8713179746618975,6.45590212099421
2,492.0,0.18590428655627617,0.871866574339562,6.464774002166605
2,493.0,0.18637348314845756,0.8723975130828993,6.473738774722597
2,494.0,0.18684749012687563,0.8729105160967057,6.482795457619026
2,495.0,0.1873262892396912,0.8734054859558994,6.491943702124483
2,496.0,0.1878098818915066,0.8738824287075698,6.501183535076207
2,497.0,0.18829824505588172,0.8743412423431369,6.5105145165161895
2,498.0,0.1887913207146941,0.8747816745511464,6.519935537912782
2,499.0,0.18928910886794373,0.8752037253315983,6.5294465992659845
2,500.0,0.18979161075855497,0.8756073977709985,6.5390477243239085
2,501.0,0.19029875292641485,0.8759924289352508,6.548737509510285
2,502.0,0.19081051524992393,0.8763587476738673,6.558515570368858
2,503.0,0.19132689976848527,0.8767063597661465,6.568381945865781
2,504.0,0.1918478761999332,0.877035173629351,6.578336057410474
2,505.0,0.19237336673880387,0.8773449637340992,6.588376418401587
2,506.0,0.19290337138509728,0.8776357300803912,6.59850302883912
2,507.0,0.1934378944557298,0.8779074810641134,6.608715971204864
2,508.0,0.19397684446381466,0.8781599979189795,6.619013497491379
2,509.0,0.19452018775057803,0.8783932019742587,6.629394964592437
2,510.0,0.19506792431601988,0.8786070932299513,6.639860372508033
2,511.0,0.1956200386004187,0.8788016376489011,6.650409423944104
2,512.0,0.1961764139457725,0.8789766137477003,6.661039889957655
2,513.0,0.19673704583173482,0.8791320131913756,6.6717516841800375
2,514.0,0.19730194260141953,0.8792678474317819,6.682544966020157
2,515.0,0.19787102168317947,0.8793839877334755,6.693418157810899
2,516.0,0.1984442034816686,0.8794803159044884,6.70436973875227
2,517.0,0.19902148799688696,0.8795568319448207,6.715399708844271
2,518.0,0.1996028810170595,0.8796135395785615,6.726508178680457
2,519.0,0.20018824623417883,0.8796502783279406,6.7376925438721695
2,520.0,0.20077754205758383,0.8796670013755916,6.748952009761426
2,521.0,0.20137076848727453,0.8796637087215147,6.7602865763482285
2,522.0,0.2019679163471107,0.8796403874593749,6.7716960683073255
2,523.0,0.20256881879168223,0.8795968952246453,6.783177297782754
2,524.0,0.20317346026681166,0.8795332194915971,6.794729967586373
2,525.0,0.20378184133100205,0.8794493605491223,6.806354088389304
2,526.0,0.20439392857985608,0.8793452919965237,6.818049021945595
2,527.0,0.20500954274308886,0.8792209121179586,6.829811343001618
2,528.0,0.20562868382070043,0.8790762209134271,6.8416410515573745
2,529.0,0.20625136141170264,0.8789112208663244,6.853538331017772
2,530.0,0.20687749063124833,0.8787258768710189,6.865501559518201
2,531.0,0.20750691327568824,0.8785201381209722,6.8775277143177505
2,532.0,0.20813962934502242,0.8782940046161842,6.889616795416426
2,533.0,0.20877565323517291,0.8780474767844381,6.90176907787199
2,534.0,0.20941486484206462,0.8777805345573982,6.913982266898561
2,535.0,0.21005711461623003,0.877493162996952,6.926253505107609
2,536.0,0.21070240255766917,0.8771853621030995,6.938582792499129
2,537.0,0.21135074563077028,0.8768571289863573,6.950970453205662
2,538.0,0.2120020019369297,0.8765084697327877,6.963413776021012
2,539.0,0.21265601966360959,0.8761393995139234,6.975909860316964
2,540.0,0.21331279881080994,0.875749918329764,6.98845870609352
2,541.0,0.21397235766905592,0.8753400198481441,7.001060662821244
2,542.0,0.2146345427798856,0.8749097393573569,7.013712798423836
2,543.0,0.2152991922283177,0.8744591224388231,7.026412019249284
2,544.0,0.21596630601435213,0.8739881690925423,7.0391583252975884
2,545.0,0.21663590325566756,0.8734968696557295,7.051952081843443
2,546.0,0.21730782380265573,0.8729852882652411,7.064790228965191
2,547.0,0.21798189272157156,0.8724535032960614,7.0776694242659275
2,548.0,0.21865811001241503,0.8719015147481904,7.090589667745653
2,549.0,0.2193364955698201,0.8713293096391925,7.103551339524069
2,550.0,0.2200168836248176,0.8707369805235239,7.116551272312388
2,551.0,0.2206990862465317,0.8701246405404424,7.1295858753821495
2,552.0,0.2213831034349624,0.8694922896899481,7.1426551487333505
2,553.0,0.22206895574789748,0.8688399117373042,7.155759485156338
2,554.0,0.22275647265061901,0.8681676270475711,7.168895626304858
2,555.0,0.2234454533888551,0.8674755853068881,7.182059736438373
2,556.0,0.22413589796260575,0.8667637865152552,7.195251815556888
2,557.0,0.2248278274665526,0.8660322112907887,7.208472266708983
2,558.0,0.2255210675293711,0.865281006959668,7.221717758243729
2,559.0,0.22621540488893996,0.8645103613562728,7.234984215437553
2,560.0,0.22691083954525929,0.8637202744806031,7.248271638290462
2,561.0,0.2276073929926053,0.8629107239467475,7.26158043748595
2,562.0,0.22830488801812526,0.8620818829512372,7.274907227081015
2,563.0,0.22900309931684262,0.8612339788654917,7.288247702253532
2,564.0,0.22970202688875738,0.8603670116895108,7.301601863003499
2,565.0,0.2304016924811388,0.8594809562139256,7.3149701248482675
2,566.0,0.23110191708927985,0.8585760101787285,7.328349067608506
2,567.0,0.23180246398549978,0.8576524416382846,7.341734168212541
2,568.0,0.23250333316979863,0.8567102505925936,7.355125426660372
2,569.0,0.23320454648856925,0.8557494092256277,7.3685232603632675
2,570.0,0.23390592423657341,0.8547701382670614,7.381924235757097
2,571.0,0.23460721904222528,0.8537727473285391,7.3953236264008755
2,572.0,0.23530843090552486,0.8527572364100608,7.408721432294602
2,573.0,0.23600958161315455,0.851723575340022,7.422118069708676
2,574.0,0.23671049187796375,0.850672006070442,7.435510113067221
2,575.0,0.23741090462291875,0.8496028803466777,7.448892650490708
2,576.0,0.2381108198480196,0.8485161981687293,7.4622656819791375
2,577.0,0.23881025911896986,0.8474119272921192,7.475629619580744
2,578.0,0.23950904469711284,0.8462903289276645,7.488981067306172
2,579.0,0.2402069108963961,0.845151797209673,7.502314948786435
2,580.0,0.24090385771681963,0.8439963321381446,7.515631264021528
2,581.0,0.24159989872168577,0.8428239110007982,7.528930272160655
2,582.0,0.2422948491306083,0.8416348233717289,7.54220844267063
2,583.0,0.24298848342644563,0.8404294330465282,7.555461466675574
2,584.0,0.24368080160919772,0.839207740025196,7.568689344175484
2,585.0,0.24437180431984037,0.8379697435827046,7.5818920874172555
2,586.0,0.24506117853717901,0.8367159749901211,7.595063715616161
2,587.0,0.24574885736151397,0.8354465476313421,7.608202950543407
2,588.0,0.24643485143186805,0.8341614424102384,7.621309995475026
2,589.0,0.24711903433765608,0.832860888139106,7.634382435128886
2,590.0,0.24780114119375654,0.8315453618261757,7.647415208439098
2,591.0,0.24848117200016942,0.8302148634714475,7.660408315405661
2,592.0,0.24915913694537073,0.8288693744888063,7.673361950696164
2,593.0,0.24983473907043718,0.8275094627922708,7.686270440421992
2,594.0,0.2505078856424972,0.8261353050556471,7.6991320127691125
2,595.0,0.25117857752727774,0.8247468995419919,7.711946684278669
2,596.0,0.2518467446773929,0.823344390439043,7.724713116580148
2,597.0,0.2525120796956417,0.8219283980874422,7.737425436344464
2,598.0,0.2531745825820243,0.8204989224871897,7.750083643571623
2,599.0,0.25383426973384426,0.8190559299091533,7.762688051559075
2,600.0,0.2544908725855805,0.8175999960902115,7.775233528920845
2,601.0,0.25514427143954427,0.8161313758690045,7.78771778863573
2,602.0,0.2557944662957356,0.8146500692455322,7.8001408307037305
2,603.0,0.2564413949602978,0.8131562128196127,7.812501466808924
2,604.0,0.2570847855488953,0.8116504252653086,7.824794502153933
2,605.0,0.25772462901590193,0.8101327274343059,7.837019763907187
2,606.0,0.25836090768515463,0.8086031644491695,7.84917691433652
2,607.0,0.2589933545714212,0.807062370220836,7.861260852249978
2,608.0,0.2596219334997803,0.8055104298099388,7.873270886466191
2,609.0,0.26024664692548,0.803947339675457,7.885207063896712
2,610.0,0.2608672506862791,0.8023737110213526,7.89706471942036
2,611.0,0.2614836734530688,0.8007897204809423,7.908842490177205
2,612.0,0.26209592710939317,0.7991953387029739,7.920540603221899
2,613.0,0.2627038096708333,0.7975910998124256,7.932155199309925
2,614.0,0.263307207228065,0.7959773010319957,7.943684102016303
2,615.0,0.26390613113038813,0.7943539119771985,7.955127528188075
2,616.0,0.2645004387674485,0.7927213327863158,7.966482753019878
2,617.0,0.26508996759439324,0.7910800108309456,7.977746670824971
2,618.0,0.2656747194339243,0.7894299409065755,7.9889193164290715
2,619.0,0.26625462566495045,0.7877713307400167,7.9999993787133725
2,620.0,0.2668294706113733,0.7861048074280828,8.010982736831307
2,621.0,0.26739925427319294,0.7844303709707735,8.021869390782875
2,622.0,0.26796394712068344,0.7827481191607669,8.032658776354095
2,623.0,0.26852332412334656,0.78105874651451,8.043346593967208
2,624.0,0.2690773697652587,0.779362300154863,8.053932547164969
2,625.0,0.26962607716302284,0.7776588079576442,8.06441650442876
2,626.0,0.27016923581712093,0.7759489615658498,8.07479444381909
2,627.0,0.2707068064310536,0.77423288799786,8.085065614511711
2,628.0,0.271238794816778,0.7725105709666098,8.095230127553625
2,629.0,0.2717650207852585,0.7707826432991066,8.105284540136955
2,630.0,0.27228541635317366,0.7690493393821887,8.11522755332854
2,631.0,0.27279999129850935,0.7673106253572566,8.125059353952878
2,632.0,0.27330860854369865,0.765567019070979,8.13477732291761
2,633.0,0.27381116818635304,0.7638188891467835,8.144379551423304
2,634.0,0.27430767663397976,0.7620662110689902,8.153866161895916
2,635.0,0.2747980494575721,0.7603093323449914,8.163235541180423
2,636.0,0.2752821533857996,0.7585487816035109,8.17248514290887
2,637.0,0.2757599884186622,0.7567845588445485,8.181614967081257
2,638.0,0.27623152053492395,0.755016822352483,8.190624363665913
2,639.0,0.2766965917922483,0.7532462502854897,8.199510314914747
2,640.0,0.2771551994276569,0.7514728542014597,8.208272768036508
2,641.0,0.2776073305543399,0.7496967040688591,8.216911476807502
2,642.0,0.27805283654166507,0.7479184980473863,8.225423601395054
2,643.0,0.27849170130653533,0.7461383098242121,8.233808834505144
2,644.0,0.27892392449905307,0.7443561486216037,8.242067169452403
2,645.0,0.27934937827418654,0.7425726776325,8.25019616354724
2,646.0,0.27976803081188417,0.740788057586605,8.258195208815236
2,647.0,0.28017988727690196,0.7390022642405011,8.266064403937548
2,648.0,0.2805848486237185,0.7372158728151049,8.273801856486598
2,649.0,0.280982866661327,0.7354291544167401,8.281406645693938
2,650.0,0.28137394671240634,0.7336420778534122,8.28887887325811
2,651.0,0.28175802297652563,0.7318550802191222,8.296217281953655
2,652.0,0.28213503205798357,0.7300685643521609,8.303420660501443
2,653.0,0.28250497580412154,0.7282825174229474,8.310489044197965
2,654.0,0.28286782249402675,0.726497191905953,8.317421826963013
2,655.0,0.28322349647910616,0.7247131413910143,8.324217563405805
2,656.0,0.2835719977593597,0.7229303658781314,8.330876253526336
2,657.0,0.2839133154017667,0.7211489788152954,8.337397688431265
2,658.0,0.28424737673283934,0.7193696132202463,8.34378047957409
2,659.0,0.28457417824044584,0.7175922983254304,8.350024559849754
2,660.0,0.28489371755306725,0.7158170751331874,8.356129883946483
2,661.0,0.2852059372935049,0.7140445658921218,8.362095355578537
2,662.0,0.2855108284492215,0.7122748636221152,8.367920802546566
2,663.0,0.2858083922820896,0.7105079636514886,8.373606248960723
2,664.0,0.2860985899319386,0.708744429510226,8.379150952333534
2,665.0,0.28638140845193444,0.7069844374403783,8.384554665294443
2,666.0,0.2866568495668772,0.7052279621727001,8.389817420798595
2,667.0,0.28692489266312643,0.7034754649757347,8.39493882498848
2,668.0,0.2871855240681898,0.7017272221905226,8.399918616628652
2,669.0,0.2874387445283424,0.6999832110035701,8.40475680997792
2,670.0,0.28768454803864096,0.6982437518342717,8.409453290301972
2,671.0,0.28792292496162686,0.6965092352253412,8.414007873461305
2,672.0,0.28815387529729997,0.6947796611767788,8.418420559455917
2,673.0,0.2883774008161048,0.6930551772532397,8.422691382113069
2,674.0,0.28859350211850465,0.6913362981820766,8.42682035290559
2,675.0,0.28880217920323464,0.6896230243569982,8.43080747180932
2,676.0,0.2890034350420767,0.6879154261492726,8.43465279560504
2,677.0,0.2891972847517194,0.6862140274785968,8.43835661312194
2,678.0,0.2893837294047915,0.6845188701673425,8.441918944854361
2,679.0,0.28956277058832364,0.682829972475507,8.445339821125136
2,680.0,0.2897344366711731,0.6811478259705896,8.448619783967938
2,681.0,0.28989873310722114,0.679472529417959,8.451758937588137
2,682.0,0.29005565918440074,0.6778040716688494,8.454757268380519
2,683.0,0.29020525216419557,0.6761428757671823,8.457615488287018
2,684.0,0.2903475265511108,0.6744891101018202,8.460333874440055
2,685.0,0.29048247999180177,0.672842754248395,8.46291238187511
2,686.0,0.2906101514318855,0.6712041321935392,8.465351754712255
2,687.0,0.29073057031789606,0.6695734917185515,8.467652555575942
2,688.0,0.29084373476666486,0.6679508205477382,8.469814748485144
2,689.0,0.29094967562878504,0.6663363188807483,8.47183892289118
2,690.0,0.29104844425362586,0.6647303207177844,8.473726059908202
2,691.0,0.29114004064118726,0.6631328260588465,8.475476159536209
2,692.0,0.291224481554257,0.6615439239557555,8.477089542055829
2,693.0,0.2913018420595164,0.6599640070326811,8.478567641739467
2,694.0,0.2913721241749213,0.6583930857869387,8.479910497143488
2,695.0,0.2914353360443161,0.656831197297271,8.481118263869435
2,696.0,0.2914915655980572,0.6552787216676632,8.482192621971377
2,697.0,0.29154082335931636,0.6537357039478284,8.483133772511819
2,698.0,0.2915831101125104,0.6522021488175201,8.483941730478337
2,699.0,0.29161851896312735,0.6506783952985393,8.484618274804404
2,700.0,0.29164707456158623,0.6491645319254681,8.485163876476815
2,701.0,0.29166877288779147,0.647660547724426,8.485578458685035
2,702.0,0.2916837023617895,0.646166717838175,8.48586371083947
2,703.0,0.2916919082404188,0.6446831804092787,8.486020497646447
2,704.0,0.2916933853962028,0.6432099227143382,8.4860487211371
2,705.0,0.29168820585419425,0.6417471389165951,8.485949757468514
2,706.0,0.2916764426506648,0.640295020153573,8.485725002118775
2,707.0,0.29165809423169325,0.6388535630417171,8.48537442539767
2,708.0,0.2916332029963956,0.6374228692209296,8.48489883741003
2,709.0,0.2916018774644131,0.6360031835793002,8.48430031160209
2,710.0,0.29156411763574563,0.634594506116829,8.483578847973842
2,711.0,0.29151994442890367,0.63319688263791,8.482734846207832
2,712.0,0.29146948735062944,0.6318105671601588,8.481770780743364
2,713.0,0.2914127539246624,0.6304355739760077,8.480686795333853
2,714.0,0.29134975145153336,0.6290719191396436,8.479483029467948
2,715.0,0.29128061555319157,0.6277198345333453,8.478162074426038
2,716.0,0.2912053689982174,0.6263793578008832,8.476724365239301
2,717.0,0.29112400962259727,0.625050488352125,8.475169860560694
2,718.0,0.2910366675045857,0.6237334202741301,8.473501045749206
2,719.0,0.290943387330808,0.6224282176956424,8.471718774616303
2,720.0,0.29084416241779226,0.6211348737453121,8.469822919463267
2,721.0,0.29073910450978147,0.6198535342729996,8.46781561534764
2,722.0,0.29062828723887635,0.6185842906258172,8.465698269131797
2,723.0,0.29051170498128714,0.617327137383587,8.463470773363996
2,724.0,0.2903894375319278,0.6160821666542666,8.461134652657298
2,725.0,0.2902615947053911,0.6148494954961726,8.458692005200101
2,726.0,0.2901281765016771,0.6136291239093051,8.45614283099241
2,727.0,0.2899892211085544,0.6124210931757212,8.453487859674349
2,728.0,0.28984487734310194,0.6112255386911384,8.450729934640963
2,729.0,0.28969514670222646,0.610042461722202,8.447869084493115
2,730.0,0.2895400474239656,0.6088718810500762,8.444905657698513
2,731.0,0.2893797385213573,0.6077139200189641,8.44184269246276
2,732.0,0.2892142350099123,0.6065685894729973,8.438680475681892
2,733.0,0.2890435405605146,0.6054358951305481,8.435419077494181
2,734.0,0.2888678116782817,0.6043159390024889,8.432061488187292
2,735.0,0.2886870834958192,0.6032087422217046,8.428608379027436
2,736.0,0.28850135073906885,0.6021143043716753,8.425059649245059
2,737.0,0.28831075458623706,0.601032701545009,8.42141799628198
2,738.0,0.2881153573971431,0.5999639639883777,8.417684611625107
2,739.0,0.2879151513447781,0.5989080897758624,8.41385934572656
2,740.0,0.2877102451735458,0.5978651270896451,8.409944276327023
2,741.0,0.28750073900026996,0.5968351135696183,8.405941316323066
2,742.0,0.28728663104263374,0.5958180488500494,8.401850431660598
2,743.0,0.2870679754790892,0.5948139547886269,8.397672657508052
2,744.0,0.28684492346878976,0.5938228724632064,8.393410882009652
2,745.0,0.2866174750117355,0.5928448018737879,8.389065105165402
2,746.0,0.28638564824734436,0.5918797511336265,8.384635673558714
2,747.0,0.28614961425842594,0.5909277517617474,8.38012585600804
2,748.0,0.28590938951088846,0.5899888059606899,8.375535967121628
2,749.0,0.2856649713947488,0.589062916429563,8.370865957031468
2,750.0,0.2854165188187325,0.5881500994118246,8.366118861950103
2,751.0,0.28516408285979844,0.5872503575980162,8.361295657786842
2,752.0,0.2849076550337853,0.5863636922194347,8.356396182437827
2,753.0,0.2846473449583994,0.5854901072743073,8.351422530329616
2,754.0,0.2843832600133089,0.5846295995102283,8.346376753127373
2,755.0,0.28411540019851395,0.5837821689271976,8.341258850831105
2,756.0,0.28384379665240467,0.5829478180562789,8.336069418390961
2,757.0,0.2835686211123807,0.5821265282591167,8.33081173713241
2,758.0,0.28328987975655684,0.5813182985417382,8.325485925098501
2,759.0,0.28300757093626167,0.5805231322679503,8.32009195078865
2,760.0,0.28272185804950906,0.5797410009887931,8.314632936190641
2,761.0,0.28243278827418355,0.5789718942676302,8.309109782715556
2,762.0,0.282140353793733,0.5782158151033336,8.303522341015306
2,763.0,0.2818446510719166,0.5774727422619048,8.29787245418866
2,764.0,0.2815457995710002,0.5767426407753119,8.292162404758686
2,765.0,0.28124379929098364,0.5760255106435548,8.286392192725373
2,766.0,0.280938665745718,0.5753213507801226,8.280562114506363
2,767.0,0.28063057203481473,0.5746300994655276,8.274675477454425
2,768.0,0.2803195361180416,0.5739517494672928,8.268732624720451
2,769.0,0.28000554946255685,0.5732863062850476,8.262733393270471
2,770.0,0.2796887456493821,0.572633715114196,8.256680335389598
2,771.0,0.27936920396261994,0.5719939393228805,8.250574965931001
2,772.0,0.27904692440227025,0.5713669789111009,8.244417284894686
2,773.0,0.27872193912034443,0.5707528225150648,8.2382079065977
2,774.0,0.2783944131252805,0.5701513831427625,8.231949983797639
2,775.0,0.278064350665055,0.5695626583446537,8.225643597659078
2,776.0,0.27773174689523633,0.5689866533542943,8.219288655621185
2,777.0,0.27739674966275574,0.5684232825966017,8.212887982542734
2,778.0,0.2770594138213764,0.5678725118318168,8.206442626495091
2,779.0,0.27671973673721567,0.5673343430269001,8.199952537153592
2,780.0,0.27637777283976084,0.566808744704796,8.193418754483112
2,781.0,0.27603366407963253,0.5662956191532875,8.186843990683714
2,782.0,0.2756874104568308,0.5657949663723747,8.1802282457554
2,783.0,0.27533901273181943,0.5653067885911612,8.173571534228083
2,784.0,0.2749886225193512,0.5648309736534247,8.166876752950966
2,785.0,0.2746362767224544,0.5643674926745552,8.160144607017097
2,786.0,0.2742819689987398,0.5639163515046025,8.153374975244695
2,787.0,0.2739257793007546,0.5634774884713829,8.146569385258674
2,788.0,0.2735678186215007,0.5630508099496414,8.139729957762878
2,789.0,0.273208086960978,0.5626363159393779,8.1328566927573
2,790.0,0.2728465923625773,0.5622340024410518,8.125949743924158
2,791.0,0.2724834840734979,0.561843735424679,8.119011962876646
2,792.0,0.2721187845598153,0.5614654937473773,8.112043778866092
2,793.0,0.27175248633403515,0.5610992857560958,8.105045048831597
2,794.0,0.2713846874184236,0.5607450191826571,8.098017645649769
2,795.0,0.2710154720503998,0.560402609917632,8.090963178815041
2,796.0,0.2706448402299638,0.5600720579610209,8.083881648327418
2,797.0,0.2702728085594634,0.5597533495270317,8.076773371402053
2,798.0,0.2698995187105462,0.5594463349080373,8.06964105490878
2,799.0,0.269524982090103,0.5591510015310607,8.062484916795002
2,800.0,0.26914919228201084,0.558867358096689,8.055304834470144
2,801.0,0.2687722585388193,0.5585952838562158,8.04810289538384
2,802.0,0.268394242535736,0.5583347075338346,8.040880277942373
2,803.0,0.2680151442727611,0.5580856291295453,8.033636982145737
2,804.0,0.26763498977270944,0.5578480213905721,8.026373505202617
2,805.0,0.2672539088397078,0.557621726120901,8.019092327234334
2,806.0,0.26687190493789487,0.5574067389220269,8.011793514428954
2,807.0,0.26648897455744147,0.5572030661928359,8.004476999725416
2,808.0,0.26610523211373344,0.5570105626899378,7.997144969217843
2,809.0,0.265720720744893,0.5568291715777994,7.989798247131008
2,810.0,0.26533543875380955,0.556658895314783,7.9824368010388165
2,811.0,0.2649494271455569,0.5564996821485042,7.9750614144106455
2,812.0,0.2645627954039254,0.5563513805080393,7.967674179114369
2,813.0,0.264175543528915,0.5562139903933883,7.960275095149992
2,814.0,0.26378767236217365,0.5560875129363634,7.952864178598582
2,815.0,0.2633992962727973,0.5559717837016777,7.945443614669806
2,816.0,0.26301044360561093,0.5558667605489238,7.938013944938171
2,817.0,0.262621109908208,0.5557724508112883,7.930575084333122
2,818.0,0.2622313544593613,0.5556887674604973,7.923128165473109
2,819.0,0.2618412607861165,0.5556155807340272,7.9156747842797115
2,820.0,0.2614508288884736,0.555552890631878,7.908214940752928
2,821.0,0.2610600650270505,0.5555006899043063,7.900748754512161
2,822.0,0.26066907920242993,0.5554588010831585,7.893278327299456
2,823.0,0.2602778883550898,0.5554271959406646,7.885803982790502
2,824.0,0.2598864872935151,0.555405884252697,7.878325621792871
2,825.0,0.25949494733125933,0.5553947476883583,7.870844606869284
2,826.0,0.25910333046125145,0.5553936788564265,7.863362122496607
2,827.0,0.2587116366834914,0.5554026777569019,7.85587816867484
2,828.0,0.25831987839401954,0.555421725618057,7.848392982250719
2,829.0,0.2579281577736362,0.5554506385819471,7.840908515556487
2,830.0,0.25753648335167734,0.5554894007821228,7.833424931559135
2,831.0,0.25714485082999466,0.5555380217281203,7.82594214813547
2,832.0,0.25675333821280366,0.5555963568378407,7.8184616556843185
2,833.0,0.25636198998063797,0.555664320553274,7.810984304079431
2,834.0,0.2559708061334975,0.5557419128744203,7.803510093320805
2,835.0,0.2555798056046209,0.5558291004308336,7.796039385159106
2,836.0,0.2551890801261364,0.5559256998110355,7.788573932287505
2,837.0,0.2547986323987089,0.5560317054136038,7.781113786306655
2,838.0,0.25440846028716146,0.5561471236314519,7.773658906420481
2,839.0,0.254018644026548,0.5562717893735459,7.766210825651651
2,840.0,0.25362921416984857,0.5564056375513835,7.758770127765094
2,841.0,0.2532401697656259,0.556548670369399,7.751336794582041
2,842.0,0.2528515392677165,0.5567008302928756,7.74391136975983
2,843.0,0.25246339922787747,0.5568619477810935,7.736495315945686
2,844.0,0.2520757496461088,0.5570320228340526,7.729088633139603
2,845.0,0.2516885914878512,0.5572110558387783,7.721691339787921
2,846.0,0.25130200360123583,0.5573988673218114,7.714304942413855
2,847.0,0.25091600574849054,0.5575954107040859,7.706929818607276
2,848.0,0.250530595116043,0.5578006933181094,7.699565914610254
2,849.0,0.2501458123111437,0.5580146219029042,7.692214006291097
2,850.0,0.24976171476265246,0.5582370561893819,7.684875190922617
2,851.0,0.24937830247056927,0.5584679961775425,7.677549468504821
2,852.0,0.24899558014369924,0.5587074333938015,7.670236929007168
2,853.0,0.2486136224034482,0.558955180257977,7.662938998194347
2,854.0,0.24823244091769914,0.5592112063307736,7.655655899000451
2,855.0,0.24785203244332357,0.5594755212872434,7.648387569460173
2,856.0,0.24747244515970904,0.5597480018839779,7.641134930119955
2,857.0,0.24709372103584476,0.5600285351129698,7.633898782866357
2,858.0,0.24671586007173074,0.5603171209742193,7.626679127699379
2,859.0,0.24633887110742111,0.5606137393626879,7.619476133522796
2,860.0,0.24596282239797074,0.5609182008431997,7.612291104461687
2,861.0,0.24558771979419236,0.5612304884856498,7.60512415230545
2,862.0,0.24521356073395514,0.5615506114964458,7.597975228100361
2,863.0,0.24484039721130835,0.5618784226506967,7.590845325278245
2,864.0,0.24446825891558674,0.5622138337705648,7.583735011102669
2,865.0,0.24409714584679035,0.5625568448560504,7.576644285573637
2,866.0,0.24372707114979944,0.5629074215132154,7.569573399845701
2,867.0,0.24335809518900262,0.5632653785587817,7.562523507279784
2,868.0,0.24299021988680514,0.5636307097956214,7.555494644606604
2,869.0,0.24262344418909496,0.5640034211824893,7.5484867916856135
2,870.0,0.2422578208939712,0.5643833475878605,7.541500957311332
2,871.0,0.2418933701344242,0.5647704229615172,7.534537526157648
2,872.0,0.24153009144071805,0.5651646490040708,7.527596489249488
2,873.0,0.24116800367025498,0.5655659694005486,7.520678206888537
2,874.0,0.24080715689175175,0.5659742142057854,7.513783635719969
2,875.0,0.24044755110520832,0.5663893834197814,7.5069127757437855
2,876.0,0.24008918734728923,0.5668114770446863,7.500065646767166
2,877.0,0.23973211687279955,0.5672403180595791,7.493243228097463
2,878.0,0.23937635255886852,0.5676758596832738,7.486445765773404
2,879.0,0.23902189276655791,0.5681181086823364,7.479673228480375
2,880.0,0.2386687640241408,0.5685669743231804,7.4729261230846715
2,881.0,0.2383170034541594,0.5690223176137763,7.466205158873512
2,882.0,0.23796661105661368,0.569484138554124,7.459510335846895
2,883.0,0.237617590335712,0.5699524285727161,7.452841720958484
2,884.0,0.2372699892334498,0.570427004630132,7.4462002302189525
2,885.0,0.23692381528769,0.5709078362868995,7.439586007651566
2,886.0,0.23657906663962439,0.5713949325897905,7.432999017740738
2,887.0,0.23623577439478904,0.5718881744637352,7.4264398548088915
2,888.0,0.23589396538911833,0.572387450850553,7.419909031600688
2,889.0,0.23555363962261225,0.572892761750244,7.41340654811613
2,890.0,0.23521480327378833,0.5734040875018346,7.406932522405953
2,891.0,0.23487749969649327,0.5739212447178575,7.400487782816701
2,892.0,0.2345417326632105,0.5744442163680743,7.394072401427876
2,893.0,0.23420750080970293,0.57497301106629,7.3876863521734855
2,894.0,0.23387483735311462,0.575507487363323,7.381330269721693
2,895.0,0.23354376108807617,0.5760475590571746,7.375004513174831
2,896.0,0.23321427201458764,0.5765932261478449,7.368709082532897
2,897.0,0.23288637905505236,0.5771444554702873,7.362444148273084
2,898.0,0.23256012011478844,0.5777010687322238,7.3562104346388315
2,899.0,0.2322354964734888,0.5782630594190188,7.350007966080783
2,900.0,0.2319125077775428,0.5788304330848538,7.34383673584262
2,901.0,0.23159118743287962,0.5794030317050065,7.337697382199563
2,902.0,0.23127154806814257,0.5799807908591184,7.331590146442614
2,903.0,0.23095358948166023,0.5805637117216009,7.325515024718504
2,904.0,0.23063732390618646,0.5811517417799883,7.319472250754118
2,905.0,0.230322782675135,0.5817447165705603,7.313462423225857
2,906.0,0.23000996578850583,0.5823426360933169,7.307485542133719
2,907.0,0.2296988742544423,0.5829455003070529,7.301541626739943
2,908.0,0.22938954020713437,0.5835531402092053,7.295631291021077
2,909.0,0.2290819716584421,0.5841655101322161,7.289754688056883
2,910.0,0.2287761677133656,0.5847826161958553,7.283911800746915
2,911.0,0.22847214526828236,0.5854043729907482,7.278102951924258
2,912.0,0.22816992736792913,0.5860306461810015,7.272328581896505
2,913.0,0.22786951401230587,0.5866614357666151,7.266588690663653
2,914.0,0.22757090778737268,0.5872967336635869,7.26088332763473
2,915.0,0.2272741384830744,0.5879363652770314,7.255213061995617
2,916.0,0.22697921075973318,0.5885803007363621,7.249577982789441
2,917.0,0.22668612362832424,0.5892285484521864,7.24397807111925
2,918.0,0.22639489666683174,0.5898809959152607,7.238413701054637
2,919.0,0.22610554640672298,0.5905375357365034,7.2328851884564695
2,920.0,0.22581807284799796,0.5911981679159143,7.227392533324748
2,921.0,0.2255324802613746,0.5918628739604748,7.221935817258561
2,922.0,0.22524879534112885,0.5925314788603447,7.216515550295955
2,923.0,0.22496702041681954,0.593203965674373,7.211131776946982
2,924.0,0.22468715484702229,0.5938803425380235,7.205784484956176
2,925.0,0.22440921933641625,0.5945604754298007,7.200474069920481
2,926.0,0.22413322537615185,0.5952442808142566,7.195200751397226
2,927.0,0.2238591729662291,0.5959317586913911,7.189964529386413
2,928.0,0.22358706808180606,0.5966228778643284,7.184765518053261
2,929.0,0.22331693383220658,0.5973174678921878,7.17960415893941
2,930.0,0.22304877102870677,0.598015521990088,7.174480467545624
2,931.0,0.22278257968859014,0.5987170455355882,7.169394444202134
2,932.0,0.2225183804462244,0.5994218883760927,7.164346483162473
2,933.0,0.22225618096432959,0.6001299878372319,7.159336730835504
2,934.0,0.22199598117254277,0.6008413446109554,7.1543651858768325
2,935.0,0.22173778891171764,0.601555910486486,7.149431998098861
2,936.0,0.22148162321736461,0.602273526479504,7.144537531206324
2,937.0,0.22122748408948364,0.6029941925900094,7.139681785199222
2,938.0,0.22097537240778187,0.6037179090300184,7.134864776885804
2,939.0,0.22072530783603933,0.6044445147039795,7.130086881974928
2,940.0,0.22047729519717862,0.605173964910738,7.125348192616464
2,941.0,0.2202313340285046,0.6059062652281196,7.120648699969858
2,942.0,0.21998743489678887,0.606641335665923,7.115988605930663
2,943.0,0.21974561168932719,0.6073790459421718,7.111368175838503
2,944.0,0.21950586440611952,0.6081193960568662,7.106787409693374
2,945.0,0.21926819490467778,0.6088623787147807,7.1022463429861
2,946.0,0.219032621221754,0.609607826892601,7.097745320338491
2,947.0,0.21879914613976806,0.6103557110769012,7.093284394913256
2,948.0,0.21856776917010234,0.6111060392209511,7.088863557374551
2,949.0,0.21833850235435961,0.6118587049448001,7.084483037797002
2,950.0,0.21811135555772035,0.6126136036782331,7.080143024671104
2,951.0,0.21788632878018452,0.6133707354212501,7.075843517996859
2,952.0,0.21766342489914328,0.61413008308681,7.071584572751559
2,953.0,0.2174426598671512,0.6148914785893386,7.0673664937349905
2,954.0,0.2172240350659315,0.6156549049133864,7.063189307347251
2,955.0,0.21700755024482163,0.6164203699486882,7.05905300879902
2,956.0,0.2167932179364157,0.6171877461376355,7.0549578375461195
2,957.0,0.21658104491186206,0.6179569517441383,7.050903922962476
2,958.0,0.2163710311711607,0.6187279867681967,7.046891265048087
2,959.0,0.21616318059143547,0.6195008220963473,7.0429199378817815
2,960.0,0.2159575067468198,0.6202752933200766,7.038990200819704
2,961.0,0.21575401012437906,0.6210513933186865,7.035102063168035
2,962.0,0.21555269088909218,0.6218291275421088,7.031255528078976
2,963.0,0.21535356130104238,0.6226083523144951,7.027450829801575
2,964.0,0.21515662579852998,0.6233890059598768,7.023688053136861
2,965.0,0.21496188436784514,0.6241710887254082,7.019967197822884
2,966.0,0.21476934185186966,0.6249545565407494,7.016288356390865
2,967.0,0.21457900924563933,0.6257392540501843,7.012651738919048
2,968.0,0.21439088654915409,0.6265251812537128,7.009057345407429
2,969.0,0.21420497444693784,0.6273123388407453,7.005505188934965
2,970.0,0.2140212843447316,0.6281005719490386,7.001995487427097
2,971.0,0.21383981896918347,0.6288898362807611,6.998528292980919
2,972.0,0.213660578105102,0.6296801369905205,6.995103601484846
2,973.0,0.2134835679979577,0.6304713989263039,6.991721532268864
2,974.0,0.21330879645505146,0.631263494311756,6.988382234504296
2,975.0,0.21313626347638323,0.6320564231468769,6.98508570819114
2,976.0,0.21296597030473802,0.6328501790909419,6.98183197707485
2,977.0,0.2127979270607362,0.633644600922325,6.978621234526522
2,978.0,0.21263213526333233,0.6344396591189418,6.97545350956828
2,979.0,0.21246859471418322,0.635235361340729,6.9723287984104525
2,980.0,0.21230731222853633,0.6360316064657988,6.96924723126955
2,981.0,0.21214829313694256,0.6368282915574979,6.966208909994514
2,982.0,0.21199153743940186,0.6376254166158265,6.963213834585346
2,983.0,0.2118370469154078,0.6384229660506968,6.9602620390421945
2,984.0,0.2116848300979275,0.6392207770213868,6.957353686401431
2,985.0,0.21153488770362086,0.6400188322468406,6.954488790356022
2,986.0,0.21138721969816632,0.6408171395429547,6.951667350250197
2,987.0,0.2112418327925788,0.6416155768306586,6.9488894943089345
2,988.0,0.21109873043383082,0.642414063353618,6.946155288392311
2,989.0,0.21095791262192232,0.6432125991118324,6.943464732500327
2,990.0,0.21081938160317662,0.6440111572036856,6.940817869552686
2,991.0,0.21068314413344544,0.6448095775050487,6.9382148286310406
2,992.0,0.2105492004478659,0.6456078524712665,6.935655614228077
2,993.0,0.21041755074453766,0.6464059881537796,6.9331402301288145
2,994.0,0.2102882010810554,0.6472038470334155,6.93066879207356
2,995.0,0.21016115356494175,0.648001366265696,6.928241340330001
2,996.0,0.21003640819619676,0.6487985458506214,6.9258578748981385
2,997.0,0.209913967401707,0.6495953487741655,6.923518442147631
2,998.0,0.20979383621095282,0.6503916194596302,6.921223138174972
2,999.0,0.20967601465813746,0.6511873562914826,6.9189719636336715
2,1000.0,0.20956050309481392,0.6519825634345889,6.916764925240729
2,1001.0,0.20944730647578816,0.6527770955281115,6.914602117665859
2,1002.0,0.20933642610748204,0.6535708995703227,6.912483565870399
2,1003.0,0.20922786198416998,0.6543639760235684,6.910409269744956
2,1004.0,0.20912161630515486,0.65515628228518,6.9083792713108245
2,1005.0,0.2090176925987596,0.6559476662323405,6.90639363798242
2,1006.0,0.20891609086498425,0.65673812786505,6.904452369759742
2,1007.0,0.2088168114597034,0.6575276715401229,6.90255547344236
2,1008.0,0.20871985799385423,0.658316151296853,6.900703018023168
2,1009.0,0.20862523131307867,0.6591035143718801,6.8988950196595455
2,1010.0,0.20853293141737675,0.6598897607652042,6.897131478351493
2,1011.0,0.20844295990088108,0.6606748541764065,6.895412424557535
2,1012.0,0.2083553190402195,0.661458637786166,6.893737901776391
2,1013.0,0.20827000884242133,0.6622411102205434,6.89210791014237
2,1014.0,0.20818702957195273,0.66302227849943,6.890522454708529
2,1015.0,0.20810638339758689,0.6638020054216257,6.88898157691285
2,1016.0,0.2080280707987878,0.6645802265509354,6.88748528591628
2,1017.0,0.2079520917755555,0.665356941887359,6.886033581718818
2,1018.0,0.20787844725608465,0.6661321292084947,6.884626482055154
2,1019.0,0.20780713823848282,0.6669056255475101,6.88326400599577
2,1020.0,0.2077381647074631,0.6676774213685089,6.881946153248585
2,1021.0,0.20767152684144316,0.6684475256242834,6.880672927222564
2,1022.0,0.20760722547751914,0.6692158278985046,6.879444343911807
2,1023.0,0.20754526046753918,0.6699822348578965,6.878260400485624
2,1024.0,0.2074856318115033,0.6707467465024589,6.877121096944019
2,1025.0,0.20742834000320423,0.6715093592770011,6.876026442721714
2,1026.0,0.20737338460711083,0.6722699124914047,6.874976429497169
2,1027.0,0.2073207653405366,0.6730283755715698,6.873971051869195
2,1028.0,0.20727048223918484,0.6737847503546532,6.87301031051996
2,1029.0,0.20722253563399273,0.674538989732202,6.872094211772565
2,1030.0,0.20717692378822067,0.6752909442002737,6.871222722443744
2,1031.0,0.20713364670186865,0.6760406137588681,6.8703958425334966
2,1032.0,0.2070927047443811,0.6767880075318025,6.869613579100663
2,1033.0,0.20705409640713907,0.6775329984466956,6.8688759033206015
2,1034.0,0.2070178202532221,0.6782755098018921,6.868182787738579
2,1035.0,0.20698387628263018,0.6790155415973921,6.867534232354603
2,1036.0,0.20695226485683982,0.679753090264896,6.866930244075267
2,1037.0,0.20692298254393166,0.6804879941217744,6.866370757328115
2,1038.0,0.20689602856565228,0.6812202239921583,6.86585575724333
2,1039.0,0.20687140292200176,0.6819497798760475,6.865385243820917
2,1040.0,0.20684910535406004,0.6826766305905401,6.864959212113781
2,1041.0,0.20682913100279574,0.6834006153665065,6.864577569282137
2,1042.0,0.20681147979137784,0.6841217320669198,6.8642403138580015
2,1043.0,0.20679615215151245,0.6848399896907791,6.863947454089828
2,1044.0,0.2067831451166339,0.6855552924248165,6.863698933296504
2,1045.0,0.2067724546003398,0.686267533465084,6.863494673400589
2,1046.0,0.20676408060263018,0.6869767128115816,6.8633346744020844
2,1047.0,0.20675802371923666,0.687682839069226,6.8632189476834204
2,1048.0,0.20675427820362854,0.6883857746123261,6.8631473834476795
2,1049.0,0.20675284107102038,0.689085455465838,6.863119924665625
2,1050.0,0.20675371232141218,0.689781881629762,6.86313657133726
2,1051.0,0.20675689230284955,0.6904750538436522,6.863197330112565
2,1052.0,0.2067623728669234,0.6911648140945569,6.863302045302784
2,1053.0,0.20677015206864555,0.6918511274550483,6.8634506797457195
2,1054.0,0.206780229908016,0.6925339939251265,6.863643233441372
2,1055.0,0.20679260609056427,0.6932134025831284,6.863879700763398
2,1056.0,0.20680727051468456,0.693889189385907,6.864159888704005
2,1057.0,0.20682422211778442,0.6945613380867045,6.864483776960617
2,1058.0,0.20684346089986388,0.6952298486855207,6.864851365533234
2,1059.0,0.20686498562574682,0.6958946980081211,6.865262630821783
2,1060.0,0.2068887846253834,0.6965557242181273,6.865717349850775
2,1061.0,0.20691485752012903,0.6972129223223368,6.866215515385575
2,1062.0,0.20694320441781167,0.6978662935605582,6.866757129486419
2,1063.0,0.20697382268754438,0.6985158008275186,6.8673421418858815
2,1064.0,0.20700669962262525,0.6991612914367276,6.8679703098015255
2,1065.0,0.20704183522305425,0.6998027653881848,6.868641633233351
2,1066.0,0.20707922990567026,0.7004402268999775,6.86935612014575
2,1067.0,0.2071188791296292,0.7010736237305477,6.870113683778429
2,1068.0,0.20716076971353417,0.7017028170757419,6.870914072279121
2,1069.0,0.20720490165738514,0.7023278069355602,6.871757285647826
2,1070.0,0.2072512755172664,0.7029485982992456,6.872643334509447
2,1071.0,0.2072998856886418,0.7035651356141982,6.873572111780106
2,1072.0,0.2073507176997001,0.7041772846434089,6.8745433409520444
2,1073.0,0.20740377155044132,0.7047850453868778,6.875557022025267
2,1074.0,0.20745904771497595,0.7053884216343056,6.8766131640584325
2,1075.0,0.20751654076158263,0.705987365964773,6.8777116632695705
2,1076.0,0.2075762337638409,0.7065817395728697,6.8788521962515805
2,1077.0,0.2076381267217508,0.7071715424585957,6.880034763004464
2,1078.0,0.2077022196353123,0.707756774621951,6.88125936352822
2,1079.0,0.20776850916114295,0.7083374094348932,6.882525933942027
2,1080.0,0.20783697423897995,0.7089132938469556,6.883834071854929
2,1081.0,0.20790761486580953,0.709484427836633,6.885183777209344
2,1082.0,0.20798043104163172,0.7100508114039255,6.88657505000527
2,1083.0,0.20805542084678916,0.7106124305615394,6.888007853564496
2,1084.0,0.20813256036155472,0.7111691307634584,6.889481730861299
2,1085.0,0.20821184832715967,0.7117209039924254,6.890996657844829
2,1086.0,0.20829328474360398,0.7122677502484401,6.892552634515085
2,1087.0,0.20837686963629837,0.7128096686490039,6.894149661357583
2,1088.0,0.20846257701145168,0.7133465098424013,6.895787241718192
2,1089.0,0.208550402868971,0.7138782511181493,6.897465299168556
2,1090.0,0.20864034720885635,0.7144048924762477,6.899183833708677
2,1091.0,0.20873241189180172,0.7149264427844824,6.900942880890175
2,1092.0,0.20882657143589395,0.7154427718530999,6.902741953839189
2,1093.0,0.20892281643513963,0.7159538321693912,6.904580872838743
2,1094.0,0.20902114688953877,0.716459623733356,6.906459637888842
2,1095.0,0.20912156517900113,0.7169601570111949,6.908378294461572
2,1096.0,0.2092240519542795,0.7174553439695076,6.910336472857746
2,1097.0,0.20932858790145195,0.7179450980070298,6.9123338040531195
2,1098.0,0.20943517302051848,0.7184294191237612,6.914370288047689
2,1099.0,0.20954380731147906,0.7189083073197021,6.916445924841461
2,1100.0,0.20965448663445393,0.7193817450540501,6.918560635335218
2,1101.0,0.20976717580791604,0.7198495926409072,6.920713747328026
2,1102.0,0.20988187440905226,0.7203118484175108,6.922905252741345
2,1103.0,0.20999858243786262,0.720768512383861,6.925135151575178
2,1104.0,0.2101173019317729,0.7212195911054328,6.92740348275789
2,1105.0,0.21023799706114685,0.7216649585975955,6.929709561705359
2,1106.0,0.21036065820251995,0.722104581342909,6.9320532045454675
2,1107.0,0.21048528535589223,0.7225384593413732,6.93443441127821
2,1108.0,0.21061188127900862,0.7229666009142955,6.936853234594846
2,1109.0,0.21074042559340986,0.7233889424539356,6.939309285131393
2,1110.0,0.21087088861971728,0.7238053930020714,6.941801995814511
2,1111.0,0.21100327035793093,0.7242159525587027,6.944331366644197
2,1112.0,0.2111375708080508,0.7246206211238299,6.9468973976204555
2,1113.0,0.21127379096947338,0.7250194006137354,6.949500107838397
2,1114.0,0.21141188563117788,0.7254121694773914,6.952138633467116
2,1115.0,0.21155184760935533,0.7257989086041646,6.954812837248125
2,1116.0,0.21169367690400567,0.7261796179940551,6.957522719181421
2,1117.0,0.21183737694306043,0.7265543054311305,6.960268344763277
2,1118.0,0.2119829235832753,0.726922913732082,6.963049252697304
2,1119.0,0.21213028184668448,0.7272853619267781,6.965864774671935
2,1120.0,0.2122794517332879,0.7276416500152189,6.968714910687174
2,1121.0,0.21243043324308564,0.7279917779974044,6.971599660743018
2,1122.0,0.2125832297846999,0.7283357519415381,6.974519089966801
2,1123.0,0.21273779102153956,0.7286734709114947,6.977472236595165
2,1124.0,0.2128941037049385,0.7290049087255953,6.980458847490555
2,1125.0,0.21305216783489678,0.7293300653838402,6.98347892265297
2,1126.0,0.21321198341141434,0.7296489408862291,6.986532462082409
2,1127.0,0.21337354493604152,0.729961524468572,6.98961936072195
2,1128.0,0.21353679338480752,0.7302677166571081,6.992738490821557
2,1129.0,0.21370172846274194,0.7305675169631763,6.995889846745334
2,1130.0,0.21386835016984473,0.7308609253867765,6.999073428493282
2,1131.0,0.21403666398013033,0.731147949290553,7.002289340655446
2,1132.0,0.21420663221897548,0.7314285342532875,7.005536863396192
2,1133.0,0.21437821751308092,0.7317026279774385,7.00881528263717
2,1134.0,0.2145514198624466,0.7319702304630058,7.012124598378377
2,1135.0,0.21472623926707257,0.7322313417099896,7.015464810619817
2,1136.0,0.2149026814834427,0.7324859675122142,7.018836029348578
2,1137.0,0.21508068746749928,0.7327340390691379,7.022237126430835
2,1138.0,0.21526023611752215,0.7329755324687975,7.0256676986835185
2,1139.0,0.2154413274335113,0.7332104477111929,7.029127746106626
2,1140.0,0.21562396141546672,0.7334387847963243,7.032617268700159
2,1141.0,0.21580814019031916,0.7336605442922858,7.036136307102627
2,1142.0,0.21599379213041253,0.7338756607693704,7.039683492749858
2,1143.0,0.21618090754511934,0.7340841256584568,7.043258640486479
2,1144.0,0.2163694864344396,0.7342859389595452,7.046861750312485
2,1145.0,0.21655952879837329,0.7344811006726355,7.05049282222788
2,1146.0,0.21675103044878263,0.7346696059979939,7.054151776211402
2,1147.0,0.21694391354067677,0.7348514019922733,7.057837124906473
2,1148.0,0.21713817621216433,0.7350264874439768,7.061548832738596
2,1149.0,0.21733381846324532,0.7351948623531045,7.065286899707774
2,1150.0,0.21753084370392195,0.7353565281872526,7.069051390967703
2,1151.0,0.21772922921289453,0.7355114721018932,7.072841872390587
2,1152.0,0.2179289058935667,0.7356596618695537,7.07665702377231
2,1153.0,0.21812987374593842,0.7358010974902343,7.080496845112878
2,1154.0,0.21833213277000973,0.7359357789639348,7.084361336412283
2,1155.0,0.21853568976381005,0.7360637077896984,7.088250627558065
2,1156.0,0.2187405016023342,0.7361848700361467,7.0921638945760686
2,1157.0,0.21894651197428566,0.7362992505905691,7.096100061546366
2,1158.0,0.21915372087966445,0.7364068494529656,7.100059128468955
2,1159.0,0.21936212831847057,0.7365076666233362,7.104041095343836
2,1160.0,0.21957174288214668,0.7366017022396278,7.108046126324655
2,1161.0,0.21978250337393024,0.7366889488151723,7.112073052146609
2,1162.0,0.21999436576739986,0.7367694027175934,7.116121031612517
2,1163.0,0.22020733006255552,0.736843063946891,7.12019006472237
2,1164.0,0.22042139625939722,0.7369099325030652,7.124280151476177
2,1165.0,0.2206365729748963,0.736970006711301,7.128391456515343
2,1166.0,0.2208527834950632,0.737023291196314,7.132522514092931
2,1167.0,0.221069995465474,0.7370697889668497,7.136672706024458
2,1168.0,0.2212882088861287,0.737109500022908,7.140842032309929
2,1169.0,0.22150742375702728,0.737142424364489,7.1450304929493385
2,1170.0,0.22172764673721365,0.7371685590126001,7.149238215174674
2,1171.0,0.22194878865726603,0.7371879245494224,7.153463495257482
2,1172.0,0.22217082794760612,0.7372005265766367,7.157705921075493
2,1173.0,0.22239376460823393,0.7372063650942432,7.161965492628706
2,1174.0,0.22261759863914943,0.7372054401022418,7.166242209917123
2,1175.0,0.22284233256583919,0.7371977488194985,7.170536121194317
2,1176.0,0.22306786831567627,0.7371833297131133,7.174845352621457
2,1177.0,0.22329419395115876,0.7371621877862745,7.179169676112933
2,1178.0,0.22352130947228666,0.7371343230389821,7.183509091668748
2,1179.0,0.22374921487905997,0.7370997354712361,7.187863599288902
2,1180.0,0.22397790622448827,0.7370584250141642,7.19223312355965
2,1181.0,0.2242072805355586,0.7370104479479859,7.196615697012225
2,1182.0,0.22443733409946257,0.7369558063991095,7.201011248707318
2,1183.0,0.22466806691620017,0.736894500367535,7.205419778644927
2,1184.0,0.22489948185278166,0.736826527782866,7.209841341604001
2,1185.0,0.22513155742149032,0.7367519010305043,7.214275527026368
2,1186.0,0.2253641987509205,0.7366706858675323,7.218720522237799
2,1187.0,0.22559740584107227,0.7365828822939501,7.22317632723829
2,1188.0,0.22583117869194555,0.7364884903097575,7.227642942027841
2,1189.0,0.22606552489135676,0.736387503318208,7.232120511584166
2,1190.0,0.226300397294849,0.7362799580620523,7.236608135134879
2,1191.0,0.226535719428132,0.7361659182045884,7.241104351512892
2,1192.0,0.2267714912912058,0.7360453837458166,7.245609160718201
2,1193.0,0.22700771288407032,0.7359183546857367,7.250122562750811
2,1194.0,0.22724439447175082,0.7357848205800406,7.254644753740908
2,1195.0,0.22748146678822856,0.7356448460030068,7.259174410247286
2,1196.0,0.2277188706156837,0.7354984882876182,7.263710400816105
2,1197.0,0.2279566059541162,0.7353457474338745,7.268252725447367
2,1198.0,0.22819467280352612,0.7351866234417759,7.2728013841410695
2,1199.0,0.22843308191352413,0.7350211037088272,7.277356582286207
2,1200.0,0.2286717458892078,0.7348492820118494,7.28191665005943
2,1201.0,0.22891062134898058,0.7346712061202599,7.286480758583995
2,1202.0,0.22914970829284245,0.7344868760340588,7.291048907859897
2,1203.0,0.22938900672079346,0.7342962917532463,7.295621097887138
2,1204.0,0.22962852556658492,0.73409944120279,7.3001974993597285
2,1205.0,0.22986816368868335,0.7338964466081228,7.304776179802334
2,1206.0,0.23010789186657893,0.7336873439791906,7.309356580909052
2,1207.0,0.2303477101002717,0.7334721333159935,7.313938702679887
2,1208.0,0.2305876183897616,0.7332508146185316,7.318522545114836
2,1209.0,0.2308276214909973,0.7330233799896332,7.323108199084119
2,1210.0,0.23106760920776945,0.7327899772364364,7.327693559107924
2,1211.0,0.23130756458175317,0.732550629469265,7.332278301169564
2,1212.0,0.23154748761294855,0.732305336688119,7.336862425269041
2,1213.0,0.2317873783013555,0.7320540988929986,7.3414459314063505
2,1214.0,0.23202723485242674,0.7317969169306914,7.34602878529372
2,1215.0,0.23226694292617392,0.7315339592572566,7.35060880227762
2,1216.0,0.23250649574097695,0.7312652360007381,7.355185852784045
2,1217.0,0.23274589329683584,0.7309907471611358,7.3597599368129965
2,1218.0,0.23298513675950458,0.730710490843409,7.364331076638122
2,1219.0,0.2332242119575604,0.7304244877387345,7.368899001491082
2,1220.0,0.23346300893408128,0.7301329143512025,7.37346161046404
2,1221.0,0.23370152768906727,0.7298357706808133,7.378018903556998
2,1222.0,0.23393976822251827,0.7295330567275666,7.382570880769955
2,1223.0,0.2341777373219636,0.7292247605410245,7.38711767178982
2,1224.0,0.23441539284241242,0.7289109533188604,7.39165847136723
2,1225.0,0.23465264761830287,0.7285917863519711,7.396191614060772
2,1226.0,0.23488950164963496,0.7282672596403563,7.40071709987044
2,1227.0,0.23512595493640867,0.7279373731840164,7.405234928796238
2,1228.0,0.2353620175176523,0.7276021079022489,7.409745292650311
2,1229.0,0.2355976243158814,0.7272615835709892,7.414246948020292
2,1230.0,0.23583270878311838,0.7269159245522047,7.418738623397617
2,1231.0,0.2360672709193632,0.7265651308458949,7.423220318782287
2,1232.0,0.2363013107246158,0.72620920245206,7.427692034174302
2,1233.0,0.2365348391290677,0.7258481169740205,7.432153978412947
2,1234.0,0.23676777335152208,0.7254820387219332,7.436604569827308
2,1235.0,0.2370000650970808,0.72511106455609,7.441042885663932
2,1236.0,0.23723171436574392,0.7247351944764908,7.4454689259228175
2,1237.0,0.23746272115751144,0.7243544284831359,7.449882690603966
2,1238.0,0.23769309499988447,0.7239687454820972,7.454284361745957
2,1239.0,0.23792274071245675,0.723578348284326,7.458672120770585
2,1240.0,0.2381516257493181,0.7231833067816844,7.463045345834715
2,1241.0,0.23837975011046852,0.7227836209741723,7.467404036938344
2,1242.0,0.23860711379590804,0.7223792908617896,7.471748194081476
2,1243.0,0.2388337227603522,0.7219703019766227,7.476077931038741
2,1244.0,0.23905947468790353,0.7215568877683479,7.4803912928966465
2,1245.0,0.23928435019275066,0.7211390927444181,7.484687909257386
2,1246.0,0.23950834927489362,0.7207169169048334,7.488967780120952
2,1247.0,0.2397314719343324,0.7202903602495936,7.493230905487352
2,1248.0,0.23995371856341735,0.719859420851075,7.497477292853083
2,1249.0,0.2401749848151121,0.7194243532995652,7.501704948496396
2,1250.0,0.24039526184732518,0.7189851792802997,7.505913703474601
2,1251.0,0.2406145496600567,0.7185418987932786,7.510103557787693
2,1252.0,0.24083284825330653,0.7180945118385017,7.514274511435672
2,1253.0,0.24105014339444406,0.717643052531615,7.51842629248072
2,1254.0,0.2412663472767079,0.717187751089187,7.522557223230251
2,1255.0,0.24148145921619263,0.7167286093354179,7.526667290617131
2,1256.0,0.24169547921289827,0.7162656272703082,7.530756494641354
2,1257.0,0.24190841142450742,0.7157987932382434,7.534824914742289
2,1258.0,0.2421201765693956,0.7153283257924421,7.538871036114107
2,1259.0,0.2423307547458102,0.7148542798902333,7.542894478501094
2,1260.0,0.24254014595375117,0.714376655531617,7.54689524190325
2,1261.0,0.24274835624176516,0.7138954349300288,7.550873441888005
2,1262.0,0.2429553389968149,0.7134107543698572,7.554828187836621
2,1263.0,0.2431610430142171,0.7129227639625925,7.558758501399409
2,1264.0,0.24336546829397174,0.7124314637082346,7.5626643825763695
2,1265.0,0.24356861483607883,0.7119368536067836,7.566545831367504
2,1266.0,0.24377047793602283,0.7114389481110484,7.5704027578853035
2,1267.0,0.24397097866873738,0.7109379931127044,7.57423365413657
2,1268.0,0.24417011267817965,0.7104340021983054,7.578038436891945
2,1269.0,0.24436787996434967,0.7099269753678512,7.581817106151431
2,1270.0,0.24456428595989843,0.7094168945330762,7.5855697657147525
2,1271.0,0.24475926678556842,0.7089039716238033,7.589295195063641
2,1272.0,0.24495279698411515,0.7083882911581484,7.592992907795572
2,1273.0,0.24514487655553868,0.7078698531361114,7.596662903910546
2,1274.0,0.2453355090385518,0.707348645011463,7.6003052510214895
2,1275.0,0.24552466669311598,0.7068247650587861,7.603919419109345
2,1276.0,0.24571229417711393,0.7062984094325528,7.607504350771944
2,1277.0,0.24589839149054568,0.7057695781327631,7.611060046009286
2,1278.0,0.24608295863341118,0.705238271159417,7.614586504821373
2,1279.0,0.24626599546038666,0.7047044890899501,7.618083724431553
2,1280.0,0.2464474357475917,0.7041684833583026,7.621550439523673
2,1281.0,0.2466272709382723,0.7036302864468124,7.624986486606878
2,1282.0,0.24680550103242843,0.7030898983554793,7.628391865681171
2,1283.0,0.24698213114346648,0.702547298238414,7.631766674446584
2,1284.0,0.24715711490251302,0.702002675489399,7.6351100269495324
2,1285.0,0.2473304234903246,0.70145614775171,7.638421372550972
2,1286.0,0.24750205690690125,0.700907715025347,7.641700711250907
2,1287.0,0.2476720157709401,0.7003573745829307,7.644948054870561
2,1288.0,0.2478402894920728,0.699805173303678,7.648163201063525
2,1289.0,0.24800682302743066,0.6992513540153277,7.651345098145277
2,1290.0,0.24817161637701374,0.6986959167178798,7.654493746115809
2,1291.0,0.248334669540822,0.6981388614113345,7.6576091449751225
2,1292.0,0.24849598465510409,0.697580177949955,7.660691335539764
2,1293.0,0.24865551130150587,0.6970201082622506,7.663739354484152
2,1294.0,0.24881323799056665,0.6964587074341988,7.66675298228325
2,1295.0,0.24896916472228642,0.6958959754657995,7.669732218937055
2,1296.0,0.24912329516916706,0.6953318930936585,7.672677134614755
2,1297.0,0.2492756002197613,0.6947666134461118,7.675587173094272
2,1298.0,0.2494260509400843,0.6942002885319731,7.678461781544242
2,1299.0,0.24957464733013604,0.6936329183512429,7.681300959964662
2,1300.0,0.2497213893899165,0.6930645029039207,7.684104708355529
2,1301.0,0.24986627381982865,0.6924950614879428,7.686872963672619
2,1302.0,0.25000925696902415,0.6919248478067253,7.689604891894684
2,1303.0,0.25015033694142175,0.6913538728735931,7.692300456793973
2,1304.0,0.2502895137370216,0.6907821366885464,7.694959658370489
2,1305.0,0.2504267899275341,0.6902096225342209,7.697582545760989
2,1306.0,0.250562131959196,0.6896365488033891,7.70016847786564
2,1307.0,0.2506955275933278,0.6890629951369776,7.7027172208443435
2,1308.0,0.2508269768299294,0.6884889615349862,7.705228774697096
2,1309.0,0.2509564814916532,0.6879144344855442,7.707703174248674
2,1310.0,0.2510840271942026,0.6873395204085475,7.710140144663427
2,1311.0,0.2512095889750854,0.6867644042039308,7.712539208991893
2,1312.0,0.25133316683430174,0.6861890858716939,7.714900367234071
2,1313.0,0.25145476077185164,0.685613565411837,7.717223619389962
2,1314.0,0.2515743702964169,0.6850378467705397,7.719508956072125
2,1315.0,0.251691967293211,0.6844621720925865,7.721755840101325
2,1316.0,0.25180754858306714,0.6838865688098432,7.723964210734348
2,1317.0,0.2519211141659852,0.6833110369223097,7.726134067971197
2,1318.0,0.2520326658376836,0.6827355575910344,7.728265446122021
2,1319.0,0.2521421858107215,0.6821603141537891,7.730358005328512
2,1320.0,0.2522496640444652,0.6815854106096283,7.732411553747848
2,1321.0,0.25235510053891463,0.6810108469585521,7.73442609138003
2,1322.0,0.25245849562652656,0.680436618827772,7.736401624577186
2,1323.0,0.25255984506356693,0.6798627798671206,7.738338072255805
2,1324.0,0.2526591324682673,0.6792895435728089,7.740235121415255
2,1325.0,0.2527563578406276,0.6787169099448369,7.74209277205553
2,1326.0,0.25285152118064785,0.6781448789832046,7.743911024176637
2,1327.0,0.2529446227600004,0.6775734440906536,7.745689882969321
2,1328.0,0.2530356502163194,0.6770028233955516,7.74742911223025
2,1329.0,0.2531246010460987,0.6764330617587123,7.7491286641258235
2,1330.0,0.2532114752493383,0.6758641591801359,7.750788538656039
2,1331.0,0.25329627337094895,0.6752960987948788,7.752408746232315
2,1332.0,0.2533789902858761,0.6747290210112352,7.753989188932054
2,1333.0,0.2534596216125986,0.6741630516850257,7.755529783039087
2,1334.0,0.2535381673511164,0.6735981908162502,7.757030528553417
2,1335.0,0.2536146275014295,0.6730344384049085,7.75849142547504
2,1336.0,0.25368900153635315,0.6724718149483896,7.759912463731227
2,1337.0,0.2537612866427891,0.6719105348896158,7.761293589573108
2,1338.0,0.25383148274093903,0.6713506051304532,7.762634801476001
2,1339.0,0.253899589830803,0.6707920256709017,7.763936099439918
2,1340.0,0.25396560763209497,0.6702347842243888,7.765197478109522
2,1341.0,0.25402953776653237,0.6696790654324895,7.766418968470398
2,1342.0,0.2540913808999787,0.6691249307097483,7.767600583244962
2,1343.0,0.25415113703243397,0.6685723800561653,7.768742322433214
2,1344.0,0.25420880571552423,0.6680214017909746,7.769844177468231
2,1345.0,0.2542643897560834,0.6674720898357523,7.77090620197919
2,1346.0,0.2543178940943918,0.6669245871805562,7.771928490358278
2,1347.0,0.25436931873044943,0.6663788938253863,7.772911042605488
2,1348.0,0.25441866366425625,0.6658350097702425,7.773853858720821
2,1349.0,0.25446592889084707,0.6652929412170904,7.7747569386094115
2,1350.0,0.25451112568704903,0.6647528794672827,7.775620497733587
2,1351.0,0.25455425521519254,0.6642148432937732,7.77644455830158
2,1352.0,0.2545953174752776,0.6636788326965618,7.777229120313393
2,1353.0,0.25463431108917445,0.6631448339952393,7.777974157437589
2,1354.0,0.25467124821991266,0.6626129926238086,7.778679902068854
2,1355.0,0.2547061354779441,0.6620833837846936,7.779346480510739
2,1356.0,0.25473897286326863,0.6615560074778942,7.779973892763242
2,1357.0,0.2547697598257276,0.6610308591696757,7.780562128314679
2,1358.0,0.2547985012857667,0.660507987239401,7.7811112811782595
2,1359.0,0.2548252150388583,0.6599875451615351,7.7816216913657446
2,1360.0,0.2548499010850023,0.6594695329360781,7.782093358877137
2,1361.0,0.2548725594241987,0.6589539505630302,7.782526283712435
2,1362.0,0.2548931892087932,0.658440795416576,7.782920449675809
2,1363.0,0.2549118135877248,0.6579302279306399,7.78327629906581
2,1364.0,0.25492843699055884,0.6574222777149591,7.783593916516569
2,1365.0,0.25494305941729517,0.6569169447695336,7.783873302028083
2,1366.0,0.2549556785540443,0.6564142173147124,7.784114411389691
2,1367.0,0.2549663124576896,0.655914199908468,7.784317589607843
2,1368.0,0.2549749764632191,0.6554169770701189,7.784483129682709
2,1369.0,0.25498167057063276,0.6549225487996649,7.7846110316142845
2,1370.0,0.25498639477993057,0.654430915097106,7.78470129540257
2,1371.0,0.25498915195236826,0.6539420934427195,7.784753975716565
2,1372.0,0.2549899737168711,0.6534562302101273,7.784769676878905
2,1373.0,0.254988860779701,0.6529733285519737,7.784748412383882
2,1374.0,0.25498581314085805,0.6524933884682586,7.784690182231499
2,1375.0,0.2549808285468702,0.6520164031740256,7.784594943365469
2,1376.0,0.25497393847144584,0.6515424981753978,7.78446329714275
2,1377.0,0.25496515277178605,0.6510717113412589,7.784295431901383
2,1378.0,0.25495447144789074,0.6506040426716088,7.784091347641364
2,1379.0,0.2549418919831338,0.650139484321986,7.7838509962784155
2,1380.0,0.25492743302675236,0.6496781022379396,7.783574734136883
2,1381.0,0.2549111211601866,0.6492199844102211,7.7832630690988935
2,1382.0,0.25489295638343656,0.6487651308388305,7.782916001164453
2,1383.0,0.25487293869650224,0.6483135415237675,7.782533530333563
2,1384.0,0.2548510691546449,0.6478652225569218,7.78211567676872
2,1385.0,0.2548273893230049,0.6474202937204853,7.781663234640295
2,1386.0,0.2548019028156029,0.646978765045319,7.781176273000093
2,1387.0,0.25477460963243875,0.6465406365314232,7.780654791848113
2,1388.0,0.25474550600959933,0.6461059001846117,7.780098719268604
2,1389.0,0.2547146267774937,0.6456746447482663,7.7795087207538165
2,1390.0,0.2546819905629264,0.6452469155016054,7.778885152199485
2,1391.0,0.2546475973658975,0.6448227124446291,7.778228013605608
2,1392.0,0.2546114468117303,0.6444020348201411,7.7775372978133746
2,1393.0,0.25457354613456307,0.6439849018283942,7.77681314304289
2,1394.0,0.2545339415691496,0.6435714113231935,7.77605643268517
2,1395.0,0.25449263311549,0.6431615633045391,7.775267166740217
2,1396.0,0.25444962077358424,0.6427553577724309,7.774445345208022
2,1397.0,0.2544049006618687,0.6423527893014157,7.773590893924938
2,1398.0,0.2543585172387797,0.641953941518145,7.772704662342505
2,1399.0,0.2543104863520762,0.6415588428010786,7.771786953258223
2,1400.0,0.2542608080017582,0.6411674931502165,7.77083776667209
2,1401.0,0.254209481450101,0.6407798914789743,7.769857088488664
2,1402.0,0.25415651572023407,0.6403960556653672,7.7688450911096725
2,1403.0,0.25410196220212933,0.6400160657065899,7.767802756425048
2,1404.0,0.25404582089578676,0.6396399216026425,7.76673008443479
2,1405.0,0.2539880918012064,0.6392676233535249,7.7656270751389
2,1406.0,0.2539287696800175,0.6388991652856516,7.764493628449688
2,1407.0,0.2538678990620696,0.6385346092897486,7.763330595183164
2,1408.0,0.25380550348067327,0.6381739860030345,7.762138424981936
2,1409.0,0.25374158293582855,0.6378172954255096,7.760917117845999
2,1410.0,0.2536761374275354,0.6374645375571735,7.759666673775358
2,1411.0,0.2536091663071391,0.637115714451327,7.758387080376389
2,1412.0,0.25354072960511354,0.6367708939141653,7.757079484630033
2,1413.0,0.25347083379081115,0.6364300828172079,7.755744010143904
2,1414.0,0.253399478864232,0.6360932811604548,7.754380656918004
2,1415.0,0.25332666242686813,0.6357604869503055,7.7529893791248945
2,1416.0,0.2532524010201201,0.635431719000774,7.751570492815237
2,1417.0,0.25317674922157746,0.6351070268795576,7.750125040783641
2,1418.0,0.25309970703124035,0.6347864105866563,7.74865302303011
2,1419.0,0.25302127444910866,0.63446987012207,7.74715443955464
2,1420.0,0.25294144548211617,0.6341574018619324,7.745629175849845
2,1421.0,0.2528602590216856,0.6338490375715243,7.7440779750003195
2,1422.0,0.252777753563782,0.6335448049242708,7.742501572534787
2,1423.0,0.25269392910840544,0.6332447039201717,7.7408999684532525
2,1424.0,0.25260878565555595,0.6329487345592272,7.73927316275571
2,1425.0,0.2525223162797032,0.6326568941526454,7.7376210231185185
2,1426.0,0.2524345723838309,0.6323692144528184,7.735944531680217
2,1427.0,0.25234558331215484,0.6320857114176358,7.734244249110314
2,1428.0,0.25225534906467495,0.6318063850470975,7.732520175408802
2,1429.0,0.2521638696413913,0.6315312353412036,7.730772310575686
2,1430.0,0.25207113793189145,0.6312602608609893,7.729000518754844
2,1431.0,0.2519772113502773,0.6309934872960894,7.727205896937115
2,1432.0,0.2518821155389831,0.630730924440339,7.72538893506338
2,1433.0,0.25178585049800895,0.6304725722937379,7.72354963313364
2,1434.0,0.25168841622735477,0.6302184308562863,7.721687991147895
2,1435.0,0.2515898052807306,0.6299684996439116,7.719803866832526
2,1436.0,0.25149007619476654,0.6297227959207841,7.717898378626125
2,1437.0,0.25138925558352365,0.6294813258582486,7.715972035034101
2,1438.0,0.2512873434470018,0.6292440894563051,7.714024836056448
2,1439.0,0.2511843397852011,0.6290110867149535,7.712056781693171
2,1440.0,0.2510802367734155,0.6287823179343541,7.710067722440389
2,1441.0,0.2509750892575815,0.6285577917263765,7.708058706219924
2,1442.0,0.25086892925391713,0.6283375110206718,7.706030344754276
2,1443.0,0.25076175676242235,0.6281214758172402,7.703982638043442
2,1444.0,0.2506535717830972,0.6279096861160817,7.701915586087427
2,1445.0,0.25054436690198517,0.6277021429087565,7.699829047230393
2,1446.0,0.25043418751233565,0.6274988477858396,7.697723888785031
2,1447.0,0.25032307553146815,0.6272997990087594,7.695600911650667
2,1448.0,0.25021103095938263,0.6271049965775156,7.693460115827299
2,1449.0,0.25009805379607913,0.6269144404921084,7.69130150131493
2,1450.0,0.24998413884297782,0.6267281319660992,7.689124968786141
2,1451.0,0.2498693153919365,0.6265460693846339,7.686931077910049
2,1452.0,0.24975363960562236,0.626368243250627,7.684720901766782
2,1453.0,0.24963711148403545,0.6261946535640788,7.682494440356337
2,1454.0,0.24951973102717576,0.6260253003249892,7.680251693678717
2,1455.0,0.24940149770967884,0.6258601837112523,7.67799265169597
2,1456.0,0.24928241814435126,0.6256993049798826,7.675717440756639
2,1457.0,0.249162566359993,0.6255426424569637,7.673427475302699
2,1458.0,0.24904194235660415,0.6253901961424954,7.671122755334151
2,1459.0,0.24892054613418468,0.6252419660364779,7.668803280850998
2,1460.0,0.24879837769273455,0.6250979521389111,7.666469051853237
2,1461.0,0.2486754354981449,0.6249581574767313,7.664120039029197
2,1462.0,0.2485517941389743,0.6248225518581593,7.661757667515955
2,1463.0,0.2484274601502581,0.624691132356566,7.659382062176118
2,1464.0,0.24830243353199627,0.6245638989719517,7.656993223009678
2,1465.0,0.24817671428418886,0.6244408517043162,7.654591150016643
2,1466.0,0.24805029670506115,0.6243219952869051,7.6521757342552235
2,1467.0,0.24792324954233622,0.6242072943544488,7.649748289263737
2,1468.0,0.24779558855779527,0.6240967400965944,7.647309116196935
2,1469.0,0.24766731375143825,0.6239903325133421,7.644858215054819
2,1470.0,0.24753842512326518,0.6238880716046918,7.642395585837387
2,1471.0,0.24740891518780248,0.6237899633690315,7.639921085522356
2,1472.0,0.24727884223894891,0.6236959716336008,7.637435827910534
2,1473.0,0.2471482332899343,0.6236060782749728,7.634940329134107
2,1474.0,0.2470170883407586,0.6235202832931476,7.6324345891930685
2,1475.0,0.24688540739142184,0.623438586688125,7.629918608087424
2,1476.0,0.2467531834824232,0.6233609944653389,7.627392252844462
2,1477.0,0.24662046010169608,0.6232874753882925,7.624856354372675
2,1478.0,0.24648727737131812,0.6232179980254833,7.622311679270339
2,1479.0,0.24635363529128937,0.6231525623769109,7.619758227537459
2,1480.0,0.24621953386160977,0.6230911684425754,7.6171959991740295
2,1481.0,0.24608496885096326,0.6230338202463576,7.614624913333801
2,1482.0,0.24594996490302204,0.62298049843947,7.612045440874664
2,1483.0,0.24581457691837422,0.6229311538030242,7.609458630762639
2,1484.0,0.2456788048970198,0.6228857863370203,7.606864482997732
2,1485.0,0.2455426488389588,0.622844396041458,7.604262997579938
2,1486.0,0.2454061087441912,0.6228069829163375,7.601654174509264
2,1487.0,0.24526918842202394,0.6227735457184679,7.599038086568778
2,1488.0,0.2451319573261186,0.6227440143329459,7.596416060784914
2,1489.0,0.24499441602039834,0.6227183881673006,7.593788107932349
2,1490.0,0.24485656450486312,0.6226966672215318,7.591154228011085
2,1491.0,0.24471840277951298,0.6226788514956396,7.588514421021124
2,1492.0,0.244579928948727,0.6226649450643019,7.585868650743504
2,1493.0,0.24444120984910692,0.6226548733677151,7.5832181942014305
2,1494.0,0.24430225274915185,0.6226486279974102,7.58056319027153
2,1495.0,0.24416305764886173,0.6226462089533873,7.577903638953802
2,1496.0,0.2440236245482366,0.6226476162356464,7.575239540248247
2,1497.0,0.24388394816913644,0.6226528577991516,7.572570793307319
2,1498.0,0.2437440885597691,0.6226618602151774,7.56989854545079
2,1499.0,0.24360406142702185,0.6226746035725398,7.567223096784568
2,1500.0,0.2434638667708947,0.6226910878712387,7.564544447308658
2,1501.0,0.24332350459138768,0.6227113131112741,7.561862597023061
2,1502.0,0.2431829684130101,0.6227352890512934,7.55917742220287
2,1503.0,0.24304230766578716,0.622762950008852,7.556489867290021
2,1504.0,0.2429015480398108,0.6227942604700036,7.553800423135967
2,1505.0,0.24276068953508104,0.6228292204347483,7.5511090897407085
2,1506.0,0.24261973215159785,0.6228678299030861,7.548415867104244
2,1507.0,0.24247867024501032,0.6229100978006091,7.545720647381967
2,1508.0,0.24233753916695958,0.6229559736964824,7.543024106025125
2,1509.0,0.24219637593698204,0.6230054020300283,7.540326950352842
2,1510.0,0.24205518055507774,0.623058382801247,7.53762918036512
2,1511.0,0.24191395302124669,0.6231149160101384,7.534930796061957
2,1512.0,0.2417726903789494,0.6231750066272628,7.532231740953808
2,1513.0,0.24163141083111128,0.6232386277284598,7.529532362837497
2,1514.0,0.24149016386823371,0.6233056989833522,7.526833607310448
2,1515.0,0.2413489494903167,0.62337622039194,7.524135474372661
2,1516.0,0.24120776769736024,0.623450191954223,7.521437964024136
2,1517.0,0.24106661848936436,0.6235276136702014,7.518741076264874
2,1518.0,0.24092550446802694,0.6236084834326714,7.51604486080459
2,1519.0,0.24078448431393948,0.6236926987631087,7.513350438832497
2,1520.0,0.24064355943194063,0.623780257140472,7.510657837190346
2,1521.0,0.24050272982203044,0.6238711585647613,7.507967055878135
2,1522.0,0.24036199548420892,0.6239654030359765,7.5052780948958695
2,1523.0,0.2402213544800744,0.6240629960668865,7.5025909172071925
2,1524.0,0.2400808620880884,0.6241638344929448,7.49990657899803
2,1525.0,0.23994052555704773,0.6242679044166182,7.497225218768564
2,1526.0,0.2398003448869524,0.6243752058379067,7.494546836518794
2,1527.0,0.2396603200778024,0.6244857387568106,7.491871432248721
2,1528.0,0.23952044666811895,0.6245995135439009,7.489198920714454
2,1529.0,0.23938077319233284,0.6247164336473501,7.486530229246116
2,1530.0,0.2392413140298721,0.6248364696218127,7.483865632586329
2,1531.0,0.2391020691807367,0.6249596214672886,7.481205130735092
2,1532.0,0.2389630386449267,0.6250858891837777,7.478548723692408
2,1533.0,0.23882421727147235,0.625215284828361,7.475896313040526
2,1534.0,0.2386856438999352,0.6253477263838035,7.473248640873148
2,1535.0,0.23854734112874706,0.6254831644567841,7.470606138970478
2,1536.0,0.23840930895790796,0.6256215990473025,7.467968807332521
2,1537.0,0.23827154738741788,0.625763030155359,7.465336645959271
2,1538.0,0.2381340522209525,0.6259074680075073,7.4627095746730525
2,1539.0,0.23799685004876978,0.6260548535495749,7.4600881015244775
2,1540.0,0.23785997257809482,0.626205112864719,7.45747283233223
2,1541.0,0.23772341980892764,0.6263582459529399,7.454863767096304
2,1542.0,0.2375871917412682,0.6265142528142372,7.452260905816705
2,1543.0,0.23745128658461892,0.6266731380409826,7.449664214283028
2,1544.0,0.2373157165230526,0.6268348743688641,7.447073925292026
2,1545.0,0.23718052306522971,0.6269993586561511,7.4444908319349175
2,1546.0,0.23704570621115026,0.6271665909028435,7.44191493421171
2,1547.0,0.23691126596081424,0.6273365711089416,7.439346232122403
2,1548.0,0.23677720231422167,0.6275092992744452,7.436784725666993
2,1549.0,0.23664351690412136,0.6276847738184458,7.4342304460418305
2,1550.0,0.23651025592243474,0.627862872824187,7.4316842758195465
2,1551.0,0.23637742124131392,0.6280435912146362,7.429146250770689
2,1552.0,0.23624501286075883,0.6282269289897932,7.42661637089525
2,1553.0,0.2361130307807695,0.6284128861496581,7.424094636193235
2,1554.0,0.23598147327134217,0.6286014697021205,7.421581013610076
2,1555.0,0.2358503829555438,0.6287925605607553,7.419076317529565
2,1556.0,0.23571976643095793,0.6289861397635653,7.4165806740093885
2,1557.0,0.23558962369758454,0.6291822073105504,7.414094083049545
2,1558.0,0.2354599547554236,0.6293807632017108,7.411616544650034
2,1559.0,0.23533075613506446,0.6295818194360887,7.409147992522059
2,1560.0,0.23520206440112187,0.6297852679863123,7.406689125292721
2,1561.0,0.23507389174703439,0.6299910716572125,7.404240175937717
2,1562.0,0.23494623817280202,0.630199230448789,7.401801144457051
2,1563.0,0.23481910367842476,0.6304097443610419,7.399372030850718
2,1564.0,0.2346924844844568,0.630622626558866,7.39695276290619
2,1565.0,0.23456640899525813,0.6308377886068904,7.394543883335482
2,1566.0,0.23444089568091253,0.6310551706403973,7.39214574503992
2,1567.0,0.23431594454142005,0.6312747726593868,7.389758348019507
2,1568.0,0.23419155557678062,0.631496594663859,7.387381692274238
2,1569.0,0.23406772593402222,0.6317206469805929,7.385015723293394
2,1570.0,0.2339444741379628,0.6319468695135516,7.382660795024088
2,1571.0,0.23382182542996066,0.6321751752455421,7.380317389743983
2,1572.0,0.23369977981001577,0.6324055641765645,7.377985507453077
2,1573.0,0.23357833727812816,0.6326380363066186,7.375665148151372
2,1574.0,0.23345749695359522,0.6328725949875394,7.373356295011596
2,1575.0,0.23333726613816635,0.633109217340214,7.37105908754568
2,1576.0,0.23321767715690203,0.6333477847046136,7.3687741433770695
2,1577.0,0.23309873000980227,0.6335882970807383,7.36650146250576
2,1578.0,0.23298042469686703,0.633830754468588,7.364241044931755
2,1579.0,0.23286276121809635,0.6340751568681627,7.3619928906550545
2,1580.0,0.2327457405253546,0.6343215039965026,7.359757017862594
2,1581.0,0.232629396313181,0.6345696646394045,7.357534070343955
2,1582.0,0.23251373053113092,0.6348196309470457,7.355324085348607
2,1583.0,0.23239874317920436,0.6350714029194264,7.353127062876544
2,1584.0,0.23228443425740136,0.6353249805565464,7.35094300292777
2,1585.0,0.23217080241491855,0.6355803721927175,7.348771879692965
2,1586.0,0.23205787801362085,0.635837452547312,7.346614273285491
2,1587.0,0.23194566650691487,0.6360961982927587,7.34447028790165
2,1588.0,0.23183416789480055,0.6363566094290573,7.342339923541443
2,1589.0,0.23172338217727792,0.6366186859562077,7.3402231802048705
2,1590.0,0.2316133069153482,0.6368824407742797,7.338120011290848
2,1591.0,0.23150396745070714,0.6371477631000072,7.336030900994152
2,1592.0,0.23139537323350948,0.6374146098409978,7.33395602987553
2,1593.0,0.2312875242637552,0.6376829809972516,7.331895397934981
2,1594.0,0.23118042054144433,0.6379528765687686,7.329849005172508
2,1595.0,0.23107405956644606,0.6382243098830724,7.327816803818998
2,1596.0,0.23096846033787347,0.6384971932724064,7.325799156883755
2,1597.0,0.23086363661862938,0.6387714596181514,7.32379632732967
2,1598.0,0.23075958840871372,0.6390471089203076,7.321808315156746
2,1599.0,0.23065631570812653,0.6393241411788748,7.319835120364978
2,1600.0,0.23055381679877215,0.6396025659629976,7.317876710127326
2,1601.0,0.2304521033722022,0.6398823273192332,7.315933307830111
2,1602.0,0.23035119364691248,0.6401633299022399,7.31400526156766
2,1603.0,0.23025108762290294,0.6404455737120178,7.3120925713399725
2,1604.0,0.23015178530017363,0.6407290587485669,7.310195237147046
2,1605.0,0.2300532864055546,0.6410137866268094,7.308313253769523
2,1606.0,0.22995559470797006,0.6412997416161668,7.306446693218896
2,1607.0,0.22985873285475747,0.6415867960391566,7.3045959882097975
2,1608.0,0.22976270084591685,0.6418749498957789,7.3027611387422215
2,1609.0,0.22966749868144823,0.6421642031860337,7.300942144816176
2,1610.0,0.22957312636135155,0.6424545559099211,7.299139006431657
2,1611.0,0.22947958443346697,0.6427460093821565,7.29735173405605
2,1612.0,0.2293868948070539,0.6430384311432665,7.295580746301791
2,1613.0,0.22929505914006185,0.6433318106842225,7.293826074846733
2,1614.0,0.2292040774324908,0.6436261480050243,7.292087719690873
2,1615.0,0.22911394968434076,0.6439214431056718,7.290365680834213
2,1616.0,0.22902467504449342,0.6442177052989273,7.288659942014737
2,1617.0,0.22893627256939691,0.6445148106982707,7.286970867337229
2,1618.0,0.22884874616103879,0.6448127325621509,7.2852985313555765
2,1619.0,0.22876209581941903,0.6451114708905678,7.283642934069781
2,1620.0,0.22867632154453765,0.6454110256835214,7.282004075479841
2,1621.0,0.22859142190888992,0.6457114100430348,7.280381928310933
2,1622.0,0.22850741217032275,0.6460125170735528,7.278776784089314
2,1623.0,0.22842429861767893,0.6463142997878499,7.27718876297367
2,1624.0,0.2283420812509585,0.6466167581859265,7.275617864964002
2,1625.0,0.22826076007016144,0.6469198922677821,7.274064090060307
2,1626.0,0.22818033371737897,0.6472237147450545,7.272527412317506
2,1627.0,0.22810081304902102,0.6475281439704359,7.271008039165168
2,1628.0,0.22802220671636442,0.6478331088270418,7.26950613590016
2,1629.0,0.22794451471940913,0.6481386093148721,7.2680217025224865
2,1630.0,0.2278677370581552,0.6484446454339269,7.266554739032145
2,1631.0,0.22779187291689368,0.6487512253896174,7.265105229843677
2,1632.0,0.22771692848487002,0.6490583008118811,7.2636732932127925
2,1633.0,0.2276429145866494,0.6493657727328261,7.2622591359606155
2,1634.0,0.22756983122223182,0.6496736411524524,7.260862758087144
2,1635.0,0.2274976783916173,0.6499819060707599,7.259484159592379
2,1636.0,0.22742645609480583,0.6502905674877487,7.25812334047632
2,1637.0,0.22735616600600228,0.6505996170881911,7.256780332727405
2,1638.0,0.22728682068545356,0.650908925483978,7.255455376329807
2,1639.0,0.2272184201617893,0.6512184923564079,7.254148471830544
2,1640.0,0.2271509644350095,0.6515283177054809,7.252859619229615
2,1641.0,0.22708445350511422,0.6518384015311969,7.251588818527021
2,1642.0,0.22701888777494153,0.6521487466702115,7.250336077419646
2,1643.0,0.22695427817802685,0.6524592262928782,7.249101604810667
2,1644.0,0.22689062572159732,0.6527698276703039,7.247885419944812
2,1645.0,0.22682793040565294,0.6530805508024883,7.246687522822087
2,1646.0,0.2267661922301937,0.6533913956894315,7.245507913442485
2,1647.0,0.22670541095015284,0.6537023721004008,7.244346587123605
2,1648.0,0.22664559529468056,0.6540133638932233,7.243203710650222
2,1649.0,0.22658674721823222,0.6543243422082895,7.242079321365412
2,1650.0,0.22652886672080771,0.6546353070455994,7.240973419269181
2,1651.0,0.22647195380240714,0.654946258405153,7.239886004361527
2,1652.0,0.22641600802312184,0.6552572088709261,7.23881706823727
2,1653.0,0.22636103566304727,0.6555680608164302,7.237766730887965
2,1654.0,0.2263070394288028,0.655878765730161,7.236735044028025
2,1655.0,0.22625401932038847,0.6561893236121189,7.235722007657453
2,1656.0,0.22620197533780423,0.6564997344623036,7.234727621776247
2,1657.0,0.22615090713132002,0.656810009696685,7.233751879702236
2,1658.0,0.2261008186163675,0.6571200776643877,7.232794856246185
2,1659.0,0.22605171289462428,0.6574298669141242,7.231856610670746
2,1660.0,0.22600358996609032,0.6577393774458943,7.230937142975915
2,1661.0,0.22595644983076565,0.658048609259698,7.230036453161694
2,1662.0,0.2259102923481248,0.6583575687898292,7.229154538543116
2,1663.0,0.22586511947900748,0.6586662173848674,7.228291436585246
2,1664.0,0.22582093420243105,0.658974457633305,7.227447204207106
2,1665.0,0.2257777365183955,0.6592822895351416,7.2266218414087025
2,1666.0,0.22573552642690087,0.6595897130903775,7.225815348190035
2,1667.0,0.22569430392794712,0.6598967282990125,7.225027724551099
2,1668.0,0.2256540698310846,0.660203329554521,7.224258985959688
2,1669.0,0.22561482624513393,0.6605093972406655,7.223509172708287
2,1670.0,0.22557657319359056,0.6608149291994224,7.222778285245817
2,1671.0,0.2255393106764545,0.661119925430792,7.222066323572279
2,1672.0,0.22550303869372576,0.6614243859347742,7.221373287687667
2,1673.0,0.22546775775472094,0.6617283146729751,7.220699187323323
2,1674.0,0.2254334684647618,0.6620315968655521,7.2200440340449035
2,1675.0,0.22540017080355446,0.6623342183887161,7.219407827464667
2,1676.0,0.2253678647710989,0.6626361792424673,7.218790567582612
2,1677.0,0.22533655036739514,0.6629374794268056,7.218192254398739
2,1678.0,0.22530622806505152,0.6632381284700507,7.217612896943007
2,1679.0,0.22527689708083018,0.663538023723616,7.217052480250367
2,1680.0,0.22524855698167276,0.6638371359960399,7.216510996046529
2,1681.0,0.2252212077675793,0.6641354652873221,7.2159884443314946
2,1682.0,0.22519484943854978,0.6644330115974629,7.2154848251052615
2,1683.0,0.2251694825296897,0.6647297862266535,7.2150001485919
2,1684.0,0.2251451053079461,0.6650257054403598,7.214534381678587
2,1685.0,0.22512171639879328,0.6653207221835733,7.2140874981027405
2,1686.0,0.22509931580223125,0.665614836456294,7.213659497864369
2,1687.0,0.22507790351826,0.6659080482585221,7.213250380963469
2,1688.0,0.22505748008088863,0.6662003671083438,7.212860157603161
2,1689.0,0.22503804356699003,0.6664917343870199,7.212488791038941
2,1690.0,0.2250195909736627,0.6667820827207013,7.212136223895436
2,1691.0,0.2250021223009066,0.6670714121093879,7.211802456172645
2,1692.0,0.2249856375487218,0.6673597225530797,7.21148748787057
2,1693.0,0.22497013702513827,0.6676470185090565,7.2111913248746315
2,1694.0,0.22495561969470673,0.6679332720259559,7.210913947400865
2,1695.0,0.22494208008276773,0.6682183933308419,7.210655250846897
2,1696.0,0.2249295181893212,0.6685023824237146,7.210415235212733
2,1697.0,0.2249179340143672,0.6687852393045739,7.210193900498367
2,1698.0,0.22490732755790566,0.6690669639734199,7.209991246703802
2,1699.0,0.22489769916298818,0.6693475533236108,7.209807280383602
2,1700.0,0.2248890407817862,0.6696269041096411,7.209641847770764
2,1701.0,0.22488135211114282,0.6699050127520878,7.209494943072981
2,1702.0,0.2248746331510581,0.6701818792509509,7.2093665662902495
2,1703.0,0.224868883901532,0.6704575036062304,7.209256717422573
2,1704.0,0.22486410527764528,0.67073189076361,7.2091654139540715
2,1705.0,0.22486028803449054,0.6710049438184659,7.209092479245585
2,1706.0,0.22485743065833666,0.6712766479857084,7.209037884374793
2,1707.0,0.2248555331491836,0.6715470032653374,7.209001629341693
2,1708.0,0.22485459550703144,0.671816009657353,7.208983714146285
2,1709.0,0.22485461914039914,0.6720836766673063,7.208984165700645
2,1710.0,0.22485559476654943,0.6723499227289363,7.209002806642806
2,1711.0,0.2248575185418209,0.672614716327878,7.209039563533298
2,1712.0,0.2248603904662135,0.6728780574641311,7.2090944363721166
2,1713.0,0.22486421053972724,0.6731399461376957,7.209167425159266
2,1714.0,0.22486898016111617,0.673400391260284,7.209258556620241
2,1715.0,0.2248746922983936,0.673659339307495,7.209367696397369
2,1716.0,0.22488133893777087,0.6739167345376147,7.209494691374044
2,1717.0,0.22488892007924804,0.6741725769506433,7.209639541550261
2,1718.0,0.22489743572282508,0.6744268665465806,7.209802246926021
2,1719.0,0.22490688590529084,0.6746796035346135,7.209982808204234
2,1720.0,0.22491727032833872,0.6749307821538418,7.210181219685265
2,1721.0,0.22492857361749052,0.6751803109570533,7.210397187614421
2,1722.0,0.22494079577274623,0.6754281899442481,7.210630711991702
2,1723.0,0.22495393679410586,0.675674419115426,7.210881792817108
2,1724.0,0.22496799668156942,0.6759189984705871,7.2111504300906395
2,1725.0,0.22498297735887662,0.6761619358961526,7.2114366605685065
2,1726.0,0.22499886331579025,0.6764031505368181,7.211740187902119
2,1727.0,0.2250156504429141,0.6766426219045332,7.212060933574706
2,1728.0,0.22503333874024822,0.6768803499992977,7.212398897586262
2,1729.0,0.22505192820779257,0.6771163348211118,7.212754079936794
2,1730.0,0.2250714205766072,0.6773505834780782,7.213126513701046
2,1731.0,0.2250918077648035,0.677583057721429,7.2135160444612465
2,1732.0,0.2251130762931743,0.677813699025533,7.213922414674974
2,1733.0,0.22513522616171963,0.67804250739039,7.214345624342229
2,1734.0,0.22515825737043946,0.6782694828160001,7.214785673463009
2,1735.0,0.22518216991933382,0.6784946253023633,7.215242562037318
2,1736.0,0.22520696598597828,0.6787179411956212,7.215716331671316
2,1737.0,0.22523262510345213,0.6789393523796419,7.216206591310822
2,1738.0,0.2252591435151327,0.6791588450443902,7.216713269179383
2,1739.0,0.22528652122102,0.6793764191898664,7.2172363652769995
2,1740.0,0.22531475822111402,0.6795920748160702,7.217775879603668
2,1741.0,0.22534385608837298,0.6798058167638472,7.218331842213345
2,1742.0,0.22537380819137368,0.6800176210490005,7.218904126401787
2,1743.0,0.22540459524372386,0.6802274256721886,7.219492363670743
2,1744.0,0.22543621724542356,0.6804352306334116,7.220096554020219
2,1745.0,0.2254686741964728,0.6806410359326693,7.220716697450214
2,1746.0,0.2255019660968715,0.6808448415699618,7.221352793960726
2,1747.0,0.22553609645263822,0.6810466563388571,7.222004910540007
2,1748.0,0.22557104583126575,0.6812464246537785,7.222672675898048
2,1749.0,0.2256068034298684,0.6814441170021669,7.223355883627948
2,1750.0,0.2256433692484462,0.6816397333840225,7.224054533729709
2,1751.0,0.2256807432869991,0.6818332737993451,7.224768626203331
2,1752.0,0.22571892554552717,0.6820247382481348,7.2254981610488125
2,1753.0,0.22575791946976076,0.68221413337982,7.226243204102504
2,1754.0,0.2257976980935778,0.6824013946248668,7.227003240132289
2,1755.0,0.22583825574236616,0.682586508893861,7.227778160715371
2,1756.0,0.22587959241612585,0.6827694761868025,7.2285679658517505
2,1757.0,0.22592170811485685,0.6829502965036914,7.22937265554143
2,1758.0,0.2259646028385592,0.6831289698445278,7.230192229784404
2,1759.0,0.2260082795250809,0.6833055002530186,7.231026744713095
2,1760.0,0.22605270666927607,0.6834798245996033,7.231875598369875
2,1761.0,0.2260978811042335,0.6836519367665467,7.232738730245697
2,1762.0,0.22614380282995325,0.6838218367538486,7.233616140340562
2,1763.0,0.2261904718464353,0.6839895245615092,7.234507828654471
2,1764.0,0.2262378881536796,0.6841550001895284,7.23541379518742
2,1765.0,0.22628605494658963,0.6843182670979704,7.236334100983297
2,1766.0,0.22633493768471652,0.6844792677710759,7.237268086090017
2,1767.0,0.22638453338524514,0.6846379974325723,7.238215693515995
2,1768.0,0.22643484204817543,0.6847944560824593,7.239176923261225
2,1769.0,0.22648586367350748,0.6849486437207369,7.240151775325715
2,1770.0,0.22653759826124123,0.6851005603474054,7.241140249709459
2,1771.0,0.2265900503780062,0.6852502105674857,7.242142433665425
2,1772.0,0.22664318413212947,0.6853975452792282,7.243157641424173
2,1773.0,0.22669699390000622,0.6855425571311058,7.2441857655374875
2,1774.0,0.22675147968163645,0.6856852461231183,7.245226806005363
2,1775.0,0.22680664147702012,0.6858256122552658,7.2462807628278005
2,1776.0,0.22686247928615727,0.6859636555275483,7.247347636004804
2,1777.0,0.22691899914357355,0.6860993813361345,7.248427540835909
2,1778.0,0.2269761683400325,0.6862327534583993,7.249519852357355
2,1779.0,0.22703397400125094,0.6863637584987627,7.250624324584792
2,1780.0,0.2270924161272289,0.6864923964572249,7.2517409575182175
2,1781.0,0.2271514947179664,0.6866186673337858,7.252869751157634
2,1782.0,0.22721120977346335,0.6867425711284453,7.254010705503039
2,1783.0,0.22727156623071246,0.6868641113982644,7.255163914883798
2,1784.0,0.22733254492491506,0.686983270722382,7.256329013124914
2,1785.0,0.2273941180164012,0.6871000270103478,7.257505468303703
2,1786.0,0.22745628550517089,0.6872143802621616,7.258693280420169
2,1787.0,0.2275190473912241,0.6873263304778235,7.259892449474311
2,1788.0,0.22758240367456087,0.6874358776573337,7.261102975466128
2,1789.0,0.22764635435518119,0.6875430218006919,7.262324858395616
2,1790.0,0.22771090400741778,0.6876477635630919,7.2635581856629345
2,1791.0,0.22777600642727744,0.687750076658643,7.264802074464797
2,1792.0,0.22784165881804838,0.6878499596253329,7.2660564713654265
2,1793.0,0.22790786117973064,0.6879474124631617,7.267321376364826
2,1794.0,0.22797461351232415,0.6880424351721294,7.268596789462992
2,1795.0,0.22804191581582897,0.6881350277522359,7.269882710659924
2,1796.0,0.22810977520847525,0.6882251918544177,7.271179275961122
2,1797.0,0.22817815969685482,0.6883129150306541,7.272485874079897
2,1798.0,0.22824704761303138,0.6883981903346315,7.273802091014697
2,1799.0,0.22831643895700499,0.6884810177663496,7.275127926765518
2,1800.0,0.2283863337287756,0.6885613973258087,7.276463381332364
2,1801.0,0.22845673192834323,0.6886393290130087,7.27780845471523
2,1802.0,0.22852763355570788,0.6887148128279496,7.2791631469141205
2,1803.0,0.2285990426965841,0.6887878472075059,7.280527535993329
2,1804.0,0.22867090826207404,0.688858425758441,7.2819006458154405
2,1805.0,0.2287432289127852,0.6889265483680738,7.283282450789155
2,1806.0,0.2288160046487176,0.6889922150364042,7.284672950914479
2,1807.0,0.22888923546987125,0.6890554257634321,7.286072146191406
2,1808.0,0.22896292137624616,0.6891161805491579,7.2874800366199395
2,1809.0,0.22903706992429215,0.6891744781023084,7.288896766578484
2,1810.0,0.2291116471046995,0.6892303193466504,7.290321686263238
2,1811.0,0.22918662954413557,0.6892837063898948,7.291754349088243
2,1812.0,0.22926201724260029,0.6893346392320417,7.2931947550534995
2,1813.0,0.22933781020009372,0.6893831178730913,7.294642904159009
2,1814.0,0.22941400841661583,0.6894291423130433,7.296098796404765
2,1815.0,0.22949061189216663,0.6894727125518978,7.297562431790775
2,1816.0,0.2295676252270577,0.6895138254207236,7.299033898213553
2,1817.0,0.22964499478111794,0.689552495026163,7.300512170789412
2,1818.0,0.22972271851909978,0.6895887219808474,7.301997210631601
2,1819.0,0.22980079644100324,0.6896225062847767,7.30348901774012
2,1820.0,0.2298792285468283,0.6896538479379509,7.304987592114969
2,1821.0,0.22995801483657496,0.6896827469403701,7.3064929337561475
2,1822.0,0.23003716305096097,0.6897091991767007,7.308005190562798
2,1823.0,0.23011663889885678,0.6897332183126578,7.309523707346494
2,1824.0,0.23019641680644673,0.6897548160949311,7.311047995477428
2,1825.0,0.23027649677373083,0.6897739925235206,7.312578054955601
2,1826.0,0.2303568788007091,0.6897907475984264,7.31411388578101
2,1827.0,0.23043756288738151,0.6898050813196483,7.315655487953661
2,1828.0,0.23051854903374805,0.6898169936871865,7.317202861473548
2,1829.0,0.23059984232575678,0.6898264796986067,7.318756103516072
2,1830.0,0.23068138748871422,0.6898335734753404,7.320314157967311
2,1831.0,0.23076318174916235,0.6898382768296734,7.321876971835789
2,1832.0,0.23084522510710115,0.6898405897616058,7.323444545121502
2,1833.0,0.23092751756253066,0.6898405122711376,7.325016877824453
2,1834.0,0.23101005911545083,0.6898380443582688,7.326593969944639
2,1835.0,0.23109285753922296,0.6898331792723245,7.328175970004915
2,1836.0,0.23117587894615058,0.6898259421428434,7.3297622305251044
2,1837.0,0.2312590958718404,0.6898163549938785,7.331352226752804
2,1838.0,0.23134250831629247,0.6898044178254297,7.332945958688016
2,1839.0,0.23142611627950674,0.6897901306374971,7.33454342633074
2,1840.0,0.23150991976148325,0.6897734934300805,7.336144629680973
2,1841.0,0.231593918762222,0.6897545062031801,7.33774956873872
2,1842.0,0.231678118772326,0.6897331619533456,7.339358348410979
2,1843.0,0.231762463856914,0.689709513873777,7.340969899969852
2,1844.0,0.23184695049551854,0.6896835654361716,7.342584156151016
2,1845.0,0.23193157868813957,0.6896553166405295,7.344201116954472
2,1846.0,0.23201634843477711,0.6896247674868505,7.345820782380217
2,1847.0,0.2321012597354312,0.6895919179751347,7.3474431524282595
2,1848.0,0.23218632023835875,0.6895567589840942,7.349068373231119
2,1849.0,0.23227149712979758,0.6895193255800526,7.350695817827903
2,1850.0,0.23235676146260906,0.6894796504743803,7.352324933135921
2,1851.0,0.23244211323679315,0.6894377336670775,7.353955719155176
2,1852.0,0.23252755245234985,0.6893935751581439,7.3555881758856625
2,1853.0,0.2326130791092792,0.6893471749475798,7.357222303327386
2,1854.0,0.23269869320758116,0.689298533035385,7.35885810148034
2,1855.0,0.2327844005336585,0.6892476403313943,7.360495680903273
2,1856.0,0.23287014552233407,0.6891945677103568,7.362133979932084
2,1857.0,0.23295592393594486,0.6891393207256128,7.363772917599255
2,1858.0,0.2330417357744908,0.6890818993771622,7.365412493904786
2,1859.0,0.233127581037972,0.6890223036650052,7.367052708848675
2,1860.0,0.23321345972638835,0.6889605335891414,7.368693562430923
2,1861.0,0.23329937920563096,0.6888965779903795,7.370335195388995
2,1862.0,0.2333853083658224,0.6888304801427668,7.371977013317514
2,1863.0,0.23347121727902156,0.6887622835887292,7.373618444393948
2,1864.0,0.23355710594522838,0.6886919883282665,7.375259488618291
2,1865.0,0.23364297436444292,0.6886195943613788,7.376900145990549
2,1866.0,0.23372882253666513,0.688545101688066,7.378540416510721
2,1867.0,0.233814650461895,0.6884685103083283,7.3801803001788056
2,1868.0,0.2339004640896594,0.6883898090467424,7.381819910670296
2,1869.0,0.2339862092766443,0.6883090846495207,7.383458213488134
2,1870.0,0.23407188113979732,0.6882263451133394,7.385095115333572
2,1871.0,0.23415747967911849,0.6881415904381984,7.386730616206609
2,1872.0,0.23424300489460775,0.6880548206240977,7.388364716107247
2,1873.0,0.23432845678626518,0.6879660356710375,7.389997415035488
2,1874.0,0.2344138422880098,0.6878752227706508,7.391628845475255
2,1875.0,0.2344991325572293,0.6877824315326577,7.393258456341006
2,1876.0,0.23458429727168315,0.6876877161794197,7.3948856682764665
2,1877.0,0.23466933643137133,0.6875910767109366,7.396510481281635
2,1878.0,0.23475425003629388,0.6874925131272084,7.398132895356513
2,1879.0,0.23483903808645076,0.6873920254282352,7.3997529105011
2,1880.0,0.23492370058184198,0.6872896136140171,7.401370526715396
2,1881.0,0.23500824348427515,0.6871852645136199,7.40298585790954
2,1882.0,0.23509261510927076,0.6870790785626667,7.4045979165665505
2,1883.0,0.23517681004341523,0.6869710664805183,7.406206599254253
2,1884.0,0.23526082828670858,0.6868612282671746,7.407811905972654
2,1885.0,0.23534466983915084,0.6867495639226356,7.409413836721751
2,1886.0,0.23542833470074195,0.6866360734469015,7.411012391501539
2,1887.0,0.23551182923870015,0.6865207428118424,7.4126076919682
2,1888.0,0.23559512735023247,0.6864036260159594,7.414199239384944
2,1889.0,0.23567819897458098,0.6862847874986528,7.4157864593915495
2,1890.0,0.23576104411174567,0.6861642272599229,7.417369351988015
2,1891.0,0.23584366276172658,0.6860419452997694,7.418947917174345
2,1892.0,0.23592605492452368,0.6859179416181923,7.420522154950539
2,1893.0,0.236008220600137,0.6857922162151917,7.422092065316591
2,1894.0,0.23609016560061008,0.6856647540990365,7.423657759321158
2,1895.0,0.23617184168281252,0.6855356669073721,7.425218315199891
2,1896.0,0.23625324305994155,0.6854049682602078,7.426773622386403
2,1897.0,0.2363343697319972,0.6852726581575437,7.428323680880695
2,1898.0,0.23641522169897947,0.6851387365993795,7.4298684906827654
2,1899.0,0.23649579896088835,0.6850032035857155,7.431408051792619
2,1900.0,0.2365761072051123,0.6848660443209064,7.43294247287716
2,1901.0,0.23665612342987302,0.6847273152438512,7.434471314449588
2,1902.0,0.23673581854043615,0.6845870902330002,7.435994020607156
2,1903.0,0.2368151925368017,0.6844453692883533,7.437510591349856
2,1904.0,0.2368942454189697,0.6843021524099107,7.439021026677693
2,1905.0,0.23697297718694008,0.6841574395976722,7.440525326590665
2,1906.0,0.2370513878407129,0.6840112308516378,7.442023491088776
2,1907.0,0.23712948287717642,0.6838635096112584,7.4435156251991135
2,1908.0,0.23720721838416617,0.6837143960055094,7.445000889907555
2,1909.0,0.2372845883964577,0.6835639066167913,7.446479171238674
2,1910.0,0.237361592914051,0.683412041445104,7.447950469192479
2,1911.0,0.2374382319369461,0.6832588004904476,7.4494147837689635
2,1912.0,0.23751450546514297,0.6831041837528221,7.450872114968128
2,1913.0,0.23759041842036208,0.6829481761248859,7.452322556827539
2,1914.0,0.23766595113658512,0.6827908346101375,7.45376573359557
2,1915.0,0.2377410762136234,0.682632241444235,7.455201121746556
2,1916.0,0.23781579365147687,0.6824723966271785,7.4566287212804925
2,1917.0,0.23789010345014555,0.6823113001589681,7.458048532197382
2,1918.0,0.23796400560962944,0.6821489520396038,7.459460554497222
2,1919.0,0.23803750012992853,0.6819853522690855,7.460864788180017
2,1920.0,0.23811059203225798,0.681820483035645,7.462261329184336
2,1921.0,0.2381832424972058,0.6816544701184166,7.4636494358014716
2,1922.0,0.23825544560754167,0.6814873329982658,7.465028994973006
2,1923.0,0.23832720136326555,0.6813190716751928,7.4664000066989376
2,1924.0,0.23839850976437746,0.6811496861491974,7.467762470979267
2,1925.0,0.2384693708108774,0.6809791764202797,7.469116387813997
2,1926.0,0.23853978860446473,0.6808075275093441,7.470461835572834
2,1927.0,0.23860974691482562,0.6806347952514488,7.471798504148945
2,1928.0,0.2386792207611864,0.6804610688794637,7.47312591624356
2,1929.0,0.23874821014354708,0.6802863483933889,7.474444071856683
2,1930.0,0.23881671506190766,0.6801106337932241,7.475752970988314
2,1931.0,0.23888473551626815,0.6799339250789698,7.477052613638447
2,1932.0,0.23895227150662854,0.6797562222506256,7.478342999807088
2,1933.0,0.23901932743089704,0.6795775066135664,7.479624213523507
2,1934.0,0.23908587016740426,0.6793979067236007,7.480895621943732
2,1935.0,0.23915189409594054,0.6792174447671963,7.482157117684418
2,1936.0,0.2392173992165058,0.6790361207443532,7.483408700745561
2,1937.0,0.23928238552910017,0.6788539346550713,7.484650371127165
2,1938.0,0.23934685303372355,0.6786708864993506,7.485882128829227
2,1939.0,0.2394108049915469,0.6784869618320272,7.487104036161784
2,1940.0,0.2394742285722181,0.6783022137913838,7.488315847979853
2,1941.0,0.23953710190681474,0.6781167370083047,7.4895171464417105
2,1942.0,0.23959942499533685,0.6779305314827899,7.4907079315473535
2,1943.0,0.23966119783778442,0.6777435972148396,7.491888203296782
2,1944.0,0.23972242043415745,0.6775559342044534,7.493057961689995
2,1945.0,0.23978309278445598,0.6773675424516316,7.494217206726995
2,1946.0,0.23984321853576748,0.6771784027809353,7.495366008091385
2,1947.0,0.23990277069134475,0.6769886437167234,7.496503849965914
2,1948.0,0.239961744189035,0.6767982898324962,7.497630635629822
2,1949.0,0.2400201390288382,0.676607341128254,7.498746365083109
2,1950.0,0.24007795521075442,0.6764157976039965,7.49985103832578
2,1951.0,0.24013519273478362,0.6762236592597239,7.500944655357831
2,1952.0,0.24019185403525325,0.6760309125394717,7.502027262691095
2,1953.0,0.24024792951700089,0.6758376066111866,7.503098676994206
2,1954.0,0.24030340105488335,0.6756438397153987,7.504158551956502
2,1955.0,0.24035826864890067,0.6754496118521076,7.505206887577981
2,1956.0,0.24041253229905282,0.6752549230213138,7.506243683858641
2,1957.0,0.2404661920053398,0.675059773223017,7.507268940798481
2,1958.0,0.24051924776776165,0.6748641624572173,7.508282658397506
2,1959.0,0.24057170238115502,0.6746680714852059,7.509284890055666
2,1960.0,0.24062353521132182,0.6744716261486496,7.510275241522666
2,1961.0,0.2406747420155419,0.6742748529733488,7.511253631734363
2,1962.0,0.24072532279381528,0.6740777519593034,7.512220060690757
2,1963.0,0.24077527754614192,0.6738803231065135,7.5131745283918505
2,1964.0,0.24082460627252186,0.673682566414979,7.514117034837638
2,1965.0,0.24087331062664705,0.6734844695097928,7.515047611624628
2,1966.0,0.24092138396837384,0.6732860766053494,7.515966131881956
2,1967.0,0.24096881246220833,0.6730874876324041,7.516872331259751
2,1968.0,0.24101559610815057,0.6728887025909566,7.517766209758021
2,1969.0,0.24106173490620053,0.672689721481007,7.5186477673767635
2,1970.0,0.24110722885635819,0.6724905443025554,7.519517004115976
2,1971.0,0.24115207795862356,0.6722911710556017,7.520373919975657
2,1972.0,0.24119628408454602,0.6720915828531029,7.52121855071484
2,1973.0,0.24123983300861898,0.671891900440039,7.522050624531826
2,1974.0,0.24128272155732328,0.6716921517588013,7.522870080791305
2,1975.0,0.2413249497306589,0.6714923368093896,7.523676919493289
2,1976.0,0.2413665175286258,0.6712924555918041,7.524471140637764
2,1977.0,0.24140742495122408,0.6710925081060445,7.525252744224737
2,1978.0,0.2414476729467288,0.6708924833775434,7.526021748372566
2,1979.0,0.24148725745390084,0.670692419993928,7.526778075484596
2,1980.0,0.2415261693652937,0.6704924175884284,7.52752155154808
2,1981.0,0.24156440868090737,0.6702924761610443,7.528252176563024
2,1982.0,0.24160197540074185,0.6700925957117757,7.528969950529421
2,1983.0,0.24163886952479716,0.6698927762406227,7.529674873447277
2,1984.0,0.24167509105307328,0.6696930177475853,7.530366945316589
2,1985.0,0.24171064089561606,0.6694933020926754,7.53104618352528
2,1986.0,0.24174551109787992,0.6692937428127292,7.531712436088676
2,1987.0,0.24177969978229338,0.6690943686497993,7.532365667132682
2,1988.0,0.24181320694885644,0.6688951796038857,7.533005876657303
2,1989.0,0.2418460325975691,0.6686961756749883,7.533633064662535
2,1990.0,0.24187817672843132,0.6684973568631072,7.534247231148379
2,1991.0,0.24190963968349596,0.6682987137357174,7.534848382650315
2,1992.0,0.24194041953207196,0.6681002788940638,7.53543648227932
2,1993.0,0.24197051220965776,0.6679021496814234,7.536011452376403
2,1994.0,0.2419999177162534,0.6677043260977961,7.536573292941566
2,1995.0,0.24202863605185887,0.6675068081431819,7.537122003974808
2,1996.0,0.24205666721647418,0.6673095958175808,7.537657585476128
2,1997.0,0.2420840112100993,0.6671126891209928,7.5381800374455326
2,1998.0,0.24211066797636127,0.6669160710214932,7.538689358805914
2,1999.0,0.24213663552622455,0.6667198460864877,7.539185511553484
2,2000.0,0.24216191347165378,0.6665240431825074,7.5396684882741845
2,2001.0,0.24218650181264895,0.6663286623095521,7.540138288968018
2,2002.0,0.24221040054921006,0.6661337034676219,7.540594913634982
2,2003.0,0.24223360968133711,0.6659391666567168,7.54103836227508
2,2004.0,0.2422561290619025,0.6657450440496323,7.541468632077193
2,2005.0,0.2422779583962811,0.6655513622037923,7.541885717412028
2,2006.0,0.24229909884445766,0.665358214236484,7.5422896404429975
2,2007.0,0.24231955040643213,0.6651656001477072,7.542680401170102
2,2008.0,0.24233931308220455,0.664973519937462,7.543057999593341
2,2009.0,0.2423583868717749,0.6647819736057483,7.543422435712718
2,2010.0,0.2423767717751432,0.6645909611525663,7.54377370952823
2,2011.0,0.2423944667965363,0.6644004669686504,7.544111802013994
2,2012.0,0.24241147546235864,0.6642105852697114,7.544436780547767
2,2013.0,0.2424277990262923,0.6640213443379935,7.544748669083207
2,2014.0,0.24244343748833724,0.6638327441734965,7.545047467620312
2,2015.0,0.24245839084849347,0.6636447847762205,7.545333176159082
2,2016.0,0.24247265910676102,0.6634574661461654,7.54560579469952
2,2017.0,0.24248624175498745,0.6632707820493021,7.545865313532535
2,2018.0,0.24249913962065003,0.663084753219553,7.5461117484684435
2,2019.0,0.24251135913300037,0.6628994667239714,7.5463452223486716
2,2020.0,0.2425229002920385,0.6627149225625573,7.546565735173217
2,2021.0,0.24253376309776434,0.6625311207353107,7.5467732869420825
2,2022.0,0.24254394755017797,0.6623480612422318,7.546967877655265
2,2023.0,0.24255345364927935,0.6621657440833204,7.547149507312764
2,2024.0,0.24256227951587167,0.6619841553313519,7.547318140009438
2,2025.0,0.24257043362517583,0.6618033778574497,7.54747393767832
2,2026.0,0.24257791897743025,0.6616234386420962,7.547616957643896
2,2027.0,0.24258473557263494,0.6614443376852914,7.547747199906167
2,2028.0,0.24259088341078985,0.6612660749870353,7.547864664465136
2,2029.0,0.24259636249189503,0.6610886505473278,7.547969351320801
2,2030.0,0.24260117207919613,0.6609120596440473,7.548061246396257
2,2031.0,0.2426053136142469,0.6607363176509935,7.548140377234762
2,2032.0,0.24260879870641266,0.660561503919861,7.548206965652332
2,2033.0,0.2426116273556934,0.6603876184506499,7.548261011648968
2,2034.0,0.24261379956208912,0.66021466124336,7.548302515224669
2,2035.0,0.24261531532559977,0.6600426322979915,7.548331476379434
2,2036.0,0.24261617464622542,0.6598715316145443,7.548347895113267
2,2037.0,0.24261637484203474,0.6597013471465767,7.5483517201834545
2,2038.0,0.2426159286847634,0.6595321498104528,7.548343195615015
2,2039.0,0.24261484097529543,0.659363964582413,7.548322413136732
2,2040.0,0.24261311171363079,0.6591967914624571,7.548289372748605
2,2041.0,0.2426107408997695,0.6590306304505854,7.548244074450634
2,2042.0,0.24260772853371157,0.6588654815467976,7.548186518242822
2,2043.0,0.24260407378028417,0.6587013413993671,7.548116688167817
2,2044.0,0.24259977821574927,0.6585382206865293,7.5480346143426935
2,2045.0,0.2425948584149019,0.6583761895762454,7.547940613456172
2,2046.0,0.24258931437774212,0.6582152480685153,7.5478346855082545
2,2047.0,0.2425831461042699,0.658055396163339,7.547716830498942
2,2048.0,0.24257635359448523,0.6578966338607164,7.54758704842823
2,2049.0,0.24256893684838812,0.6577389611606477,7.547445339296123
2,2050.0,0.24256089248160229,0.6575823680334222,7.5472916384385424
2,2051.0,0.2425522368559667,0.6574269131919762,7.547126258475332
2,2052.0,0.2425429765754756,0.6572726189422236,7.546949325586666
2,2053.0,0.242533111640129,0.6571194852841642,7.54676083977254
2,2054.0,0.24252264204992688,0.6569675122177983,7.546560801032957
2,2055.0,0.24251156780486927,0.6568166997431255,7.546349209367918
2,2056.0,0.24249988808897194,0.6566670456764458,7.546126049186701
2,2057.0,0.24248760414250742,0.6565185567250219,7.5458913441867494
2,2058.0,0.24247473725701182,0.6563712928245842,7.545645501177882
2,2059.0,0.2424612874324851,0.6562252539751326,7.545388520160099
2,2060.0,0.2424472546689273,0.6560804401766674,7.5451204011333965
2,2061.0,0.24243263896633838,0.6559368514291883,7.544841144097775
2,2062.0,0.24241744032471832,0.6557944877326956,7.544550749053237
2,2063.0,0.2424016546101325,0.6556533407799343,7.544249137014159
2,2064.0,0.2423853008216761,0.6555134566441494,7.543936670989505
2,2065.0,0.24236838792578133,0.655374855692318,7.543613522297706
2,2066.0,0.24235091592244828,0.6552375379244401,7.543279690938765
2,2067.0,0.24233288481167692,0.6551015033405158,7.542935176912682
2,2068.0,0.24231429459346723,0.654966751940545,7.542579980219457
2,2069.0,0.24229514526781923,0.6548332837245276,7.542214100859085
2,2070.0,0.24227543381296748,0.654701095599339,7.541837481095775
2,2071.0,0.242255188282533,0.654570240883386,7.54145065694009
2,2072.0,0.2422344095644845,0.6544407211807475,7.541053645358135
2,2073.0,0.24221309765882199,0.6543125364914234,7.540646446349909
2,2074.0,0.2421912525655454,0.6541856868154137,7.540229059915411
2,2075.0,0.24216887428465483,0.6540601721527185,7.539801486054644
2,2076.0,0.24214595928302576,0.6539359875804652,7.539363657261453
2,2077.0,0.24212251920333264,0.6538131534029448,7.538915795988276
2,2078.0,0.2420985739179992,0.6536916996643027,7.5384582819304615
2,2079.0,0.2420741234270254,0.653571626364539,7.537991115088
2,2080.0,0.24204916773041127,0.6534529335036539,7.537514295460898
2,2081.0,0.24202370682815677,0.6533356210816471,7.537027823049151
2,2082.0,0.24199774072026195,0.6532196890985188,7.5365316978527614
2,2083.0,0.24197126404636893,0.6531051320291307,7.536025817453275
2,2084.0,0.24194429847140292,0.6529919780515084,7.535510595794721
2,2085.0,0.24191685767848492,0.6528802433348369,7.534986294315627
2,2086.0,0.2418889416676149,0.652769927879116,7.534452913015997
2,2087.0,0.24186055043879287,0.6526610316843457,7.533910451895827
2,2088.0,0.2418316839920188,0.6525535547505262,7.533358910955116
2,2089.0,0.24180234232729272,0.6524474970776574,7.5327982901938695
2,2090.0,0.2417725192984996,0.6523428541741235,7.532228472180447
2,2091.0,0.24174224146170603,0.6522396522266359,7.531649964312179
2,2092.0,0.24171152031386853,0.6521379014940775,7.531062986257326
2,2093.0,0.24168035585498712,0.6520376019764481,7.530467538015889
2,2094.0,0.24164874808506182,0.6519387536737481,7.52986361958787
2,2095.0,0.24161669700409258,0.6518413565859773,7.529251230973266
2,2096.0,0.24158420261207944,0.6517454107131356,7.528630372172078
2,2097.0,0.24155125837579836,0.6516509127694714,7.528000918356315
2,2098.0,0.24151789079508829,0.6515578820908872,7.527363375848987
2,2099.0,0.24148411358125982,0.6514663274193423,7.526718006627232
2,2100.0,0.241449926734313,0.6513762487548368,7.526064810691047
2,2101.0,0.24141533025424783,0.6512876460973707,7.525403788040432
2,2102.0,0.2413803241410643,0.6512005194469438,7.524734938675392
2,2103.0,0.2413449083947624,0.6511148688035564,7.524058262595924
2,2104.0,0.24130907712494903,0.6510306923075073,7.523373647256381
2,2105.0,0.24127285021374334,0.6509480004985922,7.522681472537345
2,2106.0,0.2412362489021201,0.6508668020516144,7.5219821442825765
2,2107.0,0.2411992731900793,0.6507870969665737,7.521275662492076
2,2108.0,0.24116192307762094,0.6507088852434703,7.520562027165838
2,2109.0,0.24112419856474507,0.650632166882304,7.519841238303872
2,2110.0,0.24108609965145164,0.6505569418830749,7.51911329590617
2,2111.0,0.24104762427712326,0.6504832099588904,7.51837816060125
2,2112.0,0.24100877485966282,0.6504109739902005,7.517635878587123
2,2113.0,0.24096958752764203,0.6503402411092871,7.516887140159571
2,2114.0,0.24093006228106087,0.6502710113161502,7.5161319453185955
2,2115.0,0.24089019911991932,0.6502032846107896,7.515370294064191
2,2116.0,0.24084999804421742,0.6501370609932056,7.5146021863963615
2,2117.0,0.24080945905395515,0.6500723404633979,7.513827622315108
2,2118.0,0.2407685821491325,0.6500091230213667,7.513046601820427
2,2119.0,0.24072735980852103,0.6499474102385133,7.512258981206879
2,2120.0,0.24068582951408268,0.649887202870956,7.511465476628995
2,2121.0,0.24064399867501893,0.649828500637834,7.510666229651756
2,2122.0,0.24060186729132974,0.6497713035391474,7.509861240275156
2,2123.0,0.24055943536301516,0.649715611574896,7.5090505084991985
2,2124.0,0.24051670289007518,0.64966142474508,7.508234034323881
2,2125.0,0.2404736698725098,0.6496087430496993,7.50741181774921
2,2126.0,0.24043033022316784,0.6495575682527621,7.506583742470145
2,2127.0,0.24038670389571873,0.6495078982492354,7.50575018973436
2,2128.0,0.24034281486722853,0.6494597278831382,7.504911617663132
2,2129.0,0.24029866313769724,0.6494130571544705,7.504068026256465
2,2130.0,0.2402542487071249,0.6493678860632321,7.503219415514359
2,2131.0,0.24020957157551148,0.6493242146094234,7.50236578543681
2,2132.0,0.24016463174285696,0.649282042793044,7.501507136023824
2,2133.0,0.24011942920916138,0.6492413706140941,7.500643467275396
2,2134.0,0.2400739580443049,0.6492022023717073,7.4997746658868385
2,2135.0,0.24002826073009653,0.6491645216265655,7.498901543542976
2,2136.0,0.23998233871743796,0.6491283277508173,7.498024127965671
2,2137.0,0.23993619200632924,0.649093620744463,7.49714241915493
2,2138.0,0.2398898205967703,0.6490604006075024,7.496256417110745
2,2139.0,0.2398432244887612,0.6490286673399355,7.495366121833123
2,2140.0,0.2397964036823019,0.6489984209417623,7.494471533322057
2,2141.0,0.23974935069877806,0.6489696665733976,7.493572508686328
2,2142.0,0.23970209589516545,0.6489423882709231,7.492669627945879
2,2143.0,0.23965465434135685,0.648916577121503,7.491763179035797
2,2144.0,0.23960702603735226,0.648892233125137,7.490853161956081
2,2145.0,0.23955921098315172,0.6488693562818254,7.489939576706737
2,2146.0,0.23951120917875518,0.6488479465915682,7.489022423287759
2,2147.0,0.23946302062416266,0.6488280040543652,7.488101701699147
2,2148.0,0.23941464237356033,0.6488095310438601,7.487177355656286
2,2149.0,0.23936608053779931,0.6487925249447547,7.486249501917036
2,2150.0,0.23931736965229075,0.648776959675873,7.485318800337223
2,2151.0,0.23926850971703462,0.648762835237215,7.484385250916852
2,2152.0,0.23921950073203088,0.6487501516287808,7.483448853655916
2,2153.0,0.2391703426972796,0.6487389088505703,7.482509608554421
2,2154.0,0.23912103561278075,0.6487291069025835,7.4815675156123636
2,2155.0,0.2390715794785343,0.6487207457848204,7.480622574829744
2,2156.0,0.23902196708627538,0.6487138334378117,7.479674648480809
2,2157.0,0.238972235431871,0.6487083364758504,7.47872444343244
2,2158.0,0.23892239199922746,0.6487042477720194,7.477772102676974
2,2159.0,0.23887243678834474,0.6487015673263189,7.476817626214416
2,2160.0,0.23882236979922286,0.6487002951387488,7.475861014044763
2,2161.0,0.23877219103186179,0.6487004312093092,7.474902266168013
2,2162.0,0.23872190048626155,0.6487019755380001,7.473941382584168
2,2163.0,0.23867149249728314,0.648704934796107,7.47297825505143
2,2164.0,0.2386209859426224,0.6487092899134643,7.472013244259227
2,2165.0,0.2385704042836851,0.6487150148371746,7.471046798476299
2,2166.0,0.23851974752047117,0.6487221095672379,7.470078917702645
2,2167.0,0.23846901565298065,0.648730574103654,7.46910960193827
2,2168.0,0.23841820868121355,0.6487404084464231,7.468138851183169
2,2169.0,0.23836732660516985,0.6487516125955451,7.467166665437342
2,2170.0,0.23831636942484957,0.6487641865510201,7.466193044700794
2,2171.0,0.23826533176134437,0.6487781389078646,7.465217886200631
2,2172.0,0.23821425331708035,0.6487934192179327,7.464241948517
2,2173.0,0.23816313568891237,0.6488100253820278,7.463265262160442
2,2174.0,0.2381119788768404,0.6488279574001503,7.462287827130952
2,2175.0,0.2380607828808645,0.6488472152723002,7.461309643428535
2,2176.0,0.2380095477009846,0.6488677989984771,7.460330711053189
2,2177.0,0.2379582733372007,0.6488897085786816,7.459351030004912
2,2178.0,0.23790695310678986,0.6489129545144197,7.458370472599293
2,2179.0,0.23785561458843152,0.6489374980367424,7.4573895657723615
2,2180.0,0.2378042719093633,0.6489633183463949,7.456408579448224
2,2181.0,0.23775292506958515,0.6489904154433772,7.45542751362688
2,2182.0,0.23770157406909712,0.6490187893276894,7.454446368308331
2,2183.0,0.2376502189078992,0.6490484399993315,7.453465143492577
2,2184.0,0.2375988595859914,0.6490793674583033,7.452483839179617
2,2185.0,0.23754749365947972,0.6491115758482646,7.451502408674839
2,2186.0,0.2374961262161368,0.6491450587146919,7.450520949188506
2,2187.0,0.2374447886067422,0.649179764578348,7.449540059728818
2,2188.0,0.2373934808312959,0.6492156934392332,7.448559740295783
2,2189.0,0.2373422028897979,0.6492528452973475,7.447579990889395
2,2190.0,0.2372909547822482,0.6492912201526907,7.446600811509654
2,2191.0,0.2372397365086468,0.6493308180052629,7.445622202156565
2,2192.0,0.23718854806899373,0.6493716388550641,7.444644162830122
2,2193.0,0.2371373833194332,0.6494136951480619,7.443666576141859
2,2194.0,0.23708627445246885,0.6494569289393263,7.442690057182504
2,2195.0,0.2370352282661269,0.6495013276080881,7.441714735839529
2,2196.0,0.23698424476040744,0.6495468911543473,7.440740612112931
2,2197.0,0.23693332393531039,0.6495936195781039,7.439767686002714
2,2198.0,0.23688246579083577,0.6496415128793579,7.438795957508876
2,2199.0,0.2368316703269836,0.6496905710581093,7.437825426631416
2,2200.0,0.23678093286341478,0.6497408040225929,7.436856003944759
2,2201.0,0.23673026927367963,0.6497921813631562,7.435887992739192
2,2202.0,0.23667969995531804,0.6498446615266911,7.43492178274326
2,2203.0,0.23662922490832997,0.6498982445131974,7.43395737395696
2,2204.0,0.23657884413271546,0.6499529303226754,7.432994766380296
2,2205.0,0.2365285576284745,0.6500087189551249,7.432033960013269
2,2206.0,0.23647836539560707,0.650065610410546,7.431074954855872
2,2207.0,0.2364282674341132,0.6501236046889386,7.430117750908113
2,2208.0,0.23637825942015284,0.6501827132455151,7.429162265555912
2,2209.0,0.23632837438587329,0.650242862522074,7.428209129932774
2,2210.0,0.2362786138609066,0.6503040490266725,7.42725837326483
2,2211.0,0.23622897784525274,0.6503662727593106,7.426309995552081
2,2212.0,0.2361794663389117,0.6504295337199885,7.425363996794527
2,2213.0,0.23613007934188354,0.6504938319087058,7.4244203769921695
2,2214.0,0.2360808168541682,0.6505591673254629,7.423479136145008
2,2215.0,0.23603167357243962,0.6506255538348715,7.422540172924274
2,2216.0,0.23598267181813712,0.650692938059467,7.421603913817777
2,2217.0,0.2359338233719356,0.6507612907694047,7.42067058391469
2,2218.0,0.23588512823383503,0.6508306119646845,7.419740183215008
2,2219.0,0.23583658640383545,0.6509009016453065,7.418812711718732
2,2220.0,0.23578819788193683,0.6509721598112705,7.417888169425862
2,2221.0,0.2357399626681392,0.6510443864625767,7.4169665563364
2,2222.0,0.23569187897302468,0.6511175865736156,7.416047838260573
2,2223.0,0.2356439505738992,0.6511917520739127,7.415132087370023
2,2224.0,0.23559620276619536,0.65126681455887,7.414219786975593
2,2225.0,0.23554863554991312,0.6513427740284877,7.413310937077282
2,2226.0,0.23550124892505253,0.6514196304827657,7.412405537675091
2,2227.0,0.23545404289161356,0.6514973839217041,7.41150358876902
2,2228.0,0.2354070174495962,0.6515760343453028,7.410605090359065
2,2229.0,0.23536017259900047,0.6516555817535618,7.409710042445232
2,2230.0,0.23531350372561136,0.6517360412021425,7.40881835686535
2,2231.0,0.23526703568244295,0.6518173401711923,7.407930508477128
2,2232.0,0.23522077393171842,0.6518994622522162,7.407046601645326
2,2233.0,0.2351747184734378,0.651982407445214,7.406166636369942
2,2234.0,0.23512886930760102,0.6520661757501858,7.405290612650976
2,2235.0,0.23508322643420815,0.6521507671671316,7.404418530488432
2,2236.0,0.23503778985325918,0.6522361816960515,7.4035503898823025
2,2237.0,0.23499255616675263,0.6523224308775052,7.402686125908188
2,2238.0,0.23494753719487504,0.6524094784153215,7.401825964410186
2,2239.0,0.23490274857628357,0.6524972732018003,7.400970204190567
2,2240.0,0.23485819031097824,0.6525858152369417,7.400118845249332
2,2241.0,0.23481386239895902,0.6526751045207456,7.399271887586474
2,2242.0,0.2347697648402259,0.6527651410532122,7.398429331201997
2,2243.0,0.23472589763477894,0.6528559248343412,7.397591176095902
2,2244.0,0.23468226078261806,0.6529474558641328,7.396757422268188
2,2245.0,0.23463885129299317,0.6530397470344241,7.395928012575656
2,2246.0,0.23459569326719842,0.6531327125835633,7.395103407513167
2,2247.0,0.23455278796589615,0.653226347903532,7.394283631167746
2,2248.0,0.2345101353890864,0.65332065299433,7.393468683539402
2,2249.0,0.23446773553676917,0.6534156278559573,7.392658564628128
2,2250.0,0.23442558840894442,0.653511272488414,7.391853274433924
2,2251.0,0.23438369400561218,0.6536075868917001,7.391052812956793
2,2252.0,0.2343420487001604,0.653704586407913,7.3902571109043445
2,2253.0,0.23430066823844936,0.6538022109174852,7.3894664691271394
2,2254.0,0.23425956114126997,0.6539004264757824,7.388681050428896
2,2255.0,0.23421872740862223,0.6539992330828042,7.3879008548096206
2,2256.0,0.23417816704050617,0.6540986307385508,7.38712588226931
2,2257.0,0.23413788003692174,0.6541986194430223,7.3863561328079665
2,2258.0,0.23409786639786895,0.6542991991962184,7.385591606425584
2,2259.0,0.2340581250118165,0.6544003750312968,7.3848322818845356
2,2260.0,0.23401865835541066,0.6545021389854139,7.384078206505217
2,2261.0,0.23397948393833,0.6546044143857777,7.383329714838836
2,2262.0,0.23394060176057446,0.6547072012323881,7.382586806885394
2,2263.0,0.2339020118221441,0.6548104995252454,7.3818494826448875
2,2264.0,0.23386371412303886,0.6549143092643492,7.381117742117319
2,2265.0,0.23382570866325877,0.6550186304496999,7.380391585302688
2,2266.0,0.23378799544280382,0.6551234630812972,7.379671012200992
2,2267.0,0.23375057159505044,0.6552288230348149,7.378955968040677
2,2268.0,0.23371345337663285,0.6553346326360492,7.378246763431474
2,2269.0,0.2336766444800275,0.6554408735577816,7.3775434689242205
2,2270.0,0.2336401449052344,0.6555475458000122,7.376846084518913
2,2271.0,0.2336039546522536,0.6556546493627411,7.376154610215554
2,2272.0,0.233568073721085,0.6557621842459681,7.375469046014143
2,2273.0,0.23353250211172868,0.6558701504496934,7.37478939191468
2,2274.0,0.23349723780863627,0.6559785597208823,7.374115609406799
2,2275.0,0.23346228819456585,0.6560873747048981,7.373447839550236
2,2276.0,0.23342766317205096,0.6561965407102958,7.372786271549179
2,2277.0,0.23339336274109157,0.6563060577370753,7.372130905403628
2,2278.0,0.2333593869016877,0.6564159257852367,7.371481741113585
2,2279.0,0.23332573565383935,0.6565261448547799,7.370838778679047
2,2280.0,0.2332924089975465,0.656636714945705,7.370202018100014
2,2281.0,0.23325940693280914,0.6567476360580118,7.3695714593764885
2,2282.0,0.23322672791504748,0.6568589211724231,7.368947072996731
2,2283.0,0.23319438611286594,0.6569704824646878,7.368329129675233
2,2284.0,0.23316238234507486,0.657082314648165,7.367717645056712
2,2285.0,0.23313071661167423,0.6571944177228547,7.3671126191411656
2,2286.0,0.23309938891266405,0.6573067916887568,7.366514051928597
2,2287.0,0.23306839924804434,0.6574194365458715,7.365921943419004
2,2288.0,0.23303774761781507,0.6575323522941987,7.365336293612389
2,2289.0,0.23300743216282824,0.657645554052627,7.364757066986669
2,2290.0,0.23297746160087662,0.6577589820101523,7.364184430109614
2,2291.0,0.23294784068104654,0.6578726012320107,7.363618473720329
2,2292.0,0.23291856940333797,0.6579864117182023,7.363059197818813
2,2293.0,0.23288964776775092,0.6581004134687269,7.362506602405066
2,2294.0,0.23286107577428541,0.6582146064835849,7.36196068747909
2,2295.0,0.23283285342294144,0.658328990762776,7.36142145304088
2,2296.0,0.2328049802214136,0.6584435708172551,7.360888889684138
2,2297.0,0.23277745754580031,0.6585583399311351,7.360363023701484
2,2298.0,0.2327502942824517,0.6586732215117336,7.359844024881252
2,2299.0,0.23272349043136772,0.6587882155590502,7.359331893223441
2,2300.0,0.2326970459925484,0.6589033220730852,7.358826628728053
2,2301.0,0.23267096096599374,0.6590185410538385,7.35832823139509
2,2302.0,0.23264523535170373,0.6591338725013102,7.357836701224546
2,2303.0,0.23261986914967836,0.6592493164155001,7.357352038216424
2,2304.0,0.2325948612857831,0.6593648878633164,7.356874221847619
2,2305.0,0.23257021910012127,0.6594805124454237,7.356403392362875
2,2306.0,0.23254594426229558,0.6595961718430834,7.355939581662696
2,2307.0,0.23252203677230604,0.6597118660562954,7.355482789747085
2,2308.0,0.23249849663015265,0.6598275950850596,7.35503301661604
2,2309.0,0.23247532383583538,0.6599433589293761,7.354590262269562
2,2310.0,0.23245251838935427,0.6600591575892449,7.35415452670765
2,2311.0,0.2324300796240376,0.6601750018093602,7.353725797192447
2,2312.0,0.23240801056854696,0.6602908571943849,7.35330413159151
2,2313.0,0.23238631497024245,0.6604066711981822,7.352889601504321
2,2314.0,0.23236499282912412,0.6605224438207522,7.352482206930878
2,2315.0,0.23234404414519194,0.6606381750620948,7.352081947871181
2,2316.0,0.23232346891844594,0.6607538649222099,7.351688824325233
2,2317.0,0.2323032671488861,0.6608695134010977,7.351302836293029
2,2318.0,0.23228343883651245,0.6609851204987581,7.350923983774573
2,2319.0,0.2322639838839743,0.6611006980323527,7.350552264909818
2,2320.0,0.23224490644367904,0.661216165141375,7.350187759037339
2,2321.0,0.23222620675725805,0.6613315164249668,7.349830470773899
2,2322.0,0.2322078848247113,0.6614467518831278,7.3494804001194955
2,2323.0,0.2321899406460388,0.6615618715158584,7.349137547074134
2,2324.0,0.2321723742212405,0.6616768753231582,7.348801911637811
2,2325.0,0.23215518555031647,0.6617917633050275,7.348473493810526
2,2326.0,0.23213837448917723,0.6619065488775198,7.348152290839213
2,2327.0,0.23212194289825752,0.6620211785580887,7.347838338270539
2,2328.0,0.23210589156392106,0.662135620009493,7.347531651129277
2,2329.0,0.23209022048616787,0.6622498732317326,7.3472322294154235
2,2330.0,0.2320749296649979,0.6623639382248075,7.346940073128984
2,2331.0,0.23206001910041124,0.6624778149887178,7.34665518226995
2,2332.0,0.2320454887924078,0.6625915035234634,7.34637755683833
2,2333.0,0.23203133876118548,0.6627050074275029,7.346107197220034
2,2334.0,0.23201756959216197,0.6628183217816072,7.345844114600428
2,2335.0,0.23200418141220608,0.662931377820273,7.345588311403552
2,2336.0,0.2319911742213178,0.6630441755435007,7.345339787629406
2,2337.0,0.23197854801949713,0.66315671495129,7.345098543277988
2,2338.0,0.23196630280674407,0.6632689960436412,7.3448645783492985
2,2339.0,0.23195443858305864,0.663381018820554,7.3446378928433385
2,2340.0,0.2319429553484408,0.6634927832820285,7.344418486760108
2,2341.0,0.23193185374167682,0.6636043022507628,7.344206372304667
2,2342.0,0.23192113256398017,0.663715511807179,7.344001526572227
2,2343.0,0.23191079136641402,0.6638263955447748,7.343803940985115
2,2344.0,0.23190083014897833,0.66393695346355,7.34361361554333
2,2345.0,0.23189124891167312,0.6640471855635046,7.343430550246868
2,2346.0,0.2318820476544984,0.6641570918446388,7.3432547450957335
2,2347.0,0.2318732263774542,0.6642666723069525,7.343086200089924
2,2348.0,0.23186478563575916,0.6643759357219475,7.342924925837806
2,2349.0,0.23185672452167053,0.6644848537735839,7.342770904995464
2,2350.0,0.23184904067120646,0.6645933813390656,7.342624092395132
2,2351.0,0.23184173408436692,0.664701518418393,7.342484488036813
2,2352.0,0.23183480476115195,0.6648092650115658,7.342352091920508
2,2353.0,0.23182825270156152,0.6649166211185841,7.342226904046212
2,2354.0,0.2318220779055956,0.6650235867394477,7.34210892441393
2,2355.0,0.23181628037325427,0.665130161874157,7.341998153023658
2,2356.0,0.23181086136873869,0.665236356050845,7.341894614030043
2,2357.0,0.23180581566664527,0.6653421030147896,7.341798207593153
2,2358.0,0.23180114284302172,0.6654473979014119,7.341708925612684
2,2359.0,0.23179684289786806,0.6655522407107123,7.341626768088637
2,2360.0,0.2317929158311843,0.6656566314426905,7.3415517350210076
2,2361.0,0.2317893616429704,0.6657605700973465,7.3414838264098
2,2362.0,0.23178618033322643,0.6658640566746803,7.341423042255013
2,2363.0,0.2317833733093117,0.6659671016697364,7.3413694094465605
2,2364.0,0.23178093623183219,0.666069662746124,7.341322845073184
2,2365.0,0.23177886602303527,0.6661717134564562,7.341283290329358
2,2366.0,0.231777162682921,0.6662732538007331,7.341250745215082
2,2367.0,0.23177582621148937,0.6663742837789545,7.341225209730359
2,2368.0,0.23177485660874036,0.6664748033911205,7.3412066838751855
2,2369.0,0.23177425387467399,0.6665748126372311,7.341195167649564
2,2370.0,0.23177401840910053,0.6666743140062359,7.3411906686925255
2,2371.0,0.2317741503738059,0.6667733044312045,7.3411931900952565
2,2372.0,0.23177464161473077,0.6668717296732766,7.341202576061044
2,2373.0,0.2317754921318752,0.6669695897324519,7.341218826589887
2,2374.0,0.2317767019252392,0.6670668846087305,7.341241941681789
2,2375.0,0.23177827099482273,0.6671636143021126,7.341271921336745
2,2376.0,0.2317801993406258,0.6672597788125979,7.341308765554761
2,2377.0,0.23178248696264844,0.6673553781401866,7.341352474335831
2,2378.0,0.23178513610759988,0.667450422107321,7.341403090607035
2,2379.0,0.23178813799858725,0.6675448629506493,7.341460446671397
2,2380.0,0.23179148998291538,0.6676386871953003,7.341524491844814
2,2381.0,0.23179519206058433,0.6677318948412737,7.341595226127287
2,2382.0,0.23179924423159406,0.6678244858885697,7.3416726495188165
2,2383.0,0.2318036464959446,0.6679164603371882,7.3417567620194
2,2384.0,0.2318083988536359,0.6680078181871293,7.341847563629039
2,2385.0,0.23181350248083912,0.6680985640298334,7.341945076820418
2,2386.0,0.2318189552316842,0.6681886860450558,7.342049260593159
2,2387.0,0.23182474728619087,0.6682781435010051,7.342159927320389
2,2388.0,0.23183087864435922,0.6683669363976815,7.342277077002108
2,2389.0,0.23183734930618918,0.6684550647350851,7.342400709638319
2,2390.0,0.2318441592716808,0.6685425285132156,7.342530825229021
2,2391.0,0.23185130854083408,0.6686293277320733,7.342667423774213
2,2392.0,0.23185879711364898,0.668715462391658,7.342810505273892
2,2393.0,0.23186662801154587,0.6688009413521143,7.3429601274572684
2,2394.0,0.2318747901947298,0.6688857258817639,7.343116079390902
2,2395.0,0.23188327925108707,0.668969801482879,7.343278276774099
2,2396.0,0.23189209518061762,0.6690531681554597,7.343446719606867
2,2397.0,0.23190123798332155,0.669135825899506,7.3436214078892
2,2398.0,0.23191070765919874,0.669217774715018,7.343802341621099
2,2399.0,0.23192050420824928,0.6692990146019956,7.343989520802567
2,2400.0,0.23193062763047312,0.6693795455604388,7.344182945433601
2,2401.0,0.2319410812379993,0.6694593744812287,7.344382678797873
2,2402.0,0.23195184866935403,0.6695384566666519,7.344588408282521
2,2403.0,0.2319629288689769,0.6696167893690635,7.344800113719323
2,2404.0,0.23197432183686795,0.6696943725884635,7.345017795108283
2,2405.0,0.23198602757302716,0.669771206324852,7.345241452449397
2,2406.0,0.23199804607745456,0.6698472905782288,7.34547108574267
2,2407.0,0.23201037735015012,0.669922625348594,7.345706694988099
2,2408.0,0.2320230219931653,0.6699972118725643,7.3459482916888685
2,2409.0,0.23203598146708412,0.670071051063341,7.346195903751834
2,2410.0,0.23204923789190743,0.6701441043249396,7.346449189550213
2,2411.0,0.23206279126763515,0.6702163716573604,7.346708149083996
2,2412.0,0.23207664159426736,0.6702878530606032,7.346972782353194
2,2413.0,0.23209078887180398,0.6703585485346681,7.347243089357795
2,2414.0,0.23210523310024508,0.6704284580795552,7.347519070097806
2,2415.0,0.2321199742795906,0.6704975816952642,7.347800724573227
2,2416.0,0.23213501281406654,0.6705659200332029,7.348088060507457
2,2417.0,0.23215035146698235,0.6706334756458974,7.34838113069807
2,2418.0,0.23216596951683963,0.6707002133581362,7.348679539226758
2,2419.0,0.23218186696363838,0.6707661331699195,7.348983286093523
2,2420.0,0.23219804380737855,0.6708312350812471,7.349292371298365
2,2421.0,0.23221450004806019,0.6708955190921191,7.349606794841279
2,2422.0,0.23223123568568327,0.6709589852025355,7.349926556722268
2,2423.0,0.23224825072024782,0.6710216334124963,7.350251656941338
2,2424.0,0.2322655451517538,0.6710834637220016,7.350582095498478
2,2425.0,0.23228312434880127,0.6711444815209343,7.350917974969629
2,2426.0,0.23230096645488968,0.6712046578388865,7.351258877750399
2,2427.0,0.23231906866319843,0.6712639891889388,7.351604750211865
2,2428.0,0.23233743097372747,0.6713224755710914,7.351955592354026
2,2429.0,0.2323560533864768,0.6713801169853442,7.35231140417688
2,2430.0,0.23237493590144645,0.6714369134316971,7.352672185680431
2,2431.0,0.23239407851863642,0.6714928649101504,7.353037936864678
2,2432.0,0.2324134812380467,0.6715479714207039,7.353408657729617
2,2433.0,0.23243314894146497,0.6716022369279238,7.353784441549838
2,2434.0,0.23245306852585657,0.6716556474919003,7.354165037970305
2,2435.0,0.2324732272204352,0.6717081913989403,7.35455020298415
2,2436.0,0.2324936250252009,0.6717598686490439,7.354939936591371
2,2437.0,0.23251426194015368,0.671810679242211,7.355334238791965
2,2438.0,0.2325351379652935,0.6718606231784415,7.355733109585937
2,2439.0,0.23255625310062036,0.6719097004577356,7.356136548973283
2,2440.0,0.2325776073461343,0.6719579110800932,7.356544556954004
2,2441.0,0.2325992007018353,0.6720052550455142,7.3569571335281
2,2442.0,0.23262103987638638,0.6720517349515308,7.357374406875612
2,2443.0,0.23264309887038684,0.6720973342435986,7.357795880235232
2,2444.0,0.2326653743967108,0.6721420510473956,7.358221490801009
2,2445.0,0.2326878664553583,0.6721858853629217,7.358651238572946
2,2446.0,0.23271057504632933,0.6722288371901769,7.359085123551045
2,2447.0,0.23273350016962385,0.6722709065291612,7.359523145735302
2,2448.0,0.2327566418252419,0.6723120933798747,7.35996530512572
2,2449.0,0.23278000001318344,0.6723523977423174,7.360411601722298
2,2450.0,0.23280357603576596,0.6723918199529267,7.3608620604079515
2,2451.0,0.23282737219163635,0.672430358795307,7.36131672510211
2,2452.0,0.23285136092184283,0.6724680055870544,7.361775069245678
2,2453.0,0.23287554222638546,0.6725047603281694,7.3622370928386545
2,2454.0,0.2328999161052642,0.6725406230186517,7.36270279588104
2,2455.0,0.23292448255847906,0.6725755936585014,7.36317217837283
2,2456.0,0.23294924158603003,0.6726096722477185,7.363645240314031
2,2457.0,0.23297419318791712,0.6726428587863029,7.36412198170464
2,2458.0,0.23299933736414036,0.6726751532742548,7.364602402544658
2,2459.0,0.23302467754533376,0.6727065556338478,7.36508656838199
2,2460.0,0.23305020874422036,0.6727370638107795,7.365574383926506
2,2461.0,0.23307590747527518,0.6727666769001315,7.366065400448627
2,2462.0,0.2331017737384982,0.6727953949019039,7.366559617948353
2,2463.0,0.23312780753388937,0.6728232178160967,7.367057036425682
2,2464.0,0.2331540088614488,0.6728501456427098,7.367557655880619
2,2465.0,0.2331803777211764,0.6728761783817434,7.368061476313156
2,2466.0,0.23320691411307218,0.6729013160331974,7.3685684977233015
2,2467.0,0.2332336180371362,0.6729255585970716,7.369078720111051
2,2468.0,0.233260494045469,0.6729489047957167,7.369592230451771
2,2469.0,0.23328753287928472,0.6729713548557565,7.370108851841134
2,2470.0,0.23331471345029856,0.6729929133578734,7.3706281813527745
2,2471.0,0.2333420357585105,0.6730135803020671,7.371150218986693
2,2472.0,0.2333694998039206,0.6730333556883379,7.371674964742889
2,2473.0,0.23339710558652885,0.6730522395166855,7.372202418621364
2,2474.0,0.2334248531063352,0.6730702317871101,7.372732580622115
2,2475.0,0.2334527423633397,0.6730873324996116,7.373265450745146
2,2476.0,0.23348077335754233,0.6731035416541902,7.373801028990453
2,2477.0,0.23350895161513432,0.6731188563484899,7.374339420945012
2,2478.0,0.23353726385584145,0.6731332809624924,7.374880372867337
2,2479.0,0.23356569154109177,0.6731468239965592,7.37542353054753
2,2480.0,0.2335942346708853,0.6731594854506906,7.375968893985584
2,2481.0,0.23362289324522206,0.6731712653248865,7.376516463181499
2,2482.0,0.23365166726410205,0.6731821636191468,7.377066238135282
2,2483.0,0.23368055672752525,0.6731921803334716,7.377618218846926
2,2484.0,0.23370956163549164,0.673201315467861,7.378172405316435
2,2485.0,0.23373868198800124,0.6732095690223148,7.378728797543807
2,2486.0,0.2337679241075354,0.6732169361846846,7.379287516330445
2,2487.0,0.23379727100601627,0.6732234270218778,7.379848237091187
2,2488.0,0.23382670675716036,0.6732290525164295,7.380410655528189
2,2489.0,0.23385623136096773,0.6732338126683398,7.380974771641454
2,2490.0,0.23388584481743832,0.6732377074776088,7.381540585430981
2,2491.0,0.2339155471265722,0.6732407369442365,7.382108096896773
2,2492.0,0.2339453382883693,0.6732429010682227,7.382677306038826
2,2493.0,0.2339752183028297,0.6732441998495675,7.383248212857143
2,2494.0,0.23400518716995333,0.6732446332882711,7.3838208173517215
2,2495.0,0.2340352518084733,0.6732441945172721,7.384395251716336
2,2496.0,0.2340653919266507,0.673242900489406,7.384971128243945
2,2497.0,0.23409559420683118,0.6732407633794064,7.385548192478857
2,2498.0,0.23412585864901467,0.6732377831872733,7.3861264444210715
2,2499.0,0.23415618525320114,0.6732339599130066,7.3867058840705875
2,2500.0,0.23418657401939066,0.6732292935566064,7.387286511427404
2,2501.0,0.2342170249475832,0.6732237841180727,7.387868326491524
2,2502.0,0.23424753803777876,0.6732174315974053,7.388451329262947
2,2503.0,0.23427811328997733,0.6732102359946045,7.389035519741671
2,2504.0,0.23430875800419146,0.6732021883785175,7.389621037406442
2,2505.0,0.23433944906508336,0.6731933134465322,7.390207440600718
2,2506.0,0.23437017569924726,0.6731836234347993,7.39079452348086
2,2507.0,0.23440093790668312,0.6731731183433189,7.391382286046867
2,2508.0,0.23443173568739095,0.6731617981720912,7.391970728298742
2,2509.0,0.23446256904137078,0.6731496629211159,7.392559850236485
2,2510.0,0.2344934379686226,0.6731367125903931,7.393149651860093
2,2511.0,0.23452434246914639,0.6731229471799229,7.393740133169565
2,2512.0,0.23455528254294214,0.6731083666897052,7.394331294164908
2,2513.0,0.23458626564894167,0.6730929602441935,7.394923277361274
2,2514.0,0.2346172663884791,0.67307676080474,7.395515597475384
2,2515.0,0.23464827641364794,0.6730597797056111,7.3961080950067535
2,2516.0,0.23467929572444818,0.6730420169468073,7.396700769955382
2,2517.0,0.23471032432087982,0.6730234725283283,7.39729362232127
2,2518.0,0.23474136220294287,0.673004146450174,7.397886652104419
2,2519.0,0.2347724093706373,0.6729840387123447,7.398479859304825
2,2520.0,0.2348034658239632,0.6729631493148402,7.399073243922492
2,2521.0,0.23483453156292045,0.6729414782576606,7.399666805957418
2,2522.0,0.23486561398324463,0.6729190129594746,7.400260686717294
2,2523.0,0.23489668598682012,0.6728957948339163,7.400854368448054
2,2524.0,0.2349277414852146,0.6728718335223229,7.401447734820188
2,2525.0,0.23495878047842805,0.6728471290246947,7.40204078583369
2,2526.0,0.23498980296646052,0.6728216813410315,7.402633521488567
2,2527.0,0.23502080894931196,0.6727954904713334,7.403225941784811
2,2528.0,0.23505179842698243,0.6727685564156003,7.4038180467224315
2,2529.0,0.23508277139947187,0.6727408791738324,7.404409836301424
2,2530.0,0.23511372786678028,0.6727124587460295,7.405001310521785
2,2531.0,0.23514467494712862,0.6726832811899494,7.405592605388836
2,2532.0,0.23517558445326747,0.672653396243602,7.406183182338819
2,2533.0,0.23520645235065096,0.6726228112378286,7.4067729642851
2,2534.0,0.23523727863927907,0.6725915261726293,7.407361951227676
2,2535.0,0.2352680633191518,0.6725595410480039,7.407950143166549
2,2536.0,0.23529880639026912,0.6725268558639523,7.408537540101719
2,2537.0,0.23532950785263104,0.6724934706204749,7.4091241420331855
2,2538.0,0.2353601677062376,0.6724593853175713,7.409709948960949
2,2539.0,0.23539078595108878,0.6724245999552418,7.41029496088501
2,2540.0,0.23542136922866586,0.6723890996664253,7.41087930470179
2,2541.0,0.23545188888196114,0.672352942090648,7.411462432872026
2,2542.0,0.23548234269334925,0.6723161318018609,7.41204430302434
2,2543.0,0.23551273066283018,0.672278668800064,7.412624915158729
2,2544.0,0.23554305279040394,0.6722405530852573,7.413204269275197
2,2545.0,0.23557330907607052,0.6722017846574408,7.413782365373739
2,2546.0,0.23560349951982992,0.6721623635166146,7.41435920345436
2,2547.0,0.23563362412168212,0.6721222896627786,7.414934783517057
2,2548.0,0.23566368288162715,0.6720815630959329,7.4155091055618305
2,2549.0,0.2356936817871389,0.6720401685344205,7.416082283989218
2,2550.0,0.23572359232267864,0.6719981708286102,7.41665377396295
2,2551.0,0.2357534138276874,0.6719555715146293,7.417223562861964
2,2552.0,0.23578314630216515,0.6719123705924777,7.417791650686263
2,2553.0,0.2358127897461119,0.6718685680621553,7.4183580374358415
2,2554.0,0.2358423441595276,0.6718241639236624,7.4189227231107004
2,2555.0,0.2358718095424123,0.6717791581769988,7.419485707710842
2,2556.0,0.23590118589476602,0.6717335508221647,7.420046991236263
2,2557.0,0.23593047383896598,0.67168734023306,7.420606585578508
2,2558.0,0.23595967669229595,0.6716405161573547,7.421164554119738
2,2559.0,0.23598876853425188,0.6715931448518272,7.421720401606091
2,2560.0,0.2360177493648338,0.6715452263164776,7.422274128037571
2,2561.0,0.2360466191840417,0.6714967605513057,7.422825733414173
2,2562.0,0.2360753779918756,0.6714477475563116,7.423375217735902
2,2563.0,0.23610402578833548,0.6713981873314954,7.423922581002759
2,2564.0,0.23613256257342133,0.671348079876857,7.424467823214735
2,2565.0,0.23616098834713317,0.6712974251923962,7.425010944371839
2,2566.0,0.23618930473492278,0.6712462185100448,7.425551975530999
2,2567.0,0.23621751112645276,0.6711944597555148,7.426090905030711
2,2568.0,0.23624558588428976,0.6711422109195548,7.426627319452229
2,2569.0,0.2362735290084338,0.6710894720021647,7.427161218795553
2,2570.0,0.23630134049888485,0.6710362430033445,7.427692603060682
2,2571.0,0.2363290203556429,0.6709825239230943,7.428221472247613
2,2572.0,0.23635656857870802,0.670928314761414,7.42874782635635
2,2573.0,0.23638398516808012,0.6708736155183037,7.429271665386893
2,2574.0,0.23641127012375926,0.6708184261937633,7.429792989339239
2,2575.0,0.23643842579696125,0.6707627390282116,7.430311843137236
2,2576.0,0.2364654484046181,0.6707065642900119,7.4308281544991495
2,2577.0,0.2364923202515133,0.6706499588719798,7.43134158532876
2,2578.0,0.23651904133764676,0.6705929227741153,7.431852135626073
2,2579.0,0.23654561166301855,0.6705354559964185,7.432359805391084
2,2580.0,0.23657203122762865,0.6704775585388892,7.432864594623795
2,2581.0,0.23659830003147703,0.6704192304015277,7.433366503324206
2,2582.0,0.23662441807456375,0.6703604715843338,7.433865531492317
2,2583.0,0.23665038535688876,0.6703012820873073,7.434361679128125
2,2584.0,0.2366762046885066,0.6702416514233525,7.434854999922348
2,2585.0,0.23670186987921052,0.6701816000215153,7.435345375600905
2,2586.0,0.23672736679871598,0.6701211790697361,7.435832536181467
2,2587.0,0.23675269544702293,0.670060388568015,7.4363164816640355
2,2588.0,0.2367778558241314,0.6699992285163517,7.436797212048609
2,2589.0,0.2368028479300414,0.6699376989147465,7.437274727335191
2,2590.0,0.23682767176475286,0.6698757997631993,7.437749027523777
2,2591.0,0.23685232732826586,0.66981353106171,7.4382201126143705
2,2592.0,0.23687681462058036,0.6697508928102789,7.43868798260697
2,2593.0,0.23690113666125664,0.6696878721534394,7.439152695195242
2,2594.0,0.23692528561005666,0.6696244991870404,7.43961410057854
2,2595.0,0.23694925049876875,0.6695608190012245,7.440071989191148
2,2596.0,0.23697303132739292,0.6694968315959922,7.440526361033061
2,2597.0,0.2369966280959292,0.6694325369713431,7.4409772161042795
2,2598.0,0.23702004080437755,0.6693679351272773,7.441424554404805
2,2599.0,0.23704326945273801,0.6693030260637949,7.441868375934641
2,2600.0,0.23706631404101056,0.6692378097808959,7.442308680693781
2,2601.0,0.2370891745691952,0.6691722862785802,7.4427454686822285
2,2602.0,0.23711185404103954,0.669106440767656,7.44317879729152
2,2603.0,0.23713434369688327,0.6690403122441945,7.443608499153941
2,2604.0,0.23715663531285147,0.6689739395073487,7.444034417138832
2,2605.0,0.23717872888894412,0.668907322557119,7.444456551246199
2,2606.0,0.23720062442516118,0.6688404613935052,7.444874901476034
2,2607.0,0.23722232192150272,0.6687733560165073,7.445289467828343
2,2608.0,0.2372438213779687,0.6687060064261253,7.445700250303124
2,2609.0,0.2372651227945591,0.6686384126223593,7.4461072489003755
2,2610.0,0.23728622617127398,0.6685705746052092,7.446510463620101
2,2611.0,0.23730713430024433,0.6685024761415037,7.446909947810553
2,2612.0,0.2373278381900373,0.668434164130973,7.447305529675619
2,2613.0,0.2373483319388094,0.6683656710711368,7.4476970964508755
2,2614.0,0.23736861554656064,0.6682969969619947,7.448084648136321
2,2615.0,0.237388689013291,0.6682281418035471,7.448468184731953
2,2616.0,0.2374085523390005,0.6681591055957936,7.4488477062377765
2,2617.0,0.23742820552368912,0.6680898883387345,7.449223212653786
2,2618.0,0.2374476485673569,0.6680204900323697,7.449594703979986
2,2619.0,0.2374668814700038,0.6679509106766992,7.4499621802163745
2,2620.0,0.23748590665032474,0.6678811331187801,7.450325687576095
2,2621.0,0.23750471551522595,0.66781121098057,7.450685061873959
2,2622.0,0.2375233040677289,0.667741170610302,7.451040226741121
2,2623.0,0.23754167230783357,0.6676710120079765,7.451391182177576
2,2624.0,0.23755982023554,0.6676007351735931,7.451737928183327
2,2625.0,0.23757774785084818,0.6675303401071521,7.452080464758373
2,2626.0,0.23759545515375807,0.6674598268086532,7.452418791902715
2,2627.0,0.2376129421442697,0.6673891952780966,7.45275290961635
2,2628.0,0.2376302088223831,0.6673184455154823,7.453082817899283
2,2629.0,0.23764725710888265,0.6672475599863774,7.453408553451254
2,2630.0,0.23766407936916562,0.6671765977150645,7.453729970400626
2,2631.0,0.23768067310800517,0.6671055791944495,7.454047021071983
2,2632.0,0.2376970383254013,0.6670345044245322,7.454359705465329
2,2633.0,0.237713175021354,0.6669633734053126,7.45466802358066
2,2634.0,0.23772908319586328,0.6668921861367909,7.454971975417978
2,2635.0,0.23774476284892912,0.6668209426189671,7.455271560977283
2,2636.0,0.23776021398055158,0.666749642851841,7.455566780258573
2,2637.0,0.23777543659073058,0.6666782868354127,7.455857633261851
2,2638.0,0.2377904320174183,0.6666068571864489,7.45614414555089
2,2639.0,0.23780519406463532,0.6665354169197648,7.456426198741316
2,2640.0,0.23781972135780494,0.6664639810858691,7.456703766569577
2,2641.0,0.23783401389692713,0.6663925496847617,7.456976849035675
2,2642.0,0.23784807168200195,0.6663211227164424,7.457245446139612
2,2643.0,0.23786189471302935,0.6662497001809115,7.457509557881386
2,2644.0,0.23787548299000938,0.6661782820781688,7.4577691842609966
2,2645.0,0.237888836512942,0.6661068684082143,7.458024325278444
2,2646.0,0.23790195528182723,0.6660354591710481,7.458274980933729
2,2647.0,0.23791484000745614,0.6659640376432155,7.458521164807685
2,2648.0,0.23792748632502508,0.6658926693721019,7.458762793503556
2,2649.0,0.237939893628387,0.6658213644743861,7.458999855439909
2,2650.0,0.2379520619175418,0.6657501229500681,7.459232350616742
2,2651.0,0.2379639911924896,0.6656789447991479,7.4594602790340545
2,2652.0,0.2379756814532303,0.6656078300216255,7.459683640691848
2,2653.0,0.23798713269976396,0.6655367786175009,7.459902435590122
2,2654.0,0.23799834493209054,0.6654657905867741,7.460116663728877
2,2655.0,0.23800931815021006,0.6653948659294451,7.46032632510811
2,2656.0,0.2380200524339119,0.6653239890493221,7.460531421252333
2,2657.0,0.23803054554954184,0.6652532265661001,7.460731909483905
2,2658.0,0.23804079734172615,0.6651825842433621,7.460927786834157
2,2659.0,0.23805080781046478,0.6651120620811081,7.4611190533030864
2,2660.0,0.23806057695575777,0.6650416600793381,7.461305708890696
2,2661.0,0.23807010477760512,0.664971378238052,7.461487753596985
2,2662.0,0.2380793912760068,0.66490121655725,7.4616651874219535
2,2663.0,0.23808843645096284,0.664831175036932,7.4618380103656
2,2664.0,0.23809724030247323,0.6647612536770979,7.462006222427928
2,2665.0,0.23810580231477224,0.6646914384200753,7.462169813754381
2,2666.0,0.23811412259030607,0.6646217955364696,7.462328786302363
2,2667.0,0.23812220114581797,0.6645523270665752,7.462483140391784
2,2668.0,0.23813003798130794,0.6644830330103921,7.4626328760226395
2,2669.0,0.23813763309677596,0.6644139133679204,7.462777993194936
2,2670.0,0.2381449864922221,0.66434496813916,7.462918491908667
2,2671.0,0.2381520981676463,0.6642761973241109,7.463054372163836
2,2672.0,0.23815896812304857,0.6642076009227731,7.4631856339604425
2,2673.0,0.23816559631079667,0.6641391779087988,7.463312276388392
2,2674.0,0.238171981834983,0.6640709191840861,7.4634342823299
2,2675.0,0.23817812710121908,0.6640028862462551,7.4635516977481275
2,2676.0,0.2381840321095049,0.6639350790953059,7.463664522643078
2,2677.0,0.23818969685984046,0.6638674977312384,7.463772757014748
2,2678.0,0.23819512135222579,0.6638001421540527,7.463876400863142
2,2679.0,0.23820030558666086,0.6637330123637488,7.463975454188255
2,2680.0,0.2382052495631457,0.6636661083603266,7.4640699169900895
2,2681.0,0.23820995328168026,0.6635994301437862,7.4641597892686455
2,2682.0,0.23821441643782898,0.6635329742836724,7.464245065207178
2,2683.0,0.2382186384895084,0.663466741036777,7.464325734448295
2,2684.0,0.23822262353533058,0.6634007817597344,7.464401875302719
2,2685.0,0.23822637157529558,0.6633350964525445,7.464473487770449
2,2686.0,0.23822988260940337,0.6632696851152075,7.464540571851487
2,2687.0,0.23823315663765396,0.6632045477477232,7.464603127545832
2,2688.0,0.2382361936600473,0.6631396843500916,7.464661154853483
2,2689.0,0.23823899367658347,0.6630750949223129,7.464714653774443
2,2690.0,0.23824155668726243,0.6630107794643868,7.464763624308711
2,2691.0,0.23824388198316301,0.6629467327908669,7.464808052911181
2,2692.0,0.2382459699555328,0.6628829627398867,7.4648479470572795
2,2693.0,0.23824782588220025,0.6628195113788512,7.464883407588606
2,2694.0,0.23824944976316542,0.6627563787077606,7.464914434505156
2,2695.0,0.23825084159842827,0.6626935647266148,7.464941027806929
2,2696.0,0.2382520013879888,0.6626310694354138,7.464963187493925
2,2697.0,0.238252929131847,0.6625688928341577,7.464980913566146
2,2698.0,0.23825362483000292,0.6625070349228462,7.464994206023594
2,2699.0,0.23825408848245652,0.6624454957014797,7.465003064866262
2,2700.0,0.23825431887239687,0.6623842688479525,7.465007466844983
2,2701.0,0.23825431779649414,0.662323368006493,7.465007446288091
2,2702.0,0.23825409124919958,0.6622628268778837,7.465003117729438
2,2703.0,0.2382536392305132,0.6622026454621246,7.4649944811690245
2,2704.0,0.238252961740435,0.6621428237592155,7.464981536606851
2,2705.0,0.238252058778965,0.6620833617691567,7.464964284042913
2,2706.0,0.23825093034610317,0.662024259491948,7.464942723477216
2,2707.0,0.23824957644184952,0.6619655169275894,7.464916854909757
2,2708.0,0.23824799706620403,0.661907134076081,7.464886678340536
2,2709.0,0.23824619042357453,0.6618491040133953,7.4648521594618105
2,2710.0,0.23824416007813107,0.6617914444478351,7.464813366372912
2,2711.0,0.23824191235793082,0.6617341817717473,7.464770419981783
2,2712.0,0.23823944726297386,0.6616773159851315,7.464723320288423
2,2713.0,0.23823676479326011,0.661620847087988,7.464672067292827
2,2714.0,0.2382338649487896,0.6615647750803167,7.464616660995
2,2715.0,0.23823074772956232,0.6615090999621176,7.4645571013949406
2,2716.0,0.2382274131355783,0.6614538217333907,7.46449338849265
2,2717.0,0.2382238611668375,0.661398940394136,7.464425522288124
2,2718.0,0.2382200894369366,0.6613444489656838,7.464353457185206
2,2719.0,0.23821610319761463,0.6612903665090419,7.464277293527005
2,2720.0,0.23821190917546553,0.6612367143329639,7.464197159836165
2,2721.0,0.2382075073704893,0.6611834924374497,7.464113056112684
2,2722.0,0.2382028977826859,0.6611307008224994,7.464024982356559
2,2723.0,0.2381980804120554,0.6610783394881127,7.463932938567793
2,2724.0,0.23819305525859774,0.6610264084342898,7.463836924746384
2,2725.0,0.23818782232231295,0.6609749076610308,7.463736940892335
2,2726.0,0.23818238160320102,0.6609238371683357,7.463632987005645
2,2727.0,0.23817673070696918,0.660873191545785,7.4635250173394105
2,2728.0,0.23817087416244773,0.6608229840117236,7.463413118424384
2,2729.0,0.2381648209011964,0.660773236295963,7.463297460912705
2,2730.0,0.2381585709232152,0.6607239483985035,7.463178044804372
2,2731.0,0.23815212422850415,0.6606751203193448,7.463054870099385
2,2732.0,0.23814548081706324,0.6606267520584872,7.462927936797747
2,2733.0,0.23813864068889243,0.6605788436159306,7.462797244899452
2,2734.0,0.23813160384399176,0.6605313949916749,7.462662794404505
2,2735.0,0.23812437028236125,0.6604844061857202,7.462524585312906
2,2736.0,0.23811693895756675,0.6604378753678238,7.462382597630806
2,2737.0,0.23810930881865558,0.6603918026893977,7.46223681127803
2,2738.0,0.23810149449350362,0.6603462153496856,7.462087505744203
2,2739.0,0.2380934959821108,0.6603011133486878,7.46193468102932
2,2740.0,0.23808531328447718,0.6602564966864042,7.461778337133389
2,2741.0,0.23807694640060273,0.6602123653628347,7.461618474056404
2,2742.0,0.23806839533048746,0.6601687193779793,7.461455091798367
2,2743.0,0.23805966007413137,0.6601255587318381,7.461288190359277
2,2744.0,0.23805074063153445,0.660082883424411,7.461117769739138
2,2745.0,0.2380416370026967,0.6600406934556982,7.460943829937945
2,2746.0,0.2380323441764029,0.659998983071833,7.460766275208191
2,2747.0,0.23802287646084547,0.6599577730708711,7.460585378931424
2,2748.0,0.23801323852616615,0.6599170696607218,7.460401230338383
2,2749.0,0.238003430372365,0.6598768728413852,7.46021382942907
2,2750.0,0.237993451999442,0.6598371826128612,7.4600231762034825
2,2751.0,0.23798330340739712,0.6597979989751499,7.459829270661623
2,2752.0,0.2379729845962304,0.6597593219282514,7.459632112803491
2,2753.0,0.23796249556594182,0.6597211514721654,7.459431702629082
2,2754.0,0.2379518363165314,0.6596834876068922,7.459228040138405
2,2755.0,0.23794100656069228,0.6596463300782148,7.459021119841982
2,2756.0,0.23793000126371794,0.6596096760064935,7.458810845543466
2,2757.0,0.23791884109724923,0.6595735451918531,7.458597612208557
2,2758.0,0.2379075260612861,0.6595379376342938,7.458381419837253
2,2759.0,0.2378960561558286,0.6595028533338156,7.458162268429551
2,2760.0,0.23788443138087667,0.6594682922904186,7.457940157985452
2,2761.0,0.23787265173643035,0.6594342545041026,7.457715088504959
2,2762.0,0.23786071722248964,0.6594007399748677,7.457487059988068
2,2763.0,0.23784862783905453,0.6593677487027139,7.457256072434784
2,2764.0,0.23783638358612502,0.6593352806876411,7.457022125845102
2,2765.0,0.23782398292036114,0.6593033351303661,7.456785190730976
2,2766.0,0.23781142411530562,0.6592719128756249,7.456545234105599
2,2767.0,0.2377987270520305,0.6592410256139234,7.456302635829552
2,2768.0,0.2377858917305358,0.6592106733452615,7.4560573959028345
2,2769.0,0.23777291815082144,0.6591808560696392,7.455809514325444
2,2770.0,0.2377598063128875,0.6591515737870564,7.455558991097381
2,2771.0,0.23774655621673393,0.6591228264975132,7.455305826218649
2,2772.0,0.23773316786236076,0.6590946142010096,7.455050019689244
2,2773.0,0.237719641249768,0.6590669368975456,7.454791571509168
2,2774.0,0.2377059763789556,0.6590397945871211,7.45453048167842
2,2775.0,0.2376921732499236,0.6590131872697363,7.454266750197
2,2776.0,0.2376782246187054,0.6589871147936679,7.454000238657015
2,2777.0,0.23766415497095444,0.658961583726569,7.45373141489714
2,2778.0,0.23764996472940497,0.6589365941569914,7.453460286994412
2,2779.0,0.23763565389405697,0.6589121460849348,7.453186854948829
2,2780.0,0.23762122246491046,0.6588882395103993,7.45291111876039
2,2781.0,0.23760667044196543,0.658864874433385,7.452633078429096
2,2782.0,0.23759199782522186,0.6588420508538919,7.452352733954947
2,2783.0,0.2375772046146798,0.65881976877192,7.452070085337946
2,2784.0,0.23756229081033922,0.658798028187469,7.451785132578086
2,2785.0,0.23754725641220012,0.6587768291005393,7.451497875675376
2,2786.0,0.2375320944235818,0.6587561727231163,7.451208180946716
2,2787.0,0.23751682353853568,0.6587360593981553,7.450916405572708
2,2788.0,0.23750145046845744,0.6587164886942763,7.450622677785601
2,2789.0,0.23748597521334713,0.6586974606114796,7.4503269975854
2,2790.0,0.23747039777320472,0.6586789751497649,7.450029364972103
2,2791.0,0.23745471814803024,0.6586610323091324,7.4497297799457085
2,2792.0,0.23743893633782365,0.658643632089582,7.449428242506218
2,2793.0,0.23742305234258498,0.6586267744911137,7.449124752653632
2,2794.0,0.23740706616231422,0.6586104595137275,7.44881931038795
2,2795.0,0.23739097779701138,0.6585946871574234,7.448511915709171
2,2796.0,0.23737478334090736,0.658579458933507,7.448202493991154
2,2797.0,0.23735848825490982,0.6585647746946641,7.447891149573521
2,2798.0,0.23734210979126671,0.6585506288884722,7.447578212088843
2,2799.0,0.2373256479499781,0.6585370215149311,7.44726368153712
2,2800.0,0.23730910273104397,0.6585239525740408,7.446947557918352
2,2801.0,0.2372924741344643,0.6585114220658015,7.44662984123254
2,2802.0,0.2372757621602391,0.658499429990213,7.446310531479684
2,2803.0,0.23725896680836836,0.6584879763472755,7.445989628659783
2,2804.0,0.2372420880788521,0.6584770611369888,7.4456671327728365
2,2805.0,0.23722512597169032,0.6584666843593528,7.445343043818847
2,2806.0,0.237208080486883,0.6584568460143679,7.445017361797812
2,2807.0,0.23719094407047248,0.6584475517839216,7.4446899423789485
2,2808.0,0.2371737411502727,0.6584387879862554,7.444361252295815
2,2809.0,0.23715647380458033,0.6584305533453525,7.44403133125769
2,2810.0,0.23713914203339534,0.6584228478612127,7.443700179264568
2,2811.0,0.2371217458367178,0.6584156715338361,7.4433677963164575
2,2812.0,0.23710428521454763,0.6584090243632226,7.443034182413351
2,2813.0,0.23708676016688487,0.6584029063493723,7.4426993375552515
2,2814.0,0.23706917069372954,0.6583973174922851,7.442363261742159
2,2815.0,0.23705151679508163,0.6583922577919612,7.442025954974075
2,2816.0,0.2370337984709411,0.6583877272484003,7.441687417250996
2,2817.0,0.23701600971452427,0.6583837314097111,7.441347533803444
2,2818.0,0.23699816458719905,0.658380259816855,7.441006573296976
2,2819.0,0.2369802739394703,0.6583773032986006,7.440664743048334
2,2820.0,0.23696233777133802,0.6583748618549478,7.440322043057515
2,2821.0,0.23694435608280218,0.6583729354858966,7.4399784733245236
2,2822.0,0.2369263288738628,0.6583715241914471,7.439634033849358
2,2823.0,0.23690825614451988,0.6583706279715993,7.439288724632016
2,2824.0,0.23689013789477342,0.6583702468263531,7.438942545672501
2,2825.0,0.2368719741246234,0.6583703807557088,7.43859549697081
2,2826.0,0.23685376483406986,0.6583710297596659,7.438247578526945
2,2827.0,0.23683550834426234,0.6583721957361931,7.437898758263707
2,2828.0,0.23681720287302077,0.6583738821074553,7.437549002129614
2,2829.0,0.23679887055739998,0.6583760649792831,7.437198733089505
2,2830.0,0.2367805113974,0.6583787443516768,7.436847951143386
2,2831.0,0.2367621253930208,0.6583819202246362,7.436496656291248
2,2832.0,0.23674371254426235,0.6583855925981613,7.436144848533098
2,2833.0,0.2367252728511247,0.6583897614722523,7.435792527868932
2,2834.0,0.23670680631360785,0.6583944268469089,7.435439694298752
2,2835.0,0.23668831293171178,0.6583995887221312,7.435086347822559
2,2836.0,0.23666979270543648,0.6584052470979194,7.434732488440352
2,2837.0,0.23665124563478196,0.6584114019742732,7.434378116152129
2,2838.0,0.23663266488944132,0.6584180633367462,7.434023100453645
2,2839.0,0.2366140703665516,0.6584252055333569,7.433667821512426
2,2840.0,0.23659546727525724,0.6584328215074574,7.433312378857745
2,2841.0,0.23657685561555822,0.6584409112590478,7.432956772489601
2,2842.0,0.2365582353874545,0.658449474788128,7.432601002407993
2,2843.0,0.2365396065909461,0.6584585120946981,7.432245068612922
2,2844.0,0.23652096922603305,0.658468023178758,7.431888971104387
2,2845.0,0.2365023232927153,0.6584780080403076,7.43153270988239
2,2846.0,0.23648366879099292,0.6584884666793472,7.431176284946929
2,2847.0,0.23646500572086585,0.6584993990958766,7.430819696298005
2,2848.0,0.23644632991445938,0.6585108122103351,7.430462864301517
2,2849.0,0.23642764895920465,0.6585226953639987,7.430105933927813
2,2850.0,0.23640897715244624,0.6585350257896554,7.4297491783511775
2,2851.0,0.23639031449418413,0.6585478034873056,7.429392597571613
2,2852.0,0.2363716609844183,0.6585610284569489,7.429036191589113
2,2853.0,0.2363530166231488,0.6585747006985855,7.4286799604036835
2,2854.0,0.2363343814103756,0.6585888202122154,7.42832390401532
2,2855.0,0.2363157553460987,0.6586033869978387,7.427968022424024
2,2856.0,0.23629713843031808,0.6586184010554552,7.427612315629798
2,2857.0,0.23627853066303378,0.658633862385065,7.427256783632638
2,2858.0,0.23625993204424578,0.6586497709866681,7.426901426432545
2,2859.0,0.23624133618944546,0.6586661400413191,7.426546122042986
2,2860.0,0.23622276563962186,0.65868292808505,7.426191301146622
2,2861.0,0.2362042212497842,0.6587001334987815,7.425836980079814
2,2862.0,0.2361857030199325,0.6587177562825136,7.425483158842564
2,2863.0,0.2361672109500667,0.6587357964362464,7.425129837434865
2,2864.0,0.23614874504018685,0.6587542539599798,7.424777015856723
2,2865.0,0.23613030529029294,0.6587731288537138,7.424424694108137
2,2866.0,0.23611189170038496,0.6587924211174483,7.424072872189106
2,2867.0,0.2360935042704629,0.6588121307511836,7.423721550099628
2,2868.0,0.23607514300052682,0.6588322577549194,7.423370727839709
2,2869.0,0.2360568026170557,0.658852814029029,7.4230203046500485
2,2870.0,0.23603849676180474,0.6588737715887856,7.422670541178827
2,2871.0,0.23602023323949273,0.6588951136209973,7.422321586548023
2,2872.0,0.23600201205011961,0.6589168401256642,7.421973440757641
2,2873.0,0.23598383319368543,0.6589389511027862,7.4216261038076805
2,2874.0,0.23596569667019018,0.6589614465523634,7.42127957569814
2,2875.0,0.23594760247963387,0.6589843264743958,7.420933856429021
2,2876.0,0.23592955062201648,0.6590075908688832,7.420588946000322
2,2877.0,0.23591154109733803,0.6590312397358258,7.420244844412046
2,2878.0,0.23589357390559848,0.6590552730752236,7.4199015516641875
2,2879.0,0.23587564706814684,0.6590796958658922,7.419559029951371
2,2880.0,0.23585776163065636,0.6591045071134959,7.4192172992528995
2,2881.0,0.23583993374096024,0.659129667352342,7.418876668099685
2,2882.0,0.2358221633990585,0.6591551765824307,7.418537136491728
2,2883.0,0.23580445060495112,0.6591810348037619,7.4181987044290265
2,2884.0,0.2357867953586381,0.6592072420163356,7.4178613719115845
2,2885.0,0.23576919766011947,0.6592337982201519,7.417525138939398
2,2886.0,0.2357516575093952,0.6592607034152107,7.417190005512471
2,2887.0,0.23573417490646528,0.659287957601512,7.416855971630799
2,2888.0,0.23571674985132976,0.659315560779056,7.416523037294387
2,2889.0,0.23569938234398857,0.6593435129478423,7.416191202503228
2,2890.0,0.23568206727221358,0.6593718294743245,7.4158603695798
2,2891.0,0.23566482089485663,0.6594004658378954,7.415530849176208
2,2892.0,0.23564764621625656,0.6594294135467949,7.4152026986952855
2,2893.0,0.23563054323641333,0.659458672601023,7.414875918137031
2,2894.0,0.23561351195532698,0.6594882430005797,7.414550507501445
2,2895.0,0.23559655237299748,0.659518124745465,7.414226466788529
2,2896.0,0.23557966448942486,0.6595483178356789,7.41390379599828
2,2897.0,0.2355628483046091,0.6595788222712214,7.413582495130702
2,2898.0,0.23554610381855018,0.6596096380520926,7.413262564185791
2,2899.0,0.23552943103124815,0.6596407651782923,7.412944003163552
2,2900.0,0.23551282663174009,0.6596722146225577,7.412626748802587
2,2901.0,0.23549629782610804,0.659703965062724,7.412310938786951
2,2902.0,0.23547985371434596,0.6597359874600018,7.411996746986991
2,2903.0,0.2354634942964539,0.6597682818143911,7.411684173402711
2,2904.0,0.23544721957243184,0.6598008481258919,7.411373218034105
2,2905.0,0.23543102954227976,0.6598336863945041,7.41106388088118
2,2906.0,0.2354149242059977,0.6598667966202278,7.410756161943932
2,2907.0,0.23539890356358562,0.659900178803063,7.410450061222362
2,2908.0,0.23538296761504354,0.6599338329430096,7.410145578716469
2,2909.0,0.23536711636037147,0.6599677590400677,7.409842714426254
2,2910.0,0.23535134976637864,0.6600019572177732,7.4095414677175535
2,2911.0,0.23533566395356287,0.6600364434542036,7.409241764466096
2,2912.0,0.23532007459573065,0.6600711609396146,7.408943904145734
2,2913.0,0.23530458169288196,0.660106109674006,7.408647886756468
2,2914.0,0.2352891852450168,0.6601412896573777,7.408353712298294
2,2915.0,0.23527388525213522,0.6601767008897299,7.408061380771217
2,2916.0,0.23525868171423714,0.6602123433710626,7.407770892175236
2,2917.0,0.23524357463132264,0.6602482171013757,7.407482246510348
2,2918.0,0.23522856400339168,0.6602843220806692,7.407195443776556
2,2919.0,0.23521364983044424,0.6603206583089432,7.406910483973857
2,2920.0,0.23519883211248035,0.6603572257861976,7.406627367102253
2,2921.0,0.2351841074886744,0.6603940396016681,7.406346028947646
2,2922.0,0.23516948566795962,0.6604310604982027,7.406066655015169
2,2923.0,0.23515497076487868,0.6604682710348094,7.405789323919929
2,2924.0,0.23514056277943157,0.6605056712114883,7.4055140356619225
2,2925.0,0.23512626171161832,0.6605432610282391,7.405240790241155
2,2926.0,0.23511206756143888,0.6605810404850622,7.404969587657623
2,2927.0,0.23509798032889326,0.6606190095819573,7.404700427911324
2,2928.0,0.2350840000139815,0.6606571683189245,7.404433311002266
2,2929.0,0.23507012661670357,0.6606955166959638,7.404168236930442
2,2930.0,0.23505636013705944,0.6607340547130752,7.403905205695852
2,2931.0,0.235042699116234,0.6607727898177822,7.403644189425438
2,2932.0,0.2350291456401916,0.6608117140775804,7.403385227974973
2,2933.0,0.2350157081950032,0.6608507858805895,7.403128483484809
2,2934.0,0.23500238678066887,0.6608900052268096,7.402873955954937
2,2935.0,0.23498918139718855,0.6609293721162407,7.402621645385364
2,2936.0,0.23497609204456227,0.6609688865488826,7.402371551776085
2,2937.0,0.23496311872279002,0.6610085485247356,7.402123675127104
2,2938.0,0.2349502614318718,0.6610483580437995,7.401878015438418
2,2939.0,0.23493752017180763,0.6610883151060744,7.401634572710028
2,2940.0,0.2349248949425975,0.6611284197115602,7.401393346941931
2,2941.0,0.23491238574424136,0.661168671860257,7.401154338134134
2,2942.0,0.2348999900870604,0.6612090881396148,7.400917498717221
2,2943.0,0.2348877170870375,0.6612496163600172,7.4006830028670425
2,2944.0,0.23487556784394298,0.6612902499424416,7.400450871596515
2,2945.0,0.23486354235777676,0.6613309888868879,7.40022110490564
2,2946.0,0.23485164062853886,0.6613718331933561,7.399993702794417
2,2947.0,0.2348398626562293,0.6614127828618461,7.3997686652628465
2,2948.0,0.23482820844084806,0.6614538378923581,7.399545992310926
2,2949.0,0.23481667798239517,0.6614949982848921,7.39932568393866
2,2950.0,0.2348052712808706,0.6615362640394479,7.399107740146046
2,2951.0,0.23479398833627432,0.6615776351560255,7.398892160933083
2,2952.0,0.23478282756135155,0.6616191240687542,7.398678915972656
2,2953.0,0.2347717931906502,0.6616607031111466,7.398468086172771
2,2954.0,0.2347608888910498,0.6617023456417414,7.398259741595191
2,2955.0,0.2347501146625503,0.6617440516605385,7.398053882239917
2,2956.0,0.23473947050515176,0.661785821167538,7.397850508106944
2,2957.0,0.23472895641885416,0.66182765416274,7.397649619196279
2,2958.0,0.23471857240365748,0.6618695506461444,7.397451215507914
2,2959.0,0.23470831845956175,0.6619115106177512,7.3972552970418555
2,2960.0,0.23469819458656693,0.6619535340775604,7.3970618637981005
2,2961.0,0.23468820078467306,0.6619956210255721,7.396870915776651
2,2962.0,0.23467833683293204,0.6620377736545915,7.3966824487559295
2,2963.0,0.2346686022499723,0.6620800006439231,7.396496453538537
2,2964.0,0.2346590026282605,0.6621222499321984,7.396313036977754
2,2965.0,0.2346495379677967,0.6621645215194173,7.396132199073575
2,2966.0,0.23464020826858084,0.6622068154055799,7.395953939826003
2,2967.0,0.23463101353061297,0.6622491315906862,7.395778259235034
2,2968.0,0.23462195375389305,0.6622914700747361,7.395605157300675
2,2969.0,0.2346130289384211,0.6623338308577297,7.395434634022921
2,2970.0,0.2346042390841971,0.662376213939667,7.39526668940177
2,2971.0,0.2345955841912211,0.6624186193205479,7.395101323437228
2,2972.0,0.23458706425949302,0.6624610470003726,7.394938536129289
2,2973.0,0.2345786784499879,0.6625035115624643,7.394778311447004
2,2974.0,0.23457043009936815,0.6625459718443477,7.394620713142795
2,2975.0,0.2345623201762657,0.6625884142807249,7.39446575972397
2,2976.0,0.23455434868068054,0.6626308388715958,7.394313451190526
2,2977.0,0.23454651561261267,0.6626732456169604,7.394163787542466
2,2978.0,0.23453882097206208,0.6627156345168187,7.394016768779784
2,2979.0,0.2345312647590288,0.6627580055711707,7.3938723949024885
2,2980.0,0.2345238469735128,0.6628003587800164,7.393730665910573
2,2981.0,0.2345165676155141,0.6628426941433558,7.3935915818040385
2,2982.0,0.2345094266850327,0.662885011661189,7.393455142582886
2,2983.0,0.23450242393192597,0.662927319420446,7.393321343467732
2,2984.0,0.2344955603048278,0.662969604544142,7.393190202583783
2,2985.0,0.23448883715966842,0.6630118330636954,7.39306174583832
2,2986.0,0.23448225449644788,0.6630540049791064,7.392935973231339
2,2987.0,0.23447581231516615,0.6630961202903748,7.392812884762845
2,2988.0,0.23446951061582325,0.6631381789975008,7.3926924804328324
2,2989.0,0.23446334939841915,0.6631801811004843,7.3925747602413034
2,2990.0,0.2344573286629539,0.6632221265993252,7.392459724188262
2,2991.0,0.23445144840942744,0.6632640154940237,7.392347372273702
2,2992.0,0.23444570863783984,0.6633058477845797,7.392237704497627
2,2993.0,0.23444010934819104,0.6633476234709931,7.392130720860037
2,2994.0,0.23443465085550902,0.6633893564642624,7.392026427380058
2,2995.0,0.23442933351262513,0.6634309992571381,7.391924830799114
2,2996.0,0.2344241573177466,0.6634725483926476,7.391825931082952
2,2997.0,0.23441912227087353,0.6635140038707908,7.391729728231571
2,2998.0,0.23441422837200582,0.6635553656915679,7.39163622224497
2,2999.0,0.23440947562114353,0.6635966338549788,7.391545413123152
2,3000.0,0.23440486401828667,0.6636378083610235,7.391457300866119
3,0.0,0.0757995967100463,0.5039316768268115,4.361042819400572
3,1.0,0.0748112926549674,0.5083931927236228,4.342159645017832
3,2.0,0.07382446271783857,0.5128711329555925,4.323304636082933
3,3.0,0.07283898544458954,0.5173656785185456,4.304475472016111
3,4.0,0.07185472718757947,0.5218770311255829,4.285669599259384
3,5.0,0.07087155897722143,0.5264053879602012,4.266884553636686
3,6.0,0.06988936906811688,0.5309509220744401,4.248118200068396
3,7.0,0.0689080130756462,0.5355138585525561,4.229367779848892
3,8.0,0.06792735146926916,0.5400944188771115,4.210630627017728
3,9.0,0.06694728635309419,0.544692760091035,4.1919048711128895
3,10.0,0.06596764949414903,0.5493091534672302,4.173187297766757
3,11.0,0.06498832933375241,0.5539437824521445,4.154475775467252
3,12.0,0.06400919444322409,0.558596863232932,4.135767793053284
3,13.0,0.06303008088066613,0.5632686706371282,4.117060218145268
3,14.0,0.062050897208980556,0.567959357881011,4.098351303687062
3,15.0,0.06107145092128253,0.5726692525919724,4.07963737151803
3,16.0,0.06009166359561233,0.5773984905745477,4.0609169232576505
3,17.0,0.05911133178535098,0.5821474227842158,4.042186071723675
3,18.0,0.05813037147365767,0.5869161977946648,4.023443211636177
3,19.0,0.05714859024456538,0.5917051525924263,4.004684666571655
3,20.0,0.05616587598479286,0.59651448941624,3.9859082944214808
3,21.0,0.055182061918647905,0.6013445039044304,3.9671109086617697
3,22.0,0.05419700127526976,0.6061954635632943,3.9482897049938397
3,23.0,0.05321055482753443,0.611067619341109,3.929442023254507
3,24.0,0.05222254362635236,0.6159613013110928,3.9105644443271097
3,25.0,0.05123284772343565,0.6208767284162369,3.891654676402333
3,26.0,0.05024126411759591,0.6258142792227899,3.872708840808609
3,27.0,0.04924768621945816,0.63077415150363,3.8537249009806267
3,28.0,0.04825188980653594,0.6357567679897556,3.8346985727790144
3,29.0,0.047253777218752395,0.6407623121095034,3.81562799024739
3,30.0,0.04625310740595149,0.6457912429995065,3.796508547726077
3,31.0,0.045249788277757635,0.6508437362367332,3.777338485676996
3,32.0,0.04424356282224969,0.6559202860670723,3.7581128934646992
3,33.0,0.04323434216556338,0.6610210637828541,3.7388300730078434
3,34.0,0.04222185550402951,0.6661465948861324,3.719484850156954
3,35.0,0.04120601524466525,0.6712970502935142,3.7000755513040318
3,36.0,0.040186536644417015,0.6764729871445562,3.680596735964739
3,37.0,0.039163332080917296,0.6816745778892217,3.6610467299696348
3,38.0,0.03813610381471471,0.6869024096562371,3.6414198445168258
3,39.0,0.037104762863197825,0.6921566591640395,3.621714379447173
3,40.0,0.036068998047369266,0.69743794439983,3.6019243891741572
3,41.0,0.035028717881841955,0.7027464481291023,3.5820481257189916
3,42.0,0.03398359841540062,0.7080828179704747,3.562079399460928
3,43.0,0.032933544002972166,0.7134472460935938,3.54201638294354
3,44.0,0.03187821811256708,0.7188404093111089,3.5218526461696924
3,45.0,0.030817518804193436,0.7242625131016577,3.501586241408184
3,46.0,0.0297510986902309,0.7297142599917016,3.4812105312472
3,47.0,0.028678846077616487,0.7351958757551345,3.4607233816070746
3,48.0,0.027600405159359576,0.7407080835930594,3.4401179942100764
3,49.0,0.026515649397641,0.7462511396047073,3.41939195134306
3,50.0,0.025424219626949237,0.7518257772468244,3.398538390558228
3,51.0,0.02432596656706225,0.7574322990118555,3.377554459611425
3,52.0,0.023220535360549712,0.763071432792494,3.3564333783678295
3,53.0,0.022107742366804545,0.7687435509744152,3.3351716380716194
3,54.0,0.020987249568032162,0.7744493500007762,3.3137627803369094
3,55.0,0.01985882178251756,0.7801893072833243,3.2922023116302452
3,56.0,0.0187221562800788,0.7859640497795917,3.270484447793615
3,57.0,0.017576941633143203,0.7917742103433153,3.248603238491054
3,58.0,0.01642293798290046,0.7976202895645306,3.2265541008255103
3,59.0,0.015259731857082093,0.8035031289767974,3.204329134729279
3,60.0,0.014087157070489837,0.8094230790345176,3.181925164960831
3,61.0,0.012904701967462347,0.815381183705779,3.159332415497262
3,62.0,0.011712245956492846,0.8213776983073707,3.136548582239507
3,63.0,0.010509211112513963,0.8274138053781072,3.1135626229786704
3,64.0,0.009295496702836055,0.8334897168842197,3.090372613051048
3,65.0,0.008070481029633541,0.8396067075787231,3.0669666738972077
3,66.0,0.00683404908935388,0.845765015556957,3.04334260818514
3,67.0,0.0055855767736089565,0.8519659227841408,3.019488491297651
3,68.0,0.004324877832817098,0.8582098096341128,2.9954007646301686
3,69.0,0.0030513936916752144,0.8644978261273112,2.971068755682868
3,70.0,0.0017647779258998459,0.870830675743857,2.9464858454500686
3,71.0,0.0004646427692396005,0.8772091619403416,2.9216446250198
3,72.0,-0.0008496091640382964,0.8836344963480769,2.896533680355149
3,73.0,-0.0021781655231009763,0.8901070729935314,2.8711494261101604
3,74.0,-0.003521842314675452,0.8966285486482556,2.845476271134274
3,75.0,-0.00488073885410509,0.903199132307473,2.819512317844514
3,76.0,-0.006255746762396742,0.9098206359308527,2.793240530355144
3,77.0,-0.007647025423001905,0.9164933837393008,2.7666578633831964
3,78.0,-0.009055377804291973,0.923219009230556,2.739748974897333
3,79.0,-0.010481233653923483,0.929998376057369,2.712505653861795
3,80.0,-0.011925059070454443,0.9368324392736531,2.6849189946970644
3,81.0,-0.013387730112421661,0.9437229558421254,2.656972258863988
3,82.0,-0.014869408205222806,0.950670261690821,2.6286623620648584
3,83.0,-0.01637124409320702,0.9576766656625141,2.5999673174363145
3,84.0,-0.01789335996720236,0.9647424165303582,2.5708847903216276
3,85.0,-0.019436872679600852,0.9718697538212733,2.5413934414190202
3,86.0,-0.021002190278719125,0.9790594890384801,2.5114854742943096
3,87.0,-0.02259005573646772,0.9863131149573146,2.4811466932472173
3,88.0,-0.02420144264195728,0.9936325591295014,2.450358496256575
3,89.0,-0.025836621903409046,1.0010183718300032,2.4191157071752687
3,90.0,-0.027497037814107006,1.0084734072688466,2.387390730404756
3,91.0,-0.029182825614043645,1.0159979387032196,2.355180981962558
3,92.0,-0.030895470105008885,1.0235948941866821,2.3224580922685054
3,93.0,-0.032635388187387565,1.0312650913466248,2.2892140957550926
3,94.0,-0.03440368406160997,1.0390107057373765,2.2554278948570787
3,95.0,-0.03620145956768659,1.0468338830761885,2.221078437108928
3,96.0,-0.03802915584347309,1.0547354987796125,2.1861572938463905
3,97.0,-0.039888595107473,1.0627190889973497,2.150629648588053
3,98.0,-0.04177994640929588,1.0707849904722133,2.1144922713630976
3,99.0,-0.043705192430962526,1.078937038112456,2.077707279770707
3,100.0,-0.04566480048882993,1.0871761265240194,2.04026574496331
3,101.0,-0.04766034464719078,1.095505278401248,2.002137591853817
3,102.0,-0.04969284036279218,1.1039264552964207,1.9633034184710065
3,103.0,-0.05176373063814638,1.1124424243263082,1.9237356538786543
3,104.0,-0.053874277981728814,1.1210555863430052,1.8834101757759574
3,105.0,-0.056025871564887496,1.1297685909418134,1.8423004417596163
3,106.0,-0.05822008714131388,1.138584412773915,1.8003763444637992
3,107.0,-0.060458250225125944,1.1475055452534162,1.7576125577612796
3,108.0,-0.0627420022817105,1.1565350939391825,1.7139777187562135
3,109.0,-0.06507318641433207,1.1656765200589758,1.6694366119294788
3,110.0,-0.06745311626014155,1.1749322793076966,1.62396413808284
3,111.0,-0.06988417241231408,1.1843068063208209,1.5775148120684526
3,112.0,-0.07236750507788771,1.1938022401331987,1.5300666572891706
3,113.0,-0.07490589487440016,1.2034237205598366,1.4815665454738045
3,114.0,-0.07750060231052086,1.213173555405881,1.4319903925311337
3,115.0,-0.08015425088823132,1.2230565754306353,1.3812880721410692
3,116.0,-0.0828690647292656,1.233076858296483,1.3294170887999883
3,117.0,-0.08564703515026094,1.2432380337827182,1.2763393951285258
3,118.0,-0.08849119100175101,1.2535455981479076,1.221997119955848
3,119.0,-0.0914035592235298,1.264003225180193,1.1663515352635927
3,120.0,-0.09438706955115746,1.2746161800203561,1.1093466636355045
3,121.0,-0.097444760302657,1.2853899093510228,1.0509244530087956
3,122.0,-0.10057924280772278,1.2963290991493932,0.9910350096349421
3,123.0,-0.10379371110055333,1.3074394335626733,0.9296173062375253
3,124.0,-0.10709167641167981,1.3187271365834001,0.8666042549825151
3,125.0,-0.11047656113666418,1.330198249473654,0.8019304653740713
3,126.0,-0.11395167936651066,1.3418585844625348,0.7355326162530507
3,127.0,-0.11752105022942047,1.3537151873932873,0.6673339155651252
3,128.0,-0.12118877396938368,1.3657752072165175,0.5972560214054145
3,129.0,-0.12495916784850016,1.378046131820426,0.5252164453811321
3,130.0,-0.12883641247763644,1.3905351856625403,0.451135310046047
3,131.0,-0.13282529613862476,1.4032506018085447,0.3749211274007252
3,132.0,-0.13693094376914175,1.4162011422619025,0.2964759770821456
3,133.0,-0.14115855793359539,1.4293956674427875,0.2157004555409166
3,134.0,-0.14551374297718495,1.4428436914961964,0.13248748254484127
3,135.0,-0.15000247456468505,1.4565552890017084,0.04672288319054565
3,136.0,-0.15461797878671144,1.4705012268683504,-0.041463915842498894
3,137.0,-0.15927713886540865,1.4844185135764414,-0.1304848318156762
3,138.0,-0.16396305843719705,1.4982519859931271,-0.22001703191425814
3,139.0,-0.16867495370540384,1.5119965078197386,-0.31004554041374194
3,140.0,-0.1734119757069603,1.5256466272850338,-0.4005541364784565
3,141.0,-0.17817333206531413,1.5391973712208677,-0.491527680451191
3,142.0,-0.1829581352548044,1.5526433012841017,-0.5829492146945277
3,143.0,-0.18776553840456128,1.5659793379768547,-0.6748025583476955
3,144.0,-0.19259462528002533,1.5792001105674192,-0.7670702052425545
3,145.0,-0.1974445087298732,1.592300538930781,-0.859735204894023
3,146.0,-0.20231425123665664,1.6052753668774749,-0.9527796444893664
3,147.0,-0.20720289705864747,1.6181193622711503,-1.0461852630110111
3,148.0,-0.212109477064238,1.63082734311392,-1.1399335436057143
3,149.0,-0.21703300884068613,1.6433941783519619,-1.234005715662317
3,150.0,-0.2219725376659138,1.655814989265358,-1.3283835376453363
3,151.0,-0.22692704244333053,1.6680846725165843,-1.423047499825071
3,152.0,-0.23189549404218718,1.680198209240449,-1.5179779389660004
3,153.0,-0.23687684945587903,1.6921506362859489,-1.6131549267115666
3,154.0,-0.2418700525741861,1.7039370518988073,-1.7085582843390883
3,155.0,-0.2468740349810968,1.7155526213676002,-1.8041675980034972
3,156.0,-0.2518877544850368,1.7269927434912857,-1.8999629549207306
3,157.0,-0.256910134694853,1.7382527764171236,-1.995923788867525
3,158.0,-0.2619400717435091,1.7493280850049457,-2.092029008648681
3,159.0,-0.26697645720331903,1.7602141419331223,-2.1882574359302867
3,160.0,-0.27201817434886094,1.77090651249439,-2.284587733836537
3,161.0,-0.27706409906861645,1.7814008598142033,-2.38099842436811
3,162.0,-0.2821131212787139,1.7916930245394427,-2.477468297546941
3,163.0,-0.2871641412576507,1.8017789976698655,-2.573976341385069
3,164.0,-0.2922160099996716,1.8116547141979424,-2.670500602237836
3,165.0,-0.29726758327014274,1.8213162586612175,-2.767019217620698
3,166.0,-0.3023177138796007,1.830759836109818,-2.8635102685922353
3,167.0,-0.3073652526596741,1.8399817765197568,-2.959951798400739
3,168.0,-0.3124090559171127,1.848978558569688,-3.0563219549056924
3,169.0,-0.3174480232232612,1.8577469121688015,-3.15259971260782
3,170.0,-0.32248099680649855,1.8662835176719548,-3.2487629503761752
3,171.0,-0.3275068286817157,1.8745852229072864,-3.3447897340672226
3,172.0,-0.3325243734884664,1.8826490187574552,-3.440658179685924
3,173.0,-0.33753248947485764,1.890472042447782,-3.5363464721845848
3,174.0,-0.34253003947647764,1.8980515805981373,-3.631832884166884
3,175.0,-0.34751593556088983,1.9053851664507009,-3.7270966288943583
3,176.0,-0.3524890578588611,1.9124703804142003,-3.8221163094235213
3,177.0,-0.357448284201508,1.9193049419853792,-3.9168704848722813
3,178.0,-0.36239250361992864,1.9258867366749621,-4.011337928352619
3,179.0,-0.36732061419352907,1.9322138105531266,-4.105497585859318
3,180.0,-0.37223152396901416,1.938284371921907,-4.199328593828795
3,181.0,-0.37712417491316425,1.9440968258389648,-4.2928107367963015
3,182.0,-0.38199752534445686,1.9496497278027116,-4.385924111723152
3,183.0,-0.3868505087276176,1.9549417421245752,-4.478648340698856
3,184.0,-0.39168207940104777,1.9599717129629417,-4.570963444638826
3,185.0,-0.39649120572733426,1.9647386511607108,-4.6628497124136095
3,186.0,-0.40127687090049874,1.9692417344559654,-4.754287716272698
3,187.0,-0.4060380819184588,1.9734803126516336,-4.845258483278176
3,188.0,-0.4107738927744083,1.9774539039095964,-4.935743938414164
3,189.0,-0.4154833254523341,1.9811621516975495,-5.02572539507624
3,190.0,-0.42016542709762783,1.984604874554927,-5.115184647410003
3,191.0,-0.4248192631185356,1.9877820555687458,-5.204103838502922
3,192.0,-0.4294439178401746,1.9906938411683617,-5.2924654728804
3,193.0,-0.43403849512670584,1.9933405396733808,-5.380252428393407
3,194.0,-0.43860215617417003,1.9957225952822555,-5.4674486783127625
3,195.0,-0.4431340413311018,1.9978406047674473,-5.554037797583401
3,196.0,-0.44763331231875914,1.9996953294827957,-5.640003769511284
3,197.0,-0.45209915327962685,2.001287685250364,-5.725331005796787
3,198.0,-0.45653077038798,2.0026187401235616,-5.810004339093872
3,199.0,-0.46092739228765467,2.0036897117220933,-5.89400903137442
3,200.0,-0.4652882889833973,2.0045019292388218,-5.9773311348785265
3,201.0,-0.46961274848151835,2.005056845962453,-6.059957045795777
3,202.0,-0.4739000607330984,2.0053560971052717,-6.141873197473784
3,203.0,-0.47814954430258405,2.005401450091387,-6.223066569965583
3,204.0,-0.48236054182359495,2.0051948071486736,-6.30352460320534
3,205.0,-0.4865324202427302,2.004738201696327,-6.383235201666681
3,206.0,-0.4906645776804489,2.0040337711609886,-6.462186865451104
3,207.0,-0.49475645025135456,2.0030837028637856,-6.540368820600707
3,208.0,-0.4988074703004805,2.0018903956333673,-6.617770221133771
3,209.0,-0.5028171000852011,2.0004563541158507,-6.694380792593029
3,210.0,-0.5067848268722719,1.9987841956608317,-6.770190738366588
3,211.0,-0.5107101629928642,1.9968766460758516,-6.845190740739425
3,212.0,-0.5145926463194562,1.9947365326714737,-6.919371970005207
3,213.0,-0.5184318581710776,1.9923666515136735,-6.992726426575408
3,214.0,-0.5222273794208823,1.9897700202846513,-7.065246102342321
3,215.0,-0.5259788189580374,1.9869497434629384,-7.136923524490247
3,216.0,-0.5296858105842243,1.983909013292458,-7.207751696198039
3,217.0,-0.5333480128976208,1.9806511052296896,-7.277724094422399
3,218.0,-0.5369651091480305,1.977179373368718,-7.346834667129885
3,219.0,-0.5405368152632524,1.9734971474426992,-7.415077986653896
3,220.0,-0.5440628643075753,1.9696078510748862,-7.4824489527486575
3,221.0,-0.5475430071909217,1.9655150548739042,-7.548942806138571
3,222.0,-0.550977020463439,1.961222375409358,-7.614555277446708
3,223.0,-0.5543647043180913,1.956733486504182,-7.679282549031034
3,224.0,-0.5577058823073906,1.952052114708004,-7.743121249572102
3,225.0,-0.5610004031896669,1.9471819830312742,-7.806068489349063
3,226.0,-0.5642481385826132,1.942126773279823,-7.868121815406801
3,227.0,-0.5674489753565083,1.936890362744227,-7.929279066215929
3,228.0,-0.5706028242293749,1.9314766415383289,-7.989538535897437
3,229.0,-0.5737096176966126,1.9258895319421832,-8.048898934664917
3,230.0,-0.5767693096424318,1.9201329841706236,-8.10735938140036
3,231.0,-0.5797818750506225,1.9142109603479738,-8.164919398127934
3,232.0,-0.5827473087266141,1.9081272812029277,-8.221578885596816
3,233.0,-0.5856656222998021,1.9018859708462688,-8.277338066005745
3,234.0,-0.5885368483614347,1.8954910505240536,-8.332197562064112
3,235.0,-0.5913610388961245,1.8889465506970116,-8.386158367023437
3,236.0,-0.5941382648223704,1.8822565072877449,-8.439221835898284
3,237.0,-0.5968686155236761,1.8754249580312343,-8.491389676507486
3,238.0,-0.599552194742862,1.8684558081917146,-8.542663871028251
3,239.0,-0.6021891227684121,1.8613530370437492,-8.593046717769901
3,240.0,-0.6047795394338865,1.8541206842267497,-8.642540888482577
3,241.0,-0.6073236010238623,1.846762763890567,-8.691149369240156
3,242.0,-0.6098214800092364,1.8392832763143467,-8.738875455382772
3,243.0,-0.6122733645455082,1.8316862047494245,-8.785722741930696
3,244.0,-0.6146794546661073,1.8239754471622158,-8.831695050851588
3,245.0,-0.6170399598351419,1.8161548223212178,-8.876796384301723
3,246.0,-0.6193551112267077,1.8082282755165031,-8.921031159242403
3,247.0,-0.6216251530295611,1.8001997012140363,-8.96440404130142
3,248.0,-0.6238503429586071,1.792072966673793,-9.006919954545884
3,249.0,-0.6260309518669708,1.783851910438135,-9.048584074070206
3,250.0,-0.6281672589853445,1.7755402817342172,-9.089401735036006
3,251.0,-0.63025954585374,1.7671416947348346,-9.129378316728236
3,252.0,-0.6323081184344462,1.7586599085955144,-9.168519665059629
3,253.0,-0.6343132927184518,1.7500986212035599,-9.206831817557717
3,254.0,-0.6362753957386655,1.7414614928957068,-9.244321022724067
3,255.0,-0.6381947651945457,1.7327521448696288,-9.280993732862235
3,256.0,-0.6400717337967157,1.7239740028869328,-9.316856304955872
3,257.0,-0.641906646849226,1.7151305139356727,-9.351915336606764
3,258.0,-0.6436998693687904,1.7062251837189109,-9.386177802059542
3,259.0,-0.6454517739806948,1.6972614566422197,-9.419650820933144
3,260.0,-0.6471627421121201,1.6882427319646085,-9.452341681021169
3,261.0,-0.6488331497665107,1.6791722444154311,-9.484257566487814
3,262.0,-0.650463371496534,1.6700531307973026,-9.515405633777796
3,263.0,-0.6520538109547245,1.6608886667282026,-9.545793595336649
3,264.0,-0.6536048767084229,1.6516820547631597,-9.57542925751537
3,265.0,-0.655116984507065,1.6424364482963234,-9.604320563890694
3,266.0,-0.6565905294288401,1.6331547519603382,-9.632475063081182
3,267.0,-0.658025919754787,1.6238399025262538,-9.659900555967564
3,268.0,-0.6594235876266304,1.614494912725063,-9.686605299328214
3,269.0,-0.6607839691378448,1.6051227277434887,-9.712597625446172
3,270.0,-0.6621074957369881,1.5957261729255376,-9.737885777855729
3,271.0,-0.6633945687025969,1.5863078150272794,-9.762477423643274
3,272.0,-0.6646456360322832,1.576870452920659,-9.786381122539995
3,273.0,-0.6658611493941317,1.567416819708577,-9.809605504407475
3,274.0,-0.6670415598912713,1.557949563637336,-9.832159188312904
3,275.0,-0.6681872709733383,1.5484709965317918,-9.854049882825112
3,276.0,-0.6692987385356046,1.538983679565873,-9.87528629857305
3,277.0,-0.6703764258405169,1.5294901337639588,-9.895877286947673
3,278.0,-0.6714207908481659,1.5199927771690094,-9.915831598029689
3,279.0,-0.6724322368007576,1.5104936920839982,-9.935156936424642
3,280.0,-0.6734112292698285,1.5009952351816314,-9.953862197642433
3,281.0,-0.6743582399754381,1.491499718388673,-9.971956394670611
3,282.0,-0.6752737143066686,1.4820092603098922,-9.989448037400098
3,283.0,-0.6761580612243551,1.4725257726589747,-10.006344939700252
3,284.0,-0.6770117583284659,1.4630514332572542,-10.022656226903939
3,285.0,-0.6778352824940423,1.4535883452839826,-10.038391010493124
3,286.0,-0.6786290275995898,1.4441382011634807,-10.053556816164432
3,287.0,-0.6793934501596812,1.4347029344932798,-10.068162366379601
3,288.0,-0.680129029169597,1.4252845059338,-10.082216813131224
3,289.0,-0.6808361965633701,1.4158846289212643,-10.09572840922939
3,290.0,-0.6815153545430355,1.4065048761013421,-10.10870483940545
3,291.0,-0.6821669869565617,1.3971470860689132,-10.121155348370609
3,292.0,-0.6827915459409548,1.3878129163288466,-10.133088574945964
3,293.0,-0.6833894047324535,1.3785037116419547,-10.144511650423702
3,294.0,-0.6839610420229222,1.3692211558139875,-10.155433720999172
3,295.0,-0.6845069162639629,1.3599667997824916,-10.165863546144221
3,296.0,-0.685027383554616,1.350741825200416,-10.175807929716672
3,297.0,-0.685522916870272,1.3415477670683584,-10.185275908689238
3,298.0,-0.6859939695877363,1.332386036774296,-10.19427614557143
3,299.0,-0.6864408846062907,1.3232576820071302,-10.202815192017974
3,300.0,-0.6868641349791886,1.3141641135634268,-10.210902086489288
3,301.0,-0.687264154160119,1.305106568512361,-10.218545110830966
3,302.0,-0.6876412793332606,1.2960859949059176,-10.225750707501296
3,303.0,-0.6879959903102855,1.2871037004065522,-10.2325280440914
3,304.0,-0.6883286750087672,1.2781606962161485,-10.2388845324045
3,305.0,-0.688639690054471,1.2692579027432587,-10.244826986362366
3,306.0,-0.6889295193485543,1.2603965155819943,-10.250364651692461
3,307.0,-0.689198470504597,1.2515772671024588,-10.255503405858141
3,308.0,-0.6894469689872696,1.2428011565883428,-10.260251378061671
3,309.0,-0.6896754482940401,1.2340691476113064,-10.264616850985133
3,310.0,-0.6898841949542398,1.2253818658894895,-10.268605299242639
3,311.0,-0.6900736833256299,1.2167403094659928,-10.272225786219364
3,312.0,-0.6902442302876645,1.208145111578527,-10.275484366418436
3,313.0,-0.6903962072731253,1.1995970073812823,-10.278388136674034
3,314.0,-0.6905300481074815,1.1910968035670277,-10.280945385935219
3,315.0,-0.6906460090826675,1.1826449672367114,-10.283161011080919
3,316.0,-0.6907445628101542,1.1742423205205748,-10.285044042130558
3,317.0,-0.6908259666698683,1.1658892880860505,-10.28659939675094
3,318.0,-0.6908906232271111,1.1575865221910573,-10.287834766614225
3,319.0,-0.6909388965374266,1.1493345701679833,-10.288757107600315
3,320.0,-0.690971058308168,1.141133836745977,-10.289371611125059
3,321.0,-0.690987552173926,1.1329849345985787,-10.289686753556943
3,322.0,-0.6909885872128262,1.1248881440951115,-10.289706529677403
3,323.0,-0.6909746226820684,1.1168440433209987,-10.28943971435056
3,324.0,-0.6909458615436022,1.1088528731941278,-10.288890185498273
3,325.0,-0.6909027284951939,1.1009151162040307,-10.288066057669827
3,326.0,-0.6908454673632668,1.0930310268578847,-10.286971989570059
3,327.0,-0.6907744287765052,1.0852009607273283,-10.285614680536643
3,328.0,-0.6906899244677732,1.0774252018149504,-10.284000086738633
3,329.0,-0.6905922230319866,1.0697039897880958,-10.282133340123641
3,330.0,-0.6904816858944693,1.06203760872082,-10.280021346316895
3,331.0,-0.6903585282865771,1.0544262240509774,-10.277668217667426
3,332.0,-0.6902231376684006,1.0468700920437202,-10.275081357237505
3,333.0,-0.6900756952137193,1.0393693294190782,-10.272264226650158
3,334.0,-0.6899165987873582,1.0319241497288267,-10.269224427767204
3,335.0,-0.6897460082989914,1.024534636154756,-10.265965015925964
3,336.0,-0.6895643214481296,1.0172009525415011,-10.26249358982967
3,337.0,-0.689371686237042,1.0099231575739382,-10.258812977305087
3,338.0,-0.6891684915139571,1.0027013629808297,-10.254930607937132
3,339.0,-0.6889548825610567,0.9955356082031505,-10.25084925758083
3,340.0,-0.6887312292215138,0.988425953646588,-10.246575992698258
3,341.0,-0.6884976864943261,0.981372421279408,-10.242113774800188
3,342.0,-0.6882545901220518,0.974375024935419,-10.237469018800379
3,343.0,-0.6880021240116003,0.9674337654738491,-10.232645238542789
3,344.0,-0.6877405662456382,0.9605486219367817,-10.227647747254109
3,345.0,-0.6874701590850966,0.9537195607232484,-10.222481173727866
3,346.0,-0.6871910874690739,0.946946550400402,-10.217149051529697
3,347.0,-0.6869036755121571,0.9402295023902784,-10.211657573401837
3,348.0,-0.6866080230565823,0.9335683916571205,-10.206008646994409
3,349.0,-0.6863045069393853,0.926963069177447,-10.200209472398743
3,350.0,-0.6859931833267108,0.9204135164006662,-10.194261122761421
3,351.0,-0.6856744325390026,0.9139195368990326,-10.188170864729999
3,352.0,-0.6853483213806097,0.9074810972846331,-10.181939974711446
3,353.0,-0.6850151713702022,0.9010979941233218,-10.175574595848728
3,354.0,-0.6846751348064544,0.8947701203621891,-10.169077638058502
3,355.0,-0.6843283875358077,0.8884973521396897,-10.162452461176235
3,356.0,-0.6839752229712213,0.8822794419729767,-10.155704671339068
3,357.0,-0.6836156920157888,0.8761163549756679,-10.148835241134332
3,358.0,-0.6832501527795037,0.8700077486285616,-10.141851012842407
3,359.0,-0.6828786442816751,0.8639535884301249,-10.134752731991375
3,360.0,-0.682501456030542,0.8579535666357762,-10.127545930112275
3,361.0,-0.6821187450310884,0.8520075006219505,-10.120233607043541
3,362.0,-0.6817306111811641,0.8461152847570333,-10.112817671497897
3,363.0,-0.6813373746669035,0.840276506705303,-10.105304241158029
3,364.0,-0.6809390489261226,0.8344911569692707,-10.097693572775517
3,365.0,-0.6805359394312734,0.8287588113421761,-10.089991502903944
3,366.0,-0.6801281512337984,0.8230793127007334,-10.082200038723899
3,367.0,-0.6797157950237941,0.817452509670475,-10.074321295151712
3,368.0,-0.6792991602154311,0.8118779325752669,-10.066360801921109
3,369.0,-0.6788782521303925,0.806355582186076,-10.058318660711587
3,370.0,-0.6784533553955858,0.800884971134523,-10.05020030978833
3,371.0,-0.6780245689921716,0.795465917986156,-10.042007640349194
3,372.0,-0.6775919781716717,0.790098282236445,-10.033742281264718
3,373.0,-0.6771558631327025,0.7847815169228751,-10.02540958619029
3,374.0,-0.6767162263176224,0.7795156245276634,-10.017009601791193
3,375.0,-0.6762733064104642,0.7743001200978867,-10.008546888518419
3,376.0,-0.6758272269641279,0.7691347349603446,-10.00002380705332
3,377.0,-0.6753780322402467,0.7640193874683432,-9.991441203087199
3,378.0,-0.6749259938876156,0.7589534581023535,-9.982804266917046
3,379.0,-0.6744711308552348,0.7539369043607974,-9.974113360594677
3,380.0,-0.674013604008166,0.7489693524180949,-9.965371557711663
3,381.0,-0.6735535863062371,0.7440503651065312,-9.95658216294997
3,382.0,-0.6730910874340847,0.7391799296541545,-9.947745361350512
3,383.0,-0.6726263464616501,0.7343574209812894,-9.938865720737699
3,384.0,-0.6721594256439173,0.7295826666238445,-9.92994443059539
3,385.0,-0.6716903913626499,0.7248555017892587,-9.920982759256352
3,386.0,-0.671219466883237,0.7201752826063694,-9.91198497257304
3,387.0,-0.6707466522161365,0.7155420150047629,-9.902951070745267
3,388.0,-0.670272119566305,0.710955192550164,-9.893884344031939
3,389.0,-0.6697959829190088,0.7064144576407084,-9.884786970309046
3,390.0,-0.6693182613378955,0.7019197639960874,-9.875659313818918
3,391.0,-0.6688391652949233,0.6974704311013146,-9.866505395974475
3,392.0,-0.66835872973319,0.6930663398996071,-9.857325884421062
3,393.0,-0.6678770317783639,0.6887072489942175,-9.848122252771425
3,394.0,-0.6673942460807404,0.6843925406015051,-9.838897838006691
3,395.0,-0.6669103702731789,0.6801222318231934,-9.829652594898747
3,396.0,-0.6664255663970096,0.6758957400402795,-9.820389619513707
3,397.0,-0.6659399117512023,0.6717127708875527,-9.811110388775514
3,398.0,-0.6654534322152339,0.6675732412255946,-9.801815397154149
3,399.0,-0.6649663057995358,0.6634764541447318,-9.792508045831651
3,400.0,-0.6644785486239047,0.659422345012047,-9.78318864280326
3,401.0,-0.6639902504215167,0.6554105645420834,-9.773858902568882
3,402.0,-0.6635015360241622,0.6514405825602924,-9.76452121024517
3,403.0,-0.6630124072603092,0.6475124015694729,-9.755175600768023
3,404.0,-0.662523010402996,0.6436253894227404,-9.745824868924402
3,405.0,-0.6620333960900099,0.6397793150429288,-9.736469982232506
3,406.0,-0.6615435957303119,0.6359740528587592,-9.727111540812203
3,407.0,-0.6610537556797399,0.6322089172036871,-9.717752341032476
3,408.0,-0.6605638812612286,0.6284838853585277,-9.708392484596741
3,409.0,-0.6600740652491962,0.6247985208501048,-9.699033744112848
3,410.0,-0.6595843948697971,0.6211523829818613,-9.689677786179926
3,411.0,-0.6590948761898872,0.6175454529336869,-9.680324726715238
3,412.0,-0.6586056368440166,0.6139770737891737,-9.67097700438677
3,413.0,-0.6581167085066876,0.610447073482131,-9.661635224387997
3,414.0,-0.6576281266383753,0.6069552800904561,-9.652300064249602
3,415.0,-0.6571400079828644,0.6035010426313204,-9.642973754553605
3,416.0,-0.6566523526681944,0.6000843658335783,-9.633656297746404
3,417.0,-0.6561652498751537,0.5967047485603026,-9.62434939777362
3,418.0,-0.6556787589361965,0.5933618355642503,-9.6150541882794
3,419.0,-0.6551928897447438,0.5900555811307894,-9.605770858293802
3,420.0,-0.654707750188347,0.5867853262660545,-9.59650146918594
3,421.0,-0.6542233585671648,0.5835509529915776,-9.587246370610442
3,422.0,-0.6537397537562256,0.5803522340795977,-9.578006305338658
3,423.0,-0.6532570248014041,0.5771885789585579,-9.56878297473848
3,424.0,-0.6527751706369755,0.5740600029599348,-9.55957635844748
3,425.0,-0.6522942725287426,0.5709659625543244,-9.550388009182466
3,426.0,-0.6518143695329022,0.567906180347147,-9.541218673176326
3,427.0,-0.6513354746564751,0.5648805794260573,-9.532068598949568
3,428.0,-0.6508576762264954,0.5618885185455451,-9.522939474135459
3,429.0,-0.650380982534845,0.5589299356805919,-9.51383145716404
3,430.0,-0.6499054374973282,0.5560045162166782,-9.504745387118968
3,431.0,-0.6494311025913672,0.5531117760306142,-9.495682438627506
3,432.0,-0.6489579788433902,0.5502517169820691,-9.486642631301256
3,433.0,-0.6484861370714258,0.5474237738767282,-9.477627318235124
3,434.0,-0.6480156019439075,0.5446277376720156,-9.468636970760103
3,435.0,-0.6475463886871197,0.541863497208707,-9.459671879799398
3,436.0,-0.6470785671698356,0.5391304456143706,-9.45073338031083
3,437.0,-0.6466121401732382,0.5364285606258143,-9.441821525433474
3,438.0,-0.6461471514063525,0.5337574623493282,-9.43293715030014
3,439.0,-0.6456836420755458,0.5311167622519413,-9.424081042226245
3,440.0,-0.6452216151688387,0.5285064438988029,-9.415253258302831
3,441.0,-0.6447611298761338,0.52592593888708,-9.406454929450346
3,442.0,-0.644302200957575,0.5233750962765414,-9.397686337685602
3,443.0,-0.6438448448740239,0.5208537687727032,-9.38894779752044
3,444.0,-0.6433891147525624,0.5183613972741256,-9.380240324035126
3,445.0,-0.6429350108690812,0.5158979841692868,-9.371563922501018
3,446.0,-0.6424825732524682,0.5134631048907573,-9.362919357735844
3,447.0,-0.6420318285136685,0.5110564546495949,-9.354307138185476
3,448.0,-0.6415827812204963,0.5086779949578013,-9.34572735112552
3,449.0,-0.6411354787513055,0.5063271700542675,-9.337180901797351
3,450.0,-0.6406899292335481,0.5040038778774258,-9.328667945489299
3,451.0,-0.6402461495620648,0.5017079311301299,-9.320188805005083
3,452.0,-0.639804178011218,0.49943883182544546,-9.311744211639349
3,453.0,-0.6393640142833209,0.49719659249832965,-9.303334159704292
3,454.0,-0.6389256926198513,0.4949807624146712,-9.294959303439672
3,455.0,-0.6384892293920493,0.49279110856338576,-9.286619955644948
3,456.0,-0.6380546302063835,0.4906275676582419,-9.278316223440928
3,457.0,-0.6376219311582475,0.4884896097524289,-9.270048796489469
3,458.0,-0.637191135728321,0.4863771814978019,-9.261817741294678
3,459.0,-0.6367622616278125,0.4842900269775671,-9.253623396258327
3,460.0,-0.6363353332099817,0.4822277455053656,-9.245466226689498
3,461.0,-0.6359103510626738,0.4801903385685511,-9.237346243819928
3,462.0,-0.6354873425656586,0.47817734540050827,-9.229263970785158
3,463.0,-0.6350663171419747,0.47618859324831514,-9.221219587627836
3,464.0,-0.6346472808062196,0.4742239922032701,-9.213213209266739
3,465.0,-0.634230259386693,0.4722830487246715,-9.20524532919401
3,466.0,-0.6338152540259762,0.47036574307954926,-9.19731596924055
3,467.0,-0.6334022805891903,0.4684717700597025,-9.18942543253559
3,468.0,-0.6329913536102231,0.4666008127920633,-9.181573996772945
3,469.0,-0.632582474356644,0.4647528581745079,-9.173761686171627
3,470.0,-0.632175663036843,0.46292744911129263,-9.16598888684616
3,471.0,-0.6317709245668878,0.46112446238173216,-9.1582556927261
3,472.0,-0.6313682647017216,0.45934378043807267,-9.150562213769105
3,473.0,-0.6309677003311787,0.45758495435376,-9.142908772683235
3,474.0,-0.6305692316983588,0.45584798484589145,-9.135295374113308
3,475.0,-0.6301728711884622,0.45413253439359663,-9.12772225469895
3,476.0,-0.6297786266389472,0.45243835727394116,-9.120189564187687
3,477.0,-0.6293864996576735,0.45076542312757556,-9.112697333300327
3,478.0,-0.6289965035230488,0.4491132898834115,-9.10524581574268
3,479.0,-0.6286086404101128,0.4474818742297671,-9.097835053072465
3,480.0,-0.6282229151559889,0.44587103039246767,-9.090465137710876
3,481.0,-0.6278393372161076,0.4442803601594442,-9.08313625031946
3,482.0,-0.6274579067167301,0.44270987364853503,-9.075848393310656
3,483.0,-0.6270786317049386,0.4411592159658216,-9.068601720437192
3,484.0,-0.626701515681572,0.4396281994955324,-9.061396298588356
3,485.0,-0.6263265601401216,0.43811677697104107,-9.054232156299763
3,486.0,-0.6259537720794459,0.4366245289892132,-9.047109427296107
3,487.0,-0.6255831521723502,0.4351514081955286,-9.040028124432439
3,488.0,-0.6252147036802576,0.4336972273872885,-9.032988310023619
3,489.0,-0.6248484302332458,0.4322616558361864,-9.025990053428243
3,490.0,-0.6244843321312638,0.430844698851186,-9.019033360377335
3,491.0,-0.6241224127777089,0.42944600366962327,-9.0121182958984
3,492.0,-0.6237626731029354,0.42806541753345184,-9.005244877767383
3,493.0,-0.623405113985755,0.42670288698843734,-8.998413122775432
3,494.0,-0.6230497370461711,0.42535801763122033,-8.991623061875362
3,495.0,-0.6226965423684008,0.4240307754905896,-8.984874696676298
3,496.0,-0.6223455307777243,0.4227209741056197,-8.978168042946562
3,497.0,-0.6219967019090021,0.4214283115577587,-8.971503093709572
3,498.0,-0.6216500560792544,0.42015279365796215,-8.964879855022515
3,499.0,-0.6213055924436448,0.418894090479271,-8.958298310743404
3,500.0,-0.6209633101452343,0.4176520556948809,-8.951758444499008
3,501.0,-0.6206232093947908,0.41642664692282555,-8.945260260316394
3,502.0,-0.6202852873020616,0.4152174925973154,-8.938803702972534
3,503.0,-0.6199495434072936,0.41402454888775464,-8.932388763683086
3,504.0,-0.6196159768198704,0.41284767684096935,-8.926015425431366
3,505.0,-0.6192845834605903,0.411686560635655,-8.91968361027751
3,506.0,-0.6189553636974943,0.4105412111818201,-8.913393325253546
3,507.0,-0.618628313583339,0.40941134686752134,-8.9071444949409
3,508.0,-0.6183034301479848,0.4082967959228672,-8.900937062590168
3,509.0,-0.617980713438874,0.40719754111463347,-8.894771029107813
3,510.0,-0.6176601569193773,0.40611323982944825,-8.888646269600784
3,511.0,-0.6173417589757503,0.4050438184172178,-8.88256275323584
3,512.0,-0.6170255184257469,0.4039892017782689,-8.876520457424226
3,513.0,-0.6167114272810115,0.40294905538957976,-8.870519229535264
3,514.0,-0.6163994854775404,0.40192337424564206,-8.864559068346063
3,515.0,-0.6160896884758915,0.40091197130965067,-8.858639887123118
3,516.0,-0.6157820294896431,0.3999146075308214,-8.852761556200672
3,517.0,-0.6154765089504848,0.3989312903141045,-8.84692408382688
3,518.0,-0.6151731185360216,0.39796174036841253,-8.841127310988684
3,519.0,-0.61487185382388,0.3970058220480855,-8.835371153189369
3,520.0,-0.6145727145320121,0.39606351766652115,-8.829655605039951
3,521.0,-0.6142756897290369,0.3951345096409112,-8.823980457678411
3,522.0,-0.6139807770510513,0.39421873405752234,-8.818345665938496
3,523.0,-0.6136879746354081,0.3933161306489229,-8.812751194231268
3,524.0,-0.6133972703458775,0.3924263873566845,-8.807196810674098
3,525.0,-0.6131086636379423,0.39154949047021004,-8.801682504863084
3,526.0,-0.6128221494950797,0.39068530938251345,-8.796208180949316
3,527.0,-0.6125377167850518,0.38983358683035296,-8.790773626233069
3,528.0,-0.6122553661358159,0.38899433413404294,-8.785378852712512
3,529.0,-0.6119750880696648,0.3881673373168668,-8.780023679300456
3,530.0,-0.6116968744423503,0.3873524240259091,-8.77470795038764
3,531.0,-0.6114207256637886,0.3865495987729074,-8.769431673806194
3,532.0,-0.6111466288973184,0.3857585988139326,-8.764194604290594
3,533.0,-0.6108745785533706,0.38497931514866585,-8.758996635042918
3,534.0,-0.6106045742576952,0.38421173595179264,-8.753837758912518
3,535.0,-0.6103366009053597,0.383455576758069,-8.748717687294807
3,536.0,-0.6100706549911518,0.38271077426636824,-8.743636353216939
3,537.0,-0.6098067348699312,0.38197729405483166,-8.738593725245812
3,538.0,-0.6095448241767285,0.3812548501990289,-8.73358949070176
3,539.0,-0.6092849210211645,0.38054341096100175,-8.728623613465988
3,540.0,-0.6090270221056175,0.37984291594843683,-8.723696030532006
3,541.0,-0.6087711106752337,0.37915309202623687,-8.718806421770772
3,542.0,-0.6085171860924058,0.3784739291347836,-8.71395477499976
3,543.0,-0.6082652429191672,0.37780533668084404,-8.709140986317665
3,544.0,-0.6080152649317069,0.3771470666780685,-8.704364745741904
3,545.0,-0.6077672526812294,0.3764991266591642,-8.699626063804143
3,546.0,-0.6075211972729782,0.3758613812150667,-8.694924770555424
3,547.0,-0.6072770846928712,0.3752336278860309,-8.690260598233666
3,548.0,-0.6070349157277725,0.37461587672224284,-8.685633561873196
3,549.0,-0.6067946787602164,0.37400796219944055,-8.681043439503235
3,550.0,-0.6065563615347481,0.3734097164555393,-8.676489996963157
3,551.0,-0.6063199649142015,0.37282114978675873,-8.671973250738827
3,552.0,-0.6060854751932461,0.37224207777412255,-8.667492938967357
3,553.0,-0.6058528814422391,0.3716723580837255,-8.663048852819951
3,554.0,-0.6056221845147779,0.37111200024430985,-8.65864100860599
3,555.0,-0.6053933691594149,0.37056080941602637,-8.65426911492149
3,556.0,-0.6051664253564673,0.370018661214975,-8.649932980323927
3,557.0,-0.6049413539284824,0.36948556428669294,-8.645632620529415
3,558.0,-0.6047181385456075,0.3689613198212963,-8.641367723529275
3,559.0,-0.6044967696913405,0.3684458149344965,-8.637138107495065
3,560.0,-0.6042772481814719,0.36793905781606434,-8.632943788013822
3,561.0,-0.6040595570330201,0.3674408508262925,-8.628784440597745
3,562.0,-0.6038436868207185,0.3669510869001154,-8.624659885161611
3,563.0,-0.6036296384006489,0.366469774393179,-8.62057013806227
3,564.0,-0.6034173945634385,0.36599672136675937,-8.616514870486355
3,565.0,-0.6032069455374787,0.3655318213124025,-8.612493895731216
3,566.0,-0.602998292259644,0.365075083224342,-8.608507231697375
3,567.0,-0.6027914177782813,0.3646263254754394,-8.604554554495618
3,568.0,-0.6025863114856838,0.36418543692290173,-8.600635661448274
3,569.0,-0.6023829743983192,0.36375242718613077,-8.596750571976614
3,570.0,-0.6021813904315204,0.3633271303175631,-8.59289897875663
3,571.0,-0.6019815475669907,0.36290942508039814,-8.589080652158994
3,572.0,-0.6017834468169572,0.3624993208885159,-8.58529561152397
3,573.0,-0.6015870737775926,0.3620966742643356,-8.581543581642745
3,574.0,-0.6013924143223456,0.36170134781475505,-8.577824292604328
3,575.0,-0.6011994692460817,0.36131334877519206,-8.574137759595928
3,576.0,-0.6010082269352621,0.3609325650036492,-8.570483760721793
3,577.0,-0.6008186702899511,0.36055883595799715,-8.566861969259516
3,578.0,-0.6006307994929156,0.36019216326133857,-8.563272388701176
3,579.0,-0.600444607228397,0.35983247768786897,-8.559714879267156
3,580.0,-0.6002600723404161,0.35947958730208807,-8.55618903673769
3,581.0,-0.600077194828973,0.35913349210399587,-8.552694861112773
3,582.0,-0.5998959705044855,0.35879415311787194,-8.549232272343554
3,583.0,-0.5997163759899298,0.35846136479287355,-8.54580082377354
3,584.0,-0.599538410221629,0.35813511793275643,-8.542400495079441
3,585.0,-0.5993620714317224,0.35781539596306183,-8.539031252483358
3,586.0,-0.599187335692242,0.3575019947595785,-8.535692638802129
3,587.0,-0.5990141997554781,0.3571948870208933,-8.532384591982902
3,588.0,-0.5988426637753579,0.3568940730163998,-8.529107114966719
3,589.0,-0.5986727051101625,0.3565993651791761,-8.525859775146294
3,590.0,-0.5985043170180021,0.3563107084391585,-8.522642443706742
3,591.0,-0.5983375006540245,0.3560281114841955,-8.519455142719062
3,592.0,-0.5981722373672426,0.355751423975053,-8.516297515825466
3,593.0,-0.5980085151638873,0.35548055074016716,-8.513169333865273
3,594.0,-0.597846334776592,0.3552154973094961,-8.510070610836644
3,595.0,-0.5976856852802195,0.35495617734911344,-8.507001137996877
3,596.0,-0.5975265471431039,0.3547024402992166,-8.50396054216136
3,597.0,-0.5973689203652452,0.3544542861598055,-8.500948823330097
3,598.0,-0.5972128015727942,0.3542116881469139,-8.49796591704015
3,599.0,-0.5970581659104889,0.3539744596875405,-8.49501134839086
3,600.0,-0.596905011673269,0.35374258815094545,-8.492085084804248
3,601.0,-0.5967533390711898,0.3535160742548417,-8.489187130293761
3,602.0,-0.5966031246173149,0.35329474607742267,-8.486317036102863
3,603.0,-0.5964543614681468,0.3530785541303441,-8.483474671475266
3,604.0,-0.5963070508819616,0.35286750702902947,-8.480660060452406
3,605.0,-0.5961611767852669,0.35266148967850736,-8.477872895923785
3,606.0,-0.5960167237097611,0.3524603930826497,-8.475112882342055
3,607.0,-0.5958736916554438,0.35226421724145646,-8.472380019707202
3,608.0,-0.5957320764631805,0.3520729322046214,-8.469674228552135
3,609.0,-0.5955918529708782,0.3518863650736623,-8.46699502811367
3,610.0,-0.5954530200754888,0.35170450836220946,-8.464342397316273
3,611.0,-0.595315578366878,0.35152736537068807,-8.461716347430285
3,612.0,-0.5951795045734968,0.3513547797537614,-8.459116433814497
3,613.0,-0.5950447908337257,0.3511866992876855,-8.456542506259739
3,614.0,-0.5949114380023415,0.3510231294190771,-8.453994581097922
3,615.0,-0.5947794347086822,0.3508639948904044,-8.451472441073854
3,616.0,-0.5946487608274182,0.3507091652386146,-8.44897570166001
3,617.0,-0.5945194163585498,0.3505586404637078,-8.446504362856395
3,618.0,-0.5943914005400966,0.35041241492931613,-8.444058410104123
3,619.0,-0.5942646880015302,0.350270327711385,-8.441637358657525
3,620.0,-0.594139274156766,0.350132350021413,-8.439241120891909
3,621.0,-0.5940151602913726,0.3499984895840286,-8.43686972137018
3,622.0,-0.5938923314330331,0.3498686530726926,-8.434522874021596
3,623.0,-0.5937707704925045,0.34974273559790425,-8.43220025232806
3,624.0,-0.5936504774697867,0.3496207371596636,-8.429901856289582
3,625.0,-0.5935314513992506,0.3495026511817597,-8.427627667456221
3,626.0,-0.5934136665849751,0.34938832324727875,-8.425377194865147
3,627.0,-0.5932971188745862,0.3492777286500419,-8.423150359178425
3,628.0,-0.5931818094303395,0.3491708740404111,-8.420947182602859
3,629.0,-0.5930677249719284,0.34906768077932515,-8.418767411396349
3,630.0,-0.5929548467845179,0.34896803988492286,-8.416610687981196
3,631.0,-0.5928431748681082,0.3488719513572042,-8.414477012357402
3,632.0,-0.5927327095434264,0.3487794164404884,-8.412366390652984
3,633.0,-0.5926234261787398,0.3486902944741129,-8.410278352238183
3,634.0,-0.5925153182517188,0.34860454857128875,-8.40821277249316
3,635.0,-0.5924083857623633,0.3485221787320158,-8.406169651417919
3,636.0,-0.5923026234665013,0.34844315479419313,-8.404148888813921
3,637.0,-0.5921980059951875,0.34836733633426226,-8.40214999996575
3,638.0,-0.5920945331458323,0.3482947222428557,-8.4001729810026
3,639.0,-0.591992206486429,0.34822532072721296,-8.39821786188355
3,640.0,-0.5918910071610587,0.34815902907923246,-8.396284282335271
3,641.0,-0.591790921677236,0.3480957746554845,-8.394371984561632
3,642.0,-0.591691950034961,0.3480355574559692,-8.39248096856264
3,643.0,-0.5915940922788079,0.3479783771388623,-8.390611235189954
3,644.0,-0.5914973231816417,0.3479241004252859,-8.388762302437671
3,645.0,-0.5914016371981933,0.34787269828694933,-8.386934064354303
3,646.0,-0.5913070343284627,0.3478241707238527,-8.385126520939854
3,647.0,-0.5912135109669603,0.3477784983340427,-8.383339603305519
3,648.0,-0.5911210410801573,0.3477355474937471,-8.381572814037906
3,649.0,-0.5910296236487476,0.34769531302144385,-8.379826133661496
3,650.0,-0.5909392597692158,0.3476578003169008,-8.378099583126435
3,651.0,-0.5908499378298824,0.3476229503424226,-8.376392940572487
3,652.0,-0.5907616377737113,0.3475906629187394,-8.374705822776992
3,653.0,-0.5906743596007025,0.34756093804585136,-8.373038229739944
3,654.0,-0.5905881049993351,0.34753378374153404,-8.371390193722526
3,655.0,-0.5905028557311727,0.34750911023652337,-8.369761366249401
3,656.0,-0.5904185978763075,0.34748684980528083,-8.368151481357845
3,657.0,-0.5903353314347396,0.34746700244780643,-8.366560539047859
3,658.0,-0.5902530579043266,0.34744957495919643,-8.364988567938473
3,659.0,-0.5901717554185748,0.3474344626755414,-8.363435150234366
3,660.0,-0.5900914139946016,0.3474216182807104,-8.361900095196146
3,661.0,-0.5900120336324074,0.34741104177470344,-8.360383402823816
3,662.0,-0.5899336154315493,0.3474027378537299,-8.358885094126233
3,663.0,-0.589856135787499,0.3473965964999458,-8.357404718100053
3,664.0,-0.5897795869877622,0.3473925820957875,-8.355942127385395
3,665.0,-0.5897039690323392,0.347390694641255,-8.354497321982256
3,666.0,-0.5896292828017621,0.3473909376860444,-8.353070318714659
3,667.0,-0.5895555041083446,0.3473932013732296,-8.351660655437074
3,668.0,-0.5894826261912832,0.3473974552719707,-8.35026820297323
3,669.0,-0.5894106490505778,0.3474036993822677,-8.348892961323129
3,670.0,-0.5893395737034611,0.3474119377760032,-8.347534949922665
3,671.0,-0.5892693762174228,0.3474220644681912,-8.346193711501881
3,672.0,-0.5892000496044366,0.3474340487917463,-8.344869112543032
3,673.0,-0.5891315938645028,0.3474478907466685,-8.34356115304613
3,674.0,-0.5890640104496764,0.34746359622493855,-8.342269860755065
3,675.0,-0.5889972766706083,0.34748106719339616,-8.340994802152519
3,676.0,-0.5889313840408739,0.34750026732935346,-8.339735815091382
3,677.0,-0.5888663325604732,0.34752119663281034,-8.33849289957166
3,678.0,-0.5888021240978623,0.34754386268254656,-8.33726609129328
3,679.0,-0.5887387388597966,0.3475681819610026,-8.336055012073746
3,680.0,-0.5886761652417221,0.34759410601975227,-8.334859440188975
3,681.0,-0.5886144032436387,0.3476216348587955,-8.333679375638958
3,682.0,-0.5885534545305035,0.34765077514971815,-8.332514850235443
3,683.0,-0.5884933050904644,0.34768146899061336,-8.331365596258951
3,684.0,-0.5884339379500645,0.34771364726322346,-8.330231289403674
3,685.0,-0.5883753531093038,0.3477473099675485,-8.329111929669606
3,686.0,-0.588317550568182,0.34778245710358846,-8.328007517056749
3,687.0,-0.5882605266193968,0.34781907314921096,-8.326917980730991
3,688.0,-0.5882042559457126,0.3478570575648294,-8.325842836964908
3,689.0,-0.5881487384747575,0.3478964100657619,-8.324782084375716
3,690.0,-0.5880939742065314,0.3479371306520084,-8.323735722963415
3,691.0,-0.5880399636513248,0.34797922082757893,-8.32270376247794
3,692.0,-0.587986682038862,0.3480225844084552,-8.321685729642441
3,693.0,-0.5879341247699655,0.3480672036955373,-8.320681536582061
3,694.0,-0.5878822918446355,0.34811307868882524,-8.31969118329681
3,695.0,-0.5878311852924697,0.34816021685271403,-8.318714708565489
3,696.0,-0.5877807880207832,0.34820855316551047,-8.317751785804239
3,697.0,-0.5877310864854189,0.3482580367393438,-8.316802156229667
3,698.0,-0.5876820806863768,0.34830866757421397,-8.315865819841768
3,699.0,-0.587633770623657,0.34836044567012103,-8.31494277664055
3,700.0,-0.5875861545694961,0.3484133640401298,-8.314032993614244
3,701.0,-0.5875392070749945,0.3484673293596263,-8.313135984519779
3,702.0,-0.5874929269755367,0.3485223373970758,-8.312251727105247
3,703.0,-0.5874473142711225,0.3485783881524782,-8.311380221370655
3,704.0,-0.5874023711077901,0.34863548905338254,-8.310521508319589
3,705.0,-0.5873580788112591,0.34869357297571507,-8.30967523114921
3,706.0,-0.5873144258484012,0.3487525989446522,-8.308841169500132
3,707.0,-0.5872714122192164,0.34881256696019397,-8.30801932337236
3,708.0,-0.5872290379237046,0.34887347702234034,-8.307209692765886
3,709.0,-0.5871873025902445,0.34893532728262683,-8.306412270580273
3,710.0,-0.5871461811358429,0.3489980307117932,-8.305626577563691
3,711.0,-0.5871056712474961,0.3490615793590821,-8.30485256952239
3,712.0,-0.5870657729252042,0.3491259732244937,-8.304090246456385
3,713.0,-0.587026487681945,0.3491912173177085,-8.30333963727359
3,714.0,-0.5869878051112519,0.34925727595606704,-8.302600543141358
3,715.0,-0.5869497066465078,0.3493240867995438,-8.30187260931393
3,716.0,-0.5869121922877124,0.34939164984813886,-8.301155835791297
3,717.0,-0.586875262034866,0.3494599651018521,-8.300450222573467
3,718.0,-0.5868389181800105,0.34952903980747546,-8.299755813453674
3,719.0,-0.5868031419047337,0.34959881201210286,-8.299072248875198
3,720.0,-0.5867679225964955,0.34966924719841214,-8.298399326068008
3,721.0,-0.5867332602552959,0.34974034536640336,-8.297737045032104
3,722.0,-0.5866991548811352,0.3498121065160764,-8.29708540576749
3,723.0,-0.5866656083318791,0.3498845361663329,-8.296444443771751
3,724.0,-0.5866325983215357,0.34995756341190287,-8.295813733234354
3,725.0,-0.5866001184741381,0.350031168180884,-8.295193152331967
3,726.0,-0.5865681687896861,0.35010535047327623,-8.294582701064583
3,727.0,-0.5865367492681799,0.3501801102890796,-8.293982379432217
3,728.0,-0.5865058613686094,0.35025545167454525,-8.293392215311256
3,729.0,-0.5864754818321912,0.3503313030476874,-8.292811764304394
3,730.0,-0.5864456060030065,0.3504076502282556,-8.292240937452659
3,731.0,-0.5864162338810552,0.3504844932162497,-8.291679734756032
3,732.0,-0.5863873654663374,0.3505618320116698,-8.291128156214521
3,733.0,-0.5863590024385587,0.35063967118231537,-8.290586233921664
3,734.0,-0.586331121937773,0.3507179426420834,-8.290053531100593
3,735.0,-0.5863037190504063,0.3507966319142723,-8.289529953869403
3,736.0,-0.5862767937764587,0.35087573899888214,-8.289015502228082
3,737.0,-0.58625034611593,0.35095526389591286,-8.288510176176638
3,738.0,-0.5862243784206137,0.35103521302112994,-8.288014020649952
3,739.0,-0.5861988699809549,0.351115526639682,-8.287526639957912
3,740.0,-0.5861738134362716,0.35119618377695044,-8.287047893462589
3,741.0,-0.5861492087865637,0.3512771844329353,-8.286577781163977
3,742.0,-0.5861250560318312,0.35135852860763656,-8.286116303062078
3,743.0,-0.5861013576270614,0.3514402229151288,-8.28566350606346
3,744.0,-0.5860780988470723,0.35152222609434713,-8.285219108819305
3,745.0,-0.5860552666324249,0.3516045021819235,-8.284782861807553
3,746.0,-0.5860328609831192,0.3516870511778578,-8.284354765028203
3,747.0,-0.5860108818991554,0.3517698730821501,-8.283934818481262
3,748.0,-0.5859893293839472,0.3518529679037687,-8.283523022231943
3,749.0,-0.5859682025430117,0.3519363325624706,-8.283119359189696
3,750.0,-0.5859474773399943,0.3520199031863847,-8.28272337010042
3,751.0,-0.585927153774895,0.35210367977551105,-8.282335054964125
3,752.0,-0.5859072318477138,0.35218766232984955,-8.281954413780808
3,753.0,-0.5858877115584505,0.3522718508494002,-8.281581446550469
3,754.0,-0.5858685956379847,0.3523562520178747,-8.281216205451038
3,755.0,-0.5858498649293115,0.3524408164188114,-8.280858324456453
3,756.0,-0.5858315113467116,0.3525255234948896,-8.280507649075735
3,757.0,-0.5858135348901852,0.3526103732461093,-8.280164179308887
3,758.0,-0.5857959355597321,0.3526953656724704,-8.279827915155908
3,759.0,-0.5857787133553524,0.35278050077397305,-8.279498856616799
3,760.0,-0.5857618687228267,0.3528657790006782,-8.279177012208935
3,761.0,-0.5857453779420602,0.35295114221121815,-8.278861928720895
3,762.0,-0.5857292402044313,0.3530365884479545,-8.278553590702625
3,763.0,-0.5857134555099398,0.35312211771088714,-8.278251998154131
3,764.0,-0.5856980238585859,0.35320773000001615,-8.277957151075407
3,765.0,-0.5856829470952101,0.3532934295487394,-8.277669084715173
3,766.0,-0.5856682169639357,0.3533791963569486,-8.27738764133132
3,767.0,-0.585653816235056,0.35346499017404565,-8.27711249172197
3,768.0,-0.5856397449085711,0.35355081100003044,-8.276843635887126
3,769.0,-0.5856260029844809,0.353636658834903,-8.276581073826781
3,770.0,-0.5856125904627855,0.35372253367866335,-8.276324805540938
3,771.0,-0.585599509860909,0.35380844100274633,-8.276074879129128
3,772.0,-0.5855867495813597,0.3538943543032921,-8.275831073002191
3,773.0,-0.5855742955188853,0.35398024222039165,-8.27559311765609
3,774.0,-0.5855621476734859,0.35406610475404493,-8.275361013090828
3,775.0,-0.5855503060451613,0.3541519419042521,-8.275134759306399
3,776.0,-0.5855387706339118,0.35423775367101296,-8.274914356302807
3,777.0,-0.5855275436278138,0.35432354457602033,-8.274699845886856
3,778.0,-0.5855166160019951,0.3544092948427491,-8.27449105562351
3,779.0,-0.5855059718765092,0.3544949709553072,-8.274287682100281
3,780.0,-0.5854956112513559,0.35458057291369466,-8.274089725317163
3,781.0,-0.5854855341265353,0.35466610071791144,-8.273897185274162
3,782.0,-0.5854757405020473,0.35475155436795763,-8.273710061971272
3,783.0,-0.585466230377892,0.35483693386383314,-8.273528355408496
3,784.0,-0.5854570048800551,0.35492224072192763,-8.273352087099646
3,785.0,-0.5854480407892592,0.35500742855625794,-8.273180813402227
3,786.0,-0.5854393379636899,0.3550924970878822,-8.273014531606659
3,787.0,-0.5854308964033473,0.3551774463168005,-8.272853241712934
3,788.0,-0.5854227161082316,0.35526227624301265,-8.272696943721058
3,789.0,-0.5854147970783425,0.3553469868665188,-8.272545637631026
3,790.0,-0.5854071427613213,0.35543158433047783,-8.272399389315693
3,791.0,-0.5853997358096964,0.3555160355757732,-8.272257867323082
3,792.0,-0.5853925683827595,0.35560032599740193,-8.272120921843575
3,793.0,-0.5853856404805107,0.355684455595364,-8.271988552877163
3,794.0,-0.5853789521029498,0.35576842436965933,-8.271860760423849
3,795.0,-0.5853725032500768,0.35585223232028806,-8.271737544483628
3,796.0,-0.5853662939218919,0.3559358794472501,-8.271618905056506
3,797.0,-0.5853603267918411,0.35601936977149634,-8.271504893223069
3,798.0,-0.5853545795747248,0.35610266418195813,-8.271395083187924
3,799.0,-0.5853490506490974,0.35618575988675033,-8.271289443970685
3,800.0,-0.5853437400149588,0.3562686568858729,-8.271187975571355
3,801.0,-0.5853386476723093,0.35635135517932587,-8.271090677989935
3,802.0,-0.5853337736211486,0.3564338547671092,-8.27099755122642
3,803.0,-0.5853291178614768,0.35651615564922295,-8.270908595280813
3,804.0,-0.5853246827771963,0.35659826088899704,-8.27082385570149
3,805.0,-0.5853204455827411,0.35668013369209867,-8.270742897132736
3,806.0,-0.5853164059665094,0.3567617735655213,-8.27066571362089
3,807.0,-0.585312563928501,0.35684318050926495,-8.270592305165946
3,808.0,-0.585308919468716,0.3569243545233297,-8.270522671767909
3,809.0,-0.5853054725871543,0.3570052956077155,-8.270456813426772
3,810.0,-0.5853022232838161,0.3570860037624223,-8.270394730142543
3,811.0,-0.585299175288514,0.3571664838666888,-8.270336493179421
3,812.0,-0.5852963076513947,0.3572467047926266,-8.270281702256009
3,813.0,-0.5852936174115988,0.3573266622518912,-8.270230300800216
3,814.0,-0.5852911045691263,0.3574063562444826,-8.270182288812043
3,815.0,-0.5852887691239771,0.35748578677040077,-8.270137666291484
3,816.0,-0.5852866110761512,0.3575649538296457,-8.270096433238548
3,817.0,-0.5852846304256487,0.35764385742221744,-8.270058589653228
3,818.0,-0.5852828302979123,0.3577225014871938,-8.270024195252251
3,819.0,-0.58528120132548,0.3578008728610598,-8.269993071054849
3,820.0,-0.5852797301142568,0.3578789539606533,-8.269964961144806
3,821.0,-0.5852784166642429,0.35795674478597406,-8.26993986552213
3,822.0,-0.585277260975438,0.3580342453370222,-8.269917784186815
3,823.0,-0.5852762630478423,0.35811145561379776,-8.269898717138862
3,824.0,-0.5852754228814557,0.3581883756163007,-8.269882664378267
3,825.0,-0.5852747404762784,0.358265005344531,-8.269869625905041
3,826.0,-0.5852742200129635,0.3583413492911599,-8.269859681597431
3,827.0,-0.5852738474472895,0.35841739048990306,-8.26985256311749
3,828.0,-0.5852736135639508,0.35849311839635234,-8.269848094391648
3,829.0,-0.5852735183629474,0.3585685330105077,-8.269846275419908
3,830.0,-0.5852735618442793,0.3586436343323691,-8.269847106202267
3,831.0,-0.5852737440079464,0.3587184223619367,-8.269850586738718
3,832.0,-0.5852740648539488,0.35879289709921025,-8.269856717029274
3,833.0,-0.5852745243822866,0.35886705854418993,-8.269865497073928
3,834.0,-0.5852751255050472,0.3589409093814367,-8.269876982512907
3,835.0,-0.585275861794024,0.3590144423709399,-8.26989105052474
3,836.0,-0.5852767182583144,0.3590876429259349,-8.269907414683589
3,837.0,-0.5852776948979181,0.3591605110464217,-8.269926074989446
3,838.0,-0.5852787917128355,0.35923304673240036,-8.269947031442316
3,839.0,-0.5852800087030663,0.3593052499838708,-8.269970284042193
3,840.0,-0.5852813458686107,0.3593771208008331,-8.269995832789082
3,841.0,-0.5852828032094685,0.3594486591832872,-8.270023677682978
3,842.0,-0.5852843807256399,0.35951986513123313,-8.27005381872389
3,843.0,-0.5852860834212363,0.3595907420717751,-8.270086351523593
3,844.0,-0.5852878959670864,0.35966127724758706,-8.270120983193054
3,845.0,-0.5852898107734259,0.35973146484482943,-8.27015756871735
3,846.0,-0.5852918278402548,0.35980130486350226,-8.270196108096478
3,847.0,-0.585293947167573,0.3598707973036055,-8.270236601330431
3,848.0,-0.5852961687553806,0.35993994216513914,-8.270279048419225
3,849.0,-0.5852984926036776,0.3600087394481032,-8.270323449362845
3,850.0,-0.5853009187124639,0.3600771891524977,-8.2703698041613
3,851.0,-0.5853034470817398,0.36014529127832257,-8.270418112814587
3,852.0,-0.5853060815296837,0.3602130477077046,-8.270468448275288
3,853.0,-0.5853088142506313,0.3602804529543725,-8.270520661403356
3,854.0,-0.5853116319461139,0.3603474996480183,-8.27057449810966
3,855.0,-0.5853145346161317,0.36041418778864215,-8.270629958394217
3,856.0,-0.5853175222606845,0.3604805173762439,-8.270687042257013
3,857.0,-0.5853205948797722,0.36054648841082365,-8.270745749698058
3,858.0,-0.5853237524733951,0.3606121008923813,-8.270806080717346
3,859.0,-0.5853269950415529,0.360677354820917,-8.27086803531488
3,860.0,-0.5853303225842459,0.3607422501964306,-8.27093161349066
3,861.0,-0.5853337351014738,0.36080678701892216,-8.270996815244683
3,862.0,-0.5853372375795559,0.3608709663977236,-8.271063735848776
3,863.0,-0.5853408187365763,0.360934783711163,-8.27113215974339
3,864.0,-0.585344468292132,0.36099823589408575,-8.271201890504509
3,865.0,-0.585348186246223,0.3610613229464919,-8.27127292813213
3,866.0,-0.5853519725988491,0.3611240448683814,-8.271345272626265
3,867.0,-0.5853558273500106,0.3611864016597543,-8.271418923986909
3,868.0,-0.5853597504997072,0.36124839332061054,-8.271493882214056
3,869.0,-0.5853637420479392,0.3613100198509502,-8.271570147307713
3,870.0,-0.5853678019947064,0.36137128125077317,-8.271647719267875
3,871.0,-0.5853719303400089,0.36143217752007956,-8.271726598094547
3,872.0,-0.5853761270838466,0.36149270865886934,-8.271806783787722
3,873.0,-0.5853803990369224,0.36155287362103183,-8.27188840647709
3,874.0,-0.5853847258759459,0.36161267147960136,-8.271971077852752
3,875.0,-0.5853891054360257,0.36167210226803376,-8.2720547565509
3,876.0,-0.5853935377171617,0.361731165986329,-8.272139442571543
3,877.0,-0.585398022719354,0.36178986263448704,-8.272225135914667
3,878.0,-0.5854025604426027,0.3618481922125079,-8.272311836580284
3,879.0,-0.5854071508869075,0.36190615472039167,-8.27239954456838
3,880.0,-0.5854117940522687,0.36196375015813825,-8.27248825987897
3,881.0,-0.5854164899386861,0.36202097852574766,-8.272577982512045
3,882.0,-0.5854212385461598,0.36207783982321995,-8.27266871246761
3,883.0,-0.5854260398746898,0.362134334050555,-8.272760449745663
3,884.0,-0.5854308992754309,0.362190458882805,-8.272853296588817
3,885.0,-0.5854358050190608,0.36224621673177926,-8.272947028889076
3,886.0,-0.5854407490665373,0.3623016102739225,-8.273041493047325
3,887.0,-0.5854457314178605,0.36235663950923475,-8.273136689063561
3,888.0,-0.5854507520730303,0.362411304437716,-8.273232616937781
3,889.0,-0.5854558110320467,0.36246560505936626,-8.273329276669987
3,890.0,-0.5854609082949098,0.3625195413741855,-8.273426668260178
3,891.0,-0.5854660438616195,0.3625731133821738,-8.273524791708356
3,892.0,-0.5854712177321758,0.3626263210833311,-8.27362364701452
3,893.0,-0.5854764299065788,0.36267916447765736,-8.273723234178672
3,894.0,-0.5854816803848284,0.36273164356515264,-8.273823553200812
3,895.0,-0.5854869691669246,0.36278375834581694,-8.273924604080932
3,896.0,-0.5854923016074469,0.3628355041386403,-8.274026489127094
3,897.0,-0.58549766416874,0.3628868893686212,-8.27412894968011
3,898.0,-0.5855030522890675,0.3629379173738196,-8.274231898580519
3,899.0,-0.5855084659684295,0.3629885881542355,-8.274335335828319
3,900.0,-0.5855139052068259,0.363038901709869,-8.274439261423504
3,901.0,-0.5855193700042566,0.36308885804072,-8.274543675366074
3,902.0,-0.5855248603607218,0.36313845714678855,-8.274648577656034
3,903.0,-0.5855303762762214,0.3631876990280746,-8.274753968293385
3,904.0,-0.5855359177507553,0.3632365836845782,-8.274859847278119
3,905.0,-0.5855414847843238,0.3632851111162993,-8.274966214610243
3,906.0,-0.5855470773769266,0.3633332813232379,-8.275073070289757
3,907.0,-0.5855526955285637,0.36338109430539406,-8.275180414316658
3,908.0,-0.5855583436329246,0.36342854418293824,-8.275288330639606
3,909.0,-0.5855640107107372,0.36347564239414765,-8.275396609481552
3,910.0,-0.5855696924468677,0.3635223940170607,-8.275505168394771
3,911.0,-0.5855753888413161,0.3635687990516775,-8.275614007379259
3,912.0,-0.5855810998940824,0.36361485749799793,-8.275723126435022
3,913.0,-0.5855868256051665,0.36366056935602215,-8.275832525562052
3,914.0,-0.5855925659745684,0.36370593462575,-8.275942204760353
3,915.0,-0.5855983210022884,0.36375095330718166,-8.276052164029927
3,916.0,-0.5856040906883262,0.36379562540031696,-8.27616240337077
3,917.0,-0.5856098750326818,0.363839950905156,-8.276272922782882
3,918.0,-0.5856156740353553,0.36388392982169865,-8.27638372226627
3,919.0,-0.5856214876963467,0.3639275621499451,-8.276494801820924
3,920.0,-0.5856273195836473,0.3639708411888018,-8.276606229619194
3,921.0,-0.5856331609656068,0.36401378026950276,-8.276717838828533
3,922.0,-0.5856390078435865,0.3640563861703995,-8.276829553048383
3,923.0,-0.5856448602175862,0.364098658891492,-8.276941372278731
3,924.0,-0.585650718087606,0.36414059843278035,-8.277053296519584
3,925.0,-0.5856565814536461,0.36418220479426444,-8.277165325770943
3,926.0,-0.5856624503157062,0.3642234779759443,-8.277277460032805
3,927.0,-0.5856683246737865,0.3642644179778199,-8.277389699305164
3,928.0,-0.5856742045278869,0.3643050247998913,-8.277502043588035
3,929.0,-0.5856800898780075,0.36434529844215846,-8.277614492881405
3,930.0,-0.5856859807241481,0.36438523890462143,-8.27772704718528
3,931.0,-0.5856918770663089,0.36442484618728016,-8.277839706499657
3,932.0,-0.5856977817540066,0.36446411309220894,-8.277952525269244
3,933.0,-0.585703687960336,0.36450305393186583,-8.278065373054787
3,934.0,-0.5857095920538736,0.36454167710550844,-8.278178180471967
3,935.0,-0.5857154940346192,0.3645799826131368,-8.278290947520782
3,936.0,-0.5857213939025728,0.3646179704547509,-8.278403674201229
3,937.0,-0.5857272916577345,0.3646556406303507,-8.278516360513319
3,938.0,-0.5857331873001042,0.3646929931399363,-8.278629006457033
3,939.0,-0.5857390808296818,0.3647300279835076,-8.278741612032388
3,940.0,-0.5857449722464676,0.36476674516106466,-8.278854177239374
3,941.0,-0.5857508615504614,0.36480314467260744,-8.278966702077996
3,942.0,-0.5857567487416633,0.364839226518136,-8.279079186548257
3,943.0,-0.5857626338200731,0.3648749906976502,-8.279191630650145
3,944.0,-0.5857685190166195,0.36491042978982186,-8.279304077009233
3,945.0,-0.5857743990990474,0.3649455583496573,-8.279416425654672
3,946.0,-0.5857802708403912,0.36498038628425644,-8.279528614929982
3,947.0,-0.5857861342406508,0.36501491359361926,-8.279640644835156
3,948.0,-0.5857919892998263,0.36504914027774577,-8.279752515370207
3,949.0,-0.5857978360179176,0.36508306633663595,-8.279864226535123
3,950.0,-0.5858036743949248,0.3651166917702899,-8.27997577832991
3,951.0,-0.5858095044308477,0.3651500165787075,-8.28008717075456
3,952.0,-0.5858153261256865,0.36518304076188873,-8.280198403809086
3,953.0,-0.5858211394794411,0.3652157643198337,-8.280309477493478
3,954.0,-0.5858269444921117,0.3652481872525424,-8.280420391807743
3,955.0,-0.585832741163698,0.3652803095600148,-8.280531146751871
3,956.0,-0.5858385311987083,0.3653121238238337,-8.280641774893303
3,957.0,-0.5858443106815343,0.3653436442565832,-8.280752201417897
3,958.0,-0.5858500768146467,0.3653748821342534,-8.280862372874259
3,959.0,-0.5858558295980456,0.3654058374568443,-8.28097228926239
3,960.0,-0.5858615690317307,0.3654365102243558,-8.281081950582276
3,961.0,-0.5858672951157022,0.36546690043678803,-8.281191356833938
3,962.0,-0.5858730078499601,0.36549700809414093,-8.28130050801736
3,963.0,-0.5858787072345044,0.3655268331964145,-8.281409404132548
3,964.0,-0.5858843932693351,0.3655563757436087,-8.281518045179503
3,965.0,-0.585890065954452,0.36558563573572367,-8.281626431158223
3,966.0,-0.5858957252898553,0.3656146131727593,-8.28173456206871
3,967.0,-0.5859013712755451,0.36564330805471557,-8.281842437910958
3,968.0,-0.5859070051738513,0.3656717131493512,-8.281950082803869
3,969.0,-0.58591262413883,0.3656998418770652,-8.282057442370997
3,970.0,-0.5859182258163564,0.3657277067249297,-8.282164471632916
3,971.0,-0.5859238102064306,0.3657553076929446,-8.28227117058963
3,972.0,-0.5859293773090524,0.36578264478111006,-8.282377539241134
3,973.0,-0.5859349271242218,0.3658097179894259,-8.282483577587426
3,974.0,-0.5859404596519391,0.3658365273178923,-8.282589285628516
3,975.0,-0.5859459748922039,0.3658630727665091,-8.28269466336439
3,976.0,-0.5859514728450166,0.36588935433527636,-8.282799710795068
3,977.0,-0.5859569535103768,0.3659153720241941,-8.28290442792053
3,978.0,-0.5859624168882849,0.3659411258332623,-8.283008814740786
3,979.0,-0.5859678629787405,0.365966615762481,-8.28311287125583
3,980.0,-0.5859732926781626,0.3659918349101524,-8.283216614593224
3,981.0,-0.5859787039929235,0.3660167955724298,-8.28332000666143
3,982.0,-0.5859840950165336,0.3660415112770842,-8.283423011033827
3,983.0,-0.5859894657489927,0.3660659820241155,-8.28352562771041
3,984.0,-0.5859948161903008,0.3660902078135239,-8.283627856691187
3,985.0,-0.5860001463404579,0.36611418864530926,-8.283729697976147
3,986.0,-0.5860054561994641,0.3661379245194717,-8.283831151565304
3,987.0,-0.5860107457673194,0.36616141543601105,-8.283932217458645
3,988.0,-0.5860160150440237,0.36618466139492745,-8.284032895656177
3,989.0,-0.586021264029577,0.3662076623962209,-8.284133186157895
3,990.0,-0.5860264927239793,0.3662304184398913,-8.284233088963806
3,991.0,-0.5860317011272307,0.3662529295259387,-8.284332604073903
3,992.0,-0.5860368898382131,0.3662751891928375,-8.284431742930815
3,993.0,-0.5860420575262743,0.3662972083817216,-8.28453048011024
3,994.0,-0.5860472027283137,0.36631900148363744,-8.284628787657244
3,995.0,-0.5860523254443312,0.3663405684985852,-8.284726665571808
3,996.0,-0.5860574256743267,0.3663619094265649,-8.28482411385395
3,997.0,-0.5860625034183005,0.3663830242675764,-8.284921132503662
3,998.0,-0.5860675586762524,0.3664039130216198,-8.28501772152094
3,999.0,-0.5860725914481825,0.366424575688695,-8.285113880905794
3,1000.0,-0.5860776017340905,0.36644501226880216,-8.285209610658214
3,1001.0,-0.5860825895339768,0.36646522276194116,-8.285304910778208
3,1002.0,-0.5860875548478413,0.36648520716811206,-8.285399781265774
3,1003.0,-0.5860924976756838,0.3665049654873148,-8.28549422212091
3,1004.0,-0.5860974183795314,0.36652449177717467,-8.285588240260733
3,1005.0,-0.5861023161285619,0.36654379547907645,-8.285681819811026
3,1006.0,-0.5861071898915735,0.3665628916676804,-8.285774941068977
3,1007.0,-0.5861120396685662,0.3665817803429866,-8.285867604034587
3,1008.0,-0.5861168654595399,0.366600461504995,-8.285959808707862
3,1009.0,-0.5861216672644948,0.3666189351537055,-8.28605155508879
3,1010.0,-0.5861264450834306,0.3666372012891183,-8.28614284317738
3,1011.0,-0.5861311989163476,0.36665525991123327,-8.286233672973635
3,1012.0,-0.5861359287632456,0.36667311102005046,-8.286324044477544
3,1013.0,-0.5861406346241248,0.3666907546155698,-8.286413957689119
3,1014.0,-0.5861453164989849,0.36670819069779137,-8.286503412608349
3,1015.0,-0.5861499743878262,0.36672541926671515,-8.286592409235242
3,1016.0,-0.5861546084691035,0.36674243495140557,-8.286680950979465
3,1017.0,-0.5861592182729388,0.3667592456207935,-8.286769028863237
3,1018.0,-0.5861638031824782,0.36677586685534613,-8.28685663110054
3,1019.0,-0.5861683631977215,0.36679229865506346,-8.286943757691377
3,1020.0,-0.5861728983186689,0.3668085410199455,-8.287030408635749
3,1021.0,-0.5861774085453204,0.3668245939499922,-8.28711658393365
3,1022.0,-0.5861818938776759,0.3668404574452036,-8.287202283585085
3,1023.0,-0.5861863543157355,0.36685613150557966,-8.287287507590058
3,1024.0,-0.5861907898594991,0.36687161613112046,-8.287372255948561
3,1025.0,-0.5861952005089668,0.366886911321826,-8.2874565286606
3,1026.0,-0.5861995862641385,0.36690201707769615,-8.287540325726168
3,1027.0,-0.5862039471250142,0.36691693339873105,-8.287623647145272
3,1028.0,-0.5862082831327304,0.366931655514812,-8.287706493703892
3,1029.0,-0.5862125940617184,0.36694618970896564,-8.287788861092158
3,1030.0,-0.5862168796869809,0.36696055189493565,-8.287870745011134
3,1031.0,-0.5862211400085179,0.366974742072722,-8.28795214546082
3,1032.0,-0.5862253750263292,0.3669887602423247,-8.28803306244121
3,1033.0,-0.5862295847404151,0.36700260640374377,-8.288113495952311
3,1034.0,-0.5862337691507753,0.36701628055697916,-8.28819344599412
3,1035.0,-0.5862379282574101,0.3670297827020309,-8.288272912566631
3,1036.0,-0.5862420620603191,0.36704311283889896,-8.288351895669853
3,1037.0,-0.5862461705595028,0.36705627096758336,-8.288430395303786
3,1038.0,-0.5862502537549609,0.3670692570880842,-8.288508411468422
3,1039.0,-0.5862543116466933,0.36708207120040126,-8.288585944163767
3,1040.0,-0.5862583441775081,0.36709470910752584,-8.28866299229707
3,1041.0,-0.5862623512692107,0.3671071755111423,-8.288739554374295
3,1042.0,-0.5862663330641379,0.3671194865997445,-8.288815633115023
3,1043.0,-0.5862702895622897,0.3671316423733324,-8.288891228519251
3,1044.0,-0.5862742207636662,0.36714364283190604,-8.288966340586988
3,1045.0,-0.5862781266682672,0.3671554879754653,-8.28904096931822
3,1046.0,-0.5862820072760929,0.3671671778040103,-8.289115114712956
3,1047.0,-0.5862858625871431,0.36717871231754107,-8.28918877677119
3,1048.0,-0.586289692601418,0.36719009151605747,-8.289261955492938
3,1049.0,-0.5862934973189176,0.3672013153995596,-8.289334650878178
3,1050.0,-0.5862972767396416,0.36721238396804734,-8.289406862926919
3,1051.0,-0.5863010308635904,0.36722329722152086,-8.289478591639165
3,1052.0,-0.5863047595880324,0.36723405212347343,-8.289549835052064
3,1053.0,-0.5863084628388964,0.3672446497952367,-8.289620591750358
3,1054.0,-0.5863121411467547,0.36725510808870776,-8.289690871871505
3,1055.0,-0.5863157945116072,0.36726542700388676,-8.289760675415502
3,1056.0,-0.5863194229334541,0.3672756065407737,-8.289830002382361
3,1057.0,-0.5863230264122952,0.3672856466993685,-8.289898852772067
3,1058.0,-0.5863266049481306,0.3672955474796712,-8.289967226584627
3,1059.0,-0.5863301585409604,0.3673053088816818,-8.290035123820042
3,1060.0,-0.5863336871907844,0.3673149309054003,-8.290102544478307
3,1061.0,-0.5863371908976027,0.3673244135508267,-8.290169488559435
3,1062.0,-0.5863406696614153,0.367333756817961,-8.290235956063407
3,1063.0,-0.5863441234822222,0.36734296070680317,-8.290301946990237
3,1064.0,-0.5863475523478923,0.3673520249853905,-8.290367461108135
3,1065.0,-0.5863509557989107,0.36736094232195726,-8.290432489637315
3,1066.0,-0.5863543349497355,0.36736973543841683,-8.290497053871327
3,1067.0,-0.586357689800367,0.3673784043347692,-8.290561153810183
3,1068.0,-0.5863610203508047,0.3673869490110143,-8.290624789453876
3,1069.0,-0.586364326601049,0.36739536946715223,-8.290687960802405
3,1070.0,-0.5863676085510997,0.36740366570318295,-8.290750667855768
3,1071.0,-0.5863708662009569,0.36741183771910646,-8.29081291061397
3,1072.0,-0.5863740995506206,0.3674198855149227,-8.290874689077015
3,1073.0,-0.5863773086000906,0.3674278090906318,-8.290936003244887
3,1074.0,-0.5863804933493673,0.36743560844623363,-8.290996853117607
3,1075.0,-0.5863836537984503,0.36744328358172823,-8.291057238695155
3,1076.0,-0.5863867899473398,0.36745083449711563,-8.291117159977548
3,1077.0,-0.5863899012828646,0.36745825437606816,-8.291176607159793
3,1078.0,-0.5863929888010546,0.3674655586450174,-8.291235599272689
3,1079.0,-0.5863960529019989,0.36747275305390886,-8.291294143960592
3,1080.0,-0.5863990935856978,0.3674798376027426,-8.291352241223507
3,1081.0,-0.5864021108521509,0.3674868122915186,-8.291409891061429
3,1082.0,-0.5864051047013585,0.36749367712023684,-8.291467093474363
3,1083.0,-0.5864080751333205,0.3675004320888973,-8.291523848462308
3,1084.0,-0.586411022148037,0.36750707719750003,-8.291580156025262
3,1085.0,-0.5864139457455078,0.367513612446045,-8.291636016163224
3,1086.0,-0.586416845925733,0.36752003783453224,-8.291691428876195
3,1087.0,-0.5864197226887126,0.36752635336296174,-8.291746394164178
3,1088.0,-0.5864225760344466,0.3675325590313335,-8.291800912027172
3,1089.0,-0.5864254058188525,0.3675386532284364,-8.291854979712241
3,1090.0,-0.5864282117207302,0.3675446331791338,-8.291908591082331
3,1091.0,-0.5864309952859394,0.3675505168134576,-8.29196177567363
3,1092.0,-0.5864337565144798,0.36755630413140766,-8.292014533486137
3,1093.0,-0.5864364954063517,0.3675619951329841,-8.292066864519862
3,1094.0,-0.5864392119615547,0.3675675898181868,-8.292118768774785
3,1095.0,-0.5864419061800891,0.3675730881870159,-8.292170246250919
3,1096.0,-0.5864445780619548,0.36757849023947126,-8.292221296948265
3,1097.0,-0.5864472276071518,0.36758379597555296,-8.292271920866817
3,1098.0,-0.5864498548156802,0.367589005395261,-8.292322118006584
3,1099.0,-0.5864524596875399,0.36759411849859536,-8.292371888367553
3,1100.0,-0.5864550422227309,0.36759913528555604,-8.292421231949733
3,1101.0,-0.5864576024212532,0.3676040557561431,-8.292470148753122
3,1102.0,-0.5864601398732513,0.3676088761207413,-8.292518630946757
3,1103.0,-0.5864626549530726,0.3676136006606173,-8.292566685683159
3,1104.0,-0.5864651489370241,0.36761824159581613,-8.292614337348274
3,1105.0,-0.5864676218251057,0.3676227989263378,-8.2926615859421
3,1106.0,-0.5864700736173174,0.36762727265218226,-8.292708431464636
3,1107.0,-0.5864725043136594,0.3676316627733495,-8.292754873915884
3,1108.0,-0.5864749139141314,0.3676359692898396,-8.292800913295842
3,1109.0,-0.5864773024187337,0.3676401922016525,-8.292846549604514
3,1110.0,-0.5864796698274661,0.3676443315087882,-8.292891782841897
3,1111.0,-0.5864820161403288,0.3676483872112467,-8.292936613007992
3,1112.0,-0.5864843413573215,0.36765235930902807,-8.292981040102799
3,1113.0,-0.5864866454784444,0.3676562478021322,-8.293025064126311
3,1114.0,-0.5864889285036976,0.3676600526905591,-8.293068685078545
3,1115.0,-0.5864911900885459,0.36766377122404936,-8.29311189637658
3,1116.0,-0.5864934302931776,0.36766740446936497,-8.293154699170406
3,1117.0,-0.5864956507694282,0.36767096597630317,-8.293197125021075
3,1118.0,-0.5864978515172978,0.36767445574486407,-8.293239173928578
3,1119.0,-0.5865000325367863,0.3676778737750476,-8.293280845892909
3,1120.0,-0.5865021938278937,0.36768122006685383,-8.293322140914073
3,1121.0,-0.5865043353906201,0.36768449462028274,-8.293363058992076
3,1122.0,-0.5865064572249653,0.3676876974353343,-8.293403600126906
3,1123.0,-0.5865085593309295,0.3676908285120085,-8.293443764318571
3,1124.0,-0.5865106417085126,0.36769388785030543,-8.293483551567077
3,1125.0,-0.5865127043577146,0.367696875450225,-8.293522961872403
3,1126.0,-0.5865147472785356,0.3676997913117672,-8.293561995234572
3,1127.0,-0.5865167704709755,0.3677026354349321,-8.293600651653573
3,1128.0,-0.5865187739350344,0.36770540781971967,-8.293638931129408
3,1129.0,-0.5865207567145598,0.36770810196495973,-8.293676815393212
3,1130.0,-0.5865227208536726,0.367710732722799,-8.293714343501273
3,1131.0,-0.5865246667282996,0.3677133027527119,-8.293751522636297
3,1132.0,-0.5865265943384408,0.36771581205469844,-8.293788352798282
3,1133.0,-0.5865285036840961,0.36771826062875856,-8.293824833987225
3,1134.0,-0.5865303947652656,0.36772064847489233,-8.293860966203129
3,1135.0,-0.5865322675819492,0.3677229755930997,-8.293896749445988
3,1136.0,-0.586534122134147,0.3677252419833807,-8.29393218371581
3,1137.0,-0.5865359584218589,0.3677274476457353,-8.293967269012589
3,1138.0,-0.586537776445085,0.3677295925801635,-8.294002005336328
3,1139.0,-0.5865395762038252,0.36773167678666535,-8.294036392687028
3,1140.0,-0.5865413576980796,0.3677337002652408,-8.294070431064684
3,1141.0,-0.5865431209278481,0.3677356630158899,-8.2941041204693
3,1142.0,-0.5865448658931308,0.36773756503861255,-8.294137460900878
3,1143.0,-0.5865465914651199,0.36773939958551505,-8.294170430791684
3,1144.0,-0.5865483002660968,0.36774118330739036,-8.294203080244719
3,1145.0,-0.5865499923352081,0.36774291644830215,-8.294235410007945
3,1146.0,-0.5865516676724539,0.3677445990082504,-8.294267420081365
3,1147.0,-0.5865533262778341,0.36774623098723525,-8.294299110464971
3,1148.0,-0.5865549681513486,0.3677478123852565,-8.294330481158767
3,1149.0,-0.5865565932929975,0.36774934320231434,-8.294361532162755
3,1150.0,-0.5865582017027808,0.3677508234384086,-8.29439226347693
3,1151.0,-0.5865597933806986,0.3677522530935394,-8.294422675101293
3,1152.0,-0.5865613683267508,0.3677536321677067,-8.29445276703585
3,1153.0,-0.5865629265409373,0.3677549606609105,-8.294482539280596
3,1154.0,-0.5865644680232582,0.3677562385731508,-8.294511991835531
3,1155.0,-0.5865659927737137,0.3677574659044276,-8.294541124700656
3,1156.0,-0.5865675007923034,0.3677586426547409,-8.294569937875968
3,1157.0,-0.5865689910541038,0.367759763249922,-8.294598411778619
3,1158.0,-0.5865704654939778,0.367760838816039,-8.294626583377346
3,1159.0,-0.586571924777923,0.3677618730802249,-8.294654465397121
3,1160.0,-0.5865733689059394,0.3677628660424798,-8.294682057837957
3,1161.0,-0.5865747978780268,0.36776381770280364,-8.294709360699837
3,1162.0,-0.5865762116941855,0.3677647280611964,-8.29473637398278
3,1163.0,-0.5865776103544152,0.3677655971176581,-8.294763097686767
3,1164.0,-0.5865789938587163,0.36776642487218875,-8.294789531811817
3,1165.0,-0.5865803622070883,0.36776721132478835,-8.294815676357912
3,1166.0,-0.5865817153995315,0.3677679564754569,-8.29484153132506
3,1167.0,-0.586583053436046,0.36776866032419436,-8.294867096713267
3,1168.0,-0.5865843763166315,0.3677693228710008,-8.294892372522522
3,1169.0,-0.5865856840412882,0.3677699441158761,-8.294917358752835
3,1170.0,-0.5865869766100161,0.36777052405882044,-8.2949420554042
3,1171.0,-0.5865882540228151,0.3677710626998337,-8.294966462476618
3,1172.0,-0.5865895150283251,0.36777155398058087,-8.294990556060794
3,1173.0,-0.5865907622717744,0.36777201136005255,-8.295014386698165
3,1174.0,-0.5865919959550516,0.3677724358473914,-8.29503795824615
3,1175.0,-0.586593216078157,0.36777282744259737,-8.295061270704746
3,1176.0,-0.5865944226410902,0.36777318614567045,-8.295084324073958
3,1177.0,-0.5865956156438514,0.3677735119566107,-8.295107118353778
3,1178.0,-0.5865967950864407,0.36777380487541805,-8.29512965354421
3,1179.0,-0.586597960968858,0.3677740649020925,-8.295151929645254
3,1180.0,-0.5865991132911031,0.3677742920366341,-8.295173946656911
3,1181.0,-0.5866002520531763,0.36777448627904286,-8.295195704579182
3,1182.0,-0.5866013772550777,0.3677746476293187,-8.295217203412067
3,1183.0,-0.5866024888968069,0.3677747760874617,-8.295238443155561
3,1184.0,-0.5866035869783641,0.36777487165347184,-8.295259423809666
3,1185.0,-0.5866046714997493,0.3677749343273491,-8.295280145374386
3,1186.0,-0.5866057424609625,0.36777496410909344,-8.295300607849716
3,1187.0,-0.5866067989510424,0.3677749569681496,-8.295320793830244
3,1188.0,-0.5866078422294887,0.3677749188488912,-8.295340727380784
3,1189.0,-0.586608873541565,0.36777485538005883,-8.295360432294144
3,1190.0,-0.5866098928872713,0.3677747665616524,-8.295379908570323
3,1191.0,-0.5866109002666077,0.3677746523936721,-8.29539915620933
3,1192.0,-0.586611895679574,0.3677745128761177,-8.295418175211154
3,1193.0,-0.5866128791261703,0.3677743480089893,-8.295436965575796
3,1194.0,-0.5866138506063967,0.3677741577922869,-8.295455527303266
3,1195.0,-0.5866148101202531,0.36777394222601056,-8.295473860393553
3,1196.0,-0.5866157576677394,0.3677737013101602,-8.295491964846658
3,1197.0,-0.5866166932488558,0.36777343504473575,-8.295509840662586
3,1198.0,-0.5866176168636023,0.3677731434297374,-8.295527487841335
3,1199.0,-0.5866185285119786,0.367772826465165,-8.295544906382906
3,1200.0,-0.586619428193985,0.36777248415101865,-8.295562096287297
3,1201.0,-0.5866203159096215,0.36777211648729824,-8.295579057554512
3,1202.0,-0.5866211916588879,0.3677717234740039,-8.295595790184546
3,1203.0,-0.5866220546200022,0.36777130183914564,-8.295612278475895
3,1204.0,-0.5866229056595823,0.3677708553362412,-8.295628538986733
3,1205.0,-0.5866237463043895,0.3677703901643927,-8.29564460088834
3,1206.0,-0.5866245765544237,0.3677699063236002,-8.295660464180706
3,1207.0,-0.5866253964096848,0.3677694038138636,-8.295676128863844
3,1208.0,-0.5866262058701729,0.367768882635183,-8.295691594937745
3,1209.0,-0.5866270049358879,0.3677683427875583,-8.295706862402414
3,1210.0,-0.5866277936068299,0.3677677842709896,-8.295721931257845
3,1211.0,-0.5866285718829989,0.3677672070854769,-8.29573680150404
3,1212.0,-0.5866293397643949,0.36776661123102006,-8.295751473141005
3,1213.0,-0.5866300972510178,0.3677659967076192,-8.29576594616873
3,1214.0,-0.5866308443428677,0.36776536351527433,-8.295780220587227
3,1215.0,-0.5866315810399445,0.36776471165398544,-8.295794296396487
3,1216.0,-0.5866323073422484,0.36776404112375244,-8.295808173596512
3,1217.0,-0.5866330232497791,0.36776335192457543,-8.295821852187297
3,1218.0,-0.5866337287625368,0.36776264405645437,-8.295835332168854
3,1219.0,-0.5866344238805216,0.3677619175193893,-8.295848613541176
3,1220.0,-0.5866351075814235,0.3677611686895807,-8.295861676771352
3,1221.0,-0.5866357812208977,0.3677604026831715,-8.295874547761407
3,1222.0,-0.5866364459961517,0.3677596238351568,-8.295887249385958
3,1223.0,-0.5866371019071857,0.3677588321455366,-8.295899781645
3,1224.0,-0.5866377489539997,0.3677580276143109,-8.295912144538544
3,1225.0,-0.5866383871365936,0.3677572102414797,-8.295924338066584
3,1226.0,-0.5866390164549673,0.367756380027043,-8.295936362229124
3,1227.0,-0.5866396369091211,0.3677555369710008,-8.29594821702616
3,1228.0,-0.5866402484990548,0.367754681073353,-8.295959902457689
3,1229.0,-0.5866408512247685,0.36775381233409976,-8.295971418523724
3,1230.0,-0.586641445086262,0.367752930753241,-8.295982765224249
3,1231.0,-0.5866420300835357,0.36775203633077674,-8.295993942559273
3,1232.0,-0.586642606216589,0.367751129066707,-8.296004950528793
3,1233.0,-0.5866431734854225,0.3677502089610317,-8.296015789132815
3,1234.0,-0.5866437318900358,0.36774927601375096,-8.296026458371328
3,1235.0,-0.5866442814304291,0.36774833022486464,-8.296036958244343
3,1236.0,-0.5866448221066024,0.3677473715943729,-8.296047288751852
3,1237.0,-0.5866453539185555,0.36774640012227555,-8.29605744989386
3,1238.0,-0.5866458755822163,0.3677454118034874,-8.29606741713605
3,1239.0,-0.5866463891267087,0.3677444133051519,-8.296077229248178
3,1240.0,-0.5866468952788737,0.36774340695089563,-8.296086900117734
3,1241.0,-0.586647394038711,0.3677423927407187,-8.296096429744706
3,1242.0,-0.5866478854062209,0.3677413706746209,-8.296105818129112
3,1243.0,-0.5866483693814031,0.3677403407526025,-8.296115065270932
3,1244.0,-0.5866488459642578,0.36773930297466323,-8.296124171170181
3,1245.0,-0.5866493151547849,0.3677382573408033,-8.296133135826857
3,1246.0,-0.5866497769529845,0.36773720385102254,-8.29614195924095
3,1247.0,-0.5866502313588564,0.3677361425053211,-8.296150641412474
3,1248.0,-0.5866506783724008,0.3677350733036989,-8.29615918234142
3,1249.0,-0.5866511179936177,0.367733996246156,-8.296167582027786
3,1250.0,-0.5866515502225069,0.3677329113326923,-8.29617584047158
3,1251.0,-0.5866519750590686,0.3677318185633079,-8.296183957672799
3,1252.0,-0.5866523925033028,0.3677307179380027,-8.296191933631436
3,1253.0,-0.5866528025552094,0.3677296094567768,-8.296199768347504
3,1254.0,-0.5866532052147884,0.36772849311963013,-8.296207461820993
3,1255.0,-0.5866536004820398,0.36772736892656277,-8.296215014051905
3,1256.0,-0.5866539883569637,0.3677262368775746,-8.296222425040245
3,1257.0,-0.5866543674702637,0.3677250932613947,-8.296229668623349
3,1258.0,-0.5866547399597986,0.36772394419877186,-8.296236785648526
3,1259.0,-0.586655106453794,0.36772279143885495,-8.296243788119062
3,1260.0,-0.58665546695225,0.36772163498164406,-8.296250676034955
3,1261.0,-0.5866558214551665,0.36772047482713915,-8.296257449396208
3,1262.0,-0.5866561699625434,0.3677193109753403,-8.296264108202815
3,1263.0,-0.586656512474381,0.36771814342624737,-8.296270652454782
3,1264.0,-0.586656848990679,0.36771697217986044,-8.296277082152105
3,1265.0,-0.5866571795114376,0.3677157972361795,-8.296283397294788
3,1266.0,-0.5866575040366567,0.36771461859520455,-8.296289597882827
3,1267.0,-0.5866578225663364,0.3677134362569356,-8.296295683916227
3,1268.0,-0.5866581351004765,0.3677122502213726,-8.296301655394984
3,1269.0,-0.5866584416390772,0.36771106048851565,-8.2963075123191
3,1270.0,-0.5866587421821384,0.36770986705836467,-8.296313254688567
3,1271.0,-0.5866590367296601,0.36770866993091966,-8.296318882503394
3,1272.0,-0.5866593252816424,0.36770746910618063,-8.296324395763584
3,1273.0,-0.5866596078380852,0.3677062645841476,-8.29632979446913
3,1274.0,-0.5866598843989885,0.3677050563648206,-8.296335078620034
3,1275.0,-0.5866601549643524,0.36770384444819953,-8.296340248216294
3,1276.0,-0.5866604195341767,0.3677026288342845,-8.29634530325791
3,1277.0,-0.5866606772481696,0.3677014075263019,-8.296350227307592
3,1278.0,-0.5866609286572095,0.36770018202632027,-8.296355030890778
3,1279.0,-0.5866611753770311,0.36769895617773174,-8.296359744878735
3,1280.0,-0.5866614174076343,0.3676977299805363,-8.296364369271469
3,1281.0,-0.5866616547490192,0.36769650343473403,-8.296368904068965
3,1282.0,-0.5866618874011857,0.36769527654032486,-8.29637334927124
3,1283.0,-0.5866621153641338,0.3676940492973088,-8.296377704878282
3,1284.0,-0.5866623386378635,0.3676928217056859,-8.296381970890096
3,1285.0,-0.5866625572223749,0.3676915937654561,-8.296386147306677
3,1286.0,-0.586662771117668,0.36769036547661943,-8.296390234128031
3,1287.0,-0.5866629803237426,0.3676891368391759,-8.296394231354162
3,1288.0,-0.5866631848405989,0.3676879078531255,-8.296398138985055
3,1289.0,-0.5866633846682368,0.3676866785184682,-8.296401957020725
3,1290.0,-0.5866635798066563,0.36768544883520404,-8.296405685461162
3,1291.0,-0.5866637702558575,0.367684218803333,-8.296409324306374
3,1292.0,-0.5866639560158402,0.3676829884228551,-8.296412873556353
3,1293.0,-0.5866641370866046,0.3676817576937703,-8.296416333211106
3,1294.0,-0.5866643134681507,0.36768052661607864,-8.296419703270626
3,1295.0,-0.5866644851604783,0.3676792951897801,-8.29642298373492
3,1296.0,-0.5866646521635877,0.3676780634148747,-8.296426174603985
3,1297.0,-0.5866648144774786,0.3676768312913624,-8.29642927587782
3,1298.0,-0.5866649721021512,0.3676755988192433,-8.296432287556424
3,1299.0,-0.5866651242847112,0.3676743645886108,-8.29643519525452
3,1300.0,-0.586665271186573,0.3676731291091316,-8.296438002056194
3,1301.0,-0.5866654146007257,0.367671895838445,-8.296440742219447
3,1302.0,-0.5866655545271695,0.36767066477655097,-8.296443415744285
3,1303.0,-0.5866656909659043,0.3676694359234495,-8.296446022630706
3,1304.0,-0.58666582391693,0.3676682092791406,-8.29644856287871
3,1305.0,-0.5866659533802466,0.3676669848436243,-8.296451036488294
3,1306.0,-0.5866660793558544,0.3676657626169006,-8.296453443459464
3,1307.0,-0.586666201843753,0.3676645425989694,-8.29645578379222
3,1308.0,-0.5866663208439427,0.3676633247898309,-8.296458057486555
3,1309.0,-0.5866664363564232,0.3676621091894849,-8.296460264542471
3,1310.0,-0.5866665483811948,0.3676608957979315,-8.296462404959977
3,1311.0,-0.5866666569182574,0.3676596846151706,-8.29646447873906
3,1312.0,-0.5866667619676108,0.3676584756412024,-8.296466485879725
3,1313.0,-0.5866668635292553,0.36765726887602673,-8.29646842638198
3,1314.0,-0.5866669616031909,0.3676560643196436,-8.296470300245812
3,1315.0,-0.5866670561894173,0.3676548619720531,-8.29647210747123
3,1316.0,-0.5866671472879347,0.36765366183325515,-8.296473848058229
3,1317.0,-0.5866672348987431,0.3676524639032498,-8.296475522006814
3,1318.0,-0.5866673190218424,0.367651268182037,-8.29647712931698
3,1319.0,-0.5866673996572328,0.3676500746696168,-8.296478669988728
3,1320.0,-0.5866674768049142,0.3676488833659892,-8.29648014402206
3,1321.0,-0.5866675504648865,0.3676476942711541,-8.296481551416978
3,1322.0,-0.5866676206371497,0.3676465073851117,-8.296482892173476
3,1323.0,-0.5866676872093829,0.3676453225534814,-8.296484164145477
3,1324.0,-0.5866677486315252,0.3676441378003443,-8.29648533771652
3,1325.0,-0.5866678076492211,0.36764295703988803,-8.29648646534667
3,1326.0,-0.5866678642624705,0.36764178027211264,-8.296487547035909
3,1327.0,-0.5866679184712736,0.36764060749701805,-8.296488582784244
3,1328.0,-0.5866679702756302,0.36763943871460436,-8.296489572591675
3,1329.0,-0.5866680196755404,0.3676382739248716,-8.296490516458206
3,1330.0,-0.586668066671004,0.3676371131278196,-8.296491414383828
3,1331.0,-0.5866681112620213,0.36763595632344853,-8.296492266368555
3,1332.0,-0.5866681534485921,0.36763480351175826,-8.296493072412368
3,1333.0,-0.5866681932307165,0.3676336546927489,-8.296493832515283
3,1334.0,-0.5866682306083945,0.3676325098664204,-8.296494546677291
3,1335.0,-0.586668265581626,0.36763136903277277,-8.296495214898401
3,1336.0,-0.5866682981504111,0.36763023219180596,-8.296495837178604
3,1337.0,-0.5866683283147497,0.36762909934352006,-8.296496413517902
3,1338.0,-0.5866683560746419,0.367627970487915,-8.296496943916296
3,1339.0,-0.5866683814300876,0.3676268456249908,-8.296497428373787
3,1340.0,-0.5866684043810869,0.3676257247547475,-8.296497866890377
3,1341.0,-0.5866684249276398,0.367624607877185,-8.29649825946606
3,1342.0,-0.5866684430697463,0.3676234949923034,-8.296498606100844
3,1343.0,-0.5866684588074063,0.36762238610010267,-8.296498906794723
3,1344.0,-0.5866684721406198,0.36762128120058274,-8.296499161547695
3,1345.0,-0.5866684830693869,0.36762018029374377,-8.296499370359761
3,1346.0,-0.5866684915937076,0.3676190833795856,-8.296499533230927
3,1347.0,-0.5866684977135819,0.3676179904581083,-8.296499650161193
3,1348.0,-0.5866685014290096,0.36761690152931187,-8.296499721150552
3,1349.0,-0.586668502739991,0.3676158165931963,-8.296499746199006
3,1350.0,-0.586668501646526,0.3676147356497616,-8.296499725306555
3,1351.0,-0.5866684967710164,0.36761365776507965,-8.296499632151928
3,1352.0,-0.5866684895962893,0.36761258425714094,-8.296499495066968
3,1353.0,-0.5866684809691033,0.36761151576249695,-8.29649933023039
3,1354.0,-0.5866684708894584,0.36761045228114764,-8.296499137642197
3,1355.0,-0.5866684593573547,0.367609393813093,-8.296498917302388
3,1356.0,-0.586668446372792,0.36760834035833306,-8.296498669210965
3,1357.0,-0.5866684319357706,0.3676072919168678,-8.296498393367925
3,1358.0,-0.5866684160462903,0.3676062484886973,-8.296498089773273
3,1359.0,-0.5866683987043511,0.3676052100738214,-8.296497758427005
3,1360.0,-0.586668379909953,0.36760417667224027,-8.296497399329118
3,1361.0,-0.5866683596630962,0.36760314828395374,-8.29649701247962
3,1362.0,-0.5866683379637804,0.367602124908962,-8.2964965978785
3,1363.0,-0.5866683148120057,0.3676011065472649,-8.29649615552577
3,1364.0,-0.5866682902077721,0.3676000931988625,-8.296495685421423
3,1365.0,-0.5866682641510798,0.36759908486375475,-8.29649518756546
3,1366.0,-0.5866682366419286,0.36759808154194173,-8.296494661957885
3,1367.0,-0.5866682076803185,0.36759708323342344,-8.296494108598692
3,1368.0,-0.5866681772662494,0.3675960899381998,-8.296493527487884
3,1369.0,-0.5866681453997217,0.36759510165627085,-8.29649291862546
3,1370.0,-0.586668112080735,0.36759411838763656,-8.296492282011423
3,1371.0,-0.5866680773092894,0.36759314013229705,-8.296491617645769
3,1372.0,-0.586668041085385,0.36759216689025215,-8.296490925528497
3,1373.0,-0.5866680034090217,0.36759119866150197,-8.296490205659616
3,1374.0,-0.5866679642801995,0.36759023544604646,-8.296489458039114
3,1375.0,-0.5866679236989185,0.3675892772438857,-8.296488682667
3,1376.0,-0.5866678816651786,0.36758832405501957,-8.296487879543264
3,1377.0,-0.5866678381789798,0.3675873758794482,-8.29648704866792
3,1378.0,-0.5866677932403223,0.36758643271717145,-8.296486190040959
3,1379.0,-0.5866677468492058,0.3675854945681894,-8.296485303662378
3,1380.0,-0.5866676990056304,0.36758456143250207,-8.296484389532187
3,1381.0,-0.5866676497095962,0.3675836333101094,-8.296483447650381
3,1382.0,-0.5866675989611031,0.36758271020101146,-8.296482478016953
3,1383.0,-0.5866675453443759,0.367581792486384,-8.296481453581205
3,1384.0,-0.5866674902393634,0.3675808801772903,-8.29648040070931
3,1385.0,-0.5866674344839725,0.3675799731243739,-8.296479335410869
3,1386.0,-0.5866673780782033,0.3675790713276349,-8.296478257685882
3,1387.0,-0.5866673210220559,0.3675781747870733,-8.296477167534348
3,1388.0,-0.5866672633155301,0.367577283502689,-8.296476064956266
3,1389.0,-0.5866672049586259,0.36757639747448206,-8.296474949951634
3,1390.0,-0.5866671459513435,0.36757551670245253,-8.296473822520458
3,1391.0,-0.5866670862936828,0.3675746411866004,-8.296472682662731
3,1392.0,-0.5866670259856437,0.36757377092692556,-8.296471530378462
3,1393.0,-0.5866669650272264,0.3675729059234281,-8.296470365667641
3,1394.0,-0.5866669034184306,0.367572046176108,-8.296469188530278
3,1395.0,-0.5866668411592566,0.36757119168496527,-8.296467998966364
3,1396.0,-0.5866667782497044,0.3675703424499999,-8.296466796975905
3,1397.0,-0.5866667146897737,0.36756949847121195,-8.296465582558895
3,1398.0,-0.5866666504794648,0.3675686597486013,-8.296464355715337
3,1399.0,-0.5866665856187775,0.36756782628216805,-8.296463116445235
3,1400.0,-0.5866665201077119,0.3675669980719121,-8.296461864748585
3,1401.0,-0.586666453946268,0.36756617511783357,-8.296460600625387
3,1402.0,-0.5866663871344459,0.3675653574199324,-8.296459324075641
3,1403.0,-0.5866663196722454,0.3675645449782086,-8.296458035099349
3,1404.0,-0.5866662515596666,0.36756373779266216,-8.296456733696512
3,1405.0,-0.5866661827967093,0.3675629358632931,-8.296455419867122
3,1406.0,-0.5866661133833739,0.3675621391901014,-8.296454093611192
3,1407.0,-0.5866660433196602,0.367561347773087,-8.296452754928708
3,1408.0,-0.5866659726055681,0.36756056161225004,-8.296451403819681
3,1409.0,-0.5866659012410977,0.3675597807075904,-8.296450040284103
3,1410.0,-0.586665829226249,0.36755900505910816,-8.296448664321982
3,1411.0,-0.5866657565610219,0.36755823466680326,-8.296447275933307
3,1412.0,-0.5866656832454167,0.3675574695306757,-8.296445875118094
3,1413.0,-0.586665609279433,0.3675567096507255,-8.296444461876325
3,1414.0,-0.586665534663071,0.3675559550269527,-8.296443036208014
3,1415.0,-0.5866654593963307,0.3675552056593573,-8.296441598113153
3,1416.0,-0.5866653834792122,0.3675544615479392,-8.296440147591744
3,1417.0,-0.5866653069117153,0.3675537226926985,-8.296438684643789
3,1418.0,-0.58666522969384,0.36755298909363515,-8.296437209269287
3,1419.0,-0.5866651518255865,0.36755226075074915,-8.296435721468239
3,1420.0,-0.5866650733069546,0.36755153766404053,-8.296434221240641
3,1421.0,-0.5866649941379445,0.3675508198335093,-8.296432708586497
3,1422.0,-0.5866649141161879,0.367550107622806,-8.296431179639232
3,1423.0,-0.5866648323794396,0.36754940289058907,-8.296429617924224
3,1424.0,-0.5866647505634399,0.3675487029368288,-8.296428054694996
3,1425.0,-0.586664668668189,0.36754800776152524,-8.296426489951536
3,1426.0,-0.5866645866936869,0.3675473173646784,-8.296424923693856
3,1427.0,-0.5866645046399336,0.3675466317462882,-8.296423355921949
3,1428.0,-0.5866644225069291,0.36754595090635467,-8.296421786635818
3,1429.0,-0.5866643402946733,0.36754527484487787,-8.29642021583546
3,1430.0,-0.5866642580031664,0.36754460356185775,-8.296418643520878
3,1431.0,-0.5866641756324081,0.36754393705729427,-8.296417069692072
3,1432.0,-0.5866640931823986,0.3675432753311875,-8.296415494349041
3,1433.0,-0.586664010653138,0.3675426183835374,-8.296413917491787
3,1434.0,-0.5866639280446262,0.36754196621434404,-8.296412339120307
3,1435.0,-0.586663845356863,0.36754131882360735,-8.296410759234597
3,1436.0,-0.5866637625898486,0.3675406762113273,-8.296409177834665
3,1437.0,-0.5866636797435831,0.367540038377504,-8.29640759492051
3,1438.0,-0.5866635968180663,0.3675394053221373,-8.296406010492127
3,1439.0,-0.5866635138132983,0.36753877704522736,-8.296404424549523
3,1440.0,-0.5866634307292791,0.36753815354677405,-8.29640283709269
3,1441.0,-0.5866633475660086,0.3675375348267775,-8.296401248121635
3,1442.0,-0.5866632643234869,0.36753692088523754,-8.296399657636353
3,1443.0,-0.586663181001714,0.36753631172215434,-8.296398065636847
3,1444.0,-0.5866630976006898,0.3675357073375278,-8.296396472123114
3,1445.0,-0.5866630141204144,0.36753510773135795,-8.296394877095157
3,1446.0,-0.5866629305608878,0.36753451290364475,-8.296393280552975
3,1447.0,-0.58666284692211,0.3675339228543883,-8.29639168249657
3,1448.0,-0.586662763204081,0.36753333758358847,-8.296390082925937
3,1449.0,-0.5866626794068007,0.36753275709124533,-8.296388481841081
3,1450.0,-0.5866625955302692,0.36753218137735894,-8.296386879242
3,1451.0,-0.5866625115744865,0.36753161044192917,-8.296385275128692
3,1452.0,-0.5866624275394525,0.3675310442849561,-8.296383669501164
3,1453.0,-0.5866623434251673,0.36753048290643975,-8.296382062359402
3,1454.0,-0.586662259231631,0.36752992630638004,-8.296380453703424
3,1455.0,-0.5866621749588433,0.367529374484777,-8.296378843533217
3,1456.0,-0.5866620906068044,0.36752882744163073,-8.296377231848783
3,1457.0,-0.5866620061755143,0.3675282851769411,-8.296375618650131
3,1458.0,-0.586661921664973,0.3675277476907081,-8.296374003937247
3,1459.0,-0.5866618370751805,0.36752721498293184,-8.296372387710141
3,1460.0,-0.5866617524061367,0.3675266870536123,-8.296370769968807
3,1461.0,-0.5866616676578418,0.3675261639027494,-8.296369150713252
3,1462.0,-0.5866615828302956,0.36752564553034317,-8.29636752994347
3,1463.0,-0.5866614979234981,0.36752513193639363,-8.296365907659464
3,1464.0,-0.5866614129374494,0.3675246231209008,-8.296364283861235
3,1465.0,-0.5866613278721495,0.3675241190838647,-8.296362658548775
3,1466.0,-0.5866612424129507,0.3675236214904735,-8.296361025710231
3,1467.0,-0.586661156759833,0.3675231298361836,-8.296359389166549
3,1468.0,-0.5866610713377575,0.36752264206771273,-8.296357757037306
3,1469.0,-0.5866609861467241,0.3675221581850607,-8.296356129322504
3,1470.0,-0.586660901186733,0.3675216781882276,-8.296354506022146
3,1471.0,-0.586660816457784,0.36752120207721345,-8.296352887136226
3,1472.0,-0.5866607319598772,0.3675207298520182,-8.296351272664747
3,1473.0,-0.5866606476930125,0.3675202615126419,-8.29634966260771
3,1474.0,-0.5866605636571901,0.36751979705908455,-8.29634805696511
3,1475.0,-0.5866604798524098,0.36751933649134605,-8.296346455736956
3,1476.0,-0.5866603962786717,0.36751887980942655,-8.29634485892324
3,1477.0,-0.5866603129359758,0.36751842701332593,-8.296343266523964
3,1478.0,-0.586660229824322,0.36751797810304426,-8.29634167853913
3,1479.0,-0.5866601469437104,0.3675175330785815,-8.296340094968736
3,1480.0,-0.586660064294141,0.36751709193993765,-8.296338515812781
3,1481.0,-0.5866599818756136,0.36751665468711275,-8.296336941071266
3,1482.0,-0.5866598996881286,0.3675162213201068,-8.296335370744199
3,1483.0,-0.5866598177316856,0.36751579183891975,-8.296333804831566
3,1484.0,-0.586659736006285,0.36751536624355163,-8.296332243333376
3,1485.0,-0.5866596545119264,0.3675149445340024,-8.296330686249625
3,1486.0,-0.58665957324861,0.3675145267102721,-8.296329133580317
3,1487.0,-0.5866594922163357,0.3675141127723608,-8.29632758532545
3,1488.0,-0.5866594114151037,0.36751370272026834,-8.296326041485019
3,1489.0,-0.5866593308449138,0.36751329655399484,-8.296324502059033
3,1490.0,-0.5866592505057662,0.3675128942735403,-8.296322967047491
3,1491.0,-0.5866591703976606,0.36751249587890467,-8.29632143645038
3,1492.0,-0.5866590905205973,0.36751210137008794,-8.296319910267718
3,1493.0,-0.5866590108745761,0.3675117107470901,-8.296318388499492
3,1494.0,-0.586658931459597,0.36751132400991127,-8.29631687114571
3,1495.0,-0.5866588522756603,0.3675109411585513,-8.296315358206368
3,1496.0,-0.5866587733227656,0.3675105621930103,-8.296313849681463
3,1497.0,-0.5866586946009131,0.3675101871132882,-8.296312345571005
3,1498.0,-0.5866586161101027,0.36750981591938503,-8.296310845874979
3,1499.0,-0.5866585378503346,0.3675094486113008,-8.296309350593404
3,1500.0,-0.5866584598216087,0.36750908518903547,-8.296307859726264
3,1501.0,-0.5866583820239248,0.3675087256525891,-8.296306373273564
3,1502.0,-0.5866583044572833,0.3675083700019616,-8.29630489123531
3,1503.0,-0.5866582271216838,0.3675080182371531,-8.296303413611492
3,1504.0,-0.5866581500171265,0.3675076703581635,-8.296301940402111
3,1505.0,-0.5866580731436114,0.3675073263649928,-8.296300471607175
3,1506.0,-0.5866579965011385,0.36750698625764106,-8.296299007226683
3,1507.0,-0.5866579200897077,0.3675066500361082,-8.296297547260629
3,1508.0,-0.5866578439093192,0.36750631770039427,-8.296296091709014
3,1509.0,-0.5866577679599727,0.3675059892504993,-8.296294640571842
3,1510.0,-0.5866576921213692,0.36750566739836726,-8.296293191550594
3,1511.0,-0.5866576165989412,0.36750534909263816,-8.2962917485704
3,1512.0,-0.5866575414279983,0.3675050336858132,-8.296290312305905
3,1513.0,-0.5866574666085403,0.36750472117789246,-8.296288882757109
3,1514.0,-0.5866573921405673,0.3675044115688759,-8.296287459924011
3,1515.0,-0.5866573180240792,0.36750410485876356,-8.29628604380661
3,1516.0,-0.5866572442590761,0.36750380104755537,-8.296284634404909
3,1517.0,-0.5866571708455578,0.36750350013525135,-8.2962832317189
3,1518.0,-0.5866570977835246,0.36750320212185156,-8.296281835748598
3,1519.0,-0.5866570250729762,0.36750290700735594,-8.296280446493986
3,1520.0,-0.5866569527139128,0.3675026147917645,-8.296279063955074
3,1521.0,-0.5866568807063344,0.3675023254750772,-8.296277688131863
3,1522.0,-0.586656809050241,0.36750203905729417,-8.296276319024349
3,1523.0,-0.5866567377456324,0.3675017555384153,-8.296274956632534
3,1524.0,-0.5866566667925088,0.36750147491844065,-8.296273600956413
3,1525.0,-0.5866565961908702,0.3675011971973701,-8.29627225199599
3,1526.0,-0.5866565259407165,0.3675009223752038,-8.29627090975127
3,1527.0,-0.5866564560420477,0.36750065045194175,-8.296269574222245
3,1528.0,-0.5866563864948638,0.3675003814275838,-8.296268245408912
3,1529.0,-0.586656317299165,0.36750011530213006,-8.296266923311288
3,1530.0,-0.5866562484549511,0.3674998520755805,-8.296265607929357
3,1531.0,-0.5866561799622222,0.3674995917479351,-8.296264299263122
3,1532.0,-0.5866561118209781,0.36749933431919396,-8.296262997312589
3,1533.0,-0.5866560440312191,0.367499079789357,-8.29626170207775
3,1534.0,-0.5866559765929449,0.36749882815842416,-8.296260413558612
3,1535.0,-0.5866559095061558,0.3674985794263956,-8.296259131755168
3,1536.0,-0.5866558427708515,0.36749833359327116,-8.296257856667426
3,1537.0,-0.5866557763870321,0.3674980906590509,-8.296256588295382
3,1538.0,-0.5866557103546979,0.36749785062373486,-8.296255326639033
3,1539.0,-0.5866556446738485,0.367497613487323,-8.296254071698385
3,1540.0,-0.586655579344484,0.36749737924981535,-8.296252823473429
3,1541.0,-0.5866555143666045,0.36749714791121185,-8.296251581964176
3,1542.0,-0.5866554497402099,0.36749691947151253,-8.296250347170622
3,1543.0,-0.5866553854653003,0.36749669393071743,-8.296249119092764
3,1544.0,-0.5866553215418756,0.3674964712888265,-8.296247897730604
3,1545.0,-0.5866552579699359,0.3674962515458398,-8.29624668308414
3,1546.0,-0.5866551947494811,0.36749603470175723,-8.29624547515338
3,1547.0,-0.5866551318805112,0.3674958207565789,-8.296244273938312
3,1548.0,-0.5866550693630264,0.36749560971030476,-8.296243079438945
3,1549.0,-0.5866550071970265,0.36749540156293475,-8.296241891655274
3,1550.0,-0.5866549453825114,0.367495196314469,-8.296240710587304
3,1551.0,-0.5866548839194814,0.36749499396490737,-8.29623953623503
3,1552.0,-0.5866548228079362,0.36749479451424993,-8.296238368598452
3,1553.0,-0.586654762047876,0.3674945979624967,-8.296237207677573
3,1554.0,-0.5866547017074095,0.36749440602217603,-8.29623605477372
3,1555.0,-0.5866546417814197,0.3674942176977882,-8.296234909789126
3,1556.0,-0.5866545822150437,0.3674940313550454,-8.296233771675551
3,1557.0,-0.5866545230082815,0.3674938469939476,-8.296232640432983
3,1558.0,-0.586654464161133,0.3674936646144949,-8.296231516061427
3,1559.0,-0.5866544056735983,0.36749348421668715,-8.296230398560887
3,1560.0,-0.5866543475456774,0.3674933058005244,-8.296229287931357
3,1561.0,-0.5866542897773701,0.36749312936600675,-8.296228184172842
3,1562.0,-0.5866542323686768,0.36749295491313405,-8.296227087285336
3,1563.0,-0.5866541753195971,0.3674927824419064,-8.296225997268843
3,1564.0,-0.5866541186301312,0.36749261195232374,-8.296224914123362
3,1565.0,-0.5866540623002791,0.36749244344438614,-8.296223837848894
3,1566.0,-0.5866540063300406,0.36749227691809355,-8.296222768445437
3,1567.0,-0.5866539507194161,0.367492112373446,-8.296221705912997
3,1568.0,-0.5866538954684052,0.3674919498104434,-8.296220650251565
3,1569.0,-0.5866538405770081,0.36749178922908593,-8.296219601461148
3,1570.0,-0.5866537860452248,0.3674916306293734,-8.29621855954174
3,1571.0,-0.5866537318730551,0.3674914740113059,-8.296217524493347
3,1572.0,-0.5866536780604994,0.36749131937488344,-8.296216496315967
3,1573.0,-0.5866536246075573,0.36749116672010596,-8.296215475009598
3,1574.0,-0.586653571514229,0.36749101604697354,-8.29621446057424
3,1575.0,-0.5866535187805145,0.36749086735548614,-8.296213453009894
3,1576.0,-0.5866534664064137,0.36749072064564375,-8.29621245231656
3,1577.0,-0.5866534143919268,0.3674905759174464,-8.296211458494243
3,1578.0,-0.5866533627370535,0.367490433170894,-8.296210471542935
3,1579.0,-0.586653311441794,0.3674902924059867,-8.296209491462642
3,1580.0,-0.5866532605061483,0.3674901536227244,-8.29620851825336
3,1581.0,-0.5866532099301164,0.3674900168211071,-8.296207551915089
3,1582.0,-0.5866531597136981,0.36748988200113486,-8.296206592447833
3,1583.0,-0.5866531098568938,0.3674897491628076,-8.296205639851586
3,1584.0,-0.5866530603597031,0.36748961830612537,-8.296204694126354
3,1585.0,-0.5866530112221262,0.36748948943108817,-8.296203755272133
3,1586.0,-0.586652962444163,0.367489362537696,-8.296202823288924
3,1587.0,-0.5866529140258137,0.3674892376259488,-8.29620189817673
3,1588.0,-0.586652865967078,0.36748911469584666,-8.296200979935545
3,1589.0,-0.5866528182679561,0.3674889937473895,-8.296200068565371
3,1590.0,-0.586652770928448,0.36748887478057746,-8.296199164066211
3,1591.0,-0.5866527239485537,0.36748875779541035,-8.296198266438067
3,1592.0,-0.5866526773282732,0.3674886427918883,-8.296197375680935
3,1593.0,-0.5866526310676063,0.36748852977001123,-8.296196491794811
3,1594.0,-0.5866525851665533,0.3674884187297792,-8.296195614779698
3,1595.0,-0.586652539625114,0.3674883096711922,-8.296194744635605
3,1596.0,-0.5866524944432885,0.36748820259425025,-8.296193881362521
3,1597.0,-0.5866524496210768,0.3674880974989533,-8.296193024960449
3,1598.0,-0.5866524051584787,0.36748799438530133,-8.29619217542939
3,1599.0,-0.5866523610554945,0.3674878932532944,-8.29619133276934
3,1600.0,-0.5866523173410211,0.36748779437236045,-8.29619049753243
3,1601.0,-0.5866522742307857,0.3674876996054231,-8.296189673840482
3,1602.0,-0.5866522314269271,0.36748760605274217,-8.296188856002368
3,1603.0,-0.5866521889294453,0.36748751371431765,-8.296188044018082
3,1604.0,-0.5866521467383401,0.3674874225901496,-8.29618723788763
3,1605.0,-0.5866521048536116,0.3674873326802379,-8.296186437611007
3,1606.0,-0.5866520632752599,0.3674872439845827,-8.296185643188213
3,1607.0,-0.5866520220032849,0.367487156503184,-8.296184854619257
3,1608.0,-0.5866519810376867,0.3674870702360416,-8.296184071904129
3,1609.0,-0.5866519403784651,0.3674869851831557,-8.29618329504283
3,1610.0,-0.5866519000256204,0.3674869013445262,-8.296182524035363
3,1611.0,-0.5866518599791523,0.36748681872015315,-8.29618175888173
3,1612.0,-0.5866518202390609,0.36748673731003656,-8.296180999581926
3,1613.0,-0.5866517808053463,0.36748665711417633,-8.29618024613595
3,1614.0,-0.5866517416780084,0.36748657813257257,-8.296179498543811
3,1615.0,-0.5866517028570473,0.36748650036522523,-8.296178756805505
3,1616.0,-0.5866516643424629,0.36748642381213437,-8.296178020921026
3,1617.0,-0.5866516261342551,0.3674863484732999,-8.296177290890379
3,1618.0,-0.5866515882324241,0.3674862743487219,-8.29617656671356
3,1619.0,-0.5866515506369698,0.3674862014384003,-8.296175848390577
3,1620.0,-0.5866515133478923,0.3674861297423351,-8.296175135921422
3,1621.0,-0.5866514763651915,0.36748605926052635,-8.2961744293061
3,1622.0,-0.5866514396888675,0.36748598999297405,-8.296173728544609
3,1623.0,-0.5866514033189202,0.36748592193967816,-8.296173033636949
3,1624.0,-0.5866513672553495,0.36748585510063875,-8.296172344583121
3,1625.0,-0.5866513314981556,0.36748578947585575,-8.296171661383125
3,1626.0,-0.5866512960473385,0.3674857250653291,-8.296170984036959
3,1627.0,-0.5866512609028981,0.367485661869059,-8.296170312544623
3,1628.0,-0.5866512260648343,0.36748559988704527,-8.296169646906119
3,1629.0,-0.5866511915331474,0.367485539119288,-8.29616898712145
3,1630.0,-0.5866511573078371,0.36748547956578714,-8.296168333190606
3,1631.0,-0.5866511233889036,0.3674854212265427,-8.296167685113598
3,1632.0,-0.5866510897763468,0.36748536410155475,-8.29616704289042
3,1633.0,-0.5866510564701667,0.36748530819082315,-8.296166406521069
3,1634.0,-0.5866510234703634,0.367485253494348,-8.296165776005553
3,1635.0,-0.5866509907769367,0.3674852000121293,-8.296165151343871
3,1636.0,-0.5866509583898869,0.3674851477441671,-8.296164532536022
3,1637.0,-0.5866509263092137,0.36748509669046125,-8.296163919581995
3,1638.0,-0.5866508945349173,0.3674850468510118,-8.296163312481804
3,1639.0,-0.5866508630669975,0.36748499822581887,-8.296162711235445
3,1640.0,-0.5866508319054546,0.3674849508148823,-8.296162115842918
3,1641.0,-0.5866508010502883,0.3674849046182022,-8.296161526304218
3,1642.0,-0.5866507705014988,0.36748485963577854,-8.296160942619354
3,1643.0,-0.586650740259086,0.3674848158676113,-8.296160364788317
3,1644.0,-0.5866507103230499,0.36748477331370044,-8.296159792811114
3,1645.0,-0.5866506806933907,0.3674847319740461,-8.296159226687745
3,1646.0,-0.5866506513701081,0.3674846918486481,-8.296158666418203
3,1647.0,-0.5866506223532022,0.3674846529375066,-8.296158112002496
3,1648.0,-0.586650593642673,0.36748461524062154,-8.296157563440616
3,1649.0,-0.5866505652385205,0.36748457875799284,-8.29615702073257
3,1650.0,-0.5866505373807619,0.3674845448287648,-8.296156488464273
3,1651.0,-0.5866505098968293,0.3674845123787754,-8.296155963338544
3,1652.0,-0.5866504826387607,0.36748448055825117,-8.296155442528308
3,1653.0,-0.5866504556065563,0.36748444936719216,-8.296154926033585
3,1654.0,-0.5866504288002158,0.3674844188055983,-8.296154413854362
3,1655.0,-0.5866504022197392,0.3674843888734697,-8.296153905990643
3,1656.0,-0.5866503758651267,0.3674843595708062,-8.296153402442426
3,1657.0,-0.5866503497363782,0.367484330897608,-8.296152903209714
3,1658.0,-0.5866503238334938,0.36748430285387496,-8.296152408292508
3,1659.0,-0.5866502981564733,0.36748427543960716,-8.2961519176908
3,1660.0,-0.5866502727053168,0.3674842486548045,-8.296151431404597
3,1661.0,-0.5866502474800244,0.36748422249946705,-8.296150949433901
3,1662.0,-0.586650222480596,0.3674841969735948,-8.296150471778704
3,1663.0,-0.5866501977070315,0.36748417207718775,-8.296149998439015
3,1664.0,-0.5866501731593311,0.3674841478102459,-8.296149529414823
3,1665.0,-0.5866501488374947,0.36748412417276927,-8.296149064706139
3,1666.0,-0.5866501247415223,0.3674841011647578,-8.296148604312958
3,1667.0,-0.5866501008714139,0.3674840787862116,-8.296148148235277
3,1668.0,-0.5866500772271696,0.36748405703713055,-8.296147696473101
3,1669.0,-0.5866500538087892,0.3674840359175147,-8.29614724902643
3,1670.0,-0.5866500306162729,0.3674840154273641,-8.296146805895262
3,1671.0,-0.5866500076496205,0.3674839955666786,-8.296146367079595
3,1672.0,-0.5866499849088321,0.3674839763354584,-8.296145932579435
3,1673.0,-0.5866499623939078,0.3674839577337033,-8.296145502394776
3,1674.0,-0.5866499401048475,0.36748393976141347,-8.296145076525624
3,1675.0,-0.5866499180416512,0.3674839224185888,-8.29614465497197
3,1676.0,-0.5866498962043188,0.3674839057052294,-8.296144237733822
3,1677.0,-0.5866498745928506,0.3674838896213351,-8.296143824811177
3,1678.0,-0.5866498532072463,0.36748387416690603,-8.296143416204034
3,1679.0,-0.5866498320475061,0.3674838593419422,-8.296143011912399
3,1680.0,-0.5866498111136298,0.36748384514644356,-8.296142611936265
3,1681.0,-0.5866497904056176,0.3674838315804101,-8.296142216275634
3,1682.0,-0.5866497699234693,0.36748381864384183,-8.296141824930501
3,1683.0,-0.5866497496671851,0.36748380633673877,-8.296141437900879
3,1684.0,-0.5866497296367649,0.3674837946591009,-8.296141055186757
3,1685.0,-0.5866497098322087,0.36748378361092826,-8.296140676788138
3,1686.0,-0.5866496902535165,0.36748377319222075,-8.296140302705027
3,1687.0,-0.5866496709006883,0.3674837634029785,-8.296139932937415
3,1688.0,-0.5866496517737242,0.36748375424320145,-8.296139567485309
3,1689.0,-0.586649632872624,0.36748374571288955,-8.296139206348702
3,1690.0,-0.5866496141973878,0.3674837378120429,-8.296138849527605
3,1691.0,-0.5866495957480157,0.36748373054066147,-8.296138497022003
3,1692.0,-0.5866495775245075,0.3674837238987452,-8.296138148831911
3,1693.0,-0.5866495595268635,0.3674837178862941,-8.296137804957322
3,1694.0,-0.5866495417550833,0.36748371250330825,-8.296137465398234
3,1695.0,-0.5866495242091673,0.36748370774978756,-8.29613713015465
3,1696.0,-0.5866495068891151,0.36748370362573207,-8.296136799226568
3,1697.0,-0.586649489794927,0.3674837001311418,-8.296136472613993
3,1698.0,-0.586649472926603,0.36748369726601676,-8.296136150316919
3,1699.0,-0.5866494562841429,0.3674836950303569,-8.296135832335347
3,1700.0,-0.5866494398675469,0.3674836934241622,-8.29613551866928
3,1701.0,-0.5866494236768148,0.3674836924474327,-8.296135209318717
3,1702.0,-0.5866494077119468,0.3674836921001684,-8.296134904283658
3,1703.0,-0.5866493919729427,0.36748369238236933,-8.296134603564102
3,1704.0,-0.5866493765475462,0.3674836936267572,-8.29613430883653
3,1705.0,-0.5866493616230523,0.3674836964959304,-8.296134023679528
3,1706.0,-0.586649346840119,0.3674836995963053,-8.296133741227276
3,1707.0,-0.5866493321987464,0.3674837029278818,-8.29613346147977
3,1708.0,-0.5866493176989344,0.36748370649066,-8.29613318443701
3,1709.0,-0.5866493033406829,0.3674837102846399,-8.296132910099006
3,1710.0,-0.5866492891239922,0.36748371430982146,-8.296132638465748
3,1711.0,-0.5866492750488619,0.36748371856620465,-8.296132369537236
3,1712.0,-0.5866492611152924,0.36748372305378957,-8.296132103313472
3,1713.0,-0.5866492473232835,0.36748372777257615,-8.29613183979446
3,1714.0,-0.5866492336728352,0.36748373272256446,-8.296131578980194
3,1715.0,-0.5866492201639475,0.3674837379037544,-8.296131320870682
3,1716.0,-0.5866492067966204,0.36748374331614597,-8.296131065465909
3,1717.0,-0.5866491935708539,0.3674837489597393,-8.29613081276589
3,1718.0,-0.586649180486648,0.36748375483453427,-8.296130562770621
3,1719.0,-0.5866491675440029,0.36748376094053087,-8.296130315480097
3,1720.0,-0.5866491547429182,0.3674837672777292,-8.296130070894323
3,1721.0,-0.5866491420833944,0.3674837738461292,-8.296129829013296
3,1722.0,-0.5866491295654309,0.36748378064573084,-8.296129589837017
3,1723.0,-0.5866491171890282,0.3674837876765342,-8.296129353365492
3,1724.0,-0.5866491049541861,0.3674837949385392,-8.296129119598708
3,1725.0,-0.5866490928609046,0.3674838024317459,-8.296128888536677
3,1726.0,-0.5866490809091838,0.3674838101561543,-8.296128660179395
3,1727.0,-0.5866490690990236,0.36748381811176434,-8.29612843452686
3,1728.0,-0.586649057430424,0.36748382629857607,-8.296128211579076
3,1729.0,-0.586649045903385,0.36748383471658946,-8.296127991336034
3,1730.0,-0.5866490345179065,0.36748384336580453,-8.296127773797746
3,1731.0,-0.5866490232739887,0.36748385224622127,-8.296127558964201
3,1732.0,-0.5866490121716316,0.36748386135783967,-8.296127346835409
3,1733.0,-0.5866490012108351,0.3674838707006598,-8.296127137411364
3,1734.0,-0.5866489903915992,0.36748388027468154,-8.296126930692074
3,1735.0,-0.5866489797139239,0.367483890079905,-8.296126726677524
3,1736.0,-0.5866489691778093,0.36748390011633014,-8.296126525367725
3,1737.0,-0.5866489587832552,0.3674839103839569,-8.296126326762673
3,1738.0,-0.5866489485302618,0.36748392088278536,-8.296126130862373
3,1739.0,-0.586648938418829,0.36748393161281556,-8.296125937666819
3,1740.0,-0.5866489284489568,0.3674839425740474,-8.296125747176012
3,1741.0,-0.5866489186206453,0.36748395376648085,-8.296125559389957
3,1742.0,-0.5866489089338943,0.36748396519011606,-8.296125374308648
3,1743.0,-0.586648899388704,0.3674839768449529,-8.296125191932092
3,1744.0,-0.5866488899850744,0.3674839887309914,-8.296125012260282
3,1745.0,-0.5866488807230053,0.36748400084823163,-8.296124835293218
3,1746.0,-0.5866488716024968,0.3674840131966735,-8.296124661030902
3,1747.0,-0.586648862623549,0.36748402577631706,-8.296124489473337
3,1748.0,-0.5866488537861617,0.3674840385871623,-8.29612432062052
3,1749.0,-0.5866488450903351,0.3674840516292092,-8.296124154472453
3,1750.0,-0.5866488365360691,0.3674840649024578,-8.296123991029132
3,1751.0,-0.5866488281233638,0.36748407840690805,-8.296123830290561
3,1752.0,-0.5866488198522191,0.36748409214255995,-8.296123672256737
3,1753.0,-0.5866488117226349,0.36748410610941357,-8.296123516927663
3,1754.0,-0.5866488037346115,0.36748412030746885,-8.296123364303336
3,1755.0,-0.5866487958881487,0.3674841347367258,-8.296123214383758
3,1756.0,-0.5866487881832464,0.36748414939718443,-8.296123067168928
3,1757.0,-0.5866487806199048,0.3674841642888448,-8.29612292265885
3,1758.0,-0.5866487731981237,0.36748417941170675,-8.296122780853514
3,1759.0,-0.5866487659179034,0.3674841947657704,-8.296122641752934
3,1760.0,-0.5866487587792436,0.36748421035103573,-8.296122505357097
3,1761.0,-0.5866487517821445,0.36748422616750276,-8.296122371666009
3,1762.0,-0.5866487449266059,0.36748424221517145,-8.29612224067967
3,1763.0,-0.586648738212628,0.3674842584940418,-8.29612211239808
3,1764.0,-0.5866487316402107,0.36748427500411385,-8.296121986821241
3,1765.0,-0.5866487252093541,0.36748429174538755,-8.296121863949146
3,1766.0,-0.5866487190886027,0.3674843091080443,-8.296121747002127
3,1767.0,-0.586648713266985,0.367484327024442,-8.296121635770545
3,1768.0,-0.5866487075145317,0.3674843449459914,-8.296121525860464
3,1769.0,-0.5866487018312428,0.3674843628726924,-8.296121417271882
3,1770.0,-0.5866486962171185,0.3674843808045451,-8.296121310004803
3,1771.0,-0.5866486906721585,0.3674843987415494,-8.296121204059222
3,1772.0,-0.5866486851963629,0.36748441668370535,-8.296121099435144
3,1773.0,-0.5866486797897318,0.367484434631013,-8.296120996132563
3,1774.0,-0.5866486744522651,0.36748445258347223,-8.296120894151485
3,1775.0,-0.5866486691839629,0.3674844705410832,-8.296120793491905
3,1776.0,-0.586648663984825,0.36748448850384574,-8.296120694153828
3,1777.0,-0.5866486588548516,0.36748450647175995,-8.296120596137246
3,1778.0,-0.5866486537940426,0.3674845244448258,-8.296120499442168
3,1779.0,-0.5866486488023981,0.3674845424230433,-8.296120404068592
3,1780.0,-0.5866486438799179,0.3674845604064125,-8.296120310016512
3,1781.0,-0.5866486390266022,0.36748457839493326,-8.296120217285932
3,1782.0,-0.586648634242451,0.36748459638860576,-8.296120125876856
3,1783.0,-0.5866486295274641,0.36748461438742985,-8.296120035789276
3,1784.0,-0.5866486248816417,0.3674846323914056,-8.296119947023199
3,1785.0,-0.5866486203049837,0.367484650400533,-8.29611985957862
3,1786.0,-0.5866486157974902,0.36748466841481203,-8.296119773455546
3,1787.0,-0.586648611359161,0.36748468643424276,-8.296119688653965
3,1788.0,-0.5866486069899963,0.3674847044588251,-8.296119605173889
3,1789.0,-0.586648602689996,0.3674847224885591,-8.29611952301531
3,1790.0,-0.5866485984591602,0.36748474052344476,-8.296119442178233
3,1791.0,-0.5866485942974887,0.36748475856348206,-8.296119362662655
3,1792.0,-0.5866485902049817,0.367484776608671,-8.29611928446858
3,1793.0,-0.5866485861816392,0.36748479465901157,-8.296119207596002
3,1794.0,-0.586648582227461,0.36748481271450384,-8.296119132044927
3,1795.0,-0.5866485783424473,0.3674848307751477,-8.29611905781535
3,1796.0,-0.586648574526598,0.3674848488409433,-8.296118984907272
3,1797.0,-0.5866485707799132,0.3674848669118905,-8.296118913320697
3,1798.0,-0.5866485671023928,0.3674848849879893,-8.296118843055622
3,1799.0,-0.5866485634940367,0.3674849030692398,-8.296118774112044
3,1800.0,-0.5866485599548451,0.3674849211556419,-8.296118706489967
3,1801.0,-0.586648556484818,0.3674849392471957,-8.296118640189391
3,1802.0,-0.5866485530839552,0.36748495734390113,-8.296118575210317
3,1803.0,-0.586648549752257,0.36748497544575826,-8.296118511552743
3,1804.0,-0.5866485464897231,0.367484993552767,-8.296118449216667
3,1805.0,-0.5866485432963537,0.36748501166492736,-8.296118388202094
3,1806.0,-0.5866485401721487,0.3674850297822394,-8.296118328509017
3,1807.0,-0.5866485371171081,0.36748504790470304,-8.296118270137441
3,1808.0,-0.586648534131232,0.3674850660323184,-8.296118213087368
3,1809.0,-0.5866485312145202,0.36748508416508535,-8.296118157358794
3,1810.0,-0.5866485283669729,0.367485102303004,-8.296118102951718
3,1811.0,-0.58664852558859,0.3674851204460743,-8.296118049866147
3,1812.0,-0.5866485228793716,0.3674851385942962,-8.296117998102071
3,1813.0,-0.5866485202393176,0.3674851567476698,-8.296117947659495
3,1814.0,-0.5866485176684281,0.367485174906195,-8.296117898538425
3,1815.0,-0.5866485151667029,0.3674851930698719,-8.296117850738852
3,1816.0,-0.5866485127341422,0.36748521123870037,-8.296117804260776
3,1817.0,-0.5866485103707458,0.3674852294126805,-8.296117759104204
3,1818.0,-0.586648508076514,0.3674852475918124,-8.296117715269132
3,1819.0,-0.5866485058514466,0.36748526577609586,-8.296117672755559
3,1820.0,-0.5866485036955436,0.36748528396553093,-8.296117631563487
3,1821.0,-0.5866485016088049,0.3674853021601177,-8.296117591692909
3,1822.0,-0.5866484995912308,0.36748532035985615,-8.296117553143837
3,1823.0,-0.586648497642821,0.3674853385647462,-8.296117515916265
3,1824.0,-0.5866484957635757,0.3674853567747879,-8.296117480010194
3,1825.0,-0.5866484939534948,0.36748537498998124,-8.296117445425622
3,1826.0,-0.5866484922125784,0.36748539321032625,-8.29611741216255
3,1827.0,-0.5866484905408264,0.3674854114358229,-8.296117380220977
3,1828.0,-0.5866484889382388,0.36748542966647124,-8.296117349600909
3,1829.0,-0.5866484874048157,0.3674854479022712,-8.296117320302338
3,1830.0,-0.5866484859405569,0.3674854661432228,-8.296117292325263
3,1831.0,-0.5866484845454626,0.36748548438932604,-8.296117265669691
3,1832.0,-0.5866484832195327,0.36748550264058094,-8.296117240335624
3,1833.0,-0.5866484819627672,0.3674855208969875,-8.29611721632305
3,1834.0,-0.5866484807751662,0.3674855391585457,-8.296117193631982
3,1835.0,-0.5866484796567296,0.36748555742525557,-8.29611717226241
3,1836.0,-0.5866484786074574,0.36748557569711704,-8.296117152214336
3,1837.0,-0.5866484776273497,0.3674855939741302,-8.29611713348777
3,1838.0,-0.5866484767164064,0.367485612256295,-8.296117116082698
3,1839.0,-0.5866484758746275,0.36748563054361144,-8.296117099999131
3,1840.0,-0.5866484751548273,0.3674856488642148,-8.296117086246163
3,1841.0,-0.5866484747292007,0.36748566727792525,-8.296117078113866
3,1842.0,-0.5866484743221356,0.3674856856153623,-8.29611707033622
3,1843.0,-0.586648473933632,0.367485703876526,-8.296117062913218
3,1844.0,-0.5866484735636898,0.36748572206141633,-8.296117055844862
3,1845.0,-0.5866484732123091,0.36748574017003327,-8.296117049131157
3,1846.0,-0.5866484728794898,0.36748575820237683,-8.296117042772098
3,1847.0,-0.5866484725652321,0.367485776158447,-8.296117036767688
3,1848.0,-0.5866484722695359,0.3674857940382439,-8.296117031117921
3,1849.0,-0.5866484719924011,0.3674858118417673,-8.296117025822808
3,1850.0,-0.5866484717338278,0.36748582956901743,-8.296117020882342
3,1851.0,-0.5866484714938159,0.36748584721999417,-8.296117016296519
3,1852.0,-0.5866484712723656,0.3674858647946975,-8.296117012065347
3,1853.0,-0.5866484710694767,0.3674858822931275,-8.29611700818882
3,1854.0,-0.5866484708851494,0.3674858997152841,-8.296117004666945
3,1855.0,-0.5866484707193834,0.36748591706116734,-8.296117001499711
3,1856.0,-0.586648470572179,0.36748593433077725,-8.296116998687127
3,1857.0,-0.5866484704435361,0.36748595152411373,-8.296116996229195
3,1858.0,-0.5866484703334546,0.3674859686411769,-8.296116994125905
3,1859.0,-0.5866484702419346,0.3674859856819666,-8.296116992377268
3,1860.0,-0.586648470168976,0.367486002646483,-8.296116990983274
3,1861.0,-0.586648470114579,0.36748601953472604,-8.296116989943927
3,1862.0,-0.5866484700787433,0.3674860363466957,-8.29611698925923
3,1863.0,-0.5866484700614693,0.36748605308239196,-8.296116988929178
3,1864.0,-0.5866484700627567,0.36748606974181486,-8.296116988953777
3,1865.0,-0.5866484700826055,0.36748608632496443,-8.29611698933302
3,1866.0,-0.5866484701210158,0.3674861028318406,-8.296116990066915
3,1867.0,-0.5866484701779876,0.3674861192624434,-8.296116991155454
3,1868.0,-0.5866484702535208,0.36748613561677285,-8.296116992598643
3,1869.0,-0.5866484703476157,0.36748615189482886,-8.296116994396476
3,1870.0,-0.5866484704602719,0.36748616809661155,-8.29611699654896
3,1871.0,-0.5866484705914896,0.36748618422212087,-8.296116999056093
3,1872.0,-0.5866484707412688,0.3674862002713568,-8.296117001917866
3,1873.0,-0.5866484709096095,0.36748621624431943,-8.296117005134292
3,1874.0,-0.5866484710965116,0.3674862321410086,-8.296117008705368
3,1875.0,-0.5866484713019753,0.3674862479614245,-8.29611701263109
3,1876.0,-0.5866484715260003,0.3674862637055669,-8.296117016911454
3,1877.0,-0.5866484717685869,0.36748627937343603,-8.29611702154647
3,1878.0,-0.5866484720297349,0.36748629496503177,-8.296117026536132
3,1879.0,-0.5866484723094445,0.36748631048035413,-8.296117031880446
3,1880.0,-0.5866484726077155,0.3674863259194031,-8.296117037579402
3,1881.0,-0.5866484729245479,0.3674863412821787,-8.296117043633005
3,1882.0,-0.586648473259942,0.36748635656868095,-8.296117050041262
3,1883.0,-0.5866484736138974,0.3674863717789098,-8.29611705680416
3,1884.0,-0.5866484739864143,0.36748638691286534,-8.296117063921708
3,1885.0,-0.5866484743774927,0.3674864019705475,-8.296117071393907
3,1886.0,-0.5866484747871326,0.3674864169519562,-8.29611707922075
3,1887.0,-0.5866484752153339,0.3674864318570916,-8.296117087402239
3,1888.0,-0.5866484756620967,0.36748644668595365,-8.296117095938378
3,1889.0,-0.586648476127421,0.3674864614385423,-8.296117104829163
3,1890.0,-0.5866484766113068,0.3674864761148576,-8.296117114074596
3,1891.0,-0.586648477113754,0.3674864907148995,-8.296117123674676
3,1892.0,-0.5866484776347628,0.36748650523866805,-8.296117133629409
3,1893.0,-0.586648478174333,0.3674865196861632,-8.296117143938782
3,1894.0,-0.5866484787324646,0.367486534057385,-8.296117154602806
3,1895.0,-0.5866484793091578,0.36748654835233346,-8.29611716562148
3,1896.0,-0.5866484799044124,0.36748656257100853,-8.296117176994796
3,1897.0,-0.5866484805182285,0.36748657671341023,-8.29611718872276
3,1898.0,-0.5866484811506061,0.36748659077953855,-8.296117200805378
3,1899.0,-0.5866484818015452,0.3674866047693935,-8.29611721324264
3,1900.0,-0.5866484824710457,0.36748661868297505,-8.296117226034546
3,1901.0,-0.5866484831591078,0.3674866325202833,-8.296117239181102
3,1902.0,-0.5866484838657312,0.3674866462813181,-8.296117252682306
3,1903.0,-0.5866484845909162,0.3674866599660796,-8.296117266538158
3,1904.0,-0.5866484853346626,0.36748667357456766,-8.296117280748657
3,1905.0,-0.5866484860969706,0.3674866871067824,-8.296117295313806
3,1906.0,-0.58664848687784,0.36748670056272376,-8.2961173102336
3,1907.0,-0.5866484876772708,0.36748671394239174,-8.296117325508039
3,1908.0,-0.5866484884952633,0.36748672724578635,-8.296117341137132
3,1909.0,-0.5866484893318171,0.36748674047290764,-8.296117357120869
3,1910.0,-0.5866484901869324,0.3674867536237555,-8.296117373459255
3,1911.0,-0.5866484910606092,0.36748676669833,-8.296117390152283
3,1912.0,-0.5866484919528475,0.3674867796966311,-8.296117407199963
3,1913.0,-0.5866484928636472,0.3674867926186589,-8.29611742460229
3,1914.0,-0.5866484937930084,0.3674868054644133,-8.296117442359265
3,1915.0,-0.5866484947409312,0.36748681823389434,-8.296117460470889
3,1916.0,-0.5866484957074153,0.367486830927102,-8.296117478937155
3,1917.0,-0.586648496692461,0.36748684354403627,-8.296117497758075
3,1918.0,-0.5866484976960681,0.36748685608469717,-8.296117516933636
3,1919.0,-0.5866484987182367,0.36748686854908474,-8.29611753646385
3,1920.0,-0.5866484997589667,0.3674868809371989,-8.296117556348712
3,1921.0,-0.5866485008182584,0.3674868932490397,-8.296117576588218
3,1922.0,-0.5866485018961114,0.36748690548460716,-8.296117597182375
3,1923.0,-0.5866485029925259,0.36748691764390123,-8.296117618131177
3,1924.0,-0.5866485041075019,0.36748692972692193,-8.296117639434625
3,1925.0,-0.5866485052410393,0.36748694173366925,-8.296117661092724
3,1926.0,-0.5866485063931383,0.3674869536641432,-8.296117683105468
3,1927.0,-0.5866485075637987,0.36748696551834376,-8.296117705472861
3,1928.0,-0.5866485087530205,0.367486977296271,-8.296117728194902
3,1929.0,-0.586648509960804,0.3674869889979248,-8.29611775127159
3,1930.0,-0.5866485111871488,0.3674870006233053,-8.296117774702923
3,1931.0,-0.5866485124320552,0.3674870121724124,-8.296117798488908
3,1932.0,-0.586648513695523,0.3674870236452461,-8.296117822629537
3,1933.0,-0.5866485149775522,0.36748703504180646,-8.296117847124815
3,1934.0,-0.586648516278143,0.3674870463620935,-8.296117871974742
3,1935.0,-0.5866485175972952,0.3674870576061071,-8.296117897179311
3,1936.0,-0.5866485189350089,0.36748706877384735,-8.296117922738533
3,1937.0,-0.5866485202912841,0.36748707986531426,-8.296117948652402
3,1938.0,-0.5866485216661208,0.36748709088050774,-8.29611797492092
3,1939.0,-0.5866485230605093,0.36748710181222927,-8.296118001563004
3,1940.0,-0.5866485245760052,0.3674871118516939,-8.296118030519043
3,1941.0,-0.5866485260873372,0.3674871218400042,-8.29611805939553
3,1942.0,-0.5866485275945055,0.36748713177716,-8.29611808819246
3,1943.0,-0.5866485290975099,0.3674871416631615,-8.296118116909831
3,1944.0,-0.5866485305963504,0.36748715149800854,-8.296118145547641
3,1945.0,-0.5866485320910271,0.3674871612817011,-8.2961181741059
3,1946.0,-0.58664853358154,0.36748717101423933,-8.296118202584598
3,1947.0,-0.586648535067889,0.36748718069562314,-8.29611823098374
3,1948.0,-0.5866485365500743,0.3674871903258525,-8.296118259303329
3,1949.0,-0.5866485380280958,0.36748719990492745,-8.296118287543361
3,1950.0,-0.5866485395019534,0.367487209432848,-8.296118315703838
3,1951.0,-0.5866485409716471,0.36748721890961417,-8.29611834378475
3,1952.0,-0.5866485424371771,0.36748722833522585,-8.296118371786111
3,1953.0,-0.5866485438985432,0.36748723770968317,-8.296118399707913
3,1954.0,-0.5866485453557455,0.3674872470329861,-8.29611842755016
3,1955.0,-0.586648546808784,0.36748725630513457,-8.296118455312847
3,1956.0,-0.5866485482576586,0.3674872655261286,-8.296118482995979
3,1957.0,-0.5866485497023693,0.36748727469596826,-8.296118510599554
3,1958.0,-0.5866485511429164,0.3674872838146535,-8.296118538123576
3,1959.0,-0.5866485525792995,0.36748729288218435,-8.296118565568039
3,1960.0,-0.5866485540115188,0.36748730189856077,-8.296118592932942
3,1961.0,-0.5866485554395743,0.3674873108637828,-8.29611862021829
3,1962.0,-0.586648556863466,0.3674873197778504,-8.296118647424084
3,1963.0,-0.5866485582831938,0.3674873286407635,-8.296118674550318
3,1964.0,-0.5866485596987578,0.36748733745252227,-8.296118701597
3,1965.0,-0.5866485611101581,0.3674873462131266,-8.296118728564121
3,1966.0,-0.5866485625173944,0.36748735492257656,-8.296118755451685
3,1967.0,-0.5866485639204669,0.3674873635808721,-8.296118782259695
3,1968.0,-0.5866485653193756,0.3674873721880132,-8.296118808988147
3,1969.0,-0.5866485667141205,0.3674873807439999,-8.29611883563704
3,1970.0,-0.5866485681047016,0.3674873892488322,-8.29611886220638
3,1971.0,-0.5866485694911188,0.36748739770251004,-8.29611888869616
3,1972.0,-0.5866485708733722,0.3674874061050335,-8.296118915106387
3,1973.0,-0.5866485722514617,0.36748741445640254,-8.29611894143705
3,1974.0,-0.5866485736253875,0.36748742275661717,-8.296118967688162
3,1975.0,-0.5866485749951494,0.3674874310056774,-8.296118993859716
3,1976.0,-0.5866485763607475,0.3674874392035832,-8.296119019951714
3,1977.0,-0.5866485777221817,0.36748744735033456,-8.296119045964156
3,1978.0,-0.5866485790794522,0.36748745544593153,-8.29611907189704
3,1979.0,-0.5866485804325587,0.3674874634903741,-8.296119097750367
3,1980.0,-0.5866485817815016,0.36748747148366223,-8.296119123524136
3,1981.0,-0.5866485831262805,0.36748747942579596,-8.29611914921835
3,1982.0,-0.5866485844668956,0.3674874873167753,-8.29611917483301
3,1983.0,-0.5866485858033469,0.36748749515660023,-8.296119200368105
3,1984.0,-0.5866485871356344,0.3674875029452707,-8.29611922582365
3,1985.0,-0.586648588463758,0.3674875106827868,-8.296119251199638
3,1986.0,-0.5866485897877178,0.36748751836914845,-8.296119276496066
3,1987.0,-0.5866485911075139,0.3674875260043557,-8.296119301712942
3,1988.0,-0.586648592423146,0.3674875335884085,-8.296119326850256
3,1989.0,-0.5866485937346143,0.367487541121307,-8.296119351908015
3,1990.0,-0.5866485950419188,0.367487548603051,-8.296119376886216
3,1991.0,-0.5866485963450595,0.3674875560336406,-8.29611940178486
3,1992.0,-0.5866485976440364,0.36748756341307576,-8.296119426603955
3,1993.0,-0.5866485989388494,0.3674875707413565,-8.296119451343484
3,1994.0,-0.5866486002294986,0.3674875780184829,-8.296119476003463
3,1995.0,-0.586648601515984,0.36748758524445485,-8.296119500583881
3,1996.0,-0.5866486027983056,0.36748759241927237,-8.296119525084745
3,1997.0,-0.5866486040764632,0.36748759954293553,-8.296119549506045
3,1998.0,-0.5866486053504572,0.3674876066154442,-8.296119573847797
3,1999.0,-0.5866486066202872,0.3674876136367985,-8.296119598109987
3,2000.0,-0.5866486078859534,0.3674876206069984,-8.296119622292625
3,2001.0,-0.5866486091474559,0.36748762752604386,-8.296119646395702
3,2002.0,-0.5866486104047944,0.3674876343939349,-8.296119670419221
3,2003.0,-0.5866486116579691,0.36748764121067157,-8.296119694363185
3,2004.0,-0.5866486129069801,0.3674876479762538,-8.296119718227596
3,2005.0,-0.5866486141518271,0.36748765469068156,-8.296119742012444
3,2006.0,-0.5866486153925105,0.367487661353955,-8.296119765717739
3,2007.0,-0.5866486166290299,0.36748766796607396,-8.296119789343477
3,2008.0,-0.5866486178613854,0.36748767452703857,-8.296119812889659
3,2009.0,-0.5866486190895773,0.3674876810368487,-8.296119836356285
3,2010.0,-0.5866486203136052,0.3674876874955044,-8.29611985974335
3,2011.0,-0.5866486215334694,0.3674876939030058,-8.296119883050864
3,2012.0,-0.5866486227491697,0.3674877002593527,-8.296119906278813
3,2013.0,-0.5866486239607062,0.3674877065645452,-8.29611992942721
3,2014.0,-0.5866486251680788,0.3674877128185833,-8.29611995249605
3,2015.0,-0.5866486263712877,0.367487719021467,-8.296119975485334
3,2016.0,-0.5866486275703326,0.3674877251731962,-8.296119998395062
3,2017.0,-0.5866486287652138,0.3674877312737711,-8.296120021225232
3,2018.0,-0.5866486299559311,0.3674877373231915,-8.296120043975844
3,2019.0,-0.5866486311424847,0.36748774332145756,-8.2961200666469
3,2020.0,-0.5866486323248744,0.3674877492685692,-8.2961200892384
3,2021.0,-0.5866486335031003,0.36748775516452636,-8.296120111750344
3,2022.0,-0.5866486346771622,0.3674877610093292,-8.296120134182729
3,2023.0,-0.5866486358470605,0.3674877668029775,-8.29612015653556
3,2024.0,-0.5866486370127948,0.3674877725454715,-8.29612017880883
3,2025.0,-0.5866486381743654,0.36748777823681106,-8.296120201002546
3,2026.0,-0.5866486393317721,0.36748778387699615,-8.296120223116706
3,2027.0,-0.586648640485015,0.3674877894660269,-8.296120245151306
3,2028.0,-0.5866486416340941,0.3674877950039032,-8.296120267106355
3,2029.0,-0.5866486427790093,0.36748780049062507,-8.296120288981838
3,2030.0,-0.5866486439197608,0.36748780592619257,-8.296120310777773
3,2031.0,-0.5866486450563484,0.36748781131060565,-8.296120332494151
3,2032.0,-0.5866486461887721,0.36748781664386426,-8.296120354130968
3,2033.0,-0.586648647317032,0.3674878219259685,-8.296120375688231
3,2034.0,-0.5866486484411282,0.36748782715691836,-8.296120397165938
3,2035.0,-0.5866486495610604,0.3674878323367138,-8.296120418564083
3,2036.0,-0.5866486506768289,0.36748783746535474,-8.296120439882676
3,2037.0,-0.5866486517884335,0.36748784254284134,-8.29612046112171
3,2038.0,-0.5866486528958743,0.3674878475691735,-8.296120482281186
3,2039.0,-0.5866486539991512,0.3674878525443513,-8.296120503361106
3,2040.0,-0.5866486550982645,0.3674878574683746,-8.29612052436147
3,2041.0,-0.5866486561932137,0.36748786234124353,-8.296120545282278
3,2042.0,-0.5866486572839992,0.36748786716295806,-8.296120566123527
3,2043.0,-0.5866486583706209,0.3674878719335182,-8.296120586885221
3,2044.0,-0.5866486594530788,0.3674878766529239,-8.29612060756736
3,2045.0,-0.5866486605313728,0.36748788132117516,-8.296120628169943
3,2046.0,-0.5866486616055029,0.36748788593827203,-8.296120648692964
3,2047.0,-0.5866486626754692,0.36748789050421443,-8.296120669136432
3,2048.0,-0.5866486637412718,0.3674878950190025,-8.296120689500343
3,2049.0,-0.5866486648029104,0.3674878994826361,-8.296120709784693
3,2050.0,-0.5866486658603853,0.3674879038951153,-8.296120729989491
3,2051.0,-0.5866486669136964,0.3674879082564401,-8.296120750114731
3,2052.0,-0.5866486679628437,0.3674879125666105,-8.296120770160416
3,2053.0,-0.586648669007827,0.3674879168256265,-8.296120790126542
3,2054.0,-0.5866486700486466,0.36748792103348804,-8.296120810013113
3,2055.0,-0.5866486710853023,0.3674879251901952,-8.296120829820124
3,2056.0,-0.5866486721177943,0.3674879292957479,-8.29612084954758
3,2057.0,-0.5866486731461223,0.36748793335014623,-8.296120869195478
3,2058.0,-0.5866486741702865,0.36748793735339014,-8.296120888763822
3,2059.0,-0.586648675190287,0.3674879413054796,-8.296120908252606
3,2060.0,-0.5866486762061236,0.3674879452064147,-8.296120927661837
3,2061.0,-0.5866486772177963,0.36748794905619536,-8.29612094699151
3,2062.0,-0.5866486782253053,0.3674879528548216,-8.296120966241624
3,2063.0,-0.5866486792286504,0.36748795660229344,-8.29612098541218
3,2064.0,-0.5866486802278317,0.36748796029861086,-8.296121004503185
3,2065.0,-0.5866486812228492,0.36748796394377387,-8.296121023514628
3,2066.0,-0.5866486822137028,0.3674879675377825,-8.296121042446517
3,2067.0,-0.5866486832003927,0.3674879710806367,-8.296121061298848
3,2068.0,-0.5866486841829186,0.36748797457233645,-8.296121080071625
3,2069.0,-0.5866486851612808,0.3674879780128818,-8.296121098764841
3,2070.0,-0.586648686135479,0.36748798140227273,-8.296121117378501
3,2071.0,-0.5866486871055135,0.36748798474050925,-8.296121135912607
3,2072.0,-0.5866486880713843,0.3674879880275914,-8.296121154367153
3,2073.0,-0.5866486890330911,0.3674879912635191,-8.296121172742147
3,2074.0,-0.5866486899906341,0.3674879944482924,-8.296121191037578
3,2075.0,-0.5866486909440133,0.36748799758191125,-8.296121209253455
3,2076.0,-0.5866486918932287,0.3674880006643757,-8.296121227389778
3,2077.0,-0.5866486928382803,0.3674880036956858,-8.296121245446543
3,2078.0,-0.586648693779168,0.3674880066758414,-8.296121263423752
3,2079.0,-0.5866486947158918,0.3674880096048426,-8.2961212813214
3,2080.0,-0.5866486956484519,0.3674880124826895,-8.296121299139493
3,2081.0,-0.586648696576848,0.36748801530938185,-8.29612131687803
3,2082.0,-0.5866486975010805,0.3674880180849198,-8.29612133453701
3,2083.0,-0.5866486984211491,0.3674880208093034,-8.296121352116433
3,2084.0,-0.5866486993370538,0.36748802348253257,-8.2961213696163
3,2085.0,-0.5866487002487947,0.3674880261046073,-8.296121387036607
3,2086.0,-0.5866487011563718,0.3674880286755276,-8.296121404377363
3,2087.0,-0.586648702059785,0.36748803119529355,-8.296121421638558
3,2088.0,-0.5866487029590345,0.36748803366390503,-8.296121438820197
3,2089.0,-0.5866487038541202,0.36748803608136216,-8.29612145592228
3,2090.0,-0.5866487047450419,0.3674880384476648,-8.296121472944808
3,2091.0,-0.5866487056317998,0.36748804076281305,-8.296121489887772
3,2092.0,-0.586648706514394,0.36748804302680693,-8.296121506751188
3,2093.0,-0.5866487073928243,0.36748804523964634,-8.296121523535044
3,2094.0,-0.5866487082670908,0.3674880474013314,-8.296121540239344
3,2095.0,-0.5866487091371935,0.367488049511862,-8.296121556864087
3,2096.0,-0.5866487100031322,0.3674880515712382,-8.296121573409268
3,2097.0,-0.5866487108649072,0.36748805357945996,-8.2961215898749
3,2098.0,-0.5866487117225184,0.36748805553652736,-8.296121606260968
3,2099.0,-0.5866487125759657,0.3674880574424403,-8.296121622567485
3,2100.0,-0.5866487134252493,0.36748805929719885,-8.296121638794443
3,2101.0,-0.5866487142703689,0.36748806110080295,-8.296121654941846
3,2102.0,-0.5866487151113248,0.3674880628532527,-8.296121671009688
3,2103.0,-0.5866487159481169,0.36748806455454797,-8.296121686997981
3,2104.0,-0.586648716780745,0.3674880662046889,-8.296121702906712
3,2105.0,-0.5866487176092093,0.3674880678036754,-8.296121718735883
3,2106.0,-0.58664871843351,0.3674880693515074,-8.296121734485501
3,2107.0,-0.5866487192536467,0.3674880708481851,-8.296121750155564
3,2108.0,-0.5866487200696195,0.3674880722937083,-8.296121765746067
3,2109.0,-0.5866487208814286,0.3674880736880771,-8.296121781257014
3,2110.0,-0.5866487216890739,0.36748807503129155,-8.296121796688405
3,2111.0,-0.5866487224925553,0.3674880763233515,-8.296121812040235
3,2112.0,-0.5866487232440685,0.36748807733691885,-8.296121826399133
3,2113.0,-0.586648723989673,0.36748807833225544,-8.296121840645135
3,2114.0,-0.586648724730609,0.36748807931578914,-8.296121854801935
3,2115.0,-0.5866487254668765,0.36748808028752,-8.296121868869534
3,2116.0,-0.5866487261984754,0.3674880812474479,-8.296121882847936
3,2117.0,-0.5866487269254058,0.36748808219557305,-8.296121896737139
3,2118.0,-0.5866487276476676,0.36748808313189524,-8.296121910537137
3,2119.0,-0.5866487283652609,0.3674880840564146,-8.296121924247936
3,2120.0,-0.5866487290781858,0.3674880849691311,-8.29612193786954
3,2121.0,-0.586648729786442,0.3674880858700447,-8.29612195140194
3,2122.0,-0.5866487304900297,0.36748808675915545,-8.296121964845138
3,2123.0,-0.5866487311889489,0.3674880876364633,-8.296121978199139
3,2124.0,-0.5866487318831995,0.3674880885019683,-8.296121991463938
3,2125.0,-0.5866487325727817,0.3674880893556704,-8.29612200463954
3,2126.0,-0.5866487332576953,0.3674880901975697,-8.296122017725944
3,2127.0,-0.5866487339379403,0.36748809102766605,-8.296122030723142
3,2128.0,-0.5866487346135169,0.3674880918459596,-8.296122043631144
3,2129.0,-0.5866487352844247,0.3674880926524502,-8.296122056449944
3,2130.0,-0.5866487359506642,0.36748809344713795,-8.296122069179543
3,2131.0,-0.5866487366122352,0.3674880942300229,-8.296122081819941
3,2132.0,-0.5866487372691375,0.3674880950011049,-8.296122094371142
3,2133.0,-0.5866487379213713,0.36748809576038405,-8.296122106833142
3,2134.0,-0.5866487385689366,0.36748809650786035,-8.296122119205942
3,2135.0,-0.5866487392118334,0.36748809724353376,-8.296122131489543
3,2136.0,-0.5866487398500616,0.3674880979674043,-8.296122143683943
3,2137.0,-0.5866487404836213,0.36748809867947196,-8.29612215578914
3,2138.0,-0.5866487411125124,0.36748809937973675,-8.296122167805141
3,2139.0,-0.586648741736735,0.36748810006819865,-8.29612217973194
3,2140.0,-0.586648742356289,0.3674881007448577,-8.29612219156954
3,2141.0,-0.5866487429711746,0.3674881014097139,-8.29612220331794
3,2142.0,-0.5866487435813916,0.3674881020627672,-8.296122214977142
3,2143.0,-0.5866487441869401,0.36748810270401766,-8.296122226547142
3,2144.0,-0.58664874478782,0.3674881033334652,-8.296122238027936
3,2145.0,-0.5866487453840314,0.3674881039511099,-8.29612224941954
3,2146.0,-0.5866487459755743,0.36748810455695174,-8.296122260721937
3,2147.0,-0.5866487465624486,0.3674881051509907,-8.296122271935136
3,2148.0,-0.5866487471446544,0.36748810573322677,-8.296122283059136
3,2149.0,-0.5866487477221917,0.36748810630365997,-8.296122294093934
3,2150.0,-0.5866487482950603,0.36748810686229033,-8.296122305039532
3,2151.0,-0.5866487488632606,0.3674881074091178,-8.296122315895936
3,2152.0,-0.5866487494267921,0.3674881079441424,-8.296122326663129
3,2153.0,-0.5866487499856553,0.3674881084673641,-8.29612233734113
3,2154.0,-0.5866487505398499,0.367488108978783,-8.296122347929929
3,2155.0,-0.5866487510893759,0.36748810947839894,-8.296122358429528
3,2156.0,-0.5866487516342334,0.36748810996621206,-8.296122368839926
3,2157.0,-0.5866487521744224,0.3674881104422223,-8.296122379161126
3,2158.0,-0.5866487527099428,0.3674881109064297,-8.296122389393123
3,2159.0,-0.5866487532407947,0.3674881113588342,-8.296122399535923
3,2160.0,-0.586648753766978,0.3674881117994358,-8.29612240958952
3,2161.0,-0.5866487542884928,0.3674881122282346,-8.29612241955392
3,2162.0,-0.5866487548053392,0.36748811264523046,-8.296122429429118
3,2163.0,-0.5866487553175169,0.36748811305042345,-8.296122439215114
3,2164.0,-0.5866487558250261,0.3674881134438136,-8.296122448911913
3,2165.0,-0.5866487563278668,0.36748811382540086,-8.296122458519513
3,2166.0,-0.5866487568260389,0.36748811419518523,-8.29612246803791
3,2167.0,-0.5866487573195426,0.36748811455316677,-8.296122477467108
3,2168.0,-0.5866487578083777,0.3674881148993454,-8.296122486807107
3,2169.0,-0.5866487582925441,0.3674881152337212,-8.296122496057906
3,2170.0,-0.5866487587720421,0.3674881155562941,-8.296122505219502
3,2171.0,-0.5866487592468717,0.36748811586706415,-8.296122514291902
3,2172.0,-0.5866487597170326,0.36748811616603133,-8.296122523275098
3,2173.0,-0.586648760182525,0.3674881164531956,-8.296122532169097
3,2174.0,-0.5866487606433488,0.3674881167285571,-8.296122540973895
3,2175.0,-0.5866487610995041,0.36748811699211564,-8.29612254968949
3,2176.0,-0.5866487615509909,0.3674881172438713,-8.296122558315886
3,2177.0,-0.5866487619978091,0.3674881174838241,-8.296122566853086
3,2178.0,-0.5866487624399589,0.36748811771197404,-8.296122575301084
3,2179.0,-0.58664876287744,0.36748811792832115,-8.296122583659878
3,2180.0,-0.5866487633102527,0.3674881181328653,-8.296122591929478
3,2181.0,-0.5866487637383968,0.3674881183256067,-8.296122600109875
3,2182.0,-0.5866487641618724,0.3674881185065451,-8.296122608201072
3,2183.0,-0.5866487645806794,0.3674881186756807,-8.29612261620307
3,2184.0,-0.5866487649948179,0.3674881188330134,-8.296122624115867
3,2185.0,-0.5866487654042879,0.3674881189785433,-8.296122631939463
3,2186.0,-0.5866487658090893,0.3674881191122702,-8.296122639673861
3,2187.0,-0.5866487662092222,0.36748811923419433,-8.296122647319057
3,2188.0,-0.5866487666046866,0.3674881193443155,-8.296122654875052
3,2189.0,-0.5866487669954824,0.36748811944263393,-8.296122662341851
3,2190.0,-0.5866487673816096,0.3674881195291494,-8.29612266971945
3,2191.0,-0.5866487677630684,0.367488119603862,-8.296122677007844
3,2192.0,-0.5866487681398587,0.36748811966677175,-8.296122684207045
3,2193.0,-0.5866487685119803,0.3674881197178786,-8.29612269131704
3,2194.0,-0.5866487688794335,0.3674881197571826,-8.296122698337838
3,2195.0,-0.5866487692422181,0.36748811978468376,-8.29612270526943
3,2196.0,-0.5866487696003342,0.367488119800382,-8.296122712111831
3,2197.0,-0.5866487699537817,0.36748811980427737,-8.296122718865027
3,2198.0,-0.5866487703025607,0.3674881197963699,-8.296122725529024
3,2199.0,-0.5866487706466712,0.3674881197766595,-8.296122732103822
3,2200.0,-0.5866487709861131,0.36748811974514634,-8.296122738589416
3,2201.0,-0.5866487713208864,0.3674881197018302,-8.29612274498581
3,2202.0,-0.5866487716509914,0.36748811964671124,-8.296122751293009
3,2203.0,-0.5866487719764276,0.3674881195797894,-8.296122757511002
3,2204.0,-0.5866487722971955,0.3674881195010647,-8.296122763639799
3,2205.0,-0.5866487726132947,0.3674881194105371,-8.296122769679396
3,2206.0,-0.5866487729247254,0.36748811930820663,-8.296122775629794
3,2207.0,-0.5866487732314876,0.3674881191940733,-8.296122781490988
3,2208.0,-0.5866487735335812,0.3674881190681371,-8.296122787262984
3,2209.0,-0.5866487738310063,0.36748811893039807,-8.296122792945779
3,2210.0,-0.5866487741237629,0.3674881187808561,-8.296122798539377
3,2211.0,-0.5866487744118509,0.3674881186195113,-8.296122804043772
3,2212.0,-0.5866487746952704,0.3674881184463636,-8.296122809458968
3,2213.0,-0.5866487749740215,0.36748811826141303,-8.296122814784963
3,2214.0,-0.5866487752481039,0.36748811806465964,-8.29612282002176
3,2215.0,-0.5866487755175177,0.3674881178561033,-8.29612282516935
3,2216.0,-0.586648775782263,0.3674881176357441,-8.296122830227745
3,2217.0,-0.5866487760423399,0.3674881174035821,-8.296122835196941
3,2218.0,-0.5866487762977481,0.3674881171596172,-8.29612284007694
3,2219.0,-0.5866487765484879,0.3674881169038494,-8.296122844867732
3,2220.0,-0.5866487767945592,0.3674881166362788,-8.296122849569333
3,2221.0,-0.5866487770359619,0.3674881163569052,-8.296122854181727
3,2222.0,-0.5866487772726959,0.36748811606572884,-8.296122858704917
3,2223.0,-0.5866487775047616,0.36748811576274953,-8.296122863138914
3,2224.0,-0.5866487777321586,0.36748811544796744,-8.296122867483707
3,2225.0,-0.5866487779548872,0.3674881151213824,-8.296122871739307
3,2226.0,-0.5866487781729471,0.36748811478299453,-8.296122875905699
3,2227.0,-0.5866487783863387,0.36748811443280377,-8.296122879982896
3,2228.0,-0.5866487785950616,0.36748811407081017,-8.29612288397089
3,2229.0,-0.5866487787991159,0.3674881136970136,-8.296122887869684
3,2230.0,-0.5866487789985019,0.3674881133114143,-8.29612289167928
3,2231.0,-0.5866487791932191,0.367488112914012,-8.296122895399673
3,2232.0,-0.5866487793832679,0.3674881125048069,-8.296122899030864
3,2233.0,-0.5866487795686481,0.36748811208379895,-8.296122902572865
3,2234.0,-0.5866487797493599,0.3674881116509881,-8.296122906025657
3,2235.0,-0.5866487799254031,0.36748811120637437,-8.29612290938925
3,2236.0,-0.5866487800967777,0.36748811074995774,-8.296122912663646
3,2237.0,-0.5866487802634838,0.3674881102817383,-8.296122915848835
3,2238.0,-0.5866487804255214,0.3674881098017159,-8.296122918944835
3,2239.0,-0.5866487805811312,0.3674881093078369,-8.296122921918016
3,2240.0,-0.5866487806787573,0.3674881087443391,-8.296122923783324
3,2241.0,-0.5866487807757101,0.3674881081822952,-8.296122925635768
3,2242.0,-0.5866487808719901,0.3674881076217051,-8.296122927475352
3,2243.0,-0.586648780967597,0.36748810706256874,-8.296122929302081
3,2244.0,-0.5866487810625308,0.3674881065048863,-8.296122931115947
3,2245.0,-0.5866487811567918,0.3674881059486576,-8.296122932916958
3,2246.0,-0.5866487812503796,0.3674881053938827,-8.296122934705107
3,2247.0,-0.5866487813432943,0.36748810484056166,-8.296122936480398
3,2248.0,-0.5866487814355361,0.36748810428869444,-8.29612293824283
3,2249.0,-0.5866487815271049,0.367488103738281,-8.296122939992399
3,2250.0,-0.5866487816180006,0.3674881031893214,-8.296122941729113
3,2251.0,-0.5866487817082233,0.36748810264181564,-8.296122943452966
3,2252.0,-0.586648781797773,0.36748810209576366,-8.29612294516396
3,2253.0,-0.5866487818866497,0.3674881015511655,-8.296122946862095
3,2254.0,-0.5866487819748534,0.36748810100802115,-8.296122948547373
3,2255.0,-0.586648782062384,0.3674881004663307,-8.296122950219788
3,2256.0,-0.5866487821492415,0.36748809992609394,-8.296122951879344
3,2257.0,-0.5866487822354262,0.3674880993873111,-8.29612295352604
3,2258.0,-0.5866487823209376,0.36748809884998196,-8.29612295515988
3,2259.0,-0.5866487824057762,0.3674880983141067,-8.29612295678086
3,2260.0,-0.5866487824899417,0.3674880977796853,-8.29612295838898
3,2261.0,-0.5866487825734342,0.36748809724671766,-8.296122959984242
3,2262.0,-0.5866487826562536,0.3674880967152038,-8.296122961566644
3,2263.0,-0.5866487827384,0.36748809618514383,-8.296122963136185
3,2264.0,-0.5866487828198734,0.36748809565653767,-8.29612296469287
3,2265.0,-0.5866487829006739,0.3674880951293853,-8.296122966236695
3,2266.0,-0.5866487829808013,0.36748809460368675,-8.296122967767658
3,2267.0,-0.5866487830602556,0.367488094079442,-8.296122969285765
3,2268.0,-0.5866487831390369,0.3674880935566511,-8.29612297079101
3,2269.0,-0.5866487832171452,0.367488093035314,-8.2961229722834
3,2270.0,-0.5866487832945804,0.3674880925154307,-8.296122973762927
3,2271.0,-0.5866487833713426,0.3674880919970012,-8.296122975229594
3,2272.0,-0.5866487834474319,0.3674880914800256,-8.296122976683407
3,2273.0,-0.5866487835228481,0.36748809096450374,-8.296122978124355
3,2274.0,-0.5866487835975912,0.36748809045043573,-8.296122979552445
3,2275.0,-0.5866487836716614,0.3674880899378215,-8.296122980967679
3,2276.0,-0.5866487837450585,0.3674880894266611,-8.296122982370052
3,2277.0,-0.5866487838177826,0.36748808891695456,-8.296122983759563
3,2278.0,-0.5866487838898337,0.3674880884087018,-8.296122985136217
3,2279.0,-0.5866487839612117,0.36748808790190285,-8.296122986500013
3,2280.0,-0.5866487840319168,0.3674880873965577,-8.296122987850952
3,2281.0,-0.5866487841019488,0.3674880868926664,-8.296122989189026
3,2282.0,-0.5866487841713077,0.3674880863902289,-8.296122990514245
3,2283.0,-0.5866487842399937,0.3674880858892452,-8.296122991826604
3,2284.0,-0.5866487843080066,0.36748808538971534,-8.296122993126101
3,2285.0,-0.5866487843753465,0.3674880848916393,-8.29612299441274
3,2286.0,-0.5866487844420134,0.36748808439501707,-8.29612299568652
3,2287.0,-0.5866487845080073,0.3674880838998486,-8.296122996947442
3,2288.0,-0.586648784573328,0.36748808340613404,-8.296122998195502
3,2289.0,-0.5866487846379759,0.36748808291387325,-8.296122999430706
3,2290.0,-0.5866487847019507,0.36748808242306624,-8.296123000653049
3,2291.0,-0.5866487847652524,0.36748808193371313,-8.296123001862531
3,2292.0,-0.5866487848278812,0.36748808144581374,-8.29612300305916
3,2293.0,-0.5866487848898368,0.36748808095936825,-8.296123004242924
3,2294.0,-0.5866487849511196,0.36748808047437653,-8.29612300541383
3,2295.0,-0.5866487850117292,0.36748807999083866,-8.296123006571879
3,2296.0,-0.5866487850716658,0.36748807950875456,-8.296123007717066
3,2297.0,-0.5866487851309296,0.3674880790281243,-8.296123008849394
3,2298.0,-0.5866487851895201,0.3674880785489478,-8.296123009968866
3,2299.0,-0.5866487852474377,0.3674880780712252,-8.296123011075474
3,2300.0,-0.5866487853046822,0.3674880775949564,-8.296123012169227
3,2301.0,-0.5866487853612538,0.36748807712014137,-8.296123013250119
3,2302.0,-0.5866487854171523,0.3674880766467802,-8.296123014318152
3,2303.0,-0.5866487854723778,0.36748807617487284,-8.296123015373325
3,2304.0,-0.5866487855269302,0.36748807570441927,-8.29612301641564
3,2305.0,-0.5866487855808096,0.36748807523541954,-8.296123017445096
3,2306.0,-0.586648785634016,0.3674880747678736,-8.296123018461689
3,2307.0,-0.5866487856865494,0.36748807430178154,-8.29612301946543
3,2308.0,-0.5866487857384097,0.3674880738371432,-8.296123020456307
3,2309.0,-0.5866487857895971,0.3674880733739587,-8.296123021434322
3,2310.0,-0.5866487858401114,0.36748807291222807,-8.29612302239948
3,2311.0,-0.5866487858899527,0.36748807245195125,-8.296123023351784
3,2312.0,-0.586648785939121,0.3674880719931282,-8.296123024291221
3,2313.0,-0.5866487859876163,0.367488071535759,-8.296123025217804
3,2314.0,-0.5866487860354385,0.3674880710798436,-8.296123026131525
3,2315.0,-0.5866487860825876,0.367488070625382,-8.296123027032388
3,2316.0,-0.5866487861290638,0.3674880701723743,-8.296123027920391
3,2317.0,-0.5866487861748669,0.3674880697208203,-8.296123028795536
3,2318.0,-0.586648786219997,0.3674880692707202,-8.29612302965782
3,2319.0,-0.5866487862644542,0.36748806882207385,-8.296123030507248
3,2320.0,-0.5866487863082382,0.36748806837488135,-8.296123031343814
3,2321.0,-0.5866487863513493,0.3674880679291427,-8.296123032167523
3,2322.0,-0.5866487863937874,0.3674880674848578,-8.296123032978372
3,2323.0,-0.5866487864355523,0.36748806704202674,-8.29612303377636
3,2324.0,-0.5866487864766443,0.3674880666006495,-8.296123034561491
3,2325.0,-0.5866487865170633,0.36748806616072605,-8.296123035333762
3,2326.0,-0.5866487865568092,0.36748806572225645,-8.29612303609317
3,2327.0,-0.5866487865958822,0.3674880652852407,-8.296123036839724
3,2328.0,-0.586648786634282,0.3674880648496787,-8.296123037573416
3,2329.0,-0.5866487866720088,0.3674880644155705,-8.29612303829425
3,2330.0,-0.5866487867090627,0.36748806398291617,-8.296123039002225
3,2331.0,-0.5866487867454435,0.36748806355171565,-8.296123039697342
3,2332.0,-0.5866487867811513,0.3674880631219689,-8.296123040379596
3,2333.0,-0.586648786816186,0.36748806269367607,-8.296123041048995
3,2334.0,-0.5866487868505478,0.36748806226683695,-8.296123041705528
3,2335.0,-0.5866487868842365,0.36748806184145166,-8.296123042349208
3,2336.0,-0.5866487869172522,0.3674880614175202,-8.296123042980028
3,2337.0,-0.5866487869495949,0.3674880609950426,-8.296123043597989
3,2338.0,-0.5866487869812645,0.3674880605740188,-8.296123044203089
3,2339.0,-0.5866487870122612,0.3674880601544488,-8.296123044795333
3,2340.0,-0.5866487870425847,0.3674880597363326,-8.296123045374713
3,2341.0,-0.5866487870722353,0.3674880593196702,-8.296123045941236
3,2342.0,-0.5866487871012129,0.3674880589044616,-8.296123046494902
3,2343.0,-0.5866487871295174,0.3674880584907069,-8.296123047035705
3,2344.0,-0.586648787157149,0.36748805807840595,-8.29612304756365
3,2345.0,-0.5866487871841074,0.3674880576675589,-8.296123048078735
3,2346.0,-0.5866487872103928,0.3674880572581656,-8.29612304858096
3,2347.0,-0.5866487872360053,0.3674880568502261,-8.29612304907033
3,2348.0,-0.5866487872609447,0.36748805644374044,-8.296123049546837
3,2349.0,-0.5866487872852111,0.3674880560387086,-8.296123050010488
3,2350.0,-0.5866487873088044,0.36748805563513054,-8.296123050461278
3,2351.0,-0.5866487873317248,0.3674880552330063,-8.296123050899208
3,2352.0,-0.5866487873539721,0.36748805483233593,-8.296123051324281
3,2353.0,-0.5866487873755464,0.3674880544331193,-8.296123051736492
3,2354.0,-0.5866487873964477,0.36748805403535656,-8.296123052135847
3,2355.0,-0.5866487874166759,0.36748805363904763,-8.296123052522342
3,2356.0,-0.5866487874362312,0.3674880532441925,-8.296123052895977
3,2357.0,-0.5866487874551133,0.36748805285079117,-8.296123053256748
3,2358.0,-0.5866487874733225,0.36748805245884364,-8.296123053604665
3,2359.0,-0.5866487874908586,0.36748805206834995,-8.296123053939723
3,2360.0,-0.5866487875077218,0.3674880516793101,-8.29612305426192
3,2361.0,-0.5866487875239118,0.367488051291724,-8.296123054571256
3,2362.0,-0.586648787539429,0.3674880509055918,-8.296123054867738
3,2363.0,-0.586648787554273,0.3674880505209133,-8.296123055151359
3,2364.0,-0.586648787568444,0.3674880501376887,-8.296123055422116
3,2365.0,-0.586648787581942,0.3674880497559179,-8.296123055680019
3,2366.0,-0.586648787594767,0.367488049375601,-8.296123055925065
3,2367.0,-0.586648787606919,0.36748804899673776,-8.296123056157244
3,2368.0,-0.5866487876183979,0.36748804861932843,-8.29612305637657
3,2369.0,-0.5866487876292038,0.3674880482433729,-8.296123056583031
3,2370.0,-0.5866487876393367,0.3674880478688712,-8.296123056776642
3,2371.0,-0.5866487876487966,0.36748804749582326,-8.296123056957386
3,2372.0,-0.5866487876575834,0.36748804712422917,-8.296123057125277
3,2373.0,-0.5866487876656972,0.3674880467540889,-8.296123057280303
3,2374.0,-0.586648787673138,0.36748804638540244,-8.29612305742247
3,2375.0,-0.5866487876799058,0.3674880460181698,-8.29612305755178
3,2376.0,-0.5866487876860005,0.367488045652391,-8.296123057668229
3,2377.0,-0.5866487876914223,0.367488045288066,-8.296123057771819
3,2378.0,-0.5866487876961709,0.36748804492519477,-8.296123057862548
3,2379.0,-0.5866487877002466,0.3674880445637774,-8.296123057940427
3,2380.0,-0.5866487877036493,0.36748804420381387,-8.296123058005438
3,2381.0,-0.5866487877063788,0.3674880438453041,-8.296123058057592
3,2382.0,-0.5866487877084355,0.36748804348824815,-8.296123058096887
3,2383.0,-0.5866487877098191,0.36748804313264605,-8.296123058123323
3,2384.0,-0.5866487877105296,0.3674880427784977,-8.296123058136898
3,2385.0,-0.5866487877105672,0.36748804242580324,-8.296123058137615
3,2386.0,-0.5866487877099317,0.3674880420745626,-8.296123058125472
3,2387.0,-0.5866487877086232,0.3674880417247757,-8.296123058100472
3,2388.0,-0.5866487877066416,0.3674880413764427,-8.296123058062612
3,2389.0,-0.586648787703987,0.3674880410295635,-8.29612305801189
3,2390.0,-0.5866487877006594,0.3674880406841381,-8.296123057948313
3,2391.0,-0.5866487876966588,0.36748804034016647,-8.296123057871878
3,2392.0,-0.5866487876919853,0.36748803999764873,-8.296123057782578
3,2393.0,-0.5866487876866385,0.3674880396565848,-8.296123057680418
3,2394.0,-0.5866487876806189,0.3674880393169746,-8.296123057565405
3,2395.0,-0.5866487876739261,0.36748803897881827,-8.29612305743753
3,2396.0,-0.5866487876665605,0.36748803864211577,-8.296123057296796
3,2397.0,-0.5866487876585217,0.3674880383068671,-8.296123057143202
3,2398.0,-0.5866487876498099,0.3674880379730722,-8.296123056976748
3,2399.0,-0.586648787640425,0.3674880376407311,-8.296123056797434
3,2400.0,-0.5866487876303673,0.36748803730984386,-8.296123056605262
3,2401.0,-0.5866487876196365,0.36748803698041044,-8.296123056400234
3,2402.0,-0.5866487876082326,0.36748803665243085,-8.296123056182346
3,2403.0,-0.5866487875961557,0.36748803632590504,-8.296123055951597
3,2404.0,-0.5866487875834058,0.367488036000833,-8.296123055707987
3,2405.0,-0.5866487875699827,0.3674880356772149,-8.296123055451517
3,2406.0,-0.5866487875558868,0.36748803535505054,-8.296123055182193
3,2407.0,-0.5866487875411178,0.36748803503433997,-8.296123054900006
3,2408.0,-0.5866487875256758,0.36748803471508323,-8.296123054604966
3,2409.0,-0.5866487875095607,0.36748803439728034,-8.296123054297057
3,2410.0,-0.5866487874927727,0.3674880340809312,-8.296123053976293
3,2411.0,-0.5866487874753116,0.36748803376603595,-8.296123053642669
3,2412.0,-0.5866487874571775,0.3674880334525945,-8.29612305329619
3,2413.0,-0.5866487874383703,0.36748803314060685,-8.296123052936847
3,2414.0,-0.5866487874188903,0.36748803283007303,-8.296123052564647
3,2415.0,-0.586648787398737,0.36748803252099305,-8.296123052179588
3,2416.0,-0.5866487873779108,0.36748803221336684,-8.296123051781668
3,2417.0,-0.5866487873564116,0.3674880319071944,-8.29612305137089
3,2418.0,-0.5866487873342393,0.3674880316024759,-8.296123050947251
3,2419.0,-0.586648787311394,0.36748803129921115,-8.296123050510756
3,2420.0,-0.5866487872878757,0.3674880309974002,-8.296123050061398
3,2421.0,-0.5866487872636844,0.36748803069704306,-8.296123049599183
3,2422.0,-0.5866487872388201,0.36748803039813976,-8.29612304912411
3,2423.0,-0.5866487872132827,0.36748803010069025,-8.296123048636177
3,2424.0,-0.5866487871870724,0.3674880298046946,-8.296123048135385
3,2425.0,-0.5866487871601889,0.36748802951015275,-8.296123047621734
3,2426.0,-0.5866487871326325,0.3674880292170647,-8.296123047095222
3,2427.0,-0.586648787104403,0.3674880289254305,-8.296123046555852
3,2428.0,-0.5866487870755005,0.36748802863525004,-8.296123046003622
3,2429.0,-0.586648787045925,0.36748802834652344,-8.296123045438534
3,2430.0,-0.5866487870156765,0.3674880280592507,-8.296123044860588
3,2431.0,-0.5866487869847549,0.3674880277734317,-8.296123044269777
3,2432.0,-0.5866487869531604,0.36748802748906656,-8.296123043666112
3,2433.0,-0.5866487869208927,0.36748802720615525,-8.296123043049588
3,2434.0,-0.5866487868879521,0.36748802692469773,-8.2961230424202
3,2435.0,-0.5866487868543384,0.36748802664469404,-8.296123041777957
3,2436.0,-0.5866487868200517,0.36748802636614414,-8.296123041122852
3,2437.0,-0.586648786785092,0.36748802608904807,-8.296123040454892
3,2438.0,-0.5866487867494593,0.36748802581340584,-8.296123039774068
3,2439.0,-0.5866487867131536,0.3674880255392174,-8.29612303908039
3,2440.0,-0.5866487866761748,0.3674880252664828,-8.296123038373848
3,2441.0,-0.5866487866385229,0.36748802499520195,-8.296123037654446
3,2442.0,-0.5866487866001981,0.36748802472537495,-8.296123036922191
3,2443.0,-0.5866487865612003,0.3674880244570018,-8.296123036177072
3,2444.0,-0.5866487865215294,0.3674880241900824,-8.296123035419093
3,2445.0,-0.5866487864811856,0.3674880239246169,-8.29612303464826
3,2446.0,-0.5866487864401686,0.3674880236606052,-8.296123033864564
3,2447.0,-0.5866487863984787,0.36748802339804726,-8.296123033068007
3,2448.0,-0.5866487863561157,0.3674880231369431,-8.296123032258592
3,2449.0,-0.5866487863130797,0.3674880228772929,-8.296123031436318
3,2450.0,-0.5866487862693707,0.3674880226190964,-8.296123030601185
3,2451.0,-0.5866487862249887,0.36748802236235373,-8.296123029753197
3,2452.0,-0.5866487861799337,0.36748802210706494,-8.296123028892346
3,2453.0,-0.5866487861342056,0.3674880218532299,-8.296123028018636
3,2454.0,-0.5866487860878045,0.3674880216008487,-8.296123027132065
3,2455.0,-0.5866487860407303,0.3674880213499213,-8.296123026232635
3,2456.0,-0.5866487859929831,0.36748802110044776,-8.296123025320348
3,2457.0,-0.5866487859445629,0.367488020852428,-8.2961230243952
3,2458.0,-0.5866487858954698,0.36748802060586205,-8.296123023457193
3,2459.0,-0.5866487858457036,0.3674880203607499,-8.296123022506327
3,2460.0,-0.5866487857952642,0.3674880201170916,-8.296123021542606
3,2461.0,-0.586648785744152,0.3674880198748871,-8.296123020566021
3,2462.0,-0.5866487856923667,0.3674880196341364,-8.296123019576575
3,2463.0,-0.5866487856399084,0.36748801939483955,-8.296123018574272
3,2464.0,-0.586648785586777,0.3674880191569965,-8.296123017559115
3,2465.0,-0.5866487855329726,0.3674880189206073,-8.296123016531089
3,2466.0,-0.5866487854784953,0.3674880186856719,-8.296123015490208
3,2467.0,-0.5866487854233449,0.36748801845219026,-8.296123014436473
3,2468.0,-0.5866487853675214,0.36748801822016247,-8.296123013369872
3,2469.0,-0.5866487853110249,0.3674880179895885,-8.296123012290415
3,2470.0,-0.5866487852538554,0.36748801776046836,-8.296123011198096
3,2471.0,-0.5866487851960129,0.367488017532802,-8.296123010092922
3,2472.0,-0.5866487851374974,0.36748801730658953,-8.296123008974886
3,2473.0,-0.5866487850783089,0.3674880170818308,-8.296123007843992
3,2474.0,-0.5866487850184473,0.36748801685852595,-8.296123006700237
3,2475.0,-0.5866487849579126,0.36748801663667485,-8.296123005543624
3,2476.0,-0.586648784896705,0.3674880164162776,-8.29612300437415
3,2477.0,-0.5866487848348244,0.3674880161973342,-8.296123003191822
3,2478.0,-0.5866487847722707,0.36748801597984454,-8.296123001996628
3,2479.0,-0.586648784709044,0.36748801576380874,-8.29612300078858
3,2480.0,-0.5866487846451443,0.3674880155492267,-8.296122999567672
3,2481.0,-0.5866487845805716,0.36748801533609854,-8.296122998333901
3,2482.0,-0.5866487845153258,0.3674880151244242,-8.296122997087274
3,2483.0,-0.5866487844494069,0.36748801491420363,-8.296122995827785
3,2484.0,-0.5866487843828151,0.3674880147054369,-8.296122994555438
3,2485.0,-0.5866487843155503,0.36748801449812396,-8.296122993270236
3,2486.0,-0.5866487842507285,0.36748801430825107,-8.296122992031709
3,2487.0,-0.5866487842040004,0.3674880142131228,-8.296122991138887
3,2488.0,-0.5866487841573899,0.36748801411829035,-8.296122990248318
3,2489.0,-0.5866487841108969,0.36748801402375364,-8.296122989359997
3,2490.0,-0.5866487840645216,0.36748801392951275,-8.29612298847392
3,2491.0,-0.5866487840182639,0.3674880138355677,-8.296122987590092
3,2492.0,-0.5866487839721238,0.36748801374191836,-8.296122986708506
3,2493.0,-0.5866487839261014,0.3674880136485648,-8.296122985829173
3,2494.0,-0.5866487838801965,0.3674880135555071,-8.296122984952083
3,2495.0,-0.5866487838344093,0.3674880134627451,-8.296122984077243
3,2496.0,-0.5866487837887396,0.367488013370279,-8.296122983204649
3,2497.0,-0.5866487837431876,0.36748801327810865,-8.296122982334303
3,2498.0,-0.5866487836977532,0.3674880131862341,-8.296122981466207
3,2499.0,-0.5866487836524364,0.3674880130946553,-8.296122980600352
3,2500.0,-0.5866487836072373,0.3674880130033723,-8.29612297973675
3,2501.0,-0.5866487835621557,0.36748801291238514,-8.296122978875392
3,2502.0,-0.5866487835171917,0.36748801282169374,-8.29612297801628
3,2503.0,-0.5866487834723454,0.3674880127312981,-8.296122977159417
3,2504.0,-0.5866487834276166,0.3674880126411983,-8.296122976304803
3,2505.0,-0.5866487833830055,0.36748801255139424,-8.296122975452432
3,2506.0,-0.586648783338512,0.367488012461886,-8.296122974602312
3,2507.0,-0.5866487832941361,0.3674880123726736,-8.296122973754438
3,2508.0,-0.5866487832498778,0.36748801228375694,-8.296122972908808
3,2509.0,-0.5866487832057371,0.36748801219513605,-8.296122972065426
3,2510.0,-0.5866487831617141,0.367488012106811,-8.296122971224294
3,2511.0,-0.5866487831178087,0.36748801201878173,-8.296122970385412
3,2512.0,-0.5866487830740208,0.36748801193104824,-8.296122969548772
3,2513.0,-0.5866487830303505,0.3674880118436105,-8.29612296871438
3,2514.0,-0.5866487829867979,0.3674880117564686,-8.296122967882235
3,2515.0,-0.586648782943363,0.36748801166962247,-8.296122967052339
3,2516.0,-0.5866487829000455,0.36748801158307215,-8.296122966224688
3,2517.0,-0.5866487828568457,0.36748801149681765,-8.296122965399285
3,2518.0,-0.5866487828137635,0.3674880114108589,-8.29612296457613
3,2519.0,-0.586648782770799,0.36748801132519593,-8.29612296375522
3,2520.0,-0.5866487827279521,0.36748801123982877,-8.29612296293656
3,2521.0,-0.5866487826852228,0.36748801115475743,-8.296122962120146
3,2522.0,-0.586648782642611,0.36748801106998186,-8.29612296130598
3,2523.0,-0.586648782600117,0.36748801098550204,-8.29612296049406
3,2524.0,-0.5866487825577404,0.36748801090131805,-8.296122959684388
3,2525.0,-0.5866487825154816,0.3674880108174299,-8.296122958876962
3,2526.0,-0.5866487824733403,0.36748801073383747,-8.29612295807178
3,2527.0,-0.5866487824313167,0.3674880106505408,-8.296122957268855
3,2528.0,-0.5866487823894107,0.36748801056754,-8.29612295646817
3,2529.0,-0.5866487823476222,0.367488010484835,-8.296122955669732
3,2530.0,-0.5866487823059513,0.3674880104024257,-8.29612295487354
3,2531.0,-0.5866487822643981,0.36748801032031225,-8.296122954079598
3,2532.0,-0.5866487822229626,0.3674880102384946,-8.296122953287902
3,2533.0,-0.5866487821816445,0.3674880101569727,-8.296122952498454
3,2534.0,-0.5866487821404441,0.3674880100757466,-8.296122951711254
3,2535.0,-0.5866487820993614,0.36748800999481634,-8.296122950926303
3,2536.0,-0.5866487820583963,0.36748800991418185,-8.296122950143598
3,2537.0,-0.5866487820175488,0.3674880098338431,-8.296122949363138
3,2538.0,-0.5866487819768188,0.3674880097538002,-8.296122948584921
3,2539.0,-0.5866487819362065,0.3674880096740531,-8.296122947808959
3,2540.0,-0.5866487818957118,0.36748800959460176,-8.296122947035242
3,2541.0,-0.5866487818553348,0.3674880095154462,-8.296122946263774
3,2542.0,-0.5866487818150753,0.36748800943658644,-8.296122945494545
3,2543.0,-0.5866487817749334,0.3674880093580225,-8.29612294472757
3,2544.0,-0.5866487817349091,0.36748800927975434,-8.29612294396284
3,2545.0,-0.5866487816950025,0.36748800920178193,-8.296122943200356
3,2546.0,-0.5866487816552135,0.36748800912410534,-8.296122942440125
3,2547.0,-0.586648781615542,0.3674880090467246,-8.296122941682137
3,2548.0,-0.5866487815759882,0.36748800896963957,-8.296122940926397
3,2549.0,-0.5866487815365521,0.3674880088928503,-8.296122940172904
3,2550.0,-0.5866487814972335,0.3674880088163569,-8.296122939421657
3,2551.0,-0.5866487814580326,0.3674880087401593,-8.296122938672658
3,2552.0,-0.5866487814189492,0.36748800866425746,-8.296122937925908
3,2553.0,-0.5866487813799834,0.3674880085886514,-8.296122937181401
3,2554.0,-0.5866487813411353,0.3674880085133411,-8.296122936439144
3,2555.0,-0.5866487813024048,0.3674880084383267,-8.296122935699136
3,2556.0,-0.5866487812637918,0.367488008363608,-8.29612293496137
3,2557.0,-0.5866487812252966,0.3674880082891851,-8.296122934225853
3,2558.0,-0.5866487811869189,0.367488008215058,-8.296122933492585
3,2559.0,-0.5866487811486588,0.36748800814122673,-8.296122932761563
3,2560.0,-0.5866487811105163,0.3674880080676912,-8.29612293203279
3,2561.0,-0.5866487810724915,0.36748800799445147,-8.296122931306261
3,2562.0,-0.5866487810345843,0.36748800792150754,-8.296122930581982
3,2563.0,-0.5866487809967946,0.36748800784885943,-8.29612292985995
3,2564.0,-0.5866487809591227,0.3674880077765071,-8.296122929140164
3,2565.0,-0.5866487809215682,0.3674880077044505,-8.296122928422625
3,2566.0,-0.5866487808841315,0.36748800763268974,-8.296122927707334
3,2567.0,-0.5866487808468124,0.3674880075612248,-8.296122926994293
3,2568.0,-0.5866487808096108,0.3674880074900556,-8.296122926283495
3,2569.0,-0.5866487807725268,0.3674880074191822,-8.29612292557494
3,2570.0,-0.5866487807355605,0.3674880073486046,-8.29612292486864
3,2571.0,-0.5866487806987117,0.3674880072783228,-8.296122924164585
3,2572.0,-0.5866487806619807,0.3674880072083368,-8.29612292346278
3,2573.0,-0.5866487806253672,0.36748800713864654,-8.296122922763216
3,2574.0,-0.5866487805888713,0.3674880070692521,-8.296122922065903
3,2575.0,-0.586648780552493,0.3674880070001535,-8.296122921370836
3,2576.0,-0.5866487805162324,0.36748800693135064,-8.296122920678018
3,2577.0,-0.5866487804800893,0.36748800686284355,-8.296122919987445
3,2578.0,-0.5866487804440639,0.3674880067946323,-8.29612291929912
3,2579.0,-0.586648780408156,0.36748800672671683,-8.29612291861304
3,2580.0,-0.5866487803723658,0.36748800665909714,-8.296122917929209
3,2581.0,-0.5866487803366932,0.3674880065917732,-8.296122917247624
3,2582.0,-0.5866487803011382,0.3674880065247451,-8.29612291656829
3,2583.0,-0.5866487802657009,0.36748800645801283,-8.2961229158912
3,2584.0,-0.586648780230381,0.3674880063915763,-8.296122915216358
3,2585.0,-0.586648780195179,0.36748800632543555,-8.296122914543764
3,2586.0,-0.5866487801600944,0.3674880062595906,-8.296122913873415
3,2587.0,-0.5866487801251274,0.3674880061940415,-8.296122913205314
3,2588.0,-0.5866487800902781,0.3674880061287881,-8.29612291253946
3,2589.0,-0.5866487800555464,0.36748800606383053,-8.296122911875853
3,2590.0,-0.5866487800209323,0.36748800599916875,-8.296122911214495
3,2591.0,-0.5866487799864358,0.3674880059348028,-8.296122910555383
3,2592.0,-0.586648779952057,0.3674880058707326,-8.296122909898521
3,2593.0,-0.5866487799177957,0.3674880058069582,-8.2961229092439
3,2594.0,-0.586648779883652,0.36748800574347956,-8.296122908591528
3,2595.0,-0.586648779849626,0.36748800568029677,-8.296122907941408
3,2596.0,-0.5866487798157176,0.36748800561740974,-8.29612290729353
3,2597.0,-0.5866487797819269,0.36748800555481853,-8.296122906647904
3,2598.0,-0.5866487797482537,0.3674880054925231,-8.296122906004522
3,2599.0,-0.5866487797146981,0.3674880054305234,-8.296122905363388
3,2600.0,-0.5866487796812601,0.36748800536881954,-8.2961229047245
3,2601.0,-0.5866487796479397,0.3674880053074115,-8.296122904087857
3,2602.0,-0.5866487796147369,0.3674880052462992,-8.296122903453464
3,2603.0,-0.5866487795816518,0.3674880051854827,-8.296122902821319
3,2604.0,-0.5866487795486843,0.367488005124962,-8.296122902191422
3,2605.0,-0.5866487795158344,0.3674880050647371,-8.296122901563768
3,2606.0,-0.5866487794831021,0.367488005004808,-8.296122900938366
3,2607.0,-0.5866487794504874,0.36748800494517464,-8.296122900315208
3,2608.0,-0.5866487794179903,0.3674880048858371,-8.296122899694296
3,2609.0,-0.5866487793856109,0.3674880048267954,-8.296122899075632
3,2610.0,-0.586648779353349,0.36748800476804944,-8.296122898459219
3,2611.0,-0.5866487793212048,0.3674880047095993,-8.296122897845049
3,2612.0,-0.5866487792891782,0.36748800465144493,-8.296122897233131
3,2613.0,-0.5866487792572692,0.3674880045935863,-8.296122896623455
3,2614.0,-0.5866487792254778,0.36748800453602354,-8.29612289601603
3,2615.0,-0.586648779193804,0.36748800447875657,-8.296122895410848
3,2616.0,-0.5866487791622478,0.36748800442178536,-8.296122894807914
3,2617.0,-0.5866487791308093,0.3674880043651099,-8.296122894207233
3,2618.0,-0.5866487790994883,0.3674880043087303,-8.296122893608793
3,2619.0,-0.5866487790682849,0.3674880042526465,-8.2961228930126
3,2620.0,-0.5866487790371993,0.36748800419685845,-8.296122892418659
3,2621.0,-0.5866487790062311,0.36748800414136623,-8.296122891826963
3,2622.0,-0.5866487789753806,0.3674880040861698,-8.29612289123751
3,2623.0,-0.5866487789446477,0.3674880040312691,-8.296122890650311
3,2624.0,-0.5866487789140324,0.3674880039766642,-8.296122890065355
3,2625.0,-0.5866487788835347,0.36748800392235514,-8.296122889482643
3,2626.0,-0.5866487788531547,0.36748800386834185,-8.296122888902184
3,2627.0,-0.5866487788228922,0.3674880038146243,-8.29612288832397
3,2628.0,-0.5866487787927475,0.3674880037612026,-8.296122887748005
3,2629.0,-0.5866487787627203,0.3674880037080767,-8.296122887174283
3,2630.0,-0.5866487787328106,0.3674880036552466,-8.29612288660281
3,2631.0,-0.5866487787030187,0.3674880036027123,-8.296122886033586
3,2632.0,-0.5866487786733442,0.36748800355047373,-8.296122885466607
3,2633.0,-0.5866487786437875,0.36748800349853095,-8.296122884901882
3,2634.0,-0.5866487786143483,0.367488003446884,-8.296122884339393
3,2635.0,-0.5866487785850267,0.36748800339553284,-8.296122883779159
3,2636.0,-0.5866487785558229,0.36748800334447745,-8.296122883221168
3,2637.0,-0.5866487785267365,0.36748800329371784,-8.296122882665427
3,2638.0,-0.5866487784977679,0.36748800324325404,-8.296122882111934
3,2639.0,-0.5866487784689167,0.36748800319308605,-8.296122881560684
3,2640.0,-0.5866487784401833,0.36748800314321384,-8.296122881011685
3,2641.0,-0.5866487784115674,0.36748800309363744,-8.29612288046493
3,2642.0,-0.5866487783830691,0.3674880030443568,-8.296122879920423
3,2643.0,-0.5866487783546884,0.36748800299537193,-8.296122879378164
3,2644.0,-0.5866487783264254,0.3674880029466829,-8.296122878838153
3,2645.0,-0.58664877829828,0.36748800289828965,-8.296122878300388
3,2646.0,-0.5866487782702522,0.3674880028501922,-8.296122877764871
3,2647.0,-0.586648778242342,0.3674880028023905,-8.296122877231603
3,2648.0,-0.5866487782145494,0.36748800275488464,-8.296122876700576
3,2649.0,-0.5866487781868744,0.3674880027076745,-8.296122876171802
3,2650.0,-0.586648778159317,0.3674880026607602,-8.296122875645276
3,2651.0,-0.5866487781318773,0.3674880026141417,-8.296122875120991
3,2652.0,-0.5866487781045552,0.367488002567819,-8.296122874598957
3,2653.0,-0.5866487780773506,0.3674880025217921,-8.296122874079172
3,2654.0,-0.5866487780502637,0.36748800247606095,-8.296122873561629
3,2655.0,-0.5866487780232944,0.36748800243062557,-8.296122873046336
3,2656.0,-0.5866487779964428,0.367488002385486,-8.296122872533292
3,2657.0,-0.5866487779697086,0.3674880023406423,-8.29612287202249
3,2658.0,-0.5866487779430922,0.3674880022960943,-8.296122871513946
3,2659.0,-0.5866487779165933,0.36748800225184214,-8.296122871007636
3,2660.0,-0.5866487778902121,0.36748800220788574,-8.296122870503583
3,2661.0,-0.5866487778639484,0.3674880021642251,-8.29612287000177
3,2662.0,-0.5866487778378024,0.3674880021208603,-8.296122869502208
3,2663.0,-0.586648777811774,0.3674880020777913,-8.296122869004893
3,2664.0,-0.5866487777858632,0.3674880020350181,-8.296122868509823
3,2665.0,-0.5866487777600701,0.36748800199254067,-8.296122868017003
3,2666.0,-0.5866487777343945,0.367488001950359,-8.29612286752643
3,2667.0,-0.5866487777088365,0.36748800190847314,-8.296122867038102
3,2668.0,-0.5866487776833962,0.3674880018668831,-8.296122866552025
3,2669.0,-0.5866487776580734,0.36748800182558883,-8.29612286606819
3,2670.0,-0.5866487776328684,0.36748800178459035,-8.296122865586605
3,2671.0,-0.5866487776077808,0.3674880017438877,-8.296122865107263
3,2672.0,-0.586648777582811,0.3674880017034808,-8.296122864630176
3,2673.0,-0.5866487775579586,0.36748800166336965,-8.29612286415533
3,2674.0,-0.586648777533224,0.36748800162355433,-8.296122863682735
3,2675.0,-0.5866487775086069,0.36748800158403483,-8.296122863212386
3,2676.0,-0.5866487774841075,0.3674880015448111,-8.296122862744285
3,2677.0,-0.5866487774597257,0.3674880015058832,-8.296122862278429
3,2678.0,-0.5866487774354614,0.367488001467251,-8.296122861814823
3,2679.0,-0.5866487774113148,0.36748800142891463,-8.296122861353458
3,2680.0,-0.5866487773872858,0.36748800139087406,-8.296122860894346
3,2681.0,-0.5866487773633744,0.3674880013531293,-8.29612286043748
3,2682.0,-0.5866487773395807,0.3674880013156803,-8.29612285998286
3,2683.0,-0.5866487773159045,0.36748800127852715,-8.296122859530486
3,2684.0,-0.5866487772923459,0.36748800124166975,-8.296122859080365
3,2685.0,-0.586648777268905,0.3674880012051081,-8.296122858632485
3,2686.0,-0.5866487772455816,0.36748800116884234,-8.296122858186855
3,2687.0,-0.586648777222376,0.3674880011328723,-8.296122857743473
3,2688.0,-0.5866487771992879,0.36748800109719804,-8.29612285730234
3,2689.0,-0.5866487771763174,0.3674880010618196,-8.29612285686345
3,2690.0,-0.5866487771534645,0.36748800102673695,-8.296122856426809
3,2691.0,-0.5866487771307293,0.3674880009919501,-8.29612285599241
3,2692.0,-0.5866487771081116,0.36748800095745904,-8.296122855560263
3,2693.0,-0.5866487770856115,0.3674880009232637,-8.296122855130365
3,2694.0,-0.586648777063229,0.36748800088936423,-8.296122854702709
3,2695.0,-0.5866487770409643,0.36748800085576055,-8.296122854277305
3,2696.0,-0.5866487770188171,0.36748800082245264,-8.296122853854147
3,2697.0,-0.5866487769967875,0.36748800078944055,-8.296122853433234
3,2698.0,-0.5866487769748755,0.3674880007567242,-8.296122853014568
3,2699.0,-0.5866487769530812,0.36748800072430365,-8.296122852598153
3,2700.0,-0.5866487769314044,0.36748800069217896,-8.296122852183982
3,2701.0,-0.5866487769098452,0.36748800066035,-8.296122851772061
3,2702.0,-0.5866487768884037,0.3674880006288168,-8.296122851362385
3,2703.0,-0.5866487768670797,0.36748800059757947,-8.296122850954955
3,2704.0,-0.5866487768458735,0.3674880005666379,-8.296122850549773
3,2705.0,-0.5866487768247848,0.3674880005359921,-8.29612285014684
3,2706.0,-0.5866487768038137,0.3674880005056421,-8.296122849746151
3,2707.0,-0.5866487767829602,0.3674880004755879,-8.296122849347714
3,2708.0,-0.5866487767622244,0.3674880004458295,-8.296122848951523
3,2709.0,-0.5866487767416061,0.36748800041636687,-8.296122848557573
3,2710.0,-0.5866487767211055,0.36748800038720003,-8.296122848165878
3,2711.0,-0.5866487767007225,0.367488000358329,-8.296122847776426
3,2712.0,-0.586648776680457,0.36748800032975376,-8.296122847389217
3,2713.0,-0.5866487766603092,0.3674880003014743,-8.296122847004265
3,2714.0,-0.586648776640279,0.36748800027349066,-8.296122846621554
3,2715.0,-0.5866487766203665,0.36748800024580275,-8.296122846241094
3,2716.0,-0.5866487766005716,0.3674880002184107,-8.296122845862877
3,2717.0,-0.5866487765808942,0.3674880001913144,-8.29612284548691
3,2718.0,-0.5866487765613344,0.3674880001645139,-8.296122845113189
3,2719.0,-0.5866487765418923,0.3674880001380092,-8.296122844741712
3,2720.0,-0.5866487765225677,0.3674880001118003,-8.296122844372485
3,2721.0,-0.5866487765033609,0.36748800008588717,-8.296122844005506
3,2722.0,-0.5866487764842716,0.3674880000602698,-8.296122843640777
3,2723.0,-0.5866487764652999,0.36748800003494825,-8.29612284327829
3,2724.0,-0.5866487764464459,0.36748800000992254,-8.296122842918054
3,2725.0,-0.5866487764277094,0.36748799998519255,-8.296122842560063
3,2726.0,-0.5866487764090906,0.36748799996075837,-8.296122842204321
3,2727.0,-0.5866487763905893,0.36748799993662,-8.296122841850822
3,2728.0,-0.5866487763722057,0.3674879999127774,-8.296122841499573
3,2729.0,-0.5866487763539397,0.36748799988923064,-8.296122841150568
3,2730.0,-0.5866487763357914,0.36748799986597963,-8.296122840803816
3,2731.0,-0.5866487763177606,0.36748799984302444,-8.29612284045931
3,2732.0,-0.5866487762998474,0.367487999820365,-8.29612284011705
3,2733.0,-0.5866487762820518,0.36748799979800134,-8.296122839777034
3,2734.0,-0.5866487762643738,0.36748799977593355,-8.296122839439267
3,2735.0,-0.5866487762468136,0.36748799975416147,-8.296122839103749
3,2736.0,-0.5866487762293708,0.3674879997326852,-8.296122838770478
3,2737.0,-0.5866487762120457,0.36748799971150475,-8.29612283843945
3,2738.0,-0.5866487761948382,0.36748799969062007,-8.296122838110675
3,2739.0,-0.5866487761777484,0.3674879996700312,-8.296122837784146
3,2740.0,-0.586648776160776,0.3674879996497381,-8.296122837459858
3,2741.0,-0.5866487761439214,0.3674879996297408,-8.296122837137826
3,2742.0,-0.5866487761271844,0.3674879996100393,-8.296122836818036
3,2743.0,-0.586648776110565,0.36748799959063355,-8.296122836500498
3,2744.0,-0.5866487760940631,0.36748799957152367,-8.296122836185202
3,2745.0,-0.586648776077679,0.3674879995527095,-8.296122835872152
3,2746.0,-0.5866487760614123,0.36748799953419115,-8.296122835561356
3,2747.0,-0.5866487760452633,0.3674879995159686,-8.2961228352528
3,2748.0,-0.5866487760292319,0.36748799949804184,-8.296122834946493
3,2749.0,-0.5866487760133182,0.3674879994804109,-8.296122834642436
3,2750.0,-0.5866487759975221,0.3674879994630757,-8.296122834340625
3,2751.0,-0.5866487759818435,0.36748799944603633,-8.29612283404106
3,2752.0,-0.5866487759662826,0.3674879994292927,-8.296122833743745
3,2753.0,-0.5866487759508393,0.3674879994128449,-8.296122833448672
3,2754.0,-0.5866487759355136,0.3674879993966929,-8.29612283315585
3,2755.0,-0.5866487759203055,0.36748799938083665,-8.296122832865274
3,2756.0,-0.586648775905215,0.3674879993652762,-8.296122832576946
3,2757.0,-0.5866487758902421,0.3674879993500116,-8.296122832290866
3,2758.0,-0.5866487758753869,0.3674879993350427,-8.296122832007034
3,2759.0,-0.5866487758606492,0.3674879993203697,-8.296122831725445
3,2760.0,-0.5866487758460293,0.3674879993059924,-8.296122831446107
3,2761.0,-0.5866487758315269,0.36748799929191095,-8.296122831169015
3,2762.0,-0.586648775817142,0.36748799927812525,-8.296122830894166
3,2763.0,-0.5866487758028748,0.3674879992646354,-8.296122830621565
3,2764.0,-0.5866487757887252,0.36748799925144127,-8.296122830351218
3,2765.0,-0.5866487757746933,0.3674879992385429,-8.296122830083114
3,2766.0,-0.5866487757607789,0.36748799922594044,-8.296122829817255
3,2767.0,-0.5866487757469822,0.3674879992136337,-8.296122829553646
3,2768.0,-0.5866487757333031,0.36748799920162273,-8.296122829292287
3,2769.0,-0.5866487757197415,0.3674879991899076,-8.296122829033171
3,2770.0,-0.5866487757062976,0.36748799917848823,-8.296122828776301
3,2771.0,-0.5866487756929714,0.3674879991673647,-8.296122828521682
3,2772.0,-0.5866487756797627,0.3674879991565369,-8.296122828269311
3,2773.0,-0.5866487756666716,0.36748799914600494,-8.296122828019184
3,2774.0,-0.5866487756536981,0.36748799913576874,-8.296122827771303
3,2775.0,-0.5866487756408423,0.36748799912582836,-8.296122827525673
3,2776.0,-0.586648775628104,0.36748799911618374,-8.296122827282286
3,2777.0,-0.5866487756154835,0.36748799910683494,-8.29612282704115
3,2778.0,-0.5866487756029805,0.3674879990977819,-8.296122826802259
3,2779.0,-0.586648775590595,0.36748799908902463,-8.296122826565613
3,2780.0,-0.5866487755783272,0.36748799908056323,-8.296122826331217
3,2781.0,-0.586648775566177,0.36748799907239754,-8.296122826099069
3,2782.0,-0.5866487755541445,0.3674879990645277,-8.296122825869167
3,2783.0,-0.5866487755422295,0.3674879990569536,-8.29612282564151
3,2784.0,-0.5866487755304323,0.36748799904967533,-8.296122825416106
3,2785.0,-0.5866487755187525,0.36748799904269286,-8.296122825192944
3,2786.0,-0.5866487755071904,0.36748799903600615,-8.296122824972032
3,2787.0,-0.5866487754957459,0.36748799902961526,-8.296122824753366
3,2788.0,-0.586648775484419,0.36748799902352014,-8.296122824536948
3,2789.0,-0.5866487754732097,0.36748799901772083,-8.296122824322776
3,2790.0,-0.586648775462118,0.3674879990122173,-8.296122824110848
3,2791.0,-0.586648775451144,0.36748799900700957,-8.296122823901175
3,2792.0,-0.5866487754402876,0.3674879990020976,-8.296122823693745
3,2793.0,-0.5866487754295487,0.36748799899748147,-8.296122823488561
3,2794.0,-0.5866487754189276,0.3674879989931611,-8.296122823285627
3,2795.0,-0.586648775408424,0.3674879989891365,-8.296122823084938
3,2796.0,-0.586648775398038,0.36748799898540774,-8.296122822886494
3,2797.0,-0.5866487753877695,0.3674879989819747,-8.296122822690297
3,2798.0,-0.5866487753776188,0.36748799897883755,-8.296122822496356
3,2799.0,-0.5866487753675856,0.3674879989759961,-8.296122822304651
3,2800.0,-0.5866487753576701,0.36748799897345047,-8.296122822115203
3,2801.0,-0.5866487753478722,0.36748799897120066,-8.296122821927998
3,2802.0,-0.5866487753381918,0.3674879989692466,-8.296122821743035
3,2803.0,-0.5866487753286291,0.3674879989675884,-8.296122821560328
3,2804.0,-0.586648775319184,0.3674879989662259,-8.296122821379862
3,2805.0,-0.5866487753098566,0.36748799896515927,-8.296122821201648
3,2806.0,-0.5866487753006467,0.3674879989643884,-8.296122821025675
3,2807.0,-0.5866487752915545,0.3674879989639133,-8.296122820851952
3,2808.0,-0.5866487752825797,0.367487998963734,-8.296122820680479
3,2809.0,-0.5866487752737227,0.36748799896385054,-8.296122820511249
3,2810.0,-0.5866487752649834,0.3674879989642628,-8.29612282034427
3,2811.0,-0.5866487752563615,0.3674879989649709,-8.296122820179532
3,2812.0,-0.5866487752478573,0.3674879989659748,-8.296122820017047
3,2813.0,-0.5866487752394708,0.36748799896727447,-8.296122819856807
3,2814.0,-0.5866487752312017,0.3674879989688699,-8.296122819698816
3,2815.0,-0.5866487752230504,0.3674879989707612,-8.296122819543069
3,2816.0,-0.5866487752150167,0.3674879989729482,-8.296122819389574
3,2817.0,-0.5866487752071006,0.36748799897543105,-8.296122819238324
3,2818.0,-0.586648775199302,0.36748799897820966,-8.29612281908932
3,2819.0,-0.5866487751916211,0.36748799898128404,-8.29612281894256
3,2820.0,-0.5866487751840578,0.3674879989846543,-8.296122818798052
3,2821.0,-0.5866487751766121,0.36748799898832024,-8.296122818655789
3,2822.0,-0.586648775169284,0.36748799899228207,-8.296122818515775
3,2823.0,-0.5866487751620736,0.3674879989965396,-8.296122818378006
3,2824.0,-0.5866487751549807,0.367487999001093,-8.296122818242488
3,2825.0,-0.5866487751480055,0.36748799900594215,-8.296122818109215
3,2826.0,-0.5866487751411479,0.36748799901108714,-8.296122817978187
3,2827.0,-0.5866487751344078,0.36748799901652784,-8.296122817849408
3,2828.0,-0.5866487751277855,0.36748799902226437,-8.296122817722875
3,2829.0,-0.5866487751212807,0.3674879990282967,-8.29612281759859
3,2830.0,-0.5866487751148934,0.3674879990346248,-8.296122817476554
3,2831.0,-0.5866487751086239,0.36748799904124874,-8.296122817356762
3,2832.0,-0.5866487751024719,0.3674879990481684,-8.296122817239219
3,2833.0,-0.5866487750964376,0.36748799905538393,-8.296122817123923
3,2834.0,-0.5866487750905209,0.3674879990628952,-8.296122817010879
3,2835.0,-0.5866487750847218,0.3674879990707023,-8.296122816900075
3,2836.0,-0.5866487750790402,0.36748799907880514,-8.296122816791518
3,2837.0,-0.5866487750734763,0.3674879990872038,-8.296122816685214
3,2838.0,-0.5866487750680301,0.36748799909589824,-8.296122816581152
3,2839.0,-0.5866487750627014,0.3674879991048885,-8.296122816479341
3,2840.0,-0.5866487750574904,0.3674879991141745,-8.296122816379773
3,2841.0,-0.5866487750523969,0.36748799912375635,-8.296122816282454
3,2842.0,-0.5866487750474211,0.36748799913363395,-8.296122816187381
3,2843.0,-0.5866487750425629,0.36748799914380736,-8.29612281609456
3,2844.0,-0.5866487750378223,0.36748799915427655,-8.296122816003981
3,2845.0,-0.5866487750331992,0.36748799916504155,-8.29612281591565
3,2846.0,-0.586648775028694,0.3674879991761023,-8.296122815829571
3,2847.0,-0.5866487750243061,0.3674879991874589,-8.296122815745736
3,2848.0,-0.586648775020036,0.36748799919911124,-8.296122815664148
3,2849.0,-0.5866487750158834,0.3674879992110594,-8.296122815584804
3,2850.0,-0.5866487750118485,0.36748799922330333,-8.296122815507712
3,2851.0,-0.5866487750079311,0.3674879992358431,-8.296122815432861
3,2852.0,-0.5866487750041315,0.3674879992486786,-8.296122815360262
3,2853.0,-0.5866487750004493,0.3674879992618099,-8.29612281528991
3,2854.0,-0.5866487749968848,0.367487999275237,-8.296122815221803
3,2855.0,-0.586648774993438,0.3674879992889599,-8.296122815155947
3,2856.0,-0.5866487749901087,0.3674879993029786,-8.296122815092335
3,2857.0,-0.586648774986897,0.3674879993172931,-8.296122815030971
3,2858.0,-0.5866487749838031,0.36748799933190335,-8.296122814971856
3,2859.0,-0.5866487749808266,0.3674879993468094,-8.296122814914984
3,2860.0,-0.5866487749779679,0.36748799936201126,-8.296122814860366
3,2861.0,-0.5866487749752266,0.3674879993775089,-8.296122814807985
3,2862.0,-0.586648774972603,0.36748799939330234,-8.296122814757863
3,2863.0,-0.586648774970097,0.3674879994093916,-8.296122814709982
3,2864.0,-0.5866487749677086,0.3674879994257766,-8.296122814664344
3,2865.0,-0.5866487749654379,0.3674879994424574,-8.296122814620961
3,2866.0,-0.5866487749632848,0.367487999459434,-8.296122814579821
3,2867.0,-0.5866487749612492,0.3674879994767064,-8.29612281454093
3,2868.0,-0.5866487749593313,0.3674879994942746,-8.296122814504283
3,2869.0,-0.586648774957531,0.36748799951213856,-8.296122814469884
3,2870.0,-0.5866487749558483,0.3674879995302983,-8.296122814437734
3,2871.0,-0.5866487749542832,0.3674879995487539,-8.296122814407834
3,2872.0,-0.5866487749528357,0.3674879995675052,-8.296122814380174
3,2873.0,-0.5866487749515059,0.36748799958655237,-8.296122814354765
3,2874.0,-0.5866487749502937,0.3674879996058953,-8.296122814331603
3,2875.0,-0.5866487749491991,0.367487999625534,-8.296122814310692
3,2876.0,-0.5866487749482221,0.3674879996454685,-8.296122814292024
3,2877.0,-0.5866487749473627,0.36748799966569884,-8.296122814275602
3,2878.0,-0.5866487749466208,0.3674879996862249,-8.296122814261427
3,2879.0,-0.5866487749459967,0.3674879997070468,-8.296122814249502
3,2880.0,-0.5866487749454901,0.3674879997281645,-8.296122814239823
3,2881.0,-0.5866487749451011,0.36748799974957796,-8.29612281423239
3,2882.0,-0.5866487749448298,0.3674879997712872,-8.296122814227207
3,2883.0,-0.586648774944676,0.3674879997932923,-8.29612281422427
3,2884.0,-0.58664877494464,0.3674879998155931,-8.29612281422358
3,2885.0,-0.5866487749447215,0.36748799983818975,-8.296122814225136
3,2886.0,-0.5866487749449205,0.36748799986108216,-8.296122814228944
3,2887.0,-0.5866487749452373,0.3674879998842704,-8.296122814234993
3,2888.0,-0.5866487749456716,0.3674879999077544,-8.29612281424329
3,2889.0,-0.5866487749462235,0.3674879999315342,-8.296122814253838
3,2890.0,-0.586648774946893,0.3674879999556098,-8.296122814266628
3,2891.0,-0.5866487749476802,0.36748799997998116,-8.296122814281668
3,2892.0,-0.586648774948585,0.3674880000046484,-8.296122814298956
3,2893.0,-0.5866487749496074,0.3674880000296113,-8.296122814318494
3,2894.0,-0.5866487749507474,0.3674880000548701,-8.296122814340276
3,2895.0,-0.586648774952005,0.3674880000804246,-8.2961228143643
3,2896.0,-0.5866487749533802,0.36748800010627497,-8.296122814390577
3,2897.0,-0.586648774954873,0.3674880001324211,-8.296122814419101
3,2898.0,-0.5866487749564835,0.367488000158863,-8.296122814449872
3,2899.0,-0.5866487749582115,0.36748800018560074,-8.296122814482887
3,2900.0,-0.5866487749600572,0.3674880002126342,-8.29612281451815
3,2901.0,-0.5866487749620205,0.36748800023996353,-8.296122814555662
3,2902.0,-0.5866487749641014,0.3674880002675886,-8.296122814595424
3,2903.0,-0.5866487749663,0.3674880002955095,-8.296122814637428
3,2904.0,-0.586648774968616,0.36748800032372614,-8.296122814681684
3,2905.0,-0.5866487749710497,0.3674880003522386,-8.296122814728182
3,2906.0,-0.5866487749736011,0.36748800038104684,-8.29612281477693
3,2907.0,-0.5866487749762701,0.3674880004101509,-8.296122814827928
3,2908.0,-0.5866487749790567,0.3674880004395507,-8.296122814881167
3,2909.0,-0.5866487749819609,0.36748800046924635,-8.29612281493666
3,2910.0,-0.5866487749849826,0.36748800049923774,-8.296122814994392
3,2911.0,-0.5866487749881221,0.36748800052952496,-8.296122815054376
3,2912.0,-0.586648774991379,0.36748800056010794,-8.296122815116606
3,2913.0,-0.5866487749947537,0.36748800059098674,-8.296122815181084
3,2914.0,-0.586648774998246,0.3674880006221613,-8.296122815247811
3,2915.0,-0.5866487750018557,0.3674880006536317,-8.296122815316783
3,2916.0,-0.5866487750055832,0.3674880006853979,-8.296122815388003
3,2917.0,-0.5866487750094284,0.3674880007174598,-8.29612281546147
3,2918.0,-0.586648775013391,0.3674880007498176,-8.296122815537181
3,2919.0,-0.5866487750174714,0.36748800078247107,-8.296122815615146
3,2920.0,-0.5866487750216692,0.36748800081542043,-8.296122815695352
3,2921.0,-0.5866487750259848,0.36748800084866556,-8.296122815777808
3,2922.0,-0.5866487750304179,0.36748800088220646,-8.29612281586251
3,2923.0,-0.5866487750349687,0.36748800091604317,-8.296122815949461
3,2924.0,-0.586648775039637,0.36748800095017564,-8.296122816038658
3,2925.0,-0.586648775044423,0.36748800098460394,-8.296122816130099
3,2926.0,-0.5866487750493266,0.367488001019328,-8.296122816223793
3,2927.0,-0.5866487750543478,0.36748800105434787,-8.296122816319727
3,2928.0,-0.5866487750594865,0.3674880010896635,-8.296122816417913
3,2929.0,-0.586648775064743,0.36748800112527497,-8.296122816518347
3,2930.0,-0.586648775070117,0.3674880011611822,-8.296122816621029
3,2931.0,-0.5866487750756088,0.36748800119738523,-8.296122816725955
3,2932.0,-0.5866487750812179,0.36748800123388403,-8.29612281683313
3,2933.0,-0.5866487750869448,0.36748800127067865,-8.296122816942548
3,2934.0,-0.5866487750927893,0.3674880013077691,-8.296122817054219
3,2935.0,-0.5866487750987515,0.36748800134515525,-8.296122817168136
3,2936.0,-0.5866487751048312,0.36748800138283727,-8.296122817284294
3,2937.0,-0.5866487751110284,0.36748800142081506,-8.296122817402704
3,2938.0,-0.5866487751173434,0.3674880014590886,-8.296122817523361
3,2939.0,-0.5866487751237759,0.367488001497658,-8.296122817646268
3,2940.0,-0.5866487751303261,0.3674880015365231,-8.296122817771419
3,2941.0,-0.5866487751369939,0.36748800157568406,-8.296122817898818
3,2942.0,-0.5866487751437792,0.3674880016151408,-8.296122818028465
3,2943.0,-0.5866487751506823,0.3674880016548933,-8.296122818160358
3,2944.0,-0.5866487751577029,0.3674880016949416,-8.296122818294497
3,2945.0,-0.586648775164841,0.36748800173528573,-8.296122818430886
3,2946.0,-0.5866487751720969,0.3674880017759256,-8.296122818569518
3,2947.0,-0.5866487751794703,0.3674880018168613,-8.296122818710401
3,2948.0,-0.5866487751869613,0.3674880018580928,-8.296122818853533
3,2949.0,-0.58664877519457,0.36748800189962005,-8.296122818998903
3,2950.0,-0.5866487752022963,0.36748800194144315,-8.296122819146529
3,2951.0,-0.5866487752101402,0.367488001983562,-8.2961228192964
3,2952.0,-0.5866487752181018,0.36748800202597665,-8.29612281944852
3,2953.0,-0.5866487752261809,0.3674880020686871,-8.296122819602884
3,2954.0,-0.5866487752343775,0.3674880021116933,-8.296122819759495
3,2955.0,-0.5866487752426919,0.36748800215499533,-8.296122819918354
3,2956.0,-0.5866487752511239,0.3674880021985931,-8.296122820079459
3,2957.0,-0.5866487752596734,0.36748800224248673,-8.296122820242815
3,2958.0,-0.5866487752683406,0.3674880022866761,-8.296122820408412
3,2959.0,-0.5866487752771254,0.3674880023311613,-8.296122820576265
3,2960.0,-0.5866487752860278,0.3674880023759423,-8.296122820746353
3,2961.0,-0.5866487752950478,0.36748800242101903,-8.2961228209187
3,2962.0,-0.5866487753041855,0.36748800246639163,-8.296122821093288
3,2963.0,-0.5866487753134407,0.36748800251206,-8.296122821270124
3,2964.0,-0.5866487753228136,0.3674880025580241,-8.296122821449211
3,2965.0,-0.586648775332304,0.36748800260428405,-8.29612282163054
3,2966.0,-0.5866487753419121,0.36748800265083975,-8.296122821814118
3,2967.0,-0.5866487753516377,0.3674880026976913,-8.29612282199994
3,2968.0,-0.5866487753614811,0.36748800274483856,-8.296122822188018
3,2969.0,-0.586648775371442,0.36748800279228166,-8.296122822378338
3,2970.0,-0.5866487753815205,0.36748800284002053,-8.2961228225709
3,2971.0,-0.5866487753917167,0.3674880028880552,-8.296122822765717
3,2972.0,-0.5866487754020303,0.3674880029363857,-8.296122822962776
3,2973.0,-0.5866487754124617,0.367488002985012,-8.296122823162086
3,2974.0,-0.5866487754230107,0.36748800303393403,-8.29612282336364
3,2975.0,-0.5866487754336773,0.3674880030831519,-8.296122823567446
3,2976.0,-0.5866487754444615,0.3674880031326655,-8.29612282377349
3,2977.0,-0.5866487754553633,0.36748800318247493,-8.296122823981792
3,2978.0,-0.5866487754663827,0.36748800323258013,-8.296122824192336
3,2979.0,-0.5866487754775197,0.36748800328298115,-8.296122824405122
3,2980.0,-0.5866487754887744,0.3674880033336779,-8.296122824620165
3,2981.0,-0.5866487755001466,0.3674880033846705,-8.29612282483745
3,2982.0,-0.5866487755116365,0.36748800343595894,-8.296122825056985
3,2983.0,-0.586648775523244,0.3674880034875431,-8.296122825278761
3,2984.0,-0.5866487755349691,0.36748800353942307,-8.296122825502788
3,2985.0,-0.5866487755468118,0.36748800359159883,-8.296122825729064
3,2986.0,-0.586648775558772,0.36748800364407036,-8.296122825957582
3,2987.0,-0.58664877557085,0.3674880036968377,-8.296122826188356
3,2988.0,-0.5866487755830455,0.3674880037499008,-8.296122826421367
3,2989.0,-0.5866487755953588,0.36748800380325974,-8.296122826656633
3,2990.0,-0.5866487756077895,0.3674880038569145,-8.296122826894141
3,2991.0,-0.5866487756203379,0.36748800391086495,-8.296122827133901
3,2992.0,-0.5866487756330039,0.3674880039651113,-8.296122827375909
3,2993.0,-0.5866487756457874,0.36748800401965337,-8.296122827620158
3,2994.0,-0.5866487756586887,0.3674880040744912,-8.296122827866657
3,2995.0,-0.5866487756717075,0.3674880041296249,-8.2961228281154
3,2996.0,-0.586648775684844,0.36748800418505434,-8.296122828366398
3,2997.0,-0.586648775698098,0.3674880042407796,-8.29612282861964
3,2998.0,-0.5866487757114697,0.3674880042968006,-8.296122828875122
3,2999.0,-0.5866487757249589,0.36748800435311746,-8.296122829132855
3,3000.0,-0.5866487757385658,0.3674880044097301,-8.296122829392838
4,0.0,0.3957995967100464,0.5039316768268115,10.475169106167295
4,1.0,0.3948493363206854,0.5007880607600255,10.457012818586465
4,2.0,0.39388462771402555,0.49770128426214605,10.438580474051937
4,3.0,0.3929059093705514,0.4946709909181099,10.419880450454512
4,4.0,0.391913681497251,0.4916967659148388,10.400922305071362
4,5.0,0.39090836895738834,0.48877823456288877,10.38171415561389
4,6.0,0.38989039101113054,0.4859150307607199,10.362264012737128
4,7.0,0.3888602280481119,0.48310670627058905,10.34258105507511
4,8.0,0.3878183198521488,0.4803528416555155,10.322673685420936
4,9.0,0.3867650162781495,0.47765310129888616,10.302548588328015
4,10.0,0.385700859462646,0.4750069350445493,10.282216122206416
4,11.0,0.38462613258021333,0.47241405221436794,10.261681697572115
4,12.0,0.38354131931178925,0.46987393885443046,10.24095455594491
4,13.0,0.3824468238162138,0.46738615754358476,10.220042419444146
4,14.0,0.381342977214079,0.46495033534334496,10.1989516146733
4,15.0,0.38023026159153883,0.4625659192495124,10.177691352681208
4,16.0,0.3791089291117566,0.4602326168021513,10.156266451459826
4,17.0,0.3779795063687396,0.45794979222264376,10.134686972453729
4,18.0,0.3768421912205943,0.45571720392163806,10.112956696067435
4,19.0,0.3756975125626487,0.4535341829690695,10.091085727716042
4,20.0,0.37454565282987473,0.4514004992711859,10.069077553119724
4,21.0,0.37338712976026944,0.4493154663310826,10.046942064514415
4,22.0,0.3722221119561739,0.44727886111237836,10.024682483325128
4,23.0,0.37105109586774704,0.4452899964628449,10.002308295048636
4,24.0,0.36987425000127944,0.4433486411765361,9.979822719274756
4,25.0,0.3686920464956608,0.44145411208114727,9.957234776993468
4,26.0,0.36750464988859444,0.4396061731955741,9.934547611968213
4,27.0,0.36631250764820517,0.4378041499509934,9.911769773813436
4,28.0,0.3651157849794763,0.4360477962106523,9.888904419042046
4,29.0,0.3639149047285163,0.43433644710019326,9.86595962682438
4,30.0,0.36271002903193766,0.4326698507867569,9.842938495047074
4,31.0,0.36150155789894145,0.4310473528193143,9.819848666543788
4,32.0,0.3602896519434132,0.42946869401009014,9.79669321010696
4,33.0,0.35907468903639955,0.42793323061482846,9.773479345584406
4,34.0,0.35785682584549955,0.4264406995489193,9.750210066368254
4,35.0,0.3566364198463514,0.42499046764880183,9.726892202618508
4,36.0,0.3554136243070798,0.4235822675812685,9.703528682774753
4,37.0,0.35418877701464613,0.4222154770478026,9.680125960812427
4,38.0,0.3529620265731154,0.4208898266454627,9.656686876056597
4,39.0,0.3517336923739711,0.41960470486959217,9.63321753100684
4,40.0,0.35050391858897845,0.4183598403154152,9.60972068030184
4,41.0,0.3492730068373303,0.41715463267459973,9.586202086872333
4,42.0,0.3480410963483288,0.41598880971705054,9.562664410923121
4,43.0,0.3468084718220498,0.41486178261751694,9.539113092117384
4,44.0,0.3455752678756945,0.4137732780483814,9.515550702538148
4,45.0,0.34434175231317826,0.4127227204096558,9.491982359019659
4,46.0,0.3431080561604714,0.4117098331338359,9.468410565028572
4,47.0,0.3418744300301753,0.41073405657436934,9.444840108930805
4,48.0,0.3406410016139096,0.40979511049463757,9.421273430484757
4,49.0,0.3394080051495698,0.40889245129522134,9.397715005190664
4,50.0,0.33817556482407496,0.4080257955916309,9.37416720584385
4,51.0,0.33694389932711855,0.40719461581852645,9.350634210870586
4,52.0,0.3357131292063224,0.40639862592169734,9.327118323531442
4,53.0,0.33448345839498406,0.4056373143221171,9.303623440307462
4,54.0,0.3332550036896104,0.40491039275190355,9.280151792788
4,55.0,0.33202795503590754,0.4042173655181248,9.256707010198168
4,56.0,0.3308024253885523,0.4035579425781613,9.233291250722834
4,57.0,0.32957859146033897,0.40293164394373815,9.209907890750566
4,58.0,0.32835656226119647,0.40233817830137353,9.186559013095335
4,59.0,0.3271365020325648,0.4017770810533859,9.163247755859976
4,60.0,0.32591851573214875,0.4012480601779007,9.13997612443405
4,61.0,0.3247027558874636,0.4007506660336759,9.116747033106597
4,62.0,0.32348932328670865,0.40028460653296477,9.093562407601924
4,63.0,0.3222783594978893,0.39984944642839215,9.070424952809603
4,64.0,0.32106996102139695,0.399444894276573,9.047336512528322
4,65.0,0.3198642592077899,0.39907052854676656,9.024299596426516
4,66.0,0.318661346150519,0.39872605922539095,9.001315964101032
4,67.0,0.3174613437100945,0.3984110777075748,8.978387943897332
4,68.0,0.31626433946044863,0.3981252962582593,8.95551720905942
4,69.0,0.3150704464771694,0.39786831830759134,8.932705920082379
4,70.0,0.3138797477104586,0.39763985931248985,8.909955661866233
4,71.0,0.31269234813099916,0.397439533751535,8.887268440048516
4,72.0,0.3115083259749023,0.39726706124222566,8.864645749458811
4,73.0,0.3103277787573895,0.3971220662400752,8.842089453285796
4,74.0,0.3091507799256535,0.39700427354728596,8.819600954858887
4,75.0,0.30797742015629487,0.39691331644311645,8.797181986703668
4,76.0,0.30680776805164095,0.39684892598929983,8.77483385958043
4,77.0,0.30564190803067337,0.3968107430597998,8.752558186452655
4,78.0,0.3044799038147561,0.3967985061038461,8.730356184821797
4,79.0,0.30332183410938934,0.3968118622850792,8.70822935848589
4,80.0,0.3021677577404455,0.39685055862198393,8.686178831409965
4,81.0,0.3010177482056356,0.3969142471872163,8.664206007888673
4,82.0,0.29987185944323225,0.39700268481014567,8.64231191850142
4,83.0,0.2987301602111999,0.3971155270018099,8.620497876982201
4,84.0,0.29759269958506074,0.3972525417344663,8.598764820999575
4,85.0,0.2964595420156506,0.39741338638658846,8.577113981992767
4,86.0,0.29533073176725455,0.39759784147131444,8.555546205703735
4,87.0,0.29420632937325814,0.39780556457424976,8.534062648722369
4,88.0,0.2930863743585795,0.3980363502500083,8.512664066237235
4,89.0,0.2919709236915935,0.3982898545132299,8.491351546722827
4,90.0,0.2908600122558229,0.39856588755880645,8.470125756686219
4,91.0,0.28975369376475146,0.3988641019329374,8.448987722411857
4,92.0,0.28865199858131535,0.399184325200782,8.427938024033573
4,93.0,0.28755497724304346,0.3995262062355751,8.406977627153973
4,94.0,0.28646265631541323,0.3998895863221606,8.386107039350192
4,95.0,0.28537508277588164,0.40027411469258817,8.36532715820381
4,96.0,0.28429227986727956,0.40067964440534604,8.344638427807338
4,97.0,0.28321429107313456,0.40110582540912526,8.32404167898508
4,98.0,0.2821411365832747,0.40155252224306165,8.303537297496915
4,99.0,0.2810728564910928,0.40201938550094246,8.283126049393042
4,100.0,0.2800094681958107,0.40250629088899664,8.262808267114215
4,101.0,0.2789510084751861,0.40301288982501876,8.242584653359982
4,102.0,0.27789749221276266,0.40353906859705335,8.222455492504922
4,103.0,0.276848952921827,0.4040844799093781,8.202421424875492
4,104.0,0.2758054032499762,0.40464901974667344,8.182482692124838
4,105.0,0.2747668734822789,0.4052323428769312,8.162639872898998
4,106.0,0.2737333743075068,0.4058343537631564,8.142893171424545
4,107.0,0.27270493281242103,0.40645471036108066,8.12324310523859
4,108.0,0.27168155799191046,0.40709332403168824,8.103689846203281
4,109.0,0.27066327376825744,0.40774985742031794,8.084233851393165
4,110.0,0.2696500876855579,0.4084242268117532,8.064875264950604
4,111.0,0.26864202055007835,0.4091161014515209,8.045614484413537
4,112.0,0.26763907866514647,0.409825400151354,8.02645163021741
4,113.0,0.26664127979597413,0.4105518011065608,8.007387041795806
4,114.0,0.26564862917059445,0.41129522280597985,7.988420819038903
4,115.0,0.26466114162700394,0.41205535521297376,7.969553245451022
4,116.0,0.2636788214263464,0.4128321131622807,7.950784402448329
4,117.0,0.262701680645221,0.41362520170158357,7.932114520774108
4,118.0,0.26172972261643,0.414434528169958,7.91354366410703
4,119.0,0.2607629568864826,0.4152598165422597,7.895072014848854
4,120.0,0.25980138581514367,0.41610096228223586,7.876699618086765
4,121.0,0.2588450167295129,0.41695771268962306,7.858426613817059
4,122.0,0.2578938508748291,0.4178299464072078,7.8402530258320695
4,123.0,0.2569478937629188,0.418717439039923,7.8221789594443045
4,124.0,0.2560071452724457,0.419620046870689,7.804204412335436
4,125.0,0.2550716096116936,0.4205375794002907,7.786329464911648
4,126.0,0.254141284916437,0.4214698643921647,7.768554081553846
4,127.0,0.25321617472481045,0.4224167514713747,7.750878329863909
4,128.0,0.2522962750171703,0.4233780344041658,7.733302133039936
4,129.0,0.2513815891254413,0.42435360584418447,7.715825554743827
4,130.0,0.250472111008922,0.4253432293122085,7.698448479558046
4,131.0,0.2495678431252939,0.42634682501188487,7.681170954440641
4,132.0,0.2486687783186452,0.4273641437521922,7.663992842666149
4,133.0,0.24777491800454196,0.42839512239713784,7.646914171281285
4,134.0,0.2468862540037595,0.42943950644525936,7.629934784008511
4,135.0,0.24600278665880362,0.4304972413955009,7.6130546873919664
4,136.0,0.24512450705239638,0.431568075619357,7.596273711052386
4,137.0,0.2442514142145598,0.4326519544351475,7.579591836456749
4,138.0,0.24338349898327807,0.4337486380775956,7.56300888854967
4,139.0,0.24252075861436026,0.4348580620533401,7.546524814898873
4,140.0,0.24166318441603532,0.43598000828344996,7.530139449433775
4,141.0,0.2408107711731656,0.4371143919897714,7.513852692510594
4,142.0,0.2399635116132722,0.43826102746299084,7.49766440517666
4,143.0,0.23912139710710256,0.43941979829682554,7.481574422555913
4,144.0,0.23828442299561006,0.44059056272425395,7.465582655629602
4,145.0,0.23745257623928012,0.44177316183727006,7.4496888552563565
4,146.0,0.2366258556309856,0.44296750619373776,7.433892998372028
4,147.0,0.2358042442149231,0.4441733959922653,7.418194761008104
4,148.0,0.23498774169934475,0.4453907741699575,7.402594137590263
4,149.0,0.23417633023481307,0.4466194250768861,7.387090787075649
4,150.0,0.2333700089339129,0.4478593062940215,7.371684692508731
4,151.0,0.23256876004901839,0.4491102003467041,7.35637551479193
4,152.0,0.23177258104013346,0.45037206473692093,7.341163205394446
4,153.0,0.23098145558236854,0.4516446951962656,7.326047452402412
4,154.0,0.23019537809334756,0.45292803340351945,7.311028149155353
4,155.0,0.22941433532133834,0.45422190437229215,7.296105042457132
4,156.0,0.22863831691626546,0.45552621715276204,7.281277934552536
4,157.0,0.22786731468115806,0.4568408432032597,7.2665466688249545
4,158.0,0.22710131200005382,0.4581656440587833,7.251910927799101
4,159.0,0.22634030635415944,0.4595005468449837,7.237370663349284
4,160.0,0.2255842761780713,0.46084536897766903,7.222925463433007
4,161.0,0.22483322064028233,0.462200069541863,7.208575312162952
4,162.0,0.2240871178228278,0.4635644520553004,7.194319790760361
4,163.0,0.22334596576065285,0.4649384839034067,7.180158861679625
4,164.0,0.22260974432575867,0.4663219751210665,7.1660921403422275
4,165.0,0.221878448155128,0.46771488019565954,7.1521195242788975
4,166.0,0.2211520614375179,0.4691170373279744,7.138240711389843
4,167.0,0.22043057276463446,0.47052836564690687,7.124455483700839
4,168.0,0.2197139735421706,0.4719487544676286,7.110763677003517
4,169.0,0.21900224465749338,0.4733780705241347,7.097164926119591
4,170.0,0.21829538391739164,0.4748162582990604,7.083659189144155
4,171.0,0.21759336766500445,0.4762631430814168,7.070246014073974
4,172.0,0.2168961949813504,0.4777186958909237,7.056925383350397
4,173.0,0.21620384312472551,0.47918273511677006,7.043696862455766
4,174.0,0.21551630852709353,0.4806552289766686,7.03056038321688
4,175.0,0.21483357269874373,0.4821360158325066,7.01751559235741
4,176.0,0.21415562594509938,0.4836250333217776,7.004562304646517
4,177.0,0.213482457746811,0.48512216817751097,6.991700319094735
4,178.0,0.2128140497439918,0.4866273041315293,6.978929284906229
4,179.0,0.21215039953140663,0.48814038823521533,6.966249156125025
4,180.0,0.21149148298019965,0.48966125642876435,6.953659471729648
4,181.0,0.21083729941254237,0.49118988462266094,6.941160218769073
4,182.0,0.21018782614115555,0.4927261020223735,6.928750963765516
4,183.0,0.20954305903300835,0.49426987790011057,6.916431627750624
4,184.0,0.2089029811656313,0.49582106768145234,6.904201887392787
4,185.0,0.2082675804946403,0.4973795999902992,6.892061512564238
4,186.0,0.2076368505252935,0.49894539128904836,6.880010379172256
4,187.0,0.20701076970225946,0.500518309161258,6.8680480753667785
4,188.0,0.20638933738730508,0.5020983212794062,6.856174588953312
4,189.0,0.2057725299704218,0.5036852636705214,6.844389468823816
4,190.0,0.2051603457692694,0.5052791160836138,6.832692682834413
4,191.0,0.20455276544415424,0.5068797257132409,6.821083861468448
4,192.0,0.2039497806870873,0.5084870435830215,6.809562845988127
4,193.0,0.20335138175426892,0.5101009682716833,6.798129450222133
4,194.0,0.20275755050291736,0.5117213909244007,6.786783327522784
4,195.0,0.20216828572315598,0.5133482730263446,6.775524454773392
4,196.0,0.20158356432218114,0.5149814582151568,6.76435239074797
4,197.0,0.20100338549556898,0.5166209298312698,6.753267120076674
4,198.0,0.2004277300356397,0.5182665368271122,6.7422682757651895
4,199.0,0.1998565906639621,0.519918236194718,6.731355718747124
4,200.0,0.19928995804246524,0.5215759285947978,6.7205292706032695
4,201.0,0.1987278148496348,0.5232395087286884,6.709788600377608
4,202.0,0.19817016034745097,0.524908942307169,6.699133693969059
4,203.0,0.19761697259695638,0.5265840754894942,6.688564132197756
4,204.0,0.1970682506729389,0.5282648932055184,6.678079897386005
4,205.0,0.19652397753528938,0.5299512525250097,6.667680663954494
4,206.0,0.19598414456680754,0.5316431024843596,6.657366267257437
4,207.0,0.19544874616467453,0.533340364664574,6.6471366002437655
4,208.0,0.19491776347534767,0.5350429182890151,6.636991302685544
4,209.0,0.1943911969399217,0.5367507420357766,6.626930383010608
4,210.0,0.19386902673295367,0.5384636822942381,6.616953462421264
4,211.0,0.19335125036842538,0.5401817195774368,6.607060493418049
4,212.0,0.19283785542208723,0.5419047308955648,6.597251238615239
4,213.0,0.19232883016347202,0.543632641699099,6.587525473882966
4,214.0,0.19182417325465997,0.5453654063826877,6.577883173658071
4,215.0,0.1913238651405397,0.5471028808997545,6.568323964307992
4,216.0,0.1908279061966769,0.5488450547520484,6.558847853008527
4,217.0,0.1903362808929622,0.5505917839013598,6.549454543031397
4,218.0,0.18984898255611288,0.5523430252265393,6.540143906872558
4,219.0,0.1893660068475522,0.5540987025399967,6.53091586163637
4,220.0,0.18888733729417426,0.5558586964885264,6.521770092577047
4,221.0,0.18841297486556893,0.557622991284377,6.512706618220203
4,222.0,0.18794290326289353,0.5593914358498926,6.50372512714964
4,223.0,0.18747711932508435,0.5611640067583797,6.494825558968037
4,224.0,0.18701561558418087,0.5629406004540253,6.486007770987728
4,225.0,0.1865583797640176,0.564721123697845,6.477271528652379
4,226.0,0.18610541239824957,0.5665055507435465,6.468616842158348
4,227.0,0.18565669774363427,0.5682937301824452,6.4600434107050955
4,228.0,0.18521223452145055,0.5700856482639234,6.45155120986055
4,229.0,0.18477201421135525,0.5718811863672439,6.443140076829543
4,230.0,0.18433602722470288,0.57368026657423,6.434809828405232
4,231.0,0.18390427392559505,0.5754828562427636,6.426560471544378
4,232.0,0.18347673980213255,0.5772888051386078,6.418391728973278
4,233.0,0.1830534244681862,0.5790981038611317,6.4103035933143016
4,234.0,0.18263431976356553,0.5809106269205084,6.402295908653584
4,235.0,0.18221941769931915,0.5827263029450727,6.394368522349076
4,236.0,0.1818087187880162,0.5845450970897723,6.386521444194251
4,237.0,0.18140221010473542,0.5863668586762604,6.378754427237234
4,238.0,0.18099989151631424,0.588191579839476,6.371067468933731
4,239.0,0.18060175622405641,0.5900191345926191,6.363460439383473
4,240.0,0.18020779706851073,0.5918494501251091,6.3559332017933645
4,241.0,0.17981801492924468,0.5936824947168313,6.348485772968994
4,242.0,0.17943239876279563,0.5955181146701343,6.341117941906844
4,243.0,0.17905094818643022,0.5973563010506596,6.333829701294161
4,244.0,0.17867365852154307,0.5991969343621893,6.326620961738499
4,245.0,0.17830052292318807,0.6010399318463888,6.319491592455903
4,246.0,0.17793154265799918,0.602885269776604,6.312441617647498
4,247.0,0.1775667089531134,0.6047327902793164,6.305470869693309
4,248.0,0.17720602070841074,0.606582478408785,6.298579327573734
4,249.0,0.17684947593114525,0.6084342314835952,6.291766953214082
4,250.0,0.17649706782704438,0.6102879463074745,6.285033616798604
4,251.0,0.17614879784142168,0.6121436102969398,6.278379345942393
4,252.0,0.17580465997484956,0.6140010643805175,6.271804026016516
4,253.0,0.1754646520185793,0.6158602773939146,6.265307614819199
4,254.0,0.17512877493665566,0.6177211802749191,6.2588901307701
4,255.0,0.17479702204377712,0.6195836352439322,6.252551446135538
4,256.0,0.17446939458291202,0.6214476407936392,6.24629158466447
4,257.0,0.17414588979347032,0.6233130469701679,6.240110493611281
4,258.0,0.17382650486147141,0.6251797972392586,6.234008119210245
4,259.0,0.1735112416004182,0.6270478538219302,6.227984496111315
4,260.0,0.17320009577333523,0.6289170539280262,6.2220395433601094
4,261.0,0.17289306742626434,0.6307873922462681,6.216173261836333
4,262.0,0.17259015711182296,0.6326587494443057,6.210385662098648
4,263.0,0.17229136194458955,0.6345310274985134,6.204676689016333
4,264.0,0.1719966834765429,0.6364042145083657,6.1990463722424956
4,265.0,0.1717061209312154,0.6382781420118339,6.1934946969414435
4,266.0,0.17141967320462473,0.6401527747596235,6.1880216420197796
4,267.0,0.17113734299807212,0.6420280556717445,6.182627259090306
4,268.0,0.1708591287520022,0.6439038252147975,6.177311518355151
4,269.0,0.17058503109262985,0.6457800852898266,6.172074431779183
4,270.0,0.1703150524946829,0.6476566951344378,6.166916046646147
4,271.0,0.17004919222959727,0.6495335700744431,6.161836349035626
4,272.0,0.16978745208968476,0.6514106937834552,6.156835373192685
4,273.0,0.1695298344553621,0.6532878882893058,6.151913164599101
4,274.0,0.16927633904011802,0.6551651229745082,6.147069717780605
4,275.0,0.16902696942918244,0.6570423372219248,6.142305101238912
4,276.0,0.1687817273959004,0.658919364587533,6.137619348856692
4,277.0,0.16854061338135934,0.6607962086106616,6.133012469061652
4,278.0,0.16830363245393093,0.6626727272731641,6.128484558693362
4,279.0,0.16807078587511692,0.6645488256448924,6.124035641854893
4,280.0,0.16784207519650196,0.6664244934197241,6.119665748191817
4,281.0,0.16761750652717175,0.6682995465208126,6.115374994428268
4,282.0,0.16739708048452964,0.6701739433930692,6.111163392360749
4,283.0,0.1671808005975546,0.672047638796962,6.1070310094162075
4,284.0,0.16696867300365703,0.6739204466505566,6.102977962859966
4,285.0,0.16676069783273026,0.6757923636124589,6.0990042551738455
4,286.0,0.16655688166127808,0.6776632753854579,6.09511001201277
4,287.0,0.16635722917202192,0.6795330466860108,6.091295322847836
4,288.0,0.16616174096646494,0.6814016795859411,6.087560199171746
4,289.0,0.1659704263256161,0.683269000012479,6.083904818313441
4,290.0,0.16578328816691767,0.6851349312773642,6.080329236015457
4,291.0,0.1656003285204534,0.6869994565050578,6.0768334910658774
4,292.0,0.1654215582809424,0.6888623740175257,6.073417791626236
4,293.0,0.16524697884910763,0.6907236490466735,6.070082164459642
4,294.0,0.16507659466792968,0.6925832316590123,6.066826694456552
4,295.0,0.16491041682819804,0.6944409216393802,6.063651593524734
4,296.0,0.16474844547507989,0.6962967161358685,6.06055686443785
4,297.0,0.16459068906348345,0.6981505041892337,6.057542668740827
4,298.0,0.1644371567019267,0.700002128466159,6.054609180466877
4,299.0,0.1642878483939022,0.7018515950994677,6.051756399682736
4,300.0,0.16414277664214172,0.7036987335852419,6.048984565273655
4,301.0,0.16400194785602942,0.7055434399534086,6.046293799701459
4,302.0,0.163865362953346,0.7073857106578578,6.043684120501859
4,303.0,0.16373303737981476,0.7092253382511619,6.041155822790801
4,304.0,0.16360497520992054,0.7110622600152527,6.038708984418016
4,305.0,0.1634811790258238,0.7128964535168274,6.036343654719931
4,306.0,0.1633616660126117,0.7147276941487269,6.034060162045897
4,307.0,0.16324643835255812,0.7165559496944675,6.031858548091845
4,308.0,0.1631355010216511,0.7183811710702761,6.029738907932215
4,309.0,0.16302887171245273,0.7202031335226421,6.027701579612496
4,310.0,0.1629265510726961,0.7220218277442169,6.0257465755087
4,311.0,0.16282854753512643,0.7238371661828368,6.023874056742292
4,312.0,0.16273487771618889,0.725648943714653,6.022084340797784
4,313.0,0.1626455410658264,0.7274571682702689,6.020377417165431
4,314.0,0.16256055094224703,0.7292616960659125,6.018753541075767
4,315.0,0.1624799209053132,0.7310623660734025,6.017212971612268
4,316.0,0.16240365043032506,0.7328591866917126,6.015755698749675
4,317.0,0.16233175694711247,0.7346519712534593,6.0143820555135585
4,318.0,0.16226425133316325,0.736440594967396,6.013092249736212
4,319.0,0.16220113347730164,0.7382250622417403,6.011886279293438
4,320.0,0.1621424240737236,0.7400051546861325,6.010764539581885
4,321.0,0.16208813169638575,0.7417807769090694,6.009727194421095
4,322.0,0.1620382569622605,0.7435519259915399,6.008774255599344
4,323.0,0.1619928230998725,0.7453183609115728,6.007906166935794
4,324.0,0.1619518367472462,0.7470800097985396,6.007123055260822
4,325.0,0.16191529947967648,0.7488368601309402,6.006424950673025
4,326.0,0.16188323642956476,0.7505886554101735,6.0058123333682705
4,327.0,0.16185565264325846,0.752335342296026,6.00528529976532
4,328.0,0.16183255079371373,0.7540768973801975,6.0048439009354
4,329.0,0.16181395740033996,0.7558130540555722,6.004488643575442
4,330.0,0.1617998762304433,0.7575437733326257,6.004219599666024
4,331.0,0.16179031110127223,0.7592690205431568,6.004036842141958
4,332.0,0.1617852895216762,0.760988522720084,6.003940896605053
4,333.0,0.16178481425639385,0.7627022517697484,6.0039318158801915
4,334.0,0.16178889022344303,0.7644101622123911,6.004009693934189
4,335.0,0.16179754564055393,0.7661119770357762,6.004175069913192
4,336.0,0.16181078250922862,0.767807676217906,6.004427982059187
4,337.0,0.16182860672135632,0.7694972046372717,6.004768542946408
4,338.0,0.1618510470301423,0.7711802823224244,6.005197301952131
4,339.0,0.16187810487837806,0.7728568950263776,6.005714286643262
4,340.0,0.16190978693227076,0.7745269797668278,6.00631962438865
4,341.0,0.1619461223974632,0.776190253694336,6.007013873210135
4,342.0,0.16198711233304774,0.7778467064560636,6.007797053343417
4,343.0,0.16203276392163907,0.7794962694801433,6.008669302024163
4,344.0,0.1620831068058131,0.781138656358563,6.0096311856225375
4,345.0,0.16213814181421768,0.7827738590475025,6.010682719971222
4,346.0,0.16219787634693425,0.7844018060164213,6.011824046460941
4,347.0,0.16226234050767946,0.7860222061174791,6.013055740272712
4,348.0,0.16233153503585335,0.7876350521980443,6.014377815533989
4,349.0,0.16240546722881793,0.7892402726191338,6.015790411672873
4,350.0,0.16248416768383428,0.7908375700895507,6.01729411330036
4,351.0,0.16256763719111245,0.7924269369614252,6.018888935514712
4,352.0,0.16265588262536845,0.794008304407694,6.020575009668688
4,353.0,0.16274893508431873,0.7955813676623741,6.022352929935301
4,354.0,0.16284679555926726,0.7971461170843892,6.024222715255045
4,355.0,0.16294947020501918,0.7987024894915604,6.026184483225596
4,356.0,0.1630569905670549,0.8002501716927108,6.028238836575236
4,357.0,0.1631693580091638,0.8017891502949234,6.030385801361409
4,358.0,0.16328657771397978,0.8033193703415047,6.032625476606854
4,359.0,0.16340868152991475,0.8048405099685758,6.0349584708278625
4,360.0,0.1635356713951118,0.8063525498574523,6.037384821055843
4,361.0,0.16366755133399463,0.8078554454334738,6.039904604184033
4,362.0,0.16380435323220582,0.8093488669488322,6.042518429440074
4,363.0,0.16394607984126094,0.8108327864105629,6.045226349396192
4,364.0,0.16409273392643778,0.8123071711808095,6.048028416887571
4,365.0,0.16424434700169713,0.813771685796028,6.050925234040261
4,366.0,0.16440092291073236,0.8152262901027567,6.053916874294345
4,367.0,0.16456246315902187,0.8166709641700312,6.057003366414463
4,368.0,0.1647289983235903,0.8181053707181706,6.06018529462496
4,369.0,0.16490053365601007,0.8195294530427204,6.063462759265762
4,370.0,0.16507706951151876,0.8209432037170735,6.06683576712427
4,371.0,0.16525863480806066,0.8223462896356141,6.070304870725369
4,372.0,0.16544523654746923,0.8237386320792842,6.073870203850601
4,373.0,0.16563687415738176,0.8251202347584965,6.077531755564036
4,374.0,0.16583357403343188,0.8264907771884741,6.081290030197667
4,375.0,0.16603534527726618,0.8278501519274999,6.085145201653419
4,376.0,0.16624218671835553,0.8291983710943326,6.089097247566411
4,377.0,0.16645412126239606,0.8305351381004056,6.093146605587635
4,378.0,0.1666711604363147,0.8318603086559648,6.097293495957992
4,379.0,0.16689330288966392,0.8331738989974409,6.101537892874959
4,380.0,0.16712056702917646,0.8344756509138248,6.105880148029437
4,381.0,0.16735296706256952,0.8357653735504296,6.110320532883231
4,382.0,0.16759050193381264,0.837043081203774,6.1148590272591425
4,383.0,0.16783318459609275,0.8383085721108413,6.119495878649108
4,384.0,0.16808103205946415,0.8395615973682045,6.124231412058194
4,385.0,0.16833404404142652,0.8408021612990587,6.129065622088767
4,386.0,0.16859222727843434,0.842030140634526,6.1339986374518665
4,387.0,0.16885560148392093,0.8432452149966274,6.139030834805061
4,388.0,0.16912416665788624,0.844447384385363,6.144162214148346
4,389.0,0.16939792563731035,0.8456365828219294,6.149392829686892
4,390.0,0.16967689770415226,0.8468124505281809,6.154723049834241
4,391.0,0.16996108375870844,0.8479749716315961,6.160152891792038
4,392.0,0.17025048454046865,0.8491241177630142,6.1656823696894465
4,393.0,0.17054511642798068,0.8502595227635305,6.171311796465563
4,394.0,0.1708449817396643,0.8513811379378134,6.1770412164176065
4,395.0,0.17115008009188032,0.8524889630930754,6.182870622215523
4,396.0,0.17146042360329392,0.8535826511518023,6.188800245406341
4,397.0,0.17177601593054576,0.8546621053462076,6.194830155856192
4,398.0,0.17209685643107184,0.8557273412312115,6.200960341287836
4,399.0,0.17242295219264958,0.8567780621769736,6.207190937124914
4,400.0,0.1727543076263618,0.8578141052558598,6.213522027648425
4,401.0,0.17309092240360918,0.8588354860698934,6.2199536065799315
4,402.0,0.1734327988246519,0.8598419961960453,6.226485717869692
4,403.0,0.17377994071830707,0.8608333854134379,6.233118434673551
4,404.0,0.17413234808457473,0.861809653722071,6.23985175699151
4,405.0,0.1744900203248638,0.8627707147344057,6.246685673386505
4,406.0,0.17485295821121044,0.8637162173590335,6.253620198609554
4,407.0,0.17522116176305713,0.8646461579981544,6.260655333032138
4,408.0,0.17559463012888404,0.8655605082409278,6.267791060384568
4,409.0,0.17597335863186847,0.8664589043281142,6.275027291308458
4,410.0,0.17635734680090892,0.8673413004070457,6.282364016802639
4,411.0,0.17674659457944905,0.8682077043055911,6.2898012357865065
4,412.0,0.17714109233222688,0.8690577896086681,6.297338764162537
4,413.0,0.1775408369397024,0.869891441113619,6.304976542326783
4,414.0,0.1779458291077705,0.8707086763398909,6.3127145837665335
4,415.0,0.17835605769027768,0.8715092653508831,6.320552675516191
4,416.0,0.1787715128476338,0.8722929922821993,6.328490629574202
4,417.0,0.17919219457983881,0.8730598571338395,6.336528445940568
4,418.0,0.1796180972091696,0.873809781826993,6.344666016133051
4,419.0,0.18004919825233823,0.8745424274571951,6.352902910571457
4,420.0,0.18048549742596307,0.8752577896141128,6.3612391238413135
4,421.0,0.18092699351099675,0.8759558571395254,6.369674632650717
4,422.0,0.18137365598860203,0.8766362913716044,6.378208853887089
4,423.0,0.18182547924932585,0.8772990291175106,6.386841680372601
4,424.0,0.1822824652152925,0.8779440873817074,6.395573148832603
4,425.0,0.18274458395571383,0.8785712101783997,6.404402687390157
4,426.0,0.18321181644490442,0.8791802334732591,6.4133299325282564
4,427.0,0.18368416268286433,0.8797711572662857,6.422354884246901
4,428.0,0.18416161097036374,0.8803439021063476,6.431477319013062
4,429.0,0.18464411545239343,0.8808981561835577,6.440696360691376
4,430.0,0.18513167612828677,0.8814339194933808,6.450012009269105
4,431.0,0.18562429248748832,0.8819511885557193,6.459424254991247
4,432.0,0.18612190862045427,0.882449657511785,6.468932029614018
4,433.0,0.1866245119844612,0.8829292580893818,6.4785350934880555
4,434.0,0.18713210614139178,0.8833900056730059,6.488233514668988
4,435.0,0.18764464993751004,0.88383171598007,6.4980265068470064
4,436.0,0.18816209964795214,0.884254196026232,6.507913234586674
4,437.0,0.18868445527271804,0.8846574458114919,6.517893697887992
4,438.0,0.1892117105632034,0.8850414403330115,6.527967777361096
4,439.0,0.1897437853292926,0.8854058900306443,6.538133940841944
4,440.0,0.190280671329373,0.8857507655795892,6.54839203086097
4,441.0,0.19082237405648889,0.8860760820834297,6.558742152371821
4,442.0,0.1913688275901617,0.8863816428571585,6.569183045855339
4,443.0,0.1919199832354015,0.8866673060734535,6.579713780913653
4,444.0,0.19247584099220832,0.8869330717323145,6.590334357546766
4,445.0,0.19303639250282448,0.88717891619152,6.601044616065969
4,446.0,0.1936015312554377,0.8874045857758727,6.611842521387916
4,447.0,0.19417124740383004,0.8876100576075192,6.6227278853844185
4,448.0,0.19474554822570037,0.8877953444945759,6.633700847107886
4,449.0,0.1953243584852709,0.8879602983936175,6.644759969055044
4,450.0,0.19590760460611564,0.888104780579642,6.655903845427266
4,451.0,0.19649528658823456,0.8882287910526495,6.667132476224555
4,452.0,0.19708740514124826,0.8883323272605671,6.678445875005378
4,453.0,0.19768382777291355,0.8884151881223714,6.689841510287526
4,454.0,0.19828452661799573,0.8884773328957012,6.701318849659861
4,455.0,0.19888950175905826,0.8885187616696122,6.7128778946998935
4,456.0,0.19949872429879356,0.888539434323145,6.724518093277041
4,457.0,0.20011204394381849,0.8885391798178272,6.736236573789032
4,458.0,0.20072946069413306,0.8885179981536587,6.7480333362358715
4,459.0,0.2013509862930828,0.8884758976242092,6.759908604993487
4,460.0,0.2019765087431825,0.888412778201839,6.771860240165728
4,461.0,0.20260592837049735,0.8883285579784927,6.783886337318143
4,462.0,0.20323924517502734,0.8882232369541707,6.79598689645073
4,463.0,0.20387647006780307,0.8880968179776706,6.808162126036675
4,464.0,0.2045174336729056,0.8879492008575973,6.820408789870481
4,465.0,0.20516207241269663,0.8877803512509422,6.8327256731968085
4,466.0,0.20581038628717624,0.8875902691577054,6.845112776015655
4,467.0,0.20646237829477798,0.8873789506128235,6.857570155617029
4,468.0,0.2071178402636318,0.8871463262792624,6.870093834534983
4,469.0,0.20777673212859885,0.886892384598741,6.882683047259144
4,470.0,0.20843905388967912,0.8866171255712593,6.895337793789516
4,471.0,0.2091047992468779,0.8863205425028291,6.9080579537543345
4,472.0,0.20977373206031605,0.886002610747225,6.920839015312843
4,473.0,0.21044582569125792,0.8856633286127104,6.933680469488188
4,474.0,0.21112108013970343,0.8853026960992852,6.946582316280365
4,475.0,0.21179948262212145,0.8849207079206042,6.9595443114389886
4,476.0,0.21248077407067992,0.8845173900021435,6.972561505047054
4,477.0,0.21316493351563146,0.8840927452296692,6.985633496443047
4,478.0,0.21385196095697603,0.8836467736031811,6.99876028562697
4,479.0,0.2145418411643344,0.8831794729418048,7.011941581597375
4,480.0,0.2152342948589267,0.8826909226726277,7.025172048273862
4,481.0,0.21592930112135952,0.8821811294571194,7.03845128595701
4,482.0,0.2166268599516329,0.8816500932952799,7.051779294646826
4,483.0,0.2173269561277885,0.881097814936808,7.065155783502756
4,484.0,0.21802929243631708,0.8805244289083458,7.078575073771899
4,485.0,0.21873384514230976,0.8799299466787702,7.09203671195978
4,486.0,0.21944061424576652,0.8793143682480812,7.105540698066403
4,487.0,0.2201495851508461,0.8786776967572771,7.119086753214216
4,488.0,0.22086044365213467,0.8780201232981417,7.13266887399203
4,489.0,0.22157316301563518,0.8773416648606407,7.146286549602861
4,490.0,0.22228774324134762,0.8766423214447739,7.159939780046711
4,491.0,0.22300417052151836,0.8759220981721694,7.173628301503739
4,492.0,0.22372211463411196,0.8751812437460087,7.1873458045388565
4,493.0,0.22444154572221806,0.8744197813760122,7.2010917186866905
4,494.0,0.22516246378583668,0.87363771106218,7.2148660439472385
4,495.0,0.22588485595817775,0.8728350394814721,7.228668534479318
4,496.0,0.2266083771846252,0.8720120735830672,7.242492597446992
4,497.0,0.22733299439116697,0.8711688434897381,7.25633760091687
4,498.0,0.22805870757780314,0.8703053492014851,7.270203544888949
4,499.0,0.22878550495957733,0.8694215985162446,7.284090204192257
4,500.0,0.2295130280394307,0.8685179568237206,7.297990729150886
4,501.0,0.23024124046645048,0.8675944618370475,7.3119044252208605
4,502.0,0.23097014224063664,0.8666511135562254,7.32583129240218
4,503.0,0.23169972278491505,0.8656879204627069,7.339771128602449
4,504.0,0.23242961174960106,0.8647053061179552,7.353716857681848
4,505.0,0.23315976948599554,0.8637033164755517,7.367667722086772
4,506.0,0.23389019599409847,0.8626819515354964,7.38162372181722
4,507.0,0.23462088201329878,0.8616412200284151,7.395584679933987
4,508.0,0.2353514471204737,0.8605816029382461,7.4095433278276515
4,509.0,0.23608184839132584,0.859503155070229,7.423498845358918
4,510.0,0.23681208582585525,0.8584058764243637,7.437451232527785
4,511.0,0.23754215156862868,0.8572897755555892,7.451400339243281
4,512.0,0.2382716570774051,0.8561553896299922,7.465338741766877
4,513.0,0.23900055622121022,0.8550027828649731,7.479265558690443
4,514.0,0.23972884900004401,0.8538319552605318,7.493180790013975
4,515.0,0.24045650409550562,0.852642948775951,7.507083837347916
4,516.0,0.24118316979447973,0.851436291605419,7.520967980634758
4,517.0,0.24190880743029194,0.8502120428488089,7.5348324810840905
4,518.0,0.24263343516570265,0.8489701733702667,7.548677685725326
4,519.0,0.24335686942970364,0.8477109769224589,7.562500087132438
4,520.0,0.2440788692234299,0.8464348396136357,7.576295080625757
4,521.0,0.2447994345468814,0.8451417614437974,7.590062666205279
4,522.0,0.24551857144988026,0.8438317323384246,7.60380295946281
4,523.0,0.2462359486710255,0.8425053178927773,7.61750963110447
4,524.0,0.24695148260801797,0.8411626607085294,7.631181083770843
4,525.0,0.24766517692321022,0.8398037541678031,7.644817387437196
4,526.0,0.24837694280135614,0.8384287606510484,7.658416845142182
4,527.0,0.24908645609190974,0.8370382676856035,7.6719732634565085
4,528.0,0.24979371679487108,0.8356322752714685,7.685486642380173
4,529.0,0.25049874421718255,0.8342107470642242,7.6989573508040685
4,530.0,0.25120124792045495,0.8327742429714109,7.712379839425093
4,531.0,0.25190109121621324,0.831323025337914,7.7257514965851355
4,532.0,0.2525982741044574,0.8298570941637337,7.739072322284191
4,533.0,0.2532927604726394,0.8283765255550986,7.752341626532636
4,534.0,0.25398420371195135,0.8268820253279646,7.765552786799151
4,535.0,0.2546725822174017,0.8253736372344462,7.778705390284835
4,536.0,0.2553579078830255,0.8238513340423148,7.7917996642447935
4,537.0,0.2560399597729486,0.8223155901078705,7.804831387335785
4,538.0,0.2567185745062084,0.8207667619347011,7.81779743789582
4,539.0,0.257393761122578,0.8192048294404496,7.830697988644628
4,540.0,0.25806539296884307,0.8176300839546053,7.843530619664249
4,541.0,0.258733238599141,0.8160430476859357,7.856290908800833
4,542.0,0.25939729801347194,0.8144437206344408,7.868978856054381
4,543.0,0.26005752042593033,0.8128322284871499,7.8815934910766465
4,544.0,0.2607136241454596,0.8112092411787155,7.894129431696707
4,545.0,0.2613655991488815,0.8095747822825053,7.906586486405258
4,546.0,0.2620134297052684,0.8079288951992865,7.918964354637058
4,547.0,0.2626568383887768,0.806272276259136,7.931257735715096
4,548.0,0.2632957845591585,0.804605026332913,7.943465853140595
4,549.0,0.2639302735701938,0.8029271343247097,7.955588809206331
4,550.0,0.26456005782834763,0.8012392570558579,7.967621873230613
4,551.0,0.26518505583532653,0.799541608026711,7.97956348805451
4,552.0,0.26580528093141376,0.7978341520623025,7.99141390856607
4,553.0,0.26642053836477975,0.796117436879822,8.003169413711294
4,554.0,0.2670306971742133,0.7943918249156108,8.014827501260857
4,555.0,0.26763576676292683,0.7926572893335945,8.026388350878596
4,556.0,0.2682356251019221,0.7909141967914366,8.037849630999805
4,557.0,0.2688300850554111,0.7891630952598002,8.049207766087484
4,558.0,0.2694191466233939,0.7874039847386854,8.060462756141634
4,559.0,0.27000276173074167,0.7856370236741311,8.071613682607849
4,560.0,0.2705806974788005,0.7838629359752952,8.082656095574313
4,561.0,0.2711529488661633,0.7820817369074896,8.09358989948092
4,562.0,0.2717194994262937,0.7802934879568499,8.104414779707406
4,563.0,0.27228012269503915,0.7784989402742064,8.115126409283684
4,564.0,0.27283479050929854,0.7766981856613782,8.125724250107394
4,565.0,0.2733835051936364,0.7748912211302296,8.13620834659316
4,566.0,0.2739260673663887,0.7730787551430109,8.146574889226379
4,567.0,0.27446241887850525,0.7712609904699471,8.156822766973814
4,568.0,0.2749925696040681,0.7694378932017072,8.16695216849604
4,569.0,0.27551636410098046,0.7676100588039642,8.176960123816151
4,570.0,0.2760337095286366,0.7657778347763642,8.186844859061685
4,571.0,0.2765446138692822,0.763941190233651,8.196606526746574
4,572.0,0.2770489783100154,0.7621005383031774,8.206243238887815
4,573.0,0.2775466728774687,0.7602564036564318,8.215752512130463
4,574.0,0.278037697571642,0.7584087862934142,8.225134346474515
4,575.0,0.2785220143443496,0.7565578673656761,8.234388014946807
4,576.0,0.27899946010710897,0.7547043617864938,8.24351040147366
4,577.0,0.279470033496119,0.7528482753682846,8.252501479997404
4,578.0,0.27993371263419436,0.7509897114000561,8.261360832518443
4,579.0,0.2803903588950666,0.7491293453968413,8.270085810353919
4,580.0,0.2808399596374554,0.7472672395787341,8.278676171971386
4,581.0,0.2812824894075728,0.7454035406931482,8.28713143103436
4,582.0,0.28171782775255194,0.7435388789382338,8.295449286092719
4,583.0,0.28214597171974415,0.7416732687523174,8.303629680731252
4,584.0,0.28256688421871,0.7398069400268745,8.311671906276112
4,585.0,0.2829804670696781,0.7379404571827347,8.3195740868413
4,586.0,0.283386723738267,0.7360737994785922,8.327336288643155
4,587.0,0.28378560293961097,0.7342073141061284,8.334957531799972
4,588.0,0.2841770345249382,0.7323414507592346,8.342436476004098
4,589.0,0.2845610223035827,0.7304761849146376,8.349773194039123
4,590.0,0.2849375087407186,0.7286119552251955,8.356966586607571
4,591.0,0.2853064459363497,0.7267491097074382,8.364015738501239
4,592.0,0.28566783666733037,0.7248876305485499,8.370920702776496
4,593.0,0.28602162374722323,0.7230280225672158,8.377680386792408
4,594.0,0.286367776342678,0.7211705452562337,8.384294201427103
4,595.0,0.28670629549499654,0.719315197322183,8.39076216657637
4,596.0,0.28703712957754823,0.7174625253201354,8.397083295828518
4,597.0,0.2873602602808623,0.7156127132963057,8.403257239351001
4,598.0,0.2876756868738542,0.7137657854813921,8.409283983175241
4,599.0,0.2879833670950511,0.7119223068988613,8.415162719826299
4,600.0,0.2882832912837269,0.710082398979413,8.420893264720108
4,601.0,0.288575457549335,0.708246119573356,8.426475581734675
4,602.0,0.28885983539672877,0.7064140303321692,8.431909088210062
4,603.0,0.289136420623795,0.7045862024990553,8.437193703857991
4,604.0,0.2894052114177771,0.7027627346415731,8.442329394042762
4,605.0,0.28966619006876326,0.7009441648611179,8.447315820387386
4,606.0,0.2899193553348842,0.6991305260954411,8.452152959163906
4,607.0,0.29016470730914506,0.6973219636573078,8.456840812149338
4,608.0,0.29040224074420373,0.6955189737839337,8.461379279084582
4,609.0,0.29063195547239634,0.6937215514821984,8.465768356766144
4,610.0,0.29085385609835573,0.6919299262146047,8.470008133173108
4,611.0,0.2910679480029051,0.6901445035707516,8.474098711114948
4,612.0,0.291274230644581,0.6883652655845253,8.47804008024612
4,613.0,0.2914727171882148,0.6865925185045966,8.481832492102372
4,614.0,0.29166341965799775,0.6848265742603219,8.485476176425657
4,615.0,0.29184633718973774,0.6830674163357713,8.488971116704162
4,616.0,0.29202149441065484,0.6813154045738529,8.492317783481433
4,617.0,0.29218890647662,0.6795707711399782,8.495516466335307
4,618.0,0.29234857293024935,0.6778335085296593,8.498567156526713
4,619.0,0.2925005313959446,0.6761040088610806,8.501470572931726
4,620.0,0.2926447973853976,0.6743824376999221,8.50422701192673
4,621.0,0.29278137212134686,0.6726688030475799,8.506836496874152
4,622.0,0.2929103064618172,0.6709635099966834,8.509299999500204
4,623.0,0.29303161421320695,0.6692666698432954,8.511617783598831
4,624.0,0.29314530004729633,0.6675783114926874,8.51378993843208
4,625.0,0.29325142707604435,0.6658988358406017,8.515817669857716
4,626.0,0.29335000602511846,0.6642283113246799,8.517701182807267
4,627.0,0.2934410472275972,0.6625667920411342,8.519440674711184
4,628.0,0.29352462394689666,0.6609146597255675,8.52103754538753
4,629.0,0.2936007431021176,0.6592719503816394,8.522491927037104
4,630.0,0.2936694232878887,0.6576387464724424,8.523804174940862
4,631.0,0.29373074479619554,0.6560153978654598,8.524975823209246
4,632.0,0.29378471013283153,0.6544019157381541,8.52600691971956
4,633.0,0.2938313505501164,0.6527984183341555,8.52689806159877
4,634.0,0.2938707478693292,0.6512052078818786,8.527650812176981
4,635.0,0.2939028990711093,0.6496222750871858,8.528265113764338
4,636.0,0.29392785739579014,0.6480497921899457,8.528741983604979
4,637.0,0.2939456952357128,0.646487988396376,8.529082804873633
4,638.0,0.2939564084480021,0.6449368530158965,8.529287498413867
4,639.0,0.2939600714549306,0.6433965938952908,8.529357486185585
4,640.0,0.29395674593177873,0.6418673796310125,8.52929394659646
4,641.0,0.29394642841939966,0.6403492031618596,8.529096813553801
4,642.0,0.2939292126715877,0.6388422918406648,8.52876787837804
4,643.0,0.2939051489967346,0.6373467649560225,8.52830810229374
4,644.0,0.2938742367696433,0.6358626230272505,8.527717473355487
4,645.0,0.29383658629470155,0.6343900990988883,8.526998099110017
4,646.0,0.2937922364490902,0.6329292733203473,8.526150722369808
4,647.0,0.29374119187774067,0.6314801566971096,8.525175431883918
4,648.0,0.29368357584060073,0.6300429764108402,8.524074582736368
4,649.0,0.2936194162493821,0.6286177824986167,8.522848708226311
4,650.0,0.29354872565075774,0.6272045983102722,8.52149804807857
4,651.0,0.2934716360663186,0.625803635959668,8.520025124782775
4,652.0,0.2933881654069042,0.6244149232953607,8.518430280554963
4,653.0,0.2932983365468469,0.6230384964422299,8.51671395244688
4,654.0,0.2932022860826908,0.6216745460621743,8.514878750360152
4,655.0,0.29310002351451153,0.6203230848818231,8.51292485580935
4,656.0,0.2929915832124366,0.61898415966126,8.510852925492284
4,657.0,0.29287710259702576,0.6176579361849861,8.508665585054755
4,658.0,0.2927565844053628,0.6163444177092957,8.506362886793253
4,659.0,0.29263007649300793,0.615043660132111,8.503945745066963
4,660.0,0.2924977128883406,0.6137558021741588,8.501416720708505
4,661.0,0.292359490530555,0.6124808413832938,8.498775755236142
4,662.0,0.29221547387439695,0.6112188412712664,8.496024080163803
4,663.0,0.29206578838581004,0.6099699126125164,8.493164092724689
4,664.0,0.29191042978955295,0.6087340526113406,8.49019571123328
4,665.0,0.291749472290893,0.6075113232409219,8.48712035350325
4,666.0,0.29158303814001224,0.6063018153278711,8.48394035532539
4,667.0,0.2914111228435973,0.6051055265078106,8.480655630847552
4,668.0,0.2912338025115139,0.6039225104963163,8.477267634273899
4,669.0,0.2910512026276032,0.6027528443465509,8.473778763179588
4,670.0,0.290863319592542,0.6015965265647165,8.470188948793634
4,671.0,0.2906702226427633,0.6004535984600243,8.46649951399196
4,672.0,0.2904720477363987,0.599324127227752,8.462713056478266
4,673.0,0.29026879416301826,0.5982081126426021,8.458829562678627
4,674.0,0.2900605127912806,0.5971055812780273,8.454850004522426
4,675.0,0.2898473590723989,0.5960165926057437,8.450777352160745
4,676.0,0.2896293330063731,0.5949411466257514,8.446611605593597
4,677.0,0.28940646925809577,0.5938792591837823,8.442353427150753
4,678.0,0.2891789365375814,0.5928309779858316,8.438006040314514
4,679.0,0.28894674057923025,0.5917963043304417,8.433569554650026
4,680.0,0.288709899676819,0.5907752464099916,8.429044319689982
4,681.0,0.2884685893016169,0.5897678376160995,8.424433688101567
4,682.0,0.28822282772898244,0.5887740805061623,8.419738009065565
4,683.0,0.287972617879552,0.5877939788517834,8.41495733838553
4,684.0,0.2877181310131417,0.5868275504055567,8.410094948261918
4,685.0,0.2874594073121573,0.5858747973912304,8.405151606445674
4,686.0,0.2871964395471261,0.5849357219626762,8.400127174805831
4,687.0,0.28692937544385094,0.5840103278095733,8.395024475886808
4,688.0,0.28665829053103065,0.5830986128341322,8.389844952788621
4,689.0,0.28638317763861754,0.5822005784679031,8.38458846851571
4,690.0,0.28610413225849,0.5813162216258756,8.379256847597466
4,691.0,0.28582128305750565,0.5804455281841777,8.373852548425809
4,692.0,0.2855346300356645,0.5795884981428094,8.368375571000747
4,693.0,0.2852442031772448,0.5787451317139998,8.362826488221227
4,694.0,0.284950181305434,0.5779153959464093,8.357208716798342
4,695.0,0.28465257282726336,0.5770992888629639,8.351522417362256
4,696.0,0.2843513781263247,0.5762968136370338,8.345767597242117
4,697.0,0.284046768922227,0.5755079273382031,8.339947537423479
4,698.0,0.283738789792388,0.5747326167632476,8.334063089631215
4,699.0,0.28342743171679136,0.5739708862789312,8.328114081523081
4,700.0,0.28311281342898786,0.5732226997241303,8.322102781698844
4,701.0,0.28279504059082966,0.5724880185006488,8.316031209001956
4,702.0,0.28247411320231675,0.5717668426084868,8.309899363432425
4,703.0,0.2821500629108626,0.571059164042061,8.30370784966613
4,704.0,0.28182306491834563,0.5703649070182553,8.297460015223106
4,705.0,0.2814931256853064,0.5696840684223418,8.291155983542604
4,706.0,0.2811602429056699,0.5690166522273744,8.284795710563266
4,707.0,0.2808245795286367,0.5683625787086612,8.278382309697568
4,708.0,0.28048618542327947,0.5677218212249969,8.271916733776157
4,709.0,0.28014505337246387,0.5670943846968409,8.265398844903812
4,710.0,0.27980127536836474,0.5664802206236674,8.258830400742328
4,711.0,0.27945497366916205,0.5658792558029816,8.252213737235307
4,712.0,0.2791061482748558,0.5652914902347834,8.245548854382744
4,713.0,0.27875481492693516,0.5647169176890711,8.238836052951687
4,714.0,0.2784011430886772,0.5641554268154392,8.232078570816741
4,715.0,0.27804515049440465,0.5636070051771384,8.225276746821317
4,716.0,0.2776868297968761,0.5630716599233871,8.218430440584278
4,717.0,0.2773263153617758,0.5625492958012742,8.211542219383011
4,718.0,0.2769636785350315,0.5620398588018701,8.204613446398803
4,719.0,0.2765989189368715,0.5615433492576072,8.197644114375485
4,720.0,0.2762320791864823,0.5610597380216478,8.190635037622721
4,721.0,0.2758633105470662,0.5605889007350121,8.183589106272754
4,722.0,0.2754926130186233,0.5601308373977003,8.176506320325592
4,723.0,0.2751199889073521,0.5596855488200937,8.169386723844946
4,724.0,0.2747455899061511,0.5592529024921766,8.162233215173128
4,725.0,0.2743694504728309,0.5588328668326862,8.155046452683274
4,726.0,0.27399156324646584,0.558425449795213,8.1478262957328
4,727.0,0.27361202404234913,0.5580305635768584,8.140574575030461
4,728.0,0.2732309276685248,0.5576481155461019,8.133293102039866
4,729.0,0.2728482741249929,0.5572781057029433,8.125981876761013
4,730.0,0.27246408347607837,0.5569205173143669,8.118641282555831
4,731.0,0.27207850344592577,0.5565751972961399,8.111274141937052
4,732.0,0.27169154419799535,0.5562421346462353,8.103880649094307
4,733.0,0.2713032010469421,0.5559213364161043,8.096460714506367
4,734.0,0.2709135987710743,0.5556126667805374,8.089016722268031
4,735.0,0.27052278983332934,0.5553160661708844,8.08154967477
4,736.0,0.2701307713226048,0.5550315382736595,8.074059516390877
4,737.0,0.269737596188234,0.5547590248637209,8.066547258814753
4,738.0,0.26934338149441667,0.554498385383539,8.059015138745696
4,739.0,0.2689481272411528,0.554249619833114,8.051463156183706
4,740.0,0.26855183943715144,0.554012723535088,8.043891425935051
4,741.0,0.26815465075718714,0.5537875298901822,8.036302482969502
4,742.0,0.2677565841351161,0.5535740090490968,8.028696765476097
4,743.0,0.2673576332227246,0.5533721706011661,8.021074152161775
4,744.0,0.26695789011610443,0.5531818944227436,8.013436402673838
4,745.0,0.2665574251916004,0.5530030845717281,8.005784861668095
4,746.0,0.26615623844921243,0.5528357410481197,7.998119529144543
4,747.0,0.2657543529281099,0.5526798352043707,7.990440845304406
4,748.0,0.2653518915579128,0.5525351914292446,7.982751158920249
4,749.0,0.2649488590143547,0.552401802790228,7.975050559329652
4,750.0,0.26454525348277075,0.5522796740585431,7.967339011860458
4,751.0,0.2641411853524331,0.5521686413879663,7.959618625681264
4,752.0,0.26373669124634835,0.552068648540323,7.951890100534842
4,753.0,0.2633317671873475,0.5519797022680829,7.944153360430839
4,754.0,0.26292646987713364,0.551901716749923,7.936409488748543
4,755.0,0.26252088639206295,0.5518345521713273,7.928660149224953
4,756.0,0.2621150167321356,0.5517782085322954,7.920905341860068
4,757.0,0.2617088699320918,0.5517326739085269,7.913145239277461
4,758.0,0.2613025573032282,0.5516977626239309,7.905381968262524
4,759.0,0.2608960929693726,0.5516734503370838,7.897615798674212
4,760.0,0.2604894722217343,0.5516597466697887,7.889846640543336
4,761.0,0.2600827788641933,0.5516565071706664,7.882076095080853
4,762.0,0.25967606301992646,0.5516636421423136,7.874305119972489
4,763.0,0.25926932468893377,0.5516811515847302,7.866533715218244
4,764.0,0.2588625884997972,0.5517089944550758,7.8587623513876865
4,765.0,0.2584559527279422,0.5517469873580866,7.850992906194441
4,766.0,0.2580494185275051,0.5517951280560794,7.843225401690185
4,767.0,0.25764298675420216,0.5518534173143526,7.835459854224782
4,768.0,0.2572367512330955,0.5519216743625709,7.8276980564803536
4,769.0,0.25683073628337477,0.5519998507821979,7.819940473115017
4,770.0,0.2564249379320768,0.5520879553940956,7.812187028218776
4,771.0,0.2560194116263904,0.5521858790661178,7.804438781201361
4,772.0,0.25561421994482614,0.5522934923054986,7.796696927728137
4,773.0,0.255209362887384,0.552410795112238,7.788961467799107
4,774.0,0.2548048516586624,0.5525377672780283,7.781232615496547
4,775.0,0.2544007763714676,0.5526742157101382,7.773512092573827
4,776.0,0.2539971449324664,0.5528201228603162,7.765800050100818
4,777.0,0.25359395449430117,0.5529754968848812,7.758096433674072
4,778.0,0.25319127805823394,0.5531401767548187,7.750402638102758
4,779.0,0.25278914999068547,0.5533140837530979,7.742719320013869
4,780.0,0.25238756950323005,0.5534972198493567,7.735046464343231
4,781.0,0.25198656393631264,0.5536895258278315,7.727384593475014
4,782.0,0.2515862066845865,0.5538908268804925,7.719735109734775
4,783.0,0.25118649774805163,0.5541011230073397,7.712098013122515
4,784.0,0.2507874402045994,0.554320409733231,7.70447336244641
4,785.0,0.2503891111469184,0.5545484982324385,7.696862630689064
4,786.0,0.24999152591163576,0.5547853495360725,7.689266110881965
4,787.0,0.2495946811857741,0.5550309733169332,7.681683739725228
4,788.0,0.24919862788220162,0.5552852422862852,7.674116489992938
4,789.0,0.2488034096060581,0.5555480417979316,7.666565194833
4,790.0,0.24840902635734352,0.5558193718518724,7.659029854245418
4,791.0,0.2480154906464265,0.5560992034444472,7.651510707261358
4,792.0,0.24762287316106654,0.5563873444344799,7.644009104486723
4,793.0,0.2472311777454756,0.5566837839114959,7.636525119371502
4,794.0,0.24684040333994847,0.5569885273307965,7.629058731668285
4,795.0,0.24645061130803386,0.5573014036593763,7.621611113828595
4,796.0,0.2460618243663969,0.5576223468031224,7.614182699891675
4,797.0,0.245674040909071,0.5579513619540597,7.606773459172895
4,798.0,0.24528729008332,0.5582883683895282,7.599383948578668
4,799.0,0.24490162348801078,0.5586332105074632,7.5920151539902045
4,800.0,0.2445170411231433,0.5589858883078646,7.5846670754075065
4,801.0,0.2441335477354162,0.5593463912528548,7.577339803524059
4,802.0,0.24375120485032578,0.5597145289843388,7.570034513885655
4,803.0,0.24337002159693863,0.560090271940707,7.562751380918124
4,804.0,0.242989995632196,0.5604736294804304,7.5554903598534775
4,805.0,0.24261117157233436,0.5608644610370629,7.548252303158291
4,806.0,0.24223357894732797,0.561262668153866,7.541037775051288
4,807.0,0.2418572177571768,0.56166825083084,7.533846775532468
4,808.0,0.24148210105504567,0.562081171070165,7.526679554004017
4,809.0,0.24110828272463844,0.5625012432389737,7.51953714000271
4,810.0,0.24073576417373296,0.562928462196935,7.51241956042646
4,811.0,0.24036454587773087,0.5633628297476571,7.5053268243586
4,812.0,0.23999467791278903,0.5638041699206451,7.498259888586462
4,813.0,0.23962617475142498,0.5642524290906351,7.491219029631299
4,814.0,0.2392590346847483,0.5647076145587738,7.484204214841945
4,815.0,0.23889328581354852,0.5651696278999416,7.477215981130202
4,816.0,0.2385289635852723,0.565638333495563,7.470255005777838
4,817.0,0.23816606799991974,0.5661137313456382,7.463321288784851
4,818.0,0.23780460491857347,0.5665958043132556,7.456414942136867
4,819.0,0.2374446222074553,0.5670843649476403,7.449536880396775
4,820.0,0.23708612492724845,0.567579392200993,7.442687200257254
4,821.0,0.23672911176718336,0.5680808941129557,7.435865876673893
4,822.0,0.2363736204413243,0.5685887208971212,7.429073630235916
4,823.0,0.23601967041358254,0.5691027898171299,7.422310832833361
4,824.0,0.2356672616839581,0.5696231008729818,7.415577484466226
4,825.0,0.23531640723900626,0.5701496069996284,7.408873833264011
4,826.0,0.23496714706197863,0.5706821324626666,7.402200643172494
4,827.0,0.23461948125698953,0.5712206767649768,7.395557916180952
4,828.0,0.23427341150106212,0.5717652373419443,7.3889456843316665
4,829.0,0.2339289776555901,0.5723156368918951,7.382364709242129
4,830.0,0.23358618858696553,0.5728718331951953,7.375815160319335
4,831.0,0.233245042876853,0.573433834608056,7.369297010463658
4,832.0,0.23290556595312806,0.5740015284965795,7.362810745516478
4,833.0,0.23256778166258685,0.574574798278134,7.356356821110056
4,834.0,0.2322316900052294,0.5751536439527192,7.349935237244393
4,835.0,0.23189729746365412,0.5757380414042603,7.3435461177801935
4,836.0,0.23156464044082672,0.5763278088828733,7.337190158255986
4,837.0,0.23123372147597648,0.5769229326265282,7.330867407187921
4,838.0,0.23090454019974024,0.5775234185280217,7.32457785751871
4,839.0,0.2305771275946193,0.578129110671462,7.318322101219995
4,840.0,0.23025149615379942,0.5787399406836435,7.312100376994639
4,841.0,0.22992764540818414,0.5793559115724368,7.305912675879777
4,842.0,0.22960558923795407,0.5799769580943868,7.2997592630790935
4,843.0,0.22928535512897535,0.5806029253132763,7.29364066375526
4,844.0,0.22896694308124801,0.5812338132291054,7.287556877908284
4,845.0,0.22865035562771996,0.5818696143475803,7.281507953934294
4,846.0,0.2283356238316833,0.5825101524316622,7.275494485348578
4,847.0,0.22802275288949617,0.583155395252421,7.269516571436104
4,848.0,0.22771174184176501,0.5838053512952073,7.263574193866079
4,849.0,0.22740261270412063,0.5844598965968313,7.257667773283338
4,850.0,0.227095381209443,0.5851189318684149,7.251797610290429
4,851.0,0.22679004735773217,0.585782457109958,7.24596370488735
4,852.0,0.22648661784833257,0.5864504408939593,7.240166185076099
4,853.0,0.22618511978918374,0.5871227088001242,7.234405568798439
4,854.0,0.2258855542553012,0.5877992530807463,7.228681876594313
4,855.0,0.22558792164944017,0.588480076795107,7.2229951161590185
4,856.0,0.2252922468345901,0.5891650201136407,7.217345762540863
4,857.0,0.22499853761290303,0.5898540273563407,7.211733964812794
4,858.0,0.22470679337403965,0.5905471039969598,7.20615971131327
4,859.0,0.22441702760154209,0.5912441680507219,7.200623259667543
4,860.0,0.2241292587638415,0.591945084694523,7.195124962745363
4,861.0,0.22384348686093786,0.592649853928363,7.1896648205467315
4,862.0,0.22355971496315027,0.5933584628435178,7.184242891735139
4,863.0,0.22327796681669917,0.5940707377876031,7.178859630021189
4,864.0,0.2229982453042679,0.5947866550722659,7.173515090483281
4,865.0,0.22272054995189178,0.5955062225146596,7.168209264065546
4,866.0,0.22244489919125485,0.5962293070592656,7.162942502935615
4,867.0,0.22217130320101028,0.5969558247462765,7.1577150015734015
4,868.0,0.2218997619811581,0.597685775575692,7.1525267599789055
4,869.0,0.22163028212929453,0.59841912045048,7.147377904210052
4,870.0,0.22136288340113908,0.5991556931959456,7.142268811732355
4,871.0,0.22109756609217504,0.599895490902211,7.137199488191508
4,872.0,0.2208343311803532,0.6006385131974017,7.132169952272868
4,873.0,0.22057319819750335,0.601384597897365,7.127180577164168
4,874.0,0.22031417186607824,0.6021337003575408,7.122231453095632
4,875.0,0.22005725166246645,0.6028858276040687,7.1173225700628056
4,876.0,0.21980244978039798,0.6036408833288467,7.112454161046955
4,877.0,0.21954977843218257,0.6043987505583779,7.107626459384342
4,878.0,0.21929923761782022,0.6051594292926624,7.102839465074964
4,879.0,0.21905083066728298,0.6059229007405923,7.098093241743417
4,880.0,0.21880457536553624,0.6066889948272766,7.093388129200712
4,881.0,0.21856047319280744,0.6074576950726193,7.08872415572903
4,882.0,0.21831852410780125,0.6082290079248917,7.084101320539356
4,883.0,0.21807874308584077,0.6090027929633021,7.079519909759869
4,884.0,0.21784113655915452,0.6097789796884502,7.07498004628887
4,885.0,0.2176057044642702,0.6105575689892898,7.070481728913617
4,886.0,0.2173724532318806,0.6113385110161218,7.066025080503072
4,887.0,0.2171413966863174,0.6121216510977541,7.061610365193831
4,888.0,0.21691253482758063,0.6129069892341868,7.05723758298589
4,889.0,0.21668586901166031,0.6136945210658561,7.052906759787673
4,890.0,0.2164614142092466,0.6144840832267202,7.048618181638834
4,891.0,0.21623917316060187,0.6152756406176497,7.044371900896591
4,892.0,0.21601914552846616,0.6160692010109217,7.0401679111170425
4,893.0,0.21580134174850776,0.6168646557601899,7.036006411690789
4,894.0,0.21558576971067772,0.6176619036910119,7.031887553368325
4,895.0,0.215372429414976,0.618460944803388,7.0278113361496475
4,896.0,0.21516132420660125,0.6192617539422762,7.023777823950281
4,897.0,0.21495246702402943,0.6200641653990054,7.019787263981086
4,898.0,0.21474585853536535,0.6208681687362037,7.015839669007305
4,899.0,0.2145414990407225,0.6216737683896025,7.0119350447630975
4,900.0,0.21433940027618603,0.6224808180074501,7.0080736154856735
4,901.0,0.21413956615878305,0.6232892589258567,7.004255456016279
4,902.0,0.21394199651221443,0.6240990949191453,7.000480562986427
4,903.0,0.21374669751568398,0.6249102589348883,6.996749054459971
4,904.0,0.2135536781550559,0.6257226143691004,6.993061102126625
4,905.0,0.2133629384303302,0.6265361612217818,6.989416705986387
4,906.0,0.21317447988476712,0.6273508906011193,6.985815895525784
4,907.0,0.21298831354699505,0.6281666390237167,6.982258881464897
4,908.0,0.21280444089965342,0.6289833796603962,6.978745692131994
4,909.0,0.2126228618173521,0.6298011202944881,6.97527632513129
4,910.0,0.2124435847027599,0.6306197416806641,6.97185094100959
4,911.0,0.21226661442527056,0.6314391567376868,6.9684696328046725
4,912.0,0.21209195098488412,0.6322593654655558,6.965132400516536
4,913.0,0.21191959750580938,0.6330803358571234,6.961839303838328
4,914.0,0.21174956289561475,0.6339019074306199,6.958590512963793
4,915.0,0.21158184738394417,0.6347240747802112,6.955386032280657
4,916.0,0.21141645150271532,0.6355468397121673,6.95222587195208
4,917.0,0.21125338390113432,0.6363700513376359,6.949110197235373
4,918.0,0.2110926467931224,0.6371936614844572,6.94603905043114
4,919.0,0.21093424002959676,0.6380176759972828,6.94301242869091
4,920.0,0.21077816886116638,0.6388420126569141,6.940030432336201
4,921.0,0.2106244387343864,0.639666551125299,6.93709316543241
4,922.0,0.21047304964925687,0.6404912914024375,6.934200627979536
4,923.0,0.210324003135097,0.64131621991467,6.931352849197735
4,924.0,0.21017730667986068,0.6421411738429584,6.928549972156685
4,925.0,0.210032960989061,0.6429661331617154,6.925792010336374
4,926.0,0.20989096611336838,0.6437911053406009,6.923078964704942
4,927.0,0.20975132811643996,0.6446159640465947,6.920410951118531
4,928.0,0.20961404979403347,0.6454406318422479,6.91778802299469
4,929.0,0.20947913114614897,0.6462651087275602,6.915210180333424
4,930.0,0.20934657461104286,0.6470893602570852,6.912677469721626
4,931.0,0.2092163857678615,0.6479132280660644,6.910189997758067
4,932.0,0.2090885647000587,0.6487367086431821,6.907747766037269
4,933.0,0.2089631118515007,0.6495598046861547,6.9053507830400225
4,934.0,0.20884003272993726,0.6503823665568957,6.902999154000951
4,935.0,0.208719328672347,0.6512043447582736,6.900692904465226
4,936.0,0.20860099962925277,0.6520257434092933,6.898432033487506
4,937.0,0.20848504862643324,0.6528464960024755,6.896216598880269
4,938.0,0.20837147915397072,0.6536664683014103,6.894046667327277
4,939.0,0.20826029121186523,0.6544856603060979,6.891922238828531
4,940.0,0.2081514855070897,0.6553040688409574,6.889843326891911
4,941.0,0.20804506633753655,0.6561215345855469,6.887810013635722
4,942.0,0.20794103432709496,0.6569380231801685,6.88582231098039
4,943.0,0.20783938946440114,0.6577535413682215,6.883880218708793
4,944.0,0.20774013447200568,0.6585680029236447,6.881983788839737
4,945.0,0.20764327140845945,0.6593812902157941,6.880133060705222
4,946.0,0.2075488002737625,0.6601934032446697,6.878328034305249
4,947.0,0.20745672178189503,0.6610043365418011,6.876568723281585
4,948.0,0.2073670388143801,0.6618139279294567,6.874855182690464
4,949.0,0.20727975165985288,0.6626221476763843,6.87318741804674
4,950.0,0.2071948603547662,0.6634290026801419,6.871565430046901
4,951.0,0.2071123667745985,0.6642344070339247,6.869989254525049
4,952.0,0.2070322719736849,0.6650382421124785,6.868458911625988
4,953.0,0.20695457595202546,0.6658405079158036,6.866974401349721
4,954.0,0.20687927925184596,0.6666412024385026,6.865535734056365
4,955.0,0.20680638328812656,0.6674401652328148,6.864142936781441
4,956.0,0.20673588811446597,0.6682373608839389,6.862796010549039
4,957.0,0.20666779377088704,0.6690327933739353,6.861494956123863
4,958.0,0.20660210124581332,0.6698264002575567,6.860239792391372
4,959.0,0.20653881052276551,0.6706180419331053,6.859030519036701
4,960.0,0.20647792160174366,0.6714077184005811,6.857867136059848
4,961.0,0.20641943485882183,0.6721954350166353,6.8567496506463295
4,962.0,0.20636335026820643,0.6729810432138988,6.855678062303317
4,963.0,0.2063096674437055,0.6737644879930618,6.854652363651977
4,964.0,0.20625838638531901,0.674545769354124,6.853672554692309
4,965.0,0.2062095075868146,0.6753248619023917,6.852738644858554
4,966.0,0.20616302952983934,0.6761015999815271,6.851850605140084
4,967.0,0.20611895210003922,0.6768759763527441,6.8510084333519785
4,968.0,0.2060772755881071,0.6776480003335599,6.850212135048401
4,969.0,0.20603799902118652,0.678417561640381,6.849461691641328
4,970.0,0.20600112077816965,0.6791845629506104,6.84875707215683
4,971.0,0.20596664085905642,0.6799490042642479,6.848098276594905
4,972.0,0.20593455966113206,0.6807108858949875,6.847485312546342
4,973.0,0.20590487417234174,0.6814700473815243,6.846918122460878
4,974.0,0.2058775834719642,0.6822264506799549,6.84639668874662
4,975.0,0.20585268755999947,0.6829800957902796,6.845921011403569
4,976.0,0.2058301862924934,0.6837309540413283,6.845491087681244
4,977.0,0.20581007511247842,0.6844788603894484,6.845106830511283
4,978.0,0.205792353878533,0.6852238105680942,6.844768237191595
4,979.0,0.20577702300692577,0.6859658137510317,6.8444753156756795
4,980.0,0.2057640796557192,0.6867047702445978,6.844228011663645
4,981.0,0.20575352001958475,0.6874405729277628,6.844026252448432
4,982.0,0.20574534409852246,0.6881732218005269,6.8438700380300395
4,983.0,0.20573955242931177,0.6889027241137354,6.843759378664525
4,984.0,0.20573613928772935,0.6896289332218654,6.843694164981181
4,985.0,0.20573510215235133,0.6903517913686177,6.843674348804063
4,986.0,0.2057364410231777,0.6910712985539923,6.8436999301331705
4,987.0,0.20574015599438855,0.691787449471516,6.843770910767966
4,988.0,0.205746239017203,0.6925000782507195,6.843887136923256
4,989.0,0.20575468876242875,0.6932091595772046,6.8440485832026345
4,990.0,0.20576550523006593,0.6939146934509716,6.844255249606105
4,991.0,0.205778687475378,0.694616655777811,6.844507118082922
4,992.0,0.20579422583317464,0.6953148807041526,6.844804003963727
4,993.0,0.20581211994946674,0.6960093625379441,6.845145900484978
4,994.0,0.20583237017521386,0.6967001060990368,6.845532814352331
4,995.0,0.20585497293814192,0.6973870518084532,6.845964677311618
4,996.0,0.20587991870176364,0.6980700598525867,6.846441307152565
4,997.0,0.20590720746607907,0.6987491302314375,6.846962703875174
4,998.0,0.20593684002825247,0.6994242723853771,6.847528882710575
4,999.0,0.20596880951911006,0.7000953931029689,6.84813971241191
4,1000.0,0.20600310733631055,0.7007623828912045,6.848795028617297
4,1001.0,0.206039733479854,0.7014252417500838,6.849494831326741
4,1002.0,0.2060786889981285,0.7020839804916882,6.850239140571417
4,1003.0,0.20611996416185802,0.7027384861565016,6.8510277704575095
4,1004.0,0.20616355092906444,0.7033886692061445,6.851860567329796
4,1005.0,0.20620944929974777,0.7040345296406172,6.85273753118828
4,1006.0,0.2062576604732284,0.7046760783616856,6.853658684947949
4,1007.0,0.20630817231669416,0.7053131928185914,6.854623796791469
4,1008.0,0.20636097685066387,0.7059457948530402,6.855632714257734
4,1009.0,0.2064160740751375,0.706573884465032,6.856685437346742
4,1010.0,0.2064734653335235,0.7071974725607534,6.857781991726519
4,1011.0,0.20653313661135392,0.7078164349110597,6.858922109627606
4,1012.0,0.2065950793250557,0.708430697243737,6.860105627046722
4,1013.0,0.20665929347462883,0.7090402595587852,6.861332543983871
4,1014.0,0.206725780585771,0.7096451330168302,6.862602889590015
4,1015.0,0.20679452549690466,0.7102451990331519,6.863916374178276
4,1016.0,0.20686551808587175,0.7108403800188056,6.86527280434818
4,1017.0,0.20693875835267225,0.7114306759737913,6.866672180099726
4,1018.0,0.20701424797400247,0.7120160979611218,6.868114533468955
4,1019.0,0.2070919718749618,0.7125965415531152,6.869599576425097
4,1020.0,0.20717191702020704,0.7131719180932717,6.871127059906482
4,1021.0,0.2072540834097381,0.7137422275815911,6.872696983913109
4,1022.0,0.20733847256560647,0.7143074790407307,6.874309377526274
4,1023.0,0.20742507170818617,0.7148675937617812,6.8759639965702055
4,1024.0,0.20751386280355283,0.7154224628548995,6.877660496477118
4,1025.0,0.20760484585170647,0.7159720863200857,6.879398877247012
4,1026.0,0.20769802131530551,0.7165164666094732,6.881179147719739
4,1027.0,0.2077933826163115,0.7170555671850146,6.883001182211054
4,1028.0,0.20789090352809977,0.7175892475022416,6.884864479618161
4,1029.0,0.20799058405067034,0.7181175075611541,6.8867690399410595
4,1030.0,0.20809242418402316,0.7186403473617521,6.888714863179748
4,1031.0,0.20819642245518605,0.7191577590418283,6.890701921190671
4,1032.0,0.20830254732323142,0.7196695925087848,6.892729611332534
4,1033.0,0.20841079620746575,0.7201758355851762,6.894797884296941
4,1034.0,0.20852116910788904,0.7206764882710024,6.8969067400838915
4,1035.0,0.2086336678755894,0.7211715578567526,6.899056214061472
4,1036.0,0.20874826096446858,0.7216609112125622,6.90124570348959
4,1037.0,0.20886493901179234,0.7221445091523814,6.903475029477812
4,1038.0,0.2089837020175607,0.7226223516762103,6.9057441920261375
4,1039.0,0.20910455285418447,0.7230944492380349,6.908053246016695
4,1040.0,0.20922746846320173,0.7235607155390943,6.910401750879655
4,1041.0,0.20935242629248396,0.7240210671751537,6.912789275719503
4,1042.0,0.20947942634203112,0.7244755041462132,6.915215820536245
4,1043.0,0.20960846861184326,0.7249240264522728,6.917681385329878
4,1044.0,0.2097395496285816,0.7253666218893539,6.9201859037365505
4,1045.0,0.2098726276470867,0.7258031545136353,6.922728578146342
4,1046.0,0.21000770124592344,0.726233619735103,6.925309381400391
4,1047.0,0.2101447704250919,0.726658017553757,6.927928313498702
4,1048.0,0.2102838385932968,0.7270763572446577,6.930585439570184
4,1049.0,0.21042486703946534,0.7274885279419397,6.933280019976124
4,1050.0,0.2105678403029241,0.7278944858133357,6.93601175931493
4,1051.0,0.21071275838367312,0.7282942308588454,6.938780657586604
4,1052.0,0.21085962230468064,0.7286877655740183,6.941586734336633
4,1053.0,0.21100842136002307,0.7290750623645937,6.944429785010744
4,1054.0,0.21115911013078634,0.729456009095196,6.947308941805883
4,1055.0,0.2113116886169704,0.7298306057658253,6.950224204722049
4,1056.0,0.21146615681857525,0.7301988523764813,6.95317557375924
4,1057.0,0.21162251895894973,0.7305607573908818,6.956163129611487
4,1058.0,0.21178072898914163,0.7309162219712545,6.95918599243782
4,1059.0,0.2119407690917452,0.7312652083905749,6.962243821807399
4,1060.0,0.21210263926676043,0.7316077166488428,6.965336617720225
4,1061.0,0.2122663395141873,0.7319437467460587,6.968464380176297
4,1062.0,0.2124318653700388,0.7322732892795379,6.9716270238838
4,1063.0,0.21259915825288175,0.7325962380452247,6.974823429548108
4,1064.0,0.21276821684533162,0.7329125906901796,6.9780535719984265
4,1065.0,0.21293904114738837,0.7332223472144028,6.981317451234751
4,1066.0,0.21311163666169508,0.7335255156425362,6.984615172394127
4,1067.0,0.2132859636973331,0.7338220342544107,6.987945977116279
4,1068.0,0.2134619872177371,0.7341118499878695,6.991309195970001
4,1069.0,0.21363970722290707,0.7343949628429126,6.994704828955296
4,1070.0,0.21381912371284298,0.73467137281954,6.99813287607216
4,1071.0,0.2140002410136587,0.7349410844061969,7.001593419978116
4,1072.0,0.21418299629646906,0.7352040180438865,7.0050852602239795
4,1073.0,0.21436737388624247,0.7354601543391937,7.008608097312491
4,1074.0,0.21455337378297892,0.7357094932921183,7.012161931243655
4,1075.0,0.21474099598667845,0.7359520349026606,7.015746762017469
4,1076.0,0.21493023735315414,0.7361877743487748,7.019362529559072
4,1077.0,0.21512102485589665,0.7364166382857019,7.0230078385768975
4,1078.0,0.21531335551101055,0.7366386238010703,7.026682632058721
4,1079.0,0.21550722931849586,0.7368537308948799,7.030386910004537
4,1080.0,0.21570265070656797,0.7370619627849487,7.034120757022687
4,1081.0,0.21589959093340919,0.7372632953797938,7.037883623953474
4,1082.0,0.2160979902390294,0.737457682906568,7.041674368984001
4,1083.0,0.21629784862342857,0.7376451253652714,7.045492992114269
4,1084.0,0.21649916608660674,0.7378256227559037,7.049339493344278
4,1085.0,0.21670195030605902,0.7379991787752656,7.0532140193652
4,1086.0,0.21690614657390586,0.7381657613028875,7.057115524893018
4,1087.0,0.21711171307762533,0.7383253475025788,7.061043211030736
4,1088.0,0.2173186498172174,0.7384779373743398,7.064997077778354
4,1089.0,0.2175269567926821,0.7386235309181701,7.068977125135873
4,1090.0,0.21773664142798516,0.7387621297488657,7.072983494950364
4,1091.0,0.21794762986064026,0.7388937063476423,7.077014775957553
4,1092.0,0.2181598951617393,0.7390182515526037,7.081070453636359
4,1093.0,0.2183734373312823,0.7391357653637499,7.085150527986784
4,1094.0,0.21858825636926932,0.739246247781081,7.089254999008829
4,1095.0,0.21880435604780132,0.7393496978942231,7.093383938774686
4,1096.0,0.21902164925169257,0.7394461004414006,7.097535682805458
4,1097.0,0.21924012169511456,0.7395354533324191,7.101709958146899
4,1098.0,0.2194597733780673,0.7396177565672785,7.105906764799005
4,1099.0,0.21968060430055072,0.7396930101459788,7.110126102761776
4,1100.0,0.21990261085497312,0.7397612119666527,7.11436790310624
4,1101.0,0.22012569879215615,0.7398223629706507,7.118630365046838
4,1102.0,0.2203498642746172,0.7398764633037,7.122913415262151
4,1103.0,0.22057510730235627,0.7399235129658004,7.127217053752184
4,1104.0,0.22080143183207923,0.7399635111033679,7.131541356116307
4,1105.0,0.22102881089826787,0.739996460125917,7.135885807133946
4,1106.0,0.22125716192852024,0.7400223750656554,7.14024882912356
4,1107.0,0.22148648492283632,0.7400412559225831,7.1446304220851475
4,1108.0,0.22171677988121616,0.7400531026967001,7.14903058601871
4,1109.0,0.22194805546770283,0.7400579119943687,7.153449486465041
4,1110.0,0.2221802546756785,0.7400557008046209,7.157886034218947
4,1111.0,0.22241331659183275,0.7400464900106958,7.162339065431457
4,1112.0,0.22264724121616547,0.7400302796125933,7.166808580102566
4,1113.0,0.22288202854867672,0.7400070696103135,7.171294578232273
4,1114.0,0.2231176884753703,0.7399768542992884,7.175797248708946
4,1115.0,0.2233541397093512,0.7399396714586459,7.180315038412761
4,1116.0,0.22359134096741895,0.7398955415969504,7.18484715856028
4,1117.0,0.22382929224957357,0.7398444647142018,7.1893936091515025
4,1118.0,0.22406799355581505,0.7397864408104002,7.19395439018643
4,1119.0,0.22430745215579537,0.7397214639209598,7.198529640563717
4,1120.0,0.22454756910846696,0.739649595243735,7.203117469851928
4,1121.0,0.2247883202534399,0.7395708503681843,7.20771741642708
4,1122.0,0.22502970559071417,0.7394852292943075,7.21232948028917
4,1123.0,0.22527172512028978,0.7393927320221049,7.216953661438198
4,1124.0,0.22551437936123336,0.7392933562253814,7.221589969791787
4,1125.0,0.22575755912019443,0.7391871854538782,7.226236319031391
4,1126.0,0.22600125440600122,0.7390742275978442,7.230892518259243
4,1127.0,0.2262454652186537,0.7389544826572794,7.235558567475341
4,1128.0,0.22649019238000537,0.7388279498662211,7.240234482382547
4,1129.0,0.22673542283098247,0.7386946385777663,7.24492001346578
4,1130.0,0.22698104765624835,0.7385546475733435,7.249613079718407
4,1131.0,0.22722706685580304,0.7384079768529527,7.254313681140427
4,1132.0,0.2274734804296465,0.7382546264165938,7.259021817731841
4,1133.0,0.22772029630911306,0.7380945877400441,7.263737641033835
4,1134.0,0.22796746448307054,0.737927910386798,7.268460195501478
4,1135.0,0.2282149037693653,0.7377546788134622,7.273187930016208
4,1136.0,0.22846261416799737,0.737574893020037,7.277920844578026
4,1137.0,0.22871059567896673,0.7373885530065222,7.282658939186932
4,1138.0,0.22895885935858742,0.7371956452460553,7.287402425091989
4,1139.0,0.22920732562547716,0.73699626054579,7.292149781760005
4,1140.0,0.22945593804035064,0.7367904650274525,7.296899930825614
4,1141.0,0.22970469660320783,0.7365782586910427,7.3016528722888125
4,1142.0,0.22995360131404874,0.7363596415365606,7.306408606149602
4,1143.0,0.2302026621655264,0.736134599619693,7.31116732333405
4,1144.0,0.2304517780364107,0.7359032621838079,7.315927091754753
4,1145.0,0.23070091382250754,0.735665674921419,7.320687240688343
4,1146.0,0.2309500695238169,0.7354218378325265,7.325447770134822
4,1147.0,0.23119924514033874,0.7351717509171302,7.33020868009419
4,1148.0,0.2314484452944894,0.7349154061682086,7.334970058885312
4,1149.0,0.23169755584934965,0.7346529646666258,7.33972972573463
4,1150.0,0.23194655927648727,0.7343844515069196,7.344487345732622
4,1151.0,0.23219545557590224,0.7341098666890897,7.349242918879283
4,1152.0,0.23244424474759456,0.7338292102131366,7.353996445174618
4,1153.0,0.23269292171348335,0.7335424880412702,7.358747827593537
4,1154.0,0.23294136816504957,0.7332498828162807,7.363494805657208
4,1155.0,0.23318958011518576,0.7329514007697222,7.368237303185388
4,1156.0,0.23343755756389192,0.7326470419015949,7.372975320178073
4,1157.0,0.23368530584163727,0.7323367971649158,7.377708958482648
4,1158.0,0.2339327899251617,0.7320207232167758,7.382437548922127
4,1159.0,0.23417991229979662,0.7316989833485379,7.387159228318389
4,1160.0,0.234426672965542,0.7313715775602021,7.391873996671433
4,1161.0,0.2346730719223979,0.7310385058517683,7.3965818539812584
4,1162.0,0.23491911949901914,0.7306997492446893,7.401282997593806
4,1163.0,0.23516474765273618,0.7303554287266233,7.405976127441965
4,1164.0,0.23540988756715037,0.7300056685592868,7.4106599286752655
4,1165.0,0.23565453924226176,0.7296504687426801,7.415334401293703
4,1166.0,0.23589870267807028,0.7292898292768031,7.419999545297277
4,1167.0,0.2361423888861728,0.7289237282420804,7.4246555710806605
4,1168.0,0.23638550596897953,0.7285523421794458,7.429300722789256
4,1169.0,0.2366280094795486,0.7281757573232196,7.43393415119114
4,1170.0,0.23686989941787998,0.7277939736734019,7.438555856286319
4,1171.0,0.23711117578397373,0.7274069912299927,7.443165838074785
4,1172.0,0.2373518460651999,0.7270147936168103,7.447764239615062
4,1173.0,0.23759180374696554,0.7266176006697252,7.45234902577067
4,1174.0,0.23783102424671848,0.7262154635005017,7.456919726851524
4,1175.0,0.23806950756445877,0.7258083821091399,7.461476342857621
4,1176.0,0.23830725370018635,0.7253963564956396,7.466018873788962
4,1177.0,0.23854426262384823,0.7249793856271787,7.470547319071335
4,1178.0,0.23878042230310623,0.7245577171946723,7.475059538142664
4,1179.0,0.2390157234401011,0.7241313718789595,7.47955535335206
4,1180.0,0.2392501660348329,0.72370034968004,7.484034764699522
4,1181.0,0.2394837515252929,0.7232646471795321,7.4884977996602355
4,1182.0,0.23971646437637256,0.722824299854365,7.492944161410406
4,1183.0,0.23994820009683057,0.7223795547311626,7.497371853473016
4,1184.0,0.24017895868666692,0.7219304118099246,7.501780875848065
4,1185.0,0.24040874014588162,0.7214768710906512,7.506171228535552
4,1186.0,0.24063755002566123,0.721018918062497,7.510543017600031
4,1187.0,0.24086533761491472,0.7205566781988664,7.514895274122699
4,1188.0,0.24109203972039137,0.7200903120876396,7.519226790692573
4,1189.0,0.24131765634209115,0.7196198197288165,7.523537567309655
4,1190.0,0.2415421874800141,0.7191452011223971,7.527827603973945
4,1191.0,0.24176562697149057,0.7186664724035757,7.532096782937502
4,1192.0,0.2419878848061297,0.7181838735909758,7.536343384403773
4,1193.0,0.2422089566525697,0.7176974162535746,7.54056732561497
4,1194.0,0.24242884251081054,0.7172071003913721,7.54476860657109
4,1195.0,0.2426475477068487,0.7167129107830281,7.548947329034058
4,1196.0,0.24286499462595723,0.7162150668960132,7.553102010046862
4,1197.0,0.24308115825622006,0.7157136395668342,7.557232171715716
4,1198.0,0.24329603859763718,0.7152086287954911,7.561337814040616
4,1199.0,0.24350964146767445,0.7147000170649547,7.565419048173814
4,1200.0,0.24372192182718036,0.7141879395705829,7.56947501356825
4,1201.0,0.24393282532376256,0.7136725597130883,7.573504671732073
4,1202.0,0.244142351957421,0.713153877492471,7.577508022665291
4,1203.0,0.24435050172815576,0.7126318929087307,7.581485066367895
4,1204.0,0.24455726873656466,0.7121066247518618,7.585435690122112
4,1205.0,0.2447625729462157,0.7115783289102257,7.5893583647002725
4,1206.0,0.2449664107667799,0.7110470168668737,7.593253021503238
4,1207.0,0.24516878219825727,0.7105126886218058,7.597119660531007
4,1208.0,0.2453696917815974,0.7099753287118649,7.600958368545893
4,1209.0,0.24556907126827038,0.7094351697514633,7.604767841547484
4,1210.0,0.24576689918987035,0.7088922849029512,7.60854766934658
4,1211.0,0.24596317554639738,0.7083466741663287,7.612297851943182
4,1212.0,0.24615790540000926,0.7077983191217357,7.61601848605814
4,1213.0,0.24635104934600524,0.7072473634285301,7.619708818799839
4,1214.0,0.24654256118212417,0.7066939753725285,7.623367967398096
4,1215.0,0.246732440908366,0.7061381549537309,7.626995931852905
4,1216.0,0.24692068852473073,0.7055799021721373,7.630592712164271
4,1217.0,0.24710729875717594,0.7050192378242108,7.634158207562934
4,1218.0,0.2472922040416762,0.7044564259059009,7.637691127127077
4,1219.0,0.2474754015604591,0.7038914774168507,7.641191417018517
4,1220.0,0.2476568913135246,0.7033243923570602,7.644659077237256
4,1221.0,0.24783667694206493,0.7027551555386109,7.648094177354261
4,1222.0,0.24801470168690137,0.7021840060101379,7.651495632892071
4,1223.0,0.24819094813196507,0.7016110170260924,7.65486311108805
4,1224.0,0.24836541627725597,0.7010361885864744,7.658196611942197
4,1225.0,0.24853811025521244,0.7004595019133271,7.661496214411538
4,1226.0,0.24870899764084844,0.6998811050988986,7.664761298963396
4,1227.0,0.24887804152081264,0.6993011663306099,7.667991160307476
4,1228.0,0.24904524189510502,0.6987196856084609,7.6711857984437835
4,1229.0,0.24921059876372553,0.6981366629324517,7.674345213372315
4,1230.0,0.24937410770592125,0.6975521205969409,7.677469320627317
4,1231.0,0.2495357154962464,0.6969663230874491,7.680557103249107
4,1232.0,0.24969542008185364,0.6963792805884182,7.683608522014666
4,1233.0,0.24985322146274297,0.6957909930998483,7.686623576923988
4,1234.0,0.25000912231487077,0.6952014461809795,7.689602319105626
4,1235.0,0.2501630789751313,0.6946108785399541,7.69254391430413
4,1236.0,0.25031507838855227,0.6940193614303752,7.69544811308279
4,1237.0,0.2504651205551336,0.693426894852243,7.698314915441595
4,1238.0,0.2506132085469901,0.6928334602164549,7.701144380078359
4,1239.0,0.2507593179613345,0.6922392059045521,7.703936040737695
4,1240.0,0.2509034218644192,0.6916442953188843,7.706689382806057
4,1241.0,0.2510455202562443,0.6910487284594516,7.709404406283447
4,1242.0,0.2511856131368098,0.6904525053262539,7.7120811111698675
4,1243.0,0.2513236971405424,0.6898556491223001,7.714719433160504
4,1244.0,0.25145973457290105,0.6892584175372923,7.717318652039154
4,1245.0,0.2515937240983803,0.6886608196921097,7.719878742288793
4,1246.0,0.2517256657169803,0.6880628555867523,7.72239970390942
4,1247.0,0.2518555611258127,0.6874645119283693,7.724881569327146
4,1248.0,0.25198338075776194,0.6868660206149009,7.727323773613602
4,1249.0,0.2521091160173299,0.6862674490509284,7.729726152537656
4,1250.0,0.25223276690451635,0.6856687972364521,7.732088706099309
4,1251.0,0.25235433535208346,0.6850700472890074,7.7344114712271566
4,1252.0,0.25247380565799304,0.6844713438518223,7.736694147907939
4,1253.0,0.2525911610878468,0.6838728413834686,7.73893641640345
4,1254.0,0.2527064016416446,0.6832745398839465,7.74113827671369
4,1255.0,0.25281952731938645,0.6826764393532558,7.743299728838658
4,1256.0,0.25293053597319365,0.6820785632662645,7.745420731739598
4,1257.0,0.2530394059102883,0.6814811559323394,7.747500870940313
4,1258.0,0.25314613643202283,0.6808842252497348,7.749540133091993
4,1259.0,0.25325072753839717,0.6802877712184507,7.751538518194636
4,1260.0,0.253353179983848,0.6796917820046152,7.753496040662993
4,1261.0,0.25345347865335843,0.6790964768543211,7.755412411699811
4,1262.0,0.25355161930664344,0.6785019177975361,7.757287550287468
4,1263.0,0.25364760194370306,0.6779081048342603,7.759121456425967
4,1264.0,0.25374142733356203,0.67731502125009,7.760914144808787
4,1265.0,0.2538330887605243,0.6767228042452669,7.762665487121514
4,1266.0,0.25392257945535923,0.6761315958781325,7.764375354026862
4,1267.0,0.25400989941806684,0.6755413961486871,7.766043745524832
4,1268.0,0.25409504864864724,0.6749522050569305,7.767670661615423
4,1269.0,0.2541780263301295,0.6743640457008421,7.769256086689065
4,1270.0,0.25425882653451104,0.6737771434148576,7.7707999074815195
4,1271.0,0.2543374490959538,0.673191504802984,7.772302120824177
4,1272.0,0.2544138940144577,0.672607129865221,7.773762726717034
4,1273.0,0.25448816118149636,0.6720240084382687,7.775181723086518
4,1274.0,0.25456024966337154,0.6714423421549419,7.7765590920927865
4,1275.0,0.254630159291658,0.6708621865143395,7.7778948305178
4,1276.0,0.25469789006635574,0.6702835415164614,7.779188938361559
4,1277.0,0.2547634416213666,0.6697063919993114,7.780441408629154
4,1278.0,0.25482681612413777,0.6691308645059951,7.781652282733228
4,1279.0,0.25488801613436174,0.6685570860471243,7.782821609580918
4,1280.0,0.2549470416520385,0.6679850566226987,7.783949389172223
4,1281.0,0.25500389267716816,0.6674147762327184,7.785035621507143
4,1282.0,0.2550585697819988,0.6668462669720289,7.786080317519423
4,1283.0,0.2551110819269715,0.6662797307861597,7.787083648413024
4,1284.0,0.2551614293617795,0.6657151729922501,7.788045618958745
4,1285.0,0.25520961208642273,0.6651525935903003,7.788966229156586
4,1286.0,0.2552556292433539,0.664591984198614,7.789845462621696
4,1287.0,0.25529949324708545,0.6640335249206871,7.790683556553753
4,1288.0,0.2553412075739271,0.6634772639528437,7.7914805773733695
4,1289.0,0.2553807722238788,0.6629232012950836,7.792236525080545
4,1290.0,0.25541818577155273,0.662371323632132,7.792951372440902
4,1291.0,0.25545345880969794,0.6618217442431045,7.793625321846332
4,1292.0,0.25548660226645215,0.6612745732897716,7.79425858209688
4,1293.0,0.25551761614181523,0.6607298107721331,7.7948511531925435
4,1294.0,0.2555465004357873,0.6601874566901892,7.7954030351333214
4,1295.0,0.2555732571122535,0.6596475315621091,7.795914265442473
4,1296.0,0.25559790861531917,0.6591102107978669,7.796385272951542
4,1297.0,0.2556204554897766,0.65857549850089,7.796816068069681
4,1298.0,0.2556408977356256,0.6580433946711782,7.7972066507968885
4,1299.0,0.25565923388340733,0.657513892725708,7.797556993056733
4,1300.0,0.2556754884011631,0.6569871484419764,7.797867562351386
4,1301.0,0.2556896678811573,0.6564632023122644,7.798138484636903
4,1302.0,0.2557017723233901,0.6559420543365722,7.798369759913284
4,1303.0,0.25571179935735433,0.6554236932456486,7.798561342888093
4,1304.0,0.25571976724621076,0.6549082171167401,7.798713582509054
4,1305.0,0.2557256940947299,0.6543957182825828,7.798826824697581
4,1306.0,0.25572957990291173,0.653886196743177,7.798901069453675
4,1307.0,0.25573142467075627,0.6533796524985225,7.7989363167773345
4,1308.0,0.2557312317036086,0.6528761039929368,7.798932629822615
4,1309.0,0.25572903513329154,0.6523756982109945,7.798890660734126
4,1310.0,0.2557248356848947,0.6518784381653824,7.798810423365898
4,1311.0,0.255718633358418,0.6513843238561005,7.798691917717928
4,1312.0,0.25571042622131035,0.6508933504344205,7.798535106865651
4,1313.0,0.25570024916156486,0.6504056476637674,7.7983406574015515
4,1314.0,0.2556881113008143,0.6499212482650519,7.798108743609426
4,1315.0,0.2556740126390587,0.6494401522382741,7.797839365489275
4,1316.0,0.2556579500024608,0.6489623504667882,7.797532462399718
4,1317.0,0.25563994834522985,0.6484879245660787,7.797188511131965
4,1318.0,0.25562003162253905,0.6480169488044322,7.796807969388997
4,1319.0,0.25559819983438836,0.6475494231818485,7.7963908371708115
4,1320.0,0.25557445298077786,0.6470853476983276,7.795937114477413
4,1321.0,0.2555487954911914,0.6466247380433,7.795446885941372
4,1322.0,0.2555212714106623,0.6461677126869299,7.794920993115491
4,1323.0,0.2554918815504229,0.6457142737265962,7.7943594514996954
4,1324.0,0.2554606259104733,0.645264421162299,7.793762261093991
4,1325.0,0.25542750176135587,0.6448181506127276,7.793129369747597
4,1326.0,0.2553925524415069,0.6443755648543397,7.792461605512619
4,1327.0,0.25535579011427945,0.6439366915534226,7.791759200789918
4,1328.0,0.25531721477967356,0.6435015307099766,7.791022155579499
4,1329.0,0.2552768229227741,0.6430700758486956,7.790250402723122
4,1330.0,0.25523464013064023,0.6426423817378943,7.789444431103639
4,1331.0,0.2551907005304809,0.642218516100876,7.7886048927774985
4,1332.0,0.25514500412229596,0.6417984789376405,7.787731787744706
4,1333.0,0.2550975509060856,0.641382270248188,7.7868251160052555
4,1334.0,0.2550483409131011,0.6409698928629048,7.7858848781562635
4,1335.0,0.25499742753989124,0.6405614397626948,7.7849120944266055
4,1336.0,0.2549448169084133,0.6401569211241708,7.783906881786347
4,1337.0,0.2548905090186673,0.6397563369473331,7.782869240235488
4,1338.0,0.254834499042841,0.639359680965429,7.781799077530735
4,1339.0,0.254776822618791,0.6389670088762793,7.780697074591951
4,1340.0,0.25471751175064866,0.6385783671381724,7.779563842910703
4,1341.0,0.254656566438414,0.638193755751108,7.778399382486986
4,1342.0,0.254593986682087,0.6378131747150864,7.777203693320804
4,1343.0,0.25452977152599565,0.6374366255088939,7.775976757152469
4,1344.0,0.2544639802244012,0.6370641831339465,7.774719706132096
4,1345.0,0.2543966204456505,0.636695856761195,7.773432686776062
4,1346.0,0.2543276921897435,0.6363316463906394,7.772115699084371
4,1347.0,0.25425719157581494,0.6359715483971248,7.770768668906703
4,1348.0,0.254185144318637,0.6356155931270078,7.769392087566073
4,1349.0,0.25411159756945245,0.635263829088844,7.7679868559645255
4,1350.0,0.2540365513282615,0.6349162562826335,7.76655297410206
4,1351.0,0.253960005595064,0.6345728747083763,7.7650904419786775
4,1352.0,0.2538819543368881,0.6342336806993956,7.763599144324526
4,1353.0,0.2538024513875261,0.6338987226730379,7.762080109722747
4,1354.0,0.25372152077702753,0.6335680204761382,7.760533797306955
4,1355.0,0.2536391625053924,0.6332415741086963,7.758960207077152
4,1356.0,0.25355537657262084,0.6329193835707122,7.757359339033339
4,1357.0,0.25347016039325154,0.632601449656383,7.7557311437760275
4,1358.0,0.25338358105702147,0.6322878189940094,7.75407690316498
4,1359.0,0.25329564852348874,0.6319784979092583,7.752396807493936
4,1360.0,0.2532063627926534,0.6316734864021296,7.750690856762893
4,1361.0,0.2531157238645155,0.6313727844726235,7.7489590509718544
4,1362.0,0.2530237346600059,0.6310763970369595,7.747201445930009
4,1363.0,0.25293046690963306,0.6307843608830263,7.745419412166689
4,1364.0,0.2528359227917673,0.630496677004895,7.743612991303243
4,1365.0,0.2527401023064087,0.6302133454025656,7.741782183339675
4,1366.0,0.25264300377725396,0.6299343655884857,7.739926956247453
4,1367.0,0.2525446399396683,0.6296597457656685,7.7380475533566715
4,1368.0,0.2524450786061517,0.6293895097098963,7.736145270336673
4,1369.0,0.2523443197767041,0.6291236574211687,7.734220107187457
4,1370.0,0.2522423634513255,0.628862188899486,7.732272063909021
4,1371.0,0.25213920647869076,0.6286051037019419,7.730301080290117
4,1372.0,0.2520348684063436,0.6283524094687692,7.728307529818716
4,1373.0,0.2519294133636503,0.6281041192055893,7.726292637791832
4,1374.0,0.25182284135061095,0.6278602329124023,7.724256404209464
4,1375.0,0.2517151523672255,0.6276207505892083,7.722198829071614
4,1376.0,0.2516063433822447,0.627385672222316,7.720119854461279
4,1377.0,0.2514964331410767,0.6271550025867433,7.718019838540308
4,1378.0,0.2513854876654141,0.6269287458604869,7.715900042761725
4,1379.0,0.25127350695525663,0.6267069020435466,7.713760467125523
4,1380.0,0.25116049101060445,0.6264894711359226,7.7116011116317065
4,1381.0,0.2510464383523935,0.6262764533162336,7.709421948020321
4,1382.0,0.2509313603634659,0.6260678512720419,7.7072231937792886
4,1383.0,0.25081532959846203,0.6258636599701575,7.705006235184339
4,1384.0,0.25069834605738184,0.6256638794105803,7.702771072235472
4,1385.0,0.2505804097402254,0.6254685095933104,7.700517704932688
4,1386.0,0.25046152064699256,0.6252775505183477,7.698246133275986
4,1387.0,0.2503416819007671,0.6250910047223412,7.695956416937018
4,1388.0,0.25022097152217176,0.624908857063768,7.693650046628095
4,1389.0,0.25009939104174406,0.6247311071757505,7.691327051592655
4,1390.0,0.24997694045948404,0.6245577550582889,7.688987431830697
4,1391.0,0.2498536197753917,0.6243888007113834,7.686631187342226
4,1392.0,0.249729428339455,0.6242242469208877,7.684258305707689
4,1393.0,0.24960444332061454,0.6240640696534068,7.681870261366613
4,1394.0,0.24947867059075687,0.6239082668225239,7.679467166511046
4,1395.0,0.249352110149882,0.6237568384282391,7.677049021140991
4,1396.0,0.24922476199798993,0.6236097844705526,7.6746158252564465
4,1397.0,0.24909662247784983,0.6234671086428847,7.672167508980002
4,1398.0,0.24896776594531814,0.6233287792541454,7.669705493002584
4,1399.0,0.24883820344925026,0.6231947911144458,7.667229988430748
4,1400.0,0.24870793498964625,0.6230651442237858,7.6647409952644905
4,1401.0,0.24857696056650605,0.6229398385821655,7.662238513503818
4,1402.0,0.24844527439955552,0.622818879075925,7.659722432707079
4,1403.0,0.24831294621949018,0.6227022281520639,7.657194085193901
4,1404.0,0.2481799929453621,0.6225898759459382,7.6546537942305966
4,1405.0,0.2480464145771713,0.6224818224575482,7.652101559817161
4,1406.0,0.24791221111491774,0.6223780676868939,7.649537381953599
4,1407.0,0.2477773755333682,0.6222786176676295,7.646961126411276
4,1408.0,0.24764197123604523,0.6221834312816543,7.644374004618765
4,1409.0,0.24750602163508062,0.6220924922424098,7.641776463903349
4,1410.0,0.24736952673047435,0.6220058005498958,7.639168504265026
4,1411.0,0.24723248652222646,0.6219233562041127,7.636550125703801
4,1412.0,0.24709489359304723,0.621845166043364,7.633921186500151
4,1413.0,0.24695680343855167,0.6217711881196417,7.631282746989074
4,1414.0,0.24681824651025572,0.6217013978297891,7.62863538899686
4,1415.0,0.2466792228081594,0.6216357951738061,7.625979112523516
4,1416.0,0.2465397323322627,0.6215743801516929,7.623313917569035
4,1417.0,0.24639976808901778,0.6215171597975488,7.620639670510188
4,1418.0,0.24625937622233873,0.6214640944468629,7.617957253002343
4,1419.0,0.24611859468845176,0.6214151491647758,7.615267390261625
4,1420.0,0.24597742348735688,0.6213703239512876,7.612570082288035
4,1421.0,0.24583586261905407,0.6213296188063981,7.609865329081573
4,1422.0,0.2456939062824743,0.6212930401150282,7.607153019803275
4,1423.0,0.2455515899750144,0.6212605539304276,7.6044338326892875
4,1424.0,0.24540895953911313,0.6212321128759268,7.6017086436347965
4,1425.0,0.24526601497477057,0.6212077169515261,7.598977452639805
4,1426.0,0.2451227562819867,0.6211873661572251,7.596240259704311
4,1427.0,0.24497917956573592,0.6211710651766503,7.593496990407448
4,1428.0,0.24483530853977511,0.6211587894817687,7.590748097839538
4,1429.0,0.2446911972289749,0.6211504770726249,7.587994614234587
4,1430.0,0.24454684563333529,0.621146127949219,7.585236539592597
4,1431.0,0.2444022537528563,0.6211457421115508,7.582473873913568
4,1432.0,0.24425742025054384,0.6211493213103697,7.579706591652028
4,1433.0,0.24411235608281695,0.6211568543532706,7.5769349021483805
4,1434.0,0.24396712366766532,0.6211682623859773,7.574159998000977
4,1435.0,0.24382172300508895,0.6211835454084899,7.571381879209816
4,1436.0,0.2436761540950878,0.6212027034208083,7.568600545774897
4,1437.0,0.24353041693766192,0.6212257364229326,7.565815997696221
4,1438.0,0.24338451434451017,0.6212526429428676,7.56302828869592
4,1439.0,0.24323851183288106,0.6212833327123172,7.560238670588778
4,1440.0,0.24309241120937577,0.6213178031643093,7.557447177892883
4,1441.0,0.2429462124739943,0.6213560542988439,7.554653810608233
4,1442.0,0.2427999156267367,0.6213980861159208,7.551858568734829
4,1443.0,0.24265352025274672,0.6214439012822335,7.5490614443461626
4,1444.0,0.24250708945333638,0.6214934056361119,7.546263643096579
4,1445.0,0.24236062869439046,0.6215465907793951,7.543465269420795
4,1446.0,0.24221413797590904,0.621603456712083,7.540666323318811
4,1447.0,0.24206761729789208,0.6216640034341756,7.537866804790629
4,1448.0,0.24192106387597878,0.6217282371899917,7.5350666606364545
4,1449.0,0.24177453702686472,0.6217960625148077,7.532267024199314
4,1450.0,0.24162804631931592,0.6218674635601952,7.529468078306216
4,1451.0,0.2414815917533324,0.6219424403261542,7.526669822957162
4,1452.0,0.24133517332891413,0.6220209928126849,7.523872258152155
4,1453.0,0.24118878669289978,0.6221031300766898,7.521075300716883
4,1454.0,0.24104248615054538,0.6221887582133557,7.518279988242581
4,1455.0,0.2408962857438612,0.6222778522206798,7.515486589024943
4,1456.0,0.24075018547284732,0.6223704120986621,7.512695103063975
4,1457.0,0.2406041853375037,0.6224664378473026,7.509905530359673
4,1458.0,0.24045828015544923,0.6225659403931363,7.507117771894128
4,1459.0,0.24031251813951088,0.622668830480932,7.504332748852689
4,1460.0,0.24016691810184213,0.6227750721873477,7.501550820672487
4,1461.0,0.2400214800424429,0.6228846655123833,7.4987719873535195
4,1462.0,0.23987620396131326,0.622997610456039,7.495996248895791
4,1463.0,0.23973108452180866,0.6231139187181035,7.493223503333929
4,1464.0,0.23958616291112653,0.6232335089666734,7.490454537617079
4,1465.0,0.2394414629355279,0.6233563325430679,7.487689806603009
4,1466.0,0.23929698459501275,0.6234823894472871,7.484929310291721
4,1467.0,0.2391527278895811,0.623611679679331,7.482173048683216
4,1468.0,0.23900868793627172,0.623744214485326,7.4794209284804865
4,1469.0,0.23886489811148867,0.6238799238750944,7.476673587394624
4,1470.0,0.23872138736777473,0.6240187446111368,7.473931578611579
4,1471.0,0.2385781557051299,0.6241606766934532,7.471194902131347
4,1472.0,0.2384352031235542,0.6243057201220436,7.468463557953932
4,1473.0,0.2382925257332821,0.6244538843532402,7.465737471758962
4,1474.0,0.23815014846163657,0.6246051142652792,7.4630171198239434
4,1475.0,0.2380081054894473,0.624759330184273,7.460303155229842
4,1476.0,0.23786639681671434,0.6249165321102217,7.457595577976655
4,1477.0,0.2377250224434376,0.6250767200431251,7.454894388064384
4,1478.0,0.23758397994351266,0.625239900223984,7.452199539138314
4,1479.0,0.23744328530148123,0.6254060360009343,7.449511336609402
4,1480.0,0.23730297794026883,0.6255750294061873,7.446830533717479
4,1481.0,0.23716305785987546,0.6257468804397431,7.4441571304625445
4,1482.0,0.2370235250603011,0.6259215891016017,7.4414911268445945
4,1483.0,0.23688437898057801,0.6260991569208654,7.438832512145422
4,1484.0,0.23674562631019916,0.6262795693610027,7.436181414178788
4,1485.0,0.23660731166200763,0.6264627083159011,7.433538685346435
4,1486.0,0.2364694350360034,0.6266485737855606,7.430904325648364
4,1487.0,0.23633199643218647,0.6268371657699812,7.42827833508457
4,1488.0,0.23619499585055684,0.6270284842691628,7.425660713655058
4,1489.0,0.2360584353826951,0.6272225263227691,7.423051501322913
4,1490.0,0.23592235980378448,0.6274191660671469,7.420451553591648
4,1491.0,0.23578677075107612,0.6276183987689434,7.4178609017436425
4,1492.0,0.2356516682245701,0.6278202244281589,7.415279545778896
4,1493.0,0.23551705222426633,0.628024643044793,7.412707485697406
4,1494.0,0.23538292264268196,0.6282316575312703,7.410144719445537
4,1495.0,0.23524932176024385,0.6284411418370022,7.407592054860382
4,1496.0,0.23511625367812458,0.6286530833774489,7.405049570301583
4,1497.0,0.23498371839632415,0.62886748215261,7.402517265769146
4,1498.0,0.2348517159148425,0.629084338162486,7.399995141263067
4,1499.0,0.23472024457394056,0.6293036589703885,7.397483165071301
4,1500.0,0.23458934332435913,0.6295253214394091,7.394982081411812
4,1501.0,0.2344590189308341,0.6297493035216215,7.392492019536005
4,1502.0,0.2343292713933655,0.629975605217026,7.390012979443879
4,1503.0,0.23420010071195335,0.6302042265256225,7.387544961135438
4,1504.0,0.23407150425238743,0.6304351783522577,7.385087914279759
4,1505.0,0.23394351693771454,0.6306683436604265,7.3826425061390895
4,1506.0,0.23381614833134248,0.630903689316888,7.380208919438065
4,1507.0,0.23368939843327124,0.6311412153216424,7.377787154176683
4,1508.0,0.23356326724350088,0.6313809216746895,7.3753772103549435
4,1509.0,0.23343775166267963,0.631622821242587,7.372979028754637
4,1510.0,0.23331288202221528,0.6318668063329879,7.3705931889071925
4,1511.0,0.2331886707564073,0.6321128311085683,7.368219928390352
4,1512.0,0.23306511786525566,0.6323608955693282,7.365859247204114
4,1513.0,0.23294222334876039,0.6326109997152676,7.363511145348479
4,1514.0,0.23281998408421123,0.6328631569402369,7.361175563158931
4,1515.0,0.23269842537830326,0.6331172721696122,7.358852984161501
4,1516.0,0.232577562547245,0.6333732852585622,7.356543700997546
4,1517.0,0.23245739559103643,0.6336311962070869,7.35424771366706
4,1518.0,0.23233792450967755,0.6338910050151861,7.351965022170044
4,1519.0,0.23221914653249026,0.6341527241298606,7.349695573568139
4,1520.0,0.23210108163589344,0.6344162743719567,7.347439749543678
4,1521.0,0.23198374796948176,0.6346815797126606,7.345197896874522
4,1522.0,0.23186714553325521,0.6349486401519724,7.342970015560666
4,1523.0,0.23175127432721376,0.6352174556898921,7.340756105602111
4,1524.0,0.2316361322430226,0.6354880363266968,7.338556126715654
4,1525.0,0.2315217337453822,0.6357603220363295,7.336370355273187
4,1526.0,0.23140809971079193,0.6360342193676237,7.334199190154564
4,1527.0,0.23129523013925177,0.6363097283205795,7.332042631359781
4,1528.0,0.2311831250307617,0.6365868488951969,7.329900678888844
4,1529.0,0.23107178318595933,0.6368655871326732,7.327773309825958
4,1530.0,0.23096121349720627,0.637145905374314,7.32566069407432
4,1531.0,0.2308514394049245,0.6374276912571646,7.323563279501739
4,1532.0,0.23074246090911402,0.6377109447812248,7.321481066108216
4,1533.0,0.2306342780097748,0.6379956659464947,7.319414053893752
4,1534.0,0.230526890600881,0.6382818553228788,7.317362240832547
4,1535.0,0.2304203020595459,0.6385695007675292,7.315325691449907
4,1536.0,0.23031453817193004,0.6388584695758182,7.313304898432836
4,1537.0,0.23020959893803342,0.6391487617477459,7.311299861781333
4,1538.0,0.23010548435785602,0.6394403772833123,7.309310581495401
4,1539.0,0.23000219443139788,0.6397333161825173,7.3073370575750385
4,1540.0,0.22989973052485918,0.6400275756752385,7.305379316123748
4,1541.0,0.2297981171654889,0.6403230205593321,7.303437825774959
4,1542.0,0.22969735546408,0.6406196444334735,7.301512607752199
4,1543.0,0.22959744542063248,0.6409174472976626,7.299603662055465
4,1544.0,0.22949838703514638,0.6412164291518996,7.297710988684762
4,1545.0,0.22940018045700566,0.6415165934130858,7.295834590494314
4,1546.0,0.2293028481193083,0.641817807239754,7.293974896105352
4,1547.0,0.2292063924135723,0.6421200557834424,7.2921319512117595
4,1548.0,0.22911081333979766,0.6424233390441509,7.29030575581354
4,1549.0,0.22901611089798438,0.6427276570218795,7.288496309910692
4,1550.0,0.22892228443176135,0.6430330178206545,7.286703600962165
4,1551.0,0.22882935388559425,0.6433392940927858,7.284928010039779
4,1552.0,0.22873732293725085,0.643646461102278,7.283169607413332
4,1553.0,0.22864619158673116,0.643954518849131,7.281428393082829
4,1554.0,0.2285559598340352,0.6442634673333452,7.279704367048269
4,1555.0,0.22846662656454342,0.6445733178348507,7.277997508013011
4,1556.0,0.22837820895961414,0.6448839515942524,7.276308144255164
4,1557.0,0.22829071193146744,0.6451953325944509,7.2746363696307705
4,1558.0,0.22820413548010335,0.6455074608354464,7.272982184139833
4,1559.0,0.2281184796055219,0.6458203363172388,7.27134558778235
4,1560.0,0.22803374302014745,0.646133971985301,7.269726555957074
4,1561.0,0.22794993998534518,0.6464482607017077,7.268125361150838
4,1562.0,0.22786707653957577,0.6467631538327469,7.266542118738365
4,1563.0,0.2277851526828392,0.6470786513784186,7.264976828719659
4,1564.0,0.22770416841513544,0.6473947533387229,7.263429491094715
4,1565.0,0.22762412250025563,0.6477114728270439,7.261900082243731
4,1566.0,0.2275450262381526,0.6480287172762621,7.260388818070889
4,1567.0,0.22746688662965142,0.6483464241698401,7.258895832338468
4,1568.0,0.2273897036747521,0.6486645935077776,7.257421125046467
4,1569.0,0.2273134773734547,0.6489832252900749,7.255964696194887
4,1570.0,0.22723820670539588,0.649302331324793,7.25452652628801
4,1571.0,0.2271639000813565,0.6496218364587047,7.253106776027635
4,1572.0,0.22709056524557858,0.6499416631068325,7.251705593380241
4,1573.0,0.22701820219806207,0.6502618112691766,7.2503229783458325
4,1574.0,0.226946810938807,0.6505822809457367,7.248958930924404
4,1575.0,0.22687639076892396,0.6509030812019583,7.247613437762529
4,1576.0,0.22680694739443347,0.6512241570128808,7.24628660788311
4,1577.0,0.22673848902942007,0.6515454146314927,7.244978598229742
4,1578.0,0.2266710156738837,0.651866854057794,7.243689408802426
4,1579.0,0.2266045273278244,0.6521884752917847,7.242419039601161
4,1580.0,0.22653902366145826,0.6525102832664426,7.241167484324881
4,1581.0,0.2264745079714484,0.6528322456481024,7.239934805961765
4,1582.0,0.22641098861383283,0.6531542515377255,7.238721164167652
4,1583.0,0.22634846558861155,0.6534763009353121,7.237526558942547
4,1584.0,0.22628693889578455,0.6537983938408619,7.236350990286449
4,1585.0,0.22622640853535184,0.6541205302543751,7.235194458199358
4,1586.0,0.22616687588913575,0.654442701331117,7.234056989083262
4,1587.0,0.22610834898410606,0.654764779736547,7.232938736306623
4,1588.0,0.22605082784993627,0.6550867649402814,7.231839700436396
4,1589.0,0.22599431248662635,0.6554086569423199,7.230759881472585
4,1590.0,0.22593880289417634,0.6557304557426628,7.229699279415191
4,1591.0,0.22588429984483657,0.6560521595968367,7.228657909019324
4,1592.0,0.22583080981018144,0.6563736425674939,7.227635893935059
4,1593.0,0.22577833311300313,0.6566948974005342,7.22663324032987
4,1594.0,0.22572686975330167,0.6570159240959578,7.225649948203756
4,1595.0,0.22567641973107705,0.6573367226537644,7.224686017556721
4,1596.0,0.22562698346525514,0.6576572968656467,7.22374145639303
4,1597.0,0.2255785657497659,0.6579775251180092,7.222816356308599
4,1598.0,0.225531167077968,0.6582973922549044,7.221910726729856
4,1599.0,0.2254847874498614,0.6586168982763321,7.221024567656803
4,1600.0,0.2254394268654461,0.6589360431822925,7.220157879089438
4,1601.0,0.2253950855877246,0.6592548347736755,7.2193106660528565
4,1602.0,0.22535176672436608,0.6595731585568949,7.21848298792419
4,1603.0,0.22530947076091812,0.6598909903900505,7.217674853980624
4,1604.0,0.22526819769738066,0.6602083302731422,7.216886264222156
4,1605.0,0.22522794753375375,0.6605251782061698,7.2161172186487885
4,1606.0,0.2251887205163625,0.6608415445209256,7.215367721966965
4,1607.0,0.22515051817075923,0.6611573244864315,7.214637803324874
4,1608.0,0.22511334074080544,0.6614724839966841,7.213927467381889
4,1609.0,0.22507718822650108,0.6617870230516834,7.213236714138011
4,1610.0,0.2250420606278462,0.6621009416514293,7.212565543593241
4,1611.0,0.22500795825615727,0.6624142512406247,7.21191396169579
4,1612.0,0.22497488127106832,0.662726859316216,7.211281971495729
4,1613.0,0.22494282938568458,0.6630387209479417,7.210669567511464
4,1614.0,0.22491180260000607,0.6633498361358019,7.210076749742991
4,1615.0,0.22488180091403276,0.6636602048797965,7.209503518190314
4,1616.0,0.2248528247286511,0.6639698383915911,7.2089498805130265
4,1617.0,0.22482487316522692,0.6642786586601983,7.208415819923377
4,1618.0,0.22479794506216008,0.6645866092010668,7.207901314227083
4,1619.0,0.22477204041945054,0.6648936900141965,7.2074063634241465
4,1620.0,0.22474715923709832,0.6651999010995875,7.206930967514567
4,1621.0,0.22472330197347443,0.6655052521738047,7.206475135256275
4,1622.0,0.22470046715020242,0.6658096817567865,7.206038838402459
4,1623.0,0.22467865233252224,0.6661131212219493,7.205622030433023
4,1624.0,0.22465785752043393,0.6664155705692933,7.205224711347969
4,1625.0,0.22463808271393745,0.6667170297988186,7.204846881147295
4,1626.0,0.22461932834054008,0.6670175059657444,7.20448854799923
4,1627.0,0.22460159287089002,0.667316955910255,7.204149682682994
4,1628.0,0.22458487214458808,0.6676152984304323,7.203830205707317
4,1629.0,0.22456916616163433,0.6679125335262764,7.2035301170722015
4,1630.0,0.2245544749220287,0.6682086611977874,7.203249416777645
4,1631.0,0.22454079867821755,0.6685036847804046,7.202988109647053
4,1632.0,0.2245281365080966,0.668797580950046,7.202746178062103
4,1633.0,0.2245164820197612,0.6690902556626472,7.202523499894945
4,1634.0,0.2245058352132113,0.6693817089182083,7.202320075145579
4,1635.0,0.22449619608844693,0.6696719407167291,7.202135903814006
4,1636.0,0.22448756464546804,0.6699609510582097,7.201970985900226
4,1637.0,0.22447994099816676,0.6702487339835939,7.201825323580333
4,1638.0,0.22447331627581413,0.6705351859305259,7.201698747364461
4,1639.0,0.22446769035504546,0.6708203055643437,7.201591254895527
4,1640.0,0.22446306323586082,0.6711040928850474,7.201502846173531
4,1641.0,0.22445943491826012,0.671386547892637,7.20143352119847
4,1642.0,0.22445680600478454,0.671667671481201,7.2013832914828875
4,1643.0,0.22445516608472163,0.6719473633733861,7.201351958112997
4,1644.0,0.2244545142330154,0.6722256152086009,7.201339503414085
4,1645.0,0.22445485044966584,0.6725024269868453,7.201345927386149
4,1646.0,0.22445617473467291,0.6727777987081192,7.201371230029189
4,1647.0,0.22445848831114734,0.6730517370018019,7.201415434712748
4,1648.0,0.22446177980658907,0.6733241496601187,7.201478324146507
4,1649.0,0.22446604673399664,0.6735950176471088,7.201559850812215
4,1650.0,0.22447128909337005,0.6738643409627724,7.20166001470987
4,1651.0,0.2244775068847093,0.6741321196071092,7.201778815839473
4,1652.0,0.2244847018193112,0.6743983633505359,7.201916286898163
4,1653.0,0.22449286307818792,0.6746629969714267,7.2020722211713855
4,1654.0,0.22450198517225015,0.6749259845381302,7.202246513781063
4,1655.0,0.22451206810149796,0.6751873260506464,7.202439164727193
4,1656.0,0.22452311186593127,0.6754470215089752,7.202650174009775
4,1657.0,0.224535117914557,0.6757050785596104,7.202879569314471
4,1658.0,0.22454807914905753,0.6759614533929623,7.2031272150162495
4,1659.0,0.22456198459367754,0.6762160841794415,7.203392901405249
4,1660.0,0.2245768342484171,0.676468970919048,7.2036766284814755
4,1661.0,0.22459262811327613,0.6767201136117817,7.203978396244928
4,1662.0,0.22460936618825467,0.6769695122576428,7.204298204695602
4,1663.0,0.2246270489363872,0.6772171661069608,7.204636062680539
4,1664.0,0.22464565794252303,0.677462985165914,7.204991618347993
4,1665.0,0.22466519243262056,0.6777069657957535,7.20536485690863
4,1666.0,0.2246856524066799,0.6779491079964792,7.205755778362451
4,1667.0,0.22470703786470095,0.6781894117680913,7.2061643827094555
4,1668.0,0.2247293513124181,0.6784278863316523,7.206590717825818
4,1669.0,0.22475257634871076,0.6786644609118523,7.207034470341154
4,1670.0,0.22477670596130706,0.678899106559532,7.207495506274481
4,1671.0,0.22480174015020693,0.6791318232746913,7.207973825625796
4,1672.0,0.22482767891541042,0.6793626110573304,7.208469428395097
4,1673.0,0.2248545230352437,0.6795914726022484,7.208982329453592
4,1674.0,0.22488226918174695,0.6798183931293442,7.209512465215129
4,1675.0,0.22491089673193834,0.6800432984212638,7.210059441643725
4,1676.0,0.22494040568581783,0.6802661884780071,7.21062325873938
4,1677.0,0.22497079604338543,0.6804870632995743,7.211203916502095
4,1678.0,0.22500206780464113,0.6807059228859652,7.211801414931865
4,1679.0,0.22503422418795765,0.6809227761667875,7.212415815521
4,1680.0,0.22506724540100886,0.6811375599025733,7.213046740104553
4,1681.0,0.22510112249271388,0.6813502466718407,7.2136940176574065
4,1682.0,0.22513585546307271,0.6815608364745899,7.214357648179559
4,1683.0,0.22517144431208538,0.6817693293108207,7.2150376316710085
4,1684.0,0.2252078890397519,0.6819757251805333,7.215733968131757
4,1685.0,0.2252451912810762,0.6821800263622257,7.216446688801245
4,1686.0,0.22528332322161002,0.6823821584577953,7.217175262238693
4,1687.0,0.2253222830769568,0.6825821168513131,7.217919654350269
4,1688.0,0.22536207084711654,0.682779901542779,7.218679865135975
4,1689.0,0.22540268653208928,0.6829755125321934,7.219455894595808
4,1690.0,0.22544413217533,0.6831689542312694,7.220247781773339
4,1691.0,0.22548639958022496,0.6833602058077374,7.2210553700587825
4,1692.0,0.22552946441424523,0.6835492124200437,7.221878194539153
4,1693.0,0.22557332667739086,0.6837359740681886,7.222716255214452
4,1694.0,0.22561798636966182,0.6839204907521722,7.2235695520846805
4,1695.0,0.22566344349105807,0.6841027624719943,7.224438085149836
4,1696.0,0.2257097018660927,0.6842827960335854,7.22532192748353
4,1697.0,0.22575674428248135,0.6844605566084642,7.226220750216765
4,1698.0,0.2258045510488978,0.6846360069639442,7.2271341771143645
4,1699.0,0.225853122165342,0.6848091471000257,7.228062208176331
4,1700.0,0.22590245763181402,0.6849799770167085,7.229004843402662
4,1701.0,0.2259525574483138,0.6851484967139926,7.229962082793362
4,1702.0,0.22600342622587385,0.6853147128992416,7.230934014449786
4,1703.0,0.22605504266622747,0.6854785899997672,7.231920231433521
4,1704.0,0.22610738773206154,0.6856400982182078,7.232920370005393
4,1705.0,0.22616046142337606,0.6857992375545634,7.233934430165397
4,1706.0,0.22621426374017103,0.685956008008834,7.234962411913537
4,1707.0,0.22626879468244646,0.6861104095810198,7.236004315249815
4,1708.0,0.22632405894845983,0.6862624478177102,7.237060229942161
4,1709.0,0.2263800363617985,0.6864120948539975,7.238129770487034
4,1710.0,0.22643670401221622,0.6865593215678935,7.239212499146498
4,1711.0,0.226494061899713,0.686704127959398,7.240308415920552
4,1712.0,0.22655211002428885,0.6868465140285112,7.241417520809197
4,1713.0,0.22661084838594375,0.686986479775233,7.242539813812435
4,1714.0,0.2266702802068793,0.6871240282250797,7.243675356495724
4,1715.0,0.226730394071845,0.6872591457090477,7.244823930751929
4,1716.0,0.22679115715191692,0.6873917993066133,7.24598490933047
4,1717.0,0.22685256944709506,0.6875219890177766,7.247158292231341
4,1718.0,0.22691463095737943,0.6876497148425376,7.24834407945455
4,1719.0,0.22697734168277,0.6877749767808962,7.249542271000088
4,1720.0,0.22704070162326678,0.6878977748328524,7.250752866867962
4,1721.0,0.22710471452472902,0.6880181098408554,7.25197593862897
4,1722.0,0.22716933511456092,0.6881359473682456,7.253210621275711
4,1723.0,0.2272345613606425,0.6882512859654298,7.2544568759811945
4,1724.0,0.2273003932629737,0.6883641256324081,7.255714702745417
4,1725.0,0.22736683082155457,0.6884744663691805,7.256984101568379
4,1726.0,0.22743387403638504,0.688582308175747,7.25826507245008
4,1727.0,0.2275015300271682,0.688687653672143,7.259557751424156
4,1728.0,0.2275697600348728,0.6887904813993406,7.260861397935571
4,1729.0,0.22763854977860232,0.6888907842570208,7.262175739124311
4,1730.0,0.22770789925835674,0.6889885622451835,7.263500774990372
4,1731.0,0.2277778084741361,0.6890838153638287,7.264836505533761
4,1732.0,0.22784827742594033,0.6891765436129564,7.26618293075447
4,1733.0,0.22791931053647588,0.6892667480254412,7.267540135155585
4,1734.0,0.2279908921811396,0.6893544218587571,7.268907820203361
4,1735.0,0.22806298553827992,0.6894395544537459,7.270285282359588
4,1736.0,0.22813559060789682,0.6895221458104078,7.271672521624268
4,1737.0,0.2282087073899903,0.6896021959287427,7.273069537997397
4,1738.0,0.22828233588456037,0.6896797048087506,7.274476331478978
4,1739.0,0.22835647609160706,0.6897546724504316,7.275892902069011
4,1740.0,0.2284311346384734,0.6898270979090156,7.277319376393783
4,1741.0,0.22850626271421706,0.6898969760870038,7.278754821839968
4,1742.0,0.22858185270465495,0.6899643065229244,7.28019909292607
4,1743.0,0.22865790460978705,0.6900290892167773,7.28165218965209
4,1744.0,0.22873441842961334,0.6900913241685624,7.283114112018031
4,1745.0,0.22881139416413387,0.6901510113782798,7.284584860023891
4,1746.0,0.22888883850965674,0.6902081496205656,7.286064561613649
4,1747.0,0.2289667238549734,0.6902627400013802,7.2875526892297575
4,1748.0,0.22904501983972592,0.6903147861094964,7.289048662787644
4,1749.0,0.2291237264639143,0.6903642879449142,7.290552482287308
4,1750.0,0.22920284372753855,0.6904112455076337,7.292064147728754
4,1751.0,0.2292823716305986,0.6904556587976548,7.293583659111975
4,1752.0,0.22936231017309455,0.6904975278149775,7.295111016436975
4,1753.0,0.2294426644599505,0.6905368492155719,7.296646317241725
4,1754.0,0.2295233801449535,0.6905736387023865,7.298188523152448
4,1755.0,0.22960445393666404,0.6906078973512357,7.299737571280778
4,1756.0,0.2296858858350821,0.6906396251621195,7.301293461626713
4,1757.0,0.2297676758402077,0.6906688221350379,7.3028561941902534
4,1758.0,0.22984982395204084,0.6906954882699907,7.304425768971402
4,1759.0,0.22993233820863002,0.6907196190361129,7.306002339550292
4,1760.0,0.2300151809384386,0.6907412306542116,7.30758518615026
4,1761.0,0.2300983281867271,0.6907603347689909,7.309173851076614
4,1762.0,0.23018177995349554,0.6907769313804507,7.310768334329352
4,1763.0,0.23026553623874388,0.6907910204885911,7.312368635908474
4,1764.0,0.23034959704247218,0.690802602093412,7.313974755813979
4,1765.0,0.23043396300104543,0.6908116757600552,7.315586706204669
4,1766.0,0.2305186347047299,0.690818239003859,7.317204498358554
4,1767.0,0.23060355649677056,0.6908223278638389,7.318827068861787
4,1768.0,0.2306887283771673,0.6908239423399949,7.320454417714371
4,1769.0,0.23077415034592022,0.6908230824323268,7.322086544916308
4,1770.0,0.23085982240302924,0.6908197481408349,7.323723450467595
4,1771.0,0.23094574454849442,0.6908139394655191,7.3253651343682336
4,1772.0,0.23103192524235258,0.6908056485540431,7.327011758261139
4,1773.0,0.23111831846984987,0.6907949115000553,7.328662442958763
4,1774.0,0.23120490673785993,0.6907817428009423,7.330316854226156
4,1775.0,0.23129169004638278,0.6907661424567042,7.331974992063318
4,1776.0,0.2313786683954184,0.6907481104673409,7.3336368564702505
4,1777.0,0.23146584178496682,0.6907276468328523,7.335302447446954
4,1778.0,0.23155321411058225,0.6907047475707736,7.336971839424394
4,1779.0,0.23164077252101856,0.6906794232249803,7.338644786858382
4,1780.0,0.23172847053988704,0.6906517193752609,7.3403204017410735
4,1781.0,0.23181630816718768,0.6906216360216154,7.341998684072467
4,1782.0,0.2319042854029205,0.6905891731640437,7.343679633852565
4,1783.0,0.23199240224708548,0.6905543308025459,7.345363251081365
4,1784.0,0.2320806586996826,0.6905171089371219,7.347049535758867
4,1785.0,0.23216906263260004,0.6904774973568728,7.348738638290443
4,1786.0,0.2322575619539981,0.6904355543975726,7.350429563375821
4,1787.0,0.2323461453088328,0.6903912932103367,7.352122094058211
4,1788.0,0.2324348126971041,0.6903447137951646,7.353816230337612
4,1789.0,0.23252356411881203,0.6902958161520567,7.355511972214026
4,1790.0,0.23261239957395657,0.6902446002810129,7.357209319687451
4,1791.0,0.23270132533672863,0.6901910576739172,7.358908392636625
4,1792.0,0.23279031683291238,0.6901352183974772,7.360608721530736
4,1793.0,0.23287933689213627,0.6900771309857647,7.362309596168707
4,1794.0,0.23296838551440036,0.6900167954387798,7.364011016550535
4,1795.0,0.23305746269970462,0.6899542117565223,7.365712982676222
4,1796.0,0.23314656844804907,0.6898893799389924,7.367415494545769
4,1797.0,0.23323570275943367,0.6898222999861898,7.369118552159174
4,1798.0,0.23332487190695472,0.6897529611860398,7.370822275374258
4,1799.0,0.23341402037881298,0.6896814440635108,7.372525603546801
4,1800.0,0.2335031422998084,0.6896077573476732,7.374228424421441
4,1801.0,0.233592237669941,0.6895319010385267,7.375930737998183
4,1802.0,0.2336813064892108,0.6894538751360713,7.377632544277021
4,1803.0,0.23377034875761774,0.689373679640307,7.379333843257961
4,1804.0,0.23385937211419375,0.6892913015826194,7.381034780897266
4,1805.0,0.2339483426196057,0.6892067944299101,7.382734708728159
4,1806.0,0.23403723207106905,0.6891202042602428,7.384433087890059
4,1807.0,0.23412604046858382,0.6890315310736177,7.386129918382969
4,1808.0,0.23421476781214998,0.6889407748700348,7.387825200206883
4,1809.0,0.23430341410176755,0.688847935649494,7.389518933361806
4,1810.0,0.23439197933743652,0.6887530134119954,7.391211117847735
4,1811.0,0.2344804672803673,0.6886559995466202,7.3929018255287815
4,1812.0,0.23456882185325567,0.6885569944050137,7.3945899849558225
4,1813.0,0.23465704173461713,0.6884560003969998,7.3962755708797205
4,1814.0,0.23474512692445162,0.6883530175225787,7.397958583300476
4,1815.0,0.23483307742275925,0.6882480457817501,7.399639022218091
4,1816.0,0.2349208932295399,0.6881410851745143,7.401316887632564
4,1817.0,0.23500858229364238,0.6880321192968801,7.402992331419723
4,1818.0,0.23509610413096546,0.6879212262556836,7.4046645800642334
4,1819.0,0.23518343875760236,0.6878084455701662,7.406333251740689
4,1820.0,0.23527058617355306,0.6876937772403277,7.407998346449088
4,1821.0,0.2353575463788176,0.6875772212661679,7.409659864189435
4,1822.0,0.2354443193733959,0.6874587776476871,7.4113178049617225
4,1823.0,0.23553090728113438,0.6873384417415599,7.412972209345536
4,1824.0,0.2356173042632206,0.6872162241066334,7.414622965780756
4,1825.0,0.2357034628828196,0.6870922265791708,7.416269167908637
4,1826.0,0.23578938313993136,0.6869664491591722,7.417910815729177
4,1827.0,0.2358750650345559,0.6868388918466376,7.419547909242376
4,1828.0,0.23596050856669326,0.6867095546415669,7.421180448448237
4,1829.0,0.23604571373634337,0.6865784375439603,7.422808433346755
4,1830.0,0.23613068780486451,0.6864455225511862,7.424432002678127
4,1831.0,0.23621538681453336,0.6863109111485094,7.42605031655775
4,1832.0,0.23629979792003078,0.6861746335575382,7.427663129554678
4,1833.0,0.23638392112135675,0.6860366897782727,7.42927044166891
4,1834.0,0.2364677564185113,0.6858970798107128,7.4308722529004445
4,1835.0,0.23655130381149445,0.6857558036548586,7.432468563249286
4,1836.0,0.23663456767770358,0.6856128499564078,7.434059456352808
4,1837.0,0.23671753176058982,0.6854682580659622,7.435644621602909
4,1838.0,0.2368001602421285,0.6853221190354598,7.437223374637319
4,1839.0,0.23688245312231962,0.6851744328649004,7.43879571545604
4,1840.0,0.23696441040116317,0.6850251995542841,7.440361644059068
4,1841.0,0.23704603207865918,0.6848744191036109,7.441921160446407
4,1842.0,0.23712731815480764,0.6847220915128807,7.443474264618055
4,1843.0,0.23720827436193734,0.6845681996241005,7.445021066099581
4,1844.0,0.237288856358828,0.6844128648265309,7.446560717679048
4,1845.0,0.2373690571255977,0.6842561066460063,7.448093085230065
4,1846.0,0.23744887666224646,0.6840979250825268,7.449618168752634
4,1847.0,0.23752831496877427,0.6839383201360923,7.451135968246753
4,1848.0,0.23760737204518115,0.6837772918067029,7.452646483712422
4,1849.0,0.23768605335187393,0.683614823293213,7.454149819479694
4,1850.0,0.23776433566118543,0.6834509823587009,7.455645531745789
4,1851.0,0.23784219339136664,0.683285845850247,7.457133131729316
4,1852.0,0.23791962654241752,0.683119413767851,7.458612619430277
4,1853.0,0.23799663511433805,0.6829516861115131,7.460083994848669
4,1854.0,0.23807321910712828,0.6827826628812333,7.4615472579844955
4,1855.0,0.23814937852078819,0.6826123440770114,7.463002408837755
4,1856.0,0.23822511696160048,0.682440716187381,7.464449516312407
4,1857.0,0.23830039257989608,0.6822679152399511,7.465887780801701
4,1858.0,0.23837520274673332,0.6820939499058067,7.467317152075381
4,1859.0,0.23844954746211225,0.6819188201849481,7.468737630133444
4,1860.0,0.23852342672603283,0.681742526077375,7.470149214975892
4,1861.0,0.23859684053849511,0.6815650675830875,7.471551906602729
4,1862.0,0.2386697943955105,0.6813864244302537,7.472945810024289
4,1863.0,0.23874226159120074,0.681206689976758,7.4743304149808445
4,1864.0,0.23881422512050668,0.6810259250167894,7.475705396562775
4,1865.0,0.23888568498342833,0.6808441295503478,7.477070754770081
4,1866.0,0.23895664117996568,0.6806613035774333,7.478426489602762
4,1867.0,0.2390270937101187,0.6804774470980457,7.479772601060817
4,1868.0,0.2390970428955638,0.6802925588374826,7.481109095290406
4,1869.0,0.239166488970477,0.6801066356426305,7.48243597676584
4,1870.0,0.2392353959844388,0.6799198178231785,7.483752558595237
4,1871.0,0.2393037639374492,0.6797321053791262,7.485058840778589
4,1872.0,0.23937159282950826,0.679543498310474,7.486354823315905
4,1873.0,0.23943888266061594,0.6793539966172216,7.4876405062071765
4,1874.0,0.23950563343077222,0.6791636002993691,7.48891588945241
4,1875.0,0.2395718498379194,0.6789722880528413,7.490181062813517
4,1876.0,0.23963750498826333,0.6787801740387576,7.491435512440328
4,1877.0,0.23970258864728405,0.6785873025913456,7.4926790427855074
4,1878.0,0.2397671008149816,0.6783936737106052,7.493911653849057
4,1879.0,0.23983104149135592,0.6781992873965367,7.4951333456309746
4,1880.0,0.23989441067640704,0.6780041436491399,7.496344118131264
4,1881.0,0.23995721030647954,0.6778082329981746,7.497544008346967
4,1882.0,0.24001943344717483,0.6776115861076806,7.498732883784999
4,1883.0,0.24008105575396,0.6774143195967134,7.499910279303019
4,1884.0,0.240142077226835,0.6772164334652728,7.501076194901026
4,1885.0,0.2402024978657999,0.677017927713359,7.502230630579022
4,1886.0,0.24026231767085462,0.6768188023409719,7.503373586337005
4,1887.0,0.2403215366419992,0.6766190573481116,7.504505062174975
4,1888.0,0.240380158130828,0.6764186730289673,7.5056251221306525
4,1889.0,0.24043815791882486,0.6762177781411102,7.5067333034694625
4,1890.0,0.24049553072057203,0.6760164013889468,7.507829505204798
4,1891.0,0.24055227653606945,0.6758145427724773,7.508913727336663
4,1892.0,0.2406083953653171,0.6756122022917016,7.509985969865058
4,1893.0,0.24066388720831508,0.6754093799466198,7.511046232789978
4,1894.0,0.2407187544805812,0.6752060603995225,7.5120945622638695
4,1895.0,0.24077298695088584,0.6750023033911627,7.513130762802263
4,1896.0,0.24082656955355963,0.6747982015541739,7.514154546550767
4,1897.0,0.24087950228860258,0.674593754888556,7.5151659135093825
4,1898.0,0.2409317851560147,0.674388963394309,7.516164863678105
4,1899.0,0.24098341815579596,0.6741838270714328,7.517151397056942
4,1900.0,0.2410344012879464,0.6739783459199276,7.518125513645887
4,1901.0,0.24108473634176997,0.6737725043846728,7.519087247632539
4,1902.0,0.24113440402727618,0.6735664388070611,7.520036230449904
4,1903.0,0.2411834022933259,0.6733601640713294,7.520972422907592
4,1904.0,0.24123173113991914,0.6731536801774776,7.521895825005607
4,1905.0,0.2412793905670559,0.6729469871255059,7.522806436743949
4,1906.0,0.2413263805747362,0.6727400849154141,7.523704258122615
4,1907.0,0.24137270319731252,0.6725329549684825,7.524589328011259
4,1908.0,0.24141834832488515,0.6723256797878532,7.525461453243616
4,1909.0,0.2414633078471126,0.6721183291332243,7.5263204788582785
4,1910.0,0.24150758176399484,0.6719109030045959,7.527166404855239
4,1911.0,0.24155117007553195,0.6717034014019677,7.527999231234505
4,1912.0,0.24159407278172385,0.67149582432534,7.52881895799607
4,1913.0,0.2416362898825706,0.6712881717747128,7.529625585139941
4,1914.0,0.24167782174036734,0.67108043456962,7.530419119588357
4,1915.0,0.2417186555086366,0.67087274943129,7.531199315888242
4,1916.0,0.2417587908659299,0.6706651199228892,7.53196616789779
4,1917.0,0.24179822781224725,0.6704575460444174,7.532719675617003
4,1918.0,0.24183696634758864,0.6702500277958747,7.533459839045884
4,1919.0,0.24187500647195403,0.670042565177261,7.534186658184431
4,1920.0,0.24191234930168998,0.6698351390192431,7.534900154362275
4,1921.0,0.24194898762796269,0.6696278473463544,7.535600189842798
4,1922.0,0.24198491811054873,0.669420739264297,7.536286700805535
4,1923.0,0.2420201407494481,0.6692138147730711,7.536959687250484
4,1924.0,0.24205465554466082,0.6690070738726763,7.537619149177648
4,1925.0,0.24208846249618687,0.668800516563113,7.538265086587025
4,1926.0,0.2421215617965343,0.6685941379751641,7.5388975031568
4,1927.0,0.2421539522802262,0.6683879515924794,7.539516376618617
4,1928.0,0.24218562883207864,0.6681820730897426,7.540121609238478
4,1929.0,0.24221659145209157,0.6679765024669538,7.540713201016378
4,1930.0,0.24224684014026504,0.6677712397241129,7.541291151952319
4,1931.0,0.24227637489659898,0.6675662848612199,7.5418554620463025
4,1932.0,0.24230519572109346,0.667361637878275,7.542406131298329
4,1933.0,0.24233330261846325,0.6671572814391551,7.5429431597984795
4,1934.0,0.24236069329810592,0.6669533215577316,7.543466503781026
4,1935.0,0.2423873672537767,0.6667497896815479,7.543976153573336
4,1936.0,0.2424133244854755,0.666546685810604,7.544472109175404
4,1937.0,0.24243856499320238,0.6663440099449,7.544954370587229
4,1938.0,0.24246308877695733,0.6661417620844357,7.545422937808813
4,1939.0,0.24248689566595924,0.6659399319175547,7.545877807577105
4,1940.0,0.24250998541631225,0.6657385582870339,7.546318975232068
4,1941.0,0.24253235887891136,0.6655377281700676,7.546746457031453
4,1942.0,0.24255401605375657,0.6653374415666559,7.547160252975258
4,1943.0,0.24257495694084788,0.6651376984767987,7.5475603630634875
4,1944.0,0.2425951815401853,0.6649384989004961,7.547946787296138
4,1945.0,0.24261468985176882,0.664739842837748,7.548319525673212
4,1946.0,0.24263348090986445,0.6645417167716491,7.548678559742768
4,1947.0,0.2426515585376256,0.6643442274649501,7.549023962552446
4,1948.0,0.24266892345661195,0.6641473921505645,7.549355747888828
4,1949.0,0.24268557566682347,0.6639512108284924,7.549673915751912
4,1950.0,0.2427015151682602,0.6637556834987336,7.5499784661417
4,1951.0,0.2427167419609221,0.6635608101612882,7.550269399058193
4,1952.0,0.24273125499157655,0.6633665778946269,7.550546694377646
4,1953.0,0.24274505752411715,0.6631730425645103,7.550810414462116
4,1954.0,0.24275815396747136,0.6629802663051148,7.551060643551413
4,1955.0,0.24277054432163922,0.6627882491164406,7.551297381645538
4,1956.0,0.2427822285866207,0.6625969909984877,7.551520628744493
4,1957.0,0.24279320676241586,0.662406491951256,7.5517303848482715
4,1958.0,0.24280347884902462,0.6622167519747456,7.5519266499568785
4,1959.0,0.24281304335270787,0.6620277627581129,7.552109395529971
4,1960.0,0.24282191058855832,0.6618396253610314,7.552278818654361
4,1961.0,0.24283008127818118,0.6616523463844625,7.552434933117498
4,1962.0,0.24283755542157637,0.6614659258284062,7.552577738919384
4,1963.0,0.24284433301874395,0.6612803636928628,7.55270723606002
4,1964.0,0.24285041406968386,0.6610956599778322,7.552823424539405
4,1965.0,0.24285579646886898,0.6609118016119003,7.552926264127978
4,1966.0,0.2428604886983837,0.660728853403657,7.553015916889914
4,1967.0,0.24286449671723834,0.6605468569516667,7.553092496681907
4,1968.0,0.24286782052543293,0.6603658122559296,7.5531560035039504
4,1969.0,0.24287046012296742,0.6601857193164457,7.55320643735605
4,1970.0,0.24287241550984184,0.6600065781332148,7.5532437982382055
4,1971.0,0.24287368657482503,0.6598283881261829,7.553268084025162
4,1972.0,0.24287427231978112,0.6596511486124644,7.553279275645892
4,1973.0,0.2428741888395976,0.659474947933965,7.553277680619691
4,1974.0,0.24287343613427448,0.6592997860906845,7.5532632989465585
4,1975.0,0.24287201420381174,0.659125663082623,7.553236130626494
4,1976.0,0.24286992304820937,0.6589525789097804,7.553196175659499
4,1977.0,0.24286716266746738,0.6587805335721569,7.553143434045575
4,1978.0,0.2428637300500435,0.6586095157727014,7.553077848244251
4,1979.0,0.24285963974646424,0.6584395919370615,7.552999696267267
4,1980.0,0.2428548977003323,0.6582707875583111,7.552909091676929
4,1981.0,0.24284950391164767,0.6581031026364504,7.552806034473234
4,1982.0,0.24284345838041033,0.6579365371714794,7.552690524656187
4,1983.0,0.2428367611066203,0.657771091163398,7.5525625622257815
4,1984.0,0.2428294106957466,0.6576067599488439,7.552422120537214
4,1985.0,0.24282141103091506,0.6574435609092835,7.552269273783991
4,1986.0,0.24281277944174198,0.6572815553318057,7.552104353076929
4,1987.0,0.2428035159282274,0.6571207432164103,7.55192735841603
4,1988.0,0.24279362049037134,0.6569611245630977,7.551738289801298
4,1989.0,0.24278309312817373,0.6568026993718679,7.551537147232727
4,1990.0,0.2427719338416346,0.6566454676427205,7.551323930710318
4,1991.0,0.2427601391234498,0.6564894211338362,7.551098573221259
4,1992.0,0.24274772965277613,0.6563346216987861,7.550861469874851
4,1993.0,0.24273471024325988,0.6561810829955079,7.550612712643722
4,1994.0,0.24272108089490096,0.6560288050240017,7.55035230152787
4,1995.0,0.2427068416076994,0.6558777877842675,7.550080236527294
4,1996.0,0.24269199238165523,0.6557280312763054,7.549796517641999
4,1997.0,0.24267653036137732,0.655579529179373,7.5495010903150375
4,1998.0,0.24266046556285908,0.6554323083110715,7.549194145918436
4,1999.0,0.2426438149604625,0.6552864089658391,7.548876008775302
4,2000.0,0.24262657855418765,0.6551418311436762,7.548546678885631
4,2001.0,0.24260875634403445,0.6549985748445826,7.5482061562494245
4,2002.0,0.24259034833000293,0.6548566400685583,7.5478544408666846
4,2003.0,0.2425713545120931,0.6547160268156034,7.547491532737409
4,2004.0,0.2425517707543433,0.6545767289048454,7.547117352837245
4,2005.0,0.2425316229165938,0.6544387982788389,7.546732395260977
4,2006.0,0.2425109155278462,0.654302243549776,7.546336746542628
4,2007.0,0.24248964858810054,0.6541670647176566,7.545930406682196
4,2008.0,0.2424678220973568,0.6540332617824807,7.545513375679682
4,2009.0,0.24244543605561494,0.6539008347442484,7.545085653535088
4,2010.0,0.2424224878452592,0.653769779741967,7.5446471902345555
4,2011.0,0.24239898518796998,0.6536401117578713,7.54419813331349
4,2012.0,0.24237495132991693,0.6535118675601624,7.543738926928194
4,2013.0,0.24235038627110006,0.6533850471488405,7.543269571078669
4,2014.0,0.2423252900115194,0.6532596505239056,7.542790065764914
4,2015.0,0.24229966255117488,0.6531356776853575,7.542300410986928
4,2016.0,0.24227350389006655,0.6530131286331964,7.541800606744713
4,2017.0,0.24224680866872897,0.6528919975859122,7.541290550636865
4,2018.0,0.24221959965561252,0.6527723154328373,7.540770677692076
4,2019.0,0.24219188983485435,0.6526540982939356,7.5402412359936415
4,2020.0,0.24216367920645449,0.652537346169207,7.539702225541561
4,2021.0,0.24213496777041293,0.6524220590586515,7.5391536463358335
4,2022.0,0.24210575552672967,0.6523082369622691,7.538595498376463
4,2023.0,0.24207604247540473,0.6521958798800599,7.538027781663445
4,2024.0,0.24204582267675243,0.6520849835909531,7.5374503827093156
4,2025.0,0.24201512721129276,0.6519755798414294,7.536863895358529
4,2026.0,0.24198396329856028,0.6518676754240675,7.536268457552167
4,2027.0,0.24195233093855495,0.6517612703388673,7.535664069290227
4,2028.0,0.24192023013127678,0.651656364585829,7.535050730572709
4,2029.0,0.24188766087672575,0.6515529581649524,7.53442844139961
4,2030.0,0.24185462317490192,0.6514510510762375,7.533797201770938
4,2031.0,0.24182111088349093,0.6513506407141281,7.5331568943276705
4,2032.0,0.24178715891340868,0.6512517531341753,7.532508186100271
4,2033.0,0.2417527726863208,0.6511543920075261,7.531851180678582
4,2034.0,0.24171795220222733,0.6510585573341807,7.531185878062601
4,2035.0,0.24168269746112822,0.650964249114139,7.530512278252329
4,2036.0,0.2416470084630235,0.650871467347401,7.529830381247765
4,2037.0,0.24161088520791316,0.6507802120339665,7.529140187048909
4,2038.0,0.24157432083809097,0.6506904815278953,7.5284415646280065
4,2039.0,0.24153735097531653,0.6506022939887892,7.5277351945973585
4,2040.0,0.241499982678002,0.6505156525450607,7.527021211819539
4,2041.0,0.2414622159461473,0.65043055719671,7.526299616294545
4,2042.0,0.2414240507797525,0.6503470079437368,7.525570408022379
4,2043.0,0.24138548717881755,0.6502650047861412,7.524833587003037
4,2044.0,0.24134652514334248,0.6501845477239234,7.524089153236524
4,2045.0,0.24130715727845103,0.6501056360056896,7.523336965431566
4,2046.0,0.2412674150877084,0.6500282792983505,7.522577625515588
4,2047.0,0.24122731163223013,0.6499524806351034,7.5218113830426825
4,2048.0,0.2411868469120162,0.6498782400159482,7.521038238012848
4,2049.0,0.24114602092706658,0.6498055574408852,7.520258190426088
4,2050.0,0.24110483367738134,0.6497344329099141,7.5194712402823995
4,2051.0,0.2410632851629604,0.649664866423035,7.518677387581786
4,2052.0,0.24102136934946972,0.6495968582439671,7.517876517028364
4,2053.0,0.24097910616612928,0.6495304114118087,7.517069009402663
4,2054.0,0.2409365198811224,0.6494655267894137,7.516255328388237
4,2055.0,0.24089361049444913,0.6494022043767822,7.515435473985085
4,2056.0,0.2408503780061094,0.6493404441739141,7.514609446193209
4,2057.0,0.2408068224161032,0.6492802461808094,7.5137772450126095
4,2058.0,0.2407629437244306,0.6492216103974682,7.512938870443283
4,2059.0,0.2407187409301783,0.6491645370248218,7.512094303361137
4,2060.0,0.24067421255231564,0.6491090285750964,7.511243515468647
4,2061.0,0.24062939982208736,0.6490550788064365,7.51038729455655
4,2062.0,0.24058430273949355,0.649002687718842,7.509525640624854
4,2063.0,0.24053892130453414,0.6489518553123129,7.508658553673551
4,2064.0,0.24049325551720915,0.6489025815868492,7.507786033702647
4,2065.0,0.2404473053775186,0.648854866542451,7.506908080712138
4,2066.0,0.24040107088546248,0.6488087101791182,7.5060246947020275
4,2067.0,0.24035454451095473,0.648764116433555,7.505135731797632
4,2068.0,0.24030776473054638,0.6487210733250791,7.504241927156746
4,2069.0,0.24026073958080663,0.6486795779199633,7.503343434331237
4,2070.0,0.24021346906173546,0.6486396302182077,7.502440253321106
4,2071.0,0.24016595317333286,0.6486012302198122,7.50153238412635
4,2072.0,0.24011819191559886,0.648564377924777,7.500619826746975
4,2073.0,0.2400701852885334,0.6485290733331017,7.499702581182975
4,2074.0,0.24002192646755235,0.6484953206165058,7.498780517039448
4,2075.0,0.23997344043329846,0.6484631085597579,7.497854111612656
4,2076.0,0.23992474800736774,0.6484324260977592,7.496923762733441
4,2077.0,0.23987584918976018,0.64840327323051,7.495989470401796
4,2078.0,0.23982674398047577,0.64837564995801,7.4950512346177245
4,2079.0,0.23977743237951454,0.6483495562802595,7.494109055381225
4,2080.0,0.2397279143868765,0.6483249921972584,7.493162932692299
4,2081.0,0.23967818763941537,0.6483019594729269,7.492212821399151
4,2082.0,0.239628256115997,0.6482804573741398,7.491258797524557
4,2083.0,0.23957815697568796,0.6482604599706983,7.490301571053595
4,2084.0,0.2395278902184883,0.6482419672626023,7.489341141986267
4,2085.0,0.239477455844398,0.6482249792498518,7.488377510322572
4,2086.0,0.23942685385341705,0.6482094959324469,7.487410676062511
4,2087.0,0.2393760842455455,0.6481955173103875,7.486440639206085
4,2088.0,0.23932514702078325,0.6481830433836737,7.4854673997532934
4,2089.0,0.23927403526983557,0.6481720815817769,7.484490825690691
4,2090.0,0.23922278855791232,0.6481625982817583,7.48351167297669
4,2091.0,0.23917141261594357,0.6481545883427491,7.4825300511101345
4,2092.0,0.23911990744392933,0.6481480517647495,7.481545960091021
4,2093.0,0.2390682730418696,0.6481429885477595,7.480559399919347
4,2094.0,0.23901650940976435,0.6481393986917791,7.479570370595119
4,2095.0,0.23896461654761358,0.6481372821968082,7.478578872118333
4,2096.0,0.23891258750817743,0.6481366469960934,7.4775847717505455
4,2097.0,0.23886044982999574,0.6481374659378643,7.4765885956608535
4,2098.0,0.23880822074823294,0.6481397208398718,7.475590673155417
4,2099.0,0.238755900262889,0.6481434117021161,7.474591004234236
4,2100.0,0.23870348837396396,0.6481485385245972,7.473589588897312
4,2101.0,0.23865098508145782,0.648155101307315,7.472586427144645
4,2102.0,0.23859839038537056,0.6481631000502697,7.471581518976233
4,2103.0,0.23854570090068733,0.6481725390550224,7.470574799715803
4,2104.0,0.23849292527855753,0.6481834097070307,7.469566434657789
4,2105.0,0.23844009535917549,0.648195673230358,7.468557032161471
4,2106.0,0.2383872111425411,0.6482093296250041,7.467546592226849
4,2107.0,0.23833427262865445,0.6482243788909693,7.466535114853921
4,2108.0,0.2382812798175155,0.6482408210282534,7.46552260004269
4,2109.0,0.23822823270912424,0.6482586560368564,7.464509047793151
4,2110.0,0.23817513130348072,0.6482778839167784,7.463494458105312
4,2111.0,0.23812196973045405,0.6482985143575984,7.462478718820659
4,2112.0,0.23806878657282932,0.6483204942917149,7.461462567126763
4,2113.0,0.23801558535698347,0.6483438187056161,7.460446070400854
4,2114.0,0.23796236608291652,0.648368487599302,7.459429228642931
4,2115.0,0.23790912875062845,0.6483945009727726,7.458412041852996
4,2116.0,0.23785587336011926,0.6484218588260281,7.457394510031044
4,2117.0,0.23780259991138897,0.6484505611590682,7.456376633177078
4,2118.0,0.23774930180338863,0.6484806191345079,7.455358285167205
4,2119.0,0.23769600741650465,0.6485119896194346,7.454340008255378
4,2120.0,0.2376427302083487,0.6485446512804746,7.453322059571404
4,2121.0,0.23758947017892068,0.6485786041176279,7.452304439115279
4,2122.0,0.23753622732822066,0.6486138481308947,7.451287146887007
4,2123.0,0.23748300165624864,0.6486503833202749,7.450270182886584
4,2124.0,0.23742979316300458,0.6486882096857685,7.449253547114013
4,2125.0,0.23737659787092333,0.648727334477987,7.448237163571368
4,2126.0,0.23732342785699787,0.6487677383738539,7.447221263009464
4,2127.0,0.237270309133943,0.6488093756234352,7.446206342443999
4,2128.0,0.23721724170175876,0.648852246226731,7.44519240187497
4,2129.0,0.23716422556044514,0.6488963501837414,7.444179441302381
4,2130.0,0.23711126071000216,0.6489416874944661,7.443167460726232
4,2131.0,0.23705834715042978,0.6489882581589055,7.442156460146517
4,2132.0,0.237005484881728,0.6490360621770593,7.441146439563246
4,2133.0,0.23695266933868195,0.6490851101739863,7.440137311750471
4,2134.0,0.23689993631344872,0.6491353328548708,7.439129760576223
4,2135.0,0.23684728745535807,0.6491867269429153,7.438123817553659
4,2136.0,0.23679472276441008,0.6492392924381197,7.4371194826827836
4,2137.0,0.23674224224060472,0.6492930293404842,7.436116755963589
4,2138.0,0.23668984588394196,0.6493479376500084,7.435115637396081
4,2139.0,0.23663753369442184,0.6494040173666927,7.434116126980258
4,2140.0,0.23658529980872692,0.649461282065029,7.433118112687799
4,2141.0,0.23653317176104904,0.6495196739150215,7.43212212060472
4,2142.0,0.23648115942104783,0.6495791714956661,7.431128339307103
4,2143.0,0.23642926278872337,0.6496397748069629,7.430136768794947
4,2144.0,0.23637748186407556,0.6497014838489118,7.4291474090682525
4,2145.0,0.23632581664710448,0.6497642986215129,7.42816026012702
4,2146.0,0.23627426713781005,0.649828219124766,7.427175321971248
4,2147.0,0.23622282921206264,0.6498932554954505,7.426192515802658
4,2148.0,0.23617151688476587,0.649959376538626,7.425212109399031
4,2149.0,0.2361203503807625,0.6500265342985122,7.424234489189253
4,2150.0,0.23606932970005254,0.6500947287751092,7.423259655173324
4,2151.0,0.23601845484263598,0.6501639599684168,7.422287607351244
4,2152.0,0.2359677258085128,0.6502342278784352,7.421318345723008
4,2153.0,0.23591714259768304,0.6503055325051644,7.4203518702886235
4,2154.0,0.23586670521014666,0.6503778738486043,7.4193881810480855
4,2155.0,0.2358164104933885,0.6504512621764211,7.418427217767408
4,2156.0,0.2357662899850396,0.6505256158597769,7.417469583024903
4,2157.0,0.23571634391165341,0.6506009342981889,7.416515281149243
4,2158.0,0.23566657227322999,0.6506772174916571,7.41556431214043
4,2159.0,0.23561697506976928,0.6507544654401815,7.414616675998463
4,2160.0,0.23556755230127133,0.650832678143762,7.413672372723343
4,2161.0,0.23551830396773613,0.6509118556023988,7.412731402315072
4,2162.0,0.23546922523006922,0.6509920128168102,7.411793672314789
4,2163.0,0.23542034124474467,0.6510730795875215,7.410859663378305
4,2164.0,0.23537165873267127,0.6511550365899017,7.409929503919636
4,2165.0,0.23532317769384903,0.6512378838239509,7.4090031939387835
4,2166.0,0.23527489812827795,0.6513216212896691,7.408080733435746
4,2167.0,0.23522682003595807,0.6514062489870562,7.407162122410527
4,2168.0,0.2351789434168893,0.6514917669161123,7.406247360863121
4,2169.0,0.23513126441091467,0.6515781876679616,7.405336375038882
4,2170.0,0.23508379742477997,0.6516654684498374,7.4044294402023825
4,2171.0,0.2350365573164124,0.6517535627597151,7.40352684023876
4,2172.0,0.23498954408581194,0.6518424705975943,7.402628575148007
4,2173.0,0.23494275773297857,0.6519321919634753,7.401734644930132
4,2174.0,0.23489619825791233,0.6520227268573581,7.40084504958513
4,2175.0,0.23484986566061322,0.6521140752792425,7.3999597891130025
4,2176.0,0.23480375924665578,0.6522062396667277,7.39907885024561
4,2177.0,0.2347578793178512,0.652299221457667,7.3982022387495485
4,2178.0,0.2347122499856633,0.6523929382689273,7.397330415313996
4,2179.0,0.23466687125009214,0.6524873901005089,7.396463379938947
4,2180.0,0.23462174311113762,0.6525825769524118,7.3956011326244
4,2181.0,0.23457686556879984,0.6526784988246359,7.394743673370359
4,2182.0,0.23453223862307873,0.6527751557171813,7.393891002176823
4,2183.0,0.2344878622739743,0.6528725476300479,7.393043119043791
4,2184.0,0.23444373287662165,0.652970689942519,7.392199954330125
4,2185.0,0.23439987191344458,0.6530695031781186,7.391361918492865
4,2186.0,0.23435628353614682,0.6531689714928766,7.390529090857134
4,2187.0,0.23431296774472843,0.6532690948867927,7.389701471422936
4,2188.0,0.23426992453918938,0.6533698733598671,7.38887906019027
4,2189.0,0.2342271539195297,0.6534713069120995,7.388061857159137
4,2190.0,0.23418465588574935,0.6535733955434903,7.387249862329536
4,2191.0,0.23414242718321676,0.6536761536058264,7.386443013516379
4,2192.0,0.23410048113826673,0.6537795281632782,7.385641565341206
4,2193.0,0.23405882790242855,0.6538834767895724,7.384845711765684
4,2194.0,0.2340174674757022,0.6539879994847089,7.38405545278981
4,2195.0,0.23397639985808774,0.6540930962486877,7.383270788413589
4,2196.0,0.2339356250495851,0.654198767081509,7.382491718637012
4,2197.0,0.2338951430501943,0.6543050119831726,7.381718243460087
4,2198.0,0.2338549527359977,0.654411836320241,7.380950341408516
4,2199.0,0.23381505689395285,0.6545192302813463,7.380188065731707
4,2200.0,0.2337754722887953,0.654627116589553,7.379431736747503
4,2201.0,0.23373619892052502,0.6547354952448609,7.378681354455906
4,2202.0,0.23369723678914206,0.65484436624727,7.377936918856916
4,2203.0,0.2336585858946464,0.6549537295967804,7.37719842995053
4,2204.0,0.233620246237038,0.6550635852933921,7.376465887736751
4,2205.0,0.2335822178163169,0.6551739333371052,7.37573929221558
4,2206.0,0.23354449823534862,0.6552847884685612,7.375018597585818
4,2207.0,0.23350710428232346,0.6553960655359045,7.374304124613451
4,2208.0,0.2334700381756728,0.6555077528679515,7.373595915685261
4,2209.0,0.2334332999153966,0.6556198504647024,7.372893970801245
4,2210.0,0.2333968895014949,0.6557323583261571,7.372198289961407
4,2211.0,0.23336080693396763,0.6558452764523156,7.371508873165743
4,2212.0,0.23332505221281488,0.6559586048431779,7.370825720414257
4,2213.0,0.23328962294270522,0.6560723587569397,7.370148785940198
4,2214.0,0.23325453005951685,0.6561864774921008,7.369478278691508
4,2215.0,0.23321977979728972,0.6563009243923903,7.3688143177797745
4,2216.0,0.23318537215602383,0.6564156994578083,7.368156903204995
4,2217.0,0.2331513071357192,0.6565308026883547,7.36750603496717
4,2218.0,0.23311758473637578,0.6566462340840294,7.3668617130663
4,2219.0,0.23308420495799362,0.6567619936448327,7.366223937502385
4,2220.0,0.23305116668914094,0.656878089195427,7.365592687039694
4,2221.0,0.2330184735895436,0.6569945004211354,7.364968031603306
4,2222.0,0.23298613603987078,0.6571111580310839,7.3643501695329805
4,2223.0,0.23295415404012243,0.6572280620252725,7.363739100828716
4,2224.0,0.23292252759029858,0.6573452124037013,7.363134825490513
4,2225.0,0.2328912566903992,0.65746260916637,7.362537343518369
4,2226.0,0.23286034134042433,0.6575802523132789,7.361946654912289
4,2227.0,0.23282978154037393,0.6576981418444279,7.361362759672268
4,2228.0,0.2327995760848753,0.6578162909546975,7.360785634767681
4,2229.0,0.2327697363405819,0.6579346126965158,7.360215497377136
4,2230.0,0.23274026322443642,0.6580530996882935,7.359652365020328
4,2231.0,0.23271115673643886,0.6581717519300309,7.359096237697262
4,2232.0,0.2326824168765892,0.6582905694217277,7.358547115407934
4,2233.0,0.23265404364488745,0.6584095521633841,7.358004998152347
4,2234.0,0.23262603704133364,0.6585287001550001,7.357469885930498
4,2235.0,0.2325983956874998,0.6586480286394577,7.356941752405256
4,2236.0,0.23257112703763513,0.6587674722011365,7.356420740002313
4,2237.0,0.23254423424365803,0.6588870008447273,7.355906908944251
4,2238.0,0.23251771730556847,0.6590066145702301,7.355400259231069
4,2239.0,0.23249157622336647,0.659126313377645,7.35490079086277
4,2240.0,0.23246581099705205,0.659246097266972,7.354408503839352
4,2241.0,0.23244042162662518,0.659365966238211,7.353923398160817
4,2242.0,0.23241540738069436,0.6594859298469379,7.353445459852726
4,2243.0,0.2323907713129499,0.6596059591194318,7.352974747260854
4,2244.0,0.23236651848378953,0.6597259945829695,7.352511357072422
4,2245.0,0.2323426488932132,0.6598460362375514,7.352055289287432
4,2246.0,0.23231916254122098,0.6599660840831771,7.351606543905882
4,2247.0,0.2322960594278128,0.6600861381198468,7.351165120927773
4,2248.0,0.23227333955298873,0.6602061983475606,7.350731020353104
4,2249.0,0.2322510029167487,0.6603262647663182,7.350304242181875
4,2250.0,0.23222904935111774,0.6604463482969174,7.349884783204649
4,2251.0,0.23220748437081948,0.6605663641406535,7.349472748789287
4,2252.0,0.23218630817724092,0.6606863088635865,7.349068142783625
4,2253.0,0.23216552077038208,0.6608061824657163,7.348670965187658
4,2254.0,0.2321451221502429,0.6609259849470431,7.3482812160013875
4,2255.0,0.23212511231682345,0.6610457163075668,7.347898895224814
4,2256.0,0.2321054912701237,0.6611653765472874,7.347524002857934
4,2257.0,0.2320862587084061,0.6612849799898276,7.347156533135563
4,2258.0,0.23206741776867712,0.6614044599917079,7.346796545995362
4,2259.0,0.2320489693446651,0.661523793432221,7.346444058513483
4,2260.0,0.23203091343637,0.661642980311367,7.346099070689925
4,2261.0,0.23201325004379184,0.661762020629146,7.3457615825246885
4,2262.0,0.2319959791669306,0.6618809143855579,7.345431594017773
4,2263.0,0.23197910080578632,0.6619996615806026,7.34510910516918
4,2264.0,0.23196261488716127,0.6621182726174887,7.3447941145803455
4,2265.0,0.2319465225820381,0.6622367125435165,7.344486644624821
4,2266.0,0.23193082472278997,0.6623549326210493,7.344186711206461
4,2267.0,0.23191552130941687,0.662472932850087,7.343894314325269
4,2268.0,0.2319006123419188,0.6625907132306299,7.343609453981241
4,2269.0,0.23188609782029573,0.6627082737626777,7.343332130174382
4,2270.0,0.2318719777445477,0.6628256144462307,7.343062342904687
4,2271.0,0.2318582521146747,0.6629427352812886,7.342800092172158
4,2272.0,0.23184492156102984,0.6630596444239012,7.342545390020729
4,2273.0,0.23183198561193613,0.6631762630296894,7.342298227438236
4,2274.0,0.23181944426518225,0.6632925909247476,7.342058604382425
4,2275.0,0.23180729752076823,0.6634086281090761,7.3418265208532985
4,2276.0,0.23179554537869407,0.6635243745826748,7.341601976850857
4,2277.0,0.23178418783895977,0.6636398303455436,7.341384972375099
4,2278.0,0.23177322490156532,0.6637549953976828,7.341175507426025
4,2279.0,0.23176265730620257,0.6638698823354848,7.340973596136665
4,2280.0,0.23175248331828072,0.663984426972258,7.340779205364809
4,2281.0,0.2317427023454608,0.6640986127210751,7.340592323792844
4,2282.0,0.23173331438774275,0.6642124395819359,7.340412951420773
4,2283.0,0.23172431944512661,0.6643259075548404,7.340241088248594
4,2284.0,0.23171571751761239,0.6644390166397889,7.340076734276308
4,2285.0,0.23170750860520006,0.6645517668367812,7.339919889503914
4,2286.0,0.23169969347326766,0.6646641684527939,7.339770568555217
4,2287.0,0.2316922703864574,0.6647761838090666,7.339628738273357
4,2288.0,0.23168523701866375,0.6648877750332358,7.339494354214261
4,2289.0,0.23167859336988667,0.6649989421253016,7.339367416377922
4,2290.0,0.2316723394401262,0.665109685085264,7.3392479247643445
4,2291.0,0.23166647522938227,0.6652200039131229,7.339135879373531
4,2292.0,0.23166100073765497,0.6653298986088783,7.33903128020548
4,2293.0,0.23165591617803627,0.6654393713352509,7.338934131331664
4,2294.0,0.23165122203246408,0.6655484207903901,7.338844441960298
4,2295.0,0.2316469126407325,0.6656569840376275,7.338762103943841
4,2296.0,0.23164298800284158,0.6657650610769633,7.338687117282295
4,2297.0,0.23163944811879128,0.6658726519083973,7.338619481975657
4,2298.0,0.2316362929885816,0.6659797565319295,7.338559198023929
4,2299.0,0.23163352261221257,0.6660863749475601,7.338506265427109
4,2300.0,0.23163113698968416,0.6661925071552889,7.338460684185199
4,2301.0,0.23162913777810884,0.6662981633831102,7.3384224859600575
4,2302.0,0.23162751811779242,0.6664032855454022,7.3383915396859445
4,2303.0,0.231626276621754,0.6665078628140075,7.338367818862308
4,2304.0,0.2316254132899936,0.6666118951889259,7.338351323489151
4,2305.0,0.2316249281225112,0.6667153826701576,7.338342053566471
4,2306.0,0.23162482111930685,0.6668183252577026,7.338340009094269
4,2307.0,0.2316250922803805,0.6669207229515607,7.338345190072545
4,2308.0,0.2316257433076164,0.6670225851543116,7.338357629018597
4,2309.0,0.23162676881840502,0.6671238749589781,7.3383772230888145
4,2310.0,0.23162816430661284,0.6672245646565026,7.338403886186111
4,2311.0,0.23162992977223987,0.6673246542468851,7.338437618310481
4,2312.0,0.23163206521528604,0.6674241437301257,7.338478419461927
4,2313.0,0.2316345706357514,0.6675230331062243,7.338526289640447
4,2314.0,0.23163744603363598,0.667621322375181,7.338581228846043
4,2315.0,0.23164069200349413,0.6677190143054943,7.338643248438657
4,2316.0,0.23164430829435206,0.6678161043538445,7.338712343623014
4,2317.0,0.2316482847673587,0.6679125425169372,7.338788320679698
4,2318.0,0.23165262142251397,0.6680083287947721,7.338871179608702
4,2319.0,0.23165731825981795,0.6681034631873495,7.338960920410029
4,2320.0,0.2316623752792706,0.6681979456946692,7.339057543083681
4,2321.0,0.23166779248087194,0.6682917763167312,7.339161047629656
4,2322.0,0.23167356986462198,0.6683849550535356,7.339271434047951
4,2323.0,0.23167971015466543,0.6684774910731456,7.339388754387836
4,2324.0,0.23168620233100556,0.6685693390544716,7.339512798094146
4,2325.0,0.2316930432626633,0.6686604868815528,7.339643505344379
4,2326.0,0.23170023294963862,0.6687509345543892,7.339780876138534
4,2327.0,0.23170777139193155,0.6688406820729806,7.33992491047661
4,2328.0,0.23171565858954205,0.6689297294373274,7.3400756083586085
4,2329.0,0.23172389454247014,0.6690180766474294,7.340232969784528
4,2330.0,0.23173248057821963,0.6691057277124204,7.3403970201185125
4,2331.0,0.23174141445229973,0.6691926729071311,7.340567716475873
4,2332.0,0.23175068398831417,0.6692788733468134,7.340744826206536
4,2333.0,0.23176028918626296,0.6693643290314669,7.3409283493104995
4,2334.0,0.23177023004614614,0.6694490399610918,7.341118285787764
4,2335.0,0.23178050656796367,0.6695330061356881,7.34131463563833
4,2336.0,0.23179111875171554,0.6696162275552558,7.341517398862198
4,2337.0,0.2318020665974018,0.6696987042197949,7.341726575459366
4,2338.0,0.23181335353505375,0.6697804440603444,7.341942230966225
4,2339.0,0.23182496800686547,0.6698614154212815,7.342164144551884
4,2340.0,0.23183690334357682,0.6699416013347305,7.34239218878916
4,2341.0,0.23184915954518787,0.6700210018006912,7.342626363678053
4,2342.0,0.23186173661169854,0.670099616819164,7.342866669218564
4,2343.0,0.2318746345431089,0.6701774463901486,7.343113105410692
4,2344.0,0.2318878533394189,0.6702544905136452,7.3433656722544365
4,2345.0,0.23190139300062854,0.6703307491896535,7.343624369749798
4,2346.0,0.2319152577706697,0.6704062297857702,7.343889278984077
4,2347.0,0.23192943065229332,0.6704808960751092,7.3441600751968705
4,2348.0,0.23194390786146551,0.670554740444849,7.344436686087992
4,2349.0,0.23195868939818629,0.6706277628949896,7.3447191116574375
4,2350.0,0.2319737752624556,0.670699963425531,7.345007351905212
4,2351.0,0.23198916545427353,0.6707713420364733,7.3453014068313145
4,2352.0,0.23200485997364,0.6708418987278164,7.345601276435741
4,2353.0,0.23202085882055506,0.6709116334995604,7.345906960718495
4,2354.0,0.23203716684968148,0.6709805527858823,7.346218552435894
4,2355.0,0.23205376451013177,0.6710486239471803,7.346535678036073
4,2356.0,0.23207064819719303,0.671115841319313,7.34685826864507
4,2357.0,0.2320878179108653,0.6711822049022804,7.347186324262882
4,2358.0,0.23210527365114858,0.6712477146960824,7.3475198448895105
4,2359.0,0.23212301541804287,0.671312370700719,7.347858830524954
4,2360.0,0.23214104321154816,0.6713761729161903,7.348203281169214
4,2361.0,0.23215935703166443,0.6714391213424964,7.348553196822288
4,2362.0,0.23217796226278842,0.6715012215808898,7.348908680361934
4,2363.0,0.2321968405983939,0.6715624497683881,7.349269382011859
4,2364.0,0.23221598489841372,0.6716227973426409,7.349635165349336
4,2365.0,0.23223539516284789,0.6716822643036482,7.350006030374369
4,2366.0,0.23225507139169635,0.6717408506514101,7.350381977086952
4,2367.0,0.23227501358495917,0.6717985563859264,7.350763005487089
4,2368.0,0.23229522174263634,0.6718553815071973,7.35114911557478
4,2369.0,0.2323156958647278,0.6719113260152226,7.351540307350024
4,2370.0,0.23233643968286566,0.6719663928497541,7.351936652111788
4,2371.0,0.23235744524101412,0.6720205730947321,7.352337997846925
4,2372.0,0.23237869499220823,0.672073851430834,7.35274400929181
4,2373.0,0.23240018893644798,0.6721262278580596,7.353154686446442
4,2374.0,0.23242192707373338,0.6721777023764093,7.353570029310823
4,2375.0,0.23244390940406442,0.6722282749858827,7.3539900378849525
4,2376.0,0.2324661359274411,0.67227794568648,7.35441471216883
4,2377.0,0.2324886066438634,0.6723267144782012,7.354844052162456
4,2378.0,0.23251132155333135,0.6723745813610463,7.355278057865829
4,2379.0,0.23253428748755942,0.6724215488942329,7.355716859810092
4,2380.0,0.23255747931838663,0.6724676019224947,7.3561599778804005
4,2381.0,0.23258089198740256,0.6725127377523811,7.356607315427506
4,2382.0,0.23260452549460728,0.6725569563838922,7.357058872451407
4,2383.0,0.2326283798400007,0.6726002578170283,7.357514648952107
4,2384.0,0.2326524550235829,0.6726426420517889,7.357974644929602
4,2385.0,0.23267675104535382,0.6726841090881743,7.358438860383896
4,2386.0,0.23270126790531348,0.6727246589261845,7.358907295314983
4,2387.0,0.23272600702949311,0.6727642918813778,7.359379976969542
4,2388.0,0.23275097026560582,0.6728030065193545,7.359856940651164
4,2389.0,0.23277612962141928,0.6728407950727218,7.360337651522219
4,2390.0,0.23280148509693357,0.6728776575414798,7.3608221095827036
4,2391.0,0.23282703669214863,0.6729135939256283,7.361310314832618
4,2392.0,0.2328527844070645,0.6729486042251674,7.361802267271967
4,2393.0,0.23287872824168115,0.6729826884400972,7.362297966900746
4,2394.0,0.2329048681959986,0.6730158465704176,7.362797413718956
4,2395.0,0.23293120427001685,0.6730480786161286,7.363300607726599
4,2396.0,0.23295774122325053,0.6730793842688209,7.363807639862024
4,2397.0,0.23298446874173911,0.6731097616497084,7.3643183130600605
4,2398.0,0.23301136660579677,0.6731392106932131,7.364832240990349
4,2399.0,0.23303843481542347,0.673167731399335,7.365349423652894
4,2400.0,0.2330656733706192,0.6731953237680739,7.365869861047694
4,2401.0,0.233093082271384,0.67322198779943,7.366393553174747
4,2402.0,0.23312066151771788,0.6732477234934031,7.366920500034058
4,2403.0,0.23314841110962078,0.6732725308499935,7.367450701625621
4,2404.0,0.23317633104709276,0.6732964098692009,7.367984157949441
4,2405.0,0.23320442796210072,0.6733193583359611,7.368520995720152
4,2406.0,0.23323268295178928,0.6733413792753395,7.369060853767612
4,2407.0,0.233261081780138,0.6733624762753714,7.3696034600892375
4,2408.0,0.23328962444714685,0.6733826493360566,7.37014881468503
4,2409.0,0.23331831095281588,0.6734018984573955,7.370696917554987
4,2410.0,0.2333471412971451,0.6734202236393877,7.371247768699113
4,2411.0,0.23337611548013446,0.6734376248820335,7.3718013681174
4,2412.0,0.233405233501784,0.6734541021853327,7.372357715809858
4,2413.0,0.23343449536209368,0.6734696555492854,7.37291681177648
4,2414.0,0.2334639087210926,0.6734842803941705,7.373478802374723
4,2415.0,0.23349344765099794,0.673497987906022,7.3740431922116505
4,2416.0,0.23352310342475563,0.6735107823993105,7.374609814542546
4,2417.0,0.23355287604236571,0.6735226638740359,7.375178669367407
4,2418.0,0.23358276550382814,0.6735336323301985,7.375749756686234
4,2419.0,0.23361277180914294,0.6735436877677979,7.376323076499027
4,2420.0,0.23364289495831012,0.6735528301868343,7.376898628805788
4,2421.0,0.23367313495132963,0.6735610595873078,7.377476413606514
4,2422.0,0.23370349178820155,0.6735683759692183,7.378056430901207
4,2423.0,0.23373397324375939,0.6735747725817632,7.378638829240848
4,2424.0,0.23376454813387687,0.6735802706052203,7.3792230128014165
4,2425.0,0.2337952125842712,0.6735848728610823,7.379808907558371
4,2426.0,0.23382596659494242,0.6735885793493491,7.38039651351171
4,2427.0,0.2338568101658905,0.6735913900700208,7.380985830661434
4,2428.0,0.23388774329711545,0.6735933050230972,7.381576859007539
4,2429.0,0.2339187659886173,0.6735943242085787,7.382169598550034
4,2430.0,0.233949878240396,0.6735944476264649,7.3827640492889115
4,2431.0,0.2339810802402947,0.673593675096807,7.383360214813223
4,2432.0,0.23401237837254435,0.673591999050947,7.383958217104206
4,2433.0,0.234043738693893,0.6735894505792395,7.384557407620203
4,2434.0,0.23407516120434058,0.6735860296816846,7.385157786361215
4,2435.0,0.23410664590388716,0.6735817363582821,7.385759353327242
4,2436.0,0.2341381927925327,0.6735765706090323,7.386362108518286
4,2437.0,0.23416980187027722,0.673570532433935,7.3869660519343405
4,2438.0,0.23420147313712072,0.6735636218329903,7.387571183575414
4,2439.0,0.23423320659306318,0.6735558388061982,7.388177503441501
4,2440.0,0.23426500560009364,0.6735471793597866,7.388785075768932
4,2441.0,0.23429686526112778,0.6735376473936451,7.389393806990857
4,2442.0,0.23432875985397075,0.6735272721497328,7.390003205642442
4,2443.0,0.2343606893786225,0.6735160536280497,7.390613271723683
4,2444.0,0.23439265383508306,0.6735039918285959,7.391224005234584
4,2445.0,0.2344246532233524,0.6734910867513713,7.391835406175139
4,2446.0,0.23445668754343058,0.6734773383963758,7.392447474545354
4,2447.0,0.23448875679531753,0.6734627467636096,7.393060210345224
4,2448.0,0.23452086097901328,0.6734473118530726,7.393673613574755
4,2449.0,0.23455300568385867,0.6734310257102243,7.39428779102749
4,2450.0,0.23458517668867823,0.6734139060379803,7.394902470984487
4,2451.0,0.23461735568191608,0.6733959777152253,7.395517303573352
4,2452.0,0.2346495426635722,0.6733772407419594,7.39613228879409
4,2453.0,0.23468173763364664,0.6733576951181824,7.396747426646694
4,2454.0,0.23471394059213935,0.6733373408438945,7.39736271713117
4,2455.0,0.23474615153905035,0.6733161779190957,7.397978160247514
4,2456.0,0.23477837047437963,0.6732942063437858,7.398593755995727
4,2457.0,0.2348105973981272,0.6732714261179651,7.39920950437581
4,2458.0,0.2348428391605175,0.6732478257990446,7.399825536272568
4,2459.0,0.23487507431875018,0.6732234378018747,7.400441441986032
4,2460.0,0.23490729103257715,0.6731982808936877,7.4010569952887915
4,2461.0,0.23493948930199843,0.6731723550744839,7.4016721961808445
4,2462.0,0.23497166912701398,0.6731456603442632,7.402287044662192
4,2463.0,0.23500383050762386,0.6731181967030256,7.402901540732834
4,2464.0,0.235035973443828,0.6730899641507713,7.4035156843927705
4,2465.0,0.23506809793562647,0.6730609626874999,7.404129475642002
4,2466.0,0.23510020398301923,0.6730311923132118,7.404742914480527
4,2467.0,0.23513229874987782,0.6730006391298066,7.405356137785893
4,2468.0,0.23516435573843525,0.6729693498402411,7.405968639274686
4,2469.0,0.23519636855175377,0.672937336088039,7.406580296722889
4,2470.0,0.23522833718983338,0.6729045978732001,7.407191110130495
4,2471.0,0.2352602616526741,0.6728711351957245,7.4078010794975135
4,2472.0,0.23529214194027592,0.6728369480556121,7.408410204823938
4,2473.0,0.23532397805263883,0.672802036452863,7.409018486109771
4,2474.0,0.23535576998976282,0.6727664003874771,7.40962592335501
4,2475.0,0.23538751775164793,0.6727300398594546,7.4102325165596605
4,2476.0,0.23541922792558354,0.672692940035009,7.410838391584715
4,2477.0,0.23545087110921292,0.6726551602701538,7.411442986649795
4,2478.0,0.23548244527304998,0.6726167047640554,7.412046262978229
4,2479.0,0.2355139504170947,0.6725775735167139,7.412648220570016
4,2480.0,0.2355453865413471,0.6725377665281291,7.413248859425159
4,2481.0,0.23557675364580719,0.6724972837983013,7.413848179543657
4,2482.0,0.23560805173047494,0.6724561253272302,7.41444618092551
4,2483.0,0.23563928079535038,0.6724142911149159,7.415042863570716
4,2484.0,0.2356704420951363,0.6723717782275173,7.415638251452438
4,2485.0,0.23570153707894603,0.6723285816207365,7.416232372258366
4,2486.0,0.23573253925999213,0.6722847618030159,7.41682471991487
4,2487.0,0.23576344863827456,0.6722403187743553,7.417415294421946
4,2488.0,0.23579426521379337,0.6721952525347548,7.418004095779595
4,2489.0,0.23582498898654855,0.6721495630842144,7.4185911239878175
4,2490.0,0.23585561995654006,0.672103250422734,7.419176379046613
4,2491.0,0.23588615812376795,0.6720563145503138,7.41975986095598
4,2492.0,0.2359166034882322,0.6720087554669536,7.420341569715922
4,2493.0,0.23594695953733644,0.6719605639770165,7.420921571959016
4,2494.0,0.23597721897609153,0.6719117570446673,7.421499728302501
4,2495.0,0.236007363055236,0.6718623827529043,7.4220756805109005
4,2496.0,0.23603739177476987,0.6718124411017276,7.422649428584213
4,2497.0,0.2360673051346931,0.6717619320911369,7.423220972522437
4,2498.0,0.23609710313500573,0.6717108557211324,7.423790312325576
4,2499.0,0.23612678577570773,0.6716592119917143,7.424357447993629
4,2500.0,0.23615635305679908,0.6716070009028822,7.424922379526595
4,2501.0,0.23618580497827982,0.6715542224546364,7.425485106924472
4,2502.0,0.2362151462775173,0.6715008625376656,7.426045720702461
4,2503.0,0.2362443633462988,0.6714469585278067,7.42660396085327
4,2504.0,0.23627344387686922,0.6713925458249448,7.427159592217
4,2505.0,0.2363023878692285,0.67133762442908,7.427712614793651
4,2506.0,0.23633119532337665,0.6712821943402122,7.42826302858322
4,2507.0,0.23635986623931368,0.6712262555583415,7.4288108335857075
4,2508.0,0.23638840061703958,0.6711698080834678,7.429356029801115
4,2509.0,0.2364167984565544,0.6711128519155912,7.429898617229443
4,2510.0,0.23644505975785804,0.6710553870547116,7.430438595870689
4,2511.0,0.23647318962818686,0.670997396211264,7.430976063307004
4,2512.0,0.23650117044818963,0.6709389345293474,7.431510682891705
4,2513.0,0.23652899506781616,0.6708800251158702,7.432042318011324
4,2514.0,0.23655666348706636,0.6708206679708325,7.432570968665857
4,2515.0,0.23658417570594029,0.6707608630942343,7.43309663485531
4,2516.0,0.23661153172443794,0.6707006104860757,7.433619316579678
4,2517.0,0.2366387315425593,0.6706399101463564,7.434139013838961
4,2518.0,0.23666577516030435,0.6705787620750766,7.434655726633162
4,2519.0,0.23669266257767313,0.6705171662722363,7.43516945496228
4,2520.0,0.23671939852431376,0.6704551042888356,7.43568028919402
4,2521.0,0.23674596347242188,0.6703926455360757,7.436187856217566
4,2522.0,0.2367723541973431,0.6703298017801186,7.436692094420589
4,2523.0,0.23679857069907745,0.6702665730209643,7.437193003803094
4,2524.0,0.2368246129776249,0.6702029592586128,7.437690584365075
4,2525.0,0.23685048103298545,0.6701389604930643,7.438184836106536
4,2526.0,0.23687617486515913,0.6700745767243186,7.438675759027477
4,2527.0,0.2369016944741459,0.6700098079523756,7.439163353127895
4,2528.0,0.23692703985994581,0.6699446541772357,7.439647618407794
4,2529.0,0.23695221478519143,0.6698790979969804,7.4401286267584545
4,2530.0,0.23697719965446143,0.6698132189321928,7.440606003777129
4,2531.0,0.23700199402360464,0.6697470188284183,7.441079740977571
4,2532.0,0.23702659789262107,0.6696804976856566,7.441549838359789
4,2533.0,0.2370510112615107,0.6696136555039078,7.442016295923779
4,2534.0,0.2370752341302736,0.6695464922831721,7.442479113669542
4,2535.0,0.23709926649890972,0.6694790080234493,7.442938291597078
4,2536.0,0.23712310836741904,0.6694112027247394,7.443393829706386
4,2537.0,0.23714676104645624,0.6693430700998202,7.443845753039678
4,2538.0,0.2371702229884838,0.6692746149447829,7.444294032028708
4,2539.0,0.237193479988519,0.669205903422022,7.444738395263913
4,2540.0,0.23721653204656176,0.6691369355315376,7.4451788427453
4,2541.0,0.23723937916261212,0.6690677112733295,7.4456153744728635
4,2542.0,0.23726202133667007,0.6689982306473979,7.446047990446606
4,2543.0,0.23728445856873562,0.6689284936537426,7.446476690666525
4,2544.0,0.23730669085880876,0.6688585002923638,7.446901475132623
4,2545.0,0.23732871820688947,0.6687882505632614,7.447322343844896
4,2546.0,0.23735054279889753,0.6687177320984236,7.44773933856894
4,2547.0,0.23737215886493,0.6686469735429684,7.448152349061272
4,2548.0,0.23739355745339963,0.6685760234767059,7.448561204287091
4,2549.0,0.23741473856430648,0.6685048818996359,7.448965904246398
4,2550.0,0.2374357021976505,0.6684335488117585,7.449366448939195
4,2551.0,0.23745644835343171,0.6683620242130737,7.449762838365481
4,2552.0,0.2374769770316501,0.6682903081035815,7.450155072525254
4,2553.0,0.23749728823230568,0.6682184004832818,7.4505431514185165
4,2554.0,0.23751738195539845,0.6681463013521748,7.450927075045268
4,2555.0,0.23753726055034408,0.6680739944731455,7.451306888294959
4,2556.0,0.23755691614334543,0.6680015278586517,7.451682440725745
4,2557.0,0.23757634368232655,0.6679289342668131,7.452053635809407
4,2558.0,0.23759554316728745,0.6678562136976296,7.452420473545943
4,2559.0,0.2376145145982281,0.6677833661511012,7.452782953935355
4,2560.0,0.23763325797514856,0.667710391627228,7.453141076977644
4,2561.0,0.2376517732980488,0.6676372901260099,7.453494842672806
4,2562.0,0.23767006056692877,0.6675640616474471,7.453844251020845
4,2563.0,0.23768811978178855,0.6674907061915393,7.45418930202176
4,2564.0,0.23770595292743923,0.6674172059207238,7.45453003359863
4,2565.0,0.23772355179789176,0.6673436233532065,7.454866288962539
4,2566.0,0.2377409140312266,0.6672699775261602,7.455198022985132
4,2567.0,0.23775803962744377,0.6671962684395851,7.455525235666405
4,2568.0,0.23777492858654325,0.6671224960934811,7.455847927006364
4,2569.0,0.2377915809085251,0.667048660487848,7.456166097005004
4,2570.0,0.23780799659338922,0.6669747616226863,7.456479745662327
4,2571.0,0.2378241756411357,0.6669007994979955,7.456788872978333
4,2572.0,0.23784011805176453,0.666826774113776,7.457093478953021
4,2573.0,0.23785582511102785,0.6667526682589424,7.457393588152798
4,2574.0,0.23787128967253054,0.6666785539279568,7.457689064034039
4,2575.0,0.23788651102293754,0.6666044387686049,7.457979892967301
4,2576.0,0.2379014891622488,0.6665303227808865,7.458266074952582
4,2577.0,0.23791622409046434,0.6664562059648018,7.458547609989884
4,2578.0,0.23793071580758415,0.6663820883203507,7.458824498079202
4,2579.0,0.2379449643136083,0.6663079698475333,7.459096739220545
4,2580.0,0.23795896960853666,0.6662338505463494,7.459364333413905
4,2581.0,0.2379727317711154,0.6661597291308325,7.4596272821638605
4,2582.0,0.23798625101501544,0.6660855949669815,7.459885589552942
4,2583.0,0.23799952248055922,0.6660115206733254,7.460139162729021
4,2584.0,0.23801254616774675,0.665937506249864,7.4603880016920945
4,2585.0,0.23802532207657798,0.6658635516965975,7.460632106442166
4,2586.0,0.2380378502070529,0.6657896570135259,7.4608714769792295
4,2587.0,0.23805013055917157,0.6657158222006491,7.46110611330329
4,2588.0,0.23806216313293393,0.6656420472579672,7.461336015414349
4,2589.0,0.23807394792834005,0.6655683321854801,7.4615611833124
4,2590.0,0.23808548515597253,0.6654946692410609,7.461781621020974
4,2591.0,0.23809677385723904,0.6654210717524774,7.461997310224591
4,2592.0,0.23810781219959876,0.6653475926825889,7.462208215909541
4,2593.0,0.2381186001830517,0.6652742320313955,7.462414338075825
4,2594.0,0.2381291378075978,0.6652009897988972,7.46261567672344
4,2595.0,0.23813942507323718,0.6651278659850939,7.4628122318523955
4,2596.0,0.23814946197996972,0.6650548605899858,7.463004003462679
4,2597.0,0.2381592485277955,0.6649819736135727,7.463190991554299
4,2598.0,0.23816878471671446,0.6649092050558546,7.463373196127253
4,2599.0,0.2381780704302968,0.6648365431226801,7.463550614956954
4,2600.0,0.2381871051618659,0.6647640194720107,7.463723238362519
4,2601.0,0.23819588890384252,0.6646916702524577,7.463891066199129
4,2602.0,0.23820442165622668,0.6646194954640211,7.4640540984667885
4,2603.0,0.23821270341901837,0.664547495106701,7.464212335165493
4,2604.0,0.2382207341922176,0.6644756691804973,7.464365776295244
4,2605.0,0.23822851397582437,0.6644040176854099,7.464514421856043
4,2606.0,0.23823604276983865,0.6643325406214391,7.464658271847887
4,2607.0,0.23824332057426048,0.6642612379885847,7.464797326270778
4,2608.0,0.23825034668748002,0.6641900961844348,7.464931571719308
4,2609.0,0.23825712225297,0.6641191596897302,7.465061030041401
4,2610.0,0.23826364809532133,0.6640484507503646,7.465185716992226
4,2611.0,0.23826992421453402,0.6639779693663379,7.465305632571779
4,2612.0,0.2382759506106081,0.6639077155376504,7.465420776780063
4,2613.0,0.23828172728354352,0.6638376892643018,7.465531149617076
4,2614.0,0.23828725423334032,0.6637678905462923,7.465636751082823
4,2615.0,0.23829253145999849,0.6636983193836218,7.465737581177296
4,2616.0,0.238297558963518,0.6636289757762903,7.4658336399005005
4,2617.0,0.23830233539340878,0.6635598463200787,7.465924901449103
4,2618.0,0.2383068643172116,0.6634909831143195,7.466011433986831
4,2619.0,0.23831114661398645,0.6634223973836512,7.466093254309579
4,2620.0,0.23831518228373336,0.6633540891280735,7.466170362417341
4,2621.0,0.2383189713264523,0.6632860583475866,7.466242758310122
4,2622.0,0.23832251374214328,0.6632183050421904,7.466310441987917
4,2623.0,0.23832580953080632,0.6631508292118851,7.466373413450732
4,2624.0,0.2383288586924414,0.6630836308566704,7.466431672698561
4,2625.0,0.23833166122704852,0.6630167099765465,7.466485219731408
4,2626.0,0.23833421525478296,0.6629500550688006,7.466534018631746
4,2627.0,0.23833652712963127,0.6628837211086506,7.46657819080294
4,2628.0,0.23833859722223974,0.6628177110598915,7.466617743326795
4,2629.0,0.2383404255326084,0.6627520249225235,7.466652676203313
4,2630.0,0.23834201206073724,0.6626866626965464,7.466682989432491
4,2631.0,0.23834335680662624,0.6626216243819603,7.466708683014331
4,2632.0,0.23834445977027544,0.6625569099787652,7.466729756948833
4,2633.0,0.23834532095168479,0.662492519486961,7.466746211235997
4,2634.0,0.23834593985919733,0.6624284501684161,7.4667580364819095
4,2635.0,0.23834631584564694,0.6623647019825709,7.466765220321394
4,2636.0,0.23834645655021608,0.662301320420225,7.466767908713597
4,2637.0,0.23834636197290474,0.6622383054813785,7.466766101658518
4,2638.0,0.2383460321137129,0.6621756571660313,7.466759799156155
4,2639.0,0.23834546697264059,0.6621133754741835,7.466749001206511
4,2640.0,0.2383446665496878,0.662051460405835,7.4667337078095875
4,2641.0,0.23834363084485452,0.6619899119609857,7.466713918965379
4,2642.0,0.23834235985814076,0.6619287301396358,7.466689634673888
4,2643.0,0.23834085207984937,0.6618679087902282,7.46666082608987
4,2644.0,0.23833911010975817,0.6618074623078705,7.466627542886353
4,2645.0,0.23833714090993408,0.6617474212349007,7.466589918085077
4,2646.0,0.23833494448037712,0.6616877855713191,7.4665479516860405
4,2647.0,0.23833252082108727,0.6616285553171255,7.466501643689249
4,2648.0,0.23832986993206456,0.66156973047232,7.466450994094694
4,2649.0,0.238326991813309,0.6615113110369025,7.466396002902383
4,2650.0,0.23832388646482056,0.6614532970108732,7.466336670112311
4,2651.0,0.23832055388659923,0.6613956883942318,7.4662729957244816
4,2652.0,0.23831699149072372,0.6613384773260643,7.466204930292398
4,2653.0,0.23831320564245545,0.6612816873911682,7.466132595434852
4,2654.0,0.23830920213667375,0.6612253378036991,7.466056101872544
4,2655.0,0.23830498097337868,0.661169428563657,7.4659754496054695
4,2656.0,0.2383005421525702,0.6611139596710419,7.465890638633634
4,2657.0,0.2382958856742483,0.6610589311258539,7.4658016689570355
4,2658.0,0.23829101153841303,0.6610043429280928,7.465708540575674
4,2659.0,0.23828591974506436,0.6609501950777589,7.465611253489549
4,2660.0,0.23828061029420228,0.660896487574852,7.465509807698662
4,2661.0,0.2382750799475124,0.6608432129446915,7.465404141329688
4,2662.0,0.23826933721809265,0.6607903949941257,7.465294417039367
4,2663.0,0.23826338789899845,0.6607380484375548,7.465180745513546
4,2664.0,0.23825723199022972,0.6606861732749786,7.465063126752226
4,2665.0,0.2382508694917865,0.6606347695063971,7.4649415607554115
4,2666.0,0.2382443004036688,0.6605838371318103,7.464816047523098
4,2667.0,0.23823752472587661,0.6605333761512184,7.4646865870552865
4,2668.0,0.23823054245840994,0.6604833865646212,7.464553179351976
4,2669.0,0.23822335360126876,0.6604338683720188,7.464415824413168
4,2670.0,0.23821595468662116,0.6603848154228629,7.464274455980227
4,2671.0,0.23820835397808832,0.6603362458069293,7.464129231943233
4,2672.0,0.23820055923495492,0.6602881745979068,7.463980300556074
4,2673.0,0.23819257045722095,0.6602406017957954,7.463827661818753
4,2674.0,0.2381843876448864,0.660193527400595,7.463671315731273
4,2675.0,0.23817601079795128,0.6601469514123057,7.463511262293628
4,2676.0,0.2381674399164156,0.6601008738309276,7.463347501505821
4,2677.0,0.23815867500027932,0.6600552946564606,7.463180033367853
4,2678.0,0.23814971604954246,0.6600102138889046,7.46300885787972
4,2679.0,0.23814056116484017,0.6599656289405886,7.462833938750937
4,2680.0,0.23813121166440943,0.6599215437547623,7.462655301168588
4,2681.0,0.2381216821466113,0.6598779797214634,7.46247322405837
4,2682.0,0.23811197261144584,0.6598349368406919,7.462287707420284
4,2683.0,0.23810208305891306,0.6597924151124478,7.462098751254332
4,2684.0,0.2380920134890129,0.6597504145367311,7.461906355560511
4,2685.0,0.23808176390174537,0.6597089351135418,7.461710520338818
4,2686.0,0.23807133429711053,0.6596679768428798,7.461511245589261
4,2687.0,0.23806072467510833,0.6596275397247452,7.461308531311836
4,2688.0,0.23804993503573876,0.6595876237591379,7.46110237750654
4,2689.0,0.23803895975315242,0.6595482242115653,7.460892676682271
4,2690.0,0.2380278150563312,0.6595093591319776,7.460679738920421
4,2691.0,0.23801650577720854,0.6594710333785411,7.460463656543019
4,2692.0,0.2380050319157844,0.6594332469512558,7.46024442955007
4,2693.0,0.23799339347205883,0.6593959998501217,7.460022057941571
4,2694.0,0.23798159044603182,0.6593592920751387,7.459796541717523
4,2695.0,0.23796962283770334,0.6593231236263069,7.459567880877929
4,2696.0,0.23795749064707342,0.6592874945036262,7.459336075422783
4,2697.0,0.23794519387414206,0.6592524047070968,7.459101125352089
4,2698.0,0.23793273251890923,0.6592178542367185,7.458863030665845
4,2699.0,0.23792010006206069,0.6591838404860243,7.458621666801832
4,2700.0,0.2379073191504912,0.659150378938119,7.458377466466219
4,2701.0,0.23789439040449264,0.6591174699751657,7.458130441510705
4,2702.0,0.23788131382406502,0.6590851135971643,7.45788059193529
4,2703.0,0.23786808940920834,0.6590533098041146,7.457627917739969
4,2704.0,0.2378547171599226,0.6590220585960168,7.457372418924746
4,2705.0,0.23784119707620777,0.658991359972871,7.4571140954896205
4,2706.0,0.23782752915806388,0.658961213934677,7.456852947434593
4,2707.0,0.2378137134054909,0.6589316204814347,7.4565889747596605
4,2708.0,0.23779974981848886,0.6589025796131445,7.456322177464828
4,2709.0,0.23778563131844146,0.6588740907553119,7.456052420301487
4,2710.0,0.23777138283229576,0.658846162497481,7.455780179539953
4,2711.0,0.23775700438750622,0.6588187948475082,7.455505455704796
4,2712.0,0.2377424959840728,0.6587919878053936,7.455228248796011
4,2713.0,0.23772785762199553,0.6587657413711373,7.454948558813598
4,2714.0,0.23771308930127438,0.6587400555447391,7.454666385757559
4,2715.0,0.23769819102190942,0.6587149303261992,7.454381729627896
4,2716.0,0.23768316278390056,0.6586903657155175,7.454094590424601
4,2717.0,0.23766800458724788,0.658666361712694,7.453804968147681
4,2718.0,0.23765271643195132,0.6586429183177287,7.453512862797136
4,2719.0,0.2376372908353841,0.6586200366182315,7.453218131405072
4,2720.0,0.2376217511637291,0.6585977181166235,7.452921220420843
4,2721.0,0.23760610024900547,0.65857596281412,7.452622183954829
4,2722.0,0.23759033809121322,0.6585547707107212,7.452321022007037
4,2723.0,0.2375744646903523,0.658534141806427,7.452017734577463
4,2724.0,0.23755848004642274,0.6585140761012375,7.451712321666103
4,2725.0,0.23754238415942452,0.6584945735951525,7.451404783272964
4,2726.0,0.2375261770293577,0.6584756342881722,7.451095119398044
4,2727.0,0.2375098586562222,0.6584572581802965,7.450783330041342
4,2728.0,0.23749342904001808,0.6584394452715254,7.450469415202857
4,2729.0,0.23747688144022935,0.6584221979707007,7.4501532460939455
4,2730.0,0.2374602332688886,0.6584055132694122,7.449835155400129
4,2731.0,0.23744349305457754,0.6583893889405635,7.449515306073989
4,2732.0,0.23742666079729616,0.6583738249841548,7.449193698115521
4,2733.0,0.23740973649704444,0.6583588214001859,7.448870331524728
4,2734.0,0.2373927201538224,0.6583443781886567,7.448545206301606
4,2735.0,0.23737561176763006,0.6583304953495673,7.44821832244616
4,2736.0,0.23735841133846736,0.6583171728829178,7.447889679958388
4,2737.0,0.23734111886633436,0.6583044107887082,7.447559278838288
4,2738.0,0.23732373435123105,0.6582922090669382,7.447227119085864
4,2739.0,0.23730625317679813,0.658280570385693,7.446893112497978
4,2740.0,0.23728868357031355,0.6582694920996268,7.446557416270305
4,2741.0,0.23727104132843937,0.6582589661380862,7.446220332224053
4,2742.0,0.23725332645117558,0.6582489925010714,7.445881860359224
4,2743.0,0.23723553893852223,0.6582395711885821,7.445542000675817
4,2744.0,0.23721767879047928,0.6582307022006185,7.4452007531738325
4,2745.0,0.23719974600704674,0.6582223855371805,7.444858117853271
4,2746.0,0.23718174058822458,0.6582146211982682,7.4445140947141315
4,2747.0,0.23716366253401286,0.6582074091838815,7.444168683756414
4,2748.0,0.23714551184441154,0.6582007494940204,7.443821884980118
4,2749.0,0.23712728737580197,0.6581946430470181,7.443473676534531
4,2750.0,0.23710898541859649,0.658189094207398,7.443123987541877
4,2751.0,0.23709063023874433,0.6581840846942922,7.442773281643025
4,2752.0,0.2370722218362454,0.6581796145077008,7.442421558837974
4,2753.0,0.23705376021109978,0.6581756836476236,7.4420688191267255
4,2754.0,0.23703524536330745,0.6581722921140608,7.441715062509282
4,2755.0,0.23701667729286838,0.6581694399070124,7.441360288985638
4,2756.0,0.23699805599978258,0.6581671270264782,7.441004498555796
4,2757.0,0.23697938148405007,0.6581653534724583,7.4406476912197546
4,2758.0,0.23696065374567082,0.6581641192449528,7.440289866977516
4,2759.0,0.23694187278464487,0.6581634243439617,7.4399310258290825
4,2760.0,0.23692303129279285,0.6581632771887254,7.439571028139661
4,2761.0,0.23690415223105732,0.6581636554092329,7.4392103126158275
4,2762.0,0.23688523917956417,0.658164555314186,7.438848947661775
4,2763.0,0.23686629213831334,0.6581659769035848,7.438486933277498
4,2764.0,0.23684731110730484,0.658167920177429,7.4381242694630005
4,2765.0,0.23682829608653871,0.6581703851357187,7.437760956218285
4,2766.0,0.2368092470760149,0.6581733717784539,7.437396993543344
4,2767.0,0.23679016407573344,0.6581768801056347,7.437032381438185
4,2768.0,0.23677104708569433,0.658180910117261,7.436667119902803
4,2769.0,0.23675189610589756,0.6581854618133328,7.436301208937203
4,2770.0,0.23673270498145826,0.6581905434884844,7.4359345309421805
4,2771.0,0.236713489356465,0.6581961367593485,7.435567384823781
4,2772.0,0.23669425862042903,0.6582022297638199,7.435199949984057
4,2773.0,0.23667501277335035,0.6582088225018986,7.43483222642301
4,2774.0,0.23665575181522894,0.6582159149735846,7.4344642141406405
4,2775.0,0.23663647574606483,0.6582235071788778,7.434095913136946
4,2776.0,0.23661718456585798,0.6582315991177783,7.433727323411929
4,2777.0,0.23659787827460843,0.6582401907902861,7.433358444965591
4,2778.0,0.23657855687231616,0.6582492821964011,7.432989277797926
4,2779.0,0.2365592203589812,0.6582588733361233,7.432619821908941
4,2780.0,0.23653986495405577,0.6582689701300304,7.432250005065048
4,2781.0,0.23652049673874626,0.6582795648893696,7.431879943457697
4,2782.0,0.2365011317742838,0.6582906334826472,7.431509943963129
4,2783.0,0.2364817700606684,0.6583021759098631,7.431140006581338
4,2784.0,0.23646241159790005,0.6583141921710174,7.430770131312329
4,2785.0,0.23644305638597873,0.65832668226611,7.430400318156097
4,2786.0,0.23642370442490449,0.658339646195141,7.430030567112646
4,2787.0,0.23640435571467727,0.6583530839581103,7.4296608781819735
4,2788.0,0.2363850102552971,0.658366995555018,7.429291251364078
4,2789.0,0.23636566804676398,0.658381380985864,7.428921686658965
4,2790.0,0.236346328741941,0.6583962408765612,7.4285521774340095
4,2791.0,0.23632698705966826,0.6584115859959221,7.4281826227839645
4,2792.0,0.23630766632307654,0.6584273754808793,7.427813468335605
4,2793.0,0.2362883665321658,0.6584436093314328,7.42744471408893
4,2794.0,0.2362690876869361,0.6584602875475827,7.427076360043937
4,2795.0,0.2362498297873874,0.658477410129329,7.426708406200628
4,2796.0,0.23623059283351971,0.6584949770766716,7.426340852559005
4,2797.0,0.23621137682533302,0.6585129883896106,7.425973699119065
4,2798.0,0.23619218176282736,0.658531444068146,7.4256069458808085
4,2799.0,0.2361730076460027,0.6585503441122778,7.425240592844235
4,2800.0,0.23615385447485904,0.6585696885220058,7.424874640009348
4,2801.0,0.23613471613662837,0.6585894907067016,7.424508970581656
4,2802.0,0.2361156117044185,0.6586097127113981,7.424143948984255
4,2803.0,0.23609654510840827,0.6586303464408124,7.423779650309676
4,2804.0,0.23607751634859764,0.6586513918949447,7.4234160745579185
4,2805.0,0.23605852542498665,0.6586728490737948,7.42305322172898
4,2806.0,0.23603957233757528,0.6586947179773627,7.4226910918228635
4,2807.0,0.23602065708636352,0.6587169986056485,7.422329684839567
4,2808.0,0.2360017796713514,0.6587396909586521,7.421969000779094
4,2809.0,0.2359829400925389,0.6587627950363737,7.4216090396414405
4,2810.0,0.23596413834992602,0.6587863108388131,7.421249801426608
4,2811.0,0.23594536964885113,0.6588102500746353,7.4208911945247
4,2812.0,0.23592664595406382,0.6588345862063962,7.420533447541937
4,2813.0,0.2359079760577645,0.6588592986575436,7.420176728467765
4,2814.0,0.2358893599599532,0.6588843874280771,7.419821037302187
4,2815.0,0.2358707976606299,0.658909852517997,7.419466374045202
4,2816.0,0.23585228915979461,0.6589356939273033,7.419112738696807
4,2817.0,0.23583383445744732,0.6589619116559959,7.418760131257008
4,2818.0,0.23581543355358803,0.658988505704075,7.418408551725801
4,2819.0,0.23579708644821676,0.6590154760715403,7.418058000103188
4,2820.0,0.2357787931413335,0.659042822758392,7.417708476389163
4,2821.0,0.23576055105224505,0.6590705528237232,7.4173599312753495
4,2822.0,0.23574236374031618,0.6590986584306013,7.417012432769254
4,2823.0,0.2357242451505835,0.6591271026032952,7.416666247313743
4,2824.0,0.23570619528304698,0.6591558853418048,7.416321374908812
4,2825.0,0.23568821413770663,0.65918500664613,7.415977815554465
4,2826.0,0.2356703017145625,0.659214466516271,7.415635569250697
4,2827.0,0.23565245801361454,0.6592442649522278,7.415294635997513
4,2828.0,0.23563468303486274,0.6592744019540002,7.41495501579491
4,2829.0,0.23561697677830712,0.6593048775215885,7.414616708642888
4,2830.0,0.23559933924394771,0.6593356916549924,7.41427971454145
4,2831.0,0.23558177043178447,0.659366844354212,7.413944033490591
4,2832.0,0.2355642656150348,0.6593983515078017,7.413609575177358
4,2833.0,0.2355468430318043,0.6594301583988962,7.413276688070756
4,2834.0,0.23552950295920305,0.6594622641747383,7.412945377465425
4,2835.0,0.23551224539723106,0.6594946688353281,7.412615643361369
4,2836.0,0.23549507034588837,0.6595273723806656,7.412287485758584
4,2837.0,0.235477977805175,0.6595603748107508,7.411960904657073
4,2838.0,0.23546096777509085,0.6595936761255836,7.411635900056837
4,2839.0,0.23544404025563598,0.659627276325164,7.41131247195787
4,2840.0,0.2354271952468104,0.6596611754094921,7.410990620360178
4,2841.0,0.2354104327486141,0.6596953733785679,7.41067034526376
4,2842.0,0.23539374849393896,0.659729885995815,7.4103515651384955
4,2843.0,0.23537715582360788,0.6597646684785567,7.41003453488275
4,2844.0,0.23536065823400631,0.6597997086593558,7.409719321300714
4,2845.0,0.2353442557251343,0.659835006538212,7.409405924392391
4,2846.0,0.23532794829699175,0.6598705621151256,7.409094344157779
4,2847.0,0.23531173594957872,0.6599063753900963,7.408784580596879
4,2848.0,0.23529561868289522,0.6599424463631244,7.408476633709691
4,2849.0,0.23527959649694125,0.6599787750342095,7.408170503496213
4,2850.0,0.23526366939171675,0.660015361403352,7.407866189956448
4,2851.0,0.2352478373672218,0.6600522054705518,7.4075636930903945
4,2852.0,0.23523209736881676,0.6600893199031658,7.4072629545341355
4,2853.0,0.2352164569598045,0.6601266766163069,7.40696411879702
4,2854.0,0.23520092291376218,0.6601642487550039,7.406667315299373
4,2855.0,0.23518549523068988,0.660202036319257,7.406372544041196
4,2856.0,0.2351701739105875,0.6602400393090659,7.406079805022492
4,2857.0,0.23515495895345512,0.6602782577244308,7.405789098243255
4,2858.0,0.23513985035929266,0.6603166915653516,7.405500423703491
4,2859.0,0.2351248481281002,0.6603553408318283,7.405213781403198
4,2860.0,0.2351099522598777,0.6603942055238611,7.404929171342372
4,2861.0,0.23509516275462516,0.6604332856414497,7.404646593521022
4,2862.0,0.23508047824589093,0.6604725876581191,7.404366021830833
4,2863.0,0.23506590024546106,0.6605121068769673,7.404087485156969
4,2864.0,0.2350514385462088,0.6605517985777956,7.4038111706083765
4,2865.0,0.23503709314813415,0.6605916627606041,7.403537078185058
4,2866.0,0.2350228640512371,0.6606316994253929,7.403265207887009
4,2867.0,0.23500875125551765,0.6606719085721618,7.402995559714233
4,2868.0,0.23499475476097578,0.6607122902009109,7.402728133666731
4,2869.0,0.23498087456761155,0.6607528443116403,7.402462929744501
4,2870.0,0.2349671106754249,0.6607935709043499,7.402199947947541
4,2871.0,0.23495346308441586,0.6608344699790396,7.401939188275856
4,2872.0,0.23493993179458442,0.6608755415357096,7.401680650729442
4,2873.0,0.2349265141286275,0.660916802220301,7.4014242841540225
4,2874.0,0.23491322081175187,0.6609581949576065,7.401170293472312
4,2875.0,0.23490005234717667,0.660999716969062,7.4009186882991385
4,2876.0,0.23488700873490193,0.6610413682546674,7.400669468634501
4,2877.0,0.2348740899749276,0.6610831488144229,7.400422634478404
4,2878.0,0.23486129606725373,0.6611250586483283,7.400178185830845
4,2879.0,0.2348486270118803,0.6611670977563837,7.399936122691822
4,2880.0,0.2348360828088073,0.6612092661385891,7.399696445061338
4,2881.0,0.23482366345803474,0.6612515637949444,7.399459152939389
4,2882.0,0.23481136895956264,0.6612939907254498,7.39922424632598
4,2883.0,0.23479919716570205,0.6613365625021248,7.3989916841859795
4,2884.0,0.23478715510629428,0.6613792353673879,7.3987616008360675
4,2885.0,0.2347752450330172,0.6614219944309364,7.398534039298255
4,2886.0,0.2347634669458708,0.6614648396927705,7.398308999572535
4,2887.0,0.2347518208448551,0.6615077711528901,7.398086481658915
4,2888.0,0.2347403067299701,0.6615507888112951,7.397866485557392
4,2889.0,0.23472892460121575,0.6615938926679857,7.3976490112679665
4,2890.0,0.2347176744585921,0.6616370827229618,7.397434058790638
4,2891.0,0.23470655630209916,0.6616803589762235,7.397221628125407
4,2892.0,0.23469557013173686,0.6617237214277706,7.397011719272273
4,2893.0,0.23468471465775914,0.6617671816302197,7.396804307588515
4,2894.0,0.23467399329261282,0.6618107149839656,7.396599458274542
4,2895.0,0.23466340961245938,0.6618542919751802,7.3963972396588025
4,2896.0,0.2346529636172988,0.6618979126038637,7.396197651741292
4,2897.0,0.23464265530713105,0.6619415768700159,7.396000694522017
4,2898.0,0.23463248468195616,0.6619852847736368,7.395806368000971
4,2899.0,0.23462245174177412,0.6620290363147265,7.395614672178158
4,2900.0,0.23461255648658494,0.6620728314932851,7.395425607053574
4,2901.0,0.2346027989163886,0.6621166703093124,7.395239172627223
4,2902.0,0.23459317903118515,0.6621605527628085,7.395055368899103
4,2903.0,0.23458369643180374,0.6622044836457979,7.3948741882424
4,2904.0,0.2345743515939493,0.6622484626523087,7.394695639746241
4,2905.0,0.23456514869949777,0.6622924436180603,7.394519803312241
4,2906.0,0.23455608774844916,0.6623364265430521,7.394346678940398
4,2907.0,0.23454716874080345,0.6623804114272845,7.394176266630714
4,2908.0,0.23453839167656065,0.6624243982707573,7.3940085663831905
4,2909.0,0.23452975655572078,0.6624683870734707,7.393843578197827
4,2910.0,0.2345212633782838,0.6625123778354244,7.393681302074622
4,2911.0,0.23451291214424974,0.6625563705566186,7.393521738013575
4,2912.0,0.2345047028536186,0.6626003652370533,7.393364886014691
4,2913.0,0.23449663550639038,0.6626443618767285,7.393210746077964
4,2914.0,0.23448870960079982,0.6626883755372054,7.393059308616347
4,2915.0,0.2344809282311198,0.6627323550744195,7.3929106327510095
4,2916.0,0.23447329162914166,0.6627762961249595,7.39276472291071
4,2917.0,0.23446579979486534,0.6628201986888256,7.392621579095444
4,2918.0,0.23445845272829088,0.6628640627660175,7.392481201305213
4,2919.0,0.23445125042941828,0.6629078883565355,7.392343589540019
4,2920.0,0.23444419289824756,0.6629516754603794,7.392208743799862
4,2921.0,0.23443728013477866,0.6629954240775492,7.392076664084738
4,2922.0,0.23443051213901162,0.663039134208045,7.391947350394651
4,2923.0,0.23442388891094643,0.6630828058518667,7.391820802729598
4,2924.0,0.23441741035957508,0.6631264522575742,7.391697019350724
4,2925.0,0.23441107766178015,0.6631700367318493,7.391576022744307
4,2926.0,0.23440489113964982,0.6632135438356109,7.391457819064366
4,2927.0,0.23439885079318407,0.663256973568859,7.391342408310906
4,2928.0,0.2343929566223829,0.6633003259315937,7.391229790483925
4,2929.0,0.23438720862724632,0.6633436009238147,7.391119965583421
4,2930.0,0.23438160680777434,0.6633867985455223,7.391012933609399
4,2931.0,0.2343761511639669,0.6634299187967163,7.390908694561853
4,2932.0,0.2343708416958241,0.6634729616773968,7.3908072484407885
4,2933.0,0.23436567840334582,0.6635159271875638,7.390708595246202
4,2934.0,0.234360661509657,0.6635588243095064,7.390612739241263
4,2935.0,0.23435579120286568,0.6636016348949222,7.3905196840200835
4,2936.0,0.23435106709215722,0.663644331095835,7.390429422115506
4,2937.0,0.23434648917753167,0.6636869129122449,7.390341953527537
4,2938.0,0.23434205745898906,0.663729380344152,7.390257278256172
4,2939.0,0.23433777193652933,0.663771733391556,7.3901753963014105
4,2940.0,0.23433363261015253,0.6638139720544572,7.3900963076632555
4,2941.0,0.2343296394798586,0.6638560963328556,7.390020012341703
4,2942.0,0.23432579254564762,0.6638981062267509,7.389946510336755
4,2943.0,0.2343220918075195,0.6639400017361434,7.389875801648413
4,2944.0,0.2343185374332109,0.6639817855949648,7.389807889481561
4,2945.0,0.23431513007129273,0.6640234611174776,7.389742786228208
4,2946.0,0.23431186757769423,0.6640649873952464,7.389680450922362
4,2947.0,0.23430874995241538,0.6641063644282714,7.389620883564019
4,2948.0,0.23430577719545617,0.6641475922165524,7.3895640841531804
4,2949.0,0.23430294930681664,0.6641886707600896,7.389510052689846
4,2950.0,0.23430026628649678,0.6642296000588828,7.3894587891740136
4,2951.0,0.23429772813449656,0.664270380112932,7.38941029360569
4,2952.0,0.23429533485081602,0.6643110109222374,7.389364565984868
4,2953.0,0.23429308643545513,0.6643514924867989,7.38932160631155
4,2954.0,0.2342909828884139,0.6643918248066165,7.389281414585739
4,2955.0,0.23428902570900886,0.6644320194520362,7.389244019454336
4,2956.0,0.23428721128008279,0.6644720373269956,7.389209351805611
4,2957.0,0.23428553909298636,0.6645118735089897,7.389177401920977
4,2958.0,0.23428400914771963,0.6645515279980184,7.389148169800438
4,2959.0,0.2342826214442826,0.6645910007940817,7.389121655443993
4,2960.0,0.23428137598267526,0.6646302918971798,7.389097858851639
4,2961.0,0.2342802727628976,0.6646694013073126,7.389076780023381
4,2962.0,0.2342793117849496,0.6647083290244801,7.389058418959217
4,2963.0,0.2342784930488313,0.6647470750486821,7.389042775659146
4,2964.0,0.2342778165545427,0.6647856393799189,7.389029850123167
4,2965.0,0.2342772839324879,0.6648240314571239,7.389019673502835
4,2966.0,0.23427689171569874,0.6648622253652507,7.389012179556021
4,2967.0,0.23427663787455208,0.6649002077752569,7.389007329503435
4,2968.0,0.23427652240904792,0.6649379786871424,7.38900512334508
4,2969.0,0.2342765453191863,0.6649755381009074,7.389005561080951
4,2970.0,0.2342767066049672,0.6650128860165516,7.389008642711053
4,2971.0,0.23427700626639059,0.6650500224340753,7.389014368235384
4,2972.0,0.23427744430345648,0.6650869473534784,7.389022737653944
4,2973.0,0.2342780207161649,0.6651236607747608,7.3890337509667345
4,2974.0,0.23427873550451586,0.6651601626979226,7.389047408173753
4,2975.0,0.23427959000626367,0.6651964589739384,7.389063734834998
4,2976.0,0.23428058248644773,0.6652325387877371,7.389082697801193
4,2977.0,0.23428170826193792,0.6652683799677902,7.389104207593435
4,2978.0,0.23428296733273424,0.6653039825140977,7.389128264211724
4,2979.0,0.2342843596988367,0.6653393464266597,7.389154867656062
4,2980.0,0.2342858853602453,0.6653744717054761,7.389184017926446
4,2981.0,0.23428754431696003,0.665409358350547,7.389215715022877
4,2982.0,0.23428933656898088,0.6654440063618724,7.389249958945356
4,2983.0,0.23429126211630788,0.6654784157394522,7.389286749693881
4,2984.0,0.23429332095894098,0.6655125864832866,7.389326087268456
4,2985.0,0.23429551309688024,0.6655465185933753,7.389367971669076
4,2986.0,0.23429784159833741,0.6655802208098679,7.389412461518977
4,2987.0,0.23430029758888643,0.665613661611596,7.38945938725765
4,2988.0,0.23430288058851195,0.6656468393902606,7.389508739713617
4,2989.0,0.23430559059721404,0.6656797541458617,7.389560518886877
4,2990.0,0.23430842761499265,0.6657124058783993,7.389614724777426
4,2991.0,0.23431139164184778,0.6657447945878734,7.38967135738527
4,2992.0,0.23431448267777946,0.665776920274284,7.389730416710406
4,2993.0,0.23431770072278765,0.6658087829376311,7.3897919027528305
4,2994.0,0.23432104577687238,0.6658403825779149,7.389855815512549
4,2995.0,0.23432451784003366,0.665871719195135,7.389922154989562
4,2996.0,0.23432811920649693,0.6659027982252147,7.389990965018816
4,2997.0,0.23433184621140515,0.6659336084305371,7.390062175577192
4,2998.0,0.2343356927245405,0.6659641341303011,7.390135669536797
4,2999.0,0.23433965874590298,0.6659943753245064,7.390211446897628
4,3000.0,0.2343437442754926,0.6660243320131534,7.390289507659688
